식당(ID),업소명,도로명주소,지번주소,Latitude,Longitude,식당대표전화번호,영업신고증업태명,영업인허가명,음식점소개내용,식당상태,eligible_status,coordinate_valid,행정동,coordinate_status,coordinate_source,source_date
1681,진미반점,전북특별자치도 전주시 완산구 전라감영3길 12-3,전북특별자치도 전주시 완산구 중앙동2가 44-1,35.8165106,127.1433625,063-284-4218,한식,일반음식점,"전라북도 전주시에 가신다면 ""진미반점""에 방문해보세요~ 지방자치단체 인증을 받은 농림축산식품부 제공 안심식당입니다. 50년 이상의 전통을 자랑합니다. 레드테이블에서 온라인 예약이 가능합니다! 주차공간, 다국어 메뉴판이 있는 매장입니다.",운영중,True,True,중앙동,official_coordinates,https://www.data.go.kr/data/15076735/fileData.do; 2022-04-01,2022-04-01
2691,한국식당,전북특별자치도 전주시 완산구 전라감영로 48-1,전북특별자치도 전주시 완산구 중앙동4가 34,35.8154343,127.1444954,063-284-6932,한식,일반음식점,"전라북도 전주시에 가신다면 ""한국식당""에 방문해보세요~ 지방자치단체 인증을 받은 농림축산식품부 제공 안심식당입니다. 레드테이블에서 온라인 예약이 가능합니다! 다국어 메뉴판이 있는 매장입니다.",운영중,True,True,중앙동,official_coordinates,https://www.data.go.kr/data/15076735/fileData.do; 2022-04-01,2022-04-01
3101,PNB풍년제과 본점,전북특별자치도 전주시 완산구 팔달로 180,전북특별자치도 전주시 완산구 경원동1가 40-5,35.8184347,127.1471961,063-285-6666,제과점영업,제과점영업,"2014년 09월 20일 Ystar 식신로드 200회, 2014년 05월 12일 SBS 생활의달인 429회, 2013년 09월 20일 KBS2 VJ특공대 683회 등 여러 방송에서 다룬 바로 그 곳! 전라북도 전주시 인기 맛집 ""피엔비풍년제과(경원동본점)""를 방문해보세요! 레드테이블에서 온라인 예약이 가능합니다! 배달 가능한 매장입니다. 다국어 메뉴판이 있는 매장입니다.",운영중,True,True,풍남동,official_coordinates,https://www.data.go.kr/data/15076735/fileData.do; 2022-04-01,2022-04-01
3103,가람나주곰탕,전북특별자치도 전주시 덕진구 떡전로 5,전북특별자치도 전주시 덕진구 금암동 794-7,35.8357146,127.1282544,063-227-3395,한식,일반음식점,"어디 가야 할지 고민이시라고요? 그럼 전라북도 전주시 맛집, ""가람 나주곰탕""을 추천합니다! 레드테이블에서 온라인 예약이 가능합니다! 배달 가능한 매장입니다. 주차공간, 다국어 메뉴판이 있는 매장입니다.",운영중,True,True,금암1동,official_coordinates,https://www.data.go.kr/data/15076735/fileData.do; 2022-04-01,2022-04-01
4121,태봉집,전북특별자치도 전주시 완산구 전주객사5길 43-14,전북특별자치도 전주시 완산구 고사동 195-1,35.8202607,127.1445302,063-283-2458,복어취급,일반음식점,"2019년 09월 27일 TV조선 식객허영만의백반기행 18회에서 소개되었던 맛집, ""태봉집""입니다! 전라북도 전주시 근처라면 방문해보세요. 레드테이블에서 온라인 예약이 가능합니다! 다국어 메뉴판이 있는 매장입니다.",운영중,True,True,중앙동,official_coordinates,https://www.data.go.kr/data/15076735/fileData.do; 2022-04-01,2022-04-01
4124,대성회관,전북특별자치도 전주시 완산구 현무1길 9-8,전북특별자치도 전주시 완산구 경원동3가 17-12,35.820259,127.1476942,063-284-6492,한식,일반음식점,"전라북도 전주시에서 어디를 갈지 고민이라면! ""대성회관""에 가보시는 건 어떨까요? 레드테이블에서 온라인 예약이 가능합니다! 다국어 메뉴판이 있는 매장입니다.",운영중,True,True,풍남동,official_coordinates,https://www.data.go.kr/data/15076735/fileData.do; 2022-04-01,2022-04-01
4995,피자브릭,전북특별자치도 전주시 완산구 전주객사5길 43-12 ,전북특별자치도 전주시 완산구 고사동 194-1,35.8203652,127.1444933,063-282-3662,한식,일반음식점,"전라북도 전주시에 가신다면 ""피자브릭""에 방문해보세요~ 레드테이블에서 온라인 예약이 가능합니다! 남녀 화장실이 구분되어 있는 매장입니다. 배달 가능한 매장입니다. 주차공간, 놀이방이 마련되어 있으며 다국어 메뉴판, 무선 인터넷을 제공하는 매장입니다.",운영중,True,True,중앙동,official_coordinates,https://www.data.go.kr/data/15076735/fileData.do; 2022-04-01,2022-04-01
4997,한미반점,전북특별자치도 전주시 완산구 전주객사2길 21,전북특별자치도 전주시 완산구 다가동3가 16,35.817773,127.140807,063-288-6721,기타,일반음식점,"2020년 01월 16일 KBS1 6시내고향 6948회에서 소개되었던 맛집, ""한미반점""입니다! 전라북도 전주시 근처라면 방문해보세요. 레드테이블에서 온라인 예약이 가능합니다! 다국어 메뉴판이 있는 매장입니다.",운영중,True,True,중앙동,official_coordinates,https://www.data.go.kr/data/15076735/fileData.do; 2022-04-01,2022-04-01
5500,신한양불고기,전북특별자치도 전주시 완산구 전주객사3길 11,전북특별자치도 전주시 완산구 중앙동1가 1-4,35.8177412,127.1425177,063-284-7331,한식,일반음식점,"전라북도 전주시에 가신다면 ""신한양불고기""에 방문해보세요~ 레드테이블에서 온라인 예약이 가능합니다! 다국어 메뉴판이 있는 매장입니다.",운영중,True,True,중앙동,official_coordinates,https://www.data.go.kr/data/15076735/fileData.do; 2022-04-01,2022-04-01
5506,양기복집,전북특별자치도 전주시 덕진구 벚꽃3길 4-13,전북특별자치도 전주시 덕진구 진북동 1022-21,35.8281679,127.1346561,063-273-0676,복어취급,일반음식점,"""양기복집""은 전라북도 전주시에 있습니다. 레드테이블에서 온라인 예약이 가능합니다! 배달 가능한 매장입니다. 다국어 메뉴판이 있는 매장입니다.",운영중,True,True,진북동,official_coordinates,https://www.data.go.kr/data/15076735/fileData.do; 2022-04-01,2022-04-01
6169,전주밥상,전북특별자치도 전주시 완산구 전주객사3길 49,전북특별자치도 전주시 완산구 고사동 340-4,35.8194062,127.1418862,063-286-6040,한식,일반음식점,"전라북도 전주시에서 맛집을 찾으신다면 ""전주밥상""을 추천합니다. 레드테이블에서 온라인 예약이 가능합니다! 다국어 메뉴판이 있는 매장입니다.",운영중,True,True,중앙동,official_coordinates,https://www.data.go.kr/data/15076735/fileData.do; 2022-04-01,2022-04-01
6170,시장집,전북특별자치도 전주시 완산구 전주객사1길 7,전북특별자치도 전주시 완산구 다가동3가 66-2,35.8169677,127.140343,063-288-3802,한식,일반음식점,"""시장골목집""을 전라북도 전주시의 가 볼 만한 식당으로 추천합니다! 레드테이블에서 온라인 예약이 가능합니다! 다국어 메뉴판이 있는 매장입니다.",운영중,True,True,중앙동,official_coordinates,https://www.data.go.kr/data/15076735/fileData.do; 2022-04-01,2022-04-01
7238,일품향,전북특별자치도 전주시 완산구 전주객사3길 12-8,전북특별자치도 전주시 완산구 중앙동2가 31-1,35.8177739,127.143221,063-284-1901,한식,일반음식점,"어디 가야 할지 고민이시라고요? 그럼 전라북도 전주시 맛집, ""일품향""을 추천합니다! 레드테이블에서 온라인 예약이 가능합니다! 배달 가능한 매장입니다. 다국어 메뉴판이 있는 매장입니다.",운영중,True,True,중앙동,official_coordinates,https://www.data.go.kr/data/15076735/fileData.do; 2022-04-01,2022-04-01
7241,전라회관,전북특별자치도 전주시 완산구 안행4길 5,전북특별자치도 전주시 완산구 삼천동1가 751-8,35.8005994,127.1320044,063-228-3033,한식,일반음식점,"무엇을 먹을지 고민되신다고요? 전라북도 전주시에 계시다면 ""전라회관""을 추천합니다! 지방자치단체 인증을 받은 농림축산식품부 제공 안심식당입니다. 레드테이블에서 온라인 예약이 가능합니다! 다국어 메뉴판이 있는 매장입니다.",운영중,True,True,삼천1동,official_coordinates,https://www.data.go.kr/data/15076735/fileData.do; 2022-04-01,2022-04-01
7242,메르밀 진미집,전북특별자치도 전주시 완산구 전주천동로 94,전북특별자치도 전주시 완산구 전동 237 진미집,35.8111945,127.1504161,063-288-4020,한식,일반음식점,"2019년 06월 10일 MBC 생방송오늘저녁 1085회, 2013년 06월 14일 KBS2 VJ특공대 669회, 2014년 09월 20일 Y STAR 식신로드1 200회 등 여러 방송에서 다룬 바로 그 곳! 전라북도 전주시 인기 맛집 ""메르밀진미집(본점)""을 방문해보세요! 레드테이블에서 온라인 예약이 가능합니다! 남녀 화장실이 구분되어 있는 매장입니다. 배달 가능한 매장입니다. 주차공간, 다국어 메뉴판이 있는 매장입니다.",운영중,True,True,풍남동,official_coordinates,https://www.data.go.kr/data/15076735/fileData.do; 2022-04-01,2022-04-01
7243,신한성원,전북특별자치도 전주시 완산구 태평3길 86,전북특별자치도 전주시 완산구 태평동 8-98,35.8260139,127.1415561,063-254-0002,한식,일반음식점,"2013년 06월 05일 SBS 생방송투데이 977회, 2013년 01월 23일 KBS2 굿모닝대한민국 433회 등 많은 방송에 등장한 바로 그 곳! 전라북도 전주시에 가시면 소문난 맛집 ""신한성원""을 방문해보세요! 레드테이블에서 온라인 예약이 가능합니다! 배달 가능한 매장입니다. 다국어 메뉴판이 있는 매장입니다.",운영중,True,True,중앙동,official_coordinates,https://www.data.go.kr/data/15076735/fileData.do; 2022-04-01,2022-04-01
7251,짬뽕명가,전북특별자치도 전주시 덕진구 권삼득로 385 2층,전북특별자치도 전주시 덕진구 덕진동2가 189-25,35.8467369,127.1209415,050-4054-4655,중국식,일반음식점,"전라북도 전주시에서 맛집을 찾으신다면 ""짬뽕명가""를 추천합니다. 남녀 화장실이 구분되어 있는 매장입니다. 배달 가능한 매장입니다. 주차공간, 다국어 메뉴판이 있는 매장입니다.",운영중,True,True,덕진동,official_coordinates,https://www.data.go.kr/data/15076735/fileData.do; 2022-04-01,2022-04-01
8797,성미당,전북특별자치도 전주시 완산구 전라감영5길 19-9,전북특별자치도 전주시 완산구 중앙동3가 31-2,35.8173374,127.1453774,063-287-8800,한식,일반음식점,"2017년 01월 07일 SBS 백종원의3대천왕 67회, 2014년 07월 17일 SBS 생방송투데이 1248회 등 여러 방송에서 다룬 바로 그 곳! 전라북도 전주시 인기 맛집 ""성미당""을 방문해보세요! 지방자치단체 인증을 받은 농림축산식품부 제공 안심식당입니다. 레드테이블에서 온라인 예약이 가능합니다! 남녀 화장실이 구분되어 있는 매장입니다. 배달 가능한 매장입니다. 주차공간, 다국어 메뉴판, 그리고 무선 인터넷이 있는 매장입니다.",운영중,True,True,중앙동,official_coordinates,https://www.data.go.kr/data/15076735/fileData.do; 2022-04-01,2022-04-01
8798,꼬꼬영양통닭,전북특별자치도 전주시 완산구 경기전길 38-10,전북특별자치도 전주시 완산구 경원동2가 53-5,35.8176819,127.1498544,063-283-2655,한식,일반음식점,"""꼬꼬영양통닭""은 전라북도 전주시에 있습니다. 레드테이블에서 온라인 예약이 가능합니다! 배달 가능한 매장입니다. 다국어 메뉴판이 있는 매장입니다.",운영중,True,True,풍남동,official_coordinates,https://www.data.go.kr/data/15076735/fileData.do; 2022-04-01,2022-04-01
8799,또순이네집,전북특별자치도 전주시 완산구 전주객사3길 11-8,전북특별자치도 전주시 완산구 고사동 443-6,35.8177513,127.1418485,063-231-3123,분식,일반음식점,"전라북도 전주시에서 가 볼 만한 식당을 찾으신다면? ""또순이네집""을 추천합니다! 레드테이블에서 온라인 예약이 가능합니다! 다국어 메뉴판이 있는 매장입니다.",운영중,True,True,중앙동,official_coordinates,https://www.data.go.kr/data/15076735/fileData.do; 2022-04-01,2022-04-01
8800,신시골집,"전북특별자치도 전주시 완산구 공북로 60, 1층 (태평동)",전북특별자치도 전주시 완산구 태평동 22-29,35.8256467,127.1383938,063-254-6369,한식,일반음식점,"전라북도 전주시에서 식당을 찾으신다면? ""신시골집""을 방문해보세요! 레드테이블에서 온라인 예약이 가능합니다! 다국어 메뉴판이 있는 매장입니다.",운영중,True,True,중앙동,official_coordinates,https://www.data.go.kr/data/15076735/fileData.do; 2022-04-01,2022-04-01
8805,덕천식당,전북특별자치도 전주시 덕진구 명륜1길 6,전북특별자치도 전주시 덕진구 우아동2가 890-9,35.8404279,127.1292353,063-254-7365,한식,일반음식점,"""덕천식당""은 전라북도 전주시에 있습니다. 레드테이블에서 온라인 예약이 가능합니다! 다국어 메뉴판이 있는 매장입니다.",운영중,True,True,덕진동,official_coordinates,https://www.data.go.kr/data/15076735/fileData.do; 2022-04-01,2022-04-01
10451,전주초밥,전북특별자치도 전주시 완산구 전라감영5길 25,전북특별자치도 전주시 완산구 중앙동3가 67-13,35.81776,127.1457992,063-224-4488,한식,일반음식점,"전라북도 전주시에서 가 볼 만한 식당을 찾으신다면? ""전주초밥""을 추천합니다! 지방자치단체 인증을 받은 농림축산식품부 제공 안심식당입니다. 주차공간, 다국어 메뉴판이 있는 매장입니다.",운영중,True,True,중앙동,official_coordinates,https://www.data.go.kr/data/15076735/fileData.do; 2022-04-01,2022-04-01
10455,반야돌솥밥,전북특별자치도 전주시 완산구 홍산1길 6,전북특별자치도 전주시 완산구 효자동2가 1156-6,35.8148963,127.1083511,063-288-3174,한식,일반음식점,"전라북도 전주시에서 맛집을 찾으신다면, ""반야돌솥밥(본점)""을 꼭 방문해보세요. 2019년 10월 03일 KBS2 2TV생생정보 913회에 방영된 유명 매장이랍니다! 위생 수준이 우수하고 친절한 서비스로 지방자치단체의 선정을 받은 모범음식점입니다. 레드테이블에서 온라인 예약이 가능합니다! 남녀 화장실이 구분되어 있으며, 베리어프리 매장입니다. 배달 가능한 매장입니다. 주차공간, 다국어 메뉴판이 있는 매장입니다.",운영중,True,True,효자5동,official_coordinates,https://www.data.go.kr/data/15076735/fileData.do; 2022-04-01,2022-04-01
12144,계수나무,전북특별자치도 전주시 완산구 전동성당길 26,전북특별자치도 전주시 완산구 경원동1가 115-5,35.8177451,127.1487215,063-283-5232,분식,일반음식점,"전라북도 전주시에서 맛집을 찾으신다면, ""계수나무짬뽕(본점)""을 꼭 방문해보세요. 2011년 12월 05일 KBS2 생생정보통 367회에 방영된 유명 매장이랍니다! 레드테이블에서 온라인 예약이 가능합니다! 배달 가능한 매장입니다. 주차공간, 키오스크, 그리고 다국어 메뉴판이 있는 매장입니다.",운영중,True,True,풍남동,official_coordinates,https://www.data.go.kr/data/15076735/fileData.do; 2022-04-01,2022-04-01
12147,동보성,전북특별자치도 전주시 완산구 서학로 38,전북특별자치도 전주시 완산구 동서학동 138-5,35.8094141,127.1535309,063-283-4455,중국식,일반음식점,"""동보성""은 전라북도 전주시에 있습니다. 레드테이블에서 온라인 예약이 가능합니다! 반려동물 입장이 가능한 매장입니다. 배달 가능한 매장입니다. 다국어 메뉴판이 있는 매장입니다.",운영중,True,True,동서학동,official_coordinates,https://www.data.go.kr/data/15076735/fileData.do; 2022-04-01,2022-04-01
16469,효자문,전북특별자치도 전주시 완산구 전주객사4길 43-24 효자문,전북특별자치도 전주시 완산구 고사동 378-5,35.8196062,127.1429313,063-284-4236,한식,일반음식점,"전라북도 전주시에서 맛집을 찾으신다면 ""효자문식당""을 추천합니다. 레드테이블에서 온라인 예약이 가능합니다! 남녀 화장실이 구분되어 있는 매장입니다. 주차공간, 다국어 메뉴판이 있는 매장입니다.",운영중,True,True,중앙동,official_coordinates,https://www.data.go.kr/data/15076735/fileData.do; 2022-04-01,2022-04-01
21263,카페서로,전북특별자치도 전주시 덕진구 백동5길 9,전북특별자치도 전주시 완산구 서신동 937-7,35.8467901,127.1502828,070-8600-1179,한식,일반음식점,"""카페서로""는 전라북도 전주시에 있습니다. 레드테이블에서 온라인 예약이 가능합니다! 남녀 화장실이 구분되어 있는 매장입니다. 다국어 메뉴판, 무선 인터넷이 있는 매장입니다.",운영중,True,True,인후2동,official_coordinates,https://www.data.go.kr/data/15076735/fileData.do; 2022-04-01,2022-04-01
21264,원일옥,전북특별자치도 전주시 덕진구 태진로 79,전북특별자치도 전주시 덕진구 진북동 417-68,35.8283546,127.1361663,063-274-8617,한식,일반음식점,"""원일옥""은 전라북도 전주시에 있습니다. 레드테이블에서 온라인 예약이 가능합니다! 다국어 메뉴판이 있는 매장입니다.",운영중,True,True,진북동,official_coordinates,https://www.data.go.kr/data/15076735/fileData.do; 2022-04-01,2022-04-01
23947,풍남문한우촌,전북특별자치도 전주시 완산구 팔달로 119-4,전북특별자치도 전주시 완산구 전동 187-6,35.813202,127.1484459,063-288-6020,한식,일반음식점,"전라북도 전주시에서 가 볼 만한 식당을 찾으신다면? ""풍남문한우촌""을 추천합니다! 위생 수준이 우수하고 친절한 서비스로 지방자치단체의 선정을 받은 모범음식점입니다. 지방자치단체 인증을 받은 농림축산식품부 제공 안심식당입니다. 레드테이블에서 온라인 예약이 가능합니다! 배달 가능한 매장입니다. 주차공간, 다국어 메뉴판이 있는 매장입니다.",운영중,True,True,풍남동,official_coordinates,https://www.data.go.kr/data/15076735/fileData.do; 2022-04-01,2022-04-01
23953,다래옥,전북특별자치도 전주시 덕진구 백제대로 777-2,전북특별자치도 전주시 완산구 평화동2가 458-61,35.8474359,127.153578,063-245-2935,한식,일반음식점,"전라북도 전주시에 가신다면 ""다래옥""에 방문해보세요~ 레드테이블에서 온라인 예약이 가능합니다! 다국어 메뉴판이 있는 매장입니다.",운영중,True,True,우아1동,official_coordinates,https://www.data.go.kr/data/15076735/fileData.do; 2022-04-01,2022-04-01
23955,현대옥 덕진광장점,전북특별자치도 전주시 덕진구 덕진광장로 1-11,전북특별자치도 전주시 덕진구 덕진동1가 1279-5,35.8445103,127.1240468,063-277-9882,한식,일반음식점,"어디 가야 할지 고민이시라고요? 그럼 전라북도 전주시 맛집, ""현대옥(덕진광장점)""을 추천합니다! 레드테이블에서 온라인 예약이 가능합니다! 배달 가능한 매장입니다. 다국어 메뉴판이 있는 매장입니다.",운영중,True,True,덕진동,official_coordinates,https://www.data.go.kr/data/15076735/fileData.do; 2022-04-01,2022-04-01
27154,팔공티 전북대점,전북특별자치도 전주시 덕진구 명륜4길 25,전북특별자치도 전주시 덕진구 덕진동1가 664-18,35.8440645,127.1272179,063-255-8023,한식,일반음식점,"무엇을 먹을지 고민되신다고요? 전라북도 전주시에 계시다면 ""팔공티(전북대점)""를 추천합니다! 레드테이블에서 온라인 예약이 가능합니다! 배달 가능한 매장입니다. 키오스크, 다국어 메뉴판, 그리고 무선 인터넷이 있는 매장입니다.",운영중,True,True,덕진동,official_coordinates,https://www.data.go.kr/data/15076735/fileData.do; 2022-04-01,2022-04-01
27155,땡땡이상추튀김,전북특별자치도 전주시 덕진구 권삼득로 313,전북특별자치도 전주시 덕진구 금암동 664-39,35.8436952,127.1277173,063-273-0903,분식,일반음식점,"""옛날땡땡이상추튀김(북대1호점)""은 전라북도 전주시에 있습니다. 레드테이블에서 온라인 예약이 가능합니다! 배달 가능한 매장입니다. 다국어 메뉴판이 있는 매장입니다.",운영중,True,True,덕진동,official_coordinates,https://www.data.go.kr/data/15076735/fileData.do; 2022-04-01,2022-04-01
31464,호성횟집,전북특별자치도 전주시 완산구 동문길 115-6,전북특별자치도 전주시 완산구 경원동1가 111-5,35.8175784,127.1477957,063-284-0505,회집,일반음식점,"""호성횟집""은 전라북도 전주시에 있습니다. 레드테이블에서 온라인 예약이 가능합니다! 다국어 메뉴판이 있는 매장입니다.",운영중,True,True,풍남동,official_coordinates,https://www.data.go.kr/data/15076735/fileData.do; 2022-04-01,2022-04-01
31466,만성한정식,전북특별자치도 전주시 완산구 바우배기1길 31-9,전북특별자치도 전주시 완산구 효자동2가 1243-8,35.8151513,127.1050056,063-232-4141,한식,일반음식점,"전라북도 전주시에 가신다면 ""만성한정식""에 방문해보세요~ 지방자치단체 인증을 받은 농림축산식품부 제공 안심식당입니다. 레드테이블에서 온라인 예약이 가능합니다! 반려동물 입장이 가능하고, 남녀 화장실이 구분되어 있는 매장입니다. 주차공간, 다국어 메뉴판이 있는 매장입니다.",운영중,True,True,효자5동,official_coordinates,https://www.data.go.kr/data/15076735/fileData.do; 2022-04-01,2022-04-01
31474,평양면옥,전북특별자치도 전주시 덕진구 솔내8길 10-3,전북특별자치도 전주시 덕진구 송천동1가 484-8,35.86068,127.1224685,063-254-5888,한식,일반음식점,"""평양면옥""은 전라북도 전주시에 있습니다. 위생 수준이 우수하고 친절한 서비스로 지방자치단체의 선정을 받은 모범음식점입니다. 지방자치단체 인증을 받은 농림축산식품부 제공 안심식당입니다. 레드테이블에서 온라인 예약이 가능합니다! 남녀 화장실이 구분되어 있는 매장입니다. 주차공간, 다국어 메뉴판이 있는 매장입니다.",운영중,True,True,송천1동,official_coordinates,https://www.data.go.kr/data/15076735/fileData.do; 2022-04-01,2022-04-01
31477,한가족 전북대점,전북특별자치도 전주시 덕진구 명륜5길 16-1 1층,전북특별자치도 전주시 덕진구 덕진동1가 1314-159,35.8439733,127.1260727,050-5006-6578,한식,일반음식점,"전라북도 전주시에서 가 볼 만한 식당을 찾으신다면? ""한가족(전북대점)""을 추천합니다! 레드테이블에서 온라인 예약이 가능합니다! 배달 가능한 매장입니다. 다국어 메뉴판이 있는 매장입니다.",운영중,True,True,덕진동,official_coordinates,https://www.data.go.kr/data/15076735/fileData.do; 2022-04-01,2022-04-01
36821,멕시칸치킨호프 서신점,전북특별자치도 전주시 완산구 전룡로 106,전북특별자치도 전주시 완산구 서신동 22-30 든든한교회,35.8285561,127.1242425,063-277-4047,호프/통닭,일반음식점,"""멕시칸치킨호프(서신점)""를 전라북도 전주시의 가 볼 만한 식당으로 추천합니다! 레드테이블에서 온라인 예약이 가능합니다! 배달 가능한 매장입니다. 다국어 메뉴판이 있는 매장입니다.",운영중,True,True,서신동,official_coordinates,https://www.data.go.kr/data/15076735/fileData.do; 2022-04-01,2022-04-01
36822,연기나는마을효자점,전북특별자치도 전주시 완산구 효자천변1길 36-14,전북특별자치도 전주시 완산구 효자동1가 667-6,35.7992244,127.1149299,063-224-3223,기타,일반음식점,"전라북도 전주시에서 식당을 찾으신다면? ""연기나는마을(효자점)""을 방문해보세요! 레드테이블에서 온라인 예약이 가능합니다! 남녀 화장실이 구분되어 있는 매장입니다. 다국어 메뉴판, 무선 인터넷이 있는 매장입니다.",운영중,True,True,효자3동,official_coordinates,https://www.data.go.kr/data/15076735/fileData.do; 2022-04-01,2022-04-01
36827,왕십리곱창서신점,전북특별자치도 전주시 완산구 전룡로 20,전북특별자치도 전주시 완산구 서신동 854-6,35.8261198,127.1153027,063-255-5492,한식,일반음식점,"어디 가야 할지 고민이시라고요? 그럼 전라북도 전주시 맛집, ""왕십리곱창(서신점)""을 추천합니다! 레드테이블에서 온라인 예약이 가능합니다! 배달 가능한 매장입니다. 다국어 메뉴판이 있는 매장입니다.",운영중,True,True,서신동,official_coordinates,https://www.data.go.kr/data/15076735/fileData.do; 2022-04-01,2022-04-01
36832,시골밥상,전북특별자치도 전주시 완산구 노송여울1길 9,전북특별자치도 전주시 완산구 평화동1가 742-11,35.8241284,127.1460031,063-273-4110,한식,일반음식점,"전라북도 전주시에서 식당을 찾으신다면? ""시골밥상""을 방문해보세요! 레드테이블에서 온라인 예약이 가능합니다! 다국어 메뉴판이 있는 매장입니다.",운영중,True,True,노송동,official_coordinates,https://www.data.go.kr/data/15076735/fileData.do; 2022-04-01,2022-04-01
36838,뚜레쥬르 전주효자1가점,전북특별자치도 전주시 완산구 용머리로 158,전북특별자치도 전주시 완산구 효자동1가 195-9,35.8058712,127.1273865,063-236-6114,제과점영업,제과점영업,"어디 가야 할지 고민이시라고요? 그럼 전라북도 전주시 맛집, ""뚜레쥬르(전주효자1가점)""를 추천합니다! 다국어 메뉴판이 있는 매장입니다.",운영중,True,True,효자1동,official_coordinates,https://www.data.go.kr/data/15076735/fileData.do; 2022-04-01,2022-04-01
36844,모두랑 전북대점,전북특별자치도 전주시 덕진구 명륜4길 21-6,전북특별자치도 전주시 덕진구 덕진동1가 1312-6,35.8442058,127.1264364,063-909-5201,분식,일반음식점,"""모두랑(전북대점)""을 전라북도 전주시의 가 볼 만한 식당으로 추천합니다! 레드테이블에서 온라인 예약이 가능합니다! 배달 가능한 매장입니다. 다국어 메뉴판이 있는 매장입니다.",운영중,True,True,덕진동,official_coordinates,https://www.data.go.kr/data/15076735/fileData.do; 2022-04-01,2022-04-01
36851,금암피순대,전북특별자치도 전주시 덕진구 기린대로 400-59,전북특별자치도 전주시 덕진구 금암동 729-3,35.8384489,127.1328866,063-272-1394,한식,일반음식점,"전라북도 전주시 근처로 갈 일정이 있으시다면, 맛집으로 소문난 ""금암피순대""를 꼭 방문해보세요. 2021년 01월 15일 TV조선 식객허영만의백반기행 86회에 방영되었답니다. 레드테이블에서 온라인 예약이 가능합니다! 다국어 메뉴판이 있는 매장입니다.",운영중,True,True,금암1동,official_coordinates,https://www.data.go.kr/data/15076735/fileData.do; 2022-04-01,2022-04-01
42486,종로회관,전북특별자치도 전주시 완산구 전동성당길 98,전북특별자치도 전주시 완산구 전동 60-2,35.8149712,127.148748,063-288-4578,한식,일반음식점,"무엇을 먹을지 고민되신다고요? 전라북도 전주시에 계시다면 ""종로회관""을 추천합니다! 위생 수준이 우수하고 친절한 서비스로 지방자치단체의 선정을 받은 모범음식점입니다. 지방자치단체 인증을 받은 농림축산식품부 제공 안심식당입니다. 레드테이블에서 온라인 예약이 가능합니다! 남녀 화장실이 구분되어 있는 매장입니다. 배달 가능한 매장입니다. 주차공간, 다국어 메뉴판, 그리고 무선 인터넷이 있는 매장입니다.",운영중,True,True,풍남동,official_coordinates,https://www.data.go.kr/data/15076735/fileData.do; 2022-04-01,2022-04-01
42489,장수원,전북특별자치도 전주시 완산구 따박골5길 60,전북특별자치도 전주시 완산구 중화산동2가 538-12,35.8111534,127.1273463,063-224-8584,한식,일반음식점,"전라북도 전주시에서 가 볼 만한 식당을 찾으신다면? ""장수원""을 추천합니다! 레드테이블에서 온라인 예약이 가능합니다! 다국어 메뉴판이 있는 매장입니다.",운영중,True,True,중화산1동,official_coordinates,https://www.data.go.kr/data/15076735/fileData.do; 2022-04-01,2022-04-01
42496,육일식당,전북특별자치도 전주시 완산구 천잠로 17,전북특별자치도 전주시 완산구 삼천동2가 275-3,35.79201,127.1093455,063-221-3687,한식,일반음식점,"2020년 07월 16일 KBS2 2TV생생정보 1109회, 2018년 07월 26일 MBC 생방송오늘저녁 891회, 2017년 11월 08일 KBS2 2TV생생정보 445회, 2016년 06월 25일 SBS 백종원의3대천왕 43회, 2016년 01월 19일 SBS 생방송투데이 1554회 등 여러 방송에서 다룬 바로 그 곳! 전라북도 전주시 인기 맛집 ""육일식당""을 방문해보세요! 레드테이블에서 온라인 예약이 가능합니다! 남녀 화장실이 구분되어 있는 매장입니다. 주차공간, 놀이방이 마련되어 있으며 다국어 메뉴판, 무선 인터넷을 제공하는 매장입니다.",운영중,True,True,삼천3동,official_coordinates,https://www.data.go.kr/data/15076735/fileData.do; 2022-04-01,2022-04-01
42501,연성국밥 전주대점,전북특별자치도 전주시 완산구 백마산길 21,전북특별자치도 전주시 완산구 효자동3가  1184-3,35.8172807,127.0909038,063-227-8808,호프/통닭,일반음식점,"""연성국밥(전주대점)""을 전라북도 전주시의 가 볼 만한 식당으로 추천합니다! 레드테이블에서 온라인 예약이 가능합니다! 배달 가능한 매장입니다. 다국어 메뉴판이 있는 매장입니다.",운영중,True,True,효자4동,official_coordinates,https://www.data.go.kr/data/15076735/fileData.do; 2022-04-01,2022-04-01
42513,순창장군목다슬기,전북특별자치도 전주시 덕진구 명주6길 14-23,전북특별자치도 전주시 덕진구 인후동2가 1576-6,35.8449067,127.1515841,063-246-5788,한식,일반음식점,"전라북도 전주시에서 식당을 찾으신다면? ""순창장군목다슬기""를 방문해보세요! 레드테이블에서 온라인 예약이 가능합니다! 다국어 메뉴판이 있는 매장입니다.",운영중,True,True,인후2동,official_coordinates,https://www.data.go.kr/data/15076735/fileData.do; 2022-04-01,2022-04-01
42521,네커피,전북특별자치도 전주시 덕진구 삼송5길 14-18,전북특별자치도 전주시 덕진구 금암동 1546-5,35.8435212,127.1379801,050-7142-7305,기타,일반음식점,"""네커피""는 전라북도 전주시에 있습니다. 레드테이블에서 온라인 예약이 가능합니다! 다국어 메뉴판이 있는 매장입니다.",운영중,True,True,금암1동,official_coordinates,https://www.data.go.kr/data/15076735/fileData.do; 2022-04-01,2022-04-01
42522,맥주천국 비어원,전북특별자치도 전주시 덕진구 기린대로 400-65,전북특별자치도 전주시 덕진구 금암동 729-14,35.8384142,127.1331116,063-276-3331,기타,일반음식점,"""비어원""은 전라북도 전주시에 있습니다. 레드테이블에서 온라인 예약이 가능합니다! 다국어 메뉴판이 있는 매장입니다.",운영중,True,True,금암1동,official_coordinates,https://www.data.go.kr/data/15076735/fileData.do; 2022-04-01,2022-04-01
42524,파리바게뜨 전주터미널점,전북특별자치도 전주시 덕진구 가리내로 30 ,전북특별자치도 전주시 덕진구 금암동 796-5 전주시외버스공용미널,35.8344331,127.1326898,063-902-8292,다방,휴게음식점,"""파리바게뜨(전주터미널점)""는 전라북도 전주시에 있습니다. 레드테이블에서 온라인 예약이 가능합니다! 남녀 화장실이 구분되어 있는 매장입니다. 배달 가능한 매장입니다. 다국어 메뉴판, 무선 인터넷이 있는 매장입니다.",운영중,True,True,금암1동,official_coordinates,https://www.data.go.kr/data/15076735/fileData.do; 2022-04-01,2022-04-01
49716,연지본관,전북특별자치도 전주시 완산구 현무1길 15,전북특별자치도 전주시 완산구 경원동3가 17-16,35.8201884,127.1477236,063-286-4988,한식,일반음식점,"전라북도 전주시에서 식당을 찾으신다면? ""연지본관(본점)""을 방문해보세요! 레드테이블에서 온라인 예약이 가능합니다! 다국어 메뉴판이 있는 매장입니다.",운영중,True,True,풍남동,official_coordinates,https://www.data.go.kr/data/15076735/fileData.do; 2022-04-01,2022-04-01
49718,장가네 왕족발,전북특별자치도 전주시 완산구 동문길 24,전북특별자치도 전주시 완산구 풍남동2가 6-2 장가네왕족발,35.8193066,127.1525132,063-282-7476,한식,일반음식점,"어디 가야 할지 고민이시라고요? 그럼 전라북도 전주시 맛집, ""장가네왕족발""을 추천합니다! 레드테이블에서 온라인 예약이 가능합니다! 다국어 메뉴판이 있는 매장입니다.",운영중,True,True,풍남동,official_coordinates,https://www.data.go.kr/data/15076735/fileData.do; 2022-04-01,2022-04-01
49724,경아분식,전북특별자치도 전주시 완산구 전주객사1길 46,전북특별자치도 전주시 완산구 다가동3가 50-2,35.8183392,127.1393319,063-232-2992,한식,일반음식점,"""경아분식""을 전라북도 전주시의 가 볼 만한 식당으로 추천합니다! 레드테이블에서 온라인 예약이 가능합니다! 다국어 메뉴판이 있는 매장입니다.",운영중,True,True,중앙동,official_coordinates,https://www.data.go.kr/data/15076735/fileData.do; 2022-04-01,2022-04-01
49733,김미경부대찌개오리주물럭,전북특별자치도 전주시 완산구 거마산2길 6,전북특별자치도 전주시 완산구 삼천동1가 625,35.7970777,127.1241266,063-226-6255,한식,일반음식점,"""김미경부대찌개오리주물럭""은 전라북도 전주시에 있습니다. 레드테이블에서 온라인 예약이 가능합니다! 다국어 메뉴판이 있는 매장입니다.",운영중,True,True,삼천2동,official_coordinates,https://www.data.go.kr/data/15076735/fileData.do; 2022-04-01,2022-04-01
49740,전주대 한끼마을,전북특별자치도 전주시 완산구 백마산길 38,전북특별자치도 전주시 완산구 효자동3가 1277-1,35.8170078,127.0893065,063-225-8084,분식,일반음식점,"전라북도 전주시에 가신다면 ""전주대 한끼마을""에 방문해보세요~ 레드테이블에서 온라인 예약이 가능합니다! 배달 가능한 매장입니다. 키오스크, 다국어 메뉴판, 그리고 무선 인터넷이 있는 매장입니다.",운영중,True,True,효자4동,official_coordinates,https://www.data.go.kr/data/15076735/fileData.do; 2022-04-01,2022-04-01
49755,우성정,전북특별자치도 전주시 덕진구 벚꽃4길 3-4 우성정,전북특별자치도 전주시 덕진구 진북동 1022-19,35.828234,127.1349148,063-272-8888,한식,일반음식점,"무엇을 먹을지 고민되신다고요? 전라북도 전주시에 계시다면 ""우성정""을 추천합니다! 지방자치단체 인증을 받은 농림축산식품부 제공 안심식당입니다. 레드테이블에서 온라인 예약이 가능합니다! 다국어 메뉴판이 있는 매장입니다.",운영중,True,True,진북동,official_coordinates,https://www.data.go.kr/data/15076735/fileData.do; 2022-04-01,2022-04-01
49767,금암소바,전북특별자치도 전주시 덕진구 기린대로 400-75,전북특별자치도 전주시 덕진구 금암동 729-6,35.8385465,127.1331707,063-278-0945,분식,일반음식점,"전라북도 전주시에 방문하신다면, ""금암소바""에 가보시는 것은 어떨까요? 2014년 04월 14일 SBS 생활의달인 426회에 방영되었을 만큼 소문난 매장이랍니다! 레드테이블에서 온라인 예약이 가능합니다! 남녀 화장실이 구분되어 있는 매장입니다. 배달 가능한 매장입니다. 주차공간, 다국어 메뉴판이 있는 매장입니다.",운영중,True,True,금암1동,official_coordinates,https://www.data.go.kr/data/15076735/fileData.do; 2022-04-01,2022-04-01
58654,초장집,전북특별자치도 전주시 완산구 전주객사2길 45-10,전북특별자치도 전주시 완산구 다가동4가 83-12,35.8187594,127.139944,063-909-9797,한식,일반음식점,"전라북도 전주시에서 맛집을 찾으신다면, ""전주초장집""을 꼭 방문해보세요. 2020년 01월 07일 SBS 생활의달인 704회에 방영된 유명 매장이랍니다! 레드테이블에서 온라인 예약이 가능합니다! 남녀 화장실이 구분되어 있는 매장입니다. 다국어 메뉴판, 무선 인터넷이 있는 매장입니다.",운영중,True,True,중앙동,official_coordinates,https://www.data.go.kr/data/15076735/fileData.do; 2022-04-01,2022-04-01
58658,근영목우촌숯불갈비,전북특별자치도 전주시 완산구 영경2길 5,전북특별자치도 전주시 완산구 중화산동2가 653-5,35.8170636,127.1238434,063-225-2140,한식,일반음식점,"무엇을 먹을지 고민되신다고요? 전라북도 전주시에 계시다면 ""근영목우촌""을 추천합니다! 레드테이블에서 온라인 예약이 가능합니다! 남녀 화장실이 구분되어 있는 매장입니다. 주차공간, 다국어 메뉴판이 있는 매장입니다.",운영중,True,True,중화산2동,official_coordinates,https://www.data.go.kr/data/15076735/fileData.do; 2022-04-01,2022-04-01
58659,춘향회관,전북특별자치도 전주시 완산구 중산2길 15-5,전북특별자치도 전주시 완산구 중화산동2가 633-1,35.8149647,127.1218627,063-222-3434,한식,일반음식점,"전라북도 전주시에서 어디를 갈지 고민이라면! ""춘향회관""에 가보시는 건 어떨까요? 레드테이블에서 온라인 예약이 가능합니다! 배달 가능한 매장입니다. 다국어 메뉴판이 있는 매장입니다.",운영중,True,True,중화산2동,official_coordinates,https://www.data.go.kr/data/15076735/fileData.do; 2022-04-01,2022-04-01
58661,완산성순대국 삼천점,전북특별자치도 전주시 완산구 용리로 114,전북특별자치도 전주시 완산구 삼천동1가  606-1,35.7983563,127.1222445,063-221-1366,한식,일반음식점,"전라북도 전주시에서 어디를 갈지 고민이라면! ""완산성순대국(삼천점)""에 가보시는 건 어떨까요? 레드테이블에서 온라인 예약이 가능합니다! 배달 가능한 매장입니다. 다국어 메뉴판이 있는 매장입니다.",운영중,True,True,삼천2동,official_coordinates,https://www.data.go.kr/data/15076735/fileData.do; 2022-04-01,2022-04-01
58666,김가네닭발꼼장어,전북특별자치도 전주시 완산구 거마남로 78,전북특별자치도 전주시 완산구 삼천동1가 668-2,35.7955184,127.1251923,063-221-3949,한식,일반음식점,"전라북도 전주시에서 가 볼 만한 식당을 찾으신다면? ""김가네닭발꼼장어""를 추천합니다! 레드테이블에서 온라인 예약이 가능합니다! 다국어 메뉴판이 있는 매장입니다.",운영중,True,True,삼천2동,official_coordinates,https://www.data.go.kr/data/15076735/fileData.do; 2022-04-01,2022-04-01
58668,래래반점,전북특별자치도 전주시 완산구 거마서로 8,전북특별자치도 전주시 완산구 삼천동1가 676-9,35.7933066,127.1196363,063-225-4265,중국식,일반음식점,"어디 가야 할지 고민이시라고요? 그럼 전라북도 전주시 맛집, ""래래반점""을 추천합니다! 레드테이블에서 온라인 예약이 가능합니다! 남녀 화장실이 구분되어 있는 매장입니다. 배달 가능한 매장입니다. 다국어 메뉴판이 있는 매장입니다.",운영중,True,True,삼천2동,official_coordinates,https://www.data.go.kr/data/15076735/fileData.do; 2022-04-01,2022-04-01
58669,히스커피,전북특별자치도 전주시 완산구 하거마1길 15,전북특별자치도 전주시 완산구 삼천동1가 698-5,35.7928247,127.1188896,070-4042-3694,중국식,일반음식점,"전라북도 전주시에서 식당을 찾으신다면? ""히스커피""를 방문해보세요! 레드테이블에서 온라인 예약이 가능합니다! 반려동물 입장이 가능한 매장입니다. 다국어 메뉴판이 있는 매장입니다.",운영중,True,True,삼천2동,official_coordinates,https://www.data.go.kr/data/15076735/fileData.do; 2022-04-01,2022-04-01
58670,웅이네분식,전북특별자치도 전주시 완산구 하거마1길 3,전북특별자치도 전주시 완산구 삼천동1가 698-9,35.7929159,127.1195026,063-223-1140,한식,일반음식점,"무엇을 먹을지 고민되신다고요? 전라북도 전주시에 계시다면 ""웅이네분식""을 추천합니다! 레드테이블에서 온라인 예약이 가능합니다! 다국어 메뉴판이 있는 매장입니다.",운영중,True,True,삼천2동,official_coordinates,https://www.data.go.kr/data/15076735/fileData.do; 2022-04-01,2022-04-01
58673,연와미당,전북특별자치도 전주시 완산구 백제대로 128,전북특별자치도 전주시 완산구 효자동1가 223-10,35.804462,127.124258,063-224-4141,한식,일반음식점,"전라북도 전주시에서 맛집을 찾으신다면 ""연와미당""을 추천합니다. 레드테이블에서 온라인 예약이 가능합니다! 남녀 화장실이 구분되어 있는 매장입니다. 배달 가능한 매장입니다. 주차공간, 다국어 메뉴판이 있는 매장입니다.",운영중,True,True,효자1동,official_coordinates,https://www.data.go.kr/data/15076735/fileData.do; 2022-04-01,2022-04-01
58674,서호 순대촌,전북특별자치도 전주시 완산구 서신로 102 선수촌 아파트 상가 101호 서호순대촌,전북특별자치도 전주시 완산구 서신동 965-2,35.8352788,127.1169762,063-275-1727,한식,일반음식점,"무엇을 먹을지 고민되신다고요? 전라북도 전주시에 계시다면 ""서호순대촌""을 추천합니다! 레드테이블에서 온라인 예약이 가능합니다! 주차공간, 다국어 메뉴판이 있는 매장입니다.",운영중,True,True,서신동,official_coordinates,https://www.data.go.kr/data/15076735/fileData.do; 2022-04-01,2022-04-01
58676,서도분식,전북특별자치도 전주시 완산구 용머리로 36 6층,전북특별자치도 전주시 완산구 효자동1가 454-1,35.8054176,127.1144062,063-224-3878,분식,일반음식점,"무엇을 먹을지 고민되신다고요? 전라북도 전주시에 계시다면 ""서도분식""을 추천합니다! 레드테이블에서 온라인 예약이 가능합니다! 배달 가능한 매장입니다. 다국어 메뉴판이 있는 매장입니다.",운영중,True,True,효자3동,official_coordinates,https://www.data.go.kr/data/15076735/fileData.do; 2022-04-01,2022-04-01
58679,돼지잔치,전북특별자치도 전주시 완산구 효동3길 9,전북특별자치도 전주시 완산구 효자동1가 108-2,35.8056511,127.1289343,063-222-2353,한식,일반음식점,"어디 가야 할지 고민이시라고요? 그럼 전라북도 전주시 맛집, ""돼지잔치""를 추천합니다! 레드테이블에서 온라인 예약이 가능합니다! 반려동물 입장이 가능한 매장입니다. 다국어 메뉴판이 있는 매장입니다.",운영중,True,True,효자1동,official_coordinates,https://www.data.go.kr/data/15076735/fileData.do; 2022-04-01,2022-04-01
58681,보배원,전북특별자치도 전주시 완산구 어은로 26,전북특별자치도 전주시 완산구 중화산동2가 199-1,35.8166156,127.1258318,063-225-0100,한식,일반음식점,"전라북도 전주시에서 맛집을 찾으신다면 ""보배원""을 추천합니다. 레드테이블에서 온라인 예약이 가능합니다! 배달 가능한 매장입니다. 다국어 메뉴판이 있는 매장입니다.",운영중,True,True,중화산1동,official_coordinates,https://www.data.go.kr/data/15076735/fileData.do; 2022-04-01,2022-04-01
58686,투썸플레이스전주CGV중앙점,전북특별자치도 전주시 완산구 전주객사3길 72,전북특별자치도 전주시 완산구 고사동 355-1,35.82035,127.1420745,063-285-2388,패스트푸드,휴게음식점,"전라북도 전주시에서 맛집을 찾으신다면 ""투썸플레이스(전주CGV중앙점)""를 추천합니다. 레드테이블에서 온라인 예약이 가능합니다! 배달 가능한 매장입니다. 다국어 메뉴판이 있는 매장입니다.",운영중,True,True,중앙동,official_coordinates,https://www.data.go.kr/data/15076735/fileData.do; 2022-04-01,2022-04-01
58699,만계치킨,"전북특별자치도 전주시 덕진구 명륜4길 21-5, 1층 (덕진동1가)",전북특별자치도 전주시 덕진구 덕진동1가 1314-164,35.8439697,127.1264622,063-255-8338,한식,일반음식점,"전라북도 전주시에서 맛집을 찾으신다면 ""만계치킨(전북대점)""을 추천합니다. 레드테이블에서 온라인 예약이 가능합니다! 남녀 화장실이 구분되어 있는 매장입니다. 배달 가능한 매장입니다. 다국어 메뉴판이 있는 매장입니다.",운영중,True,True,덕진동,official_coordinates,https://www.data.go.kr/data/15076735/fileData.do; 2022-04-01,2022-04-01
58705,봉이설렁탕,전북특별자치도 전주시 덕진구 백제대로 576,전북특별자치도 전주시 덕진구 금암동 728-235,35.8403883,127.1327306,063-271-0912,탕류(보신용),일반음식점,"무엇을 먹을지 고민되신다고요? 전라북도 전주시에 계시다면 ""봉이설렁탕""을 추천합니다! 레드테이블에서 온라인 예약이 가능합니다! 다국어 메뉴판이 있는 매장입니다.",운영중,True,True,금암1동,official_coordinates,https://www.data.go.kr/data/15076735/fileData.do; 2022-04-01,2022-04-01
69044,왱이,전북특별자치도 전주시 완산구 동문길 88,전북특별자치도 전주시 완산구 경원동2가 12-1 왱이집,35.8182809,127.1491808,063-287-6979,한식,일반음식점,"2015년 10월 27일 SBS 모닝와이드 6171회에서 소개되었던 맛집, ""전주왱이콩나물국밥전문점""입니다! 전라북도 전주시 근처라면 방문해보세요. 위생 수준이 우수하고 친절한 서비스로 지방자치단체의 선정을 받은 모범음식점입니다. 지방자치단체 인증을 받은 농림축산식품부 제공 안심식당입니다. 레드테이블에서 온라인 예약이 가능합니다! 남녀 화장실이 구분되어 있는 매장입니다. 주차공간, 다국어 메뉴판이 있는 매장입니다.",운영중,True,True,풍남동,official_coordinates,https://www.data.go.kr/data/15076735/fileData.do; 2022-04-01,2022-04-01
69045,풍전콩나물국밥,전북특별자치도 전주시 완산구 동문길 73,전북특별자치도 전주시 완산구 경원동2가 26-3,35.8183298,127.1499909,063-231-0730,한식,일반음식점,"2013년 02월 21일 KBS2 생생정보통 606회에서 소개되었던 맛집, ""풍전콩나물국밥""입니다! 전라북도 전주시 근처라면 방문해보세요. 위생 수준이 우수하고 친절한 서비스로 지방자치단체의 선정을 받은 모범음식점입니다. 레드테이블에서 온라인 예약이 가능합니다! 다국어 메뉴판이 있는 매장입니다.",운영중,True,True,풍남동,official_coordinates,https://www.data.go.kr/data/15076735/fileData.do; 2022-04-01,2022-04-01
69053,청학동버섯전골,전북특별자치도 전주시 완산구 효자로 331,전북특별자치도 전주시 완산구 중화산동2가 585-8,35.81941,127.1216572,063-224-0787,한식,일반음식점,"전라북도 전주시에 가신다면 ""청학동버섯전골(본점)""에 방문해보세요~ 위생 수준이 우수하고 친절한 서비스로 지방자치단체의 선정을 받은 모범음식점입니다. 지방자치단체 인증을 받은 농림축산식품부 제공 안심식당입니다. 레드테이블에서 온라인 예약이 가능합니다! 남녀 화장실이 구분되어 있는 매장입니다. 배달 가능한 매장입니다. 주차공간, 다국어 메뉴판이 있는 매장입니다.",운영중,True,True,중화산2동,official_coordinates,https://www.data.go.kr/data/15076735/fileData.do; 2022-04-01,2022-04-01
69071,박가네해물칼국수,전북특별자치도 전주시 완산구 우전1길 49-4,전북특별자치도 전주시 완산구 효자동2가 1331-6,35.8084229,127.1053577,063-224-3325,한식,일반음식점,"무엇을 먹을지 고민되신다고요? 전라북도 전주시에 계시다면 ""박가네해물칼국수""를 추천합니다! 레드테이블에서 온라인 예약이 가능합니다! 다국어 메뉴판이 있는 매장입니다.",운영중,True,True,효자4동,official_coordinates,https://www.data.go.kr/data/15076735/fileData.do; 2022-04-01,2022-04-01
69072,해태피순대,전북특별자치도 전주시 완산구 하거마2길 3,전북특별자치도 전주시 완산구 삼천동1가 696-9,35.7932665,127.1194094,063-226-1020,분식,일반음식점,"""해태피순대""는 전라북도 전주시에 있습니다. 레드테이블에서 온라인 예약이 가능합니다! 다국어 메뉴판이 있는 매장입니다.",운영중,True,True,삼천2동,official_coordinates,https://www.data.go.kr/data/15076735/fileData.do; 2022-04-01,2022-04-01
69084,팔공티전주대점,전북특별자치도 전주시 완산구 백마산길 19 (효자동3가),전북특별자치도 전주시 완산구 효자동3가 1184-6,35.8173821,127.0911674,063-225-7191,분식,일반음식점,"전라북도 전주시에 가신다면 ""팔공티(전주대점)""에 방문해보세요~ 레드테이블에서 온라인 예약이 가능합니다! 배달 가능한 매장입니다. 키오스크, 다국어 메뉴판이 있는 매장입니다.",운영중,True,True,효자4동,official_coordinates,https://www.data.go.kr/data/15076735/fileData.do; 2022-04-01,2022-04-01
69085,진미진미,전북특별자치도 전주시 완산구 백마산길 19 ,전북특별자치도 전주시 완산구 효자동3가 1184-6,35.8173833,127.0911813,063-224-9143,한식,일반음식점,"전라북도 전주시에 가신다면 ""진미&진미""에 방문해보세요~ 레드테이블에서 온라인 예약이 가능합니다! 다국어 메뉴판이 있는 매장입니다.",운영중,True,True,효자4동,official_coordinates,https://www.data.go.kr/data/15076735/fileData.do; 2022-04-01,2022-04-01
69088,다사랑치킨피자 중앙점,전북특별자치도 전주시 완산구 전라감영5길 27,전북특별자치도 전주시 완산구 중앙동3가 67-7,35.8179154,127.1458221,050-3698-6001,패스트푸드,휴게음식점,"어디 가야 할지 고민이시라고요? 그럼 전라북도 전주시 맛집, ""다사랑치킨피자(중앙점)""를 추천합니다! 남녀 화장실이 구분되어 있는 매장입니다. 다국어 메뉴판, 무선 인터넷이 있는 매장입니다.",운영중,True,True,중앙동,official_coordinates,https://www.data.go.kr/data/15076735/fileData.do; 2022-04-01,2022-04-01
69098,명품짬뽕 송천점,전북특별자치도 전주시 덕진구 송천중앙로 234,전북특별자치도 전주시 덕진구 송천동2가 468-5,35.8679394,127.121736,063-252-6663,일식,일반음식점,"무엇을 먹을지 고민되신다고요? 전라북도 전주시에 계시다면 ""명품짬뽕(송천점)""을 추천합니다! 레드테이블에서 온라인 예약이 가능합니다! 배달 가능한 매장입니다. 다국어 메뉴판이 있는 매장입니다.",운영중,True,True,송천1동,official_coordinates,https://www.data.go.kr/data/15076735/fileData.do; 2022-04-01,2022-04-01
69105,전주칼국수,전북특별자치도 전주시 덕진구 태진로 122-6,전북특별자치도 전주시 덕진구 진북동 407-11,35.8318624,127.1362572,063-274-2002,한식,일반음식점,"어디 가야 할지 고민이시라고요? 그럼 전라북도 전주시 맛집, ""전주칼국수""를 추천합니다! 레드테이블에서 온라인 예약이 가능합니다! 다국어 메뉴판이 있는 매장입니다.",운영중,True,True,진북동,official_coordinates,https://www.data.go.kr/data/15076735/fileData.do; 2022-04-01,2022-04-01
69107,전주콩각시굴신랑,전북특별자치도 전주시 덕진구 숲정이5길 11,전북특별자치도 전주시 덕진구 진북동 434-33,35.8320605,127.1344969,063-278-1378,한식,일반음식점,"""전주콩각시굴신랑""은 전라북도 전주시에 있습니다. 지방자치단체 인증을 받은 농림축산식품부 제공 안심식당입니다. 레드테이블에서 온라인 예약이 가능합니다! 다국어 메뉴판이 있는 매장입니다.",운영중,True,True,진북동,official_coordinates,https://www.data.go.kr/data/15076735/fileData.do; 2022-04-01,2022-04-01
69108,해브어굿테이블,전북특별자치도 전주시 덕진구 명륜3길 18-8 2층,전북특별자치도 전주시 덕진구 덕진동1가 1264-11,35.8422931,127.1283259,070-8845-3684,호프/통닭,일반음식점,"무엇을 먹을지 고민되신다고요? 전라북도 전주시에 계시다면 ""해브어굿테이블""을 추천합니다! 레드테이블에서 온라인 예약이 가능합니다! 다국어 메뉴판, 무선 인터넷이 있는 매장입니다.",운영중,True,True,덕진동,official_coordinates,https://www.data.go.kr/data/15076735/fileData.do; 2022-04-01,2022-04-01
69110,만선회센타,전북특별자치도 전주시 덕진구 명륜3길 4,전북특별자치도 전주시 덕진구 덕진동1가 1265-45,35.8419515,127.1271728,063-272-4336,일식,일반음식점,"전라북도 전주시에서 가 볼 만한 식당을 찾으신다면? ""만선회센타""를 추천합니다! 레드테이블에서 온라인 예약이 가능합니다! 다국어 메뉴판이 있는 매장입니다.",운영중,True,True,덕진동,official_coordinates,https://www.data.go.kr/data/15076735/fileData.do; 2022-04-01,2022-04-01
69111,부대통령뚝배기 전북대점,전북특별자치도 전주시 덕진구 덕진광장로 8,전북특별자치도 전주시 덕진구 덕진동1가 1276-1,35.8438552,127.1245833,063-271-8283,한식,일반음식점,"""부대통령뚝배기(덕진점)""는 전라북도 전주시에 있습니다. 레드테이블에서 온라인 예약이 가능합니다! 다국어 메뉴판이 있는 매장입니다.",운영중,True,True,덕진동,official_coordinates,https://www.data.go.kr/data/15076735/fileData.do; 2022-04-01,2022-04-01
69112,행복한식탁,전북특별자치도 전주시 덕진구 기린대로 522-2,전북특별자치도 전주시 덕진구 덕진동1가 1280-4,35.8453105,127.1220969,063-277-2266,한식,일반음식점,"어디 가야 할지 고민이시라고요? 그럼 전라북도 전주시 맛집, ""행복한식탁""을 추천합니다! 레드테이블에서 온라인 예약이 가능합니다! 다국어 메뉴판이 있는 매장입니다.",운영중,True,True,덕진동,official_coordinates,https://www.data.go.kr/data/15076735/fileData.do; 2022-04-01,2022-04-01
69114,청년다방 전북대점,전북특별자치도 전주시 덕진구 명륜3길 19 청년다방 전북대점,전북특별자치도 전주시 덕진구 덕진동1가 1314-176,35.8429571,127.127937,063-251-2775,식육(숯불구이),일반음식점,"전라북도 전주시에서 식당을 찾으신다면? ""청년다방(전북대점)""을 방문해보세요! 레드테이블에서 온라인 예약이 가능합니다! 배달 가능한 매장입니다. 다국어 메뉴판이 있는 매장입니다.",운영중,True,True,덕진동,official_coordinates,https://www.data.go.kr/data/15076735/fileData.do; 2022-04-01,2022-04-01
69115,주인의주방 전북대점,전북특별자치도 전주시 덕진구 명륜4길 21-3 1층,전북특별자치도 전주시 덕진구 덕진동1가 1314-165,35.8438807,127.1266049,063-251-1289,분식,일반음식점,"""주인의주방(전북대점)""을 전라북도 전주시의 가 볼 만한 식당으로 추천합니다! 레드테이블에서 온라인 예약이 가능합니다! 다국어 메뉴판, 무선 인터넷이 있는 매장입니다.",운영중,True,True,덕진동,official_coordinates,https://www.data.go.kr/data/15076735/fileData.do; 2022-04-01,2022-04-01
69118,팔팔호프전북대점,전북특별자치도 전주시 덕진구 명륜4길 17-25 (덕진동1가),전북특별자치도 전주시 덕진구 덕진동1가 1261-17,35.8437823,127.1260055,063-251-9180,호프/통닭,일반음식점,"전라북도 전주시에 가신다면 ""팔팔호프(전북대점)""에 방문해보세요~ 레드테이블에서 온라인 예약이 가능합니다! 남녀 화장실이 구분되어 있는 매장입니다. 다국어 메뉴판, 무선 인터넷이 있는 매장입니다.",운영중,True,True,덕진동,official_coordinates,https://www.data.go.kr/data/15076735/fileData.do; 2022-04-01,2022-04-01
69119,엘베강전북대점,전북특별자치도 전주시 덕진구 명륜4길 11-1,전북특별자치도 전주시 덕진구 덕진동1가 1262-8,35.8429905,127.1261938,063-275-2836,호프/통닭,일반음식점,"무엇을 먹을지 고민되신다고요? 전라북도 전주시에 계시다면 ""엘베강(전북대점)""을 추천합니다! 레드테이블에서 온라인 예약이 가능합니다! 다국어 메뉴판이 있는 매장입니다.",운영중,True,True,덕진동,official_coordinates,https://www.data.go.kr/data/15076735/fileData.do; 2022-04-01,2022-04-01
69120,카페 프로바이더,전북특별자치도 전주시 덕진구 명륜3길 13-1,전북특별자치도 전주시 덕진구 덕진동1가 1263-22,35.8426038,127.1275816,070-7744-8999,호프/통닭,일반음식점,"전라북도 전주시에서 맛집을 찾으신다면 ""카페 프로바이더""를 추천합니다. 레드테이블에서 온라인 예약이 가능합니다! 남녀 화장실이 구분되어 있는 매장입니다. 다국어 메뉴판, 무선 인터넷이 있는 매장입니다.",운영중,True,True,덕진동,official_coordinates,https://www.data.go.kr/data/15076735/fileData.do; 2022-04-01,2022-04-01
69122,참돈,전북특별자치도 전주시 덕진구 명륜4길 18-7,전북특별자치도 전주시 덕진구 금암동 1312-46,35.8432506,127.1278151,050-7134-3164,호프/통닭,일반음식점,"무엇을 먹을지 고민되신다고요? 전라북도 전주시에 계시다면 ""참돈""을 추천합니다! 레드테이블에서 온라인 예약이 가능합니다! 남녀 화장실이 구분되어 있는 매장입니다. 다국어 메뉴판, 무선 인터넷이 있는 매장입니다.",운영중,True,True,덕진동,official_coordinates,https://www.data.go.kr/data/15076735/fileData.do; 2022-04-01,2022-04-01
80506,신포우리만두 전주훼미리센타점,전북특별자치도 전주시 완산구 전주객사4길 24-5,전북특별자치도 전주시 완산구 고사동 132-1,35.8190614,127.144178,063-288-7428,분식,일반음식점,"""신포우리만두(전주훼미리센타점)""를 전라북도 전주시의 가 볼 만한 식당으로 추천합니다! 레드테이블에서 온라인 예약이 가능합니다! 다국어 메뉴판이 있는 매장입니다.",운영중,True,True,중앙동,official_coordinates,https://www.data.go.kr/data/15076735/fileData.do; 2022-04-01,2022-04-01
80514,만남의 집,전북특별자치도 전주시 완산구 서학로 28-1,전북특별자치도 전주시 완산구 동서학동 147-1,35.8095237,127.1525533,063-287-5589,분식,일반음식점,"전라북도 전주시에서 어디를 갈지 고민이라면! ""만남의집""에 가보시는 건 어떨까요? 레드테이블에서 온라인 예약이 가능합니다! 주차공간, 다국어 메뉴판이 있는 매장입니다.",운영중,True,True,동서학동,official_coordinates,https://www.data.go.kr/data/15076735/fileData.do; 2022-04-01,2022-04-01
80518,광어랑아구랑,전북특별자치도 전주시 완산구 중산중앙로 8,전북특별자치도 전주시 완산구 중화산동2가 616-3,35.8163163,127.1189413,063-224-9701,한식,일반음식점,"""광어랑아구랑""은 전라북도 전주시에 있습니다. 레드테이블에서 온라인 예약이 가능합니다! 배달 가능한 매장입니다. 다국어 메뉴판이 있는 매장입니다.",운영중,True,True,중화산2동,official_coordinates,https://www.data.go.kr/data/15076735/fileData.do; 2022-04-01,2022-04-01
645147,1박2일광장	,전북특별자치도 전주시 완산구 우전1길 73(1층 효자동2가)	,전북특별자치도 전주시 완산구 효자동2가 1329-5,35.8101464,127.1064107,063-282-8911,기타,일반음식점,"전라북도 전주시에 가신다면 ""1박2일""에 방문해보세요~ 레드테이블에서 온라인 예약이 가능합니다! 다국어 메뉴판이 있는 매장입니다.",운영중,True,True,효자4동,official_coordinates,https://www.data.go.kr/data/15076735/fileData.do; 2022-04-01,2022-04-01
655039,더리터 송천2호점,전북특별자치도 전주시 덕진구 천마산로 55,전북특별자치도 전주시 덕진구 송천동2가 202-27,35.8645502,127.1276227,063-251-9100,커피숍,휴게음식점,"전라북도 전주시에서 식당을 찾으신다면? ""더리터(송천2호점)""를 방문해보세요! 레드테이블에서 온라인 예약이 가능합니다! 배달 가능한 매장입니다. 다국어 메뉴판이 있는 매장입니다.",운영중,True,True,송천1동,official_coordinates,https://www.data.go.kr/data/15076735/fileData.do; 2022-04-01,2022-04-01
655080,볼몬드,전북특별자치도 전주시 완산구 홍산4길 12 3층,전북특별자치도 전주시 완산구 효자동3가 1528-4,35.8183041,127.1101868,,경양식,일반음식점,"전라북도 전주시에 가신다면 ""볼몬드""에 방문해보세요~ 레드테이블에서 온라인 예약이 가능합니다! 다국어 메뉴판이 있는 매장입니다.",운영중,True,True,효자5동,official_coordinates,https://www.data.go.kr/data/15076735/fileData.do; 2022-04-01,2022-04-01
864946,현아네등갈비찜,전북특별자치도 전주시 완산구 중화산로 98,전북특별자치도 전주시 완산구 중화산동2가 592-16,35.8188843,127.1184006,063-236-3220,,,"무엇을 먹을지 고민되신다고요? 전라북도 전주시에 계시다면 ""현아네등갈비찜""을 추천합니다!",운영중,True,True,중화산2동,official_coordinates,https://www.data.go.kr/data/15076735/fileData.do; 2022-04-01,2022-04-01
655319,한스브레드 한옥마을직영점,전북특별자치도 전주시 완산구 태조로 37,전북특별자치도 전주시 완산구 교동 274-1,35.8141062,127.1506401,063-286-5008,베이커리,,"""한스브레드 한옥마을직영점""을 전라북도 전주시의 가 볼 만한 식당으로 추천합니다!",운영중,True,True,풍남동,official_coordinates,https://www.data.go.kr/data/15076735/fileData.do; 2022-04-01,2022-04-01
655323,크라운호프송천1가점,전북특별자치도 전주시 덕진구 두간로 29,전북특별자치도 전주시 덕진구 송천동1가 804-4,35.8654834,127.1177646,063-273-7979,한식,일반음식점,"전라북도 전주시에서 맛집을 찾으신다면 ""크라운호프(송천1가점)""를 추천합니다. 레드테이블에서 온라인 예약이 가능합니다! 다국어 메뉴판이 있는 매장입니다.",운영중,True,True,송천2동,official_coordinates,https://www.data.go.kr/data/15076735/fileData.do; 2022-04-01,2022-04-01
655498,보라식당,전북특별자치도 전주시 완산구 풍남문2길 124-19,전북특별자치도 전주시 완산구 중앙동4가 31-24,35.8147079,127.14399,063-288-7852,기타,일반음식점,"""보라식당""은 전라북도 전주시에 있습니다. 레드테이블에서 온라인 예약이 가능합니다! 다국어 메뉴판, 무선 인터넷이 있는 매장입니다.",운영중,True,True,중앙동,official_coordinates,https://www.data.go.kr/data/15076735/fileData.do; 2022-04-01,2022-04-01
656139,인생극장쪽갈비 전주효자점,전북특별자치도 전주시 완산구 마전들로 50,전북특별자치도 전주시 완산구 효자동3가 1689-4,35.8208738,127.1011156,063-221-8292,기타,일반음식점,"어디 가야 할지 고민이시라고요? 그럼 전라북도 전주시 맛집, ""인생극장쪽갈비(전주효자점)""를 추천합니다! 레드테이블에서 온라인 예약이 가능합니다! 남녀 화장실이 구분되어 있는 매장입니다. 배달 가능한 매장입니다. 주차공간, 다국어 메뉴판, 그리고 무선 인터넷이 있는 매장입니다.",운영중,True,True,효자5동,official_coordinates,https://www.data.go.kr/data/15076735/fileData.do; 2022-04-01,2022-04-01
654863,온리핸즈,전북특별자치도 전주시 완산구 전주객사1길 100,전북특별자치도 전주시 완산구 다가동4가 10-7,35.8206679,127.1381408,070-4038-5023,경양식,일반음식점,"전라북도 전주시에 가신다면 ""온리핸즈""에 방문해보세요~ 레드테이블에서 온라인 예약이 가능합니다! 남녀 화장실이 구분되어 있는 매장입니다. 배달 가능한 매장입니다. 다국어 메뉴판, 무선 인터넷이 있는 매장입니다.",운영중,True,True,중앙동,official_coordinates,https://www.data.go.kr/data/15076735/fileData.do; 2022-04-01,2022-04-01
656210,용성양,전북특별자치도 전주시 완산구 현무2길 11,전북특별자치도 전주시 완산구 경원동3가 86-5,35.8199935,127.1497318,063-282-5688,한식,일반음식점,"전라북도 전주시에서 어디를 갈지 고민이라면! ""용성양""에 가보시는 건 어떨까요? 레드테이블에서 온라인 예약이 가능합니다! 남녀 화장실이 구분되어 있는 매장입니다. 주차공간, 다국어 메뉴판이 있는 매장입니다.",운영중,True,True,풍남동,official_coordinates,https://www.data.go.kr/data/15076735/fileData.do; 2022-04-01,2022-04-01
656787,치킨마루 전주송천점,전북특별자치도 전주시 덕진구 시천로 36 1층,전북특별자치도 전주시 덕진구 송천동1가 626-1,35.8622892,127.1148743,063-278-8283,호프/통닭,일반음식점,"""치킨마루(전주송천점)""는 전라북도 전주시에 있습니다. 레드테이블에서 온라인 예약이 가능합니다! 배달 가능한 매장입니다. 다국어 메뉴판, 무선 인터넷이 있는 매장입니다.",운영중,True,True,송천2동,official_coordinates,https://www.data.go.kr/data/15076735/fileData.do; 2022-04-01,2022-04-01
656856,명기주막,전북특별자치도 전주시 완산구 성지산3길 21,전북특별자치도 전주시 완산구 효자동1가 554,35.8054961,127.1211469,063-237-0831,기타,일반음식점,"무엇을 먹을지 고민되신다고요? 전라북도 전주시에 계시다면 ""명기주막""을 추천합니다! 다국어 메뉴판이 있는 매장입니다.",운영중,True,True,효자2동,official_coordinates,https://www.data.go.kr/data/15076735/fileData.do; 2022-04-01,2022-04-01
656885,더리터 전북대점,전북특별자치도 전주시 덕진구 명륜5길 19,전북특별자치도 전주시 덕진구 덕진동1가 1312-38,35.8444648,127.1259866,063-253-7776,커피숍,휴게음식점,"""더리터(전북대점)""를 전라북도 전주시의 가 볼 만한 식당으로 추천합니다! 레드테이블에서 온라인 예약이 가능합니다! 반려동물 입장이 가능한 매장입니다. 배달 가능한 매장입니다. 다국어 메뉴판이 있는 매장입니다.",운영중,True,True,덕진동,official_coordinates,https://www.data.go.kr/data/15076735/fileData.do; 2022-04-01,2022-04-01
657068,치킨과바람피자,전북특별자치도 전주시 완산구 천경로 35,전북특별자치도 전주시 완산구 동서학동 86-5,35.8096648,127.1530617,063-288-0789,호프/통닭,일반음식점,"어디 가야 할지 고민이시라고요? 그럼 전라북도 전주시 맛집, ""치킨과바람피자(한옥마을점)""를 추천합니다! 레드테이블에서 온라인 예약이 가능합니다! 배달 가능한 매장입니다. 다국어 메뉴판이 있는 매장입니다.",운영중,True,True,동서학동,official_coordinates,https://www.data.go.kr/data/15076735/fileData.do; 2022-04-01,2022-04-01
657444,슬랭,전북특별자치도 전주시 완산구 홍산북로 83-9,전북특별자치도 전주시 완산구 효자동3가 1530-5,35.8178481,127.1106519,063-278-7089,카페,,"""슬랭""은 전라북도 전주시에 있습니다.",운영중,True,True,효자5동,official_coordinates,https://www.data.go.kr/data/15076735/fileData.do; 2022-04-01,2022-04-01
657504,김사장포차,전북특별자치도 전주시 덕진구 가리내5길 16 좋은사람빌 김사장포차,전북특별자치도 전주시 덕진구 덕진동2가 661-7,35.8461061,127.1099508,063-275-0430,정종/대포집/소주방,일반음식점,"""김사장포차""를 전라북도 전주시의 가 볼 만한 식당으로 추천합니다! 배달 가능한 매장입니다. 다국어 메뉴판이 있는 매장입니다.",운영중,True,True,덕진동,official_coordinates,https://www.data.go.kr/data/15076735/fileData.do; 2022-04-01,2022-04-01
658697,신날개 송천점,전북특별자치도 전주시 덕진구 송천1길 9-13,전북특별자치도 전주시 덕진구 송천동1가 380-42,35.8558837,127.1198105,063-271-5888,한식,일반음식점,"무엇을 먹을지 고민되신다고요? 전라북도 전주시에 계시다면 ""신날개(송천점)""를 추천합니다! 레드테이블에서 온라인 예약이 가능합니다! 반려동물 입장이 가능한 매장입니다. 배달 가능한 매장입니다. 다국어 메뉴판이 있는 매장입니다.",운영중,True,True,송천2동,official_coordinates,https://www.data.go.kr/data/15076735/fileData.do; 2022-04-01,2022-04-01
656298,꼬끄프랑,전북특별자치도 전주시 완산구 홍산4길 8 3층,전북특별자치도 전주시 완산구 효자동3가 1528-2,35.8183059,127.1097379,063-228-7797,기타,일반음식점,"전라북도 전주시에서 식당을 찾으신다면? ""꼬끄프랑""을 방문해보세요! 레드테이블에서 온라인 예약이 가능합니다! 남녀 화장실이 구분되어 있는 매장입니다. 배달 가능한 매장입니다. 다국어 메뉴판, 무선 인터넷이 있는 매장입니다.",운영중,True,True,효자5동,official_coordinates,https://www.data.go.kr/data/15076735/fileData.do; 2022-04-01,2022-04-01
659582,번지농장돌판아구찜,전북특별자치도 전주시 덕진구 백제대로 832,전북특별자치도 전주시 완산구 평화동1가 710-1,35.8483692,127.159395,063-278-8555,한식,일반음식점,"""번지농장돌판아구찜(아중점)""은 전라북도 전주시에 있습니다. 레드테이블에서 온라인 예약이 가능합니다! 남녀 화장실이 구분되어 있는 매장입니다. 배달 가능한 매장입니다. 주차공간, 놀이방이 마련되어 있으며 다국어 메뉴판, 무선 인터넷을 제공하는 매장입니다.",운영중,True,True,우아1동,official_coordinates,https://www.data.go.kr/data/15076735/fileData.do; 2022-04-01,2022-04-01
654486,국수나무 하가점,전북특별자치도 전주시 덕진구 가리내8길 19,전북특별자치도 전주시 덕진구 덕진동2가 673-3,35.8433058,127.1097128,063-277-1800,한식,일반음식점,"무엇을 먹을지 고민되신다고요? 전라북도 전주시에 계시다면 ""국수나무(하가점)""를 추천합니다! 레드테이블에서 온라인 예약이 가능합니다! 배달 가능한 매장입니다. 다국어 메뉴판이 있는 매장입니다.",운영중,True,True,덕진동,official_coordinates,https://www.data.go.kr/data/15076735/fileData.do; 2022-04-01,2022-04-01
864948,전원집,전북특별자치도 전주시 완산구 중화산로 76,전북특별자치도 전주시 완산구 중화산동2가 613-16,35.81727,127.1184161,063-223-6689,감자탕,,"전라북도 전주시에서 어디를 갈지 고민이라면! ""전원집""에 가보시는 건 어떨까요?",운영중,True,True,중화산2동,official_coordinates,https://www.data.go.kr/data/15076735/fileData.do; 2022-04-01,2022-04-01
647489,리틀하노이 평화점,전북특별자치도 전주시 완산구 평화로 139 ,전북특별자치도 전주시 완산구 평화동2가 871-3 ,35.7891634,127.1351568,070-4191-0913,기타,일반음식점,"전라북도 전주시에서 맛집을 찾으신다면 ""리틀하노이(전주평화점)""를 추천합니다. 레드테이블에서 온라인 예약이 가능합니다! 남녀 화장실이 구분되어 있는 매장입니다. 배달 가능한 매장입니다. 주차공간, 키오스크가 마련되어 있으며 다국어 메뉴판, 무선 인터넷을 제공하는 매장입니다.",운영중,True,True,평화2동,official_coordinates,https://www.data.go.kr/data/15076735/fileData.do; 2022-04-01,2022-04-01
647764,진안고기명가정육식당,전북특별자치도 전주시 완산구 효자로 277,전북특별자치도 전주시 완산구 중화산동2가 768-2,35.8192837,127.1157655,063-221-7765,기타,일반음식점,"""진안고기명가(중화산점)""는 전라북도 전주시에 있습니다. 레드테이블에서 온라인 예약이 가능합니다! 다국어 메뉴판이 있는 매장입니다.",운영중,True,True,중화산2동,official_coordinates,https://www.data.go.kr/data/15076735/fileData.do; 2022-04-01,2022-04-01
864949,교촌치킨,전북특별자치도 전주시 완산구 신촌4길 4,전북특별자치도 전주시 완산구 중화산동2가 777-6,35.8179689,127.1177222,063-228-5060,,,"""교촌치킨""을 전라북도 전주시의 가 볼 만한 식당으로 추천합니다!",운영중,True,True,중화산2동,official_coordinates,https://www.data.go.kr/data/15076735/fileData.do; 2022-04-01,2022-04-01
648576,마로커피관,전북특별자치도 전주시 완산구 전주객사1길 46-11,전북특별자치도 전주시 완산구 다가동4가 89-4,35.8186838,127.1396097,,한식,일반음식점,"전라북도 전주시에서 어디를 갈지 고민이라면! ""마로커피관""에 가보시는 건 어떨까요? 다국어 메뉴판이 있는 매장입니다.",운영중,True,True,중앙동,official_coordinates,https://www.data.go.kr/data/15076735/fileData.do; 2022-04-01,2022-04-01
648786,포슬린카페,전북특별자치도 전주시 완산구 현무1길 20 2층,전북특별자치도 전주시 완산구 경원동3가 14-2,35.8205657,127.1482307,,기타 휴게음식점,휴게음식점,"""카페포슬린""은 전라북도 전주시에 있습니다. 레드테이블에서 온라인 예약이 가능합니다! 남녀 화장실이 구분되어 있는 매장입니다. 주차공간, 다국어 메뉴판, 그리고 무선 인터넷이 있는 매장입니다.",운영중,True,True,풍남동,official_coordinates,https://www.data.go.kr/data/15076735/fileData.do; 2022-04-01,2022-04-01
648918,에바다떡볶이앤튀김,전북특별자치도 전주시 덕진구 명륜4길 10,전북특별자치도 전주시 덕진구 덕진동1가 1263-4,35.8428026,127.1266515,063-252-5454,분식,일반음식점,"전라북도 전주시에 가신다면 ""에바다떡볶이앤튀김""에 방문해보세요~ 레드테이블에서 온라인 예약이 가능합니다! 다국어 메뉴판이 있는 매장입니다.",운영중,True,True,덕진동,official_coordinates,https://www.data.go.kr/data/15076735/fileData.do; 2022-04-01,2022-04-01
649121,금강하구둑해물칼국수,전북특별자치도 전주시 덕진구 온고을로 589,전북특별자치도 전주시 덕진구 장동 557-3,35.8566165,127.066098,063-212-5777,한식,일반음식점,"어디 가야 할지 고민이시라고요? 그럼 전라북도 전주시 맛집, ""금강하구둑해물칼국수""를 추천합니다! 남녀 화장실이 구분되어 있는 매장입니다. 주차공간, 다국어 메뉴판, 그리고 무선 인터넷이 있는 매장입니다.",운영중,True,True,여의동,official_coordinates,https://www.data.go.kr/data/15076735/fileData.do; 2022-04-01,2022-04-01
654198,더리터 서신점 ,전북특별자치도 전주시 완산구 당산로 124,전북특별자치도 전주시 완산구 서신동 783-1,35.831986,127.1218959,063-271-0090,기타 휴게음식점,휴게음식점,"전라북도 전주시에 가신다면 ""더리터(전주서신점)""에 방문해보세요~ 레드테이블에서 온라인 예약이 가능합니다! 다국어 메뉴판이 있는 매장입니다.",운영중,True,True,서신동,official_coordinates,https://www.data.go.kr/data/15076735/fileData.do; 2022-04-01,2022-04-01
649753,등대횟집,전북특별자치도 전주시 덕진구 우아3길 20-3,전북특별자치도 전주시 완산구 풍남동2가 6-2,35.8487822,127.1544857,063-247-3360,일식,일반음식점,"전라북도 전주시에서 맛집을 찾으신다면 ""등대횟집""을 추천합니다. 레드테이블에서 온라인 예약이 가능합니다! 다국어 메뉴판이 있는 매장입니다.",운영중,True,True,우아1동,official_coordinates,https://www.data.go.kr/data/15076735/fileData.do; 2022-04-01,2022-04-01
650228,최가네두루치기,전북특별자치도 전주시 덕진구 솔내5길 4,전북특별자치도 전주시 덕진구 송천동1가 395-33,35.8577456,127.1212395,050-4054-4906,한식,일반음식점,"어디 가야 할지 고민이시라고요? 그럼 전라북도 전주시 맛집, ""최가네두루치기(송천점)""를 추천합니다! 레드테이블에서 온라인 예약이 가능합니다! 배달 가능한 매장입니다. 다국어 메뉴판이 있는 매장입니다.",운영중,True,True,송천1동,official_coordinates,https://www.data.go.kr/data/15076735/fileData.do; 2022-04-01,2022-04-01
650316,맛찬들왕소금구이 전주혁신점,전북특별자치도 전주시 덕진구 중동로 104-14,전북특별자치도 전주시 덕진구 장동 1093-2,35.8433852,127.0645956,063-212-6692,한식,일반음식점,"무엇을 먹을지 고민되신다고요? 전라북도 전주시에 계시다면 ""맛찬들왕소금구이(전주혁신도시점)""를 추천합니다! 레드테이블에서 온라인 예약이 가능합니다! 남녀 화장실이 구분되어 있는 매장입니다. 배달 가능한 매장입니다. 주차공간, 놀이방이 마련되어 있으며 다국어 메뉴판, 무선 인터넷을 제공하는 매장입니다.",운영중,True,True,여의동,official_coordinates,https://www.data.go.kr/data/15076735/fileData.do; 2022-04-01,2022-04-01
650380,보미수산횟집,전북특별자치도 전주시 완산구 천잠로 18,전북특별자치도 전주시 완산구 삼천동2가 284,35.7934525,127.1101074,063-227-9062,기타,일반음식점,"""보미수산횟집""을 전라북도 전주시의 가 볼 만한 식당으로 추천합니다! 레드테이블에서 온라인 예약이 가능합니다! 다국어 메뉴판이 있는 매장입니다.",운영중,True,True,삼천3동,official_coordinates,https://www.data.go.kr/data/15076735/fileData.do; 2022-04-01,2022-04-01
650991,교촌치킨 솔내점,전북특별자치도 전주시 덕진구 송천로 42,전북특별자치도 전주시 덕진구 송천동1가 405-1,35.8570979,127.1186517,063-244-1991,호프/통닭,일반음식점,"어디 가야 할지 고민이시라고요? 그럼 전라북도 전주시 맛집, ""교촌치킨(솔내점)""을 추천합니다! 레드테이블에서 온라인 예약이 가능합니다! 반려동물 입장이 가능한 매장입니다. 배달 가능한 매장입니다. 다국어 메뉴판이 있는 매장입니다.",운영중,True,True,송천2동,official_coordinates,https://www.data.go.kr/data/15076735/fileData.do; 2022-04-01,2022-04-01
651137,까망돈,전북특별자치도 전주시 덕진구 가리내10길 12-1,전북특별자치도 전주시 덕진구 덕진동2가 677-6,35.8422117,127.110569,063-252-3392,한식,일반음식점,"어디 가야 할지 고민이시라고요? 그럼 전라북도 전주시 맛집, ""까망돈""을 추천합니다! 레드테이블에서 온라인 예약이 가능합니다! 남녀 화장실이 구분되어 있는 매장입니다. 주차공간, 놀이방이 마련되어 있으며 다국어 메뉴판, 무선 인터넷을 제공하는 매장입니다.",운영중,True,True,덕진동,official_coordinates,https://www.data.go.kr/data/15076735/fileData.do; 2022-04-01,2022-04-01
651721,감영75,전북특별자치도 전주시 완산구 전라감영로 75,전북특별자치도 전주시 완산구 전동 140-1,35.8161306,127.1475842,063-285-0005,브런치,,"""감영75""를 전라북도 전주시의 가 볼 만한 식당으로 추천합니다!",운영중,True,True,풍남동,official_coordinates,https://www.data.go.kr/data/15076735/fileData.do; 2022-04-01,2022-04-01
652553,써니분식,전북특별자치도 전주시 완산구 성지산3길 11,전북특별자치도 전주시 완산구 효자동1가 550,35.8053593,127.1224097,063-252-5621,기타 휴게음식점,휴게음식점,"전라북도 전주시에서 맛집을 찾으신다면 ""써니분식""을 추천합니다. 다국어 메뉴판이 있는 매장입니다.",운영중,True,True,효자2동,official_coordinates,https://www.data.go.kr/data/15076735/fileData.do; 2022-04-01,2022-04-01
649830,더리터 전주송천점,전북특별자치도 전주시 덕진구 시천로 64,전북특별자치도 전주시 덕진구 송천동1가 832-3,35.8649425,127.1146257,063-255-8254,커피숍,휴게음식점,"전라북도 전주시에서 맛집을 찾으신다면 ""더리터(전주 송천점)""를 추천합니다. 레드테이블에서 온라인 예약이 가능합니다! 배달 가능한 매장입니다. 다국어 메뉴판이 있는 매장입니다.",운영중,True,True,송천2동,official_coordinates,https://www.data.go.kr/data/15076735/fileData.do; 2022-04-01,2022-04-01
646433,한우당,전북특별자치도 전주시 완산구 우전로 102,전북특별자치도 전주시 완산구 효자동2가 1208-2,35.804257,127.1009442,063-227-2003,기타,일반음식점,"전라북도 전주시에서 가 볼 만한 식당을 찾으신다면? ""한우당""을 추천합니다! 레드테이블에서 온라인 예약이 가능합니다! 남녀 화장실이 구분되어 있는 매장입니다. 주차공간, 다국어 메뉴판, 그리고 무선 인터넷이 있는 매장입니다.",운영중,True,True,효자4동,official_coordinates,https://www.data.go.kr/data/15076735/fileData.do; 2022-04-01,2022-04-01
660022,카페딜라이트,전북특별자치도 전주시 완산구 배학4길 2,전북특별자치도 전주시 완산구 효자동3가 1680-1,35.8197763,127.0972202,,기타 휴게음식점,휴게음식점,"전라북도 전주시에서 어디를 갈지 고민이라면! ""카페딜라이트""에 가보시는 건 어떨까요? 레드테이블에서 온라인 예약이 가능합니다! 다국어 메뉴판, 무선 인터넷이 있는 매장입니다.",운영중,True,True,효자5동,official_coordinates,https://www.data.go.kr/data/15076735/fileData.do; 2022-04-01,2022-04-01
660519,커피 브레이크,전북특별자치도 전주시 완산구 농소2길 5,전북특별자치도 전주시 완산구 효자동3가 1720-10,35.8141631,127.0975739,063-229-5935,커피숍,휴게음식점,"전라북도 전주시에서 어디를 갈지 고민이라면! ""커피브레이크""에 가보시는 건 어떨까요? 레드테이블에서 온라인 예약이 가능합니다! 다국어 메뉴판, 무선 인터넷이 있는 매장입니다.",운영중,True,True,효자5동,official_coordinates,https://www.data.go.kr/data/15076735/fileData.do; 2022-04-01,2022-04-01
666688,카페오늘,전북특별자치도 전주시 완산구 대동로 19,전북특별자치도 전주시 완산구 태평동 83-38,35.8212792,127.1380686,063-904-9009,기타 휴게음식점,휴게음식점,"어디 가야 할지 고민이시라고요? 그럼 전라북도 전주시 맛집, ""5늘""을 추천합니다! 베리어프리 매장입니다. 주차공간, 다국어 메뉴판, 그리고 무선 인터넷이 있는 매장입니다.",운영중,True,True,중앙동,official_coordinates,https://www.data.go.kr/data/15076735/fileData.do; 2022-04-01,2022-04-01
666865,밀리언커피 전주점,전북특별자치도 전주시 완산구 천잠로 9,전북특별자치도 전주시 완산구 삼천동2가 273-2,35.7921496,127.1103866,063-221-6158,한식,일반음식점,"""밀리언커피(전주점)""는 전라북도 전주시에 있습니다. 레드테이블에서 온라인 예약이 가능합니다! 다국어 메뉴판이 있는 매장입니다.",운영중,True,True,삼천3동,official_coordinates,https://www.data.go.kr/data/15076735/fileData.do; 2022-04-01,2022-04-01
667280,국수나무 평화점,전북특별자치도 전주시 완산구 모악로 4655,전북특별자치도 전주시 완산구 평화동2가 362-2 신성빌딩,35.7853482,127.1289975,063-222-2887,기타 휴게음식점,휴게음식점,"전라북도 전주시에 가신다면 ""국수나무(평화점)""에 방문해보세요~ 레드테이블에서 온라인 예약이 가능합니다! 남녀 화장실이 구분되어 있는 매장입니다. 배달 가능한 매장입니다. 주차공간, 다국어 메뉴판, 그리고 무선 인터넷이 있는 매장입니다.",운영중,True,True,평화2동,official_coordinates,https://www.data.go.kr/data/15076735/fileData.do; 2022-04-01,2022-04-01
667629,쿠우쿠우 전주효자점,전북특별자치도 전주시 완산구 홍산남로 73 3층,전북특별자치도 전주시 완산구 효자동3가 1539-2,35.8159923,127.1099758,063-222-6274,,,"무엇을 먹을지 고민되신다고요? 전라북도 전주시에 계시다면 ""쿠우쿠우 전주효자점""을 추천합니다!",운영중,True,True,효자5동,official_coordinates,https://www.data.go.kr/data/15076735/fileData.do; 2022-04-01,2022-04-01
667950,만두가,전북특별자치도 전주시 완산구 거마평로 25,전북특별자치도 전주시 완산구 삼천동1가 300-3 흥건1차아파트 상가,35.7947327,127.11666,50713121,기타 휴게음식점,휴게음식점,"어디 가야 할지 고민이시라고요? 그럼 전라북도 전주시 맛집, ""만두가""를 추천합니다! 레드테이블에서 온라인 예약이 가능합니다! 배달 가능한 매장입니다. 다국어 메뉴판이 있는 매장입니다.",운영중,True,True,삼천3동,official_coordinates,https://www.data.go.kr/data/15076735/fileData.do; 2022-04-01,2022-04-01
668022,구스타,"전북특별자치도 전주시 완산구 전주객사2길 77 1층, 2층",전북특별자치도 전주시 완산구 다가동4가 55-6,35.8201367,127.1396201,070-402-1130,한식,일반음식점,"전라북도 전주시에서 맛집을 찾으신다면 ""구스타""를 추천합니다. 지방자치단체 인증을 받은 농림축산식품부 제공 안심식당입니다. 레드테이블에서 온라인 예약이 가능합니다! 남녀 화장실이 구분되어 있는 매장입니다. 주차공간, 다국어 메뉴판, 그리고 무선 인터넷이 있는 매장입니다.",운영중,True,True,중앙동,official_coordinates,https://www.data.go.kr/data/15076735/fileData.do; 2022-04-01,2022-04-01
668861,이디야커피 전주KBS점,전북특별자치도 전주시 완산구 마전2길 17-8 1층,전북특별자치도 전주시 완산구 효자동3가 1643-5,35.8222616,127.1022868,063-227-4684,카페,,"""이디야커피 전주KBS점""은 전라북도 전주시에 있습니다.",운영중,True,True,효자5동,official_coordinates,https://www.data.go.kr/data/15076735/fileData.do; 2022-04-01,2022-04-01
665677,가츠연,전북특별자치도 전주시 완산구 홍산북로 46-21 2층,전북특별자치도 전주시 완산구 효자동3가 1533-3,35.8167438,127.1073622,070-7510-2277,한식,일반음식점,"무엇을 먹을지 고민되신다고요? 전라북도 전주시에 계시다면 ""가츠연""을 추천합니다! 레드테이블에서 온라인 예약이 가능합니다! 남녀 화장실이 구분되어 있는 매장입니다. 주차공간, 다국어 메뉴판, 그리고 무선 인터넷이 있는 매장입니다.",운영중,True,True,효자5동,official_coordinates,https://www.data.go.kr/data/15076735/fileData.do; 2022-04-01,2022-04-01
669229,커리우먼,전북특별자치도 전주시 완산구 전주객사3길 12-6,전북특별자치도 전주시 완산구 중앙동2가 31-4,35.817857,127.1429754,063-288-1052,분식,일반음식점,"무엇을 먹을지 고민되신다고요? 전라북도 전주시에 계시다면 ""커리우먼""을 추천합니다! 레드테이블에서 온라인 예약이 가능합니다! 다국어 메뉴판, 무선 인터넷이 있는 매장입니다.",운영중,True,True,중앙동,official_coordinates,https://www.data.go.kr/data/15076735/fileData.do; 2022-04-01,2022-04-01
670738,포이스트,전북특별자치도 전주시 완산구 홍산로 262 117호,전북특별자치도 전주시 완산구 효자동3가 1531-1,35.817218,127.1064362,063-224-9400,한식,일반음식점,"전라북도 전주시에서 식당을 찾으신다면? ""포이스트""를 방문해보세요! 남녀 화장실이 구분되어 있는 매장입니다. 배달 가능한 매장입니다. 주차공간, 다국어 메뉴판, 그리고 무선 인터넷이 있는 매장입니다.",운영중,True,True,효자5동,official_coordinates,https://www.data.go.kr/data/15076735/fileData.do; 2022-04-01,2022-04-01
670920,뽕뜨락피자 평화점,전북특별자치도 전주시 완산구 평화9길 13,전북특별자치도 전주시 완산구 평화동2가 874-5,35.7886907,127.1365957,063-223-0600,기타,일반음식점,"전라북도 전주시에서 식당을 찾으신다면? ""뽕뜨락피자(평화점)""를 방문해보세요! 레드테이블에서 온라인 예약이 가능합니다! 배달 가능한 매장입니다. 다국어 메뉴판이 있는 매장입니다.",운영중,True,True,평화2동,official_coordinates,https://www.data.go.kr/data/15076735/fileData.do; 2022-04-01,2022-04-01
671126,굿플레이스,전북특별자치도 전주시 완산구 전주객사2길 10,전북특별자치도 전주시 완산구 중앙동1가 31-1,35.8173614,127.1414429,,호프/통닭,일반음식점,"전라북도 전주시에서 식당을 찾으신다면? ""굿플레이스""를 방문해보세요! 레드테이블에서 온라인 예약이 가능합니다! 남녀 화장실이 구분되어 있는 매장입니다. 배달 가능한 매장입니다. 주차공간, 다국어 메뉴판이 있는 매장입니다.",운영중,True,True,중앙동,official_coordinates,https://www.data.go.kr/data/15076735/fileData.do; 2022-04-01,2022-04-01
671245,오거리손만두찐빵 오거리점,전북특별자치도 전주시 완산구 전주객사5길 99,전북특별자치도 전주시 완산구 고사동 227-5,35.8225472,127.1440654,063-255-3004,기타 휴게음식점,휴게음식점,"전라북도 전주시에서 가 볼 만한 식당을 찾으신다면? ""신바람난만두""를 추천합니다! 다국어 메뉴판이 있는 매장입니다.",운영중,True,True,중앙동,official_coordinates,https://www.data.go.kr/data/15076735/fileData.do; 2022-04-01,2022-04-01
671293,풍년제과,전북특별자치도 전주시 덕진구 쪽구름로 120,전북특별자치도 전주시 덕진구 송천동2가 179-116,35.874165,127.0721458,063-211-0403,제과점영업,제과점영업,"무엇을 먹을지 고민되신다고요? 전라북도 전주시에 계시다면 ""풍년제과(반월점)""를 추천합니다! 레드테이블에서 온라인 예약이 가능합니다! 다국어 메뉴판이 있는 매장입니다.",운영중,True,True,조촌동,official_coordinates,https://www.data.go.kr/data/15076735/fileData.do; 2022-04-01,2022-04-01
671405,노랑통닭 서곡지구점,전북특별자치도 전주시 완산구 세내로 525,전북특별자치도 전주시 완산구 효자동3가 1475-1,35.8328538,127.1013497,063-277-5582,호프/통닭,일반음식점,"""노랑통닭(서곡지구점)""을 전라북도 전주시의 가 볼 만한 식당으로 추천합니다! 레드테이블에서 온라인 예약이 가능합니다! 배달 가능한 매장입니다. 주차공간, 다국어 메뉴판이 있는 매장입니다.",운영중,True,True,효자5동,official_coordinates,https://www.data.go.kr/data/15076735/fileData.do; 2022-04-01,2022-04-01
671623,부대통령뚝배기 전주대점,전북특별자치도 전주시 완산구 백마산길 17,전북특별자치도 전주시 완산구 효자동3가 1184-8,35.8174719,127.0914178,063-236-5780,한식,일반음식점,"전라북도 전주시에서 어디를 갈지 고민이라면! ""부대통령뚝배기(전주대점)""에 가보시는 건 어떨까요? 배달 가능한 매장입니다. 다국어 메뉴판이 있는 매장입니다.",운영중,True,True,효자4동,official_coordinates,https://www.data.go.kr/data/15076735/fileData.do; 2022-04-01,2022-04-01
670261,올드스터프,전북특별자치도 전주시 완산구 마전중앙로 4 jc빌딩 1층 올드스터프,전북특별자치도 전주시 완산구 효자동3가 1643-1,35.8231615,127.102208,070-8865-4511,호프/통닭,일반음식점,"""올드스터프""는 전라북도 전주시에 있습니다. 레드테이블에서 온라인 예약이 가능합니다! 남녀 화장실이 구분되어 있는 매장입니다. 주차공간, 다국어 메뉴판, 그리고 무선 인터넷이 있는 매장입니다.",운영중,True,True,효자5동,official_coordinates,https://www.data.go.kr/data/15076735/fileData.do; 2022-04-01,2022-04-01
660249,정’s돈까스,전북특별자치도 전주시 완산구 서신로 103,전북특별자치도 전주시 완산구 서신동 963-6,35.8346195,127.1155992,063-251-9790,기타 휴게음식점,휴게음식점,"전라북도 전주시에 가신다면 ""정돈까스(서신점)""에 방문해보세요~ 레드테이블에서 온라인 예약이 가능합니다! 배달 가능한 매장입니다. 다국어 메뉴판이 있는 매장입니다.",운영중,True,True,서신동,official_coordinates,https://www.data.go.kr/data/15076735/fileData.do; 2022-04-01,2022-04-01
665580,월남쌈구이&샤브 샤브향 송천점,전북특별자치도 전주시 덕진구 천마산로 67 2층,전북특별자치도 전주시 덕진구 송천동2가 202-31,35.8651461,127.1284017,063-253-3636,한식,일반음식점,"""샤브향(송천점)""은 전라북도 전주시에 있습니다. 남녀 화장실이 구분되어 있는 매장입니다. 주차공간, 다국어 메뉴판, 그리고 무선 인터넷이 있는 매장입니다.",운영중,True,True,송천1동,official_coordinates,https://www.data.go.kr/data/15076735/fileData.do; 2022-04-01,2022-04-01
665158,봄커피,전북특별자치도 전주시 완산구 전라감영2길 31,전북특별자치도 전주시 완산구 다가동3가 107-2,35.8159947,127.1413361,063-288-4076,한식,일반음식점,"""봄커피""는 전라북도 전주시에 있습니다. 레드테이블에서 온라인 예약이 가능합니다! 남녀 화장실이 구분되어 있는 매장입니다. 배달 가능한 매장입니다. 다국어 메뉴판, 무선 인터넷이 있는 매장입니다.",운영중,True,True,중앙동,official_coordinates,https://www.data.go.kr/data/15076735/fileData.do; 2022-04-01,2022-04-01
661311,포크패밀리,전북특별자치도 전주시 완산구 홍산중앙로 47,전북특별자치도 전주시 완산구 효자동3가 1527-10,35.8178974,127.1087716,063-223-4192,한식,일반음식점,"전라북도 전주시에서 식당을 찾으신다면? ""포크패밀리""를 방문해보세요! 레드테이블에서 온라인 예약이 가능합니다! 남녀 화장실이 구분되어 있는 매장입니다. 다국어 메뉴판이 있는 매장입니다.",운영중,True,True,효자5동,official_coordinates,https://www.data.go.kr/data/15076735/fileData.do; 2022-04-01,2022-04-01
661395,바다 양푼이 동태탕 대구탕,전북특별자치도 전주시 덕진구 벚꽃3길 4-1,전북특별자치도 전주시 덕진구 진북동 1022-29,35.8281118,127.1341119,063-252-0434,한식,일반음식점,"""바다양푼이동태탕 바지락칼국수(진북점)""를 전라북도 전주시의 가 볼 만한 식당으로 추천합니다! 레드테이블에서 온라인 예약이 가능합니다! 다국어 메뉴판이 있는 매장입니다.",운영중,True,True,진북동,official_coordinates,https://www.data.go.kr/data/15076735/fileData.do; 2022-04-01,2022-04-01
661562,STEADY ESPRESSO,전북특별자치도 전주시 완산구 마전들로 75 1층,전북특별자치도 전주시 완산구 효자동3가 1648-5,35.8212192,127.1038019,063-227-4608,커피숍,휴게음식점,"전라북도 전주시에서 가 볼 만한 식당을 찾으신다면? ""스테디에스프레소""를 추천합니다! 레드테이블에서 온라인 예약이 가능합니다! 배달 가능한 매장입니다. 다국어 메뉴판이 있는 매장입니다.",운영중,True,True,효자5동,official_coordinates,https://www.data.go.kr/data/15076735/fileData.do; 2022-04-01,2022-04-01
661629,Groom,전북특별자치도 전주시 완산구 전라감영2길 36,전북특별자치도 전주시 완산구 다가동3가 96-2,35.8162634,127.1413512,,경양식,일반음식점,"무엇을 먹을지 고민되신다고요? 전라북도 전주시에 계시다면 ""그룸""을 추천합니다! 다국어 메뉴판이 있는 매장입니다.",운영중,True,True,중앙동,official_coordinates,https://www.data.go.kr/data/15076735/fileData.do; 2022-04-01,2022-04-01
662113,브라운,전북특별자치도 전주시 완산구 호암로 23 1층 ,전북특별자치도 전주시 완산구 효자동2가 1313-5 1층 ,35.809304,127.0972612,063-221-1018,기타,일반음식점,"전라북도 전주시에서 식당을 찾으신다면? ""카페브라운""을 방문해보세요! 레드테이블에서 온라인 예약이 가능합니다! 남녀 화장실이 구분되어 있는 매장입니다. 주차공간, 다국어 메뉴판, 그리고 무선 인터넷이 있는 매장입니다.",운영중,True,True,효자4동,official_coordinates,https://www.data.go.kr/data/15076735/fileData.do; 2022-04-01,2022-04-01
662354,돔배삼겹,전북특별자치도 전주시 덕진구 시천로 29-8,전북특별자치도 전주시 덕진구 송천동1가 626-38,35.8619674,127.1140174,050-4054-4955,한식,일반음식점,"무엇을 먹을지 고민되신다고요? 전라북도 전주시에 계시다면 ""돔배삼겹(송천점)""을 추천합니다! 다국어 메뉴판이 있는 매장입니다.",운영중,True,True,송천2동,official_coordinates,https://www.data.go.kr/data/15076735/fileData.do; 2022-04-01,2022-04-01
662438,카페 914-4,전북특별자치도 전주시 완산구 평화4길 8-6,전북특별자치도 전주시 완산구 평화동2가 914-4 1층,35.7824073,127.1338253,063-223-1241,커피숍,휴게음식점,"전라북도 전주시에서 어디를 갈지 고민이라면! ""카페914-4""에 가보시는 건 어떨까요? 레드테이블에서 온라인 예약이 가능합니다! 반려동물 입장이 가능하고, 남녀 화장실이 구분되어 있는 매장입니다. 주차공간, 다국어 메뉴판, 그리고 무선 인터넷이 있는 매장입니다.",운영중,True,True,평화2동,official_coordinates,https://www.data.go.kr/data/15076735/fileData.do; 2022-04-01,2022-04-01
665389,마노아카페,전북특별자치도 전주시 완산구 계룡산길 46,전북특별자치도 전주시 완산구 삼천동2가 226-3,35.7897951,127.1050168,063-227-1788,한식,일반음식점,"어디 가야 할지 고민이시라고요? 그럼 전라북도 전주시 맛집, ""마노아""를 추천합니다! 레드테이블에서 온라인 예약이 가능합니다! 반려동물 입장이 가능하고, 남녀 화장실이 구분되어 있는 매장입니다. 주차공간, 다국어 메뉴판, 그리고 무선 인터넷이 있는 매장입니다.",운영중,True,True,삼천3동,official_coordinates,https://www.data.go.kr/data/15076735/fileData.do; 2022-04-01,2022-04-01
662554,완이네연탄구이,전북특별자치도 전주시 완산구 서곡1길 5-3,전북특별자치도 전주시 완산구 효자동3가 1457-12,35.8347284,127.1002693,063-271-1130,한식,일반음식점,"""완이네연탄구이""는 전라북도 전주시에 있습니다. 레드테이블에서 온라인 예약이 가능합니다! 다국어 메뉴판이 있는 매장입니다.",운영중,True,True,효자5동,official_coordinates,https://www.data.go.kr/data/15076735/fileData.do; 2022-04-01,2022-04-01
662828,콤마,전북특별자치도 전주시 완산구 마전2길 5-6 1층 COMMA,전북특별자치도 전주시 완산구 효자동3가 1646-5,35.8224361,127.1035986,063-221-2514,한식,일반음식점,"전라북도 전주시에서 어디를 갈지 고민이라면! ""콤마""에 가보시는 건 어떨까요? 레드테이블에서 온라인 예약이 가능합니다! 남녀 화장실이 구분되어 있는 매장입니다. 주차공간, 다국어 메뉴판, 그리고 무선 인터넷이 있는 매장입니다.",운영중,True,True,효자5동,official_coordinates,https://www.data.go.kr/data/15076735/fileData.do; 2022-04-01,2022-04-01
663068,무진장흑돼지연탄생구이,전북특별자치도 전주시 완산구 신봉로 12,전북특별자치도 전주시 완산구 효자동1가 623-3,35.8101997,127.1162012,063-224-6446,한식,일반음식점,"무엇을 먹을지 고민되신다고요? 전라북도 전주시에 계시다면 ""무진장연탄구이""를 추천합니다! 레드테이블에서 온라인 예약이 가능합니다! 다국어 메뉴판이 있는 매장입니다.",운영중,True,True,효자2동,official_coordinates,https://www.data.go.kr/data/15076735/fileData.do; 2022-04-01,2022-04-01
663347,두끼떡볶이 전북도청점,전북특별자치도 전주시 완산구 홍산중앙로 27 2층,전북특별자치도 전주시 완산구 효자동3가 1535-8,35.8159627,127.1087461,063-224-6777,한식,일반음식점,"무엇을 먹을지 고민되신다고요? 전라북도 전주시에 계시다면 ""두끼(전북도청점)""를 추천합니다! 레드테이블에서 온라인 예약이 가능합니다! 배달 가능한 매장입니다. 다국어 메뉴판, 무선 인터넷이 있는 매장입니다.",운영중,True,True,효자5동,official_coordinates,https://www.data.go.kr/data/15076735/fileData.do; 2022-04-01,2022-04-01
663408,카페놈,전북특별자치도 전주시 완산구 전주객사1길 80-3,전북특별자치도 전주시 완산구 다가동4가 39-1,35.8199164,127.138782,063-231-1715,한식,일반음식점,"전라북도 전주시에 가신다면 ""카페놈""에 방문해보세요~ 레드테이블에서 온라인 예약이 가능합니다! 배달 가능한 매장입니다. 다국어 메뉴판이 있는 매장입니다.",운영중,True,True,중앙동,official_coordinates,https://www.data.go.kr/data/15076735/fileData.do; 2022-04-01,2022-04-01
663852,본죽 전주효자문학점,전북특별자치도 전주시 완산구 문학대4길 32-4,전북특별자치도 전주시 완산구 효자동3가 1618-3 정원빌,35.8264641,127.1052436,063-224-8008,기타 휴게음식점,휴게음식점,"전라북도 전주시에서 어디를 갈지 고민이라면! ""본죽(전주효자문학점)""에 가보시는 건 어떨까요? 레드테이블에서 온라인 예약이 가능합니다! 배달 가능한 매장입니다. 주차공간, 다국어 메뉴판, 그리고 무선 인터넷이 있는 매장입니다.",운영중,True,True,효자5동,official_coordinates,https://www.data.go.kr/data/15076735/fileData.do; 2022-04-01,2022-04-01
664586,청년다방 전주객사점,전북특별자치도 전주시 완산구 전주객사3길 21,전북특별자치도 전주시 완산구 고사동 440-1,35.8182329,127.1423502,063-288-1666,한식,일반음식점,"전라북도 전주시에서 맛집을 찾으신다면 ""청년다방(전주객사점)""을 추천합니다. 레드테이블에서 온라인 예약이 가능합니다! 배달 가능한 매장입니다. 다국어 메뉴판이 있는 매장입니다.",운영중,True,True,중앙동,official_coordinates,https://www.data.go.kr/data/15076735/fileData.do; 2022-04-01,2022-04-01
664980,효천농장,전북특별자치도 전주시 완산구 천잠로 227-7,전북특별자치도 전주시 완산구 효자동2가 1054-3,35.8069273,127.0944214,063-222-7858,한식,일반음식점,"""효천농장""은 전라북도 전주시에 있습니다. 레드테이블에서 온라인 예약이 가능합니다! 반려동물 입장이 가능하고, 남녀 화장실이 구분되어 있는 매장입니다. 다국어 메뉴판, 무선 인터넷이 있는 매장입니다.",운영중,True,True,효자4동,official_coordinates,https://www.data.go.kr/data/15076735/fileData.do; 2022-04-01,2022-04-01
662604,부부상회,전북특별자치도 전주시 완산구 현무2길 13-5 부부상회,전북특별자치도 전주시 완산구 경원동3가 86-16,35.8199741,127.1494326,063-232-7409,한식,일반음식점,"전라북도 전주시에서 가 볼 만한 식당을 찾으신다면? ""부부상회""를 추천합니다! 남녀 화장실이 구분되어 있는 매장입니다. 주차공간, 다국어 메뉴판, 그리고 무선 인터넷이 있는 매장입니다.",운영중,True,True,풍남동,official_coordinates,https://www.data.go.kr/data/15076735/fileData.do; 2022-04-01,2022-04-01
671687,가만히숨은찻집,전북특별자치도 전주시 완산구 어진길 123,전북특별자치도 전주시 완산구 전동 2-4,35.8165141,127.1480391,063-232-4799,전통찻집,휴게음식점,"전라북도 전주시에서 식당을 찾으신다면? ""가만히숨은찻집""을 방문해보세요! 다국어 메뉴판이 있는 매장입니다.",운영중,True,True,풍남동,official_coordinates,https://www.data.go.kr/data/15076735/fileData.do; 2022-04-01,2022-04-01
645621,역전할머니맥주,전북특별자치도 전주시 완산구 충경로 15,전북특별자치도 전주시 완산구 다가동3가 91-3,35.817014,127.1411569,063-232-1500,기타,일반음식점,"""역전할머니맥주(객사점)""를 전라북도 전주시의 가 볼 만한 식당으로 추천합니다! 레드테이블에서 온라인 예약이 가능합니다! 남녀 화장실이 구분되어 있는 매장입니다. 다국어 메뉴판, 무선 인터넷이 있는 매장입니다.",운영중,True,True,중앙동,official_coordinates,https://www.data.go.kr/data/15076735/fileData.do; 2022-04-01,2022-04-01
864956,왕뚜껑삼겹살,전북특별자치도 전주시 완산구 중화산로 72,전북특별자치도 전주시 완산구 중화산동2가 613-13,35.8167754,127.1183749,063-288-8892,,,"무엇을 먹을지 고민되신다고요? 전라북도 전주시에 계시다면 ""왕뚜껑삼겹살""을 추천합니다!",운영중,True,True,중화산2동,official_coordinates,https://www.data.go.kr/data/15076735/fileData.do; 2022-04-01,2022-04-01
629796,김밥드림,전북특별자치도 전주시 완산구 감나무4길 6(서신동),전북특별자치도 전주시 덕진구 만성동 1277-1,35.8316617,127.1220919,063-277-7896,기타 휴게음식점,휴게음식점,"전라북도 전주시에 가신다면 ""김밥드림""에 방문해보세요~ 레드테이블에서 온라인 예약이 가능합니다! 반려동물 입장이 가능한 매장입니다. 배달 가능한 매장입니다. 다국어 메뉴판이 있는 매장입니다.",운영중,True,True,서신동,official_coordinates,https://www.data.go.kr/data/15076735/fileData.do; 2022-04-01,2022-04-01
629837,동주카페,전북특별자치도 전주시 완산구 평화16길 12(1층 평화동1가),전북특별자치도 전주시 덕진구 송천동2가 522-1,35.7924061,127.1377299,063-223-3647,기타,일반음식점,"전라북도 전주시에서 가 볼 만한 식당을 찾으신다면? ""동주카페""를 추천합니다! 레드테이블에서 온라인 예약이 가능합니다! 주차공간, 다국어 메뉴판, 그리고 무선 인터넷이 있는 매장입니다.",운영중,True,True,평화1동,official_coordinates,https://www.data.go.kr/data/15076735/fileData.do; 2022-04-01,2022-04-01
629860,카페 미뇽,전북특별자치도 전주시 완산구 전주객사4길 74-8,전북특별자치도 전주시 완산구 고사동 177-2,35.8210184,127.1435239,063-282-9933,기타 휴게음식점,휴게음식점,"무엇을 먹을지 고민되신다고요? 전라북도 전주시에 계시다면 ""카페미뇽""을 추천합니다! 레드테이블에서 온라인 예약이 가능합니다! 남녀 화장실이 구분되어 있는 매장입니다. 다국어 메뉴판, 무선 인터넷이 있는 매장입니다.",운영중,True,True,중앙동,official_coordinates,https://www.data.go.kr/data/15076735/fileData.do; 2022-04-01,2022-04-01
630231,김가김밥,전북특별자치도 전주시 완산구 신촌3길 12번지,전북특별자치도 전주시 완산구 중화산동2가 781-6,35.8171453,127.1169052,063-222-6883,기타,일반음식점,"무엇을 먹을지 고민되신다고요? 전라북도 전주시에 계시다면 ""김가김밥""을 추천합니다! 레드테이블에서 온라인 예약이 가능합니다! 배달 가능한 매장입니다. 다국어 메뉴판, 무선 인터넷이 있는 매장입니다.",운영중,True,True,중화산2동,official_coordinates,https://www.data.go.kr/data/15076735/fileData.do; 2022-04-01,2022-04-01
630434,스시유메,전북특별자치도 전주시 완산구 전라감영5길 12,전북특별자치도 전주시 완산구 경원동1가 104-21,35.816816,127.146504,063-231-5242,기타,일반음식점,"전라북도 전주시에서 가 볼 만한 식당을 찾으신다면? ""스시유메""를 추천합니다! 레드테이블에서 온라인 예약이 가능합니다! 배달 가능한 매장입니다. 주차공간, 다국어 메뉴판이 있는 매장입니다.",운영중,True,True,중앙동,official_coordinates,https://www.data.go.kr/data/15076735/fileData.do; 2022-04-01,2022-04-01
631236,폴스베이커리,전북특별자치도 전주시 완산구 전주객사1길 81 국민일보,전북특별자치도 전주시 완산구 다가동4가 119-1,35.8197693,127.1383376,070-4063-0418,기타 휴게음식점,휴게음식점,"전라북도 전주시에서 맛집을 찾으신다면 ""폴스베이커리""를 추천합니다. 레드테이블에서 온라인 예약이 가능합니다! 다국어 메뉴판, 무선 인터넷이 있는 매장입니다.",운영중,True,True,중앙동,official_coordinates,https://www.data.go.kr/data/15076735/fileData.do; 2022-04-01,2022-04-01
631329,가장맛있는족발 전북대점,전북특별자치도 전주시 덕진구 권삼득로 343,전북특별자치도 전주시 덕진구 덕진동1가 664-1,35.8453962,127.1251477,063-278-5849,기타,일반음식점,"전라북도 전주시에서 어디를 갈지 고민이라면! ""가장맛있는족발(전북대점)""에 가보시는 건 어떨까요? 레드테이블에서 온라인 예약이 가능합니다! 배달 가능한 매장입니다. 다국어 메뉴판이 있는 매장입니다.",운영중,True,True,덕진동,official_coordinates,https://www.data.go.kr/data/15076735/fileData.do; 2022-04-01,2022-04-01
629786,숲COFFEE,전북특별자치도 전주시 완산구 삼천천변2길 35,전북특별자치도 전주시 완산구 삼천동1가 428-5,35.7966512,127.1139479,063-224-7309,기타 휴게음식점,휴게음식점,"전라북도 전주시에서 어디를 갈지 고민이라면! ""커피나무숲""에 가보시는 건 어떨까요? 레드테이블에서 온라인 예약이 가능합니다! 다국어 메뉴판이 있는 매장입니다.",운영중,True,True,삼천3동,official_coordinates,https://www.data.go.kr/data/15076735/fileData.do; 2022-04-01,2022-04-01
631460,프롬나드,전북특별자치도 전주시 덕진구 틀못1길 17 ,전북특별자치도 전주시 덕진구 장동 1074,35.8409162,127.0563326,,커피숍,휴게음식점,"전라북도 전주시에 가신다면 ""프롬나드""에 방문해보세요~ 레드테이블에서 온라인 예약이 가능합니다! 반려동물 입장이 가능한 매장입니다. 다국어 메뉴판이 있는 매장입니다.",운영중,True,True,여의동,official_coordinates,https://www.data.go.kr/data/15076735/fileData.do; 2022-04-01,2022-04-01
632251,모어댄,전북특별자치도 전주시 완산구 고사평1길 6,전북특별자치도 전주시 완산구 서신동 946-8,35.8347985,127.1090247,,기타,일반음식점,"무엇을 먹을지 고민되신다고요? 전라북도 전주시에 계시다면 ""모어댄""을 추천합니다! 레드테이블에서 온라인 예약이 가능합니다! 남녀 화장실이 구분되어 있는 매장입니다. 다국어 메뉴판, 무선 인터넷이 있는 매장입니다.",운영중,True,True,서신동,official_coordinates,https://www.data.go.kr/data/15076735/fileData.do; 2022-04-01,2022-04-01
632723,마치래빗,전북특별자치도 전주시 완산구 홍산남로 30 1층,전북특별자치도 전주시 완산구 효자동2가 1242-8,35.815555,127.1049976,063-226-1973,기타,일반음식점,"전라북도 전주시에서 가 볼 만한 식당을 찾으신다면? ""마치래빗 샐러드(전주신시가지점)""를 추천합니다! 레드테이블에서 온라인 예약이 가능합니다! 남녀 화장실이 구분되어 있는 매장입니다. 배달 가능한 매장입니다. 다국어 메뉴판, 무선 인터넷이 있는 매장입니다.",운영중,True,True,효자5동,official_coordinates,https://www.data.go.kr/data/15076735/fileData.do; 2022-04-01,2022-04-01
633490,족발의 장인 족장,전북특별자치도 전주시 완산구 새터로 52-10,전북특별자치도 전주시 완산구 서신동 955-1,35.8346972,127.1119879,063-251-5544,기타,일반음식점,"전라북도 전주시에서 맛집을 찾으신다면 ""족장(서신점)""을 추천합니다. 레드테이블에서 온라인 예약이 가능합니다! 배달 가능한 매장입니다. 다국어 메뉴판, 무선 인터넷이 있는 매장입니다.",운영중,True,True,서신동,official_coordinates,https://www.data.go.kr/data/15076735/fileData.do; 2022-04-01,2022-04-01
633689,타볼로,전북특별자치도 전주시 완산구 전라감영2길 28-19,전북특별자치도 전주시 완산구 중앙동1가 49-2,35.8161708,127.1421946,063-231-1485,기타,일반음식점,"""타볼로""를 전라북도 전주시의 가 볼 만한 식당으로 추천합니다! 다국어 메뉴판이 있는 매장입니다.",운영중,True,True,중앙동,official_coordinates,https://www.data.go.kr/data/15076735/fileData.do; 2022-04-01,2022-04-01
634028,레터스프롬포지티브즈,전북특별자치도 전주시 완산구 전주객사2길 45-10 2층,전북특별자치도 전주시 완산구 다가동4가 83-12,35.8187594,127.139944,,기타,일반음식점,"""레터스프롬포지티브즈""는 전라북도 전주시에 있습니다. 레드테이블에서 온라인 예약이 가능합니다! 배달 가능한 매장입니다. 다국어 메뉴판, 무선 인터넷이 있는 매장입니다.",운영중,True,True,중앙동,official_coordinates,https://www.data.go.kr/data/15076735/fileData.do; 2022-04-01,2022-04-01
634047,용자돈돈까스,전북특별자치도 전주시 덕진구 솔내로 144 신일아파트,전북특별자치도 전주시 덕진구 송천동1가 101-3,35.8628417,127.1270355,063-905-8499,한식,일반음식점,"무엇을 먹을지 고민되신다고요? 전라북도 전주시에 계시다면 ""용자돈까스""를 추천합니다! 레드테이블에서 온라인 예약이 가능합니다! 배달 가능한 매장입니다. 다국어 메뉴판이 있는 매장입니다.",운영중,True,True,송천1동,official_coordinates,https://www.data.go.kr/data/15076735/fileData.do; 2022-04-01,2022-04-01
634607,커피니 전주영화의거리점,전북특별자치도 전주시 완산구 전주객사4길 74-25,전북특별자치도 전주시 완산구 고사동 230-5,35.821484,127.1437018,063-232-0888,기타,일반음식점,"전라북도 전주시에서 맛집을 찾으신다면 ""커피니(전주영화의거리점)""를 추천합니다. 레드테이블에서 온라인 예약이 가능합니다! 다국어 메뉴판이 있는 매장입니다.",운영중,True,True,중앙동,official_coordinates,https://www.data.go.kr/data/15076735/fileData.do; 2022-04-01,2022-04-01
631720,역전할머니맥주 전주신시가지점,전북특별자치도 전주시 완산구 홍산남로 83-19,전북특별자치도 전주시 완산구 효자동3가 1538-6,35.8164167,127.1106435,063-228-7624,한식,일반음식점,"무엇을 먹을지 고민되신다고요? 전라북도 전주시에 계시다면 ""역전할머니맥주(전주신시가지점)""를 추천합니다! 다국어 메뉴판이 있는 매장입니다.",운영중,True,True,효자5동,official_coordinates,https://www.data.go.kr/data/15076735/fileData.do; 2022-04-01,2022-04-01
634775,진까,전북특별자치도 전주시 완산구 향교길 48,전북특별자치도 전주시 완산구 교동 202-2,35.8116336,127.1522341,063-285-7017,한식,일반음식점,"전라북도 전주시에서 맛집을 찾으신다면 ""진까""를 추천합니다. 레드테이블에서 온라인 예약이 가능합니다! 다국어 메뉴판이 있는 매장입니다.",운영중,True,True,풍남동,official_coordinates,https://www.data.go.kr/data/15076735/fileData.do; 2022-04-01,2022-04-01
629631,고수닭갈비 영화의거리점,전북특별자치도 전주시 완산구 전주객사4길 44-31 덕성여관,전북특별자치도 전주시 완산구 고사동 193 덕성여관,35.8202598,127.1443769,063-231-2342,기타,일반음식점,"""고수닭갈비(영화의거리점)""는 전라북도 전주시에 있습니다. 레드테이블에서 온라인 예약이 가능합니다! 배달 가능한 매장입니다. 다국어 메뉴판이 있는 매장입니다.",운영중,True,True,중앙동,official_coordinates,https://www.data.go.kr/data/15076735/fileData.do; 2022-04-01,2022-04-01
864960,김밥천국,전북특별자치도 전주시 완산구 중화산로 87,전북특별자치도 전주시 완산구 중화산동2가 770-8,35.8181518,127.1179834,063-229-4900,김밥,,"무엇을 먹을지 고민되신다고요? 전라북도 전주시에 계시다면 ""김밥천국""을 추천합니다!",운영중,True,True,중화산2동,official_coordinates,https://www.data.go.kr/data/15076735/fileData.do; 2022-04-01,2022-04-01
864971,다미차반,전북특별자치도 전주시 완산구 중화산로 30,전북특별자치도 전주시 완산구 중화산동2가 527-2 춘향골,35.8130269,127.118458,063-286-0707,한식,,"전라북도 전주시에서 식당을 찾으신다면? ""다미차반""을 방문해보세요!",운영중,True,True,중화산2동,official_coordinates,https://www.data.go.kr/data/15076735/fileData.do; 2022-04-01,2022-04-01
620488,라그라스,전북특별자치도 전주시 덕진구 솔내8길 19,전북특별자치도 전주시 덕진구 송천동1가 115-3,35.8610954,127.123773,070-7786-4532,커피숍,휴게음식점,"전라북도 전주시에서 맛집을 찾으신다면 ""라그라스""를 추천합니다. 레드테이블에서 온라인 예약이 가능합니다! 배달 가능한 매장입니다. 다국어 메뉴판이 있는 매장입니다.",운영중,True,True,송천1동,official_coordinates,https://www.data.go.kr/data/15076735/fileData.do; 2022-04-01,2022-04-01
620913,커피니,전북특별자치도 전주시 덕진구 백제대로 835,전북특별자치도 전주시 완산구 평화동1가 709-4,35.8492754,127.1593978,,커피숍,휴게음식점,"어디 가야 할지 고민이시라고요? 그럼 전라북도 전주시 맛집, ""커피니(전주역점)""를 추천합니다! 레드테이블에서 온라인 예약이 가능합니다! 배달 가능한 매장입니다. 다국어 메뉴판이 있는 매장입니다.",운영중,True,True,우아1동,official_coordinates,https://www.data.go.kr/data/15076735/fileData.do; 2022-04-01,2022-04-01
621063,말마니,전북특별자치도 전주시 완산구 척동10길 1,전북특별자치도 전주시 완산구 효자동3가 1626-1,35.8248633,127.1000663,070-7766-8673,카페,,"무엇을 먹을지 고민되신다고요? 전라북도 전주시에 계시다면 ""말마니""를 추천합니다!",운영중,True,True,효자5동,official_coordinates,https://www.data.go.kr/data/15076735/fileData.do; 2022-04-01,2022-04-01
621324,1945 경성반점,전북특별자치도 전주시 완산구 용산마을길 3,전북특별자치도 전주시 완산구 삼천동2가 239-2,35.7926394,127.1059675,063-226-1945,기타,일반음식점,"전라북도 전주시에서 식당을 찾으신다면? ""1945경성반점""을 방문해보세요! 위생 수준이 우수하고 친절한 서비스로 지방자치단체의 선정을 받은 모범음식점입니다. 레드테이블에서 온라인 예약이 가능합니다! 배달 가능한 매장입니다. 다국어 메뉴판이 있는 매장입니다.",운영중,True,True,삼천3동,official_coordinates,https://www.data.go.kr/data/15076735/fileData.do; 2022-04-01,2022-04-01
621973,한양불고기,전북특별자치도 전주시 완산구 우전2길 6,전북특별자치도 전주시 완산구 효자동2가 220-12,35.8050696,127.1082927,063-228-8011,한식,일반음식점,"2012년 06월 08일 KBS2 VJ특공대 620회에서 소개되었던 맛집, ""한양불고기""입니다! 전라북도 전주시 근처라면 방문해보세요. 위생 수준이 우수하고 친절한 서비스로 지방자치단체의 선정을 받은 모범음식점입니다. 지방자치단체 인증을 받은 농림축산식품부 제공 안심식당입니다. 레드테이블에서 온라인 예약이 가능합니다! 다국어 메뉴판이 있는 매장입니다.",운영중,True,True,효자4동,official_coordinates,https://www.data.go.kr/data/15076735/fileData.do; 2022-04-01,2022-04-01
622527,멘야케이,전북특별자치도 전주시 덕진구 떡전4길 18(금암동),전북특별자치도 전주시 덕진구 금암동 757-1,35.8375904,127.1294355,050-7141-5236,일식,일반음식점,"""멘야 케이""를 전라북도 전주시의 가 볼 만한 식당으로 추천합니다! 레드테이블에서 온라인 예약이 가능합니다! 배달 가능한 매장입니다. 다국어 메뉴판, 무선 인터넷이 있는 매장입니다.",운영중,True,True,금암1동,official_coordinates,https://www.data.go.kr/data/15076735/fileData.do; 2022-04-01,2022-04-01
629117,인히스,전북특별자치도 전주시 완산구 전주객사1길 75,전북특별자치도 전주시 완산구 다가동4가 118-3,35.819515,127.1384571,070-7543-0737,기타,일반음식점,"전라북도 전주시에서 맛집을 찾으신다면 ""인히스""를 추천합니다. 레드테이블에서 온라인 예약이 가능합니다! 남녀 화장실이 구분되어 있는 매장입니다. 주차공간, 다국어 메뉴판, 그리고 무선 인터넷이 있는 매장입니다.",운영중,True,True,중앙동,official_coordinates,https://www.data.go.kr/data/15076735/fileData.do; 2022-04-01,2022-04-01
622891,다정집,전북특별자치도 전주시 완산구 거마산로 18,전북특별자치도 전주시 완산구 삼천동1가 623-8,35.7974997,127.1229827,063-223-9116,술집,,"전라북도 전주시에서 식당을 찾으신다면? ""다정집""을 방문해보세요!",운영중,True,True,삼천2동,official_coordinates,https://www.data.go.kr/data/15076735/fileData.do; 2022-04-01,2022-04-01
624687,"그리고,오늘",전북특별자치도 전주시 완산구 전주천서로 69,전북특별자치도 전주시 완산구 동서학동 16,35.8101191,127.153774,,기타 휴게음식점,휴게음식점,"전라북도 전주시에서 가 볼 만한 식당을 찾으신다면? ""그리고,오늘""을 추천합니다! 레드테이블에서 온라인 예약이 가능합니다! 반려동물 입장이 가능한 매장입니다. 배달 가능한 매장입니다. 다국어 메뉴판, 무선 인터넷이 있는 매장입니다.",운영중,True,True,동서학동,official_coordinates,https://www.data.go.kr/data/15076735/fileData.do; 2022-04-01,2022-04-01
624691,태평아귀찜,전북특별자치도 전주시 완산구 공북4길 13,전북특별자치도 전주시 완산구 태평동 6-6,35.8265039,127.1406966,063-285-3338,기타,일반음식점,"""태평아구찜""은 전라북도 전주시에 있습니다. 레드테이블에서 온라인 예약이 가능합니다! 다국어 메뉴판이 있는 매장입니다.",운영중,True,True,중앙동,official_coordinates,https://www.data.go.kr/data/15076735/fileData.do; 2022-04-01,2022-04-01
864961,파리바게트,전북특별자치도 전주시 완산구 중화산로 75,전북특별자치도 전주시 완산구 중화산동2가 778-5,35.8170961,127.1179779,063-229-8280,베이커리,,"""파리바게트""를 전라북도 전주시의 가 볼 만한 식당으로 추천합니다!",운영중,True,True,중화산2동,official_coordinates,https://www.data.go.kr/data/15076735/fileData.do; 2022-04-01,2022-04-01
626078,전주한옥화과자,전북특별자치도 전주시 완산구 경기전길 32,전북특별자치도 전주시 완산구 경원동2가 28-2,35.8179774,127.1501804,063-285-6770,제과점영업,제과점영업,"전라북도 전주시에 가신다면 ""마스터족발""에 방문해보세요~ 레드테이블에서 온라인 예약이 가능합니다! 배달 가능한 매장입니다. 다국어 메뉴판이 있는 매장입니다.",운영중,True,True,풍남동,official_coordinates,https://www.data.go.kr/data/15076735/fileData.do; 2022-04-01,2022-04-01
626585,LAD COFFEE,전북특별자치도 전주시 완산구 전주객사1길 103,전북특별자치도 전주시 완산구 다가동4가 150,35.8207528,127.1378609,,기타,일반음식점,"""라드커피(전주점)""를 전라북도 전주시의 가 볼 만한 식당으로 추천합니다! 다국어 메뉴판이 있는 매장입니다.",운영중,True,True,중앙동,official_coordinates,https://www.data.go.kr/data/15076735/fileData.do; 2022-04-01,2022-04-01
626931,피자마루 전주송천점,전북특별자치도 전주시 덕진구 오송1길 37-17 송천 KCC스위첸,전북특별자치도 전주시 덕진구 송천동1가 879,35.8643643,127.1297167,063-251-2250,패스트푸드,휴게음식점,"무엇을 먹을지 고민되신다고요? 전라북도 전주시에 계시다면 ""피자마루(전주송천점)""를 추천합니다! 다국어 메뉴판이 있는 매장입니다.",운영중,True,True,송천1동,official_coordinates,https://www.data.go.kr/data/15076735/fileData.do; 2022-04-01,2022-04-01
628057,레오커피,전북특별자치도 전주시 완산구 노송광장로 7,전북특별자치도 전주시 완산구 서신동 853,35.8233783,127.1483753,063-284-4555,기타,일반음식점,"전라북도 전주시에서 가 볼 만한 식당을 찾으신다면? ""레오커피""를 추천합니다! 레드테이블에서 온라인 예약이 가능합니다! 다국어 메뉴판이 있는 매장입니다.",운영중,True,True,노송동,official_coordinates,https://www.data.go.kr/data/15076735/fileData.do; 2022-04-01,2022-04-01
623509,콩쥐팥쥐,전북특별자치도 전주시 덕진구 태진로 122-4,전북특별자치도 전주시 덕진구 진북동 407-1,35.8318163,127.1361095,063-288-1328,분식,일반음식점,"전라북도 전주시에서 가 볼 만한 식당을 찾으신다면? ""콩쥐팥쥐""를 추천합니다! 레드테이블에서 온라인 예약이 가능합니다! 주차공간, 다국어 메뉴판이 있는 매장입니다.",운영중,True,True,진북동,official_coordinates,https://www.data.go.kr/data/15076735/fileData.do; 2022-04-01,2022-04-01
645620,썸포차,전북특별자치도 전주시 덕진구 명륜4길 17,전북특별자치도 전주시 덕진구 덕진동1가 1261-4,35.8434587,127.1265534,,한식,일반음식점,"전라북도 전주시에 가신다면 ""썸포차""에 방문해보세요~ 다국어 메뉴판이 있는 매장입니다.",운영중,True,True,덕진동,official_coordinates,https://www.data.go.kr/data/15076735/fileData.do; 2022-04-01,2022-04-01
635302,팔랑개비,전북특별자치도 전주시 완산구 현무1길 11-1,전북특별자치도 전주시 완산구 경원동3가 16-5,35.819907,127.1478363,,기타 휴게음식점,휴게음식점,"전라북도 전주시에서 가 볼 만한 식당을 찾으신다면? ""팔랑개비""를 추천합니다! 레드테이블에서 온라인 예약이 가능합니다! 다국어 메뉴판, 무선 인터넷이 있는 매장입니다.",운영중,True,True,풍남동,official_coordinates,https://www.data.go.kr/data/15076735/fileData.do; 2022-04-01,2022-04-01
635610,김형제고기의철학 전주효자점,전북특별자치도 전주시 완산구 홍산남로 75 ,전북특별자치도 전주시 완산구 효자동3가 1539-3,35.816017,127.1101957,063-236-1633,기타,일반음식점,"전라북도 전주시에서 어디를 갈지 고민이라면! ""김형제고기의철학(전주효자점)""에 가보시는 건 어떨까요? 레드테이블에서 온라인 예약이 가능합니다! 남녀 화장실이 구분되어 있는 매장입니다. 주차공간, 다국어 메뉴판, 그리고 무선 인터넷이 있는 매장입니다.",운영중,True,True,효자5동,official_coordinates,https://www.data.go.kr/data/15076735/fileData.do; 2022-04-01,2022-04-01
641823,명인만두,전북특별자치도 전주시 덕진구 한배미로 34 1층,전북특별자치도 전주시 덕진구 인후동1가 952-6 1층,35.8240434,127.1684827,063-242-3578,정종/대포집/소주방,일반음식점,"전라북도 전주시에서 가 볼 만한 식당을 찾으신다면? ""명인만두(전주인후점)""를 추천합니다! 레드테이블에서 온라인 예약이 가능합니다! 배달 가능한 매장입니다. 다국어 메뉴판이 있는 매장입니다.",운영중,True,True,인후3동,official_coordinates,https://www.data.go.kr/data/15076735/fileData.do; 2022-04-01,2022-04-01
642170,그물,전북특별자치도 전주시 완산구 전라감영3길 13-7,전북특별자치도 전주시 완산구 중앙동1가 61,35.8161597,127.1429352,,기타,일반음식점,"전라북도 전주시에서 맛집을 찾으신다면 ""그물""을 추천합니다. 레드테이블에서 온라인 예약이 가능합니다! 남녀 화장실이 구분되어 있는 매장입니다. 다국어 메뉴판, 무선 인터넷이 있는 매장입니다.",운영중,True,True,중앙동,official_coordinates,https://www.data.go.kr/data/15076735/fileData.do; 2022-04-01,2022-04-01
642889,더리터 전주금암점,전북특별자치도 전주시 덕진구 권삼득로 239-1,전북특별자치도 전주시 덕진구 금암동 728-59,35.8389985,127.1331853,063-900-9720,커피숍,휴게음식점,"어디 가야 할지 고민이시라고요? 그럼 전라북도 전주시 맛집, ""더리터(전주금암점)""를 추천합니다! 레드테이블에서 온라인 예약이 가능합니다! 배달 가능한 매장입니다. 키오스크, 다국어 메뉴판이 있는 매장입니다.",운영중,True,True,금암1동,official_coordinates,https://www.data.go.kr/data/15076735/fileData.do; 2022-04-01,2022-04-01
643384,더문,전북특별자치도 전주시 완산구 배학2길 39,전북특별자치도 전주시 완산구 서신동 935-1,35.8196689,127.1013377,,기타 휴게음식점,휴게음식점,"전라북도 전주시에서 가 볼 만한 식당을 찾으신다면? ""더문""을 추천합니다! 레드테이블에서 온라인 예약이 가능합니다! 주차공간, 다국어 메뉴판, 그리고 무선 인터넷이 있는 매장입니다.",운영중,True,True,효자5동,official_coordinates,https://www.data.go.kr/data/15076735/fileData.do; 2022-04-01,2022-04-01
643416,카페 섬수,전북특별자치도 전주시 완산구 전라감영4길 9,전북특별자치도 전주시 완산구 중앙동4가 8,35.8162818,127.1446694,,기타,일반음식점,"""카페섬수""는 전라북도 전주시에 있습니다. 레드테이블에서 온라인 예약이 가능합니다! 배달 가능한 매장입니다. 다국어 메뉴판, 무선 인터넷이 있는 매장입니다.",운영중,True,True,중앙동,official_coordinates,https://www.data.go.kr/data/15076735/fileData.do; 2022-04-01,2022-04-01
643680,cafe noah,전북특별자치도 전주시 덕진구 편운로 25 ,전북특별자치도 전주시 덕진구 송천동2가 176-12,35.8718973,127.0789757,063-213-3290,커피숍,휴게음식점,"전라북도 전주시에서 맛집을 찾으신다면 ""카페노아""를 추천합니다. 레드테이블에서 온라인 예약이 가능합니다! 반려동물 입장이 가능하고, 남녀 화장실이 구분되어 있는 매장입니다. 배달 가능한 매장입니다. 주차공간, 다국어 메뉴판이 있는 매장입니다.",운영중,True,True,여의동,official_coordinates,https://www.data.go.kr/data/15076735/fileData.do; 2022-04-01,2022-04-01
643860,양대감600 전주신시가지점,전북특별자치도 전주시 완산구 홍산북로 60-22,전북특별자치도 전주시 완산구 효자동3가 1533-6,35.8167368,127.1083487,063-227-7769,한식,일반음식점,"전라북도 전주시에서 식당을 찾으신다면? ""양대감600(전주신시가지점)""을 방문해보세요! 레드테이블에서 온라인 예약이 가능합니다! 다국어 메뉴판이 있는 매장입니다.",운영중,True,True,효자5동,official_coordinates,https://www.data.go.kr/data/15076735/fileData.do; 2022-04-01,2022-04-01
641677,르뤼땡블랑제리,전북특별자치도 전주시 완산구 소태정4길 11-6,전북특별자치도 전주시 완산구 효자동2가 1323-1,35.8050873,127.101776,063-229-0823,기타 휴게음식점,휴게음식점,"""르뤼땡블랑제리""를 전라북도 전주시의 가 볼 만한 식당으로 추천합니다! 레드테이블에서 온라인 예약이 가능합니다! 남녀 화장실이 구분되어 있는 매장입니다. 배달 가능한 매장입니다. 주차공간, 다국어 메뉴판, 그리고 무선 인터넷이 있는 매장입니다.",운영중,True,True,효자4동,official_coordinates,https://www.data.go.kr/data/15076735/fileData.do; 2022-04-01,2022-04-01
864957,빅스타 피자 전호 1호점,전북특별자치도 전주시 완산구 중화산로 87 1층,전북특별자치도 전주시 완산구 중화산동2가 770-8 1층,35.8181518,127.1179834,063-224-7440,피자,,"전라북도 전주시에서 어디를 갈지 고민이라면! ""빅스타 피자 전호 1호점""에 가보시는 건 어떨까요?",운영중,True,True,중화산2동,official_coordinates,https://www.data.go.kr/data/15076735/fileData.do; 2022-04-01,2022-04-01
644663,신자매포차,전북특별자치도 전주시 덕진구 가리내6길 10-11 1층 101호,전북특별자치도 전주시 덕진구 덕진동2가 664-3,35.8456886,127.1103716,063-273-4050,한식,일반음식점,"전라북도 전주시에서 식당을 찾으신다면? ""신자매포차""를 방문해보세요! 레드테이블에서 온라인 예약이 가능합니다! 다국어 메뉴판이 있는 매장입니다.",운영중,True,True,덕진동,official_coordinates,https://www.data.go.kr/data/15076735/fileData.do; 2022-04-01,2022-04-01
644716,고투커피 진북점,전북특별자치도 전주시 덕진구 벚꽃3길 8,전북특별자치도 전주시 덕진구 진북동 1022-5,35.8283566,127.1340781,063-252-7021,다방,휴게음식점,"전라북도 전주시에서 식당을 찾으신다면? ""고투커피(진북점)""를 방문해보세요! 레드테이블에서 온라인 예약이 가능합니다! 다국어 메뉴판이 있는 매장입니다.",운영중,True,True,진북동,official_coordinates,https://www.data.go.kr/data/15076735/fileData.do; 2022-04-01,2022-04-01
644786,라화쿵부도청점,전북특별자치도 전주시 완산구 홍산남로 53(1층 효자동3가)	,전북특별자치도 전주시 완산구 효자동3가 1534-4 창덕궁빌딩,35.8160215,127.1078429,063-909-1666,기타,일반음식점,"전라북도 전주시에서 어디를 갈지 고민이라면! ""라화쿵부(도청점)""에 가보시는 건 어떨까요? 레드테이블에서 온라인 예약이 가능합니다! 배달 가능한 매장입니다. 다국어 메뉴판이 있는 매장입니다.",운영중,True,True,효자5동,official_coordinates,https://www.data.go.kr/data/15076735/fileData.do; 2022-04-01,2022-04-01
644825,더리터 전주하가점,전북특별자치도 전주시 덕진구 가련산로 18,전북특별자치도 전주시 덕진구 덕진동2가 694-3,35.8411834,127.1111209,063-252-8440,커피숍,휴게음식점,"""더리터(전주하가점)""를 전라북도 전주시의 가 볼 만한 식당으로 추천합니다! 다국어 메뉴판이 있는 매장입니다.",운영중,True,True,덕진동,official_coordinates,https://www.data.go.kr/data/15076735/fileData.do; 2022-04-01,2022-04-01
644886,투썸플레이스 전주혁신호수공원점,전북특별자치도 전주시 덕진구 중동로 104-12 1층 투썸플레이스,전북특별자치도 전주시 덕진구 장동 1093-3,35.8431764,127.0645224,063-214-5888,커피숍,휴게음식점,"""투썸플레이스(전주혁신호수공원점)""를 전라북도 전주시의 가 볼 만한 식당으로 추천합니다! 남녀 화장실이 구분되어 있는 매장입니다. 배달 가능한 매장입니다. 주차공간, 다국어 메뉴판, 그리고 무선 인터넷이 있는 매장입니다.",운영중,True,True,여의동,official_coordinates,https://www.data.go.kr/data/15076735/fileData.do; 2022-04-01,2022-04-01
644923,이서공작소,전북특별자치도 전주시 완산구 전라감영2길 28-27 1층,전북특별자치도 전주시 완산구 중앙동1가 46-2 1층,35.8162737,127.1425012,,기타 휴게음식점,휴게음식점,"전라북도 전주시에서 식당을 찾으신다면? ""정오의공작소""를 방문해보세요! 레드테이블에서 온라인 예약이 가능합니다! 반려동물 입장이 가능한 매장입니다. 다국어 메뉴판이 있는 매장입니다.",운영중,True,True,중앙동,official_coordinates,https://www.data.go.kr/data/15076735/fileData.do; 2022-04-01,2022-04-01
645119,공차 전주대점,전북특별자치도 전주시 완산구 백마산길 14,전북특별자치도 전주시 완산구 효자동3가 1169-10,35.8178468,127.0914967,070-7576-0422,기타 휴게음식점,휴게음식점,"""공차(전주대점)""를 전라북도 전주시의 가 볼 만한 식당으로 추천합니다! 레드테이블에서 온라인 예약이 가능합니다! 남녀 화장실이 구분되어 있는 매장입니다. 배달 가능한 매장입니다. 주차공간, 다국어 메뉴판, 그리고 무선 인터넷이 있는 매장입니다.",운영중,True,True,효자4동,official_coordinates,https://www.data.go.kr/data/15076735/fileData.do; 2022-04-01,2022-04-01
644205,7번가피자 전주송천점,전북특별자치도 전주시 덕진구 오송1길 37-13 114호,전북특별자치도 전주시 덕진구 송천동1가 97-6,35.8639102,127.1306685,063-251-7757,패스트푸드,휴게음식점,"전라북도 전주시에서 식당을 찾으신다면? ""7번가피자(전주송천점)""를 방문해보세요! 배달 가능한 매장입니다. 다국어 메뉴판, 무선 인터넷이 있는 매장입니다.",운영중,True,True,송천1동,official_coordinates,https://www.data.go.kr/data/15076735/fileData.do; 2022-04-01,2022-04-01
635602,이코이교토,전북특별자치도 전주시 덕진구 가리내8길 12,전북특별자치도 전주시 덕진구 덕진동2가 670-8,35.8435849,127.1105017,,일식,일반음식점,"전라북도 전주시에서 맛집을 찾으신다면 ""이코이교토""를 추천합니다. 주차공간, 다국어 메뉴판, 그리고 무선 인터넷이 있는 매장입니다.",운영중,True,True,덕진동,official_coordinates,https://www.data.go.kr/data/15076735/fileData.do; 2022-04-01,2022-04-01
641586,프랭크서울 전주혁신점,전북특별자치도 전주시 덕진구 틀못2길 6 1층 107호,전북특별자치도 전주시 덕진구 장동 1075,35.8411952,127.059039,063-213-2777,커피숍,휴게음식점,"""프랭크서울(전주 혁신점)""을 전라북도 전주시의 가 볼 만한 식당으로 추천합니다! 다국어 메뉴판이 있는 매장입니다.",운영중,True,True,여의동,official_coordinates,https://www.data.go.kr/data/15076735/fileData.do; 2022-04-01,2022-04-01
641077,불로만치킨바베큐 송천점,전북특별자치도 전주시 덕진구 솔내로 170 1층,전북특별자치도 전주시 덕진구 송천동2가 202-68,35.8651837,127.127294,063-252-7222,분식,일반음식점,"""불로만치킨바베큐(송천점)""는 전라북도 전주시에 있습니다. 다국어 메뉴판이 있는 매장입니다.",운영중,True,True,송천1동,official_coordinates,https://www.data.go.kr/data/15076735/fileData.do; 2022-04-01,2022-04-01
635854,한판닭갈비 삼천점,전북특별자치도 전주시 완산구 삼천천변2길 43,전북특별자치도 전주시 완산구 삼천동1가 287-24,35.7974559,127.1145808,063-222-8985,기타,일반음식점,"""한판닭갈비(전주삼천점)""는 전라북도 전주시에 있습니다. 레드테이블에서 온라인 예약이 가능합니다! 남녀 화장실이 구분되어 있는 매장입니다. 주차공간, 놀이방, 그리고 다국어 메뉴판이 있는 매장입니다.",운영중,True,True,삼천3동,official_coordinates,https://www.data.go.kr/data/15076735/fileData.do; 2022-04-01,2022-04-01
636083,빙허각,전북특별자치도 전주시 완산구 향교길 104,전북특별자치도 전주시 완산구 교동 141-1,35.8118579,127.1552804,063-291-2583,한식,일반음식점,"전라북도 전주시에 가신다면 ""빙허각""에 방문해보세요~ 레드테이블에서 온라인 예약이 가능합니다! 다국어 메뉴판이 있는 매장입니다.",운영중,True,True,풍남동,official_coordinates,https://www.data.go.kr/data/15076735/fileData.do; 2022-04-01,2022-04-01
636450,589커피,전북특별자치도 전주시 완산구 중화산로 106,전북특별자치도 전주시 완산구 중화산동2가 591,35.8197516,127.1183778,,기타,일반음식점,"전라북도 전주시에서 어디를 갈지 고민이라면! ""589""에 가보시는 건 어떨까요? 레드테이블에서 온라인 예약이 가능합니다! 다국어 메뉴판이 있는 매장입니다.",운영중,True,True,중화산2동,official_coordinates,https://www.data.go.kr/data/15076735/fileData.do; 2022-04-01,2022-04-01
636738,써니스푼,전북특별자치도 전주시 완산구 당산로 17,전북특별자치도 전주시 완산구 서신동 763-1 신일아파트,35.83249,127.1100031,063-905-2049,기타 휴게음식점,휴게음식점,"어디 가야 할지 고민이시라고요? 그럼 전라북도 전주시 맛집, ""써니스푼""을 추천합니다! 레드테이블에서 온라인 예약이 가능합니다! 배달 가능한 매장입니다. 다국어 메뉴판이 있는 매장입니다.",운영중,True,True,서신동,official_coordinates,https://www.data.go.kr/data/15076735/fileData.do; 2022-04-01,2022-04-01
636764,다사랑치킨 신시가지점,전북특별자치도 전주시 완산구 우전2길 72,전북특별자치도 전주시 덕진구 중동 774-2,35.8103896,127.1070365,063-227-9244,기타,일반음식점,"전라북도 전주시에서 어디를 갈지 고민이라면! ""다사랑치킨(신시가지점)""에 가보시는 건 어떨까요? 레드테이블에서 온라인 예약이 가능합니다! 반려동물 입장이 가능한 매장입니다. 배달 가능한 매장입니다. 다국어 메뉴판이 있는 매장입니다.",운영중,True,True,효자4동,official_coordinates,https://www.data.go.kr/data/15076735/fileData.do; 2022-04-01,2022-04-01
636998,전주함지박콩나물국밥,전북특별자치도 전주시 완산구 모악로 4673,전북특별자치도 전주시 완산구 평화동2가 325-5,35.7868638,127.1295865,063-229-5999,기타,일반음식점,"""전주함지박콩나물국밥""은 전라북도 전주시에 있습니다. 레드테이블에서 온라인 예약이 가능합니다! 다국어 메뉴판이 있는 매장입니다.",운영중,True,True,평화2동,official_coordinates,https://www.data.go.kr/data/15076735/fileData.do; 2022-04-01,2022-04-01
637405,청년다방 전북도청점	,"전북특별자치도 전주시 완산구 홍산남로 83-19(1층 102,103,호 효자동3가)	",전북특별자치도 전주시 완산구 효자동3가 1538-6,35.8164132,127.1106377,063-221-2230,기타,일반음식점,"""청년다방(전북도청점)""은 전라북도 전주시에 있습니다. 레드테이블에서 온라인 예약이 가능합니다! 남녀 화장실이 구분되어 있는 매장입니다. 배달 가능한 매장입니다. 주차공간, 다국어 메뉴판, 그리고 무선 인터넷이 있는 매장입니다.",운영중,True,True,효자5동,official_coordinates,https://www.data.go.kr/data/15076735/fileData.do; 2022-04-01,2022-04-01
641482,요거프레소 금암점,전북특별자치도 전주시 덕진구 전주천동로 492,전북특별자치도 전주시 덕진구 덕진동2가 681-7,35.836073,127.130462,063-254-0307,커피숍,휴게음식점,"전라북도 전주시에서 어디를 갈지 고민이라면! ""요거프레소(전주금암점)""에 가보시는 건 어떨까요? 레드테이블에서 온라인 예약이 가능합니다! 반려동물 입장이 가능한 매장입니다. 배달 가능한 매장입니다. 주차공간, 다국어 메뉴판, 그리고 무선 인터넷이 있는 매장입니다.",운영중,True,True,금암1동,official_coordinates,https://www.data.go.kr/data/15076735/fileData.do; 2022-04-01,2022-04-01
637646,88켄터키치킨 전주효자점,전북특별자치도 전주시 완산구 거마평로 177,전북특별자치도 전주시 완산구 효자동1가 392,35.8081538,127.115868,063-285-8844,호프/통닭,일반음식점,"전라북도 전주시에 가신다면 ""88켄터키치킨(효자점)""에 방문해보세요~ 레드테이블에서 온라인 예약이 가능합니다! 배달 가능한 매장입니다. 다국어 메뉴판이 있는 매장입니다.",운영중,True,True,효자3동,official_coordinates,https://www.data.go.kr/data/15076735/fileData.do; 2022-04-01,2022-04-01
638458,불꼬챙이,전북특별자치도 전주시 완산구 은행로 54,전북특별자치도 전주시 완산구 풍남동3가 72-15,35.8151262,127.1524065,,한식,일반음식점,"""불꼬챙이""를 전라북도 전주시의 가 볼 만한 식당으로 추천합니다! 레드테이블에서 온라인 예약이 가능합니다! 다국어 메뉴판이 있는 매장입니다.",운영중,True,True,풍남동,official_coordinates,https://www.data.go.kr/data/15076735/fileData.do; 2022-04-01,2022-04-01
638686,호떡당 전주한옥마을점,전북특별자치도 전주시 완산구 은행로 54,전북특별자치도 전주시 완산구 풍남동3가 72-15,35.8151263,127.1524066,,한식,일반음식점,"전라북도 전주시에서 맛집을 찾으신다면 ""호떡당(전주한옥마을점)""을 추천합니다. 레드테이블에서 온라인 예약이 가능합니다! 다국어 메뉴판이 있는 매장입니다.",운영중,True,True,풍남동,official_coordinates,https://www.data.go.kr/data/15076735/fileData.do; 2022-04-01,2022-04-01
639033,고모네집 정육식당,전북특별자치도 전주시 완산구 중화산로 81,전북특별자치도 전주시 완산구 중화산동2가 778-2,35.8175692,127.1179845,063-225-4443,한식,일반음식점,"어디 가야 할지 고민이시라고요? 그럼 전라북도 전주시 맛집, ""고모네집""을 추천합니다! 레드테이블에서 온라인 예약이 가능합니다! 남녀 화장실이 구분되어 있는 매장입니다. 주차공간, 다국어 메뉴판이 있는 매장입니다.",운영중,True,True,중화산2동,official_coordinates,https://www.data.go.kr/data/15076735/fileData.do; 2022-04-01,2022-04-01
639567,산낙지칼국수,전북특별자치도 전주시 완산구 난전들로 245-39,전북특별자치도 전주시 완산구 삼천동1가 417-1,35.7899951,127.1135047,063-222-3644,한식,일반음식점,"전라북도 전주시에 가신다면 ""산낙지칼국수""에 방문해보세요~ 레드테이블에서 온라인 예약이 가능합니다! 남녀 화장실이 구분되어 있는 매장입니다. 배달 가능한 매장입니다. 주차공간, 다국어 메뉴판, 그리고 무선 인터넷이 있는 매장입니다.",운영중,True,True,삼천3동,official_coordinates,https://www.data.go.kr/data/15076735/fileData.do; 2022-04-01,2022-04-01
639578,연어이야기,전북특별자치도 전주시 완산구 평화로 190(1층 평화동1가),전북특별자치도 전주시 완산구 평화동1가 741-3,35.7934381,127.1366371,063-224-3116,기타,일반음식점,"""연어이야기(평화점)""는 전라북도 전주시에 있습니다. 레드테이블에서 온라인 예약이 가능합니다! 남녀 화장실이 구분되어 있는 매장입니다. 배달 가능한 매장입니다. 주차공간, 다국어 메뉴판, 그리고 무선 인터넷이 있는 매장입니다.",운영중,True,True,평화1동,official_coordinates,https://www.data.go.kr/data/15076735/fileData.do; 2022-04-01,2022-04-01
640109,또또분식,전북특별자치도 전주시 덕진구 삼송3길 14,전북특별자치도 전주시 덕진구 금암동 1545-1,35.8424231,127.1354529,050-7131-4716,한식,일반음식점,"전라북도 전주시에서 맛집을 찾으신다면 ""또또분식""을 추천합니다. 레드테이블에서 온라인 예약이 가능합니다! 배달 가능한 매장입니다. 키오스크, 다국어 메뉴판이 있는 매장입니다.",운영중,True,True,금암1동,official_coordinates,https://www.data.go.kr/data/15076735/fileData.do; 2022-04-01,2022-04-01
640961,꿀순이&꿀돌이 효자점,전북특별자치도 전주시 완산구 마전들로 4 1층 101호,전북특별자치도 전주시 완산구 효자동3가 1670-5,35.8208823,127.0959675,063-236-1975,기타,일반음식점,"""꿀순이앤꿀돌이(효자점)""는 전라북도 전주시에 있습니다. 레드테이블에서 온라인 예약이 가능합니다! 다국어 메뉴판이 있는 매장입니다.",운영중,True,True,효자5동,official_coordinates,https://www.data.go.kr/data/15076735/fileData.do; 2022-04-01,2022-04-01
637770,슬로우카페,전북특별자치도 전주시 덕진구 두간11길 17,전북특별자치도 전주시 덕진구 송천동1가 828-1,35.8638139,127.1150423,,커피숍,휴게음식점,"어디 가야 할지 고민이시라고요? 그럼 전라북도 전주시 맛집, ""슬로우카페베이커리""를 추천합니다! 다국어 메뉴판이 있는 매장입니다.",운영중,True,True,송천2동,official_coordinates,https://www.data.go.kr/data/15076735/fileData.do; 2022-04-01,2022-04-01
619868,만세강정앤치킨,전북특별자치도 전주시 덕진구 틀못3길 12,전북특별자치도 전주시 덕진구 장동 1064,35.8427938,127.0559859,063-212-5871,기타,일반음식점,"전라북도 전주시에서 맛집을 찾으신다면 ""만세강정앤치킨""을 추천합니다. 레드테이블에서 온라인 예약이 가능합니다! 배달 가능한 매장입니다. 다국어 메뉴판이 있는 매장입니다.",운영중,True,True,여의동,official_coordinates,https://www.data.go.kr/data/15076735/fileData.do; 2022-04-01,2022-04-01
671947,써니네집,전북특별자치도 전주시 완산구 모악로 4665,전북특별자치도 전주시 완산구 평화동2가 325-17,35.7861707,127.1292605,063-222-1817,기타,일반음식점,"어디 가야 할지 고민이시라고요? 그럼 전라북도 전주시 맛집, ""써니네집(평화점)""을 추천합니다! 레드테이블에서 온라인 예약이 가능합니다! 남녀 화장실이 구분되어 있으며, 베리어프리 매장입니다. 배달 가능한 매장입니다. 주차공간, 다국어 메뉴판, 그리고 무선 인터넷이 있는 매장입니다.",운영중,True,True,평화2동,official_coordinates,https://www.data.go.kr/data/15076735/fileData.do; 2022-04-01,2022-04-01
672751,이자카야 고양이,전북특별자치도 전주시 완산구 홍산로 160-3 109호,전북특별자치도 전주시 완산구 효자동2가 1332-1,35.808165,127.105093,063-227-8664,한식,일반음식점,"전라북도 전주시에서 가 볼 만한 식당을 찾으신다면? ""이자카야고양이""를 추천합니다! 레드테이블에서 온라인 예약이 가능합니다! 남녀 화장실이 구분되어 있는 매장입니다. 배달 가능한 매장입니다. 다국어 메뉴판, 무선 인터넷이 있는 매장입니다.",운영중,True,True,효자4동,official_coordinates,https://www.data.go.kr/data/15076735/fileData.do; 2022-04-01,2022-04-01
703946,푸른바다,전북특별자치도 전주시 덕진구 오송1길 31,전북특별자치도 전주시 덕진구 송천동1가 98-2,35.8630436,127.1306214,063-221-0007,한식,일반음식점,"전라북도 전주시에서 식당을 찾으신다면? ""푸른바다""를 방문해보세요! 다국어 메뉴판이 있는 매장입니다.",운영중,True,True,송천1동,official_coordinates,https://www.data.go.kr/data/15076735/fileData.do; 2022-04-01,2022-04-01
864933,메밀방앗간,전북특별자치도 전주시 완산구 백제대로 272,전북특별자치도 전주시 완산구 중화산동2가 652-3,35.8173911,127.1234141,063-224-9946,한식,,"전라북도 전주시에서 어디를 갈지 고민이라면! ""메밀방앗간""에 가보시는 건 어떨까요?",운영중,True,True,중화산2동,official_coordinates,https://www.data.go.kr/data/15076735/fileData.do; 2022-04-01,2022-04-01
704421,더리터서부시장점,전북특별자치도 전주시 완산구 용머리로 165,전북특별자치도 전주시 완산구 효자동1가 193-7 행진수족관,35.8064977,127.1279932,063-227-0190,커피숍,휴게음식점,"전라북도 전주시에서 어디를 갈지 고민이라면! ""더리터(서부시장점)""에 가보시는 건 어떨까요? 레드테이블에서 온라인 예약이 가능합니다! 다국어 메뉴판이 있는 매장입니다.",운영중,True,True,효자1동,official_coordinates,https://www.data.go.kr/data/15076735/fileData.do; 2022-04-01,2022-04-01
704742,뽀빠이상추튀김바베큐,전북특별자치도 전주시 완산구 거마평로 196,전북특별자치도 전주시 완산구 효자동1가 622-11,35.8098389,127.1154115,063-904-0044,한식,일반음식점,"""뽀빠이상추튀김바베큐""를 전라북도 전주시의 가 볼 만한 식당으로 추천합니다! 레드테이블에서 온라인 예약이 가능합니다! 배달 가능한 매장입니다. 다국어 메뉴판이 있는 매장입니다.",운영중,True,True,효자2동,official_coordinates,https://www.data.go.kr/data/15076735/fileData.do; 2022-04-01,2022-04-01
704996,치코파닭 전북대점,전북특별자치도 전주시 덕진구 권삼득로 247-5,전북특별자치도 전주시 덕진구 금암동 728-186,35.839175,127.1326092,063-255-8293,호프/통닭,일반음식점,"어디 가야 할지 고민이시라고요? 그럼 전라북도 전주시 맛집, ""치코파닭(전북대점)""을 추천합니다! 레드테이블에서 온라인 예약이 가능합니다! 배달 가능한 매장입니다. 다국어 메뉴판이 있는 매장입니다.",운영중,True,True,금암1동,official_coordinates,https://www.data.go.kr/data/15076735/fileData.do; 2022-04-01,2022-04-01
704999,노랑통닭중화산점,전북특별자치도 전주시 완산구 서원로 282,전북특별자치도 전주시 완산구 중화산동2가 534-4,35.8116971,127.1254153,063-222-9982,한식,일반음식점,"전라북도 전주시에서 맛집을 찾으신다면 ""노랑통닭(중화산점)""을 추천합니다. 레드테이블에서 온라인 예약이 가능합니다! 남녀 화장실이 구분되어 있는 매장입니다. 배달 가능한 매장입니다. 다국어 메뉴판이 있는 매장입니다.",운영중,True,True,중화산1동,official_coordinates,https://www.data.go.kr/data/15076735/fileData.do; 2022-04-01,2022-04-01
705181,우아미,전북특별자치도 전주시 완산구 우전1길 51,전북특별자치도 전주시 완산구 효자동2가 1331-4,35.808314,127.1056682,063-237-3782,생선회,,"전라북도 전주시에서 가 볼 만한 식당을 찾으신다면? ""우아미""를 추천합니다!",운영중,True,True,효자4동,official_coordinates,https://www.data.go.kr/data/15076735/fileData.do; 2022-04-01,2022-04-01
703822,카페스페이스891,전북특별자치도 전주시 덕진구 송천로 54 101호,전북특별자치도 전주시 덕진구 만성동 1261-1,35.8580792,127.1181748,063-277-8910,커피숍,휴게음식점,"어디 가야 할지 고민이시라고요? 그럼 전라북도 전주시 맛집, ""스페이스891""을 추천합니다! 레드테이블에서 온라인 예약이 가능합니다! 반려동물 입장이 가능한 매장입니다. 배달 가능한 매장입니다. 다국어 메뉴판이 있는 매장입니다.",운영중,True,True,송천2동,official_coordinates,https://www.data.go.kr/data/15076735/fileData.do; 2022-04-01,2022-04-01
705421,얌스 객사점,전북특별자치도 전주시 완산구 전주객사4길 13,전북특별자치도 전주시 완산구 고사동 417-1,35.818314,127.1439535,063-288-7711,기타,일반음식점,"""얌스(객사점)""는 전라북도 전주시에 있습니다. 레드테이블에서 온라인 예약이 가능합니다! 남녀 화장실이 구분되어 있는 매장입니다. 배달 가능한 매장입니다. 다국어 메뉴판이 있는 매장입니다.",운영중,True,True,중앙동,official_coordinates,https://www.data.go.kr/data/15076735/fileData.do; 2022-04-01,2022-04-01
705553,써니로스,전북특별자치도 전주시 완산구 마전들로 12,전북특별자치도 전주시 완산구 효자동3가 1670-1,35.8208803,127.0968179,063-221-1817,한식,일반음식점,"어디 가야 할지 고민이시라고요? 그럼 전라북도 전주시 맛집, ""써니로스""를 추천합니다! 레드테이블에서 온라인 예약이 가능합니다! 남녀 화장실이 구분되어 있는 매장입니다. 다국어 메뉴판, 무선 인터넷이 있는 매장입니다.",운영중,True,True,효자5동,official_coordinates,https://www.data.go.kr/data/15076735/fileData.do; 2022-04-01,2022-04-01
705554,충만치킨 만성점,전북특별자치도 전주시 덕진구 만성동로 60,전북특별자치도 전주시 완산구 서신동 948-17,35.841065,127.0785536,063-263-9292,호프/통닭,일반음식점,"무엇을 먹을지 고민되신다고요? 전라북도 전주시에 계시다면 ""충만치킨(만성점)""을 추천합니다! 레드테이블에서 온라인 예약이 가능합니다! 배달 가능한 매장입니다. 주차공간, 다국어 메뉴판이 있는 매장입니다.",운영중,True,True,여의동,official_coordinates,https://www.data.go.kr/data/15076735/fileData.do; 2022-04-01,2022-04-01
705859,정성호두랑커피랑,전북특별자치도 전주시 완산구 범안1길 36,전북특별자치도 전주시 완산구 효자동2가 1158-34,35.8110257,127.1069985,063-903-7230,커피숍,휴게음식점,"전라북도 전주시에서 식당을 찾으신다면? ""정성호두랑커피랑""을 방문해보세요! 레드테이블에서 온라인 예약이 가능합니다! 배달 가능한 매장입니다. 주차공간, 다국어 메뉴판, 그리고 무선 인터넷이 있는 매장입니다.",운영중,True,True,효자4동,official_coordinates,https://www.data.go.kr/data/15076735/fileData.do; 2022-04-01,2022-04-01
706077,더리터 전주대점,전북특별자치도 전주시 완산구 효자로 64,전북특별자치도 전주시 완산구 효자동3가 1167-9,35.8183845,127.0920731,063-221-0028,커피숍,휴게음식점,"전라북도 전주시에서 어디를 갈지 고민이라면! ""더리터(전주대점)""에 가보시는 건 어떨까요? 레드테이블에서 온라인 예약이 가능합니다! 배달 가능한 매장입니다. 다국어 메뉴판이 있는 매장입니다.",운영중,True,True,효자4동,official_coordinates,https://www.data.go.kr/data/15076735/fileData.do; 2022-04-01,2022-04-01
706338,스틸라이프,전북특별자치도 전주시 완산구 풍남문5길 24-2,전북특별자치도 전주시 완산구 다가동1가 73-1,35.8142212,127.1418287,,경양식,일반음식점,"전라북도 전주시에서 맛집을 찾으신다면 ""스틸라이프""를 추천합니다. 레드테이블에서 온라인 예약이 가능합니다! 다국어 메뉴판이 있는 매장입니다.",운영중,True,True,중앙동,official_coordinates,https://www.data.go.kr/data/15076735/fileData.do; 2022-04-01,2022-04-01
706406,슈퍼맨수산,전북특별자치도 전주시 완산구 우전1길 54,전북특별자치도 전주시 완산구 효자동2가 541-7,35.8083434,127.1060557,,한식,일반음식점,"전라북도 전주시에서 식당을 찾으신다면? ""슈퍼맨수산""을 방문해보세요! 레드테이블에서 온라인 예약이 가능합니다! 남녀 화장실이 구분되어 있는 매장입니다. 배달 가능한 매장입니다. 주차공간, 다국어 메뉴판, 그리고 무선 인터넷이 있는 매장입니다.",운영중,True,True,효자4동,official_coordinates,https://www.data.go.kr/data/15076735/fileData.do; 2022-04-01,2022-04-01
706968,블랙팬 다이너,전북특별자치도 전주시 덕진구 가리내8길 14 1층 블랙팬다이너,전북특별자치도 전주시 덕진구 덕진동2가 670-9,35.8435788,127.1102922,063-251-3677,경양식,일반음식점,"전라북도 전주시에 가신다면 ""블랙팬 다이너""에 방문해보세요~ 레드테이블과 네이버에서 온라인 예약이 가능합니다! 남녀 화장실이 구분되어 있는 매장입니다. 주차공간, 다국어 메뉴판, 그리고 무선 인터넷이 있는 매장입니다.",운영중,True,True,덕진동,official_coordinates,https://www.data.go.kr/data/15076735/fileData.do; 2022-04-01,2022-04-01
705443,전대전,전북특별자치도 전주시 완산구 동문길 21,전북특별자치도 전주시 완산구 풍남동2가 27 기린액자,35.8191705,127.1526788,063-283-7772,한식,일반음식점,"전라북도 전주시에서 식당을 찾으신다면? ""전대전""을 방문해보세요! 레드테이블과 네이버에서 온라인 예약이 가능합니다! 남녀 화장실이 구분되어 있는 매장입니다. 배달 가능한 매장입니다. 다국어 메뉴판, 무선 인터넷이 있는 매장입니다.",운영중,True,True,풍남동,official_coordinates,https://www.data.go.kr/data/15076735/fileData.do; 2022-04-01,2022-04-01
707034,뚜레쥬르 전주센트럴점,전북특별자치도 전주시 덕진구 송천로 1 ,전북특별자치도 전주시 덕진구 송천동1가 292-7,35.8548377,127.1189595,063-255-0425,베이커리,,"""뚜레쥬르 전주센트럴점""을 전라북도 전주시의 가 볼 만한 식당으로 추천합니다!",운영중,True,True,송천2동,official_coordinates,https://www.data.go.kr/data/15076735/fileData.do; 2022-04-01,2022-04-01
703577,미성참갈비,전북특별자치도 전주시 완산구 후곡길 11-20,전북특별자치도 전주시 완산구 효자동2가 1308-8,35.8096745,127.0950963,063-226-0045,한식,일반음식점,"전라북도 전주시에 가신다면 ""미성참갈비""에 방문해보세요~ 레드테이블에서 온라인 예약이 가능합니다! 다국어 메뉴판이 있는 매장입니다.",운영중,True,True,효자4동,official_coordinates,https://www.data.go.kr/data/15076735/fileData.do; 2022-04-01,2022-04-01
701345,더벤티 전주혁신도시점,전북특별자치도 전주시 덕진구 기지로 82 ,전북특별자치도 전주시 덕진구 중동 775-2,35.8381049,127.0609008,070-7719-6977,커피숍,휴게음식점,"""더벤티(전주혁신도시점)""는 전라북도 전주시에 있습니다. 레드테이블에서 온라인 예약이 가능합니다! 배달 가능한 매장입니다. 다국어 메뉴판, 무선 인터넷이 있는 매장입니다.",운영중,True,True,혁신동,official_coordinates,https://www.data.go.kr/data/15076735/fileData.do; 2022-04-01,2022-04-01
699304,중산일리터커피,전북특별자치도 전주시 완산구 서원로 305-1,전북특별자치도 전주시 완산구 중화산동2가 103-5,35.8117845,127.1278949,063-223-1156,커피숍,휴게음식점,"어디 가야 할지 고민이시라고요? 그럼 전라북도 전주시 맛집, ""중산일리터커피""를 추천합니다! 레드테이블에서 온라인 예약이 가능합니다! 배달 가능한 매장입니다. 다국어 메뉴판이 있는 매장입니다.",운영중,True,True,중화산1동,official_coordinates,https://www.data.go.kr/data/15076735/fileData.do; 2022-04-01,2022-04-01
699986,천씨씨커피 도청점,전북특별자치도 전주시 완산구 홍산4길 6,전북특별자치도 전주시 완산구 효자동3가 1528-1,35.8182277,127.1092384,063-225-9057,카페,,"전라북도 전주시에 가신다면 ""천씨씨커피 도청점""에 방문해보세요~",운영중,True,True,효자5동,official_coordinates,https://www.data.go.kr/data/15076735/fileData.do; 2022-04-01,2022-04-01
700611,쿠우쿠우 전주송천점,전북특별자치도 전주시 덕진구 사근1길 31 2층 201~207호,전북특별자치도 전주시 덕진구 송천동2가 179-116,35.8666658,127.1305541,063-252-6274,일식,일반음식점,"전라북도 전주시에 가신다면 ""쿠우쿠우(전주송천점)""에 방문해보세요~ 지방자치단체 인증을 받은 농림축산식품부 제공 안심식당입니다. 남녀 화장실이 구분되어 있는 매장입니다. 주차공간, 놀이방, 그리고 다국어 메뉴판이 있는 매장입니다.",운영중,True,True,송천1동,official_coordinates,https://www.data.go.kr/data/15076735/fileData.do; 2022-04-01,2022-04-01
700972,두끼떡볶이 NC전주객사점,전북특별자치도 전주시 완산구 전주객사5길 35 엔떼피아,전북특별자치도 전주시 완산구 고사동 96-1,35.8196809,127.1450792,063-710-5221,분식,,"전라북도 전주시에서 식당을 찾으신다면? ""두끼떡볶이 NC전주객사점""을 방문해보세요!",운영중,True,True,중앙동,official_coordinates,https://www.data.go.kr/data/15076735/fileData.do; 2022-04-01,2022-04-01
700976,피자몰 NC웨이브전주점,전북특별자치도 전주시 완산구 전주객사5길 35 엔떼피아,전북특별자치도 전주시 완산구 고사동 96-1,35.819529,127.1450258,063-710-5246,피자,,"전라북도 전주시에서 식당을 찾으신다면? ""피자몰 NC웨이브전주점""을 방문해보세요!",운영중,True,True,중앙동,official_coordinates,https://www.data.go.kr/data/15076735/fileData.do; 2022-04-01,2022-04-01
701253,본토홍반점,전북특별자치도 전주시 덕진구 기지로 82,전북특별자치도 전주시 덕진구 중동 775-2,35.8381049,127.0609008,063-224-7383,중국식,일반음식점,"전라북도 전주시에서 가 볼 만한 식당을 찾으신다면? ""본토홍반점(본점)""을 추천합니다! 레드테이블에서 온라인 예약이 가능합니다! 배달 가능한 매장입니다. 다국어 메뉴판이 있는 매장입니다.",운영중,True,True,혁신동,official_coordinates,https://www.data.go.kr/data/15076735/fileData.do; 2022-04-01,2022-04-01
701267,홍익궁중전통육개장 전주혁신점,전북특별자치도 전주시 덕진구 오정1길 8,전북특별자치도 전주시 덕진구 중동 779-4,35.8353153,127.0601252,063-237-3690,한식,일반음식점,"전라북도 전주시에 가신다면 ""홍익 궁중 전통육개장(전주혁신점)""에 방문해보세요~ 레드테이블에서 온라인 예약이 가능합니다! 배달 가능한 매장입니다. 다국어 메뉴판이 있는 매장입니다.",운영중,True,True,혁신동,official_coordinates,https://www.data.go.kr/data/15076735/fileData.do; 2022-04-01,2022-04-01
701350,dream box 혁신점,전북특별자치도 전주시 덕진구 기지로 70,전북특별자치도 전주시 덕진구 중동 774-2,35.8380944,127.0596511,063-224-2645,제과점영업,제과점영업,"""맘스 브레드""는 전라북도 전주시에 있습니다. 레드테이블에서 온라인 예약이 가능합니다! 배달 가능한 매장입니다. 키오스크, 다국어 메뉴판이 있는 매장입니다.",운영중,True,True,혁신동,official_coordinates,https://www.data.go.kr/data/15076735/fileData.do; 2022-04-01,2022-04-01
701285,화니푸드,전북특별자치도 전주시 덕진구 오공로 43-52,전북특별자치도 전주시 덕진구 중동 777-1,35.8377165,127.0605622,063-223-3051,기타,일반음식점,"무엇을 먹을지 고민되신다고요? 전라북도 전주시에 계시다면 ""화니푸드""를 추천합니다! 레드테이블에서 온라인 예약이 가능합니다! 다국어 메뉴판이 있는 매장입니다.",운영중,True,True,혁신동,official_coordinates,https://www.data.go.kr/data/15076735/fileData.do; 2022-04-01,2022-04-01
701298,지코바치킨 혁신중동1호점,전북특별자치도 전주시 덕진구 오공로 33 ,전북특별자치도 전주시 완산구 효자동3가 1674-4,35.8362099,127.0589926,063-222-2455,호프/통닭,일반음식점,"""지코바치킨""은 전라북도 전주시에 있습니다. 레드테이블에서 온라인 예약이 가능합니다! 남녀 화장실이 구분되어 있는 매장입니다. 배달 가능한 매장입니다. 주차공간, 다국어 메뉴판, 그리고 무선 인터넷이 있는 매장입니다.",운영중,True,True,혁신동,official_coordinates,https://www.data.go.kr/data/15076735/fileData.do; 2022-04-01,2022-04-01
701304,통큰두마리찜닭앤수원왕갈비통닭,전북특별자치도 전주시 덕진구 오정2길 10-1,전북특별자치도 전주시 덕진구 중동 782-4,35.8352623,127.0608564,063-223-8777,기타,일반음식점,"전라북도 전주시에서 맛집을 찾으신다면 ""통큰 두마리찜닭 수원왕갈비통닭(전주혁신도시점)""을 추천합니다. 레드테이블에서 온라인 예약이 가능합니다! 배달 가능한 매장입니다. 다국어 메뉴판이 있는 매장입니다.",운영중,True,True,혁신동,official_coordinates,https://www.data.go.kr/data/15076735/fileData.do; 2022-04-01,2022-04-01
701311, 이태리부대찌개 전주혁신점 ,전북특별자치도 전주시 덕진구 오공로 37 ,전북특별자치도 전주시 덕진구 반월동 385-14,35.8362827,127.0594921,063-229-9998,기타,일반음식점,"전라북도 전주시에 가신다면 ""이태리 부대찌개""에 방문해보세요~ 레드테이블에서 온라인 예약이 가능합니다! 배달 가능한 매장입니다. 다국어 메뉴판이 있는 매장입니다.",운영중,True,True,혁신동,official_coordinates,https://www.data.go.kr/data/15076735/fileData.do; 2022-04-01,2022-04-01
701319,호남성,전북특별자치도 전주시 덕진구 오정1길 13 ,전북특별자치도 전주시 덕진구 중동 782-9,35.8351007,127.0604109,063-236-8884,기타,일반음식점,"어디 가야 할지 고민이시라고요? 그럼 전라북도 전주시 맛집, ""호남성""을 추천합니다! 레드테이블에서 온라인 예약이 가능합니다! 배달 가능한 매장입니다. 다국어 메뉴판, 무선 인터넷이 있는 매장입니다.",운영중,True,True,혁신동,official_coordinates,https://www.data.go.kr/data/15076735/fileData.do; 2022-04-01,2022-04-01
701328,바르다김선생 만성지구점,전북특별자치도 전주시 덕진구 만성중앙로 55,전북특별자치도 전주시 완산구 삼천동1가 725-1,35.8426585,127.0778627,063-285-5454,기타 휴게음식점,휴게음식점,"전라북도 전주시에서 가 볼 만한 식당을 찾으신다면? ""바르다 김선생""을 추천합니다! 레드테이블에서 온라인 예약이 가능합니다! 배달 가능한 매장입니다. 키오스크, 다국어 메뉴판, 그리고 무선 인터넷이 있는 매장입니다.",운영중,True,True,여의동,official_coordinates,https://www.data.go.kr/data/15076735/fileData.do; 2022-04-01,2022-04-01
701338,커피베이 전주혁신점,전북특별자치도 전주시 덕진구 기지로 82 ,전북특별자치도 전주시 덕진구 중동 775-2,35.8381049,127.0609008,063-226-7031,커피숍,휴게음식점,"""커피베이""는 전라북도 전주시에 있습니다. 레드테이블에서 온라인 예약이 가능합니다! 다국어 메뉴판이 있는 매장입니다.",운영중,True,True,혁신동,official_coordinates,https://www.data.go.kr/data/15076735/fileData.do; 2022-04-01,2022-04-01
701343,행복고기국수 혁신점  ,전북특별자치도 전주시 덕진구 기지로 82,전북특별자치도 전주시 덕진구 중동 775-2,35.8381049,127.0609008,063-223-2244,기타 휴게음식점,휴게음식점,"""행복 고기국수(혁신점)""는 전라북도 전주시에 있습니다. 레드테이블에서 온라인 예약이 가능합니다! 다국어 메뉴판이 있는 매장입니다.",운영중,True,True,혁신동,official_coordinates,https://www.data.go.kr/data/15076735/fileData.do; 2022-04-01,2022-04-01
701292, 첨단공원국밥 전주혁신점 ,전북특별자치도 전주시 덕진구 오공로 43-48 ,전북특별자치도 전주시 덕진구 반월동 234-57,35.8372898,127.0605586,063-237-0544,한식,일반음식점,"전라북도 전주시에서 식당을 찾으신다면? ""첨단 공원 국밥(전주혁신점)""을 방문해보세요! 레드테이블에서 온라인 예약이 가능합니다! 배달 가능한 매장입니다. 다국어 메뉴판이 있는 매장입니다.",운영중,True,True,혁신동,official_coordinates,https://www.data.go.kr/data/15076735/fileData.do; 2022-04-01,2022-04-01
698717,올어바웃,전북특별자치도 전주시 덕진구 경동로 38 다솜빌 1층,전북특별자치도 전주시 덕진구 덕진동2가 675-10,35.8430547,127.1103417,,제과점영업,제과점영업,"전라북도 전주시에 가신다면 ""올어바웃""에 방문해보세요~ 주차공간, 다국어 메뉴판, 그리고 무선 인터넷이 있는 매장입니다.",운영중,True,True,덕진동,official_coordinates,https://www.data.go.kr/data/15076735/fileData.do; 2022-04-01,2022-04-01
707170,태권비어,전북특별자치도 전주시 완산구 전주객사1길 45,전북특별자치도 전주시 완산구 다가동3가 53-3,35.8182207,127.1391319,063-287-9664,호프/통닭,일반음식점,"전라북도 전주시에서 어디를 갈지 고민이라면! ""태권비어""에 가보시는 건 어떨까요? 레드테이블에서 온라인 예약이 가능합니다! 남녀 화장실이 구분되어 있는 매장입니다. 배달 가능한 매장입니다. 다국어 메뉴판, 무선 인터넷이 있는 매장입니다.",운영중,True,True,중앙동,official_coordinates,https://www.data.go.kr/data/15076735/fileData.do; 2022-04-01,2022-04-01
707684,돈스파이크,전북특별자치도 전주시 완산구 전주객사3길 74-1,전북특별자치도 전주시 완산구 고사동 291,35.820741,127.1417529,,경양식,일반음식점,"무엇을 먹을지 고민되신다고요? 전라북도 전주시에 계시다면 ""돈스파이크""를 추천합니다! 레드테이블에서 온라인 예약이 가능합니다! 배달 가능한 매장입니다. 다국어 메뉴판, 무선 인터넷이 있는 매장입니다.",운영중,True,True,중앙동,official_coordinates,https://www.data.go.kr/data/15076735/fileData.do; 2022-04-01,2022-04-01
713906,요거프레소 에코시티점,전북특별자치도 전주시 덕진구 세병남로 39,전북특별자치도 전주시 덕진구 송천동2가 1326-11 청동빌딩,35.8732778,127.1277996,063-272-1117,커피숍,휴게음식점,"""요거프레소(전주에코시티점)""를 전라북도 전주시의 가 볼 만한 식당으로 추천합니다! 레드테이블에서 온라인 예약이 가능합니다! 배달 가능한 매장입니다. 다국어 메뉴판, 무선 인터넷이 있는 매장입니다.",운영중,True,True,송천1동,official_coordinates,https://www.data.go.kr/data/15076735/fileData.do; 2022-04-01,2022-04-01
713915,평화광장 가맥,전북특별자치도 전주시 완산구 맏내3길 13,전북특별자치도 전주시 완산구 평화동2가  847-1,35.7927674,127.1305948,,한식,일반음식점,"어디 가야 할지 고민이시라고요? 그럼 전라북도 전주시 맛집, ""평화광장""을 추천합니다! 레드테이블에서 온라인 예약이 가능합니다! 다국어 메뉴판이 있는 매장입니다.",운영중,True,True,평화2동,official_coordinates,https://www.data.go.kr/data/15076735/fileData.do; 2022-04-01,2022-04-01
714460,커피에반하다전주만성남부점,전북특별자치도 전주시 덕진구 만성로 90 ,전북특별자치도 전주시 덕진구 만성동 1288-4,35.8394628,127.0745153,063-211-1416,커피숍,휴게음식점,"전라북도 전주시에서 가 볼 만한 식당을 찾으신다면? ""커피에반하다(전주만성남부점)""를 추천합니다! 레드테이블에서 온라인 예약이 가능합니다! 다국어 메뉴판이 있는 매장입니다.",운영중,True,True,여의동,official_coordinates,https://www.data.go.kr/data/15076735/fileData.do; 2022-04-01,2022-04-01
715290,요가파이어 전주점,전북특별자치도 전주시 완산구 홍산중앙로 45,전북특별자치도 전주시 완산구 효자동3가 1527-11,35.8176049,127.1087608,063-229-0930,한식,일반음식점,"""요가파이어매운갈비찜(전주점)""을 전라북도 전주시의 가 볼 만한 식당으로 추천합니다! 레드테이블과 네이버에서 온라인 예약이 가능합니다! 남녀 화장실이 구분되어 있는 매장입니다. 배달 가능한 매장입니다. 주차공간, 다국어 메뉴판, 그리고 무선 인터넷이 있는 매장입니다.",운영중,True,True,효자5동,official_coordinates,https://www.data.go.kr/data/15076735/fileData.do; 2022-04-01,2022-04-01
715890,선데이칠,전북특별자치도 전주시 완산구 전주객사1길 46-3 1층,전북특별자치도 전주시 완산구 평화동1가 741-4,35.8185412,127.1393131,050-7132-0243,경양식,일반음식점,"""선데이 칠""은 전라북도 전주시에 있습니다. 레드테이블에서 온라인 예약이 가능합니다! 다국어 메뉴판, 무선 인터넷이 있는 매장입니다.",운영중,True,True,중앙동,official_coordinates,https://www.data.go.kr/data/15076735/fileData.do; 2022-04-01,2022-04-01
864929,명가수산,전북특별자치도 전주시 완산구 중산중앙로 27,전북특별자치도 전주시 완산구 중화산동2가 615-10,35.8166547,127.1212042,063-243-1124,생선회,,"무엇을 먹을지 고민되신다고요? 전라북도 전주시에 계시다면 ""명가수산""을 추천합니다!",운영중,True,True,중화산2동,official_coordinates,https://www.data.go.kr/data/15076735/fileData.do; 2022-04-01,2022-04-01
716173,오박사,전북특별자치도 전주시 완산구 동문길 105,전북특별자치도 전주시 완산구 경원동1가  113-7,35.8178374,127.1483879,063-286-8900,한식,일반음식점,"전라북도 전주시에서 가 볼 만한 식당을 찾으신다면? ""오박사""를 추천합니다! 레드테이블에서 온라인 예약이 가능합니다! 다국어 메뉴판이 있는 매장입니다.",운영중,True,True,풍남동,official_coordinates,https://www.data.go.kr/data/15076735/fileData.do; 2022-04-01,2022-04-01
713701,두메향기,전북특별자치도 전주시 완산구 전주객사2길 28-15,전북특별자치도 전주시 완산구 고사동 462-5,35.8185742,127.1411539,063-288-1975,전통찻집,휴게음식점,"전라북도 전주시에서 식당을 찾으신다면? ""두메향기""를 방문해보세요! 다국어 메뉴판이 있는 매장입니다.",운영중,True,True,중앙동,official_coordinates,https://www.data.go.kr/data/15076735/fileData.do; 2022-04-01,2022-04-01
716453,영아네밥상,전북특별자치도 전주시 덕진구 송천로 35-4 1층,전북특별자치도 전주시 덕진구 송천동1가 332-1,35.8566788,127.1180954,063-274-6598,한식,일반음식점,"무엇을 먹을지 고민되신다고요? 전라북도 전주시에 계시다면 ""영아네밥상""을 추천합니다! 남녀 화장실이 구분되어 있는 매장입니다. 다국어 메뉴판, 무선 인터넷이 있는 매장입니다.",운영중,True,True,송천2동,official_coordinates,https://www.data.go.kr/data/15076735/fileData.do; 2022-04-01,2022-04-01
717544,미래식품,전북특별자치도 전주시 완산구 태평3길 44-9,전북특별자치도 전주시 완산구 태평동 36-15,35.8245454,127.1424548,063-275-4583,족발,,"전라북도 전주시에서 맛집을 찾으신다면 ""미래식품""을 추천합니다.",운영중,True,True,중앙동,official_coordinates,https://www.data.go.kr/data/15076735/fileData.do; 2022-04-01,2022-04-01
717579, 엄마손김치찌개전주혁신점 ,전북특별자치도 전주시 덕진구 기지로 70 ,전북특별자치도 전주시 덕진구 중동 774-2,35.8380944,127.0596511,063-288-7775,한식,일반음식점,"어디 가야 할지 고민이시라고요? 그럼 전라북도 전주시 맛집, ""엄마손김치찌개(전주혁신도시점)""를 추천합니다! 레드테이블에서 온라인 예약이 가능합니다! 남녀 화장실이 구분되어 있는 매장입니다. 배달 가능한 매장입니다. 주차공간, 다국어 메뉴판이 있는 매장입니다.",운영중,True,True,혁신동,official_coordinates,https://www.data.go.kr/data/15076735/fileData.do; 2022-04-01,2022-04-01
717585,드림박스 송천점,전북특별자치도 전주시 덕진구 천마산로 65 1층,전북특별자치도 전주시 덕진구 송천동2가 202-59,35.8649145,127.1282614,063-255-6677,한식,일반음식점,"전라북도 전주시에서 어디를 갈지 고민이라면! ""드림박스(송천점)""에 가보시는 건 어떨까요? 남녀 화장실이 구분되어 있는 매장입니다. 주차공간, 다국어 메뉴판, 그리고 무선 인터넷이 있는 매장입니다.",운영중,True,True,송천1동,official_coordinates,https://www.data.go.kr/data/15076735/fileData.do; 2022-04-01,2022-04-01
717626,커피에반하다,전북특별자치도 전주시 완산구 서원로 297,전북특별자치도 전주시 완산구 중화산동2가 106-1,35.811951,127.1269866,063-228-9614,커피숍,휴게음식점,"""커피에반하다(전주중화산점)""를 전라북도 전주시의 가 볼 만한 식당으로 추천합니다! 레드테이블에서 온라인 예약이 가능합니다! 다국어 메뉴판이 있는 매장입니다.",운영중,True,True,중화산1동,official_coordinates,https://www.data.go.kr/data/15076735/fileData.do; 2022-04-01,2022-04-01
717641,파스톨로지,전북특별자치도 전주시 완산구 전주객사3길 98 1층,전북특별자치도 전주시 완산구 고사동 300-9,35.8215058,127.1412533,,경양식,일반음식점,"전라북도 전주시에서 식당을 찾으신다면? ""파스톨로지""를 방문해보세요! 레드테이블에서 온라인 예약이 가능합니다! 남녀 화장실이 구분되어 있는 매장입니다. 다국어 메뉴판, 무선 인터넷이 있는 매장입니다.",운영중,True,True,중앙동,official_coordinates,https://www.data.go.kr/data/15076735/fileData.do; 2022-04-01,2022-04-01
717715,국수나무,전북특별자치도 전주시 완산구 홍산로 375,전북특별자치도 전주시 완산구 효자동3가 1609-16,35.8273212,127.1056394,063-222-3691,분식,일반음식점,"어디 가야 할지 고민이시라고요? 그럼 전라북도 전주시 맛집, ""국수나무(효자3가점)""를 추천합니다! 레드테이블에서 온라인 예약이 가능합니다! 배달 가능한 매장입니다. 주차공간, 다국어 메뉴판, 그리고 무선 인터넷이 있는 매장입니다.",운영중,True,True,효자5동,official_coordinates,https://www.data.go.kr/data/15076735/fileData.do; 2022-04-01,2022-04-01
717724,고빼기 효자점,전북특별자치도 전주시 완산구 거마평로 147-14,전북특별자치도 전주시 완산구 효자동1가 453-1,35.8054669,127.115284,063-223-8899,커피숍,휴게음식점,"""고빼기(효자1호점)""는 전라북도 전주시에 있습니다. 레드테이블에서 온라인 예약이 가능합니다! 배달 가능한 매장입니다. 다국어 메뉴판이 있는 매장입니다.",운영중,True,True,효자3동,official_coordinates,https://www.data.go.kr/data/15076735/fileData.do; 2022-04-01,2022-04-01
716583,국수나무 전주만성점,전북특별자치도 전주시 덕진구 만성로 140,전북특별자치도 전주시 완산구 삼천동1가 284-61,35.8434852,127.0770598,063-716-9575,분식,일반음식점,"무엇을 먹을지 고민되신다고요? 전라북도 전주시에 계시다면 ""국수나무(만성점)""를 추천합니다! 레드테이블에서 온라인 예약이 가능합니다! 배달 가능한 매장입니다. 주차공간, 다국어 메뉴판, 그리고 무선 인터넷이 있는 매장입니다.",운영중,True,True,여의동,official_coordinates,https://www.data.go.kr/data/15076735/fileData.do; 2022-04-01,2022-04-01
707185,샹그릴라,전북특별자치도 전주시 완산구 어진길 122,전북특별자치도 전주시 완산구 경원동1가 126-48,35.8166851,127.1480589,,전통찻집,휴게음식점,"전라북도 전주시에서 맛집을 찾으신다면 ""샹그릴라""를 추천합니다. 레드테이블에서 온라인 예약이 가능합니다! 다국어 메뉴판, 무선 인터넷이 있는 매장입니다.",운영중,True,True,풍남동,official_coordinates,https://www.data.go.kr/data/15076735/fileData.do; 2022-04-01,2022-04-01
713686,커피베이중화산점,전북특별자치도 전주시 완산구 백제대로 265,전북특별자치도 전주시 완산구 중화산동2가 596-13,35.816844,127.1225613,070-4101-4500,기타 휴게음식점,휴게음식점,"전라북도 전주시에 가신다면 ""커피베이(전주중화산점)""에 방문해보세요~ 레드테이블에서 온라인 예약이 가능합니다! 배달 가능한 매장입니다. 다국어 메뉴판이 있는 매장입니다.",운영중,True,True,중화산2동,official_coordinates,https://www.data.go.kr/data/15076735/fileData.do; 2022-04-01,2022-04-01
712891,공차 전주송천점,전북특별자치도 전주시 덕진구 천마산로 54,전북특별자치도 전주시 덕진구 송천동1가 107-202,35.8641122,127.1277421,063-252-0405,커피숍,휴게음식점,"전라북도 전주시에서 어디를 갈지 고민이라면! ""공차(전주송천점)""에 가보시는 건 어떨까요? 레드테이블에서 온라인 예약이 가능합니다! 배달 가능한 매장입니다. 키오스크, 다국어 메뉴판이 있는 매장입니다.",운영중,True,True,송천1동,official_coordinates,https://www.data.go.kr/data/15076735/fileData.do; 2022-04-01,2022-04-01
708159,진수곱창 ,전북특별자치도 전주시 완산구 용리로 20,전북특별자치도 전주시 완산구 삼천동1가 284-7,35.7983297,127.1120188,063-223-3131,회집,일반음식점,"전라북도 전주시에서 어디를 갈지 고민이라면! ""진수곱창(삼천점)""에 가보시는 건 어떨까요? 지방자치단체 인증을 받은 농림축산식품부 제공 안심식당입니다. 레드테이블에서 온라인 예약이 가능합니다! 남녀 화장실이 구분되어 있는 매장입니다. 배달 가능한 매장입니다. 주차공간, 다국어 메뉴판, 그리고 무선 인터넷이 있는 매장입니다.",운영중,True,True,삼천3동,official_coordinates,https://www.data.go.kr/data/15076735/fileData.do; 2022-04-01,2022-04-01
708224,지금그리고우리,전북특별자치도 전주시 완산구 서곡2길 20-9,전북특별자치도 전주시 완산구 효자동3가 1466-7,35.833033,127.1022882,,커피숍,휴게음식점,"전라북도 전주시에서 식당을 찾으신다면? ""지금 그리고 우리""를 방문해보세요! 레드테이블에서 온라인 예약이 가능합니다! 주차공간, 다국어 메뉴판, 그리고 무선 인터넷이 있는 매장입니다.",운영중,True,True,효자5동,official_coordinates,https://www.data.go.kr/data/15076735/fileData.do; 2022-04-01,2022-04-01
708907,행복국수,전북특별자치도 전주시 완산구 삼천천변2길 30,전북특별자치도 전주시 완산구 삼천동1가 427-4,35.7963575,127.1134289,063-227-4411,분식,일반음식점,"""행복국수(삼천점)""는 전라북도 전주시에 있습니다. 레드테이블에서 온라인 예약이 가능합니다! 다국어 메뉴판이 있는 매장입니다.",운영중,True,True,삼천3동,official_coordinates,https://www.data.go.kr/data/15076735/fileData.do; 2022-04-01,2022-04-01
708963,크라운호프 전주객리단점,전북특별자치도 전주시 완산구 전주객사2길 7 1층,전북특별자치도 전주시 완산구 다가동3가 23-3,35.8171253,127.1410649,063-231-1553,한식,일반음식점,"전라북도 전주시에서 가 볼 만한 식당을 찾으신다면? ""크라운호프(전주객리단점)""를 추천합니다! 남녀 화장실이 구분되어 있는 매장입니다. 다국어 메뉴판, 무선 인터넷이 있는 매장입니다.",운영중,True,True,중앙동,official_coordinates,https://www.data.go.kr/data/15076735/fileData.do; 2022-04-01,2022-04-01
709081,카페화정리,전북특별자치도 전주시 덕진구 동부대로 1065,전북특별자치도 전주시 덕진구 송천동2가 174-1,35.8694615,127.1308135,063-275-4377,패밀리레스토랑,일반음식점,"어디 가야 할지 고민이시라고요? 그럼 전라북도 전주시 맛집, ""카페화정리""를 추천합니다! 다국어 메뉴판이 있는 매장입니다.",운영중,True,True,송천1동,official_coordinates,https://www.data.go.kr/data/15076735/fileData.do; 2022-04-01,2022-04-01
709448,은화수식당 전주신시가지점,전북특별자치도 전주시 완산구 홍산중앙로 13,전북특별자치도 전주시 완산구 효자동2가 1155-10,35.8148744,127.1087421,050-7987-9818,한식,일반음식점,"전라북도 전주시에서 맛집을 찾으신다면 ""은화수식당(전주신시가지점)""을 추천합니다. 레드테이블에서 온라인 예약이 가능합니다! 남녀 화장실이 구분되어 있는 매장입니다. 배달 가능한 매장입니다. 주차공간, 다국어 메뉴판, 그리고 무선 인터넷이 있는 매장입니다.",운영중,True,True,효자5동,official_coordinates,https://www.data.go.kr/data/15076735/fileData.do; 2022-04-01,2022-04-01
710036,더맛좋은집,전북특별자치도 전주시 덕진구 송천중앙로 19,전북특별자치도 전주시 덕진구 덕진동2가 167-330,35.8490624,127.1188353,063-905-7070,한식,일반음식점,"""더맛좋은집""을 전라북도 전주시의 가 볼 만한 식당으로 추천합니다! 레드테이블에서 온라인 예약이 가능합니다! 배달 가능한 매장입니다. 주차공간, 다국어 메뉴판, 그리고 무선 인터넷이 있는 매장입니다.",운영중,True,True,덕진동,official_coordinates,https://www.data.go.kr/data/15076735/fileData.do; 2022-04-01,2022-04-01
713323,추노네가맥,전북특별자치도 전주시 덕진구 사근1길 31,전북특별자치도 전주시 덕진구 송천동2가 179-119,35.8666658,127.1305541,,정종/대포집/소주방,일반음식점,"어디 가야 할지 고민이시라고요? 그럼 전라북도 전주시 맛집, ""추노네가맥""을 추천합니다! 다국어 메뉴판이 있는 매장입니다.",운영중,True,True,송천1동,official_coordinates,https://www.data.go.kr/data/15076735/fileData.do; 2022-04-01,2022-04-01
710515,카페레드브릭스,전북특별자치도 전주시 완산구 소태정5길 19 1층 ,전북특별자치도 전주시 완산구 효자동2가 1202-2,35.8039778,127.0984541,063-904-5658,기타,일반음식점,"""카페레드브릭스""를 전라북도 전주시의 가 볼 만한 식당으로 추천합니다! 레드테이블에서 온라인 예약이 가능합니다! 반려동물 입장이 가능하고, 남녀 화장실이 구분되어 있는 매장입니다. 배달 가능한 매장입니다. 다국어 메뉴판, 무선 인터넷이 있는 매장입니다.",운영중,True,True,효자4동,official_coordinates,https://www.data.go.kr/data/15076735/fileData.do; 2022-04-01,2022-04-01
710800,팔레티,전북특별자치도 전주시 완산구 전주객사1길 83,전북특별자치도 전주시 완산구 다가동4가 120,35.8198641,127.1382939,,커피숍,휴게음식점,"전라북도 전주시 근처로 갈 일정이 있으시다면, 맛집으로 소문난 ""팔레티""를 꼭 방문해보세요. 2019년 10월 09일 SBS 생방송투데이 2429회에 방영되었답니다. 레드테이블에서 온라인 예약이 가능합니다! 남녀 화장실이 구분되어 있는 매장입니다. 배달 가능한 매장입니다. 다국어 메뉴판, 무선 인터넷이 있는 매장입니다.",운영중,True,True,중앙동,official_coordinates,https://www.data.go.kr/data/15076735/fileData.do; 2022-04-01,2022-04-01
711956,ABC COFFEE 에이비씨커피 효자4동점,전북특별자치도 전주시 완산구 천잠로 186,전북특별자치도 전주시 완산구 효자동2가 1196-9,35.8039457,127.0978343,063-229-6777,커피숍,휴게음식점,"""에이비씨커피(효자4동점)""는 전라북도 전주시에 있습니다. 다국어 메뉴판이 있는 매장입니다.",운영중,True,True,효자4동,official_coordinates,https://www.data.go.kr/data/15076735/fileData.do; 2022-04-01,2022-04-01
712228,빵굽는아저씨,전북특별자치도 전주시 완산구 효자천변2길 13 빵굽는아저씨,전북특별자치도 전주시 완산구 효자동1가 651,35.8048843,127.1141437,063-901-7868,제과점영업,제과점영업,"""빵굽는아저씨""를 전라북도 전주시의 가 볼 만한 식당으로 추천합니다! 다국어 메뉴판이 있는 매장입니다.",운영중,True,True,효자3동,official_coordinates,https://www.data.go.kr/data/15076735/fileData.do; 2022-04-01,2022-04-01
712284,더리터전주시청점,전북특별자치도 전주시 완산구 노송여울2길 38,전북특별자치도 전주시 완산구 평화동1가 741-3,35.8247594,127.1451498,063-232-2224,기타 휴게음식점,휴게음식점,"어디 가야 할지 고민이시라고요? 그럼 전라북도 전주시 맛집, ""더리터(전주시청점)""를 추천합니다! 레드테이블에서 온라인 예약이 가능합니다! 다국어 메뉴판이 있는 매장입니다.",운영중,True,True,노송동,official_coordinates,https://www.data.go.kr/data/15076735/fileData.do; 2022-04-01,2022-04-01
712396,윰스,전북특별자치도 전주시 완산구 장승배기로 2-3,전북특별자치도 전주시 완산구 삼천동1가 305-1,35.7920592,127.1134298,,기타,일반음식점,"전라북도 전주시에 가신다면 ""윰스""에 방문해보세요~ 레드테이블에서 온라인 예약이 가능합니다! 다국어 메뉴판이 있는 매장입니다.",운영중,True,True,삼천3동,official_coordinates,https://www.data.go.kr/data/15076735/fileData.do; 2022-04-01,2022-04-01
712644,일구팔팔,전북특별자치도 전주시 완산구 후곡길 11-18(1층 효자동2가)	,전북특별자치도 전주시 완산구 효자동2가 1308-7,35.8097232,127.0952398,063-225-2360,기타,일반음식점,"전라북도 전주시에서 식당을 찾으신다면? ""일구팔팔""을 방문해보세요! 레드테이블에서 온라인 예약이 가능합니다! 다국어 메뉴판이 있는 매장입니다.",운영중,True,True,효자4동,official_coordinates,https://www.data.go.kr/data/15076735/fileData.do; 2022-04-01,2022-04-01
712735,파주옥곰탕 전주점,전북특별자치도 전주시 완산구 홍산북로 23-9,전북특별자치도 전주시 완산구 효자동2가 1230-3,35.8181293,127.1043019,063-226-2446,한식,일반음식점,"전라북도 전주시에서 가 볼 만한 식당을 찾으신다면? ""파주옥곰탕(전주점)""을 추천합니다! 레드테이블에서 온라인 예약이 가능합니다! 반려동물 입장이 가능한 매장입니다. 배달 가능한 매장입니다. 다국어 메뉴판이 있는 매장입니다.",운영중,True,True,효자5동,official_coordinates,https://www.data.go.kr/data/15076735/fileData.do; 2022-04-01,2022-04-01
710738,해방곱창 전주본점,전북특별자치도 전주시 완산구 전주객사1길 104,전북특별자치도 전주시 완산구 다가동4가 10-6,35.8207814,127.1381114,,기타,일반음식점,"전라북도 전주시에서 어디를 갈지 고민이라면! ""해방곱창(전주본점)""에 가보시는 건 어떨까요? 레드테이블에서 온라인 예약이 가능합니다! 남녀 화장실이 구분되어 있는 매장입니다. 배달 가능한 매장입니다. 다국어 메뉴판, 무선 인터넷이 있는 매장입니다.",운영중,True,True,중앙동,official_coordinates,https://www.data.go.kr/data/15076735/fileData.do; 2022-04-01,2022-04-01
672709,한여사김치부대찌개,전북특별자치도 전주시 완산구 문학대4길 27,전북특별자치도 전주시 완산구 효자동3가 1616-10,35.8268874,127.1047822,063-222-1886,기타 휴게음식점,휴게음식점,"전라북도 전주시에서 가 볼 만한 식당을 찾으신다면? ""한여사김치부대찌개""를 추천합니다! 레드테이블에서 온라인 예약이 가능합니다! 배달 가능한 매장입니다. 다국어 메뉴판이 있는 매장입니다.",운영중,True,True,효자5동,official_coordinates,https://www.data.go.kr/data/15076735/fileData.do; 2022-04-01,2022-04-01
698664,주도락,전북특별자치도 전주시 완산구 마전3길 2 1층,전북특별자치도 전주시 완산구 효자동3가 1630-4,35.8238352,127.104071,063-227-0400,한식,일반음식점,"전라북도 전주시에서 맛집을 찾으신다면 ""주도락""을 추천합니다. 레드테이블에서 온라인 예약이 가능합니다! 남녀 화장실이 구분되어 있는 매장입니다. 주차공간, 다국어 메뉴판, 그리고 무선 인터넷이 있는 매장입니다.",운영중,True,True,효자5동,official_coordinates,https://www.data.go.kr/data/15076735/fileData.do; 2022-04-01,2022-04-01
697156,밭두렁 쌈밥,전북특별자치도 전주시 덕진구 혁신로 370,전북특별자치도 전주시 덕진구 장동 123-1,35.8473508,127.0626043,063-255-7212,한식,일반음식점,"""밭두렁 쌈밥""을 전라북도 전주시의 가 볼 만한 식당으로 추천합니다! 남녀 화장실이 구분되어 있는 매장입니다. 주차공간, 다국어 메뉴판이 있는 매장입니다.",운영중,True,True,여의동,official_coordinates,https://www.data.go.kr/data/15076735/fileData.do; 2022-04-01,2022-04-01
680087,더리터 동산점,전북특별자치도 전주시 덕진구 편운로 5,전북특별자치도 전주시 완산구 평화동2가 316-2,35.8712678,127.0771269,063-213-0162,커피숍,휴게음식점,"전라북도 전주시에서 가 볼 만한 식당을 찾으신다면? ""더리터(동산점)""를 추천합니다! 레드테이블에서 온라인 예약이 가능합니다! 반려동물 입장이 가능한 매장입니다. 배달 가능한 매장입니다. 다국어 메뉴판이 있는 매장입니다.",운영중,True,True,여의동,official_coordinates,https://www.data.go.kr/data/15076735/fileData.do; 2022-04-01,2022-04-01
680223,애슐리W 전주STS점,전북특별자치도 전주시 완산구 용머리로 45 2층,전북특별자치도 전주시 완산구 효자동1가 434,35.8068754,127.1156233,063-237-1032,패밀리레스토랑,,"전라북도 전주시에서 어디를 갈지 고민이라면! ""애슐리W 전주STS점""에 가보시는 건 어떨까요?",운영중,True,True,효자3동,official_coordinates,https://www.data.go.kr/data/15076735/fileData.do; 2022-04-01,2022-04-01
681127,트랙나인,전북특별자치도 전주시 완산구 마전들로 7,전북특별자치도 전주시 완산구 효자동3가 1656-12,35.8212063,127.0965154,070-8886-0165,한식,일반음식점,"""트랙나인""은 전라북도 전주시에 있습니다. 남녀 화장실이 구분되어 있는 매장입니다. 다국어 메뉴판, 무선 인터넷이 있는 매장입니다.",운영중,True,True,효자5동,official_coordinates,https://www.data.go.kr/data/15076735/fileData.do; 2022-04-01,2022-04-01
681742,이춘봉인생치킨 전주효자점,전북특별자치도 전주시 완산구 홍산북로 84-20 1층 101호,전북특별자치도 전주시 완산구 효자동3가 1538-3,35.8167406,127.110644,063-226-9222,호프/통닭,일반음식점,"전라북도 전주시에서 가 볼 만한 식당을 찾으신다면? ""이춘봉인생치킨(전주효자점)""을 추천합니다! 레드테이블에서 온라인 예약이 가능합니다! 배달 가능한 매장입니다. 다국어 메뉴판이 있는 매장입니다.",운영중,True,True,효자5동,official_coordinates,https://www.data.go.kr/data/15076735/fileData.do; 2022-04-01,2022-04-01
681743,얌스 효자휴먼시아점,전북특별자치도 전주시 완산구 호암로 21,전북특별자치도 전주시 완산구 효자동2가 1313-6,35.8092537,127.0970196,063-222-0885,한식,일반음식점,"전라북도 전주시에서 가 볼 만한 식당을 찾으신다면? ""얌스(효자휴먼시아점)""를 추천합니다! 레드테이블에서 온라인 예약이 가능합니다! 배달 가능한 매장입니다. 다국어 메뉴판, 무선 인터넷이 있는 매장입니다.",운영중,True,True,효자4동,official_coordinates,https://www.data.go.kr/data/15076735/fileData.do; 2022-04-01,2022-04-01
682213,명륜진사갈비 고사점,전북특별자치도 전주시 완산구 전주객사4길 74-50,전북특별자치도 전주시 완산구 고사동 186,35.8208164,127.1443231,063-283-9288,한식,일반음식점,"무엇을 먹을지 고민되신다고요? 전라북도 전주시에 계시다면 ""명륜진사갈비(고사점)""를 추천합니다! 레드테이블에서 온라인 예약이 가능합니다! 다국어 메뉴판이 있는 매장입니다.",운영중,True,True,중앙동,official_coordinates,https://www.data.go.kr/data/15076735/fileData.do; 2022-04-01,2022-04-01
683453,전주얼큰이샤브칼국수,전북특별자치도 전주시 덕진구 붓내3길 34,전북특별자치도 전주시 덕진구 송천동2가 233-1,35.866543,127.1250987,063-251-9730,한식,일반음식점,"전라북도 전주시에 가신다면 ""전주얼큰이샤브칼국수(송천점)""에 방문해보세요~ 레드테이블에서 온라인 예약이 가능합니다! 남녀 화장실이 구분되어 있는 매장입니다. 배달 가능한 매장입니다. 다국어 메뉴판, 무선 인터넷이 있는 매장입니다.",운영중,True,True,송천1동,official_coordinates,https://www.data.go.kr/data/15076735/fileData.do; 2022-04-01,2022-04-01
680076,청년다방 전주대점,전북특별자치도 전주시 완산구 속거길 11-5 청년다방 전주대점,전북특별자치도 전주시 완산구 효자동3가 1275-3,35.8154639,127.0883304,050-7987-1915,한식,일반음식점,"""청년다방(전주대점)""을 전라북도 전주시의 가 볼 만한 식당으로 추천합니다! 다국어 메뉴판이 있는 매장입니다.",운영중,True,True,효자4동,official_coordinates,https://www.data.go.kr/data/15076735/fileData.do; 2022-04-01,2022-04-01
683773,남촌칼국수,전북특별자치도 전주시 완산구 석산2길 7 1층,전북특별자치도 전주시 완산구 효자동3가 1696-7 1층,35.819677,127.1049711,063-221-1030,한식,일반음식점,"전라북도 전주시에 가신다면 ""남촌칼국수(전주본점)""에 방문해보세요~ 레드테이블에서 온라인 예약이 가능합니다! 배달 가능한 매장입니다. 다국어 메뉴판이 있는 매장입니다.",운영중,True,True,효자5동,official_coordinates,https://www.data.go.kr/data/15076735/fileData.do; 2022-04-01,2022-04-01
684263,호시마츠생라멘,전북특별자치도 전주시 완산구 전주객사2길 46-12,전북특별자치도 전주시 완산구 고사동 473-9,35.8189944,127.1412996,050-7136-9452,기타,일반음식점,"전라북도 전주시에서 가 볼 만한 식당을 찾으신다면? ""호시마츠생라멘""을 추천합니다! 레드테이블에서 온라인 예약이 가능합니다! 남녀 화장실이 구분되어 있는 매장입니다. 주차공간, 다국어 메뉴판, 그리고 무선 인터넷이 있는 매장입니다.",운영중,True,True,중앙동,official_coordinates,https://www.data.go.kr/data/15076735/fileData.do; 2022-04-01,2022-04-01
684346,라붐 데세르,전북특별자치도 전주시 완산구 홍산남로 59,전북특별자치도 전주시 완산구 효자동3가 1534-6,35.8160202,127.1083251,063-229-6880,커피숍,휴게음식점,"전라북도 전주시에서 어디를 갈지 고민이라면! ""라붐데세르""에 가보시는 건 어떨까요? 레드테이블에서 온라인 예약이 가능합니다! 남녀 화장실이 구분되어 있는 매장입니다. 배달 가능한 매장입니다. 주차공간, 다국어 메뉴판, 그리고 무선 인터넷이 있는 매장입니다.",운영중,True,True,효자5동,official_coordinates,https://www.data.go.kr/data/15076735/fileData.do; 2022-04-01,2022-04-01
684373,사랑에 머물다,전북특별자치도 전주시 완산구 마전들로 21 1층,전북특별자치도 전주시 완산구 효자동3가 1669-5,35.8212128,127.0978329,,커피숍,휴게음식점,"어디 가야 할지 고민이시라고요? 그럼 전라북도 전주시 맛집, ""사랑에 머물다""를 추천합니다! 레드테이블에서 온라인 예약이 가능합니다! 배달 가능한 매장입니다. 다국어 메뉴판이 있는 매장입니다.",운영중,True,True,효자5동,official_coordinates,https://www.data.go.kr/data/15076735/fileData.do; 2022-04-01,2022-04-01
684431,청춘식당,전북특별자치도 전주시 완산구 전주객사2길 46-12,전북특별자치도 전주시 완산구 고사동 473-9,35.8189944,127.1412996,063-231-6777,경양식,일반음식점,"어디 가야 할지 고민이시라고요? 그럼 전라북도 전주시 맛집, ""청춘식당""을 추천합니다! 레드테이블에서 온라인 예약이 가능합니다! 남녀 화장실이 구분되어 있는 매장입니다. 배달 가능한 매장입니다. 다국어 메뉴판, 무선 인터넷이 있는 매장입니다.",운영중,True,True,중앙동,official_coordinates,https://www.data.go.kr/data/15076735/fileData.do; 2022-04-01,2022-04-01
684832,오버플로우,전북특별자치도 전주시 완산구 배학3길 3-5,전북특별자치도 전주시 완산구 평화동2가 866-13,35.819477,127.0968306,063-901-9866,기타 휴게음식점,휴게음식점,"전라북도 전주시에서 어디를 갈지 고민이라면! ""오버플로우""에 가보시는 건 어떨까요? 레드테이블에서 온라인 예약이 가능합니다! 남녀 화장실이 구분되어 있는 매장입니다. 배달 가능한 매장입니다. 다국어 메뉴판, 무선 인터넷이 있는 매장입니다.",운영중,True,True,효자5동,official_coordinates,https://www.data.go.kr/data/15076735/fileData.do; 2022-04-01,2022-04-01
685018,마노,전북특별자치도 전주시 완산구 홍산로 253(1층 106호 효자동2가),전북특별자치도 전주시 완산구 효자동2가 1239-4,35.8163784,127.1054918,063-229-9011,한식,일반음식점,"어디 가야 할지 고민이시라고요? 그럼 전라북도 전주시 맛집, ""마노""를 추천합니다! 레드테이블에서 온라인 예약이 가능합니다! 남녀 화장실이 구분되어 있는 매장입니다. 주차공간, 다국어 메뉴판, 그리고 무선 인터넷이 있는 매장입니다.",운영중,True,True,효자5동,official_coordinates,https://www.data.go.kr/data/15076735/fileData.do; 2022-04-01,2022-04-01
864939,마이산,전북특별자치도 전주시 완산구 중산6길 15-4,전북특별자치도 전주시 완산구 중화산동2가 597-7,35.8172066,127.1220493,063-223-0890,쌈밥,,"전라북도 전주시에서 어디를 갈지 고민이라면! ""마이산""에 가보시는 건 어떨까요?",운영중,True,True,중화산2동,official_coordinates,https://www.data.go.kr/data/15076735/fileData.do; 2022-04-01,2022-04-01
684261,ILDALLA COFFEE,전북특별자치도 전주시 완산구 홍산남로 55,전북특별자치도 전주시 완산구 효자동3가 1534-5,35.8160177,127.1080623,02-777-9004,기타 휴게음식점,휴게음식점,"전라북도 전주시에서 어디를 갈지 고민이라면! ""일달라커피""에 가보시는 건 어떨까요? 레드테이블에서 온라인 예약이 가능합니다! 다국어 메뉴판이 있는 매장입니다.",운영중,True,True,효자5동,official_coordinates,https://www.data.go.kr/data/15076735/fileData.do; 2022-04-01,2022-04-01
686302,더리터 삼천점,전북특별자치도 전주시 완산구 거마평로 34,전북특별자치도 전주시 완산구 삼천동1가 644-1,35.7954161,127.1170544,063-227-5002,커피숍,휴게음식점,"""더리터(전주삼천점)""는 전라북도 전주시에 있습니다. 레드테이블에서 온라인 예약이 가능합니다! 배달 가능한 매장입니다. 키오스크, 다국어 메뉴판, 그리고 무선 인터넷이 있는 매장입니다.",운영중,True,True,삼천2동,official_coordinates,https://www.data.go.kr/data/15076735/fileData.do; 2022-04-01,2022-04-01
680026,부타웅,전북특별자치도 전주시 완산구 고사평3길 13-2,전북특별자치도 전주시 완산구 서신동 943-3,35.8361755,127.1082464,063-279-8900,한식,일반음식점,"전라북도 전주시에서 식당을 찾으신다면? ""부타(서신점)""를 방문해보세요! 레드테이블에서 온라인 예약이 가능합니다! 남녀 화장실이 구분되어 있는 매장입니다. 주차공간, 다국어 메뉴판, 그리고 무선 인터넷이 있는 매장입니다.",운영중,True,True,서신동,official_coordinates,https://www.data.go.kr/data/15076735/fileData.do; 2022-04-01,2022-04-01
677691,족발야시장,전북특별자치도 전주시 덕진구 사근1길 31,전북특별자치도 전주시 덕진구 송천동2가 179-116,35.8666658,127.1305542,063-277-4969,한식,일반음식점,"전라북도 전주시에서 식당을 찾으신다면? ""족발야시장(송천점)""을 방문해보세요! 레드테이블에서 온라인 예약이 가능합니다! 배달 가능한 매장입니다. 다국어 메뉴판이 있는 매장입니다.",운영중,True,True,송천1동,official_coordinates,https://www.data.go.kr/data/15076735/fileData.do; 2022-04-01,2022-04-01
672892,피자애안골직영점,전북특별자치도 전주시 덕진구 견훤로 304-1,전북특별자치도 전주시 덕진구 인후동1가 765-21,35.8386698,127.1561693,063-244-1224,기타,일반음식점,"전라북도 전주시에 가신다면 ""피자애(안골직영점)""에 방문해보세요~ 레드테이블에서 온라인 예약이 가능합니다! 배달 가능한 매장입니다. 다국어 메뉴판이 있는 매장입니다.",운영중,True,True,인후1동,official_coordinates,https://www.data.go.kr/data/15076735/fileData.do; 2022-04-01,2022-04-01
672951,홍금수산,전북특별자치도 전주시 완산구 팔달로 218-12,전북특별자치도 전주시 완산구 경원동3가 32-12,35.8218374,127.14662,063-288-2777,한식,일반음식점,"전라북도 전주시에서 어디를 갈지 고민이라면! ""홍금수산""에 가보시는 건 어떨까요? 레드테이블에서 온라인 예약이 가능합니다! 배달 가능한 매장입니다. 다국어 메뉴판이 있는 매장입니다.",운영중,True,True,풍남동,official_coordinates,https://www.data.go.kr/data/15076735/fileData.do; 2022-04-01,2022-04-01
673386,다가생구이 본점,전북특별자치도 전주시 완산구 전주객사2길 38-6,전북특별자치도 전주시 완산구 고사동 462-9,35.8185263,127.1410213,063-232-9892,한식,일반음식점,"전라북도 전주시에서 식당을 찾으신다면? ""다가생구이(본점)""를 방문해보세요! 레드테이블에서 온라인 예약이 가능합니다! 주차공간, 다국어 메뉴판, 그리고 무선 인터넷이 있는 매장입니다.",운영중,True,True,중앙동,official_coordinates,https://www.data.go.kr/data/15076735/fileData.do; 2022-04-01,2022-04-01
673985,지리산운봉흙돼지,전북특별자치도 전주시 완산구 서곡1길 13-2,전북특별자치도 전주시 완산구 효자동3가 1450-2,35.835254,127.0995741,063-253-3181,한식,,"전라북도 전주시에서 어디를 갈지 고민이라면! ""지리산운봉흙돼지""에 가보시는 건 어떨까요?",운영중,True,True,효자5동,official_coordinates,https://www.data.go.kr/data/15076735/fileData.do; 2022-04-01,2022-04-01
674026,육회공작소 전북대점,전북특별자치도 전주시 덕진구 명륜3길 17-1 1층 육회공작소,전북특별자치도 전주시 덕진구 덕진동1가 1263-16,35.8428719,127.1276915,063-272-6988,호프/통닭,일반음식점,"전라북도 전주시에서 식당을 찾으신다면? ""육회공작소(전북대점)""를 방문해보세요! 레드테이블에서 온라인 예약이 가능합니다! 배달 가능한 매장입니다. 다국어 메뉴판이 있는 매장입니다.",운영중,True,True,덕진동,official_coordinates,https://www.data.go.kr/data/15076735/fileData.do; 2022-04-01,2022-04-01
674238,시장골목집 전북대점,전북특별자치도 전주시 덕진구 권삼득로 309-1 1층,전북특별자치도 전주시 덕진구 금암동 664-44 1층,35.8433767,127.1278963,063-243-1123,한식,일반음식점,"전라북도 전주시에서 어디를 갈지 고민이라면! ""사계절시장골목집(전북대점)""에 가보시는 건 어떨까요? 레드테이블에서 온라인 예약이 가능합니다! 배달 가능한 매장입니다. 다국어 메뉴판이 있는 매장입니다.",운영중,True,True,덕진동,official_coordinates,https://www.data.go.kr/data/15076735/fileData.do; 2022-04-01,2022-04-01
674792,카페오푸스,전북특별자치도 전주시 완산구 봉곡1길 4-8,전북특별자치도 전주시 완산구 효자동3가 1734-4,35.8127517,127.0971922,,기타 휴게음식점,휴게음식점,"무엇을 먹을지 고민되신다고요? 전라북도 전주시에 계시다면 ""카페오푸스""를 추천합니다! 레드테이블에서 온라인 예약이 가능합니다! 주차공간, 다국어 메뉴판이 있는 매장입니다.",운영중,True,True,효자4동,official_coordinates,https://www.data.go.kr/data/15076735/fileData.do; 2022-04-01,2022-04-01
864941,명랑불고기,전북특별자치도 전주시 완산구 중산6길 15,전북특별자치도 전주시 완산구 중화산동2가 597-6,35.8170607,127.1220757,063-224-2061,음식점,,"전라북도 전주시에서 어디를 갈지 고민이라면! ""명랑불고기""에 가보시는 건 어떨까요?",운영중,True,True,중화산2동,official_coordinates,https://www.data.go.kr/data/15076735/fileData.do; 2022-04-01,2022-04-01
674922,바이드림,전북특별자치도 전주시 완산구 후곡길 11-26(1층 효자동2가)	,전북특별자치도 전주시 완산구 효자동2가 1308-10,35.8099911,127.0949657,063-236-1105,한식,일반음식점,"전라북도 전주시에서 맛집을 찾으신다면 ""바이드림""을 추천합니다. 레드테이블에서 온라인 예약이 가능합니다! 남녀 화장실이 구분되어 있는 매장입니다. 배달 가능한 매장입니다. 다국어 메뉴판, 무선 인터넷이 있는 매장입니다.",운영중,True,True,효자4동,official_coordinates,https://www.data.go.kr/data/15076735/fileData.do; 2022-04-01,2022-04-01
675705,한방가마솥족발 중화산점,전북특별자치도 전주시 완산구 서원로 296,전북특별자치도 전주시 완산구 중화산동2가 535-5,35.8115755,127.1266951,063-237-2225,한식,일반음식점,"""한방가마솥족발(중화산점)""을 전라북도 전주시의 가 볼 만한 식당으로 추천합니다! 레드테이블에서 온라인 예약이 가능합니다! 배달 가능한 매장입니다. 다국어 메뉴판이 있는 매장입니다.",운영중,True,True,중화산1동,official_coordinates,https://www.data.go.kr/data/15076735/fileData.do; 2022-04-01,2022-04-01
675744,빠리브레드,전북특별자치도 전주시 완산구 전주객사3길 12-9 빠리브레드,전북특별자치도 전주시 완산구 고사동 434-1,35.8178369,127.1431088,070-8977-1199,일반조리판매,휴게음식점,"전라북도 전주시에서 맛집을 찾으신다면 ""빠리브레드""를 추천합니다. 배달 가능한 매장입니다. 다국어 메뉴판이 있는 매장입니다.",운영중,True,True,중앙동,official_coordinates,https://www.data.go.kr/data/15076735/fileData.do; 2022-04-01,2022-04-01
675935,카페한채,전북특별자치도 전주시 완산구 전주객사5길 43-10,전북특별자치도 전주시 완산구 고사동 205,35.8203573,127.144663,063-284-5566,한식,일반음식점,"전라북도 전주시에서 가 볼 만한 식당을 찾으신다면? ""카페한채""를 추천합니다! 레드테이블에서 온라인 예약이 가능합니다! 반려동물 입장이 가능한 매장입니다. 다국어 메뉴판, 무선 인터넷이 있는 매장입니다.",운영중,True,True,중앙동,official_coordinates,https://www.data.go.kr/data/15076735/fileData.do; 2022-04-01,2022-04-01
676450,피자애,전북특별자치도 전주시 덕진구 솔내로 129,전북특별자치도 전주시 덕진구 송천동1가 116,35.8617274,127.1263973,063-252-4141,족발,,"전라북도 전주시에서 어디를 갈지 고민이라면! ""피자애""에 가보시는 건 어떨까요?",운영중,True,True,송천1동,official_coordinates,https://www.data.go.kr/data/15076735/fileData.do; 2022-04-01,2022-04-01
676556,그린파티세리,전북특별자치도 전주시 완산구 전주객사2길 46-12,전북특별자치도 전주시 완산구 고사동 473-9,35.8189765,127.1412321,,기타,일반음식점,"전라북도 전주시에서 맛집을 찾으신다면 ""그린파티세리""를 추천합니다. 레드테이블에서 온라인 예약이 가능합니다! 다국어 메뉴판이 있는 매장입니다.",운영중,True,True,중앙동,official_coordinates,https://www.data.go.kr/data/15076735/fileData.do; 2022-04-01,2022-04-01
864943,선궁한우숯불갈비,전북특별자치도 전주시 덕진구 두간로 22(송천동1가)	,전북특별자치도 전주시 덕진구 송천동1가 824-5,35.8651697,127.1168088,063-251-6767,,,"어디 가야 할지 고민이시라고요? 그럼 전라북도 전주시 맛집, ""선궁한우숯불갈비""를 추천합니다!",운영중,True,True,송천2동,official_coordinates,https://www.data.go.kr/data/15076735/fileData.do; 2022-04-01,2022-04-01
677213,이지비부대찌개,전북특별자치도 전주시 덕진구 시천로 72,전북특별자치도 전주시 덕진구 송천동1가 800-7,35.8657474,127.1146968,063-272-8665,한식,일반음식점,"전라북도 전주시에 가신다면 ""이지비부대찌개(송천점)""에 방문해보세요~ 레드테이블에서 온라인 예약이 가능합니다! 남녀 화장실이 구분되어 있는 매장입니다. 배달 가능한 매장입니다. 주차공간, 다국어 메뉴판, 그리고 무선 인터넷이 있는 매장입니다.",운영중,True,True,송천2동,official_coordinates,https://www.data.go.kr/data/15076735/fileData.do; 2022-04-01,2022-04-01
675695,주당공선생,전북특별자치도 전주시 완산구 속거길 9,전북특별자치도 전주시 완산구 효자동3가 1273-2,35.8157363,127.0879268,,한식,일반음식점,"어디 가야 할지 고민이시라고요? 그럼 전라북도 전주시 맛집, ""주당공선생""을 추천합니다! 다국어 메뉴판이 있는 매장입니다.",운영중,True,True,효자4동,official_coordinates,https://www.data.go.kr/data/15076735/fileData.do; 2022-04-01,2022-04-01
698249,파리바게뜨 에코시티점,전북특별자치도 전주시 덕진구 세병로 30,전북특별자치도 전주시 덕진구 송천동2가 1326-9,35.8735992,127.1280028,063-276-8200,제과점영업,제과점영업,"""파리바게뜨(에코시티점)""를 전라북도 전주시의 가 볼 만한 식당으로 추천합니다! 레드테이블에서 온라인 예약이 가능합니다! 다국어 메뉴판, 무선 인터넷이 있는 매장입니다.",운영중,True,True,송천1동,official_coordinates,https://www.data.go.kr/data/15076735/fileData.do; 2022-04-01,2022-04-01
864938,변산반도횟집,전북특별자치도 전주시 완산구 중산6길 15-6,전북특별자치도 전주시 완산구 중화산동2가 597-8,35.8173897,127.1220213,063-228-3382,생선회,,"전라북도 전주시에서 식당을 찾으신다면? ""변산반도횟집""을 방문해보세요!",운영중,True,True,중화산2동,official_coordinates,https://www.data.go.kr/data/15076735/fileData.do; 2022-04-01,2022-04-01
686744,도시어부,전북특별자치도 전주시 덕진구 경동로 46,전북특별자치도 전주시 덕진구 덕진동2가 676-3,35.8430812,127.1112435,063-253-7070,한식,일반음식점,"전라북도 전주시에서 식당을 찾으신다면? ""도시어부""를 방문해보세요! 다국어 메뉴판이 있는 매장입니다.",운영중,True,True,덕진동,official_coordinates,https://www.data.go.kr/data/15076735/fileData.do; 2022-04-01,2022-04-01
693597,팔공티 전주서신점,전북특별자치도 전주시 완산구 당산로 34-2,전북특별자치도 전주시 완산구 서신동 762-1 비사벌아파트,35.831949,127.1120059,063-252-1080,기타 휴게음식점,휴게음식점,"""팔공티(서신점)""를 전라북도 전주시의 가 볼 만한 식당으로 추천합니다! 레드테이블에서 온라인 예약이 가능합니다! 배달 가능한 매장입니다. 키오스크, 다국어 메뉴판이 있는 매장입니다.",운영중,True,True,서신동,official_coordinates,https://www.data.go.kr/data/15076735/fileData.do; 2022-04-01,2022-04-01
693621,갈통삼 전북 효자점,전북특별자치도 전주시 완산구 우전로 205,전북특별자치도 전주시 완산구 효자동2가 1252-3,35.812869,127.1016808,050-7987-3988,한식,일반음식점,"""갈통삼(전북 효자점)""은 전라북도 전주시에 있습니다. 다국어 메뉴판이 있는 매장입니다.",운영중,True,True,효자4동,official_coordinates,https://www.data.go.kr/data/15076735/fileData.do; 2022-04-01,2022-04-01
693932,명륜진사갈비 효자점,전북특별자치도 전주시 완산구 우전1길 52,전북특별자치도 전주시 완산구 효자동2가 541-1,35.8080904,127.1060083,063-226-2914,한식,일반음식점,"""명륜진사갈비(효자점)""를 전라북도 전주시의 가 볼 만한 식당으로 추천합니다! 레드테이블에서 온라인 예약이 가능합니다! 반려동물 입장이 가능한 매장입니다. 주차공간, 다국어 메뉴판이 있는 매장입니다.",운영중,True,True,효자4동,official_coordinates,https://www.data.go.kr/data/15076735/fileData.do; 2022-04-01,2022-04-01
695222,노랑통닭 호성점,전북특별자치도 전주시 덕진구 호성3길 11-2,전북특별자치도 전주시 덕진구 호성동1가 828-7,35.8603527,127.1514989,063-243-8292,호프/통닭,일반음식점,"전라북도 전주시에 가신다면 ""노랑통닭(호성점)""에 방문해보세요~ 레드테이블에서 온라인 예약이 가능합니다! 배달 가능한 매장입니다. 다국어 메뉴판이 있는 매장입니다.",운영중,True,True,호성동,official_coordinates,https://www.data.go.kr/data/15076735/fileData.do; 2022-04-01,2022-04-01
695787,더한잔,전북특별자치도 전주시 완산구 용리로 33-1,전북특별자치도 전주시 완산구 삼천동1가 725-12,35.7988475,127.1135104,063-222-5052,한식,일반음식점,"전라북도 전주시에 가신다면 ""더한잔""에 방문해보세요~ 레드테이블에서 온라인 예약이 가능합니다! 남녀 화장실이 구분되어 있는 매장입니다. 다국어 메뉴판, 무선 인터넷이 있는 매장입니다.",운영중,True,True,삼천3동,official_coordinates,https://www.data.go.kr/data/15076735/fileData.do; 2022-04-01,2022-04-01
695788,장위동유성집 혁신점,전북특별자치도 전주시 덕진구 틀못4길 31,전북특별자치도 전주시 덕진구 장동 1083-5,35.8450372,127.0596878,063-213-6666,식육(숯불구이),일반음식점,"전라북도 전주시에서 맛집을 찾으신다면 ""장위동유성집(혁신점)""을 추천합니다. 다국어 메뉴판이 있는 매장입니다.",운영중,True,True,여의동,official_coordinates,https://www.data.go.kr/data/15076735/fileData.do; 2022-04-01,2022-04-01
696053,니뽕내뽕전주신시가지씨지브이점	,전북특별자치도 전주시 완산구 홍산로 260 5층,전북특별자치도 전주시 완산구 효자동3가 1531-2 5층,35.8168412,127.1064661,063-229-2221,한식,일반음식점,"전라북도 전주시에서 맛집을 찾으신다면 ""니뽕내뽕(전주신시가지씨지브이점)""을 추천합니다. 레드테이블에서 온라인 예약이 가능합니다! 남녀 화장실이 구분되어 있는 매장입니다. 주차공간, 다국어 메뉴판, 그리고 무선 인터넷이 있는 매장입니다.",운영중,True,True,효자5동,official_coordinates,https://www.data.go.kr/data/15076735/fileData.do; 2022-04-01,2022-04-01
692623,33떡볶이 전주하가점,전북특별자치도 전주시 덕진구 가련산로 14,전북특별자치도 전주시 완산구 서신동 947-7,35.8409063,127.1108128,063-278-0333,일반조리판매,휴게음식점,"무엇을 먹을지 고민되신다고요? 전라북도 전주시에 계시다면 ""33떡볶이(전주하가점)""를 추천합니다! 레드테이블에서 온라인 예약이 가능합니다! 남녀 화장실이 구분되어 있는 매장입니다. 배달 가능한 매장입니다. 키오스크, 다국어 메뉴판, 그리고 무선 인터넷이 있는 매장입니다.",운영중,True,True,덕진동,official_coordinates,https://www.data.go.kr/data/15076735/fileData.do; 2022-04-01,2022-04-01
696054,소담촌 전주효자점,전북특별자치도 전주시 완산구 홍산로 249 4층 401호,전북특별자치도 전주시 완산구 효자동2가 1239-5,35.8160443,127.1054769,063-226-4747,한식,일반음식점,"전라북도 전주시에서 맛집을 찾으신다면 ""소담촌(전주효자점)""을 추천합니다. 위생 수준이 우수하고 친절한 서비스로 지방자치단체의 선정을 받은 모범음식점입니다. 레드테이블에서 온라인 예약이 가능합니다! 남녀 화장실이 구분되어 있는 매장입니다. 주차공간, 놀이방이 마련되어 있으며 다국어 메뉴판, 무선 인터넷을 제공하는 매장입니다.",운영중,True,True,효자5동,official_coordinates,https://www.data.go.kr/data/15076735/fileData.do; 2022-04-01,2022-04-01
696107,대가족,전북특별자치도 전주시 완산구 우전1길 49-2 ,전북특별자치도 전주시 완산구 효자동2가 1331-5,35.8083755,127.105503,063-236-1470,한식,일반음식점,"전라북도 전주시에 가신다면 ""대가족""에 방문해보세요~ 레드테이블에서 온라인 예약이 가능합니다! 배달 가능한 매장입니다. 다국어 메뉴판, 무선 인터넷이 있는 매장입니다.",운영중,True,True,효자4동,official_coordinates,https://www.data.go.kr/data/15076735/fileData.do; 2022-04-01,2022-04-01
696134,억대국수,전북특별자치도 전주시 완산구 홍산남로 19 1층 102호,전북특별자치도 전주시 완산구 효자동2가 1238-4,35.8160215,127.1039778,063-221-5225,한식,일반음식점,"전라북도 전주시에서 어디를 갈지 고민이라면! ""억대국수""에 가보시는 건 어떨까요? 레드테이블에서 온라인 예약이 가능합니다! 남녀 화장실이 구분되어 있는 매장입니다. 다국어 메뉴판, 무선 인터넷이 있는 매장입니다.",운영중,True,True,효자5동,official_coordinates,https://www.data.go.kr/data/15076735/fileData.do; 2022-04-01,2022-04-01
696316,마이마이치킨 전북대점,전북특별자치도 전주시 덕진구 명륜5길 20 2층,전북특별자치도 전주시 덕진구 덕진동1가 1312-70,35.8443726,127.1261409,063-905-6262,치킨,,"어디 가야 할지 고민이시라고요? 그럼 전라북도 전주시 맛집, ""마이마이치킨 전북대점""을 추천합니다!",운영중,True,True,덕진동,official_coordinates,https://www.data.go.kr/data/15076735/fileData.do; 2022-04-01,2022-04-01
696391,이디야커피 중화산동점,전북특별자치도 전주시 완산구 서원로 283,전북특별자치도 전주시 완산구 중화산동2가 119-14,35.812211,127.1255907,063-227-7277,커피숍,휴게음식점,"""이디야커피(중화산동점)""는 전라북도 전주시에 있습니다. 레드테이블에서 온라인 예약이 가능합니다! 남녀 화장실이 구분되어 있는 매장입니다. 배달 가능한 매장입니다. 주차공간, 다국어 메뉴판, 그리고 무선 인터넷이 있는 매장입니다.",운영중,True,True,중화산1동,official_coordinates,https://www.data.go.kr/data/15076735/fileData.do; 2022-04-01,2022-04-01
696629,태조로39,전북특별자치도 전주시 완산구 태조로 39 2층,전북특별자치도 전주시 완산구 평화동1가 709-7,35.8140286,127.1505043,063-223-1200,한식,일반음식점,"어디 가야 할지 고민이시라고요? 그럼 전라북도 전주시 맛집, ""태조로39""를 추천합니다! 레드테이블에서 온라인 예약이 가능합니다! 반려동물 입장이 가능한 매장입니다. 다국어 메뉴판이 있는 매장입니다.",운영중,True,True,풍남동,official_coordinates,https://www.data.go.kr/data/15076735/fileData.do; 2022-04-01,2022-04-01
696683,육값어치 신시가지점,전북특별자치도 전주시 완산구 홍산북로 70-19,전북특별자치도 전주시 완산구 효자동3가 1538-1,35.816738,127.1097652,,한식,일반음식점,"어디 가야 할지 고민이시라고요? 그럼 전라북도 전주시 맛집, ""육값어치(신시가지점)""를 추천합니다! 레드테이블에서 온라인 예약이 가능합니다! 남녀 화장실이 구분되어 있는 매장입니다. 배달 가능한 매장입니다. 다국어 메뉴판, 무선 인터넷이 있는 매장입니다.",운영중,True,True,효자5동,official_coordinates,https://www.data.go.kr/data/15076735/fileData.do; 2022-04-01,2022-04-01
697046,마시로이,전북특별자치도 전주시 덕진구 송천로 42,전북특별자치도 전주시 덕진구 송천동1가 405-1,35.8570979,127.1186518,063-253-7715,일식,일반음식점,"전라북도 전주시에서 맛집을 찾으신다면 ""마시로이""를 추천합니다. 레드테이블에서 온라인 예약이 가능합니다! 다국어 메뉴판이 있는 매장입니다.",운영중,True,True,송천2동,official_coordinates,https://www.data.go.kr/data/15076735/fileData.do; 2022-04-01,2022-04-01
696072,샘물맥주효자1호점,전북특별자치도 전주시 완산구 마전들로 55 1층,전북특별자치도 전주시 완산구 효자동3가 1667-7,35.8212261,127.1015205,063-225-1253,한식,일반음식점,"어디 가야 할지 고민이시라고요? 그럼 전라북도 전주시 맛집, ""술집락""을 추천합니다! 레드테이블에서 온라인 예약이 가능합니다! 배달 가능한 매장입니다. 다국어 메뉴판이 있는 매장입니다.",운영중,True,True,효자5동,official_coordinates,https://www.data.go.kr/data/15076735/fileData.do; 2022-04-01,2022-04-01
686566,인정식당,전북특별자치도 전주시 완산구 고사평로 11-1,전북특별자치도 전주시 완산구 서신동 947-6,35.8351984,127.1094104,063-274-3338,한식,일반음식점,"무엇을 먹을지 고민되신다고요? 전라북도 전주시에 계시다면 ""인정식당""을 추천합니다! 레드테이블에서 온라인 예약이 가능합니다! 다국어 메뉴판이 있는 매장입니다.",운영중,True,True,서신동,official_coordinates,https://www.data.go.kr/data/15076735/fileData.do; 2022-04-01,2022-04-01
692491,카페 일삼이이,전북특별자치도 전주시 완산구 향교길 85,전북특별자치도 전주시 완산구 교동 132-2,35.8120607,127.1541398,,전통찻집,휴게음식점,"전라북도 전주시에서 어디를 갈지 고민이라면! ""카페 일삼이이""에 가보시는 건 어떨까요? 레드테이블에서 온라인 예약이 가능합니다! 반려동물 입장이 가능한 매장입니다. 다국어 메뉴판, 무선 인터넷이 있는 매장입니다.",운영중,True,True,풍남동,official_coordinates,https://www.data.go.kr/data/15076735/fileData.do; 2022-04-01,2022-04-01
691515,걸작떡볶이치킨 전주효자신시가지점,전북특별자치도 전주시 완산구 홍산1길 21,전북특별자치도 전주시 완산구 효자동2가 1157-1,35.8142136,127.1069741,063-229-2821,한식,일반음식점,"전라북도 전주시에서 가 볼 만한 식당을 찾으신다면? ""걸작떡볶이치킨(효자신시가지점)""을 추천합니다! 레드테이블에서 온라인 예약이 가능합니다! 배달 가능한 매장입니다. 다국어 메뉴판이 있는 매장입니다.",운영중,True,True,효자5동,official_coordinates,https://www.data.go.kr/data/15076735/fileData.do; 2022-04-01,2022-04-01
686812,별아래꽃,전북특별자치도 전주시 완산구 충경로 99-1,전북특별자치도 전주시 완산구 경원동3가 80-13,35.8196455,127.1498384,,기타,일반음식점,"전라북도 전주시에서 어디를 갈지 고민이라면! ""별아래꽃""에 가보시는 건 어떨까요? 레드테이블에서 온라인 예약이 가능합니다! 남녀 화장실이 구분되어 있는 매장입니다. 주차공간, 다국어 메뉴판, 그리고 무선 인터넷이 있는 매장입니다.",운영중,True,True,풍남동,official_coordinates,https://www.data.go.kr/data/15076735/fileData.do; 2022-04-01,2022-04-01
686914,디플랑,전북특별자치도 전주시 완산구 전주객사5길 13-10,전북특별자치도 전주시 완산구 고사동 115-2,35.8187501,127.1447158,063-288-8896,커피숍,휴게음식점,"전라북도 전주시에서 맛집을 찾으신다면 ""디플랑""을 추천합니다. 레드테이블에서 온라인 예약이 가능합니다! 배달 가능한 매장입니다. 다국어 메뉴판, 무선 인터넷이 있는 매장입니다.",운영중,True,True,중앙동,official_coordinates,https://www.data.go.kr/data/15076735/fileData.do; 2022-04-01,2022-04-01
686954,더리터 효자점,전북특별자치도 전주시 완산구 호암로 91,전북특별자치도 전주시 완산구 효자동2가 1316-4,35.8084983,127.1042646,070-4063-1990,커피숍,휴게음식점,"""더리터(효자점)""는 전라북도 전주시에 있습니다. 배달 가능한 매장입니다. 다국어 메뉴판, 무선 인터넷이 있는 매장입니다.",운영중,True,True,효자4동,official_coordinates,https://www.data.go.kr/data/15076735/fileData.do; 2022-04-01,2022-04-01
687022,루밍아이리스,전북특별자치도 전주시 완산구 전주객사4길 24-5,전북특별자치도 전주시 완산구 고사동 132-1,35.8190332,127.1441598,1899-2537,카페,,"""루밍아이리스""는 전라북도 전주시에 있습니다.",운영중,True,True,중앙동,official_coordinates,https://www.data.go.kr/data/15076735/fileData.do; 2022-04-01,2022-04-01
687689,엉터리 생고기,전북특별자치도 전주시 완산구 전주객사4길 44-24,전북특별자치도 전주시 완산구 고사동 139,35.8195955,127.1446389,063-232-8893,빙수,,"무엇을 먹을지 고민되신다고요? 전라북도 전주시에 계시다면 ""엉터리 생고기""를 추천합니다!",운영중,True,True,중앙동,official_coordinates,https://www.data.go.kr/data/15076735/fileData.do; 2022-04-01,2022-04-01
687837,낙지볶음개미집 전북대점,전북특별자치도 전주시 덕진구 명륜4길 21,전북특별자치도 전주시 덕진구 덕진동1가 1312-77,35.8438835,127.1269558,063-253-4700,탕류(보신용),일반음식점,"""낙지볶음개미집(전북대점)""은 전라북도 전주시에 있습니다. 레드테이블에서 온라인 예약이 가능합니다! 다국어 메뉴판이 있는 매장입니다.",운영중,True,True,덕진동,official_coordinates,https://www.data.go.kr/data/15076735/fileData.do; 2022-04-01,2022-04-01
687838,이코이교토 객사본점,전북특별자치도 전주시 완산구 전주객사1길 56,전북특별자치도 전주시 완산구 다가동4가 95-2,35.8187946,127.1390562,,한식,일반음식점,"""이코이교토(객사본점)""는 전라북도 전주시에 있습니다. 남녀 화장실이 구분되어 있는 매장입니다. 다국어 메뉴판, 무선 인터넷이 있는 매장입니다.",운영중,True,True,중앙동,official_coordinates,https://www.data.go.kr/data/15076735/fileData.do; 2022-04-01,2022-04-01
692483,우전재 한식,전북특별자치도 전주시 완산구 향교길 85 우전재 한식,전북특별자치도 전주시 완산구 교동 132-2,35.8120629,127.1541389,063-283-2356,한식,일반음식점,"전라북도 전주시에 가신다면 ""우전재자연밥상""에 방문해보세요~ 다국어 메뉴판, 무선 인터넷이 있는 매장입니다.",운영중,True,True,풍남동,official_coordinates,https://www.data.go.kr/data/15076735/fileData.do; 2022-04-01,2022-04-01
688243,돈돈정 객사점,전북특별자치도 전주시 완산구 전주객사4길 74-50 로니관광호텔,전북특별자치도 전주시 완산구 고사동 186,35.8208164,127.1443231,063-282-6551,한식,일반음식점,"무엇을 먹을지 고민되신다고요? 전라북도 전주시에 계시다면 ""돈돈정(객사점)""을 추천합니다! 레드테이블에서 온라인 예약이 가능합니다! 남녀 화장실이 구분되어 있는 매장입니다. 배달 가능한 매장입니다. 주차공간, 다국어 메뉴판, 그리고 무선 인터넷이 있는 매장입니다.",운영중,True,True,중앙동,official_coordinates,https://www.data.go.kr/data/15076735/fileData.do; 2022-04-01,2022-04-01
689130,인기명 전주신시가지점,전북특별자치도 전주시 완산구 홍산4길 6,전북특별자치도 전주시 완산구 효자동3가 1528-1,35.8182367,127.1093588,063-902-1333,기타,일반음식점,"어디 가야 할지 고민이시라고요? 그럼 전라북도 전주시 맛집, ""인기명(전주신시가지점)""을 추천합니다! 레드테이블에서 온라인 예약이 가능합니다! 배달 가능한 매장입니다. 다국어 메뉴판이 있는 매장입니다.",운영중,True,True,효자5동,official_coordinates,https://www.data.go.kr/data/15076735/fileData.do; 2022-04-01,2022-04-01
689386,이비가짬뽕 평화점,전북특별자치도 전주시 완산구 모악로 4665,전북특별자치도 전주시 완산구 평화동2가 325-17,35.7861707,127.1292605,063-223-1096,한식,일반음식점,"무엇을 먹을지 고민되신다고요? 전라북도 전주시에 계시다면 ""이비가짬뽕(평화점)""을 추천합니다! 레드테이블에서 온라인 예약이 가능합니다! 남녀 화장실이 구분되어 있는 매장입니다. 배달 가능한 매장입니다. 주차공간, 다국어 메뉴판, 그리고 무선 인터넷이 있는 매장입니다.",운영중,True,True,평화2동,official_coordinates,https://www.data.go.kr/data/15076735/fileData.do; 2022-04-01,2022-04-01
689678,에덴수산,,전북특별자치도 전주시 덕진구 장동 854-2,35.855145,127.0565167,063-211-1702,한식,일반음식점,"어디 가야 할지 고민이시라고요? 그럼 전라북도 전주시 맛집, ""에덴수산""을 추천합니다! 남녀 화장실이 구분되어 있는 매장입니다. 주차공간, 다국어 메뉴판이 있는 매장입니다.",운영중,True,True,여의동,official_coordinates,https://www.data.go.kr/data/15076735/fileData.do; 2022-04-01,2022-04-01
689727,커피커플,전북특별자치도 전주시 완산구 백마산길 3,전북특별자치도 전주시 완산구 효자동3가 1159-10,35.8179776,127.0928224,063-228-9595,기타,일반음식점,"전라북도 전주시에서 식당을 찾으신다면? ""커피커플(전주대점)""을 방문해보세요! 레드테이블에서 온라인 예약이 가능합니다! 배달 가능한 매장입니다. 주차공간, 다국어 메뉴판, 그리고 무선 인터넷이 있는 매장입니다.",운영중,True,True,효자4동,official_coordinates,https://www.data.go.kr/data/15076735/fileData.do; 2022-04-01,2022-04-01
689999,효자수산,전북특별자치도 전주시 완산구 전주객사2길 10,전북특별자치도 전주시 완산구 중앙동1가 31-1,35.8173614,127.1414429,,한식,일반음식점,"""효자수산가맥""은 전라북도 전주시에 있습니다. 남녀 화장실이 구분되어 있는 매장입니다. 배달 가능한 매장입니다. 주차공간, 다국어 메뉴판, 그리고 무선 인터넷이 있는 매장입니다.",운영중,True,True,중앙동,official_coordinates,https://www.data.go.kr/data/15076735/fileData.do; 2022-04-01,2022-04-01
690305,빽다방 전주서신중앙점,전북특별자치도 전주시 완산구 당산로 39,전북특별자치도 전주시 완산구 서신동 764-2 새마을금고,35.832345,127.1127268,063-274-2233,기타 휴게음식점,휴게음식점,"어디 가야 할지 고민이시라고요? 그럼 전라북도 전주시 맛집, ""빽다방(전주서신중앙점)""을 추천합니다! 레드테이블에서 온라인 예약이 가능합니다! 배달 가능한 매장입니다. 다국어 메뉴판이 있는 매장입니다.",운영중,True,True,서신동,official_coordinates,https://www.data.go.kr/data/15076735/fileData.do; 2022-04-01,2022-04-01
691464,만개부엌,전북특별자치도 전주시 완산구 전주객사2길 75,전북특별자치도 전주시 완산구 다가동4가 55-6,35.8200518,127.1396176,063-225-7457,한식,일반음식점,"2019년 10월 09일 SBS 생방송투데이 2429회에서 소개되었던 맛집, ""만개부엌""입니다! 전라북도 전주시 근처라면 방문해보세요. 레드테이블에서 온라인 예약이 가능합니다! 배달 가능한 매장입니다. 다국어 메뉴판이 있는 매장입니다.",운영중,True,True,중앙동,official_coordinates,https://www.data.go.kr/data/15076735/fileData.do; 2022-04-01,2022-04-01
688518,소곰집,전북특별자치도 전주시 완산구 고사평로 17,전북특별자치도 전주시 완산구 서신동 947-3,35.8356351,127.1094154,063-251-7444,한식,일반음식점,"전라북도 전주시에 방문하신다면, ""소곰집(전주 서산점)""에 가보시는 것은 어떨까요? 2021년 03월 30일 MBC 생방송오늘저녁 1527회에 방영되었을 만큼 소문난 매장이랍니다! 레드테이블에서 온라인 예약이 가능합니다! 남녀 화장실이 구분되어 있는 매장입니다. 배달 가능한 매장입니다. 다국어 메뉴판, 무선 인터넷이 있는 매장입니다.",운영중,True,True,서신동,official_coordinates,https://www.data.go.kr/data/15076735/fileData.do; 2022-04-01,2022-04-01
619804,현대옥 전주대평생교육원점,전북특별자치도 전주시 완산구 후곡길 10,전북특별자치도 전주시 완산구 효자동2가 1312-1,35.8096222,127.0960241,063-222-2623,기타,일반음식점,"""현대옥(전주대평생교육원점)""을 전라북도 전주시의 가 볼 만한 식당으로 추천합니다! 레드테이블에서 온라인 예약이 가능합니다! 남녀 화장실이 구분되어 있는 매장입니다. 배달 가능한 매장입니다. 다국어 메뉴판이 있는 매장입니다.",운영중,True,True,효자4동,official_coordinates,https://www.data.go.kr/data/15076735/fileData.do; 2022-04-01,2022-04-01
619484,차이,전북특별자치도 전주시 덕진구 가리내6길 10-3,전북특별자치도 전주시 덕진구 덕진동2가 664-6,35.8452291,127.1104015,063-278-8810,정종/대포집/소주방,일반음식점,"어디 가야 할지 고민이시라고요? 그럼 전라북도 전주시 맛집, ""차이""를 추천합니다! 다국어 메뉴판이 있는 매장입니다.",운영중,True,True,덕진동,official_coordinates,https://www.data.go.kr/data/15076735/fileData.do; 2022-04-01,2022-04-01
618935,솔내냉면황태찜,전북특별자치도 전주시 덕진구 솔내9길 14,전북특별자치도 전주시 덕진구 송천동1가 107-62,35.8625412,127.1253845,063-255-3482,한식,일반음식점,"전라북도 전주시에서 가 볼 만한 식당을 찾으신다면? ""솔내냉면황태찜""을 추천합니다! 레드테이블에서 온라인 예약이 가능합니다! 남녀 화장실이 구분되어 있는 매장입니다. 배달 가능한 매장입니다. 다국어 메뉴판, 무선 인터넷이 있는 매장입니다.",운영중,True,True,송천1동,official_coordinates,https://www.data.go.kr/data/15076735/fileData.do; 2022-04-01,2022-04-01
539934,비스트로 찬,전북특별자치도 전주시 덕진구 송천2길 3-15,전북특별자치도 전주시 덕진구 송천동1가 474-27,35.8585939,127.1206547,,패밀리레스토랑,일반음식점,"전라북도 전주시에서 가 볼 만한 식당을 찾으신다면? ""비스트로 찬""을 추천합니다! 네이버 온라인 예약이 가능합니다! 주차공간, 다국어 메뉴판, 그리고 무선 인터넷이 있는 매장입니다.",운영중,True,True,송천2동,official_coordinates,https://www.data.go.kr/data/15076735/fileData.do; 2022-04-01,2022-04-01
540333,교촌치킨 안행점,전북특별자치도 전주시 완산구 효동2길 1 광진주택전시관,전북특별자치도 전주시 완산구 효자동1가 202-1,35.8058655,127.128137,063-226-1994,호프/통닭,일반음식점,"전라북도 전주시에서 가 볼 만한 식당을 찾으신다면? ""교촌치킨(안행점)""을 추천합니다! 레드테이블에서 온라인 예약이 가능합니다! 배달 가능한 매장입니다. 다국어 메뉴판이 있는 매장입니다.",운영중,True,True,효자1동,official_coordinates,https://www.data.go.kr/data/15076735/fileData.do; 2022-04-01,2022-04-01
540356,요거프레소 전주오송점,"전북특별자치도 전주시 덕진구 오송1길 37-13 정감빌딩 1층 110호,111호",전북특별자치도 전주시 덕진구 송천동1가 97-6,35.8639102,127.1306685,063-273-0999,커피숍,휴게음식점,"전라북도 전주시에서 식당을 찾으신다면? ""요거프레소(전주오송점)""를 방문해보세요! 남녀 화장실이 구분되어 있는 매장입니다. 주차공간, 다국어 메뉴판, 그리고 무선 인터넷이 있는 매장입니다.",운영중,True,True,송천1동,official_coordinates,https://www.data.go.kr/data/15076735/fileData.do; 2022-04-01,2022-04-01
864997,반했닭,전북특별자치도 전주시 완산구 산월1길 10,전북특별자치도 전주시 완산구 중화산동2가 531-3,35.8128896,127.1220368,063-236-7878,,,"전라북도 전주시에서 가 볼 만한 식당을 찾으신다면? ""반했닭""을 추천합니다!",운영중,True,True,중화산2동,official_coordinates,https://www.data.go.kr/data/15076735/fileData.do; 2022-04-01,2022-04-01
540461,얌스 효자삼호점,전북특별자치도 전주시 완산구 거마평로 203,전북특별자치도 전주시 완산구 효자동1가 370-1,35.8103832,127.1146958,063-904-3225,기타 휴게음식점,휴게음식점,"무엇을 먹을지 고민되신다고요? 전라북도 전주시에 계시다면 ""얌스(효자삼호점)""를 추천합니다! 레드테이블에서 온라인 예약이 가능합니다! 배달 가능한 매장입니다. 다국어 메뉴판이 있는 매장입니다.",운영중,True,True,효자3동,official_coordinates,https://www.data.go.kr/data/15076735/fileData.do; 2022-04-01,2022-04-01
540696,카페나빌라,전북특별자치도 전주시 덕진구 편운로 22-1,전북특별자치도 전주시 완산구 평화동1가 730-1,35.8714318,127.0788832,063-211-1587,라이브카페,일반음식점,"전라북도 전주시에서 가 볼 만한 식당을 찾으신다면? ""카페나빌라""를 추천합니다! 레드테이블에서 온라인 예약이 가능합니다! 배달 가능한 매장입니다. 다국어 메뉴판이 있는 매장입니다.",운영중,True,True,여의동,official_coordinates,https://www.data.go.kr/data/15076735/fileData.do; 2022-04-01,2022-04-01
540879,맘스터치 전주서부시장점,전북특별자치도 전주시 완산구 효동2길 9,전북특별자치도 전주시 완산구 효자동1가 202-2,35.8054725,127.12751,063-227-3132,패스트푸드,휴게음식점,"무엇을 먹을지 고민되신다고요? 전라북도 전주시에 계시다면 ""맘스터치(전주서부시장점)""를 추천합니다! 레드테이블에서 온라인 예약이 가능합니다! 배달 가능한 매장입니다. 다국어 메뉴판이 있는 매장입니다.",운영중,True,True,효자1동,official_coordinates,https://www.data.go.kr/data/15076735/fileData.do; 2022-04-01,2022-04-01
539540,샤브향 전주덕진점,전북특별자치도 전주시 덕진구 가련산로 25 3층,전북특별자치도 전주시 덕진구 덕진동2가 681-4,35.842091,127.1111603,063-278-5789,한식,일반음식점,"무엇을 먹을지 고민되신다고요? 전라북도 전주시에 계시다면 ""샤브향(전주덕진점)""을 추천합니다! 레드테이블에서 온라인 예약이 가능합니다! 남녀 화장실이 구분되어 있는 매장입니다. 주차공간, 놀이방이 마련되어 있으며 다국어 메뉴판, 무선 인터넷을 제공하는 매장입니다.",운영중,True,True,덕진동,official_coordinates,https://www.data.go.kr/data/15076735/fileData.do; 2022-04-01,2022-04-01
541103,모악산한우정육식당,전북특별자치도 전주시 완산구 모악로 4647,전북특별자치도 전주시 완산구 평화동2가 458-61,35.7845043,127.1284712,063-221-7989,한식,일반음식점,"전라북도 전주시에서 어디를 갈지 고민이라면! ""모악산한우정육식당""에 가보시는 건 어떨까요? 레드테이블에서 온라인 예약이 가능합니다! 다국어 메뉴판이 있는 매장입니다.",운영중,True,True,평화2동,official_coordinates,https://www.data.go.kr/data/15076735/fileData.do; 2022-04-01,2022-04-01
542034,신진미감자탕,전북특별자치도 전주시 완산구 거마평로 145,전북특별자치도 전주시 완산구 효자동1가 445-6,35.8052068,127.1161624,063-224-9229,한식,일반음식점,"""신진미감자탕""을 전라북도 전주시의 가 볼 만한 식당으로 추천합니다! 레드테이블에서 온라인 예약이 가능합니다! 다국어 메뉴판이 있는 매장입니다.",운영중,True,True,효자3동,official_coordinates,https://www.data.go.kr/data/15076735/fileData.do; 2022-04-01,2022-04-01
542095,커피누림,전북특별자치도 전주시 덕진구 두간4길 10,전북특별자치도 전주시 덕진구 송천동1가 807-7,35.8659754,127.1202368,063-275-0022,커피숍,휴게음식점,"전라북도 전주시에 가신다면 ""커피누림""에 방문해보세요~ 레드테이블에서 온라인 예약이 가능합니다! 다국어 메뉴판이 있는 매장입니다.",운영중,True,True,송천2동,official_coordinates,https://www.data.go.kr/data/15076735/fileData.do; 2022-04-01,2022-04-01
542579,이디야커피 전주시외버스터미널점,전북특별자치도 전주시 덕진구 가리내로 33,전북특별자치도 전주시 덕진구 금암동 706-3,35.8339723,127.1324807,063-714-3088,커피숍,휴게음식점,"무엇을 먹을지 고민되신다고요? 전라북도 전주시에 계시다면 ""이디야커피(전주시외버스터미널점)""를 추천합니다! 레드테이블에서 온라인 예약이 가능합니다! 남녀 화장실이 구분되어 있는 매장입니다. 배달 가능한 매장입니다. 다국어 메뉴판, 무선 인터넷이 있는 매장입니다.",운영중,True,True,금암1동,official_coordinates,https://www.data.go.kr/data/15076735/fileData.do; 2022-04-01,2022-04-01
542830,국제상회 삼천점,전북특별자치도 전주시 완산구 용리로 29,전북특별자치도 전주시 완산구 삼천동1가 725-9,35.7988455,127.1130514,063-228-5999,분식,일반음식점,"어디 가야 할지 고민이시라고요? 그럼 전라북도 전주시 맛집, ""국제상회(삼천점)""를 추천합니다! 레드테이블에서 온라인 예약이 가능합니다! 배달 가능한 매장입니다. 다국어 메뉴판이 있는 매장입니다.",운영중,True,True,삼천3동,official_coordinates,https://www.data.go.kr/data/15076735/fileData.do; 2022-04-01,2022-04-01
542853,맘스터치 전주동산점,전북특별자치도 전주시 덕진구 쪽구름로 58,전북특별자치도 전주시 덕진구 여의동2가 704-6,35.8705988,127.076984,063-214-0652,패스트푸드,휴게음식점,"""맘스터치(전주동산점)""를 전라북도 전주시의 가 볼 만한 식당으로 추천합니다! 레드테이블에서 온라인 예약이 가능합니다! 배달 가능한 매장입니다. 다국어 메뉴판, 무선 인터넷이 있는 매장입니다.",운영중,True,True,여의동,official_coordinates,https://www.data.go.kr/data/15076735/fileData.do; 2022-04-01,2022-04-01
543102,신전떡볶이 호성점,전북특별자치도 전주시 덕진구 호성3길 22-3,전북특별자치도 전주시 덕진구 인후동1가 805-6,35.8608713,127.1499344,063-241-2212,일반조리판매,휴게음식점,"전라북도 전주시에 가신다면 ""신전떡볶이(호성점)""에 방문해보세요~ 레드테이블에서 온라인 예약이 가능합니다! 배달 가능한 매장입니다. 다국어 메뉴판이 있는 매장입니다.",운영중,True,True,호성동,official_coordinates,https://www.data.go.kr/data/15076735/fileData.do; 2022-04-01,2022-04-01
543607,티모먼트,전북특별자치도 전주시 완산구 천경로 41,전북특별자치도 전주시 완산구 동서학동 77,35.8100081,127.1530375,063-232-3003,경양식,일반음식점,"""티모먼트""를 전라북도 전주시의 가 볼 만한 식당으로 추천합니다! 레드테이블에서 온라인 예약이 가능합니다! 남녀 화장실이 구분되어 있는 매장입니다. 주차공간, 다국어 메뉴판, 그리고 무선 인터넷이 있는 매장입니다.",운영중,True,True,동서학동,official_coordinates,https://www.data.go.kr/data/15076735/fileData.do; 2022-04-01,2022-04-01
541429,노벨밥상,전북특별자치도 전주시 완산구 봉곡1길 34,전북특별자치도 전주시 완산구 효자동2가 1250-1,35.8131474,127.1006472,063-226-0675,기타 휴게음식점,휴게음식점,"무엇을 먹을지 고민되신다고요? 전라북도 전주시에 계시다면 ""노벨밥상""을 추천합니다! 레드테이블에서 온라인 예약이 가능합니다! 다국어 메뉴판이 있는 매장입니다.",운영중,True,True,효자4동,official_coordinates,https://www.data.go.kr/data/15076735/fileData.do; 2022-04-01,2022-04-01
543746,커피숲515,전북특별자치도 전주시 완산구 봉곡1길 9,전북특별자치도 전주시 완산구 효자동3가 1733-5,35.8133721,127.098003,070-7782-3838,커피숍,휴게음식점,"전라북도 전주시에서 가 볼 만한 식당을 찾으신다면? ""커피숲515""를 추천합니다! 레드테이블에서 온라인 예약이 가능합니다! 반려동물 입장이 가능한 매장입니다. 다국어 메뉴판이 있는 매장입니다.",운영중,True,True,효자4동,official_coordinates,https://www.data.go.kr/data/15076735/fileData.do; 2022-04-01,2022-04-01
538987,차마실,전북특별자치도 전주시 덕진구 솔내로 107 2층,전북특별자치도 전주시 덕진구 송천동1가  137-104,35.859646,127.1263716,063-255-0078,한식,일반음식점,"전라북도 전주시에 가신다면 ""차마실""에 방문해보세요~ 레드테이블에서 온라인 예약이 가능합니다! 반려동물 입장이 가능한 매장입니다. 다국어 메뉴판이 있는 매장입니다.",운영중,True,True,송천1동,official_coordinates,https://www.data.go.kr/data/15076735/fileData.do; 2022-04-01,2022-04-01
538716,즐거운심야식당,전북특별자치도 전주시 완산구 홍산중앙로 17,전북특별자치도 전주시 완산구 효자동2가 1155-9,35.8151546,127.1087708,063-223-5798,한식,일반음식점,"전라북도 전주시에서 식당을 찾으신다면? ""즐거운심야식당""을 방문해보세요! 레드테이블에서 온라인 예약이 가능합니다! 배달 가능한 매장입니다. 다국어 메뉴판이 있는 매장입니다.",운영중,True,True,효자5동,official_coordinates,https://www.data.go.kr/data/15076735/fileData.do; 2022-04-01,2022-04-01
534774,신포우리만두인후점,전북특별자치도 전주시 덕진구 안덕원로 240,전북특별자치도 전주시 덕진구 인후동1가 772-2,35.8361697,127.153212,080-546-7501,분식,일반음식점,"""신포우리만두(인후점)""는 전라북도 전주시에 있습니다. 레드테이블에서 온라인 예약이 가능합니다! 배달 가능한 매장입니다. 다국어 메뉴판이 있는 매장입니다.",운영중,True,True,인후1동,official_coordinates,https://www.data.go.kr/data/15076735/fileData.do; 2022-04-01,2022-04-01
535033,김밥의정석상산고점,전북특별자치도 전주시 완산구 거마평로 150,전북특별자치도 전주시 완산구 효자동1가 282-6,35.8059253,127.1169782,063-286-8007,호프/통닭,일반음식점,"""김밥의정석(상산고점)""을 전라북도 전주시의 가 볼 만한 식당으로 추천합니다! 레드테이블에서 온라인 예약이 가능합니다! 반려동물 입장이 가능한 매장입니다. 배달 가능한 매장입니다. 다국어 메뉴판이 있는 매장입니다.",운영중,True,True,효자2동,official_coordinates,https://www.data.go.kr/data/15076735/fileData.do; 2022-04-01,2022-04-01
535063,홍대교동짬뽕 전주본점,전북특별자치도 전주시 완산구 모악로 4762(평화동1가),전북특별자치도 전주시 덕진구 송천동1가 101-3,35.7943842,127.1327339,063-228-2232,중국식,일반음식점,"무엇을 먹을지 고민되신다고요? 전라북도 전주시에 계시다면 ""홍대교동짬뽕(전주본점)""을 추천합니다! 레드테이블에서 온라인 예약이 가능합니다! 배달 가능한 매장입니다. 다국어 메뉴판, 무선 인터넷이 있는 매장입니다.",운영중,True,True,평화2동,official_coordinates,https://www.data.go.kr/data/15076735/fileData.do; 2022-04-01,2022-04-01
535429,엄니김밥,전북특별자치도 전주시 덕진구 경동로 34,전북특별자치도 전주시 덕진구 덕진동2가 675-8,35.843031,127.1099408,063-272-3352,일반조리판매,휴게음식점,"전라북도 전주시에서 맛집을 찾으신다면 ""엄니김밥""을 추천합니다. 레드테이블에서 온라인 예약이 가능합니다! 다국어 메뉴판이 있는 매장입니다.",운영중,True,True,덕진동,official_coordinates,https://www.data.go.kr/data/15076735/fileData.do; 2022-04-01,2022-04-01
535791,스몰해빛,전북특별자치도 전주시 완산구 충경로 16 카페 스몰해빛,전북특별자치도 전주시 완산구 다가동3가 94-12,35.8166955,127.1411337,070-7543-3363,커피숍,휴게음식점,"무엇을 먹을지 고민되신다고요? 전라북도 전주시에 계시다면 ""스몰해빛""을 추천합니다! 다국어 메뉴판이 있는 매장입니다.",운영중,True,True,중앙동,official_coordinates,https://www.data.go.kr/data/15076735/fileData.do; 2022-04-01,2022-04-01
536132,할리스커피 전주하가점,전북특별자치도 전주시 덕진구 가련산로 25,전북특별자치도 전주시 덕진구 덕진동2가 681-4,35.842091,127.1111603,063-275-1230,커피숍,휴게음식점,"전라북도 전주시에 가신다면 ""할리스커피(전주하가점)""에 방문해보세요~ 남녀 화장실이 구분되어 있는 매장입니다. 다국어 메뉴판, 무선 인터넷이 있는 매장입니다.",운영중,True,True,덕진동,official_coordinates,https://www.data.go.kr/data/15076735/fileData.do; 2022-04-01,2022-04-01
536535,파스쿠찌 전북도청점,전북특별자치도 전주시 완산구 바우배기2길 11,전북특별자치도 전주시 완산구 효자동2가 1234-2,35.8171785,127.1027355,063-223-8497,커피숍,휴게음식점,"""파스쿠찌(전북도청점)""는 전라북도 전주시에 있습니다. 레드테이블에서 온라인 예약이 가능합니다! 남녀 화장실이 구분되어 있는 매장입니다. 배달 가능한 매장입니다. 주차공간, 다국어 메뉴판, 그리고 무선 인터넷이 있는 매장입니다.",운영중,True,True,효자5동,official_coordinates,https://www.data.go.kr/data/15076735/fileData.do; 2022-04-01,2022-04-01
538739,예찬이네한식뷔페,전북특별자치도 전주시 완산구 따박골로 53,전북특별자치도 전주시 완산구 중화산동2가 540-4,35.8108593,127.1265967,063-228-3255,분식,일반음식점,"2020년 02월 18일 MBC 생방송오늘저녁 1258회, 2019년 09월 30일 KBS2 2TV생생정보 910회 등 많은 방송에 등장한 바로 그 곳! 전라북도 전주시에 가시면 소문난 맛집 ""예찬이네반찬&한식뷔페""를 방문해보세요! 레드테이블에서 온라인 예약이 가능합니다! 배달 가능한 매장입니다. 다국어 메뉴판, 무선 인터넷이 있는 매장입니다.",운영중,True,True,중화산1동,official_coordinates,https://www.data.go.kr/data/15076735/fileData.do; 2022-04-01,2022-04-01
537460,다산돼지와낙지,전북특별자치도 전주시 완산구 홍산북로 83-9,전북특별자치도 전주시 완산구 효자동3가 1530-5,35.8178447,127.1106809,063-221-7005,한식,일반음식점,"어디 가야 할지 고민이시라고요? 그럼 전라북도 전주시 맛집, ""다산돼지와낙지(본점)""를 추천합니다! 위생 수준이 우수하고 친절한 서비스로 지방자치단체의 선정을 받은 모범음식점입니다. 지방자치단체 인증을 받은 농림축산식품부 제공 안심식당입니다. 레드테이블에서 온라인 예약이 가능합니다! 남녀 화장실이 구분되어 있는 매장입니다. 배달 가능한 매장입니다. 주차공간, 다국어 메뉴판, 그리고 무선 인터넷이 있는 매장입니다.",운영중,True,True,효자5동,official_coordinates,https://www.data.go.kr/data/15076735/fileData.do; 2022-04-01,2022-04-01
537943,꿀딱 송천점,전북특별자치도 전주시 덕진구 솔내9길 5,전북특별자치도 전주시 덕진구 송천동1가 117,35.8622894,127.1261201,063-273-1666,호프/통닭,일반음식점,"전라북도 전주시에서 식당을 찾으신다면? ""꿀딱(송천점)""을 방문해보세요! 레드테이블에서 온라인 예약이 가능합니다! 배달 가능한 매장입니다. 다국어 메뉴판이 있는 매장입니다.",운영중,True,True,송천1동,official_coordinates,https://www.data.go.kr/data/15076735/fileData.do; 2022-04-01,2022-04-01
538146,또와요막걸리식당,전북특별자치도 전주시 완산구 태평2길 18,전북특별자치도 전주시 완산구 태평동 22-7,35.8233589,127.1404874,,한식,일반음식점,"전라북도 전주시에서 맛집을 찾으신다면 ""또와요막걸리식당""을 추천합니다. 레드테이블에서 온라인 예약이 가능합니다! 다국어 메뉴판이 있는 매장입니다.",운영중,True,True,중앙동,official_coordinates,https://www.data.go.kr/data/15076735/fileData.do; 2022-04-01,2022-04-01
538147,가마솥붉은대게,전북특별자치도 전주시 완산구 홍산북로 59-12,전북특별자치도 전주시 완산구 효자동3가 1527-14,35.8181593,127.1080102,063-226-7557,중국식,일반음식점,"2019년 12월 24일 KBS2 2TV생생정보 967회, 2018년 11월 14일 SBS 생방송투데이 2209회 등 많은 방송에 등장한 바로 그 곳! 전라북도 전주시에 가시면 소문난 맛집 ""가마솥붉은대게(전주도청점)""를 방문해보세요! 레드테이블에서 온라인 예약이 가능합니다! 배달 가능한 매장입니다. 주차공간, 다국어 메뉴판이 있는 매장입니다.",운영중,True,True,효자5동,official_coordinates,https://www.data.go.kr/data/15076735/fileData.do; 2022-04-01,2022-04-01
538173,정가네 양평해장국 아중점,전북특별자치도 전주시 덕진구 건산로 259,전북특별자치도 전주시 덕진구 우아동2가 860-5,35.8354137,127.1655527,063-244-4411,한식,일반음식점,"무엇을 먹을지 고민되신다고요? 전라북도 전주시에 계시다면 ""정가네양평해장국(아중직영점)""을 추천합니다! 지방자치단체 인증을 받은 농림축산식품부 제공 안심식당입니다. 레드테이블에서 온라인 예약이 가능합니다! 다국어 메뉴판이 있는 매장입니다.",운영중,True,True,우아2동,official_coordinates,https://www.data.go.kr/data/15076735/fileData.do; 2022-04-01,2022-04-01
538217,정든식당,전북특별자치도 전주시 완산구 따박골로 44,전북특별자치도 전주시 완산구 중화산동2가 548-10,35.8100213,127.1272239,,한식,일반음식점,"""정든식당""을 전라북도 전주시의 가 볼 만한 식당으로 추천합니다! 레드테이블에서 온라인 예약이 가능합니다! 다국어 메뉴판이 있는 매장입니다.",운영중,True,True,중화산1동,official_coordinates,https://www.data.go.kr/data/15076735/fileData.do; 2022-04-01,2022-04-01
538503,알마마테르,전북특별자치도 전주시 완산구 구룡1길 5,전북특별자치도 전주시 완산구 효자동2가 1257-11,35.8121098,127.1024229,063-252-5482,커피숍,휴게음식점,"""알마마테르""는 전라북도 전주시에 있습니다. 레드테이블에서 온라인 예약이 가능합니다! 남녀 화장실이 구분되어 있는 매장입니다. 주차공간, 다국어 메뉴판, 그리고 무선 인터넷이 있는 매장입니다.",운영중,True,True,효자4동,official_coordinates,https://www.data.go.kr/data/15076735/fileData.do; 2022-04-01,2022-04-01
538504,집앤버거,전북특별자치도 전주시 완산구 천잠로 227-12,전북특별자치도 전주시 완산구 효자동2가 1057-5,35.8078214,127.0944634,063-225-0312,분식,일반음식점,"전라북도 전주시에서 어디를 갈지 고민이라면! ""집앤버거(본점)""에 가보시는 건 어떨까요? 남녀 화장실이 구분되어 있는 매장입니다. 주차공간, 다국어 메뉴판, 그리고 무선 인터넷이 있는 매장입니다.",운영중,True,True,효자4동,official_coordinates,https://www.data.go.kr/data/15076735/fileData.do; 2022-04-01,2022-04-01
537602,이레소바,전북특별자치도 전주시 완산구 서곡3길 23-4,전북특별자치도 전주시 완산구 효자동3가 1425-2,35.8366098,127.0993377,063-255-1442,한식,일반음식점,"전라북도 전주시에서 가 볼 만한 식당을 찾으신다면? ""이레소바""를 추천합니다! 레드테이블에서 온라인 예약이 가능합니다! 주차공간, 다국어 메뉴판이 있는 매장입니다.",운영중,True,True,효자5동,official_coordinates,https://www.data.go.kr/data/15076735/fileData.do; 2022-04-01,2022-04-01
534763,송천동연다라순대 2호점,전북특별자치도 전주시 덕진구 용소로 74 현우빌 1층,전북특별자치도 전주시 덕진구 송천동1가 837-3,35.8633581,127.1164032,063-277-3900,한식,일반음식점,"전라북도 전주시에서 맛집을 찾으신다면 ""연다라순대(2호점)""를 추천합니다. 남녀 화장실이 구분되어 있는 매장입니다. 주차공간, 다국어 메뉴판, 그리고 무선 인터넷이 있는 매장입니다.",운영중,True,True,송천2동,official_coordinates,https://www.data.go.kr/data/15076735/fileData.do; 2022-04-01,2022-04-01
544004,카페디딤,전북특별자치도 전주시 덕진구 건산로 193,전북특별자치도 전주시 덕진구 인후동1가 426-1,35.8338796,127.1585811,063-246-1212,커피숍,휴게음식점,"전라북도 전주시에서 가 볼 만한 식당을 찾으신다면? ""커피디딤(인후점)""을 추천합니다! 레드테이블에서 온라인 예약이 가능합니다! 남녀 화장실이 구분되어 있는 매장입니다. 배달 가능한 매장입니다. 주차공간, 다국어 메뉴판, 그리고 무선 인터넷이 있는 매장입니다.",운영중,True,True,인후3동,official_coordinates,https://www.data.go.kr/data/15076735/fileData.do; 2022-04-01,2022-04-01
544084,여기가포차,전북특별자치도 전주시 완산구 우전로 198,전북특별자치도 전주시 완산구 효자동2가 1256-8,35.8121167,127.1021348,063-236-8586,포장마차,,"무엇을 먹을지 고민되신다고요? 전라북도 전주시에 계시다면 ""여기가포차""를 추천합니다!",운영중,True,True,효자4동,official_coordinates,https://www.data.go.kr/data/15076735/fileData.do; 2022-04-01,2022-04-01
553843,카페더헤링본,전북특별자치도 전주시 완산구 홍산북로 83,전북특별자치도 전주시 완산구 효자동3가 1526-2 코오롱스카이타워,35.8183535,127.1113605,063-229-2330,기타,일반음식점,"전라북도 전주시에서 어디를 갈지 고민이라면! ""카페더헤링본""에 가보시는 건 어떨까요? 레드테이블에서 온라인 예약이 가능합니다! 반려동물 입장이 가능하고, 남녀 화장실이 구분되어 있는 매장입니다. 주차공간, 다국어 메뉴판, 그리고 무선 인터넷이 있는 매장입니다.",운영중,True,True,효자5동,official_coordinates,https://www.data.go.kr/data/15076735/fileData.do; 2022-04-01,2022-04-01
553858,단풍미인한우도청점,전북특별자치도 전주시 완산구 홍산북로 55,전북특별자치도 전주시 완산구 효자동3가 1529-11,35.8176415,127.1079934,063-229-8533,한식,일반음식점,"무엇을 먹을지 고민되신다고요? 전라북도 전주시에 계시다면 ""단풍미인한우(도청점)""를 추천합니다! 위생 수준이 우수하고 친절한 서비스로 지방자치단체의 선정을 받은 모범음식점입니다. 지방자치단체 인증을 받은 농림축산식품부 제공 안심식당입니다. 레드테이블에서 온라인 예약이 가능합니다! 남녀 화장실이 구분되어 있는 매장입니다. 배달 가능한 매장입니다. 주차공간, 다국어 메뉴판이 있는 매장입니다.",운영중,True,True,효자5동,official_coordinates,https://www.data.go.kr/data/15076735/fileData.do; 2022-04-01,2022-04-01
553926,해미별궁,전북특별자치도 전주시 덕진구 두간3길 8-6,전북특별자치도 전주시 덕진구 송천동1가 814-6,35.8647196,127.1196169,063-276-5011,한식,일반음식점,"어디 가야 할지 고민이시라고요? 그럼 전라북도 전주시 맛집, ""해미별궁(본점)""을 추천합니다! 레드테이블에서 온라인 예약이 가능합니다! 남녀 화장실이 구분되어 있는 매장입니다. 다국어 메뉴판이 있는 매장입니다.",운영중,True,True,송천2동,official_coordinates,https://www.data.go.kr/data/15076735/fileData.do; 2022-04-01,2022-04-01
554075,현대옥예수병원점,전북특별자치도 전주시 완산구 따박골6길 48,전북특별자치도 전주시 완산구 중화산동2가 44-3,35.8108694,127.1282737,063-287-8520,한식,일반음식점,"무엇을 먹을지 고민되신다고요? 전라북도 전주시에 계시다면 ""현대옥(예수병원점)""을 추천합니다! 레드테이블에서 온라인 예약이 가능합니다! 다국어 메뉴판이 있는 매장입니다.",운영중,True,True,중화산1동,official_coordinates,https://www.data.go.kr/data/15076735/fileData.do; 2022-04-01,2022-04-01
554537,달곰,전북특별자치도 전주시 완산구 홍산3길 11 2층,전북특별자치도 전주시 완산구 효자동3가 1527-5,35.8182787,127.1078106,063-223-5887,한식,일반음식점,"""달곰""을 전라북도 전주시의 가 볼 만한 식당으로 추천합니다! 레드테이블에서 온라인 예약이 가능합니다! 배달 가능한 매장입니다. 다국어 메뉴판이 있는 매장입니다.",운영중,True,True,효자5동,official_coordinates,https://www.data.go.kr/data/15076735/fileData.do; 2022-04-01,2022-04-01
555869,카멜커피,전북특별자치도 전주시 완산구 농소1길 2 ,전북특별자치도 전주시 완산구 효자동3가 1718-8,35.8141672,127.0968088,063-222-7839,커피숍,휴게음식점,"전라북도 전주시에서 식당을 찾으신다면? ""카멜커피""를 방문해보세요! 레드테이블에서 온라인 예약이 가능합니다! 반려동물 입장이 가능한 매장입니다. 배달 가능한 매장입니다. 주차공간, 다국어 메뉴판, 그리고 무선 인터넷이 있는 매장입니다.",운영중,True,True,효자5동,official_coordinates,https://www.data.go.kr/data/15076735/fileData.do; 2022-04-01,2022-04-01
555939,소데스까,전북특별자치도 전주시 완산구 전주객사3길 74-21,전북특별자치도 전주시 완산구 고사동 290,35.8208573,127.141906,063-277-4513,한식,일반음식점,"""소데스까""는 전라북도 전주시에 있습니다. 다국어 메뉴판, 무선 인터넷이 있는 매장입니다.",운영중,True,True,중앙동,official_coordinates,https://www.data.go.kr/data/15076735/fileData.do; 2022-04-01,2022-04-01
553088,차이킹,전북특별자치도 전주시 완산구 홍산남로 14,전북특별자치도 전주시 완산구 효자동2가 1242-1,35.8155483,127.1032155,063-222-9078,중식,,"전라북도 전주시에 가신다면 ""차이킹""에 방문해보세요~",운영중,True,True,효자5동,official_coordinates,https://www.data.go.kr/data/15076735/fileData.do; 2022-04-01,2022-04-01
556146,경성일번가,전북특별자치도 전주시 완산구 홍산중앙로 47,전북특별자치도 전주시 완산구 효자동3가 1527-10,35.8178974,127.1087716,063-222-1226,한식,일반음식점,"전라북도 전주시에서 가 볼 만한 식당을 찾으신다면? ""레전드 치킨""을 추천합니다! 레드테이블에서 온라인 예약이 가능합니다! 다국어 메뉴판이 있는 매장입니다.",운영중,True,True,효자5동,official_coordinates,https://www.data.go.kr/data/15076735/fileData.do; 2022-04-01,2022-04-01
556585,온고을회관,전북특별자치도 전주시 덕진구 우아로 15,전북특별자치도 전주시 덕진구 중동 782-9,35.8494149,127.1563622,063-243-9286,호프/통닭,일반음식점,"무엇을 먹을지 고민되신다고요? 전라북도 전주시에 계시다면 ""온고을회관""을 추천합니다! 레드테이블에서 온라인 예약이 가능합니다! 다국어 메뉴판이 있는 매장입니다.",운영중,True,True,우아1동,official_coordinates,https://www.data.go.kr/data/15076735/fileData.do; 2022-04-01,2022-04-01
557540,홍익돈까스,전북특별자치도 전주시 완산구 모악로 4673,전북특별자치도 전주시 완산구 평화동2가 325-5,35.7868638,127.1295865,063-224-3255,커피숍,휴게음식점,"전라북도 전주시에서 어디를 갈지 고민이라면! ""홍익돈까스(전주평화점)""에 가보시는 건 어떨까요? 레드테이블에서 온라인 예약이 가능합니다! 다국어 메뉴판이 있는 매장입니다.",운영중,True,True,평화2동,official_coordinates,https://www.data.go.kr/data/15076735/fileData.do; 2022-04-01,2022-04-01
558156,공차 전주시외버스터미널점,전북특별자치도 전주시 덕진구 가리내로 25,전북특별자치도 전주시 덕진구 금암동 459-10,35.8340112,127.1331591,063-272-0455,커피숍,휴게음식점,"""공차(전주시외버스터미널점)""는 전라북도 전주시에 있습니다. 레드테이블에서 온라인 예약이 가능합니다! 배달 가능한 매장입니다. 키오스크, 다국어 메뉴판이 있는 매장입니다.",운영중,True,True,금암1동,official_coordinates,https://www.data.go.kr/data/15076735/fileData.do; 2022-04-01,2022-04-01
558374,설빙 한옥마을점,전북특별자치도 전주시 완산구 은행로 33,전북특별자치도 전주시 완산구 풍남동3가 36-15,35.8170087,127.1523052,070-7799-8883,,일반음식점,"""설빙(전주한옥마을점)""은 전라북도 전주시에 있습니다. 레드테이블에서 온라인 예약이 가능합니다! 다국어 메뉴판이 있는 매장입니다.",운영중,True,True,풍남동,official_coordinates,https://www.data.go.kr/data/15076735/fileData.do; 2022-04-01,2022-04-01
558747,한참치,전북특별자치도 전주시 완산구 홍산남로 16 201호,전북특별자치도 전주시 완산구 효자동2가 1242-2,35.8155963,127.1035173,063-221-3737,일식,일반음식점,"전라북도 전주시에 가신다면 ""한참치""에 방문해보세요~ 레드테이블에서 온라인 예약이 가능합니다! 반려동물 입장이 가능하고, 남녀 화장실이 구분되어 있으며 배리어프리 매장입니다. 배달 가능한 매장입니다. 주차공간, 다국어 메뉴판, 그리고 무선 인터넷이 있는 매장입니다.",운영중,True,True,효자5동,official_coordinates,https://www.data.go.kr/data/15076735/fileData.do; 2022-04-01,2022-04-01
559314,쥬씨 전주대점,전북특별자치도 전주시 완산구 백마산길 10,전북특별자치도 전주시 완산구 효자동3가 1167-5,35.8180615,127.0919953,063-228-9244,커피숍,휴게음식점,"전라북도 전주시에서 맛집을 찾으신다면 ""쥬시(전주대점)""를 추천합니다. 레드테이블에서 온라인 예약이 가능합니다! 반려동물 입장이 가능한 매장입니다. 배달 가능한 매장입니다. 다국어 메뉴판이 있는 매장입니다.",운영중,True,True,효자4동,official_coordinates,https://www.data.go.kr/data/15076735/fileData.do; 2022-04-01,2022-04-01
559601,소문난순대,전북특별자치도 전주시 덕진구 우아로 23,전북특별자치도 전주시 덕진구 중동 776-11,35.8499988,127.1560866,063-241-2227,식육(숯불구이),일반음식점,"""소문난순대""를 전라북도 전주시의 가 볼 만한 식당으로 추천합니다! 레드테이블에서 온라인 예약이 가능합니다! 다국어 메뉴판이 있는 매장입니다.",운영중,True,True,우아1동,official_coordinates,https://www.data.go.kr/data/15076735/fileData.do; 2022-04-01,2022-04-01
556466,굽네치킨 송천에코점,전북특별자치도 전주시 덕진구 송천로 112-42,전북특별자치도 전주시 덕진구 송천동1가 840-2,35.8628677,127.1183149,050-4314-3853,일반조리판매,휴게음식점,"전라북도 전주시에서 어디를 갈지 고민이라면! ""굽네치킨(천에코점)""에 가보시는 건 어떨까요? 배달 가능한 매장입니다. 다국어 메뉴판이 있는 매장입니다.",운영중,True,True,송천2동,official_coordinates,https://www.data.go.kr/data/15076735/fileData.do; 2022-04-01,2022-04-01
544005,맛있는밥상,전북특별자치도 전주시 완산구 용머리로 9-15,전북특별자치도 전주시 완산구 효자동1가 408-6,35.8067003,127.1111166,063-237-2358,경양식,일반음식점,"전라북도 전주시에서 어디를 갈지 고민이라면! ""맛있는밥상""에 가보시는 건 어떨까요? 레드테이블에서 온라인 예약이 가능합니다! 배달 가능한 매장입니다. 다국어 메뉴판이 있는 매장입니다.",운영중,True,True,효자3동,official_coordinates,https://www.data.go.kr/data/15076735/fileData.do; 2022-04-01,2022-04-01
553011,짱그미김밥,전북특별자치도 전주시 완산구 마전들로 19,전북특별자치도 전주시 완산구 효자동3가 1669-4,35.8211968,127.0976479,063-228-1634,기타 휴게음식점,휴게음식점,"무엇을 먹을지 고민되신다고요? 전라북도 전주시에 계시다면 ""짱그미김밥""을 추천합니다! 레드테이블과 네이버에서 온라인 예약이 가능합니다! 배달 가능한 매장입니다. 다국어 메뉴판이 있는 매장입니다.",운영중,True,True,효자5동,official_coordinates,https://www.data.go.kr/data/15076735/fileData.do; 2022-04-01,2022-04-01
552037,누보닭갈비,전북특별자치도 전주시 완산구 전주객사4길 74-54,전북특별자치도 전주시 완산구 고사동 185,35.8210788,127.1441243,063-288-0711,한식,일반음식점,"전라북도 전주시에서 가 볼 만한 식당을 찾으신다면? ""누보닭갈비""를 추천합니다! 레드테이블에서 온라인 예약이 가능합니다! 남녀 화장실이 구분되어 있는 매장입니다. 배달 가능한 매장입니다. 주차공간, 다국어 메뉴판, 그리고 무선 인터넷이 있는 매장입니다.",운영중,True,True,중앙동,official_coordinates,https://www.data.go.kr/data/15076735/fileData.do; 2022-04-01,2022-04-01
544528,샹떼쥬르,전북특별자치도 전주시 완산구 마전4길 11-3,전북특별자치도 전주시 완산구 효자동3가 1631-12,35.8243884,127.1033731,063-223-7200,경양식,일반음식점,"전라북도 전주시에서 가 볼 만한 식당을 찾으신다면? ""샹떼쥬르""를 추천합니다! 위생 수준이 우수하고 친절한 서비스로 지방자치단체의 선정을 받은 모범음식점입니다. 지방자치단체 인증을 받은 농림축산식품부 제공 안심식당입니다. 레드테이블에서 온라인 예약이 가능합니다! 남녀 화장실이 구분되어 있는 매장입니다. 주차공간, 다국어 메뉴판, 그리고 무선 인터넷이 있는 매장입니다.",운영중,True,True,효자5동,official_coordinates,https://www.data.go.kr/data/15076735/fileData.do; 2022-04-01,2022-04-01
544701,청담김밥,전북특별자치도 전주시 완산구 호암로 91 ,전북특별자치도 전주시 완산구 효자동2가 1316-4,35.8084983,127.1042646,063-227-2001,분식,일반음식점,"전라북도 전주시에 가신다면 ""청담김밥(본점)""에 방문해보세요~ 레드테이블에서 온라인 예약이 가능합니다! 남녀 화장실이 구분되어 있는 매장입니다. 배달 가능한 매장입니다. 주차공간, 다국어 메뉴판, 그리고 무선 인터넷이 있는 매장입니다.",운영중,True,True,효자4동,official_coordinates,https://www.data.go.kr/data/15076735/fileData.do; 2022-04-01,2022-04-01
544901,마싣다한상,전북특별자치도 전주시 완산구 홍산2길 10 102호,전북특별자치도 전주시 완산구 효자동3가 1544-2,35.814414,127.1101124,063-229-9090,한식,일반음식점,"""마싣다한상""을 전라북도 전주시의 가 볼 만한 식당으로 추천합니다! 레드테이블에서 온라인 예약이 가능합니다! 주차공간, 다국어 메뉴판이 있는 매장입니다.",운영중,True,True,효자5동,official_coordinates,https://www.data.go.kr/data/15076735/fileData.do; 2022-04-01,2022-04-01
545221,착한낙지 전주완산점,전북특별자치도 전주시 완산구 천잠로 245,전북특별자치도 전주시 완산구 효자동2가 1065-11,35.8087388,127.0942567,063-286-5678,한식,일반음식점,"""착한낙지(완산직영점)""는 전라북도 전주시에 있습니다. 레드테이블에서 온라인 예약이 가능합니다! 남녀 화장실이 구분되어 있는 매장입니다. 배달 가능한 매장입니다. 주차공간, 다국어 메뉴판이 있는 매장입니다.",운영중,True,True,효자4동,official_coordinates,https://www.data.go.kr/data/15076735/fileData.do; 2022-04-01,2022-04-01
545500,옛촌막걸리,전북특별자치도 전주시 완산구 팔달로 144-4,전북특별자치도 전주시 완산구 전동 52-2,35.815261,127.1485223,063-232-9991,한식,일반음식점,"어디 가야 할지 고민이시라고요? 그럼 전라북도 전주시 맛집, ""옛촌막걸리""를 추천합니다! 남녀 화장실이 구분되어 있는 매장입니다. 다국어 메뉴판, 무선 인터넷이 있는 매장입니다.",운영중,True,True,풍남동,official_coordinates,https://www.data.go.kr/data/15076735/fileData.do; 2022-04-01,2022-04-01
546665,우리동네 커피,전북특별자치도 전주시 완산구 효동2길 4 우리동네커피,전북특별자치도 전주시 완산구 효자동1가 518-12,35.8058332,127.127499,063-241-8885,커피숍,휴게음식점,"""우리동네 커피""를 전라북도 전주시의 가 볼 만한 식당으로 추천합니다! 다국어 메뉴판이 있는 매장입니다.",운영중,True,True,효자1동,official_coordinates,https://www.data.go.kr/data/15076735/fileData.do; 2022-04-01,2022-04-01
547060,꿀순이&꿀돌이 송천점,전북특별자치도 전주시 덕진구 솔내로 115,전북특별자치도 전주시 덕진구 송천동1가 137-1,35.8604093,127.1264439,063-272-3113,한식,일반음식점,"""꿀순이앤꿀돌이(송천점)""를 전라북도 전주시의 가 볼 만한 식당으로 추천합니다! 다국어 메뉴판이 있는 매장입니다.",운영중,True,True,송천1동,official_coordinates,https://www.data.go.kr/data/15076735/fileData.do; 2022-04-01,2022-04-01
552146,생생면옥,전북특별자치도 전주시 덕진구 솔내9길 4,전북특별자치도 전주시 덕진구 송천동1가 101-30,35.8624924,127.1259842,063-278-1238,한식,일반음식점,"전라북도 전주시에서 어디를 갈지 고민이라면! ""생생면옥""에 가보시는 건 어떨까요? 레드테이블에서 온라인 예약이 가능합니다! 배달 가능한 매장입니다. 다국어 메뉴판이 있는 매장입니다.",운영중,True,True,송천1동,official_coordinates,https://www.data.go.kr/data/15076735/fileData.do; 2022-04-01,2022-04-01
547385,플로우이니,전북특별자치도 전주시 완산구 봉곡3길 32-1,전북특별자치도 전주시 완산구 효자동2가 1254-1,35.8119426,127.1006022,063-229-1105,커피숍,휴게음식점,"전라북도 전주시에서 어디를 갈지 고민이라면! ""플로우이니""에 가보시는 건 어떨까요? 레드테이블에서 온라인 예약이 가능합니다! 반려동물 입장이 가능한 매장입니다. 다국어 메뉴판, 무선 인터넷이 있는 매장입니다.",운영중,True,True,효자4동,official_coordinates,https://www.data.go.kr/data/15076735/fileData.do; 2022-04-01,2022-04-01
548729,커피니 전주송천점,전북특별자치도 전주시 덕진구 붓내3길 1 ,전북특별자치도 전주시 완산구 삼천동1가 449-1,35.8667112,127.1218379,063-272-8686,커피숍,휴게음식점,"전라북도 전주시에서 어디를 갈지 고민이라면! ""커피니(전주송천점)""에 가보시는 건 어떨까요? 레드테이블에서 온라인 예약이 가능합니다! 남녀 화장실이 구분되어 있는 매장입니다. 배달 가능한 매장입니다. 다국어 메뉴판, 무선 인터넷이 있는 매장입니다.",운영중,True,True,송천1동,official_coordinates,https://www.data.go.kr/data/15076735/fileData.do; 2022-04-01,2022-04-01
549935,골목집 한우한돈 정육식당,전북특별자치도 전주시 완산구 우전2길 71-21,전북특별자치도 전주시 완산구 효자동2가 1328-2,35.8105998,127.1063799,,한식,일반음식점,"전라북도 전주시에 가신다면 ""골목집(효자본점)""에 방문해보세요~ 남녀 화장실이 구분되어 있는 매장입니다. 다국어 메뉴판, 무선 인터넷이 있는 매장입니다.",운영중,True,True,효자4동,official_coordinates,https://www.data.go.kr/data/15076735/fileData.do; 2022-04-01,2022-04-01
550000,아토(atto),전북특별자치도 전주시 완산구 홍산남로 83-21,전북특별자치도 전주시 완산구 효자동3가 1538-5,35.8163894,127.1108802,070-7576-4469,정종/대포집/소주방,일반음식점,"전라북도 전주시에서 맛집을 찾으신다면 ""아토""를 추천합니다. 레드테이블과 네이버에서 온라인 예약이 가능합니다! 주차공간, 다국어 메뉴판, 그리고 무선 인터넷이 있는 매장입니다.",운영중,True,True,효자5동,official_coordinates,https://www.data.go.kr/data/15076735/fileData.do; 2022-04-01,2022-04-01
550068,순수생도,전북특별자치도 전주시 덕진구 편운로 3,전북특별자치도 전주시 덕진구 여의동2가 698-2,35.8712801,127.0768409,063-214-4904,제과점영업,제과점영업,"전라북도 전주시에 가신다면 ""순수생도""에 방문해보세요~ 레드테이블에서 온라인 예약이 가능합니다! 다국어 메뉴판이 있는 매장입니다.",운영중,True,True,여의동,official_coordinates,https://www.data.go.kr/data/15076735/fileData.do; 2022-04-01,2022-04-01
550581,역전우동0410 전북대점,전북특별자치도 전주시 덕진구 명륜4길 19,전북특별자치도 전주시 덕진구 덕진동1가 1314-169,35.8436626,127.1268772,063-251-3235,커피숍,휴게음식점,"전라북도 전주시에 가신다면 ""역전우동0410(전북대점)""에 방문해보세요~ 다국어 메뉴판이 있는 매장입니다.",운영중,True,True,덕진동,official_coordinates,https://www.data.go.kr/data/15076735/fileData.do; 2022-04-01,2022-04-01
550828,할리스커피 전북대덕진광장점,전북특별자치도 전주시 덕진구 덕진광장로 12 GS25,전북특별자치도 전주시 덕진구 덕진동1가 1314-201,35.8444377,127.1249026,063-272-2400,커피숍,휴게음식점,"전라북도 전주시에 가신다면 ""할리스(전북대덕진광장점)""에 방문해보세요~ 남녀 화장실이 구분되어 있는 매장입니다. 다국어 메뉴판, 무선 인터넷이 있는 매장입니다.",운영중,True,True,덕진동,official_coordinates,https://www.data.go.kr/data/15076735/fileData.do; 2022-04-01,2022-04-01
551296,산이솔이야,전북특별자치도 전주시 덕진구 송천로 111,전북특별자치도 전주시 덕진구 송천동1가 836-3,35.8629293,127.1158651,063-252-1205,커피숍,휴게음식점,"전라북도 전주시에서 맛집을 찾으신다면 ""산이솔이야""를 추천합니다. 다국어 메뉴판이 있는 매장입니다.",운영중,True,True,송천2동,official_coordinates,https://www.data.go.kr/data/15076735/fileData.do; 2022-04-01,2022-04-01
548543,라멘81번옥 전주점,전북특별자치도 전주시 완산구 홍산로 246,전북특별자치도 전주시 완산구 효자동2가 1154-1,35.8155568,127.1064474,063-224-8110,분식,일반음식점,"전라북도 전주시에 방문하신다면, ""라멘81번옥(전주점)""에 가보시는 것은 어떨까요? 2016년 08월 19일 KBS2 VJ특공대 822회에 방영되었을 만큼 소문난 매장이랍니다! 레드테이블에서 온라인 예약이 가능합니다! 다국어 메뉴판이 있는 매장입니다.",운영중,True,True,효자5동,official_coordinates,https://www.data.go.kr/data/15076735/fileData.do; 2022-04-01,2022-04-01
559701,블랑제리효모의집,전북특별자치도 전주시 덕진구 출판로 84,전북특별자치도 전주시 덕진구 장동 1087-1,35.8393673,127.0618481,063-211-7671,커피숍,휴게음식점,"전라북도 전주시 근처로 갈 일정이 있으시다면, 맛집으로 소문난 ""블랑제리효모의집""을 꼭 방문해보세요. 2018년 03월 07일 KBS2 생방송아침이좋다 450회에 방영되었답니다. 다국어 메뉴판이 있는 매장입니다.",운영중,True,True,여의동,official_coordinates,https://www.data.go.kr/data/15076735/fileData.do; 2022-04-01,2022-04-01
534600,신전떡볶이 전주객사점,전북특별자치도 전주시 완산구 전주객사4길 44-9,전북특별자치도 전주시 완산구 고사동 158-3,35.8199155,127.1440399,063-284-5006,분식,일반음식점,"전라북도 전주시에서 식당을 찾으신다면? ""신전떡볶이(객사점)""를 방문해보세요! 배달 가능한 매장입니다. 다국어 메뉴판, 무선 인터넷이 있는 매장입니다.",운영중,True,True,중앙동,official_coordinates,https://www.data.go.kr/data/15076735/fileData.do; 2022-04-01,2022-04-01
534265,풍미,전북특별자치도 전주시 덕진구 건산로 237,전북특별자치도 전주시 덕진구 인후동1가 805-6,35.8346611,127.1630542,063-245-3844,중국식,일반음식점,"어디 가야 할지 고민이시라고요? 그럼 전라북도 전주시 맛집, ""풍미""를 추천합니다! 레드테이블에서 온라인 예약이 가능합니다! 다국어 메뉴판이 있는 매장입니다.",운영중,True,True,인후3동,official_coordinates,https://www.data.go.kr/data/15076735/fileData.do; 2022-04-01,2022-04-01
511740,오씨아지매술시한끼,전북특별자치도 전주시 덕진구 용소로 82,전북특별자치도 전주시 덕진구 송천동1가 838-3,35.8633899,127.1173191,063-252-8766,한식,일반음식점,"전라북도 전주시에 가신다면 ""오씨아지매술시한끼""에 방문해보세요~ 다국어 메뉴판이 있는 매장입니다.",운영중,True,True,송천2동,official_coordinates,https://www.data.go.kr/data/15076735/fileData.do; 2022-04-01,2022-04-01
511747,충만치킨 송천점,전북특별자치도 전주시 덕진구 솔내로 148,전북특별자치도 전주시 덕진구 송천동1가 107-179,35.8632489,127.1272718,063-288-6633,,일반음식점,"""충만치킨(송천점)""을 전라북도 전주시의 가 볼 만한 식당으로 추천합니다! 레드테이블에서 온라인 예약이 가능합니다! 남녀 화장실이 구분되어 있는 매장입니다. 배달 가능한 매장입니다. 주차공간, 다국어 메뉴판, 그리고 무선 인터넷이 있는 매장입니다.",운영중,True,True,송천1동,official_coordinates,https://www.data.go.kr/data/15076735/fileData.do; 2022-04-01,2022-04-01
511754,바르다김선생 전주송천점,전북특별자치도 전주시 덕진구 천마산로 73,전북특별자치도 전주시 덕진구 송천동2가 179-40,35.8654057,127.1294579,063-252-7111,일반조리판매,휴게음식점,"""바르다김선생(전주송천점)""을 전라북도 전주시의 가 볼 만한 식당으로 추천합니다! 배달 가능한 매장입니다. 다국어 메뉴판, 무선 인터넷이 있는 매장입니다.",운영중,True,True,송천1동,official_coordinates,https://www.data.go.kr/data/15076735/fileData.do; 2022-04-01,2022-04-01
511759,감탄떡볶이 혁신점,전북특별자치도 전주시 덕진구 안전로 197 ,전북특별자치도 전주시 덕진구 장동 1069-2,35.8415663,127.0578537,063-212-2004,패스트푸드,휴게음식점,"전라북도 전주시에서 어디를 갈지 고민이라면! ""감탄떡볶이(혁신점)""에 가보시는 건 어떨까요? 레드테이블에서 온라인 예약이 가능합니다! 배달 가능한 매장입니다. 다국어 메뉴판이 있는 매장입니다.",운영중,True,True,여의동,official_coordinates,https://www.data.go.kr/data/15076735/fileData.do; 2022-04-01,2022-04-01
511762,카페 빈타이 전북대점,전북특별자치도 전주시 덕진구 명륜3길 10-4,전북특별자치도 전주시 덕진구 덕진동1가 1265-3,35.8420366,127.1276964,063-277-4376,커피숍,휴게음식점,"전라북도 전주시에 가신다면 ""카페, 빈타이""에 방문해보세요~ 다국어 메뉴판이 있는 매장입니다.",운영중,True,True,덕진동,official_coordinates,https://www.data.go.kr/data/15076735/fileData.do; 2022-04-01,2022-04-01
511763,인앤아웃,전북특별자치도 전주시 덕진구 명륜4길 17 지하1층,전북특별자치도 전주시 덕진구 덕진동1가 1261-4,35.8434587,127.1265534,070-7762-6771,커피숍,휴게음식점,"어디 가야 할지 고민이시라고요? 그럼 전라북도 전주시 맛집, ""인&아웃""을 추천합니다! 레드테이블에서 온라인 예약이 가능합니다! 다국어 메뉴판이 있는 매장입니다.",운영중,True,True,덕진동,official_coordinates,https://www.data.go.kr/data/15076735/fileData.do; 2022-04-01,2022-04-01
514390,라드커피13호점,전북특별자치도 전주시 완산구 전주객사1길 103,전북특별자치도 전주시 완산구 다가동4가 150,35.8207485,127.1378652,063-282-1526,카페,,"무엇을 먹을지 고민되신다고요? 전라북도 전주시에 계시다면 ""라드커피13호점""을 추천합니다!",운영중,True,True,중앙동,official_coordinates,https://www.data.go.kr/data/15076735/fileData.do; 2022-04-01,2022-04-01
511734,CAFE DE COMMA,전북특별자치도 전주시 덕진구 중동로 104-6,전북특별자치도 전주시 덕진구 장동 1093-5,35.8426594,127.064469,063-231-1009,,일반음식점,"전라북도 전주시에서 식당을 찾으신다면? ""카페 드 콤마""를 방문해보세요! 레드테이블에서 온라인 예약이 가능합니다! 반려동물 입장이 가능한 매장입니다. 다국어 메뉴판이 있는 매장입니다.",운영중,True,True,여의동,official_coordinates,https://www.data.go.kr/data/15076735/fileData.do; 2022-04-01,2022-04-01
865011,인계동껍데기 송천점,전북특별자치도 전주시 덕진구 붓내3길 16,전북특별자치도 전주시 덕진구 송천동2가 522-6,35.8665299,127.1231042,063-277-9964,한식,,"무엇을 먹을지 고민되신다고요? 전라북도 전주시에 계시다면 ""인계동껍데기 송천점""을 추천합니다!",운영중,True,True,송천1동,official_coordinates,https://www.data.go.kr/data/15076735/fileData.do; 2022-04-01,2022-04-01
517997,줄리앤소피,전북특별자치도 전주시 완산구 인정로 8,전북특별자치도 전주시 완산구 중화산동2가 584-7,35.8198874,127.120373,070-8633-5117,기타 휴게음식점,휴게음식점,"어디 가야 할지 고민이시라고요? 그럼 전라북도 전주시 맛집, ""줄리앤소피""를 추천합니다! 레드테이블에서 온라인 예약이 가능합니다! 반려동물 입장이 가능한 매장입니다. 배달 가능한 매장입니다. 다국어 메뉴판이 있는 매장입니다.",운영중,True,True,중화산2동,official_coordinates,https://www.data.go.kr/data/15076735/fileData.do; 2022-04-01,2022-04-01
518131,에그드랍 전북대점,전북특별자치도 전주시 덕진구 권삼득로 311,전북특별자치도 전주시 덕진구 금암동 664-42,35.8436008,127.1278664,50713331,기타,일반음식점,"전라북도 전주시에서 맛집을 찾으신다면 ""에그드랍(전북대점)""을 추천합니다. 레드테이블에서 온라인 예약이 가능합니다! 남녀 화장실이 구분되어 있는 매장입니다. 배달 가능한 매장입니다. 키오스크, 다국어 메뉴판이 있는 매장입니다.",운영중,True,True,덕진동,official_coordinates,https://www.data.go.kr/data/15076735/fileData.do; 2022-04-01,2022-04-01
518285,소곱창댁 하가점,전북특별자치도 전주시 덕진구 가리내8길 10-12,전북특별자치도 전주시 덕진구 덕진동2가 671-14,35.8443478,127.1107736,063-255-6467,분식,일반음식점,"전라북도 전주시에서 식당을 찾으신다면? ""소 곱창댁(하가점)""을 방문해보세요! 레드테이블에서 온라인 예약이 가능합니다! 배달 가능한 매장입니다. 다국어 메뉴판이 있는 매장입니다.",운영중,True,True,덕진동,official_coordinates,https://www.data.go.kr/data/15076735/fileData.do; 2022-04-01,2022-04-01
518410,파인트리,전북특별자치도 전주시 완산구 우전2길 45,전북특별자치도 전주시 완산구 효자동2가 156-4,35.8082808,127.1069595,063-228-0062,기타,일반음식점,"무엇을 먹을지 고민되신다고요? 전라북도 전주시에 계시다면 ""파인트리""를 추천합니다! 레드테이블에서 온라인 예약이 가능합니다! 남녀 화장실이 구분되어 있는 매장입니다. 다국어 메뉴판이 있는 매장입니다.",운영중,True,True,효자4동,official_coordinates,https://www.data.go.kr/data/15076735/fileData.do; 2022-04-01,2022-04-01
518430,김판쇠전주우족탕,전북특별자치도 전주시 덕진구 태진로 132,전북특별자치도 전주시 덕진구 금암동 455-23,35.8327748,127.1357401,063-252-5010,탕류(보신용),일반음식점,"2021년 02월 18일 SBS 생방송투데이 2763회, 2017년 10월 18일 KBS2 2TV생생정보 433회 등 여러 방송에서 다룬 바로 그 곳! 전라북도 전주시 인기 맛집 ""김판쇠전주우족탕(본점)""을 방문해보세요! 위생 수준이 우수하고 친절한 서비스로 지방자치단체의 선정을 받은 모범음식점입니다. 지방자치단체 인증을 받은 농림축산식품부 제공 안심식당입니다. 레드테이블에서 온라인 예약이 가능합니다! 남녀 화장실이 구분되어 있으며, 베리어프리 매장입니다. 주차공간, 다국어 메뉴판이 있는 매장입니다.",운영중,True,True,금암1동,official_coordinates,https://www.data.go.kr/data/15076735/fileData.do; 2022-04-01,2022-04-01
518578,어바웃타임,전북특별자치도 전주시 덕진구 덕진광장로 1-1,전북특별자치도 전주시 덕진구 덕진동1가 1279-9,35.8441748,127.1237275,063-271-7979,카페,,"전라북도 전주시에서 어디를 갈지 고민이라면! ""어바웃타임""에 가보시는 건 어떨까요?",운영중,True,True,덕진동,official_coordinates,https://www.data.go.kr/data/15076735/fileData.do; 2022-04-01,2022-04-01
518606,명랑시대쌀핫도그 효자문학점,전북특별자치도 전주시 완산구 문학대4길 28,전북특별자치도 전주시 완산구 효자동3가 1618-1,35.8266884,127.1051528,063-226-0399,커피숍,휴게음식점,"무엇을 먹을지 고민되신다고요? 전라북도 전주시에 계시다면 ""명랑핫도그(효자문학점)""를 추천합니다! 레드테이블에서 온라인 예약이 가능합니다! 배달 가능한 매장입니다. 다국어 메뉴판이 있는 매장입니다.",운영중,True,True,효자5동,official_coordinates,https://www.data.go.kr/data/15076735/fileData.do; 2022-04-01,2022-04-01
865008,꼬치꼬치,전북특별자치도 전주시 덕진구 솔내로 144(106동 113호 송천동1가),전북특별자치도 전주시 덕진구 송천동1가 101-3 신일아파트,35.8629408,127.1271762,,음식점,,"전라북도 전주시에서 어디를 갈지 고민이라면! ""꼬치꼬치""에 가보시는 건 어떨까요?",운영중,True,True,송천1동,official_coordinates,https://www.data.go.kr/data/15076735/fileData.do; 2022-04-01,2022-04-01
518660,이디야커피 진북점,전북특별자치도 전주시 덕진구 태진로 110,전북특별자치도 전주시 덕진구 진북동 410-7,35.8308163,127.136114,063-278-0546,커피숍,휴게음식점,"""이디야커피(진북점)""는 전라북도 전주시에 있습니다. 레드테이블에서 온라인 예약이 가능합니다! 남녀 화장실이 구분되어 있는 매장입니다. 배달 가능한 매장입니다. 다국어 메뉴판, 무선 인터넷이 있는 매장입니다.",운영중,True,True,진북동,official_coordinates,https://www.data.go.kr/data/15076735/fileData.do; 2022-04-01,2022-04-01
511730,돼지치마집 본점,전북특별자치도 전주시 덕진구 가리내8길 10-3 1층 101호,전북특별자치도 전주시 덕진구 덕진동2가 670-7,35.8437396,127.110495,,기타,일반음식점,"전라북도 전주시에서 가 볼 만한 식당을 찾으신다면? ""치마집(하가점)""을 추천합니다! 다국어 메뉴판이 있는 매장입니다.",운영중,True,True,덕진동,official_coordinates,https://www.data.go.kr/data/15076735/fileData.do; 2022-04-01,2022-04-01
511723,알지?커피숍,전북특별자치도 전주시 덕진구 견훤로 366,전북특별자치도 전주시 덕진구 우아동3가 754-1,35.8438053,127.1540849,063-244-1331,분식,일반음식점,"전라북도 전주시에 가신다면 ""알지? 커피(우아점)""에 방문해보세요~ 레드테이블에서 온라인 예약이 가능합니다! 다국어 메뉴판이 있는 매장입니다.",운영중,True,True,우아1동,official_coordinates,https://www.data.go.kr/data/15076735/fileData.do; 2022-04-01,2022-04-01
511648,할리스커피 전주한옥마을점,전북특별자치도 전주시 완산구 은행로 16,전북특별자치도 전주시 완산구 풍남동1가 53-3,35.8184879,127.1516998,063-288-0801,커피숍,휴게음식점,"무엇을 먹을지 고민되신다고요? 전라북도 전주시에 계시다면 ""할리스(전주 한옥마을점)""를 추천합니다! 레드테이블에서 온라인 예약이 가능합니다! 남녀 화장실이 구분되어 있는 매장입니다. 배달 가능한 매장입니다. 다국어 메뉴판, 무선 인터넷이 있는 매장입니다.",운영중,True,True,풍남동,official_coordinates,https://www.data.go.kr/data/15076735/fileData.do; 2022-04-01,2022-04-01
511650,커피니 전주효자점,전북특별자치도 전주시 완산구 봉곡3길 38,전북특별자치도 전주시 완산구 효자동2가 1254-4,35.8119321,127.101144,063-222-9594,커피숍,휴게음식점,"전라북도 전주시에 가신다면 ""커피니(전주효자점)""에 방문해보세요~ 레드테이블에서 온라인 예약이 가능합니다! 다국어 메뉴판이 있는 매장입니다.",운영중,True,True,효자4동,official_coordinates,https://www.data.go.kr/data/15076735/fileData.do; 2022-04-01,2022-04-01
511652,플로리아,전북특별자치도 전주시 완산구 홍산남로 75,전북특별자치도 전주시 완산구 효자동3가 1539-3,35.8160036,127.11021,063-221-3999,커피숍,휴게음식점,"전라북도 전주시에서 어디를 갈지 고민이라면! ""플로리아""에 가보시는 건 어떨까요? 레드테이블에서 온라인 예약이 가능합니다! 반려동물 입장이 가능하고, 남녀 화장실이 구분되어 있는 매장입니다. 배달 가능한 매장입니다. 주차공간, 다국어 메뉴판, 그리고 무선 인터넷이 있는 매장입니다.",운영중,True,True,효자5동,official_coordinates,https://www.data.go.kr/data/15076735/fileData.do; 2022-04-01,2022-04-01
511655,카페미오,전북특별자치도 전주시 완산구 어진길 104,전북특별자치도 전주시 완산구 경원동1가 126-31,35.8167899,127.1489755,,기타 휴게음식점,휴게음식점,"전라북도 전주시에서 어디를 갈지 고민이라면! ""카페 미오""에 가보시는 건 어떨까요? 레드테이블에서 온라인 예약이 가능합니다! 남녀 화장실이 구분되어 있는 매장입니다. 다국어 메뉴판, 무선 인터넷이 있는 매장입니다.",운영중,True,True,풍남동,official_coordinates,https://www.data.go.kr/data/15076735/fileData.do; 2022-04-01,2022-04-01
511656,와플몽전주대점,전북특별자치도 전주시 완산구 백마산길 7,전북특별자치도 전주시 완산구 효자동3가 1159-12,35.8178318,127.0924429,063-225-6589,,휴게음식점,"""와플몽(전주대점)""을 전라북도 전주시의 가 볼 만한 식당으로 추천합니다! 레드테이블에서 온라인 예약이 가능합니다! 반려동물 입장이 가능한 매장입니다. 배달 가능한 매장입니다. 다국어 메뉴판이 있는 매장입니다.",운영중,True,True,효자4동,official_coordinates,https://www.data.go.kr/data/15076735/fileData.do; 2022-04-01,2022-04-01
511657,두찜 전주효자1호점,전북특별자치도 전주시 완산구 범안1길 36,전북특별자치도 전주시 완산구 효자동2가 1158-33,35.8110257,127.1069985,063-227-5559,기타 휴게음식점,휴게음식점,"전라북도 전주시에서 가 볼 만한 식당을 찾으신다면? ""두찜(효자 1호점)""을 추천합니다! 레드테이블에서 온라인 예약이 가능합니다! 배달 가능한 매장입니다. 다국어 메뉴판이 있는 매장입니다.",운영중,True,True,효자4동,official_coordinates,https://www.data.go.kr/data/15076735/fileData.do; 2022-04-01,2022-04-01
511658,빽다방 전주객사1호점,전북특별자치도 전주시 완산구 전주객사5길 44-6,전북특별자치도 전주시 완산구 고사동 50-6,35.8201116,127.1455892,063-283-2911,커피숍,휴게음식점,"전라북도 전주시에서 식당을 찾으신다면? ""빽다방(전주객사 1호점)""을 방문해보세요! 레드테이블에서 온라인 예약이 가능합니다! 배달 가능한 매장입니다. 다국어 메뉴판, 무선 인터넷이 있는 매장입니다.",운영중,True,True,중앙동,official_coordinates,https://www.data.go.kr/data/15076735/fileData.do; 2022-04-01,2022-04-01
511725,전주옥콩나물국밥,전북특별자치도 전주시 덕진구 백제대로 829,전북특별자치도 전주시 완산구 평화동2가 325-17,35.8490896,127.158882,063-247-3090,한식,일반음식점,"전라북도 전주시에서 가 볼 만한 식당을 찾으신다면? ""전주옥(전주역점)""을 추천합니다! 레드테이블에서 온라인 예약이 가능합니다! 다국어 메뉴판이 있는 매장입니다.",운영중,True,True,우아1동,official_coordinates,https://www.data.go.kr/data/15076735/fileData.do; 2022-04-01,2022-04-01
511670,어반헤이즈,전북특별자치도 전주시 완산구 배학2길 3-6,전북특별자치도 전주시 완산구 효자동3가 1681-10,35.8192441,127.0975392,050-7141-0521,커피숍,휴게음식점,"전라북도 전주시에 가신다면 ""어반 헤이즈""에 방문해보세요~ 레드테이블에서 온라인 예약이 가능합니다! 주차공간, 다국어 메뉴판, 그리고 무선 인터넷이 있는 매장입니다.",운영중,True,True,효자5동,official_coordinates,https://www.data.go.kr/data/15076735/fileData.do; 2022-04-01,2022-04-01
511680,뚜레쥬르 전북도청점,전북특별자치도 전주시 완산구 홍산남로 60,전북특별자치도 전주시 완산구 효자동2가 1155-6,35.8155698,127.1083599,063-227-2633,제과점영업,제과점영업,"전라북도 전주시에서 식당을 찾으신다면? ""뚜레쥬르(전북도청점)""를 방문해보세요! 배달 가능한 매장입니다. 다국어 메뉴판이 있는 매장입니다.",운영중,True,True,효자5동,official_coordinates,https://www.data.go.kr/data/15076735/fileData.do; 2022-04-01,2022-04-01
511697,BHC치킨 덕진하가지구점,전북특별자치도 전주시 덕진구 가리내9길 8,전북특별자치도 전주시 덕진구 덕진동2가 676-2,35.8430792,127.1110412,063-271-8292,호프/통닭,일반음식점,"전라북도 전주시에서 맛집을 찾으신다면 ""BHC치킨(전주 덕진 하가점)""을 추천합니다. 레드테이블에서 온라인 예약이 가능합니다! 남녀 화장실이 구분되어 있는 매장입니다. 배달 가능한 매장입니다. 다국어 메뉴판이 있는 매장입니다.",운영중,True,True,덕진동,official_coordinates,https://www.data.go.kr/data/15076735/fileData.do; 2022-04-01,2022-04-01
511700,정가네양평해장국아중2호점,전북특별자치도 전주시 덕진구 아중로 146,전북특별자치도 전주시 덕진구 인후동1가 928-3,35.8256406,127.165654,063-241-4447,한식,일반음식점,"""정가네 양평해장국(아중 2호점)""은 전라북도 전주시에 있습니다. 위생 수준이 우수하고 친절한 서비스로 지방자치단체의 선정을 받은 모범음식점입니다. 지방자치단체 인증을 받은 농림축산식품부 제공 안심식당입니다. 레드테이블에서 온라인 예약이 가능합니다! 다국어 메뉴판이 있는 매장입니다.",운영중,True,True,인후3동,official_coordinates,https://www.data.go.kr/data/15076735/fileData.do; 2022-04-01,2022-04-01
864480,with coffee,전북특별자치도 전주시 완산구 새터로 52,전북특별자치도 전주시 완산구 서신동 940-3,35.835368,127.1119556,,카페,,"전라북도 전주시에서 가 볼 만한 식당을 찾으신다면? ""with coffee""을 추천합니다!",운영중,True,True,서신동,official_coordinates,https://www.data.go.kr/data/15076735/fileData.do; 2022-04-01,2022-04-01
511713,고기원칙 전주송천점,"전북특별자치도 전주시 덕진구 사근1길 31 1층 110,111호",전북특별자치도 전주시 덕진구 송천동2가 179-116,35.8666658,127.1305541,063-277-1220,,일반음식점,"전라북도 전주시에 가신다면 ""고기, 원칙(전주송천점)""에 방문해보세요~ 남녀 화장실이 구분되어 있는 매장입니다. 주차공간, 다국어 메뉴판, 그리고 무선 인터넷이 있는 매장입니다.",운영중,True,True,송천1동,official_coordinates,https://www.data.go.kr/data/15076735/fileData.do; 2022-04-01,2022-04-01
511714,압구정등갈비찜,전북특별자치도 전주시 덕진구 가리내10길 8-5,전북특별자치도 전주시 덕진구 덕진동2가 678-3,35.8426363,127.1107685,063-275-6714,식육(숯불구이),일반음식점,"전라북도 전주시에서 식당을 찾으신다면? ""압구정등갈비찜""을 방문해보세요! 레드테이블에서 온라인 예약이 가능합니다! 배달 가능한 매장입니다. 다국어 메뉴판이 있는 매장입니다.",운영중,True,True,덕진동,official_coordinates,https://www.data.go.kr/data/15076735/fileData.do; 2022-04-01,2022-04-01
511718,달달한오후,전북특별자치도 전주시 덕진구 송천로 1 센트럴파크 단독상가동 106호,전북특별자치도 전주시 덕진구 송천동1가 292-7,35.8543951,127.1185926,063-273-0018,,일반음식점,"전라북도 전주시에 가신다면 ""달달한 오후""에 방문해보세요~ 레드테이블에서 온라인 예약이 가능합니다! 배달 가능한 매장입니다. 주차공간, 다국어 메뉴판, 그리고 무선 인터넷이 있는 매장입니다.",운영중,True,True,송천2동,official_coordinates,https://www.data.go.kr/data/15076735/fileData.do; 2022-04-01,2022-04-01
511671,크리스피도넛 전주평화점,전북특별자치도 전주시 완산구 모악로 4747 로엠,전북특별자치도 전주시 완산구 효자동2가 1155-5,35.7932118,127.1317543,063-224-0750,기타 휴게음식점,휴게음식점,"""크리스피크림도넛(전주평화점)""을 전라북도 전주시의 가 볼 만한 식당으로 추천합니다! 레드테이블에서 온라인 예약이 가능합니다! 반려동물 입장이 가능한 매장입니다. 다국어 메뉴판이 있는 매장입니다.",운영중,True,True,평화2동,official_coordinates,https://www.data.go.kr/data/15076735/fileData.do; 2022-04-01,2022-04-01
534394,팔팔호프 신시가지점,전북특별자치도 전주시 완산구 홍산중앙로 45,전북특별자치도 전주시 완산구 효자동3가 1527-11 케이티빌딩,35.8176049,127.1087608,,기타,일반음식점,"무엇을 먹을지 고민되신다고요? 전라북도 전주시에 계시다면 ""팔팔호프(신시가지점)""를 추천합니다! 레드테이블에서 온라인 예약이 가능합니다! 남녀 화장실이 구분되어 있는 매장입니다. 배달 가능한 매장입니다. 주차공간, 다국어 메뉴판, 그리고 무선 인터넷이 있는 매장입니다.",운영중,True,True,효자5동,official_coordinates,https://www.data.go.kr/data/15076735/fileData.do; 2022-04-01,2022-04-01
865007,장수촌마을,전북특별자치도 전주시 완산구 산월1길 22,전북특별자치도 전주시 완산구 중화산동2가 530-1,35.8129941,127.1208227,063-225-5403,한식,,"어디 가야 할지 고민이시라고요? 그럼 전라북도 전주시 맛집, ""장수촌마을""을 추천합니다!",운영중,True,True,중화산2동,official_coordinates,https://www.data.go.kr/data/15076735/fileData.do; 2022-04-01,2022-04-01
519140,장상욱함박,전북특별자치도 전주시 완산구 전주객사2길 43,전북특별자치도 전주시 완산구 다가동3가 1-2,35.8186973,127.1403849,063-231-5789,기타,일반음식점,"전라북도 전주시에서 맛집을 찾으신다면 ""장상욱함박""을 추천합니다. 레드테이블에서 온라인 예약이 가능합니다! 남녀 화장실이 구분되어 있는 매장입니다. 배달 가능한 매장입니다. 다국어 메뉴판, 무선 인터넷이 있는 매장입니다.",운영중,True,True,중앙동,official_coordinates,https://www.data.go.kr/data/15076735/fileData.do; 2022-04-01,2022-04-01
527361,금암면옥 객사점,전북특별자치도 전주시 완산구 전주객사3길 12-6,전북특별자치도 전주시 완산구 중앙동2가 31-4,35.8178645,127.1429478,063-282-6699,한식,일반음식점,"전라북도 전주시에서 맛집을 찾으신다면 ""금암면옥(객사점)""을 추천합니다. 레드테이블에서 온라인 예약이 가능합니다! 배달 가능한 매장입니다. 주차공간, 다국어 메뉴판이 있는 매장입니다.",운영중,True,True,중앙동,official_coordinates,https://www.data.go.kr/data/15076735/fileData.do; 2022-04-01,2022-04-01
527793,감탄 효자2호점,전북특별자치도 전주시 완산구 호암로 23,전북특별자치도 전주시 완산구 효자동2가 1313-5,35.809307,127.0972521,063-221-1600,분식,,"전라북도 전주시에서 어디를 갈지 고민이라면! ""감탄 효자2호점""에 가보시는 건 어떨까요?",운영중,True,True,효자4동,official_coordinates,https://www.data.go.kr/data/15076735/fileData.do; 2022-04-01,2022-04-01
528241,써니김밥,전북특별자치도 전주시 완산구 봉곡로 93,전북특별자치도 전주시 완산구 효자동2가  1266-5,35.8115588,127.1039542,063-223-3512,김밥,,"전라북도 전주시에서 가 볼 만한 식당을 찾으신다면? ""써니김밥""을 추천합니다!",운영중,True,True,효자4동,official_coordinates,https://www.data.go.kr/data/15076735/fileData.do; 2022-04-01,2022-04-01
529095,온커피,전북특별자치도 전주시 완산구 장승배기로 158-6,전북특별자치도 전주시 완산구 평화동2가 842-12,35.794503,127.1301726,063-223-5773,커피숍,휴게음식점,"어디 가야 할지 고민이시라고요? 그럼 전라북도 전주시 맛집, ""온커피""를 추천합니다! 레드테이블에서 온라인 예약이 가능합니다! 다국어 메뉴판이 있는 매장입니다.",운영중,True,True,평화2동,official_coordinates,https://www.data.go.kr/data/15076735/fileData.do; 2022-04-01,2022-04-01
529742,태조면가 본점,전북특별자치도 전주시 완산구 풍남문3길 27-8,전북특별자치도 전주시 완산구 전동 142-15,35.8150049,127.1464249,063-231-8288,한식,일반음식점,"전라북도 전주시에 가신다면 ""태조면가(본점)""에 방문해보세요~ 남녀 화장실이 구분되어 있는 매장입니다. 주차공간, 다국어 메뉴판, 그리고 무선 인터넷이 있는 매장입니다.",운영중,True,True,중앙동,official_coordinates,https://www.data.go.kr/data/15076735/fileData.do; 2022-04-01,2022-04-01
529753,이태리부대찌개 동산반월점,전북특별자치도 전주시 덕진구 쪽구름로 116,전북특별자치도 전주시 덕진구 송천동2가 1336-1,35.8744562,127.0726274,063-211-8842,한식,일반음식점,"전라북도 전주시에 가신다면 ""이태리부대찌개(전주동산반월점)""에 방문해보세요~ 레드테이블에서 온라인 예약이 가능합니다! 배달 가능한 매장입니다. 다국어 메뉴판이 있는 매장입니다.",운영중,True,True,조촌동,official_coordinates,https://www.data.go.kr/data/15076735/fileData.do; 2022-04-01,2022-04-01
529828,김밥명가,전북특별자치도 전주시 완산구 홍산남로 50,전북특별자치도 전주시 완산구 효자동2가 1155-2,35.8155757,127.1072544,063-284-2299,한식,일반음식점,"전라북도 전주시에서 가 볼 만한 식당을 찾으신다면? ""김밥명가""를 추천합니다! 배달 가능한 매장입니다. 다국어 메뉴판이 있는 매장입니다.",운영중,True,True,효자5동,official_coordinates,https://www.data.go.kr/data/15076735/fileData.do; 2022-04-01,2022-04-01
527057,교촌치킨 평화1호점,전북특별자치도 전주시 완산구 평화로 135,전북특별자치도 전주시 완산구 평화동2가 230-112,35.7887078,127.1350282,063-229-3334,호프/통닭,일반음식점,"""교촌치킨(평화1호점)""은 전라북도 전주시에 있습니다. 레드테이블에서 온라인 예약이 가능합니다! 배달 가능한 매장입니다. 다국어 메뉴판이 있는 매장입니다.",운영중,True,True,평화2동,official_coordinates,https://www.data.go.kr/data/15076735/fileData.do; 2022-04-01,2022-04-01
530426,충만치킨 아중점,전북특별자치도 전주시 덕진구 석소로 88,전북특별자치도 전주시 덕진구 우아동2가 566-1,35.8350249,127.1677008,063-242-5848,호프/통닭,일반음식점,"""충만치킨(아중점)""을 전라북도 전주시의 가 볼 만한 식당으로 추천합니다! 레드테이블에서 온라인 예약이 가능합니다! 배달 가능한 매장입니다. 다국어 메뉴판이 있는 매장입니다.",운영중,True,True,우아2동,official_coordinates,https://www.data.go.kr/data/15076735/fileData.do; 2022-04-01,2022-04-01
531112,맘스터치 평화점,전북특별자치도 전주시 완산구 소대배기로 17,전북특별자치도 전주시 완산구 평화동2가 338-10,35.787399,127.1321987,063-229-3122,기타,일반음식점,"전라북도 전주시에서 식당을 찾으신다면? ""맘스터치(평화점)""를 방문해보세요! 레드테이블과 네이버에서 온라인 예약이 가능합니다! 배달 가능한 매장입니다. 다국어 메뉴판이 있는 매장입니다.",운영중,True,True,평화2동,official_coordinates,https://www.data.go.kr/data/15076735/fileData.do; 2022-04-01,2022-04-01
531283,쁠랑드봉봉,전북특별자치도 전주시 완산구 봉곡로 132 101호,전북특별자치도 전주시 완산구 효자동2가 93-7,35.8097984,127.1074471,063-228-2300,커피숍,휴게음식점,"전라북도 전주시에서 맛집을 찾으신다면 ""쁠랑드봉봉""을 추천합니다. 레드테이블에서 온라인 예약이 가능합니다! 반려동물 입장이 가능하고, 남녀 화장실이 구분되어 있는 매장입니다. 주차공간, 다국어 메뉴판, 그리고 무선 인터넷이 있는 매장입니다.",운영중,True,True,효자4동,official_coordinates,https://www.data.go.kr/data/15076735/fileData.do; 2022-04-01,2022-04-01
532603,육공장,전북특별자치도 전주시 완산구 홍산4길 20-4 2층,전북특별자치도 전주시 완산구 효자동3가 1528-8,35.8181532,127.1109266,063-224-4848,한식,일반음식점,"전라북도 전주시에 가신다면 ""육공장""에 방문해보세요~ 레드테이블에서 온라인 예약이 가능합니다! 반려동물 입장이 가능한 매장입니다. 다국어 메뉴판이 있는 매장입니다.",운영중,True,True,효자5동,official_coordinates,https://www.data.go.kr/data/15076735/fileData.do; 2022-04-01,2022-04-01
532779,하루참치,전북특별자치도 전주시 완산구 홍산남로 69-20,전북특별자치도 전주시 완산구 효자동3가 1538-7,35.8164226,127.110014,063-221-8898,일식,일반음식점,"전라북도 전주시에 가신다면 ""하루참치""에 방문해보세요~ 레드테이블에서 온라인 예약이 가능합니다! 남녀 화장실이 구분되어 있는 매장입니다. 배달 가능한 매장입니다. 주차공간, 다국어 메뉴판, 그리고 무선 인터넷이 있는 매장입니다.",운영중,True,True,효자5동,official_coordinates,https://www.data.go.kr/data/15076735/fileData.do; 2022-04-01,2022-04-01
533181,장미맨숀 서신점,전북특별자치도 전주시 완산구 새터로 30,전북특별자치도 전주시 완산구 서신동 938-2,35.8358699,127.1099521,063-278-8253,한식,일반음식점,"""장미맨숀(서신점)""은 전라북도 전주시에 있습니다. 레드테이블에서 온라인 예약이 가능합니다! 배달 가능한 매장입니다. 다국어 메뉴판이 있는 매장입니다.",운영중,True,True,서신동,official_coordinates,https://www.data.go.kr/data/15076735/fileData.do; 2022-04-01,2022-04-01
533218,팬닭,전북특별자치도 전주시 완산구 안행9길 29-14,전북특별자치도 전주시 완산구 효자동1가 683-7,35.8019843,127.1328658,050-7964-1464,한식,일반음식점,"어디 가야 할지 고민이시라고요? 그럼 전라북도 전주시 맛집, ""팬닭(삼천효자점)""을 추천합니다! 다국어 메뉴판이 있는 매장입니다.",운영중,True,True,효자1동,official_coordinates,https://www.data.go.kr/data/15076735/fileData.do; 2022-04-01,2022-04-01
534037,오투김밥,전북특별자치도 전주시 덕진구 가리내8길 13,전북특별자치도 전주시 덕진구 덕진동2가 673-6,35.8433334,127.1103113,063-274-0052,김밥(도시락),일반음식점,"전라북도 전주시에서 어디를 갈지 고민이라면! ""오투김밥""에 가보시는 건 어떨까요? 다국어 메뉴판이 있는 매장입니다.",운영중,True,True,덕진동,official_coordinates,https://www.data.go.kr/data/15076735/fileData.do; 2022-04-01,2022-04-01
530731,뚱보집 하가점,전북특별자치도 전주시 덕진구 가리내8길 19,전북특별자치도 전주시 덕진구 덕진동2가 673-3,35.8433296,127.1097115,063-278-3007,돼지고기,,"""뚱보집 하가점""을 전라북도 전주시의 가 볼 만한 식당으로 추천합니다!",운영중,True,True,덕진동,official_coordinates,https://www.data.go.kr/data/15076735/fileData.do; 2022-04-01,2022-04-01
518959,미소,전북특별자치도 전주시 완산구 홍산북로 57 2층,전북특별자치도 전주시 완산구 효자동3가 1529-10,35.8176397,127.108174,063-221-7796,한식,일반음식점,"무엇을 먹을지 고민되신다고요? 전라북도 전주시에 계시다면 ""개인화로한우전문미소""를 추천합니다! 지방자치단체 인증을 받은 농림축산식품부 제공 안심식당입니다. 레드테이블에서 온라인 예약이 가능합니다! 다국어 메뉴판이 있는 매장입니다.",운영중,True,True,효자5동,official_coordinates,https://www.data.go.kr/data/15076735/fileData.do; 2022-04-01,2022-04-01
864999,말자싸롱,전북특별자치도 전주시 덕진구 붓내3길 9,전북특별자치도 전주시 덕진구 송천동2가 523-1,35.8667531,127.1226379,,술집,,"무엇을 먹을지 고민되신다고요? 전라북도 전주시에 계시다면 ""말자싸롱""을 추천합니다!",운영중,True,True,송천1동,official_coordinates,https://www.data.go.kr/data/15076735/fileData.do; 2022-04-01,2022-04-01
526010,일품풍천장어,전북특별자치도 전주시 완산구 마전1길 10,전북특별자치도 전주시 완산구 효자동3가 1646-11,35.821571,127.1033438,063-282-8383,한식,일반음식점,"""일품풍천장어""를 전라북도 전주시의 가 볼 만한 식당으로 추천합니다! 레드테이블에서 온라인 예약이 가능합니다! 남녀 화장실이 구분되어 있는 매장입니다. 다국어 메뉴판, 무선 인터넷이 있는 매장입니다.",운영중,True,True,효자5동,official_coordinates,https://www.data.go.kr/data/15076735/fileData.do; 2022-04-01,2022-04-01
519155,1층커피,전북특별자치도 전주시 완산구 척동1길 28,전북특별자치도 전주시 완산구 효자동3가 1657-3,35.8214572,127.0968582,070-4063-9179,커피숍,휴게음식점,"어디 가야 할지 고민이시라고요? 그럼 전라북도 전주시 맛집, ""1층커피 카페""를 추천합니다! 반려동물 입장이 가능한 매장입니다. 다국어 메뉴판, 무선 인터넷이 있는 매장입니다.",운영중,True,True,효자5동,official_coordinates,https://www.data.go.kr/data/15076735/fileData.do; 2022-04-01,2022-04-01
519156,집된장무청시래기국고향마루,전북특별자치도 전주시 덕진구 시천로 82-3,전북특별자치도 전주시 덕진구 송천동1가 560,35.8666984,127.11518,063-252-5399,한식,,"전라북도 전주시에서 가 볼 만한 식당을 찾으신다면? ""집된장무청시래기국고향마루""를 추천합니다!",운영중,True,True,송천2동,official_coordinates,https://www.data.go.kr/data/15076735/fileData.do; 2022-04-01,2022-04-01
519358,에스비노,전북특별자치도 전주시 완산구 홍산로 253,전북특별자치도 전주시 완산구 효자동2가 1239-4,35.8163825,127.1054861,,기타,일반음식점,"전라북도 전주시에서 어디를 갈지 고민이라면! ""에스비노""에 가보시는 건 어떨까요? 레드테이블에서 온라인 예약이 가능합니다! 다국어 메뉴판이 있는 매장입니다.",운영중,True,True,효자5동,official_coordinates,https://www.data.go.kr/data/15076735/fileData.do; 2022-04-01,2022-04-01
519795,양평해장국&감자탕&곱창전골,전북특별자치도 전주시 덕진구 가리내10길 12-4,전북특별자치도 전주시 덕진구 덕진동2가 678-8,35.8425039,127.110629,063-255-1551,한식,일반음식점,"전라북도 전주시에서 식당을 찾으신다면? ""양평해장국(하가점)""을 방문해보세요! 레드테이블에서 온라인 예약이 가능합니다! 배달 가능한 매장입니다. 다국어 메뉴판이 있는 매장입니다.",운영중,True,True,덕진동,official_coordinates,https://www.data.go.kr/data/15076735/fileData.do; 2022-04-01,2022-04-01
865004,요거프레소 오송점,전북특별자치도 전주시 덕진구 오송로 17 ,전북특별자치도 전주시 덕진구 송천동1가 산143-34,35.8600602,127.1281487,063-273-0999,카페,,"전라북도 전주시에 가신다면 ""요거프레소 오송점""에 방문해보세요~",운영중,True,True,송천1동,official_coordinates,https://www.data.go.kr/data/15076735/fileData.do; 2022-04-01,2022-04-01
520413,돼지치마집 전주대점,전북특별자치도 전주시 완산구 후곡길 12-8 1-1,전북특별자치도 전주시 완산구 효자동2가 1312-3,35.8097853,127.0966477,063-222-7392,정종/대포집/소주방,일반음식점,"""돼지 치마집(효자점)""은 전라북도 전주시에 있습니다. 다국어 메뉴판이 있는 매장입니다.",운영중,True,True,효자4동,official_coordinates,https://www.data.go.kr/data/15076735/fileData.do; 2022-04-01,2022-04-01
520924,커피니 전북사대부고네거리점,전북특별자치도 전주시 덕진구 조경단로 92 1층,전북특별자치도 전주시 덕진구 금암동 1587-7 1층,35.8423386,127.1395088,063-277-3587,제과점영업,제과점영업,"""커피니(전북사대부고네거리점)""는 전라북도 전주시에 있습니다. 레드테이블에서 온라인 예약이 가능합니다! 남녀 화장실이 구분되어 있는 매장입니다. 배달 가능한 매장입니다. 주차공간, 다국어 메뉴판, 그리고 무선 인터넷이 있는 매장입니다.",운영중,True,True,금암2동,official_coordinates,https://www.data.go.kr/data/15076735/fileData.do; 2022-04-01,2022-04-01
526726,BBQ치킨 전주송천점,전북특별자치도 전주시 덕진구 오송1길 15,전북특별자치도 전주시 덕진구 송천동1가 107-143,35.8631737,127.1284733,063-251-0075,호프/통닭,일반음식점,"전라북도 전주시에서 어디를 갈지 고민이라면! ""비비큐치킨(전주송천점)""에 가보시는 건 어떨까요? 레드테이블에서 온라인 예약이 가능합니다! 배달 가능한 매장입니다. 다국어 메뉴판이 있는 매장입니다.",운영중,True,True,송천1동,official_coordinates,https://www.data.go.kr/data/15076735/fileData.do; 2022-04-01,2022-04-01
521309,휴본7광장,전북특별자치도 전주시 완산구 홍산남로 29-15 휴본빌딩 7층,전북특별자치도 전주시 완산구 효자동2가 1238-5,35.8160264,127.1042775,063-221-5585,한식,일반음식점,"전라북도 전주시에서 어디를 갈지 고민이라면! ""휴본7광장""에 가보시는 건 어떨까요? 레드테이블에서 온라인 예약이 가능합니다! 반려동물 입장이 가능한 매장입니다. 주차공간, 다국어 메뉴판이 있는 매장입니다.",운영중,True,True,효자5동,official_coordinates,https://www.data.go.kr/data/15076735/fileData.do; 2022-04-01,2022-04-01
521479,브레드 #,전북특별자치도 전주시 덕진구 경동로 34,전북특별자치도 전주시 덕진구 덕진동2가 675-8,35.8430292,127.1099436,063-274-0044,제과점영업,제과점영업,"전라북도 전주시에서 식당을 찾으신다면? ""브래드""를 방문해보세요! 레드테이블에서 온라인 예약이 가능합니다! 다국어 메뉴판이 있는 매장입니다.",운영중,True,True,덕진동,official_coordinates,https://www.data.go.kr/data/15076735/fileData.do; 2022-04-01,2022-04-01
522668,상상카페,전북특별자치도 전주시 완산구 전라감영3길 13-25,전북특별자치도 전주시 완산구 중앙동1가 57-2,35.8161288,127.1427896,,기타,일반음식점,"""상상카페""를 전라북도 전주시의 가 볼 만한 식당으로 추천합니다! 레드테이블에서 온라인 예약이 가능합니다! 반려동물 입장이 가능한 매장입니다. 다국어 메뉴판, 무선 인터넷이 있는 매장입니다.",운영중,True,True,중앙동,official_coordinates,https://www.data.go.kr/data/15076735/fileData.do; 2022-04-01,2022-04-01
523835,꼬꼬리그 삼천점,전북특별자치도 전주시 완산구 용리로 47-1,전북특별자치도 전주시 완산구 효자동1가 669-7,35.7988207,127.115131,063-236-9299,호프/통닭,일반음식점,"전라북도 전주시에 가신다면 ""꼬꼬리그(삼천점)""에 방문해보세요~ 레드테이블과 네이버에서 온라인 예약이 가능합니다! 배달 가능한 매장입니다. 다국어 메뉴판이 있는 매장입니다.",운영중,True,True,효자3동,official_coordinates,https://www.data.go.kr/data/15076735/fileData.do; 2022-04-01,2022-04-01
524474,인앤인하우스,전북특별자치도 전주시 완산구 서곡1길 23-8,전북특별자치도 전주시 완산구 효자동3가 1447-4,35.8353277,127.0983691,063-254-2911,기타 휴게음식점,휴게음식점,"전라북도 전주시에서 맛집을 찾으신다면 ""인앤인하우스""를 추천합니다. 레드테이블에서 온라인 예약이 가능합니다! 다국어 메뉴판이 있는 매장입니다.",운영중,True,True,효자5동,official_coordinates,https://www.data.go.kr/data/15076735/fileData.do; 2022-04-01,2022-04-01
525196,또바기나주곰탕,전북특별자치도 전주시 완산구 중산로 19,전북특별자치도 전주시 완산구 중화산동2가 618-7,35.8158283,127.1201759,063-286-2522,한식,일반음식점,"전라북도 전주시에서 식당을 찾으신다면? ""또바기나주곰탕""을 방문해보세요! 레드테이블에서 온라인 예약이 가능합니다! 다국어 메뉴판이 있는 매장입니다.",운영중,True,True,중화산2동,official_coordinates,https://www.data.go.kr/data/15076735/fileData.do; 2022-04-01,2022-04-01
525518,전가네수타,전북특별자치도 전주시 덕진구 견훤로 385,전북특별자치도 전주시 완산구 서신동 964-2,35.8454191,127.152862,063-241-9266,한식,일반음식점,"전라북도 전주시에서 맛집을 찾으신다면 ""전가네수타""를 추천합니다. 지방자치단체 인증을 받은 농림축산식품부 제공 안심식당입니다. 레드테이블에서 온라인 예약이 가능합니다! 남녀 화장실이 구분되어 있는 매장입니다. 배달 가능한 매장입니다. 다국어 메뉴판, 무선 인터넷이 있는 매장입니다.",운영중,True,True,인후2동,official_coordinates,https://www.data.go.kr/data/15076735/fileData.do; 2022-04-01,2022-04-01
865000,언니스포차&가맥,전북특별자치도 전주시 덕진구 붓내4길 8 언니스 포차&가맥,전북특별자치도 전주시 덕진구 송천동2가 481-1,35.8676224,127.1221265,050-7131-7486,포장마차,,"무엇을 먹을지 고민되신다고요? 전라북도 전주시에 계시다면 ""언니스포차&가맥""을 추천합니다!",운영중,True,True,송천1동,official_coordinates,https://www.data.go.kr/data/15076735/fileData.do; 2022-04-01,2022-04-01
521348,풍남문막걸리,전북특별자치도 전주시 완산구 풍남문2길 37-10 2층,전북특별자치도 전주시 완산구 전동 183,35.8133318,127.1480701,063-276-6999,한식,일반음식점,"전라북도 전주시에서 맛집을 찾으신다면 ""풍남문 막걸리""를 추천합니다. 남녀 화장실이 구분되어 있는 매장입니다. 다국어 메뉴판이 있는 매장입니다.",운영중,True,True,풍남동,official_coordinates,https://www.data.go.kr/data/15076735/fileData.do; 2022-04-01,2022-04-01
559819,설악칡냉면 전주본점,전북특별자치도 전주시 완산구 서곡1길 19-2,전북특별자치도 전주시 완산구 효자동3가 1448-2,35.8355568,127.099008,063-222-8836,한식,일반음식점,"어디 가야 할지 고민이시라고요? 그럼 전라북도 전주시 맛집, ""설악칡냉면(전주본점)""을 추천합니다! 레드테이블에서 온라인 예약이 가능합니다! 배달 가능한 매장입니다. 주차공간, 다국어 메뉴판이 있는 매장입니다.",운영중,True,True,효자5동,official_coordinates,https://www.data.go.kr/data/15076735/fileData.do; 2022-04-01,2022-04-01
560066,농가레스토랑행복정거장,전북특별자치도 전주시 완산구 우전1길 40-33 2층,전북특별자치도 전주시 완산구 효자동2가 163-1,35.8077379,127.1068121,063-903-5760,한식,일반음식점,"어디 가야 할지 고민이시라고요? 그럼 전라북도 전주시 맛집, ""농가레스토랑행복정거장""을 추천합니다! 네이버 온라인 예약이 가능합니다! 남녀 화장실이 구분되어 있는 매장입니다. 주차공간, 다국어 메뉴판, 그리고 무선 인터넷이 있는 매장입니다.",운영중,True,True,효자4동,official_coordinates,https://www.data.go.kr/data/15076735/fileData.do; 2022-04-01,2022-04-01
864990,도란도란,"전북특별자치도 전주시 덕진구 삼송1길 4-1(1,2층)",전북특별자치도 전주시 덕진구 금암동 667-30,35.8412403,127.1328521,050-7133-5758,카페,,"무엇을 먹을지 고민되신다고요? 전라북도 전주시에 계시다면 ""도란도란""을 추천합니다!",운영중,True,True,금암1동,official_coordinates,https://www.data.go.kr/data/15076735/fileData.do; 2022-04-01,2022-04-01
597127,곤지암할매소머리국밥,전북특별자치도 전주시 완산구 서원로 311,전북특별자치도 전주시 완산구 중화산동2가 29-5,35.811848,127.1283183,063-223-5488,한식,일반음식점,"""곤지암할매소머리국밥(전주중화산점)""은 전라북도 전주시에 있습니다. 레드테이블에서 온라인 예약이 가능합니다! 남녀 화장실이 구분되어 있는 매장입니다. 주차공간, 다국어 메뉴판이 있는 매장입니다.",운영중,True,True,중화산1동,official_coordinates,https://www.data.go.kr/data/15076735/fileData.do; 2022-04-01,2022-04-01
597958,어라운드 카페,전북특별자치도 전주시 덕진구 건지3길 8,전북특별자치도 전주시 덕진구 인후동2가 1530-1,35.8448289,127.1442707,050-7141-0827,커피숍,휴게음식점,"무엇을 먹을지 고민되신다고요? 전라북도 전주시에 계시다면 ""어라운드""를 추천합니다! 레드테이블에서 온라인 예약이 가능합니다! 주차공간, 다국어 메뉴판, 그리고 무선 인터넷이 있는 매장입니다.",운영중,True,True,인후2동,official_coordinates,https://www.data.go.kr/data/15076735/fileData.do; 2022-04-01,2022-04-01
598166,전주전집,전북특별자치도 전주시 완산구 동문길 36,전북특별자치도 전주시 완산구 풍남동2가 21-4 화전한문학원,35.8191274,127.1519346,063-287-6513,기타,일반음식점,"무엇을 먹을지 고민되신다고요? 전라북도 전주시에 계시다면 ""전주전집""을 추천합니다! 레드테이블에서 온라인 예약이 가능합니다! 배달 가능한 매장입니다. 다국어 메뉴판, 무선 인터넷이 있는 매장입니다.",운영중,True,True,풍남동,official_coordinates,https://www.data.go.kr/data/15076735/fileData.do; 2022-04-01,2022-04-01
598193,이삭토스트 전주중화산점,전북특별자치도 전주시 완산구 유연로 281,전북특별자치도 전주시 완산구 서신동 857,35.8255472,127.1163379,063-273-2134,기타 휴게음식점,휴게음식점,"전라북도 전주시에서 어디를 갈지 고민이라면! ""이삭토스트(전주중화산점)""에 가보시는 건 어떨까요? 레드테이블에서 온라인 예약이 가능합니다! 배달 가능한 매장입니다. 다국어 메뉴판이 있는 매장입니다.",운영중,True,True,서신동,official_coordinates,https://www.data.go.kr/data/15076735/fileData.do; 2022-04-01,2022-04-01
598612,장꼬방,전북특별자치도 전주시 완산구 용호로 195,전북특별자치도 전주시 완산구 평화동2가 338-10,35.8206407,127.0968397,063-909-3329,기타 휴게음식점,휴게음식점,"전라북도 전주시에서 식당을 찾으신다면? ""장꼬방""을 방문해보세요! 레드테이블에서 온라인 예약이 가능합니다! 주차공간, 다국어 메뉴판, 그리고 무선 인터넷이 있는 매장입니다.",운영중,True,True,효자5동,official_coordinates,https://www.data.go.kr/data/15076735/fileData.do; 2022-04-01,2022-04-01
599112,투썸플레이스 전주백제로점,전북특별자치도 전주시 덕진구 백제대로 736 새마을금고,전북특별자치도 전주시 덕진구 인후동2가 1558-2 새마을금고,35.845316,127.1495725,063-243-3739,커피숍,휴게음식점,"전라북도 전주시에서 식당을 찾으신다면? ""투썸플레이스(전주백제로점)""를 방문해보세요! 레드테이블에서 온라인 예약이 가능합니다! 배달 가능한 매장입니다. 다국어 메뉴판이 있는 매장입니다.",운영중,True,True,인후2동,official_coordinates,https://www.data.go.kr/data/15076735/fileData.do; 2022-04-01,2022-04-01
599884,한뚝배기,전북특별자치도 전주시 완산구 홍산1길 7,전북특별자치도 전주시 완산구 효자동2가 1157-4,35.8141875,127.108357,063-221-7238,한식,일반음식점,"전라북도 전주시에서 식당을 찾으신다면? ""한뚝배기""를 방문해보세요! 레드테이블에서 온라인 예약이 가능합니다! 반려동물 입장이 가능한 매장입니다. 배달 가능한 매장입니다. 다국어 메뉴판이 있는 매장입니다.",운영중,True,True,효자5동,official_coordinates,https://www.data.go.kr/data/15076735/fileData.do; 2022-04-01,2022-04-01
596843,길거리야본점,전북특별자치도 전주시 완산구 경기전길 124,전북특별자치도 전주시 완산구 교동 267-2,35.8139495,127.15109,063-286-5533,햄버거,,"어디 가야 할지 고민이시라고요? 그럼 전라북도 전주시 맛집, ""길거리야본점""을 추천합니다!",운영중,True,True,풍남동,official_coordinates,https://www.data.go.kr/data/15076735/fileData.do; 2022-04-01,2022-04-01
599931,요거프레소 송천솔내점,전북특별자치도 전주시 덕진구 두간로 60 1층,전북특별자치도 전주시 덕진구 송천동1가 811-4,35.8651082,127.1209034,063-261-3554,커피숍,휴게음식점,"전라북도 전주시에 가신다면 ""요거프레소(송천솔내점)""에 방문해보세요~ 레드테이블에서 온라인 예약이 가능합니다! 배달 가능한 매장입니다. 다국어 메뉴판이 있는 매장입니다.",운영중,True,True,송천2동,official_coordinates,https://www.data.go.kr/data/15076735/fileData.do; 2022-04-01,2022-04-01
600452,망향비빔국수 전주점,전북특별자치도 전주시 덕진구 혁신로 485,전북특별자치도 전주시 덕진구 장동 557-1,35.8561607,127.0663407,063-252-3575,한식,일반음식점,"전라북도 전주시에서 가 볼 만한 식당을 찾으신다면? ""망향비빔국수(전주점)""를 추천합니다! 다국어 메뉴판이 있는 매장입니다.",운영중,True,True,여의동,official_coordinates,https://www.data.go.kr/data/15076735/fileData.do; 2022-04-01,2022-04-01
600453,페리카나 호성점 ,전북특별자치도 전주시 덕진구 호성2길 9,전북특별자치도 전주시 덕진구 송천동2가 1336-1,35.8595585,127.1529352,063-245-9282,호프/통닭,일반음식점,"전라북도 전주시에서 가 볼 만한 식당을 찾으신다면? ""페리카나치킨(호성점)""을 추천합니다! 레드테이블에서 온라인 예약이 가능합니다! 배달 가능한 매장입니다. 다국어 메뉴판이 있는 매장입니다.",운영중,True,True,호성동,official_coordinates,https://www.data.go.kr/data/15076735/fileData.do; 2022-04-01,2022-04-01
600893,상상플러스닭강정혁신점,전북특별자치도 전주시 덕진구 안전로 199,전북특별자치도 전주시 덕진구 장동 1069-1,35.8418221,127.0577665,063-212-2936,일반조리판매,휴게음식점,"전라북도 전주시에 가신다면 ""상상플러스(혁신점)""에 방문해보세요~ 레드테이블에서 온라인 예약이 가능합니다! 반려동물 입장이 가능한 매장입니다. 배달 가능한 매장입니다. 다국어 메뉴판이 있는 매장입니다.",운영중,True,True,여의동,official_coordinates,https://www.data.go.kr/data/15076735/fileData.do; 2022-04-01,2022-04-01
601303,도도랑족발보쌈 효자점,전북특별자치도 전주시 완산구 우전1길 63,전북특별자치도 전주시 완산구 효자동2가 1330-2,35.8093718,127.1058674,063-284-0033,기타,일반음식점,"전라북도 전주시에서 가 볼 만한 식당을 찾으신다면? ""도도랑족발보쌈(효자점)""을 추천합니다! 레드테이블에서 온라인 예약이 가능합니다! 배달 가능한 매장입니다. 다국어 메뉴판, 무선 인터넷이 있는 매장입니다.",운영중,True,True,효자4동,official_coordinates,https://www.data.go.kr/data/15076735/fileData.do; 2022-04-01,2022-04-01
601596,홍익궁중전통육개장 전주송천점,전북특별자치도 전주시 덕진구 솔내로 152 1동 101호,전북특별자치도 전주시 덕진구 송천동1가 107-15,35.863705,127.1272098,063-277-0099,한식,일반음식점,"무엇을 먹을지 고민되신다고요? 전라북도 전주시에 계시다면 ""홍익궁중전통육개장(전주송천점)""을 추천합니다! 위생 수준이 우수하고 친절한 서비스로 지방자치단체의 선정을 받은 모범음식점입니다. 레드테이블에서 온라인 예약이 가능합니다! 배달 가능한 매장입니다. 다국어 메뉴판이 있는 매장입니다.",운영중,True,True,송천1동,official_coordinates,https://www.data.go.kr/data/15076735/fileData.do; 2022-04-01,2022-04-01
601633,열선수애호박돼지국밥 전주송천본점,전북특별자치도 전주시 덕진구 두간로 12,전북특별자치도 전주시 덕진구 송천동1가 831-4,35.8651889,127.1157486,063-271-3008,한식,일반음식점,"무엇을 먹을지 고민되신다고요? 전라북도 전주시에 계시다면 ""열선수애호박돼지국밥(전주송천본점)""을 추천합니다! 레드테이블에서 온라인 예약이 가능합니다! 배달 가능한 매장입니다. 다국어 메뉴판, 무선 인터넷이 있는 매장입니다.",운영중,True,True,송천2동,official_coordinates,https://www.data.go.kr/data/15076735/fileData.do; 2022-04-01,2022-04-01
602063,한방가마솥족발,전북특별자치도 전주시 덕진구 팽나무4길 7-5,전북특별자치도 전주시 덕진구 인후동1가 783-12,35.8361725,127.154932,063-244-1717,식육(숯불구이),일반음식점,"""한가족(인후점)""은 전라북도 전주시에 있습니다. 레드테이블에서 온라인 예약이 가능합니다! 배달 가능한 매장입니다. 다국어 메뉴판이 있는 매장입니다.",운영중,True,True,인후1동,official_coordinates,https://www.data.go.kr/data/15076735/fileData.do; 2022-04-01,2022-04-01
600394,달콤한하루,전북특별자치도 전주시 완산구 전주객사3길 40-1,전북특별자치도 전주시 완산구 고사동 395-17,35.8190849,127.1421954,063-245-4501,기타 휴게음식점,휴게음식점,"""달콤한하루""를 전라북도 전주시의 가 볼 만한 식당으로 추천합니다! 다국어 메뉴판이 있는 매장입니다.",운영중,True,True,중앙동,official_coordinates,https://www.data.go.kr/data/15076735/fileData.do; 2022-04-01,2022-04-01
602207,더리터 서신여울점,전북특별자치도 전주시 완산구 새터로 52-8,전북특별자치도 전주시 완산구 서신동 954-3 103호 더리터 서신여울점,35.8349461,127.1119745,063-251-7047,기타,일반음식점,"전라북도 전주시에서 가 볼 만한 식당을 찾으신다면? ""더리터(서신여울점)""를 추천합니다! 레드테이블에서 온라인 예약이 가능합니다! 배달 가능한 매장입니다. 다국어 메뉴판이 있는 매장입니다.",운영중,True,True,서신동,official_coordinates,https://www.data.go.kr/data/15076735/fileData.do; 2022-04-01,2022-04-01
596527,공간,전북특별자치도 전주시 완산구 마전들로 38,전북특별자치도 전주시 완산구 서신동 941-2,35.8208661,127.0998007,,기타 휴게음식점,휴게음식점,"전라북도 전주시에서 식당을 찾으신다면? ""공간""을 방문해보세요! 레드테이블에서 온라인 예약이 가능합니다! 다국어 메뉴판이 있는 매장입니다.",운영중,True,True,효자5동,official_coordinates,https://www.data.go.kr/data/15076735/fileData.do; 2022-04-01,2022-04-01
596234,커피니 전주터미널점,전북특별자치도 전주시 덕진구 가리내로 27,전북특별자치도 전주시 덕진구 금암동 459-13,35.8339625,127.1330025,050-7140-4223,기타,일반음식점,"전라북도 전주시에서 가 볼 만한 식당을 찾으신다면? ""커피니(전주터미널점)""를 추천합니다! 레드테이블에서 온라인 예약이 가능합니다! 배달 가능한 매장입니다. 다국어 메뉴판, 무선 인터넷이 있는 매장입니다.",운영중,True,True,금암1동,official_coordinates,https://www.data.go.kr/data/15076735/fileData.do; 2022-04-01,2022-04-01
590267,조하우스,전북특별자치도 전주시 완산구 삼천천변2길 23-6,전북특별자치도 전주시 완산구 삼천동1가 455-13,35.7968412,127.1130742,063-236-0523,기타,일반음식점,"전라북도 전주시에서 맛집을 찾으신다면 ""조하우스""를 추천합니다. 레드테이블에서 온라인 예약이 가능합니다! 배달 가능한 매장입니다. 다국어 메뉴판이 있는 매장입니다.",운영중,True,True,삼천3동,official_coordinates,https://www.data.go.kr/data/15076735/fileData.do; 2022-04-01,2022-04-01
590720,최가네 낙지마당,전북특별자치도 전주시 완산구 바우배기1길 13-14,전북특별자치도 전주시 완산구 효자동2가 1243-2,35.8151858,127.10375,063-213-4545,기타,일반음식점,"무엇을 먹을지 고민되신다고요? 전라북도 전주시에 계시다면 ""최가네낙지마당""을 추천합니다! 레드테이블에서 온라인 예약이 가능합니다! 남녀 화장실이 구분되어 있는 매장입니다. 배달 가능한 매장입니다. 다국어 메뉴판, 무선 인터넷이 있는 매장입니다.",운영중,True,True,효자5동,official_coordinates,https://www.data.go.kr/data/15076735/fileData.do; 2022-04-01,2022-04-01
590916,메가커피 전주효자점,전북특별자치도 전주시 완산구 용머리로 57,전북특별자치도 전주시 완산구 효자동1가 435-2 ,35.8069429,127.1163364,063-226-8671,커피숍,휴게음식점,"전라북도 전주시에 가신다면 ""메가커피(전주효자점)""에 방문해보세요~ 레드테이블에서 온라인 예약이 가능합니다! 다국어 메뉴판이 있는 매장입니다.",운영중,True,True,효자3동,official_coordinates,https://www.data.go.kr/data/15076735/fileData.do; 2022-04-01,2022-04-01
591353,외계인방앗간 전주도청점,전북특별자치도 전주시 완산구 홍산1길 7 158호,전북특별자치도 전주시 완산구 효자동2가 1157-4,35.8141875,127.108357,063-229-0445,제과점영업,제과점영업,"무엇을 먹을지 고민되신다고요? 전라북도 전주시에 계시다면 ""외계인방앗간(전주도청점)""을 추천합니다! 레드테이블에서 온라인 예약이 가능합니다! 배달 가능한 매장입니다. 다국어 메뉴판이 있는 매장입니다.",운영중,True,True,효자5동,official_coordinates,https://www.data.go.kr/data/15076735/fileData.do; 2022-04-01,2022-04-01
592054,홍스쭈꾸미 전북혁신점,전북특별자치도 전주시 덕진구 중동로 104-6,전북특별자치도 전주시 덕진구 장동 1093-5,35.8427563,127.0645018,063-212-9583,한식,일반음식점,"전라북도 전주시에 가신다면 ""홍스쭈꾸미(전북혁신점)""에 방문해보세요~ 레드테이블에서 온라인 예약이 가능합니다! 반려동물 입장이 가능하고, 남녀 화장실이 구분되어 있는 매장입니다. 주차공간, 다국어 메뉴판, 그리고 무선 인터넷이 있는 매장입니다.",운영중,True,True,여의동,official_coordinates,https://www.data.go.kr/data/15076735/fileData.do; 2022-04-01,2022-04-01
592072,퐁당퐁당수제비,전북특별자치도 전주시 덕진구 두간11길 3-10,전북특별자치도 전주시 덕진구 송천동1가 830-4,35.8646704,127.1152559,063-276-8630,일반조리판매,휴게음식점,"무엇을 먹을지 고민되신다고요? 전라북도 전주시에 계시다면 ""퐁당퐁당 수제비""를 추천합니다! 다국어 메뉴판이 있는 매장입니다.",운영중,True,True,송천2동,official_coordinates,https://www.data.go.kr/data/15076735/fileData.do; 2022-04-01,2022-04-01
592157,카페오월,전북특별자치도 전주시 덕진구 송천2길 24,전북특별자치도 전주시 덕진구 송천동1가 472-7,35.8596355,127.1185675,,커피숍,휴게음식점,"무엇을 먹을지 고민되신다고요? 전라북도 전주시에 계시다면 ""카페오월""을 추천합니다! 레드테이블에서 온라인 예약이 가능합니다! 반려동물 입장이 가능한 매장입니다. 주차공간, 다국어 메뉴판, 그리고 무선 인터넷이 있는 매장입니다.",운영중,True,True,송천2동,official_coordinates,https://www.data.go.kr/data/15076735/fileData.do; 2022-04-01,2022-04-01
864974,놀부보쌈 중화산점,전북특별자치도 전주시 완산구 백제대로 217,전북특별자치도 전주시 완산구 중화산동2가 533-8,35.812567,127.122752,063-227-4314,보쌈,,"""놀부보쌈 중화산점""을 전라북도 전주시의 가 볼 만한 식당으로 추천합니다!",운영중,True,True,중화산2동,official_coordinates,https://www.data.go.kr/data/15076735/fileData.do; 2022-04-01,2022-04-01
592574,지코바치킨 송천1호점,전북특별자치도 전주시 덕진구 오송1길 37-13,전북특별자치도 전주시 덕진구 송천동1가 97-6,35.8639102,127.1306685,063-277-8286,호프/통닭,일반음식점,"무엇을 먹을지 고민되신다고요? 전라북도 전주시에 계시다면 ""지코바치킨(송천1호점)""을 추천합니다! 배달 가능한 매장입니다. 주차공간, 다국어 메뉴판, 그리고 무선 인터넷이 있는 매장입니다.",운영중,True,True,송천1동,official_coordinates,https://www.data.go.kr/data/15076735/fileData.do; 2022-04-01,2022-04-01
592720,충민치킨 동서학점,전북특별자치도 전주시 완산구 장승배기로 393,전북특별자치도 전주시 완산구 동서학동 249-2,35.805861,127.1519371,063-286-9955,호프/통닭,일반음식점,"전라북도 전주시에 가신다면 ""충만치킨(동서학동점)""에 방문해보세요~ 레드테이블에서 온라인 예약이 가능합니다! 배달 가능한 매장입니다. 다국어 메뉴판이 있는 매장입니다.",운영중,True,True,동서학동,official_coordinates,https://www.data.go.kr/data/15076735/fileData.do; 2022-04-01,2022-04-01
592736,처갓집양념치킨 덕진하가점,전북특별자치도 전주시 덕진구 가리내5길 16,전북특별자치도 전주시 덕진구 덕진동2가 661-7,35.8461061,127.1099508,063-272-9262,호프/통닭,일반음식점,"전라북도 전주시에 가신다면 ""처갓집양념치킨(덕진하가점)""에 방문해보세요~ 배달 가능한 매장입니다. 다국어 메뉴판이 있는 매장입니다.",운영중,True,True,덕진동,official_coordinates,https://www.data.go.kr/data/15076735/fileData.do; 2022-04-01,2022-04-01
593020,K.Bean Coffee Roastery,전북특별자치도 전주시 덕진구 명륜1길 13-24 1층 케이빈,전북특별자치도 전주시 덕진구 덕진동1가 1314-195,35.8413394,127.1295956,,경양식,일반음식점,"어디 가야 할지 고민이시라고요? 그럼 전라북도 전주시 맛집, ""케이빈""을 추천합니다! 주차공간, 다국어 메뉴판, 그리고 무선 인터넷이 있는 매장입니다.",운영중,True,True,덕진동,official_coordinates,https://www.data.go.kr/data/15076735/fileData.do; 2022-04-01,2022-04-01
594103,옛촌막걸리 전북대점,전북특별자치도 전주시 덕진구 명륜3길 18-2 2층 옛촌막걸리 전북대점,전북특별자치도 전주시 덕진구 덕진동1가 1264-24,35.8425436,127.1280252,063-252-6655,정종/대포집/소주방,일반음식점,"전라북도 전주시에서 가 볼 만한 식당을 찾으신다면? ""옛촌막걸리(전북대점)""를 추천합니다! 레드테이블에서 온라인 예약이 가능합니다! 다국어 메뉴판이 있는 매장입니다.",운영중,True,True,덕진동,official_coordinates,https://www.data.go.kr/data/15076735/fileData.do; 2022-04-01,2022-04-01
595801,맘스터치 전주금암점,전북특별자치도 전주시 덕진구 백제대로 642,전북특별자치도 전주시 덕진구 금암동 1587-11,35.8424946,127.1397488,063-253-5689,기타,일반음식점,"전라북도 전주시에서 맛집을 찾으신다면 ""맘스터치(전주금암점)""를 추천합니다. 레드테이블에서 온라인 예약이 가능합니다! 남녀 화장실이 구분되어 있는 매장입니다. 배달 가능한 매장입니다. 다국어 메뉴판이 있는 매장입니다.",운영중,True,True,금암2동,official_coordinates,https://www.data.go.kr/data/15076735/fileData.do; 2022-04-01,2022-04-01
595818,김복남맥주,전북특별자치도 전주시 완산구 홍산남로 51,전북특별자치도 전주시 완산구 효자동3가 1534-3,35.8160146,127.1074916,063-227-8558,기타,일반음식점,"무엇을 먹을지 고민되신다고요? 전라북도 전주시에 계시다면 ""김복남맥주1995(전주도청신시가지점)""를 추천합니다! 레드테이블에서 온라인 예약이 가능합니다! 배달 가능한 매장입니다. 다국어 메뉴판이 있는 매장입니다.",운영중,True,True,효자5동,official_coordinates,https://www.data.go.kr/data/15076735/fileData.do; 2022-04-01,2022-04-01
595823,카페봄봄효자점,전북특별자치도 전주시 완산구 홍산중앙로 42,전북특별자치도 전주시 완산구 효자동3가 1536-1,35.8173184,127.1093266,063-227-7920,기타,일반음식점,"""카페봄봄(효자점)""을 전라북도 전주시의 가 볼 만한 식당으로 추천합니다! 레드테이블에서 온라인 예약이 가능합니다! 배달 가능한 매장입니다. 다국어 메뉴판이 있는 매장입니다.",운영중,True,True,효자5동,official_coordinates,https://www.data.go.kr/data/15076735/fileData.do; 2022-04-01,2022-04-01
592708,진짜장,전북특별자치도 전주시 덕진구 붓내3길 14,전북특별자치도 전주시 덕진구 송천동2가 247-4,35.8665272,127.1227033,,일식,일반음식점,"무엇을 먹을지 고민되신다고요? 전라북도 전주시에 계시다면 ""진짜장""을 추천합니다! 다국어 메뉴판이 있는 매장입니다.",운영중,True,True,송천1동,official_coordinates,https://www.data.go.kr/data/15076735/fileData.do; 2022-04-01,2022-04-01
590235,상수역283,전북특별자치도 전주시 완산구 전주객사4길 77,전북특별자치도 전주시 완산구 고사동 288-5,35.8210585,127.1429749,063-255-9944,한식,일반음식점,"전라북도 전주시에서 맛집을 찾으신다면 ""상수역283""을 추천합니다. 지방자치단체 인증을 받은 농림축산식품부 제공 안심식당입니다. 레드테이블에서 온라인 예약이 가능합니다! 남녀 화장실이 구분되어 있는 매장입니다. 다국어 메뉴판, 무선 인터넷이 있는 매장입니다.",운영중,True,True,중앙동,official_coordinates,https://www.data.go.kr/data/15076735/fileData.do; 2022-04-01,2022-04-01
602356,오중사소갈비살참숯불구이,전북특별자치도 전주시 덕진구 가리내9길 13,전북특별자치도 전주시 덕진구 덕진동2가 678-1,35.8427857,127.1103427,,식육(숯불구이),일반음식점,"전라북도 전주시에서 어디를 갈지 고민이라면! ""오중사소갈비살참숯불구이""에 가보시는 건 어떨까요? 다국어 메뉴판이 있는 매장입니다.",운영중,True,True,덕진동,official_coordinates,https://www.data.go.kr/data/15076735/fileData.do; 2022-04-01,2022-04-01
603590,1993수제디저트카페,전북특별자치도 전주시 완산구 배학4길 9-3 ,전북특별자치도 전주시 완산구 효자동3가 1672-5,35.8202462,127.0977869,063-222-9379,커피숍,휴게음식점,"무엇을 먹을지 고민되신다고요? 전라북도 전주시에 계시다면 ""1993수제디저트카페""를 추천합니다! 레드테이블과 네이버에서 온라인 예약이 가능합니다! 반려동물 입장이 가능한 매장입니다. 배달 가능한 매장입니다. 다국어 메뉴판이 있는 매장입니다.",운영중,True,True,효자5동,official_coordinates,https://www.data.go.kr/data/15076735/fileData.do; 2022-04-01,2022-04-01
614104,이삭토스트 서일점,전북특별자치도 전주시 완산구 서신로 103,전북특별자치도 전주시 완산구 서신동 963-6,35.8346195,127.1155992,063-277-5689,기타,일반음식점,"전라북도 전주시에서 어디를 갈지 고민이라면! ""이삭토스트(서일점)""에 가보시는 건 어떨까요? 레드테이블에서 온라인 예약이 가능합니다! 배달 가능한 매장입니다. 다국어 메뉴판이 있는 매장입니다.",운영중,True,True,서신동,official_coordinates,https://www.data.go.kr/data/15076735/fileData.do; 2022-04-01,2022-04-01
614250,튀김파는공방국수,전북특별자치도 전주시 덕진구 송천중앙로 105,전북특별자치도 전주시 덕진구 송천동1가 388-2,35.8564504,127.1201392,063-901-4718,일반조리판매,휴게음식점,"""튀김파는공방국수""는 전라북도 전주시에 있습니다. 레드테이블에서 온라인 예약이 가능합니다! 배달 가능한 매장입니다. 주차공간, 다국어 메뉴판이 있는 매장입니다.",운영중,True,True,송천2동,official_coordinates,https://www.data.go.kr/data/15076735/fileData.do; 2022-04-01,2022-04-01
614660,다가양조장,전북특별자치도 전주시 완산구 전주객사1길 5 세일건재한약방,전북특별자치도 전주시 완산구 다가동3가 68,35.8168938,127.1403927,063-231-5210,기타,일반음식점,"전라북도 전주시에서 가 볼 만한 식당을 찾으신다면? ""다가양조장""을 추천합니다! 레드테이블에서 온라인 예약이 가능합니다! 남녀 화장실이 구분되어 있는 매장입니다. 배달 가능한 매장입니다. 다국어 메뉴판, 무선 인터넷이 있는 매장입니다.",운영중,True,True,중앙동,official_coordinates,https://www.data.go.kr/data/15076735/fileData.do; 2022-04-01,2022-04-01
615030,바사삭,전북특별자치도 전주시 완산구 효동2길 18,전북특별자치도 전주시 완산구 효자동1가 201-2,35.8049493,127.1266096,063-221-7982,기타 휴게음식점,휴게음식점,"""바사삭""을 전라북도 전주시의 가 볼 만한 식당으로 추천합니다! 레드테이블에서 온라인 예약이 가능합니다! 다국어 메뉴판이 있는 매장입니다.",운영중,True,True,효자1동,official_coordinates,https://www.data.go.kr/data/15076735/fileData.do; 2022-04-01,2022-04-01
615138,소부당,전북특별자치도 전주시 완산구 전주객사1길 80-23,전북특별자치도 전주시 완산구 다가동4가 40-9,35.8201875,127.1390195,063-255-1575,기타,일반음식점,"전라북도 전주시에서 어디를 갈지 고민이라면! ""소부당(객리단길점)""에 가보시는 건 어떨까요? 레드테이블에서 온라인 예약이 가능합니다! 남녀 화장실이 구분되어 있는 매장입니다. 배달 가능한 매장입니다. 주차공간, 다국어 메뉴판, 그리고 무선 인터넷이 있는 매장입니다.",운영중,True,True,중앙동,official_coordinates,https://www.data.go.kr/data/15076735/fileData.do; 2022-04-01,2022-04-01
615535,이삭토스트 전주혁신양현점,전북특별자치도 전주시 덕진구 틀못2길 6 ,전북특별자치도 전주시 덕진구 장동 1075,35.8411952,127.059039,063-212-5364,일반조리판매,휴게음식점,"""이삭토스트(전주혁신양현점)""는 전라북도 전주시에 있습니다. 레드테이블에서 온라인 예약이 가능합니다! 배달 가능한 매장입니다. 다국어 메뉴판이 있는 매장입니다.",운영중,True,True,여의동,official_coordinates,https://www.data.go.kr/data/15076735/fileData.do; 2022-04-01,2022-04-01
615731,라임그린커피,전북특별자치도 전주시 덕진구 솔내9길 4,전북특별자치도 전주시 덕진구 송천동1가 101-30,35.8624924,127.1259842,063-271-2766,경양식,일반음식점,"전라북도 전주시에서 식당을 찾으신다면? ""라임그린커피""를 방문해보세요! 레드테이블에서 온라인 예약이 가능합니다! 반려동물 입장이 가능한 매장입니다. 다국어 메뉴판, 무선 인터넷이 있는 매장입니다.",운영중,True,True,송천1동,official_coordinates,https://www.data.go.kr/data/15076735/fileData.do; 2022-04-01,2022-04-01
613604,마래당,전북특별자치도 전주시 완산구 전주객사3길 46-12 ,전북특별자치도 전주시 완산구 고사동 398-4 ,35.819324,127.1426396,070-7543-5005,기타,일반음식점,"전라북도 전주시 근처로 갈 일정이 있으시다면, 맛집으로 소문난 ""마래당""을 꼭 방문해보세요. 2019년 10월 09일 SBS 생방송투데이 2429회에 방영되었답니다. 레드테이블에서 온라인 예약이 가능합니다! 남녀 화장실이 구분되어 있는 매장입니다. 배달 가능한 매장입니다. 다국어 메뉴판, 무선 인터넷이 있는 매장입니다.",운영중,True,True,중앙동,official_coordinates,https://www.data.go.kr/data/15076735/fileData.do; 2022-04-01,2022-04-01
616523,홍산삼겹살,전북특별자치도 전주시 완산구 홍산남로 29-25,전북특별자치도 전주시 완산구 효자동2가 1237-7,35.8163831,127.1049626,063-236-8899,한식,일반음식점,"어디 가야 할지 고민이시라고요? 그럼 전라북도 전주시 맛집, ""홍산삼겹살""을 추천합니다! 레드테이블에서 온라인 예약이 가능합니다! 남녀 화장실이 구분되어 있는 매장입니다. 배달 가능한 매장입니다. 주차공간, 다국어 메뉴판, 그리고 무선 인터넷이 있는 매장입니다.",운영중,True,True,효자5동,official_coordinates,https://www.data.go.kr/data/15076735/fileData.do; 2022-04-01,2022-04-01
864972,호식이두마리치킨 송천 2호점,전북특별자치도 전주시 덕진구 송천중앙로 246(1층 일부호 송천동2가)	,전북특별자치도 전주시 덕진구 송천동2가 459-1 전주빛내리교회,35.8686388,127.1216974,050-4054-4955,,,"전라북도 전주시에 가신다면 ""호식이두마리치킨 송천 2호점""에 방문해보세요~",운영중,True,True,송천1동,official_coordinates,https://www.data.go.kr/data/15076735/fileData.do; 2022-04-01,2022-04-01
617713,죽이야기 송천센트럴점,전북특별자치도 전주시 덕진구 송천로 26,전북특별자치도 전주시 덕진구 송천동1가 381-3,35.8556482,127.1192491,050-7964-1374,한식,일반음식점,"무엇을 먹을지 고민되신다고요? 전라북도 전주시에 계시다면 ""죽이야기(전주 송천센트럴점)""를 추천합니다! 지방자치단체 인증을 받은 농림축산식품부 제공 안심식당입니다. 레드테이블에서 온라인 예약이 가능합니다! 배달 가능한 매장입니다. 다국어 메뉴판이 있는 매장입니다.",운영중,True,True,송천2동,official_coordinates,https://www.data.go.kr/data/15076735/fileData.do; 2022-04-01,2022-04-01
617853,5.5닭갈비송천점,전북특별자치도 전주시 덕진구 송천중앙로 226,전북특별자치도 전주시 덕진구 송천동2가 486,35.8672228,127.1219601,063-255-1123,한식,일반음식점,"어디 가야 할지 고민이시라고요? 그럼 전라북도 전주시 맛집, ""5.5닭갈비(송천점)""를 추천합니다! 레드테이블에서 온라인 예약이 가능합니다! 다국어 메뉴판이 있는 매장입니다.",운영중,True,True,송천1동,official_coordinates,https://www.data.go.kr/data/15076735/fileData.do; 2022-04-01,2022-04-01
617970,슈슈레인,전북특별자치도 전주시 완산구 어진길 54,전북특별자치도 전주시 완산구 풍남동1가 58-10,35.8175361,127.1515823,,한식,일반음식점,"전라북도 전주시에서 식당을 찾으신다면? ""슈슈레인(전주점)""을 방문해보세요! 레드테이블에서 온라인 예약이 가능합니다! 다국어 메뉴판이 있는 매장입니다.",운영중,True,True,풍남동,official_coordinates,https://www.data.go.kr/data/15076735/fileData.do; 2022-04-01,2022-04-01
618219,더파인,전북특별자치도 전주시 덕진구 가리내10길 18-4 1층 THE  PINE COFFEE,전북특별자치도 전주시 덕진구 덕진동2가 677-8,35.8420977,127.1104188,050-7133-3655,커피숍,휴게음식점,"전라북도 전주시에서 맛집을 찾으신다면 ""더파인""을 추천합니다. 레드테이블에서 온라인 예약이 가능합니다! 다국어 메뉴판이 있는 매장입니다.",운영중,True,True,덕진동,official_coordinates,https://www.data.go.kr/data/15076735/fileData.do; 2022-04-01,2022-04-01
618469,오른케이크,전북특별자치도 전주시 완산구 전주객사1길 80-1,전북특별자치도 전주시 완산구 평화동1가 747-1,35.8198378,127.1385845,063-284-3999,기타 휴게음식점,휴게음식점,"전라북도 전주시에서 맛집을 찾으신다면 ""오른 케이크""를 추천합니다. 레드테이블에서 온라인 예약이 가능합니다! 남녀 화장실이 구분되어 있는 매장입니다. 다국어 메뉴판, 무선 인터넷이 있는 매장입니다.",운영중,True,True,중앙동,official_coordinates,https://www.data.go.kr/data/15076735/fileData.do; 2022-04-01,2022-04-01
618576,카페보듬,전북특별자치도 전주시 완산구 소태정4길 21,전북특별자치도 전주시 완산구 효자동2가 1323-9,35.805132,127.10263,063-225-5577,커피숍,휴게음식점,"전라북도 전주시에서 가 볼 만한 식당을 찾으신다면? ""카페보듬""을 추천합니다! 레드테이블에서 온라인 예약이 가능합니다! 남녀 화장실이 구분되어 있는 매장입니다. 주차공간, 다국어 메뉴판, 그리고 무선 인터넷이 있는 매장입니다.",운영중,True,True,효자4동,official_coordinates,https://www.data.go.kr/data/15076735/fileData.do; 2022-04-01,2022-04-01
617031,탐앤탐스커피전주송천점,전북특별자치도 전주시 덕진구 시천로 80,전북특별자치도 전주시 덕진구 송천동1가 800-1,35.8664653,127.1147125,063-272-5757,카페,,"""탐앤탐스커피전주송천점""을 전라북도 전주시의 가 볼 만한 식당으로 추천합니다!",운영중,True,True,송천2동,official_coordinates,https://www.data.go.kr/data/15076735/fileData.do; 2022-04-01,2022-04-01
603203,빈타이 호성점,전북특별자치도 전주시 덕진구 호성2길 7,전북특별자치도 전주시 완산구 경원동2가 7-9,35.8597046,127.1531203,063-243-4376,커피숍,휴게음식점,"전라북도 전주시에서 식당을 찾으신다면? ""카페빈타이(호성점)""를 방문해보세요! 레드테이블에서 온라인 예약이 가능합니다! 다국어 메뉴판이 있는 매장입니다.",운영중,True,True,호성동,official_coordinates,https://www.data.go.kr/data/15076735/fileData.do; 2022-04-01,2022-04-01
612055,황씨네대가추어탕,전북특별자치도 전주시 덕진구 송천로 47,전북특별자치도 전주시 덕진구 송천동1가 326-2,35.8574775,127.1180222,063-255-3773,한식,일반음식점,"전라북도 전주시에서 식당을 찾으신다면? ""황씨네대가추어탕""을 방문해보세요! 위생 수준이 우수하고 친절한 서비스로 지방자치단체의 선정을 받은 모범음식점입니다. 지방자치단체 인증을 받은 농림축산식품부 제공 안심식당입니다. 레드테이블에서 온라인 예약이 가능합니다! 배달 가능한 매장입니다. 다국어 메뉴판이 있는 매장입니다.",운영중,True,True,송천2동,official_coordinates,https://www.data.go.kr/data/15076735/fileData.do; 2022-04-01,2022-04-01
611702,본가추어탕송천점,전북특별자치도 전주시 덕진구 두간2길 3-10,전북특별자치도 전주시 덕진구 송천동1가 808-10,35.86612,127.120655,,추어탕,,"전라북도 전주시에서 가 볼 만한 식당을 찾으신다면? ""본가추어탕송천점""을 추천합니다!",운영중,True,True,송천2동,official_coordinates,https://www.data.go.kr/data/15076735/fileData.do; 2022-04-01,2022-04-01
603664,컬러인커피 송천점,전북특별자치도 전주시 덕진구 천마산로 53 MK타워 1층 컬러인커피 송천점,전북특별자치도 전주시 덕진구 송천동2가 186-7,35.8643681,127.1273068,063-255-1313,커피숍,휴게음식점,"전라북도 전주시에서 맛집을 찾으신다면 ""컬러인커피(송천점)""를 추천합니다. 레드테이블에서 온라인 예약이 가능합니다! 남녀 화장실이 구분되어 있는 매장입니다. 주차공간, 다국어 메뉴판이 있는 매장입니다.",운영중,True,True,송천1동,official_coordinates,https://www.data.go.kr/data/15076735/fileData.do; 2022-04-01,2022-04-01
604285,유니버스,전북특별자치도 전주시 완산구 현무1길 16,전북특별자치도 전주시 완산구 경원동3가 15-5,35.8201521,127.1480407,070-7767-0001,기타,일반음식점,"어디 가야 할지 고민이시라고요? 그럼 전라북도 전주시 맛집, ""유니버스""를 추천합니다! 레드테이블에서 온라인 예약이 가능합니다! 다국어 메뉴판이 있는 매장입니다.",운영중,True,True,풍남동,official_coordinates,https://www.data.go.kr/data/15076735/fileData.do; 2022-04-01,2022-04-01
605114,버거앤프라이즈 전주객사점,전북특별자치도 전주시 완산구 전주객사4길 76,전북특별자치도 전주시 완산구 고사동 242-6,35.8211289,127.1431909,063-277-8898,기타,일반음식점,"전라북도 전주시에서 가 볼 만한 식당을 찾으신다면? ""버거앤프라이즈(전주객사점)""를 추천합니다! 레드테이블에서 온라인 예약이 가능합니다! 배달 가능한 매장입니다. 키오스크, 다국어 메뉴판, 그리고 무선 인터넷이 있는 매장입니다.",운영중,True,True,중앙동,official_coordinates,https://www.data.go.kr/data/15076735/fileData.do; 2022-04-01,2022-04-01
605345,노니보쌈,전북특별자치도 전주시 덕진구 삼송5길 9-5,전북특별자치도 전주시 덕진구 금암동 1548-8 오렌지빌,35.8425249,127.1364276,050-7133-5002,한식,일반음식점,"어디 가야 할지 고민이시라고요? 그럼 전라북도 전주시 맛집, ""노니보쌈""을 추천합니다! 레드테이블에서 온라인 예약이 가능합니다! 배달 가능한 매장입니다. 다국어 메뉴판이 있는 매장입니다.",운영중,True,True,금암1동,official_coordinates,https://www.data.go.kr/data/15076735/fileData.do; 2022-04-01,2022-04-01
605394,혜원 찻집,전북특별자치도 전주시 완산구 봉곡로 8(1층 효자동2가)	,전북특별자치도 전주시 완산구 효자동2가 1305-4,35.8116797,127.0945617,063-225-2970,기타,일반음식점,"전라북도 전주시에서 어디를 갈지 고민이라면! ""혜원찻집""에 가보시는 건 어떨까요? 레드테이블에서 온라인 예약이 가능합니다! 배달 가능한 매장입니다. 다국어 메뉴판이 있는 매장입니다.",운영중,True,True,효자4동,official_coordinates,https://www.data.go.kr/data/15076735/fileData.do; 2022-04-01,2022-04-01
605950,효자동커피집,전북특별자치도 전주시 완산구 배학6길 10-4,전북특별자치도 전주시 완산구 효자동3가 1672-3,35.8205026,127.0977905,,기타 휴게음식점,휴게음식점,"""효자동커피집""을 전라북도 전주시의 가 볼 만한 식당으로 추천합니다! 레드테이블에서 온라인 예약이 가능합니다! 다국어 메뉴판이 있는 매장입니다.",운영중,True,True,효자5동,official_coordinates,https://www.data.go.kr/data/15076735/fileData.do; 2022-04-01,2022-04-01
606078,퍼하노이,전북특별자치도 전주시 완산구 홍산북로 69-6 3층,전북특별자치도 전주시 완산구 효자동3가 1530-1,35.8178645,127.1097571,063-221-9009,기타,일반음식점,"전라북도 전주시에서 맛집을 찾으신다면, ""베트남쌀국수퍼하노이""를 꼭 방문해보세요. 2017년 10월 25일 MBC 생방송오늘저녁 710회에 방영된 유명 매장이랍니다! 레드테이블에서 온라인 예약이 가능합니다! 남녀 화장실이 구분되어 있는 매장입니다. 배달 가능한 매장입니다. 주차공간, 다국어 메뉴판, 그리고 무선 인터넷이 있는 매장입니다.",운영중,True,True,효자5동,official_coordinates,https://www.data.go.kr/data/15076735/fileData.do; 2022-04-01,2022-04-01
611879,도토리,전북특별자치도 전주시 완산구 전라감영2길 29,전북특별자치도 전주시 완산구 다가동3가 107-1,35.8159519,127.141392,063-232-1217,기타 휴게음식점,휴게음식점,"전라북도 전주시에서 맛집을 찾으신다면 ""도토리""를 추천합니다. 레드테이블에서 온라인 예약이 가능합니다! 배달 가능한 매장입니다. 다국어 메뉴판이 있는 매장입니다.",운영중,True,True,중앙동,official_coordinates,https://www.data.go.kr/data/15076735/fileData.do; 2022-04-01,2022-04-01
606491,산토리니,전북특별자치도 전주시 완산구 구룡2길 29-1,전북특별자치도 전주시 완산구 효자동2가 1255-17,35.8133781,127.1051489,063-225-1288,기타 휴게음식점,휴게음식점,"""산토리니""는 전라북도 전주시에 있습니다. 레드테이블에서 온라인 예약이 가능합니다! 다국어 메뉴판이 있는 매장입니다.",운영중,True,True,효자4동,official_coordinates,https://www.data.go.kr/data/15076735/fileData.do; 2022-04-01,2022-04-01
608085,포나스키친,전북특별자치도 전주시 완산구 전라감영4길 20-4,전북특별자치도 전주시 완산구 중앙동3가 23-2,35.8172188,127.1448286,,한식,일반음식점,"""포나스키친""은 전라북도 전주시에 있습니다. 레드테이블에서 온라인 예약이 가능합니다! 남녀 화장실이 구분되어 있는 매장입니다. 배달 가능한 매장입니다. 주차공간, 다국어 메뉴판, 그리고 무선 인터넷이 있는 매장입니다.",운영중,True,True,중앙동,official_coordinates,https://www.data.go.kr/data/15076735/fileData.do; 2022-04-01,2022-04-01
608286,피자애 삼천점,전북특별자치도 전주시 완산구 용리로 20,전북특별자치도 전주시 완산구 삼천동1가 284-7,35.7983546,127.1120132,063-222-6855,기타 휴게음식점,휴게음식점,"전라북도 전주시에서 식당을 찾으신다면? ""피자애(삼천점)""를 방문해보세요! 레드테이블에서 온라인 예약이 가능합니다! 배달 가능한 매장입니다. 다국어 메뉴판이 있는 매장입니다.",운영중,True,True,삼천3동,official_coordinates,https://www.data.go.kr/data/15076735/fileData.do; 2022-04-01,2022-04-01
608691,커피숲515,전북특별자치도 전주시 완산구 홍산남로 11-24,전북특별자치도 전주시 덕진구 우아동2가 909-11,35.8163871,127.1032959,063-222-0515,기타 휴게음식점,휴게음식점,"""숲515""를 전라북도 전주시의 가 볼 만한 식당으로 추천합니다! 레드테이블에서 온라인 예약이 가능합니다! 남녀 화장실이 구분되어 있는 매장입니다. 다국어 메뉴판, 무선 인터넷이 있는 매장입니다.",운영중,True,True,효자5동,official_coordinates,https://www.data.go.kr/data/15076735/fileData.do; 2022-04-01,2022-04-01
609619,포스트레	,전북특별자치도 전주시 완산구 홍산남로 45-28(1층 효자동3가)	,전북특별자치도 전주시 완산구 효자동3가 1533-12,35.8164275,127.1069723,,기타,일반음식점,"전라북도 전주시에 가신다면 ""포스트레""에 방문해보세요~ 레드테이블에서 온라인 예약이 가능합니다! 반려동물 입장이 가능한 매장입니다. 배달 가능한 매장입니다. 다국어 메뉴판, 무선 인터넷이 있는 매장입니다.",운영중,True,True,효자5동,official_coordinates,https://www.data.go.kr/data/15076735/fileData.do; 2022-04-01,2022-04-01
609682,토프레소 송천점,전북특별자치도 전주시 덕진구 송천로 40,전북특별자치도 전주시 덕진구 송천동1가 405-4,35.8569281,127.1187616,063-277-0389,한식,일반음식점,"전라북도 전주시에서 맛집을 찾으신다면 ""토프레소(송천점)""를 추천합니다. 다국어 메뉴판이 있는 매장입니다.",운영중,True,True,송천2동,official_coordinates,https://www.data.go.kr/data/15076735/fileData.do; 2022-04-01,2022-04-01
610271,파이올로,전북특별자치도 전주시 완산구 홍산남로 75 2층,전북특별자치도 전주시 완산구 효자동3가 1539-3,35.8160125,127.1101947,063-225-7290,경양식,일반음식점,"전라북도 전주시에서 어디를 갈지 고민이라면! ""파이올로""에 가보시는 건 어떨까요? 레드테이블에서 온라인 예약이 가능합니다! 남녀 화장실이 구분되어 있는 매장입니다. 주차공간, 다국어 메뉴판, 그리고 무선 인터넷이 있는 매장입니다.",운영중,True,True,효자5동,official_coordinates,https://www.data.go.kr/data/15076735/fileData.do; 2022-04-01,2022-04-01
611102,국민수육국밥&막국수 전주대점,전북특별자치도 전주시 완산구 백마산길 32,전북특별자치도 전주시 완산구 효자동3가 1175-3,35.8171636,127.0897793,,기타,일반음식점,"전라북도 전주시에서 식당을 찾으신다면? ""국민수육국밥앤막국수(전주대점)""를 방문해보세요! 다국어 메뉴판이 있는 매장입니다.",운영중,True,True,효자4동,official_coordinates,https://www.data.go.kr/data/15076735/fileData.do; 2022-04-01,2022-04-01
606838,레코드 커피 & 핫도그,전북특별자치도 전주시 완산구 전주객사5길 13-2,전북특별자치도 전주시 완산구 고사동 79-4,35.8188985,127.1453015,063-282-2825,커피숍,휴게음식점,"전라북도 전주시에서 식당을 찾으신다면? ""레코드""를 방문해보세요! 레드테이블에서 온라인 예약이 가능합니다! 반려동물 입장이 가능한 매장입니다. 배달 가능한 매장입니다. 다국어 메뉴판이 있는 매장입니다.",운영중,True,True,중앙동,official_coordinates,https://www.data.go.kr/data/15076735/fileData.do; 2022-04-01,2022-04-01
590231,킹콩쥬스&커피 한옥마을점,전북특별자치도 전주시 완산구 팔달로 121-1,전북특별자치도 전주시 완산구 전동 187-10,35.8133652,127.1485864,063-285-4595,기타 휴게음식점,휴게음식점,"""킹콩쥬스&커피(한옥마을점)""는 전라북도 전주시에 있습니다. 레드테이블에서 온라인 예약이 가능합니다! 다국어 메뉴판이 있는 매장입니다.",운영중,True,True,풍남동,official_coordinates,https://www.data.go.kr/data/15076735/fileData.do; 2022-04-01,2022-04-01
589110,요거프레소 전주천변점,전북특별자치도 전주시 덕진구 가리내로 508,전북특별자치도 전주시 덕진구 송천동1가 324-5,35.85798,127.1170144,063-272-9980,커피숍,휴게음식점,"전라북도 전주시에서 어디를 갈지 고민이라면! ""요거프레소(전주천변점)""에 가보시는 건 어떨까요? 레드테이블에서 온라인 예약이 가능합니다! 남녀 화장실이 구분되어 있는 매장입니다. 배달 가능한 매장입니다. 다국어 메뉴판, 무선 인터넷이 있는 매장입니다.",운영중,True,True,송천2동,official_coordinates,https://www.data.go.kr/data/15076735/fileData.do; 2022-04-01,2022-04-01
588415,두리반,전북특별자치도 전주시 완산구 최명희길 25,전북특별자치도 전주시 완산구 풍남동3가 74-5 교동아트스튜디오,35.8158967,127.1517534,063-231-0505,한식,일반음식점,"전라북도 전주시에서 식당을 찾으신다면? ""두리반""을 방문해보세요! 지방자치단체 인증을 받은 농림축산식품부 제공 안심식당입니다. 레드테이블에서 온라인 예약이 가능합니다! 남녀 화장실이 구분되어 있는 매장입니다. 다국어 메뉴판, 무선 인터넷이 있는 매장입니다.",운영중,True,True,풍남동,official_coordinates,https://www.data.go.kr/data/15076735/fileData.do; 2022-04-01,2022-04-01
567300,마왕족발 전주덕진점,전북특별자치도 전주시 덕진구 가리내8길 1,전북특별자치도 전주시 덕진구 덕진동2가 674-5,35.8433863,127.1116314,063-277-0991,한식,일반음식점,"전라북도 전주시에서 어디를 갈지 고민이라면! ""마왕족발(전주덕진점)""에 가보시는 건 어떨까요? 레드테이블에서 온라인 예약이 가능합니다! 남녀 화장실이 구분되어 있는 매장입니다. 배달 가능한 매장입니다. 주차공간, 다국어 메뉴판, 그리고 무선 인터넷이 있는 매장입니다.",운영중,True,True,덕진동,official_coordinates,https://www.data.go.kr/data/15076735/fileData.do; 2022-04-01,2022-04-01
568326,엄마밥줘,전북특별자치도 전주시 덕진구 명륜2길 11-2,전북특별자치도 전주시 덕진구 덕진동1가 1264-19,35.8418619,127.1285641,063-251-5977,한식,일반음식점,"""엄마밥줘""를 전라북도 전주시의 가 볼 만한 식당으로 추천합니다! 레드테이블에서 온라인 예약이 가능합니다! 다국어 메뉴판이 있는 매장입니다.",운영중,True,True,덕진동,official_coordinates,https://www.data.go.kr/data/15076735/fileData.do; 2022-04-01,2022-04-01
568832,김밥천국,전북특별자치도 전주시 완산구 효자천변2길 14,전북특별자치도 전주시 완산구 효자동1가 652,35.8047237,127.1138613,063-226-0808,한식,일반음식점,"""김밥천국(효자점)""을 전라북도 전주시의 가 볼 만한 식당으로 추천합니다! 레드테이블에서 온라인 예약이 가능합니다! 배달 가능한 매장입니다. 다국어 메뉴판이 있는 매장입니다.",운영중,True,True,효자3동,official_coordinates,https://www.data.go.kr/data/15076735/fileData.do; 2022-04-01,2022-04-01
569457,홍산김밥,전북특별자치도 전주시 완산구 마전들로 36,전북특별자치도 전주시 완산구 효자동3가 1686-1,35.8208689,127.099514,063-225-7121,기타 휴게음식점,휴게음식점,"전라북도 전주시에서 맛집을 찾으신다면 ""홍산김밥""을 추천합니다. 레드테이블에서 온라인 예약이 가능합니다! 배달 가능한 매장입니다. 다국어 메뉴판, 무선 인터넷이 있는 매장입니다.",운영중,True,True,효자5동,official_coordinates,https://www.data.go.kr/data/15076735/fileData.do; 2022-04-01,2022-04-01
569862,원평시골피순대전북대점,전북특별자치도 전주시 덕진구 사평로 67,전북특별자치도 전주시 덕진구 덕진동1가 1402-20,35.8430973,127.122965,063-271-3319,한식,일반음식점,"어디 가야 할지 고민이시라고요? 그럼 전라북도 전주시 맛집, ""원평시골피순대(전북대점)""를 추천합니다! 다국어 메뉴판이 있는 매장입니다.",운영중,True,True,덕진동,official_coordinates,https://www.data.go.kr/data/15076735/fileData.do; 2022-04-01,2022-04-01
570491,고궁 수라간,전북특별자치도 전주시 완산구 은행로 31,전북특별자치도 전주시 완산구 풍남동3가 36-3,35.817222,127.1522759,063-285-3213,한식,일반음식점,"전라북도 전주시에서 가 볼 만한 식당을 찾으신다면? ""고궁수라간(한옥마을점)""을 추천합니다! 레드테이블에서 온라인 예약이 가능합니다! 다국어 메뉴판이 있는 매장입니다.",운영중,True,True,풍남동,official_coordinates,https://www.data.go.kr/data/15076735/fileData.do; 2022-04-01,2022-04-01
864984,섬진강,전북특별자치도 전주시 완산구 산월1길 5,전북특별자치도 전주시 완산구 중화산동2가 533-6,35.8125934,127.1223908,063-224-8621,한식,,"전라북도 전주시에 가신다면 ""섬진강""에 방문해보세요~",운영중,True,True,중화산2동,official_coordinates,https://www.data.go.kr/data/15076735/fileData.do; 2022-04-01,2022-04-01
567097,정명기김밥,전북특별자치도 전주시 완산구 봉곡로 11-1,전북특별자치도 전주시 완산구 효자동3가 1731-5,35.8119437,127.0951736,063-225-3625,일반조리판매,휴게음식점,"어디 가야 할지 고민이시라고요? 그럼 전라북도 전주시 맛집, ""정명기김밥""을 추천합니다! 레드테이블에서 온라인 예약이 가능합니다! 배달 가능한 매장입니다. 다국어 메뉴판이 있는 매장입니다.",운영중,True,True,효자4동,official_coordinates,https://www.data.go.kr/data/15076735/fileData.do; 2022-04-01,2022-04-01
570979,남천마루,전북특별자치도 전주시 완산구 전주천동로 66,전북특별자치도 전주시 완산구 교동 183-6,35.8112763,127.1534931,063-282-3330,분식,일반음식점,"전라북도 전주시에서 어디를 갈지 고민이라면! ""남천마루""에 가보시는 건 어떨까요? 레드테이블에서 온라인 예약이 가능합니다! 다국어 메뉴판이 있는 매장입니다.",운영중,True,True,풍남동,official_coordinates,https://www.data.go.kr/data/15076735/fileData.do; 2022-04-01,2022-04-01
864977,초코렛시티,전북특별자치도 전주시 완산구 산월2길 9-3,전북특별자치도 전주시 완산구 중화산동2가 646-15 이중본,35.8137017,127.1223611,063-236-3657,카페,,"""초코렛시티""를 전라북도 전주시의 가 볼 만한 식당으로 추천합니다!",운영중,True,True,중화산2동,official_coordinates,https://www.data.go.kr/data/15076735/fileData.do; 2022-04-01,2022-04-01
578291,화순집,전북특별자치도 전주시 완산구 기린대로 1-1,전북특별자치도 전주시 완산구 교동 2-8,35.811939,127.1598843,063-284-6630,한식,일반음식점,"2019년 10월 03일 KBS2 2TV생생정보 913회, 2016년 04월 19일 KBS1 6시내고향 6003회, 2012년 02월 23일 KBS2 생생정보통 412회 등 많은 방송에 등장한 바로 그 곳! 전라북도 전주시에 가시면 소문난 맛집 ""화순집""을 방문해보세요! 50년 이상의 전통을 자랑합니다. 레드테이블에서 온라인 예약이 가능합니다! 반려동물 입장이 가능한 매장입니다. 주차공간, 다국어 메뉴판이 있는 매장입니다.",운영중,True,True,풍남동,official_coordinates,https://www.data.go.kr/data/15076735/fileData.do; 2022-04-01,2022-04-01
578292,남양집,전북특별자치도 전주시 완산구 전주천동로 10 남양집,전북특별자치도 전주시 완산구 교동 3-18,35.8119139,127.1596766,063-284-1912,한식,일반음식점,"전라북도 전주시 근처로 갈 일정이 있으시다면, 맛집으로 소문난 ""남양집""을 꼭 방문해보세요. 2020년 01월 13일 KBS2 2TV생생정보 981회에 방영되었답니다. 레드테이블에서 온라인 예약이 가능합니다! 주차공간, 다국어 메뉴판이 있는 매장입니다.",운영중,True,True,풍남동,official_coordinates,https://www.data.go.kr/data/15076735/fileData.do; 2022-04-01,2022-04-01
578297,더 스토리,전북특별자치도 전주시 완산구 경기전길 87,전북특별자치도 전주시 완산구 풍남동3가 67-18,35.81562,127.1509488,063-282-9247,기타,일반음식점,"""더스토리""를 전라북도 전주시의 가 볼 만한 식당으로 추천합니다! 레드테이블에서 온라인 예약이 가능합니다! 다국어 메뉴판이 있는 매장입니다.",운영중,True,True,풍남동,official_coordinates,https://www.data.go.kr/data/15076735/fileData.do; 2022-04-01,2022-04-01
578327,다호,전북특별자치도 전주시 완산구 태조로 12-3,전북특별자치도 전주시 완산구 풍남동3가 59-1 다호,35.8152177,127.1531721,,한식,일반음식점,"전라북도 전주시에서 식당을 찾으신다면? ""다호""를 방문해보세요! 레드테이블에서 온라인 예약이 가능합니다! 다국어 메뉴판이 있는 매장입니다.",운영중,True,True,풍남동,official_coordinates,https://www.data.go.kr/data/15076735/fileData.do; 2022-04-01,2022-04-01
578553,마이산쌈밥 2호점,전북특별자치도 전주시 덕진구 송천로 110,전북특별자치도 전주시 덕진구 송천동1가 837-10,35.8630009,127.1161662,063-272-3882,일반조리판매,휴게음식점,"전라북도 전주시에 가신다면 ""마이산쌈밥(2호점)""에 방문해보세요~ 남녀 화장실이 구분되어 있는 매장입니다. 다국어 메뉴판, 무선 인터넷이 있는 매장입니다.",운영중,True,True,송천2동,official_coordinates,https://www.data.go.kr/data/15076735/fileData.do; 2022-04-01,2022-04-01
579276,버블스카이광장,전북특별자치도 전주시 완산구 홍산북로 83,전북특별자치도 전주시 완산구 효자동3가 1526-2,35.817938,127.111479,063-237-2350,한식,일반음식점,"""버블스카이광장""은 전라북도 전주시에 있습니다. 다국어 메뉴판이 있는 매장입니다.",운영중,True,True,효자5동,official_coordinates,https://www.data.go.kr/data/15076735/fileData.do; 2022-04-01,2022-04-01
864978,샘물맥주 송천점,전북특별자치도 전주시 덕진구 붓내3길 3,전북특별자치도 전주시 덕진구 송천동2가 484-2,35.8668154,127.1219778,050-7137-2618,,,"전라북도 전주시에서 식당을 찾으신다면? ""샘물맥주 송천점""을 방문해보세요!",운영중,True,True,송천1동,official_coordinates,https://www.data.go.kr/data/15076735/fileData.do; 2022-04-01,2022-04-01
579797,무진장순두부,전북특별자치도 전주시 덕진구 조경단로 92,전북특별자치도 전주시 덕진구 금암동 1587-7,35.8423386,127.1395088,063-255-3500,한식,일반음식점,"전라북도 전주시에서 어디를 갈지 고민이라면! ""무진장 순두부""에 가보시는 건 어떨까요? 위생 수준이 우수하고 친절한 서비스로 지방자치단체의 선정을 받은 모범음식점입니다. 지방자치단체 인증을 받은 농림축산식품부 제공 안심식당입니다. 레드테이블에서 온라인 예약이 가능합니다! 배달 가능한 매장입니다. 다국어 메뉴판이 있는 매장입니다.",운영중,True,True,금암2동,official_coordinates,https://www.data.go.kr/data/15076735/fileData.do; 2022-04-01,2022-04-01
566982,섬진강다슬기마을,전북특별자치도 전주시 완산구 석산2길 17-15,전북특별자치도 전주시 완산구 효자동3가 1697-2,35.82039,127.104341,050-7135-6151,국밥,,"전라북도 전주시에 가신다면 ""섬진강다슬기마을""에 방문해보세요~",운영중,True,True,효자5동,official_coordinates,https://www.data.go.kr/data/15076735/fileData.do; 2022-04-01,2022-04-01
566389,아프리카커피 전주효자점,전북특별자치도 전주시 완산구 문학대4길 28-3,전북특별자치도 전주시 완산구 효자동3가 1618-15,35.8264081,127.1050318,063-224-1542,다방,휴게음식점,"어디 가야 할지 고민이시라고요? 그럼 전라북도 전주시 맛집, ""아프리카커피(전주효자점)""를 추천합니다! 레드테이블에서 온라인 예약이 가능합니다! 주차공간, 다국어 메뉴판, 그리고 무선 인터넷이 있는 매장입니다.",운영중,True,True,효자5동,official_coordinates,https://www.data.go.kr/data/15076735/fileData.do; 2022-04-01,2022-04-01
560618,뚜레쥬르 전주고속터미널점,전북특별자치도 전주시 덕진구 가리내로 70,전북특별자치도 전주시 덕진구 금암동 767-2 전주고속버스터미널,35.8344949,127.1292818,063-277-1574,제과점영업,제과점영업,"전라북도 전주시에서 가 볼 만한 식당을 찾으신다면? ""뚜레쥬르(뚜전주고속터미널점)""를 추천합니다! 레드테이블에서 온라인 예약이 가능합니다! 다국어 메뉴판이 있는 매장입니다.",운영중,True,True,금암1동,official_coordinates,https://www.data.go.kr/data/15076735/fileData.do; 2022-04-01,2022-04-01
864989,짝태패밀리전주송천점,전북특별자치도 전주시 덕진구 붓내3길 8	,전북특별자치도 전주시 덕진구 송천동2가 247-5 섬세꼬시,35.8665046,127.1223096,063-277-7798,술집,,"전라북도 전주시에서 맛집을 찾으신다면 ""짝태패밀리전주송천점""을 추천합니다.",운영중,True,True,송천1동,official_coordinates,https://www.data.go.kr/data/15076735/fileData.do; 2022-04-01,2022-04-01
560768,양반가,전북특별자치도 전주시 완산구 최명희길 30-2,전북특별자치도 전주시 완산구 풍남동3가 79-2 양반가,35.8161627,127.1512185,063-282-0054,한식,일반음식점,"전라북도 전주시에서 맛집을 찾으신다면, ""양반가""를 꼭 방문해보세요. 2015년 11월 02일 KBS2 2TV저녁생생정보 14회에 방영된 유명 매장이랍니다! 지방자치단체 인증을 받은 농림축산식품부 제공 안심식당입니다. 레드테이블에서 온라인 예약이 가능합니다! 남녀 화장실이 구분되어 있는 매장입니다. 다국어 메뉴판, 무선 인터넷이 있는 매장입니다.",운영중,True,True,풍남동,official_coordinates,https://www.data.go.kr/data/15076735/fileData.do; 2022-04-01,2022-04-01
561447,마리아쥬,전북특별자치도 전주시 완산구 우전2길 45(3층 효자동2가)	,전북특별자치도 전주시 완산구 효자동2가 156-4,35.8082808,127.1069595,063-228-1163,한식,일반음식점,"""마리아쥬""는 전라북도 전주시에 있습니다. 레드테이블에서 온라인 예약이 가능합니다! 남녀 화장실이 구분되어 있는 매장입니다. 주차공간, 다국어 메뉴판이 있는 매장입니다.",운영중,True,True,효자4동,official_coordinates,https://www.data.go.kr/data/15076735/fileData.do; 2022-04-01,2022-04-01
561847,놀부부대찌개전주고속터미널점,"전북특별자치도 전주시 덕진구 가리내로 70(금암동, 고속터미널 2층일부)	",전북특별자치도 전주시 덕진구 금암동 767-2 전주고속버스터미널,35.8345597,127.1292062,063-271-7766,한식,일반음식점,"전라북도 전주시에서 맛집을 찾으신다면 ""놀부부대찌개(전주고속터미널부대점)""를 추천합니다. 레드테이블에서 온라인 예약이 가능합니다! 배달 가능한 매장입니다. 다국어 메뉴판이 있는 매장입니다.",운영중,True,True,금암1동,official_coordinates,https://www.data.go.kr/data/15076735/fileData.do; 2022-04-01,2022-04-01
562488,냉면예술,전북특별자치도 전주시 완산구 쑥고개로 351,전북특별자치도 전주시 완산구 효자동2가 1326-4,35.8034784,127.1034703,063-236-5292,한식,일반음식점,"전라북도 전주시에 가신다면 ""냉면예술""에 방문해보세요~ 레드테이블에서 온라인 예약이 가능합니다! 남녀 화장실이 구분되어 있는 매장입니다. 배달 가능한 매장입니다. 주차공간, 다국어 메뉴판이 있는 매장입니다.",운영중,True,True,효자4동,official_coordinates,https://www.data.go.kr/data/15076735/fileData.do; 2022-04-01,2022-04-01
563009,청담옥,전북특별자치도 전주시 덕진구 혁신로 479,전북특별자치도 전주시 덕진구 장동 600-4,35.85566,127.0661818,063-211-3933,한식,일반음식점,"무엇을 먹을지 고민되신다고요? 전라북도 전주시에 계시다면 ""청담옥""을 추천합니다! 남녀 화장실이 구분되어 있는 매장입니다. 주차공간, 다국어 메뉴판, 그리고 무선 인터넷이 있는 매장입니다.",운영중,True,True,여의동,official_coordinates,https://www.data.go.kr/data/15076735/fileData.do; 2022-04-01,2022-04-01
566750,서유기,전북특별자치도 전주시 완산구 우전로 204,전북특별자치도 전주시 완산구 효자동2가 1256-4,35.8127898,127.1019665,050-7987-5155,중식,,"어디 가야 할지 고민이시라고요? 그럼 전라북도 전주시 맛집, ""서유기""를 추천합니다!",운영중,True,True,효자4동,official_coordinates,https://www.data.go.kr/data/15076735/fileData.do; 2022-04-01,2022-04-01
563151,교동 떡갈비,전북특별자치도 전주시 완산구 은행로 52,전북특별자치도 전주시 완산구 풍남동3가 73-2,35.8153483,127.1522631,063-288-2232,한식,일반음식점,"무엇을 먹을지 고민되신다고요? 전라북도 전주시에 계시다면 ""교동떡갈비""를 추천합니다! 지방자치단체 인증을 받은 농림축산식품부 제공 안심식당입니다. 레드테이블에서 온라인 예약이 가능합니다! 남녀 화장실이 구분되어 있는 매장입니다. 다국어 메뉴판, 무선 인터넷이 있는 매장입니다.",운영중,True,True,풍남동,official_coordinates,https://www.data.go.kr/data/15076735/fileData.do; 2022-04-01,2022-04-01
564265,설가,전북특별자치도 전주시 완산구 홍산3길 13,전북특별자치도 전주시 완산구 효자동3가 1527-4,35.8183144,127.107524,063-228-3332,한식,일반음식점,"전라북도 전주시에서 식당을 찾으신다면? ""설가""를 방문해보세요! 레드테이블에서 온라인 예약이 가능합니다! 남녀 화장실이 구분되어 있는 매장입니다. 배달 가능한 매장입니다. 다국어 메뉴판이 있는 매장입니다.",운영중,True,True,효자5동,official_coordinates,https://www.data.go.kr/data/15076735/fileData.do; 2022-04-01,2022-04-01
564678,컬러인커피신시가지점,전북특별자치도 전주시 완산구 홍산1길 7,전북특별자치도 전주시 완산구 효자동2가 1157-4,35.8141875,127.108357,,커피숍,휴게음식점,"무엇을 먹을지 고민되신다고요? 전라북도 전주시에 계시다면 ""컬러인커피(신시가지점)""를 추천합니다! 다국어 메뉴판이 있는 매장입니다.",운영중,True,True,효자5동,official_coordinates,https://www.data.go.kr/data/15076735/fileData.do; 2022-04-01,2022-04-01
565610,수제왕돈까스,전북특별자치도 전주시 완산구 충경로 84,전북특별자치도 전주시 완산구 경원동1가 3-1,35.8187702,127.1481616,063-282-8855,경양식,일반음식점,"""수제왕돈까스(경원점)""를 전라북도 전주시의 가 볼 만한 식당으로 추천합니다! 레드테이블에서 온라인 예약이 가능합니다! 다국어 메뉴판이 있는 매장입니다.",운영중,True,True,풍남동,official_coordinates,https://www.data.go.kr/data/15076735/fileData.do; 2022-04-01,2022-04-01
565654,신대유성,전북특별자치도 전주시 완산구 은행로 82-10,전북특별자치도 전주시 덕진구 송천동2가 1330-4,35.8128248,127.1524661,063-271-2666,중국식,일반음식점,"무엇을 먹을지 고민되신다고요? 전라북도 전주시에 계시다면 ""신대유성""을 추천합니다! 레드테이블에서 온라인 예약이 가능합니다! 다국어 메뉴판이 있는 매장입니다.",운영중,True,True,풍남동,official_coordinates,https://www.data.go.kr/data/15076735/fileData.do; 2022-04-01,2022-04-01
566006,로또막걸리,전북특별자치도 전주시 완산구 거마산로 20,전북특별자치도 전주시 완산구 삼천동1가 623-9,35.797639,127.1233668,063-226-5008,한식,일반음식점,"무엇을 먹을지 고민되신다고요? 전라북도 전주시에 계시다면 ""로또막걸리""를 추천합니다! 레드테이블에서 온라인 예약이 가능합니다! 다국어 메뉴판이 있는 매장입니다.",운영중,True,True,삼천2동,official_coordinates,https://www.data.go.kr/data/15076735/fileData.do; 2022-04-01,2022-04-01
566134,서울양꼬치,전북특별자치도 전주시 완산구 후곡길 29,전북특별자치도 전주시 완산구 효자동2가 1307-3,35.811195,127.09514,063-221-8883,분식,일반음식점,"무엇을 먹을지 고민되신다고요? 전라북도 전주시에 계시다면 ""서울양꼬치""를 추천합니다! 레드테이블에서 온라인 예약이 가능합니다! 배달 가능한 매장입니다. 주차공간, 다국어 메뉴판, 그리고 무선 인터넷이 있는 매장입니다.",운영중,True,True,효자4동,official_coordinates,https://www.data.go.kr/data/15076735/fileData.do; 2022-04-01,2022-04-01
566160,힐링포차,전북특별자치도 전주시 완산구 삼천천변2길 43,전북특별자치도 전주시 완산구 삼천동1가 287-24,35.7974559,127.1145808,,정종/대포집/소주방,일반음식점,"전라북도 전주시에서 어디를 갈지 고민이라면! ""힐링포차""에 가보시는 건 어떨까요? 레드테이블에서 온라인 예약이 가능합니다! 다국어 메뉴판이 있는 매장입니다.",운영중,True,True,삼천3동,official_coordinates,https://www.data.go.kr/data/15076735/fileData.do; 2022-04-01,2022-04-01
564231,라떼이즈,전북특별자치도 전주시 완산구 문학대4길 32-1 트라움빌1층,전북특별자치도 전주시 완산구 효자동3가 1617-1,35.8265785,127.1055726,070-7693-0015,커피숍,휴게음식점,"전라북도 전주시에서 맛집을 찾으신다면 ""라떼이즈""를 추천합니다. 다국어 메뉴판이 있는 매장입니다.",운영중,True,True,효자5동,official_coordinates,https://www.data.go.kr/data/15076735/fileData.do; 2022-04-01,2022-04-01
579848,55닭갈비,전북특별자치도 전주시 완산구 모악로 4669,전북특별자치도 전주시 완산구 평화동2가 325-14,35.7865409,127.1294339,063-236-7773,한식,일반음식점,"어디 가야 할지 고민이시라고요? 그럼 전라북도 전주시 맛집, ""5.5닭갈비(평화점)""를 추천합니다! 레드테이블에서 온라인 예약이 가능합니다! 주차공간, 다국어 메뉴판, 그리고 무선 인터넷이 있는 매장입니다.",운영중,True,True,평화2동,official_coordinates,https://www.data.go.kr/data/15076735/fileData.do; 2022-04-01,2022-04-01
579908,풍년제과 효자롯대점,,전북특별자치도 전주시 완산구 효자동1가 415-33,35.8069659,127.113447,,베이커리,,"""풍년제과 효자롯대점""을 전라북도 전주시의 가 볼 만한 식당으로 추천합니다!",운영중,True,True,효자3동,official_coordinates,https://www.data.go.kr/data/15076735/fileData.do; 2022-04-01,2022-04-01
579946,세미,전북특별자치도 전주시 완산구 마전로 11,전북특별자치도 전주시 완산구 효자동3가 1645-5,35.8220683,127.1040259,063-221-9902,기타,일반음식점,"전라북도 전주시에서 가 볼 만한 식당을 찾으신다면? ""세미""를 추천합니다! 레드테이블에서 온라인 예약이 가능합니다! 배달 가능한 매장입니다. 다국어 메뉴판이 있는 매장입니다.",운영중,True,True,효자5동,official_coordinates,https://www.data.go.kr/data/15076735/fileData.do; 2022-04-01,2022-04-01
583067,베이크팡 서부신시가지점,,전북특별자치도 전주시 완산구 효자동2가 1171,35.8141875,127.108357,063-221-8906,커피숍,휴게음식점,"전라북도 전주시에서 식당을 찾으신다면? ""베이크팡(서부신시가지점)""을 방문해보세요! 레드테이블에서 온라인 예약이 가능합니다! 남녀 화장실이 구분되어 있는 매장입니다. 주차공간, 다국어 메뉴판, 그리고 무선 인터넷이 있는 매장입니다.",운영중,True,True,효자5동,official_coordinates,https://www.data.go.kr/data/15076735/fileData.do; 2022-04-01,2022-04-01
583412,장가계손짜장,전북특별자치도 전주시 완산구 우림로 1033,전북특별자치도 전주시 완산구 삼천동2가 458-5,35.7797175,127.1045957,063-223-1277,중국식,일반음식점,"어디 가야 할지 고민이시라고요? 그럼 전라북도 전주시 맛집, ""장가계손짜장""을 추천합니다! 위생 수준이 우수하고 친절한 서비스로 지방자치단체의 선정을 받은 모범음식점입니다. 레드테이블에서 온라인 예약이 가능합니다! 다국어 메뉴판이 있는 매장입니다.",운영중,True,True,삼천3동,official_coordinates,https://www.data.go.kr/data/15076735/fileData.do; 2022-04-01,2022-04-01
583863,천일베이커리,전북특별자치도 전주시 완산구 팔달로 140,전북특별자치도 전주시 완산구 전동 54-3,35.814986,127.1484142,063-287-3001,제과점영업,제과점영업,"전라북도 전주시에서 식당을 찾으신다면? ""천일베이커리""를 방문해보세요! 레드테이블에서 온라인 예약이 가능합니다! 다국어 메뉴판이 있는 매장입니다.",운영중,True,True,풍남동,official_coordinates,https://www.data.go.kr/data/15076735/fileData.do; 2022-04-01,2022-04-01
584571,60계 치킨 전주송천점,전북특별자치도 전주시 덕진구 오송1길 37-7 104호,전북특별자치도 전주시 덕진구 송천동1가 98-1,35.8634095,127.1307518,063-275-6092,정종/대포집/소주방,일반음식점,"전라북도 전주시에서 어디를 갈지 고민이라면! ""60계 치킨(전주송천점)""에 가보시는 건 어떨까요? 배달 가능한 매장입니다. 다국어 메뉴판이 있는 매장입니다.",운영중,True,True,송천1동,official_coordinates,https://www.data.go.kr/data/15076735/fileData.do; 2022-04-01,2022-04-01
585238,지코바치킨 효자1호점,전북특별자치도 전주시 완산구 홍산1길 21 1층,전북특별자치도 전주시 완산구 효자동2가 1157-1,35.8142136,127.1069741,063-223-9293,호프/통닭,일반음식점,"전라북도 전주시에서 맛집을 찾으신다면 ""지코바치킨(전주효자1호점)""을 추천합니다. 레드테이블에서 온라인 예약이 가능합니다! 남녀 화장실이 구분되어 있는 매장입니다. 배달 가능한 매장입니다. 주차공간, 다국어 메뉴판이 있는 매장입니다.",운영중,True,True,효자5동,official_coordinates,https://www.data.go.kr/data/15076735/fileData.do; 2022-04-01,2022-04-01
585261,야미,전북특별자치도 전주시 덕진구 권삼득로 333,전북특별자치도 전주시 덕진구 덕진동1가 664-6,35.8449363,127.1258928,063-277-6678,정종/대포집/소주방,일반음식점,"어디 가야 할지 고민이시라고요? 그럼 전라북도 전주시 맛집, ""야미""를 추천합니다! 레드테이블에서 온라인 예약이 가능합니다! 배달 가능한 매장입니다. 키오스크, 다국어 메뉴판이 있는 매장입니다.",운영중,True,True,덕진동,official_coordinates,https://www.data.go.kr/data/15076735/fileData.do; 2022-04-01,2022-04-01
585808,꿀닭 전주서곡점,전북특별자치도 전주시 완산구 서곡로 34,전북특별자치도 전주시 완산구 효자동3가 1483-1,35.8324001,127.0994077,063-276-0082,치킨,,"전라북도 전주시에서 가 볼 만한 식당을 찾으신다면? ""꿀닭 전주서곡점""을 추천합니다!",운영중,True,True,효자5동,official_coordinates,https://www.data.go.kr/data/15076735/fileData.do; 2022-04-01,2022-04-01
582698,새우락,전북특별자치도 전주시 덕진구 솔내로 131,전북특별자치도 전주시 덕진구 송천동1가 116,35.8615955,127.1263956,063-278-1155,분식,일반음식점,"전라북도 전주시에서 식당을 찾으신다면? ""새우락""을 방문해보세요! 레드테이블에서 온라인 예약이 가능합니다! 배달 가능한 매장입니다. 다국어 메뉴판이 있는 매장입니다.",운영중,True,True,송천1동,official_coordinates,https://www.data.go.kr/data/15076735/fileData.do; 2022-04-01,2022-04-01
585867,신덕일관,전북특별자치도 전주시 덕진구 권삼득로 321-1,전북특별자치도 전주시 덕진구 덕진동1가 664-38,35.8442059,127.1267043,063-272-1429,중국식,일반음식점,"무엇을 먹을지 고민되신다고요? 전라북도 전주시에 계시다면 ""신덕일관""을 추천합니다! 레드테이블에서 온라인 예약이 가능합니다! 다국어 메뉴판이 있는 매장입니다.",운영중,True,True,덕진동,official_coordinates,https://www.data.go.kr/data/15076735/fileData.do; 2022-04-01,2022-04-01
586240,스시요헤이,전북특별자치도 전주시 완산구 우전로 299,전북특별자치도 전주시 완산구 효자동3가 1667-6,35.8214098,127.1016506,063-221-9500,일식,일반음식점,"""스시요헤이""는 전라북도 전주시에 있습니다. 레드테이블에서 온라인 예약이 가능합니다! 다국어 메뉴판이 있는 매장입니다.",운영중,True,True,효자5동,official_coordinates,https://www.data.go.kr/data/15076735/fileData.do; 2022-04-01,2022-04-01
586399,이디야커피 전북대구정문점,전북특별자치도 전주시 덕진구 권삼득로 313,전북특별자치도 전주시 덕진구 금암동 664-39,35.843715,127.127741,063-251-5769,카페,,"전라북도 전주시에서 맛집을 찾으신다면 ""이디야커피 전북대구정문점""을 추천합니다.",운영중,True,True,덕진동,official_coordinates,https://www.data.go.kr/data/15076735/fileData.do; 2022-04-01,2022-04-01
586532,러블리케이크,전북특별자치도 전주시 덕진구 오송1길 37-13,전북특별자치도 전주시 덕진구 송천동1가 97-6,35.864039,127.1304654,,베이커리,,"전라북도 전주시에서 가 볼 만한 식당을 찾으신다면? ""러블리케이크""를 추천합니다!",운영중,True,True,송천1동,official_coordinates,https://www.data.go.kr/data/15076735/fileData.do; 2022-04-01,2022-04-01
864975,청학동 들깨요리전문점,전북특별자치도 전주시 완산구 백제대로 231,전북특별자치도 전주시 완산구 중화산동2가 646-2 흙뿌리 진안홍삼,35.8136639,127.1225795,063-226-9114,한식,,"무엇을 먹을지 고민되신다고요? 전라북도 전주시에 계시다면 ""청학동 들깨요리전문점""을 추천합니다!",운영중,True,True,중화산2동,official_coordinates,https://www.data.go.kr/data/15076735/fileData.do; 2022-04-01,2022-04-01
586998,이파네마소녀,전북특별자치도 전주시 완산구 용호로 128,전북특별자치도 전주시 완산구 효자동3가 1719-4,35.8146888,127.0972271,,커피숍,휴게음식점,"전라북도 전주시에서 맛집을 찾으신다면 ""이파네마소녀""를 추천합니다. 레드테이블에서 온라인 예약이 가능합니다! 배달 가능한 매장입니다. 주차공간, 다국어 메뉴판, 그리고 무선 인터넷이 있는 매장입니다.",운영중,True,True,효자5동,official_coordinates,https://www.data.go.kr/data/15076735/fileData.do; 2022-04-01,2022-04-01
587664,본죽&비빔밥 전주하가점,전북특별자치도 전주시 덕진구 가련산로 6 예담빌딩,전북특별자치도 전주시 덕진구 덕진동2가 695-4,35.840525,127.1102421,063-251-6233,죽,,"전라북도 전주시에서 맛집을 찾으신다면 ""본죽&비빔밥 전주하가점""을 추천합니다.",운영중,True,True,덕진동,official_coordinates,https://www.data.go.kr/data/15076735/fileData.do; 2022-04-01,2022-04-01
587782,마왕족발 전주효자점,전북특별자치도 전주시 완산구 홍산1길 7,전북특별자치도 전주시 완산구 효자동2가 1157-4,35.8141875,127.108357,063-247-9282,한식,일반음식점,"전라북도 전주시에 가신다면 ""마왕족발(주효자점)""에 방문해보세요~ 레드테이블에서 온라인 예약이 가능합니다! 배달 가능한 매장입니다. 다국어 메뉴판이 있는 매장입니다.",운영중,True,True,효자5동,official_coordinates,https://www.data.go.kr/data/15076735/fileData.do; 2022-04-01,2022-04-01
586213,MKCOFFEE,전북특별자치도 전주시 완산구 서원로 285-1,전북특별자치도 전주시 완산구 중화산동2가 117-1,35.8123494,127.1259532,063-227-7766,커피숍,휴게음식점,"""엠케이커피""는 전라북도 전주시에 있습니다. 레드테이블에서 온라인 예약이 가능합니다! 배달 가능한 매장입니다. 다국어 메뉴판이 있는 매장입니다.",운영중,True,True,중화산1동,official_coordinates,https://www.data.go.kr/data/15076735/fileData.do; 2022-04-01,2022-04-01
582416,블랙라운지,전북특별자치도 전주시 완산구 홍산1길 10 4층 블랙라운지,전북특별자치도 전주시 완산구 효자동2가 1156-8,35.8149082,127.1079786,,기타,일반음식점,"무엇을 먹을지 고민되신다고요? 전라북도 전주시에 계시다면 ""블랙라운지""를 추천합니다! 남녀 화장실이 구분되어 있는 매장입니다. 주차공간, 다국어 메뉴판, 그리고 무선 인터넷이 있는 매장입니다.",운영중,True,True,효자5동,official_coordinates,https://www.data.go.kr/data/15076735/fileData.do; 2022-04-01,2022-04-01
581827,충만치킨중화산점,전북특별자치도 전주시 완산구 서원로 296,전북특별자치도 전주시 완산구 중화산동2가 535-5,35.8115755,127.1266951,063-222-8232,호프/통닭,일반음식점,"어디 가야 할지 고민이시라고요? 그럼 전라북도 전주시 맛집, ""충만치킨(중화산점)""을 추천합니다! 레드테이블에서 온라인 예약이 가능합니다! 배달 가능한 매장입니다. 다국어 메뉴판이 있는 매장입니다.",운영중,True,True,중화산1동,official_coordinates,https://www.data.go.kr/data/15076735/fileData.do; 2022-04-01,2022-04-01
581302,신전떡볶이 서신점,전북특별자치도 전주시 완산구 유연로 290,전북특별자치도 전주시 완산구 중화산동2가 744-6 기쁜우리건물,35.8251159,127.1171733,063-224-1161,기타 휴게음식점,휴게음식점,"전라북도 전주시에서 맛집을 찾으신다면 ""신전떡볶이(서신점)""를 추천합니다. 레드테이블에서 온라인 예약이 가능합니다! 배달 가능한 매장입니다. 다국어 메뉴판, 무선 인터넷이 있는 매장입니다.",운영중,True,True,중화산2동,official_coordinates,https://www.data.go.kr/data/15076735/fileData.do; 2022-04-01,2022-04-01
580065,한벽집,전북특별자치도 전주시 완산구 전주천동로 4,전북특별자치도 전주시 완산구 교동 2-9,35.811946,127.1599758,063-284-2736,한식,일반음식점,"2019년 09월 27일 TV조선 식객허영만의백반기행 18회, 2016년 04월 27일 KBS2 2TV생생정보 77회, 2012년 01월 25일 MBC 공감특별한세상 341회 등 많은 방송에 등장한 바로 그 곳! 전라북도 전주시에 가시면 소문난 맛집 ""한벽집""을 방문해보세요! 50년 이상의 전통을 자랑합니다. 레드테이블에서 온라인 예약이 가능합니다! 반려동물 입장이 가능한 매장입니다. 다국어 메뉴판이 있는 매장입니다.",운영중,True,True,풍남동,official_coordinates,https://www.data.go.kr/data/15076735/fileData.do; 2022-04-01,2022-04-01
580069,풍년제과전동점,전북특별자치도 전주시 완산구 팔달로 136,전북특별자치도 전주시 완산구 전동 61-8,35.8146732,127.1484973,063-285-6668,전통찻집,휴게음식점,"전라북도 전주시에서 맛집을 찾으신다면 ""풍년제과(전동점)""를 추천합니다. 다국어 메뉴판이 있는 매장입니다.",운영중,True,True,풍남동,official_coordinates,https://www.data.go.kr/data/15076735/fileData.do; 2022-04-01,2022-04-01
580073,예담찻집,전북특별자치도 전주시 완산구 태조로 43 ,전북특별자치도 전주시 완산구 교동 277,35.8139945,127.1501764,063-287-8737,커피숍,휴게음식점,"전라북도 전주시에 가신다면 ""예담찻집""에 방문해보세요~ 레드테이블에서 온라인 예약이 가능합니다! 다국어 메뉴판이 있는 매장입니다.",운영중,True,True,풍남동,official_coordinates,https://www.data.go.kr/data/15076735/fileData.do; 2022-04-01,2022-04-01
580087,다우랑,전북특별자치도 전주시 완산구 태조로 33,전북특별자치도 전주시 완산구 교동 269-2,35.8142097,127.150992,063-285-5000,기타 휴게음식점,휴게음식점,"2021년 04월 30일 KBS2 2TV생생정보 1303회, 2021년 04월 02일 MBC 나혼자산다 390회, 2019년 04월 02일 SBS 생방송투데이 2299회, 2015년 02월 27일 KBS2 VJ특공대 752회, 2014년 07월 17일 MBC 그린실버고향이좋다 279회, 2014년 03월 28일 KBS2 생생정보통 840회 등 여러 방송에서 다룬 바로 그 곳! 전라북도 전주시 인기 맛집 ""다우랑""을 방문해보세요! 레드테이블에서 온라인 예약이 가능합니다! 다국어 메뉴판이 있는 매장입니다.",운영중,True,True,풍남동,official_coordinates,https://www.data.go.kr/data/15076735/fileData.do; 2022-04-01,2022-04-01
580088,수제전주초코파이 한옥마을본점,전북특별자치도 전주시 완산구 태조로 35,전북특별자치도 전주시 완산구 교동 271-5,35.8141277,127.1507905,063-288-2899,전통찻집,휴게음식점,"무엇을 먹을지 고민되신다고요? 전라북도 전주시에 계시다면 ""수제전주초코파이(한옥마을본점)""를 추천합니다! 남녀 화장실이 구분되어 있는 매장입니다. 다국어 메뉴판, 무선 인터넷이 있는 매장입니다.",운영중,True,True,풍남동,official_coordinates,https://www.data.go.kr/data/15076735/fileData.do; 2022-04-01,2022-04-01
580099,나들벌,전북특별자치도 전주시 완산구 최명희길 30-3,전북특별자치도 전주시 완산구 풍남동3가 79-1 나들벌,35.8159988,127.1512587,063-282-8191,한식,일반음식점,"""나들벌""은 전라북도 전주시에 있습니다. 레드테이블에서 온라인 예약이 가능합니다! 다국어 메뉴판이 있는 매장입니다.",운영중,True,True,풍남동,official_coordinates,https://www.data.go.kr/data/15076735/fileData.do; 2022-04-01,2022-04-01
580135,외할머니 솜씨,전북특별자치도 전주시 완산구 오목대길 81-8,전북특별자치도 전주시 완산구 교동 97-1,35.812681,127.1520258,063-232-5804,전통찻집,휴게음식점,"전라북도 전주시에 가신다면 ""외할머니솜씨""에 방문해보세요~ 레드테이블에서 온라인 예약이 가능합니다! 남녀 화장실이 구분되어 있으며, 베리어프리 매장입니다. 다국어 메뉴판, 무선 인터넷이 있는 매장입니다.",운영중,True,True,풍남동,official_coordinates,https://www.data.go.kr/data/15076735/fileData.do; 2022-04-01,2022-04-01
580137,문꼬치 은행로점,전북특별자치도 전주시 완산구 은행로 81,전북특별자치도 전주시 완산구 교동 125-1,35.812672,127.1530302,,한식,일반음식점,"전라북도 전주시에 가신다면 ""문꼬치(은행로점)""에 방문해보세요~ 다국어 메뉴판이 있는 매장입니다.",운영중,True,True,풍남동,official_coordinates,https://www.data.go.kr/data/15076735/fileData.do; 2022-04-01,2022-04-01
580139,소복 전주한옥마을점,전북특별자치도 전주시 완산구 은행로 72-1,전북특별자치도 전주시 완산구 교동 81-5,35.8135086,127.1526453,063-232-7691,,일반음식점,"전라북도 전주시에 가신다면 ""소복(전주한옥마을점)""에 방문해보세요~ 레드테이블과 네이버에서 온라인 예약이 가능합니다! 다국어 메뉴판, 무선 인터넷이 있는 매장입니다.",운영중,True,True,풍남동,official_coordinates,https://www.data.go.kr/data/15076735/fileData.do; 2022-04-01,2022-04-01
580153,빈스인가배몽,전북특별자치도 전주시 완산구 은행로 68-10,전북특별자치도 전주시 완산구 교동 80-11,35.8139314,127.1521285,063-231-9793,커피숍,휴게음식점,"전라북도 전주시에서 가 볼 만한 식당을 찾으신다면? ""빈스인가배몽""을 추천합니다! 레드테이블에서 온라인 예약이 가능합니다! 다국어 메뉴판이 있는 매장입니다.",운영중,True,True,풍남동,official_coordinates,https://www.data.go.kr/data/15076735/fileData.do; 2022-04-01,2022-04-01
580155,교동다원,전북특별자치도 전주시 완산구 은행로 65-5 교동다원,전북특별자치도 전주시 완산구 교동 64-7,35.814211,127.1529945,063-282-7133,전통찻집,휴게음식점,"전라북도 전주시에서 식당을 찾으신다면? ""교동다원""을 방문해보세요! 레드테이블에서 온라인 예약이 가능합니다! 남녀 화장실이 구분되어 있는 매장입니다. 다국어 메뉴판, 무선 인터넷이 있는 매장입니다.",운영중,True,True,풍남동,official_coordinates,https://www.data.go.kr/data/15076735/fileData.do; 2022-04-01,2022-04-01
580160,미애담,전북특별자치도 전주시 완산구 은행로 51-1,전북특별자치도 전주시 완산구 풍남동3가 56-3,35.815457,127.1525859,063-232-6061,,일반음식점,"전라북도 전주시에 방문하신다면, ""애담찹쌀떡""에 가보시는 것은 어떨까요? 2014년 07월 17일 MBC 그린실버고향이좋다 279회에 방영되었을 만큼 소문난 매장이랍니다! 레드테이블에서 온라인 예약이 가능합니다! 다국어 메뉴판이 있는 매장입니다.",운영중,True,True,풍남동,official_coordinates,https://www.data.go.kr/data/15076735/fileData.do; 2022-04-01,2022-04-01
580167,현대옥 한옥마을점,전북특별자치도 전주시 완산구 오목대길 66,전북특별자치도 전주시 완산구 교동 92-12,35.813105,127.1525932,063-285-8989,기타,일반음식점,"전라북도 전주시에서 맛집을 찾으신다면, ""현대옥(한옥마을점)""을 꼭 방문해보세요. 2015년 09월 26일 MBC 찾아라맛있는TV 688회에 방영된 유명 매장이랍니다! 레드테이블에서 온라인 예약이 가능합니다! 다국어 메뉴판이 있는 매장입니다.",운영중,True,True,풍남동,official_coordinates,https://www.data.go.kr/data/15076735/fileData.do; 2022-04-01,2022-04-01
580997,아그배,전북특별자치도 전주시 완산구 어진길 59,전북특별자치도 전주시 완산구 풍남동3가 84-4,35.8173229,127.1514342,063-285-2853,전통찻집,휴게음식점,"""아그배""는 전라북도 전주시에 있습니다. 레드테이블에서 온라인 예약이 가능합니다! 남녀 화장실이 구분되어 있는 매장입니다. 다국어 메뉴판, 무선 인터넷이 있는 매장입니다.",운영중,True,True,풍남동,official_coordinates,https://www.data.go.kr/data/15076735/fileData.do; 2022-04-01,2022-04-01
581006,신뱅이,전북특별자치도 전주시 완산구 경기전길 153-9,전북특별자치도 전주시 덕진구 금암동 711-11,35.8126119,127.1518364,063-282-3030,한식,일반음식점,"전라북도 전주시에 가신다면 ""신뱅이""에 방문해보세요~ 위생 수준이 우수하고 친절한 서비스로 지방자치단체의 선정을 받은 모범음식점입니다. 지방자치단체 인증을 받은 농림축산식품부 제공 안심식당입니다. 레드테이블에서 온라인 예약이 가능합니다! 반려동물 입장이 가능한 매장입니다. 다국어 메뉴판이 있는 매장입니다.",운영중,True,True,풍남동,official_coordinates,https://www.data.go.kr/data/15076735/fileData.do; 2022-04-01,2022-04-01
581008,한옥김밥,전북특별자치도 전주시 완산구 경기전길 127,전북특별자치도 전주시 완산구 교동 77-1,35.8137303,127.1513281,02-132-9732,일반조리판매,휴게음식점,"전라북도 전주시에 가신다면 ""한옥김밥""에 방문해보세요~ 레드테이블에서 온라인 예약이 가능합니다! 다국어 메뉴판이 있는 매장입니다.",운영중,True,True,풍남동,official_coordinates,https://www.data.go.kr/data/15076735/fileData.do; 2022-04-01,2022-04-01
581228,맘엔타르트본점,전북특별자치도 전주시 완산구 전동성당길 100,전북특별자치도 전주시 완산구 전동 63,35.8145437,127.1488088,063-224-9582,베이커리,,"전라북도 전주시에서 맛집을 찾으신다면 ""맘엔타르트본점""을 추천합니다.",운영중,True,True,풍남동,official_coordinates,https://www.data.go.kr/data/15076735/fileData.do; 2022-04-01,2022-04-01
718304,새참김밥,전북특별자치도 전주시 완산구 서곡로 76,전북특별자치도 전주시 완산구 효자동3가 1436-2,35.8354213,127.1016956,063-273-4005,분식,일반음식점,"전라북도 전주시에 가신다면 ""새참김밥""에 방문해보세요~ 레드테이블에서 온라인 예약이 가능합니다! 다국어 메뉴판이 있는 매장입니다.",운영중,True,True,효자5동,official_coordinates,https://www.data.go.kr/data/15076735/fileData.do; 2022-04-01,2022-04-01
511647,카페 블루,전북특별자치도 전주시 완산구 태진로 58-8,전북특별자치도 전주시 완산구 태평동 255-12,35.825964,127.1370946,063-277-5358,기타 휴게음식점,휴게음식점,"""카페 블루""는 전라북도 전주시에 있습니다. 레드테이블에서 온라인 예약이 가능합니다! 남녀 화장실이 구분되어 있는 매장입니다. 다국어 메뉴판, 무선 인터넷이 있는 매장입니다.",운영중,True,True,중앙동,official_coordinates,https://www.data.go.kr/data/15076735/fileData.do; 2022-04-01,2022-04-01
718315,데일리매일리,전북특별자치도 전주시 덕진구 천마산로 32 1층 DailyMaily,전북특별자치도 전주시 덕진구 송천동1가 107-44,35.8635106,127.125057,,커피숍,휴게음식점,"전라북도 전주시에서 어디를 갈지 고민이라면! ""데일리매일리""에 가보시는 건 어떨까요? 레드테이블에서 온라인 예약이 가능합니다! 남녀 화장실이 구분되어 있는 매장입니다. 주차공간, 다국어 메뉴판, 그리고 무선 인터넷이 있는 매장입니다.",운영중,True,True,송천1동,official_coordinates,https://www.data.go.kr/data/15076735/fileData.do; 2022-04-01,2022-04-01
719029,유쿄니,전북특별자치도 전주시 완산구 전주객사3길 57,전북특별자치도 전주시 완산구 고사동 344-3,35.8197061,127.1416248,063-285-0908,기타,일반음식점,"전라북도 전주시에서 가 볼 만한 식당을 찾으신다면? ""독립유쿄니(객사점)""를 추천합니다! 레드테이블에서 온라인 예약이 가능합니다! 배달 가능한 매장입니다. 다국어 메뉴판이 있는 매장입니다.",운영중,True,True,중앙동,official_coordinates,https://www.data.go.kr/data/15076735/fileData.do; 2022-04-01,2022-04-01
863359,오점오 닭갈비 전문점,전북특별자치도 전주시 완산구 유연로 265,전북특별자치도 전주시 완산구 중화산동2가 632,35.8255523,127.1145039,063-255-5554,닭갈비,,"전라북도 전주시에 가신다면 ""오점오 닭갈비 전문점""에 방문해보세요~",운영중,True,True,서신동,official_coordinates,https://www.data.go.kr/data/15076735/fileData.do; 2022-04-01,2022-04-01
863361,스시앤후라이,전북특별자치도 전주시 덕진구 정언신로 153(2층 우아동2가),전북특별자치도 전주시 덕진구 인후동1가 888-9,35.8310556,127.1704293,063-245-1104,,,"""스시앤후라이""는 전라북도 전주시에 있습니다.",운영중,True,True,우아2동,official_coordinates,https://www.data.go.kr/data/15076735/fileData.do; 2022-04-01,2022-04-01
864822,bbq치킨 아중점,전북특별자치도 전주시 덕진구 한배미로 16 엘림교회,전북특별자치도 전주시 덕진구 인후동1가 938-2 엘림교회,35.8248657,127.166655,050-4314-2176,,,"전라북도 전주시에서 가 볼 만한 식당을 찾으신다면? ""bbq치킨 아중점""을 추천합니다!",운영중,True,True,인후3동,official_coordinates,https://www.data.go.kr/data/15076735/fileData.do; 2022-04-01,2022-04-01
863363,서양주택 객사점,전북특별자치도 전주시 완산구 전주객사2길 40,전북특별자치도 전주시 덕진구 인후동1가 894-1,35.8186368,127.1405967,063-906-9993,카페,,"""서양주택 객사점""은 전라북도 전주시에 있습니다.",운영중,True,True,중앙동,official_coordinates,https://www.data.go.kr/data/15076735/fileData.do; 2022-04-01,2022-04-01
863364,충만치킨 본병원점,전북특별자치도 전주시 완산구 서신로 9,전북특별자치도 전주시 덕진구 인후동1가 919-2,35.826125,127.1155891,063-255-6688,,,"전라북도 전주시에 가신다면 ""충만치킨 본병원점""에 방문해보세요~",운영중,True,True,서신동,official_coordinates,https://www.data.go.kr/data/15076735/fileData.do; 2022-04-01,2022-04-01
863365,임실치즈피자(지정환)아중점,전북특별자치도 전주시 덕진구 동가재미2길 63,전북특별자치도 전주시 완산구 중화산동2가 615-10,35.8349895,127.1670986,063-244-4007,피자,,"전라북도 전주시에서 식당을 찾으신다면? ""임실치즈피자(지정환)아중점""를 방문해보세요!",운영중,True,True,인후3동,official_coordinates,https://www.data.go.kr/data/15076735/fileData.do; 2022-04-01,2022-04-01
864821,금관고속터미널점,"전북특별자치도 전주시 덕진구 가리내로 70(금암동, 전주고속버스터미널 1층)	",전북특별자치도 전주시 덕진구 금암동 767-2 전주고속버스터미널,35.8344949,127.1292818,063-278-4466,한식,,"전라북도 전주시에 가신다면 ""금관고속터미널점""에 방문해보세요~",운영중,True,True,금암1동,official_coordinates,https://www.data.go.kr/data/15076735/fileData.do; 2022-04-01,2022-04-01
863358,막내밥상,전북특별자치도 전주시 덕진구 벚꽃3길 11,전북특별자치도 전주시 완산구 중화산동2가 634-7,35.8285624,127.1336681,063-275-8142,한식,,"전라북도 전주시에서 어디를 갈지 고민이라면! ""막내밥상""에 가보시는 건 어떨까요?",운영중,True,True,진북동,official_coordinates,https://www.data.go.kr/data/15076735/fileData.do; 2022-04-01,2022-04-01
864817,지금여기카페샵,전북특별자치도 전주시 덕진구 한배미로 38,전북특별자치도 전주시 덕진구 인후동1가 952-5,35.8241471,127.1691303,,카페,,"어디 가야 할지 고민이시라고요? 그럼 전라북도 전주시 맛집, ""지금여기카페샵""을 추천합니다!",운영중,True,True,인후3동,official_coordinates,https://www.data.go.kr/data/15076735/fileData.do; 2022-04-01,2022-04-01
863370,바르다 김선생 서신점,전북특별자치도 전주시 완산구 서신로 6,전북특별자치도 전주시 덕진구 인후동1가 930-20,35.8258744,127.1159857,063-274-7139,분식,,"무엇을 먹을지 고민되신다고요? 전라북도 전주시에 계시다면 ""바르다 김선생 서신점""을 추천합니다!",운영중,True,True,서신동,official_coordinates,https://www.data.go.kr/data/15076735/fileData.do; 2022-04-01,2022-04-01
863371,어락,전북특별자치도 전주시 덕진구 건산로 272,전북특별자치도 전주시 덕진구 인후동1가 936-13,35.8352711,127.1667024,063-242-9492,,,"""어락""은 전라북도 전주시에 있습니다.",운영중,True,True,인후3동,official_coordinates,https://www.data.go.kr/data/15076735/fileData.do; 2022-04-01,2022-04-01
863372,다사랑치킨피자 아중점,전북특별자치도 전주시 덕진구 건산로 270,전북특별자치도 전주시 덕진구 송천동1가 835-1,35.8352453,127.1664832,063-247-2555,피자,,"""다사랑치킨피자 아중점""은 전라북도 전주시에 있습니다.",운영중,True,True,인후3동,official_coordinates,https://www.data.go.kr/data/15076735/fileData.do; 2022-04-01,2022-04-01
863373,김밥천국 서신중앙점,전북특별자치도 전주시 완산구 서신로 4,전북특별자치도 전주시 덕진구 송천동1가 801-10,35.825711,127.1160414,063-255-2177,김밥,,"전라북도 전주시에서 식당을 찾으신다면? ""김밥천국 서신중앙점""을 방문해보세요!",운영중,True,True,서신동,official_coordinates,https://www.data.go.kr/data/15076735/fileData.do; 2022-04-01,2022-04-01
863375,짜장일번지,전북특별자치도 전주시 완산구 전룡로 40,전북특별자치도 전주시 덕진구 송천동2가 529-7,35.8264273,127.1172967,063-251-8009,,,"전라북도 전주시에 가신다면 ""짜장일번지""에 방문해보세요~",운영중,True,True,서신동,official_coordinates,https://www.data.go.kr/data/15076735/fileData.do; 2022-04-01,2022-04-01
863380,그 유명한 전복궁,전북특별자치도 전주시 완산구 서신천변8길 11-5,전북특별자치도 전주시 덕진구 송천동2가 492-32,35.8289274,127.1153094,063-252-9995,전복요리,,"어디 가야 할지 고민이시라고요? 그럼 전라북도 전주시 맛집, ""그 유명한 전복궁""을 추천합니다!",운영중,True,True,서신동,official_coordinates,https://www.data.go.kr/data/15076735/fileData.do; 2022-04-01,2022-04-01
863381,김재철 전주참치,전북특별자치도 전주시 완산구 서신천변12길 12,전북특별자치도 전주시 덕진구 송천동1가 810-3,35.8300245,127.1153238,063-251-4680,생선회,,"어디 가야 할지 고민이시라고요? 그럼 전라북도 전주시 맛집, ""김재철 전주참치""를 추천합니다!",운영중,True,True,서신동,official_coordinates,https://www.data.go.kr/data/15076735/fileData.do; 2022-04-01,2022-04-01
863369,카페847,전북특별자치도 전주시 덕진구 건산로 274,전북특별자치도 전주시 완산구 중화산동2가 615-14,35.835369,127.1669327,050-7143-8090,카페,,"전라북도 전주시에서 가 볼 만한 식당을 찾으신다면? ""카페847""을 추천합니다!",운영중,True,True,인후3동,official_coordinates,https://www.data.go.kr/data/15076735/fileData.do; 2022-04-01,2022-04-01
864811,카페 파스쿠찌,전북특별자치도 전주시 완산구 효자로 290,전북특별자치도 전주시 완산구 중화산동2가 770-1,35.8188999,127.1171835,,카페,,"전라북도 전주시에 가신다면 ""카페 파스쿠찌""에 방문해보세요~",운영중,True,True,중화산2동,official_coordinates,https://www.data.go.kr/data/15076735/fileData.do; 2022-04-01,2022-04-01
863354,고기오,전북특별자치도 전주시 덕진구 아중로 208,전북특별자치도 전주시 완산구 효자동2가 1155-10,35.827852,127.1720448,063-241-5259,닭요리,,"전라북도 전주시에서 맛집을 찾으신다면 ""고기오""를 추천합니다.",운영중,True,True,우아2동,official_coordinates,https://www.data.go.kr/data/15076735/fileData.do; 2022-04-01,2022-04-01
863347,피자상회아중점,전북특별자치도 전주시 덕진구 석소로 12,전북특별자치도 전주시 완산구 효자동3가 1534-4,35.8286575,127.1698573,070-7543-8360,피자,,"전라북도 전주시에 가신다면 ""피자상회아중점""에 방문해보세요~",운영중,True,True,우아2동,official_coordinates,https://www.data.go.kr/data/15076735/fileData.do; 2022-04-01,2022-04-01
863262,전풍손칼국수,전북특별자치도 전주시 완산구 고사평4길 12-6,전북특별자치도 전주시 완산구 효자동3가 1169-10,35.8350579,127.1105572,063-285-5200,칼국수,,"""전풍손칼국수""는 전라북도 전주시에 있습니다.",운영중,True,True,서신동,official_coordinates,https://www.data.go.kr/data/15076735/fileData.do; 2022-04-01,2022-04-01
863275,커피홀릭,전북특별자치도 전주시 완산구 새터로 32,전북특별자치도 전주시 덕진구 송천동1가 382-1,35.835827,127.1100698,063-278-3766,카페,,"어디 가야 할지 고민이시라고요? 그럼 전라북도 전주시 맛집, ""커피홀릭""을 추천합니다!",운영중,True,True,서신동,official_coordinates,https://www.data.go.kr/data/15076735/fileData.do; 2022-04-01,2022-04-01
863278,60계치킨,전북특별자치도 전주시 완산구 새터로 39,전북특별자치도 전주시 덕진구 송천동1가 326-2,35.8358145,127.1109211,063-271-6082,,,"무엇을 먹을지 고민되신다고요? 전라북도 전주시에 계시다면 ""60계치킨""을 추천합니다!",운영중,True,True,서신동,official_coordinates,https://www.data.go.kr/data/15076735/fileData.do; 2022-04-01,2022-04-01
863280,민성민물장어,전북특별자치도 전주시 완산구 새터로 39-1,전북특별자치도 전주시 덕진구 송천동1가 417-11,35.8357864,127.1110609,063-251-0592,,,"""민성민물장어""를 전라북도 전주시의 가 볼 만한 식당으로 추천합니다!",운영중,True,True,서신동,official_coordinates,https://www.data.go.kr/data/15076735/fileData.do; 2022-04-01,2022-04-01
863281,한스커피,전북특별자치도 전주시 완산구 새터로 6,전북특별자치도 전주시 덕진구 송천동1가 473-6,35.8367018,127.1075875,,카페,,"전라북도 전주시에서 어디를 갈지 고민이라면! ""한스커피""에 가보시는 건 어떨까요?",운영중,True,True,서신동,official_coordinates,https://www.data.go.kr/data/15076735/fileData.do; 2022-04-01,2022-04-01
863282,족발타령,전북특별자치도 전주시 완산구 고사평4길 12-4,전북특별자치도 전주시 덕진구 송천동1가 880,35.8351886,127.1105513,063-253-1555,,,"어디 가야 할지 고민이시라고요? 그럼 전라북도 전주시 맛집, ""족발타령""을 추천합니다!",운영중,True,True,서신동,official_coordinates,https://www.data.go.kr/data/15076735/fileData.do; 2022-04-01,2022-04-01
863305,감탄떡볶이 평화점,"전북특별자치도 전주시 완산구 모악로 4688(평화동2가,상가 102호)",전북특별자치도 전주시 덕진구 인후동1가 755-12,35.787804,127.1307179,063-221-7828,떡볶이,,"전라북도 전주시에서 맛집을 찾으신다면 ""감탄떡볶이 평화점""을 추천합니다.",운영중,True,True,평화2동,official_coordinates,https://www.data.go.kr/data/15076735/fileData.do; 2022-04-01,2022-04-01
863352,전주갈비맛집이버시숯불돼지갈비무한리필,전북특별자치도 전주시 덕진구 아중로 204,전북특별자치도 전주시 완산구 효자동3가 1539-6,35.8277525,127.1716894,063-245-3492,,,"전라북도 전주시에 가신다면 ""전주갈비맛집이버시숯불돼지갈비무한리필""에 방문해보세요~",운영중,True,True,우아2동,official_coordinates,https://www.data.go.kr/data/15076735/fileData.do; 2022-04-01,2022-04-01
863308,깨순이김밥평화동코오롱점,전북특별자치도 전주시 완산구 평화14길 30-17(평화동1가),전북특별자치도 전주시 덕진구 인후동1가 838-7,35.7939158,127.1331864,063-229-5330,김밥,,"어디 가야 할지 고민이시라고요? 그럼 전라북도 전주시 맛집, ""깨순이김밥평화동코오롱점""을 추천합니다!",운영중,True,True,평화2동,official_coordinates,https://www.data.go.kr/data/15076735/fileData.do; 2022-04-01,2022-04-01
863310,웅이네순대,전북특별자치도 전주시 완산구 평화14길 30-11(평화동1가),전북특별자치도 전주시 덕진구 인후동1가 867-1,35.7934571,127.133142,063-237-3004,순대,,"무엇을 먹을지 고민되신다고요? 전라북도 전주시에 계시다면 ""웅이네순대""를 추천합니다!",운영중,True,True,평화2동,official_coordinates,https://www.data.go.kr/data/15076735/fileData.do; 2022-04-01,2022-04-01
863311,뽀빠이상추튀김,전북특별자치도 전주시 완산구 평화18길 23-8(평화동1가),전북특별자치도 전주시 완산구 중화산동2가 779-1,35.7943802,127.1336388,063-223-0042,분식,,"어디 가야 할지 고민이시라고요? 그럼 전라북도 전주시 맛집, ""뽀빠이상추튀김""을 추천합니다!",운영중,True,True,평화2동,official_coordinates,https://www.data.go.kr/data/15076735/fileData.do; 2022-04-01,2022-04-01
864828,마카롱부띠끄,전북특별자치도 전주시 완산구 중화산로 64,전북특별자치도 전주시 완산구 중화산동2가 616-14,35.8158414,127.1184388,063-221-9494,,,"전라북도 전주시에서 식당을 찾으신다면? ""마카롱부띠끄""를 방문해보세요!",운영중,True,True,중화산2동,official_coordinates,https://www.data.go.kr/data/15076735/fileData.do; 2022-04-01,2022-04-01
863335,이태리572,전북특별자치도 전주시 완산구 전주객사1길 46-9,전북특별자치도 전주시 완산구 다가동4가 89-5,35.8186412,127.1394986,063-286-9526,이탈리아음식,,"""이태리572""를 전라북도 전주시의 가 볼 만한 식당으로 추천합니다!",운영중,True,True,중앙동,official_coordinates,https://www.data.go.kr/data/15076735/fileData.do; 2022-04-01,2022-04-01
864825,후라이드참잘하는집,전북특별자치도 전주시 완산구 중화산로 68,전북특별자치도 전주시 완산구 중화산동2가 616,35.8162435,127.1184654,063-225-3633,,,"전라북도 전주시에서 맛집을 찾으신다면 ""후라이드참잘하는집""을 추천합니다.",운영중,True,True,중화산2동,official_coordinates,https://www.data.go.kr/data/15076735/fileData.do; 2022-04-01,2022-04-01
864823,바푸리숯불김밥 전주고속터미널점,"전북특별자치도 전주시 덕진구 가리내로 70(금암동, 고속터미널 1층일부)",전북특별자치도 전주시 덕진구 금암동 767-2 전주고속버스터미널,35.8344949,127.1292818,063-272-0769,김밥,,"전라북도 전주시에 가신다면 ""바푸리숯불김밥 전주고속터미널점""에 방문해보세요~",운영중,True,True,금암1동,official_coordinates,https://www.data.go.kr/data/15076735/fileData.do; 2022-04-01,2022-04-01
863343,걸작떡볶이 아중점,전북특별자치도 전주시 덕진구 석소로 18(우아동2가),전북특별자치도 전주시 완산구 중화산동2가 627-10,35.829017,127.1696935,063-242-2821,떡볶이,,"전라북도 전주시에서 식당을 찾으신다면? ""걸작떡볶이 아중점""을 방문해보세요!",운영중,True,True,우아2동,official_coordinates,https://www.data.go.kr/data/15076735/fileData.do; 2022-04-01,2022-04-01
863309,반가운갈비탕,전북특별자치도 전주시 완산구 평화14길 30-15(평화동 1가),전북특별자치도 전주시 덕진구 인후동1가 867-1,35.7937051,127.1331975,063-223-2005,,,"""반가운갈비탕""은 전라북도 전주시에 있습니다.",운영중,True,True,평화2동,official_coordinates,https://www.data.go.kr/data/15076735/fileData.do; 2022-04-01,2022-04-01
863256,가마솥소머리곰탕,전북특별자치도 전주시 완산구 서신천변12길 2,전북특별자치도 전주시 완산구 효자동3가 1527-11,35.8300009,127.1144843,063-277-0427,,,"""가마솥소머리곰탕""은 전라북도 전주시에 있습니다.",운영중,True,True,서신동,official_coordinates,https://www.data.go.kr/data/15076735/fileData.do; 2022-04-01,2022-04-01
863398,송송김밥,전북특별자치도 전주시 덕진구 호성1길 14 호성우신아파트 상가,전북특별자치도 전주시 덕진구 송천동2가 459-1,35.8561599,127.1548565,063-251-0482,김밥,,"전라북도 전주시에서 어디를 갈지 고민이라면! ""송송김밥""에 가보시는 건 어떨까요?",운영중,True,True,호성동,official_coordinates,https://www.data.go.kr/data/15076735/fileData.do; 2022-04-01,2022-04-01
863412,용중화요리,"전북특별자치도 전주시 완산구 평화18길 23-6(평화동1가,백영순씨근생건물)",전북특별자치도 전주시 덕진구 덕진동1가 1315-4,35.7944821,127.1336853,063-237-3335,,,"전라북도 전주시에서 가 볼 만한 식당을 찾으신다면? ""용중화요리""를 추천합니다!",운영중,True,True,평화2동,official_coordinates,https://www.data.go.kr/data/15076735/fileData.do; 2022-04-01,2022-04-01
863446,복돼지꿈	,전북특별자치도 전주시 완산구 평화16길 6(평화동1가)	,전북특별자치도 전주시 완산구 중화산동2가 550-1,35.7924302,127.1368229,063-227-9289,,,"""전라북도 전주시에서 맛집을 찾으신다면 """"복돼지꿈""""을 추천합니다.""",운영중,True,True,평화1동,official_coordinates,https://www.data.go.kr/data/15076735/fileData.do; 2022-04-01,2022-04-01
863447,우리집밥,전북특별자치도 전주시 완산구 평화16길 10(2층 평화동1가)	,전북특별자치도 전주시 완산구 중화산동2가 46-76,35.7924638,127.1373648,063-222-4300,한식,,"""우리집밥""을 전라북도 전주시의 가 볼 만한 식당으로 추천합니다!",운영중,True,True,평화1동,official_coordinates,https://www.data.go.kr/data/15076735/fileData.do; 2022-04-01,2022-04-01
863448,양푼나라왕갈비,전북특별자치도 전주시 완산구 평화로 196(평화동1가)	,전북특별자치도 전주시 완산구 효자동1가 147-1,35.794075,127.13664,063-229-7606,,,"어디 가야 할지 고민이시라고요? 그럼 전라북도 전주시 맛집, ""양푼나라왕갈비""를 추천합니다!",운영중,True,True,평화1동,official_coordinates,https://www.data.go.kr/data/15076735/fileData.do; 2022-04-01,2022-04-01
863449,본참치,전북특별자치도 전주시 완산구 평화로 206(평화동1가)	,전북특별자치도 전주시 완산구 효자동1가 193-7,35.7947861,127.1366045,063-226-5111,생선회,,"전라북도 전주시에 가신다면 ""본참치""에 방문해보세요~",운영중,True,True,평화1동,official_coordinates,https://www.data.go.kr/data/15076735/fileData.do; 2022-04-01,2022-04-01
863450,도심불고기,전북특별자치도 전주시 완산구 평화로 202(평화동1가)	,전북특별자치도 전주시 완산구 효자동1가 193-7,35.7945624,127.1366228,063-229-0092,한식,,"어디 가야 할지 고민이시라고요? 그럼 전라북도 전주시 맛집, ""도심불고기""를 추천합니다!",운영중,True,True,평화1동,official_coordinates,https://www.data.go.kr/data/15076735/fileData.do; 2022-04-01,2022-04-01
863451,쌈내음,전북특별자치도 전주시 완산구 평화로 200(평화동1가)	,전북특별자치도 전주시 덕진구 인후동1가 772-7,35.7944279,127.1366445,063-223-5321,쌈밥,,"전라북도 전주시에 가신다면 ""쌈내음""에 방문해보세요~",운영중,True,True,평화1동,official_coordinates,https://www.data.go.kr/data/15076735/fileData.do; 2022-04-01,2022-04-01
863453,오유민동태마을평화점,전북특별자치도 전주시 완산구 평화18길 3(2층 평화동1가)	,전북특별자치도 전주시 덕진구 인후동1가 772-2,35.7947901,127.1359383,063-232-6655,,,"전라북도 전주시에 가신다면 ""오유민동태마을평화점""에 방문해보세요~",운영중,True,True,평화2동,official_coordinates,https://www.data.go.kr/data/15076735/fileData.do; 2022-04-01,2022-04-01
863445,할매국수평화점,전북특별자치도 전주시 완산구 평화로 174(평화동1가)	,전북특별자치도 전주시 완산구 중화산동2가 44-6,35.792031,127.1365074,063-226-8087,국수,,"어디 가야 할지 고민이시라고요? 그럼 전라북도 전주시 맛집, ""할매국수평화점""을 추천합니다!",운영중,True,True,평화1동,official_coordinates,https://www.data.go.kr/data/15076735/fileData.do; 2022-04-01,2022-04-01
863454,곱창고전주평화점	,전북특별자치도 전주시 완산구 평화18길 7(1층 평화동1가)	,전북특별자치도 전주시 덕진구 인후동1가 765-21,35.7948047,127.1356684,063-228-8080,곱창,,"""전라북도 전주시에 가신다면 """"곱창고전주평화점""""에 방문해보세요~""",운영중,True,True,평화2동,official_coordinates,https://www.data.go.kr/data/15076735/fileData.do; 2022-04-01,2022-04-01
863456,해초냉면,전북특별자치도 전주시 완산구 평화18길 16(평화동1가),전북특별자치도 전주시 덕진구 인후동1가 756-20,35.7950314,127.1348961,063-228-0010,냉면,,"어디 가야 할지 고민이시라고요? 그럼 전라북도 전주시 맛집, ""해초냉면""을 추천합니다!",운영중,True,True,평화2동,official_coordinates,https://www.data.go.kr/data/15076735/fileData.do; 2022-04-01,2022-04-01
864794,다사랑치킨피자 인후점,전북특별자치도 전주시 덕진구 견훤로 328,전북특별자치도 전주시 덕진구 인후동1가 755-12,35.8407824,127.1554734,063-242-9233,피자,,"""다사랑치킨피자 인후점""은 전라북도 전주시에 있습니다.",운영중,True,True,인후1동,official_coordinates,https://www.data.go.kr/data/15076735/fileData.do; 2022-04-01,2022-04-01
863458,참진한우리한우우리돼지,전북특별자치도 전주시 완산구 평화18길 21-3(평화동1가),전북특별자치도 전주시 완산구 서신동 938-2,35.7945508,127.1344577,063-229-7533,,,"전라북도 전주시에서 맛집을 찾으신다면 ""참진한우리한우우리돼지""를 추천합니다.",운영중,True,True,평화2동,official_coordinates,https://www.data.go.kr/data/15076735/fileData.do; 2022-04-01,2022-04-01
863459,진수곱창평화점,전북특별자치도 전주시 완산구 평화18길 29(평화동1가)	,전북특별자치도 전주시 완산구 서신동 934-5,35.794803,127.1333166,063-224-1362,곱창,,"전라북도 전주시에서 어디를 갈지 고민이라면! ""진수곱창평화점""에 가보시는 건 어떨까요?",운영중,True,True,평화2동,official_coordinates,https://www.data.go.kr/data/15076735/fileData.do; 2022-04-01,2022-04-01
863490,꿀순이앤꿀돌이평화점,전북특별자치도 전주시 완산구 평화14길 34-12(평화동1가),전북특별자치도 전주시 완산구 중화산동2가 647-1,35.7935471,127.1329555,063-282-8892,,,"""꿀순이앤꿀돌이평화점""은 전라북도 전주시에 있습니다.",운영중,True,True,평화2동,official_coordinates,https://www.data.go.kr/data/15076735/fileData.do; 2022-04-01,2022-04-01
863491,더리터평화점,전북특별자치도 전주시 완산구 모악로 4746(태양빌딩 1층 평화동1가),전북특별자치도 전주시 완산구 중화산동2가 647,35.7929159,127.1323047,063-223-2206,카페,,"""더리터평화점""을 전라북도 전주시의 가 볼 만한 식당으로 추천합니다!",운영중,True,True,평화2동,official_coordinates,https://www.data.go.kr/data/15076735/fileData.do; 2022-04-01,2022-04-01
863512,전주깍두기,전북특별자치도 전주시 덕진구 떡전4길 21-1,전북특별자치도 전주시 완산구 서신동 831,35.8375153,127.1299362,063-242-9492,한식,,"전라북도 전주시에서 가 볼 만한 식당을 찾으신다면? ""전주깍두기""를 추천합니다!",운영중,True,True,금암1동,official_coordinates,https://www.data.go.kr/data/15076735/fileData.do; 2022-04-01,2022-04-01
863455,장동장어,전북특별자치도 전주시 완산구 평화18길 14(평화동1가)	,전북특별자치도 전주시 완산구 서신동 946-8,35.7950571,127.1352385,063-225-2969,,,"""장동장어""는 전라북도 전주시에 있습니다.",운영중,True,True,평화2동,official_coordinates,https://www.data.go.kr/data/15076735/fileData.do; 2022-04-01,2022-04-01
863403,얌스 신시가지점,전북특별자치도 전주시 완산구 문학대4길 28-4,전북특별자치도 전주시 덕진구 송천동2가 484-2,35.8266183,127.1047024,063-237-3009,분식,,"어디 가야 할지 고민이시라고요? 그럼 전라북도 전주시 맛집, ""얌스 신시가지점""을 추천합니다!",운영중,True,True,효자5동,official_coordinates,https://www.data.go.kr/data/15076735/fileData.do; 2022-04-01,2022-04-01
864799,놀부주막,전북특별자치도 전주시 덕진구 정언신로 74,전북특별자치도 전주시 덕진구 인후동1가 867-1,35.8304077,127.1620047,063-244-6124,술집,,"전라북도 전주시에 가신다면 ""놀부주막""에 방문해보세요~",운영중,True,True,인후3동,official_coordinates,https://www.data.go.kr/data/15076735/fileData.do; 2022-04-01,2022-04-01
863442,무한리필김대호본점,전북특별자치도 전주시 완산구 평화로 186(평화동1가),전북특별자치도 전주시 완산구 중화산동2가 535-3,35.7932263,127.1366478,063-223-0230,음식점,,"전라북도 전주시에서 식당을 찾으신다면? ""무한리필김대호본점""을 방문해보세요!",운영중,True,True,평화1동,official_coordinates,https://www.data.go.kr/data/15076735/fileData.do; 2022-04-01,2022-04-01
863414,카페벚꽃3길,전북특별자치도 전주시 덕진구 벚꽃3길 12,전북특별자치도 전주시 덕진구 송천동2가 523-1,35.8286929,127.1340124,,카페,,"전라북도 전주시에서 어디를 갈지 고민이라면! ""카페벚꽃3길""에 가보시는 건 어떨까요?",운영중,True,True,진북동,official_coordinates,https://www.data.go.kr/data/15076735/fileData.do; 2022-04-01,2022-04-01
863416,남도맛집,전북특별자치도 전주시 완산구 평화14길 34-16(1층 평화동1가),전북특별자치도 전주시 덕진구 송천동2가 247-4,35.7937711,127.1330103,063-221-1199,한식,,"전라북도 전주시에서 가 볼 만한 식당을 찾으신다면? ""남도맛집""을 추천합니다!",운영중,True,True,평화2동,official_coordinates,https://www.data.go.kr/data/15076735/fileData.do; 2022-04-01,2022-04-01
863422,사계진미숯불닭갈비 평화점,전북특별자치도 전주시 완산구 평화로 140(1층 평화동2가),전북특별자치도 전주시 덕진구 송천동1가 107-197,35.7891775,127.135611,063-225-8007,닭갈비,,"전라북도 전주시에 가신다면 ""사계진미숯불닭갈비 평화점""에 방문해보세요~",운영중,True,True,평화2동,official_coordinates,https://www.data.go.kr/data/15076735/fileData.do; 2022-04-01,2022-04-01
863423,아브니르,전북특별자치도 전주시 완산구 평화로 156(1층 평화동2가),전북특별자치도 전주시 덕진구 송천동2가 484-10,35.7903372,127.135949,,카페,,"전라북도 전주시에서 맛집을 찾으신다면 ""아브니르""를 추천합니다.",운영중,True,True,평화2동,official_coordinates,https://www.data.go.kr/data/15076735/fileData.do; 2022-04-01,2022-04-01
863424,커피니 전주평화점,전북특별자치도 전주시 완산구 평화로 158(1층 평화동2가),전북특별자치도 전주시 덕진구 덕진동1가 1315-51,35.7906204,127.1360425,063-223-9494,카페,,"무엇을 먹을지 고민되신다고요? 전라북도 전주시에 계시다면 ""커피니 전주평화점""을 추천합니다!",운영중,True,True,평화2동,official_coordinates,https://www.data.go.kr/data/15076735/fileData.do; 2022-04-01,2022-04-01
863425,피자베이 전주 1호점,전북특별자치도 전주시 덕진구 송천로 30,전북특별자치도 전주시 덕진구 송천동1가 382-1 벽란도,35.8560784,127.1192057,063-272-3222,경양식,일반음식점,"무엇을 먹을지 고민되신다고요? 전라북도 전주시에 계시다면 ""피자베이(전주1호점)""를 추천합니다! 레드테이블에서 온라인 예약이 가능합니다! 배달 가능한 매장입니다. 다국어 메뉴판이 있는 매장입니다.",운영중,True,True,송천2동,official_coordinates,https://www.data.go.kr/data/15076735/fileData.do; 2022-04-01,2022-04-01
863426,소금사막,전북특별자치도 전주시 완산구 평화13길 8(1층 평화동2가),전북특별자치도 전주시 덕진구 송천동2가 245-1,35.7905397,127.1364862,063-902-2018,카페,,"어디 가야 할지 고민이시라고요? 그럼 전라북도 전주시 맛집, ""소금사막""을 추천합니다!",운영중,True,True,평화2동,official_coordinates,https://www.data.go.kr/data/15076735/fileData.do; 2022-04-01,2022-04-01
863443,상운암전주식당(평화점),"전북특별자치도 전주시 완산구 평화동1가 741-5,6",전북특별자치도 전주시 완산구 중화산동2가 535-5,35.7930296,127.1366424,063-228-8688,한식,,"전라북도 전주시에서 식당을 찾으신다면? ""상운암전주식당(평화점)""을 방문해보세요!",운영중,True,True,평화1동,official_coordinates,https://www.data.go.kr/data/15076735/fileData.do; 2022-04-01,2022-04-01
863427,화평루,전북특별자치도 전주시 완산구 평화로 172(평화동1가),전북특별자치도 전주시 덕진구 송천동2가 484-7,35.7919096,127.1364574,063-229-8228,,,"전라북도 전주시에서 가 볼 만한 식당을 찾으신다면? ""화평루""를 추천합니다!",운영중,True,True,평화1동,official_coordinates,https://www.data.go.kr/data/15076735/fileData.do; 2022-04-01,2022-04-01
863430,다오면,전북특별자치도 전주시 완산구 평화16길 6-4(1층 평화동1가),전북특별자치도 전주시 덕진구 송천동2가 1272,35.7922631,127.1367575,063-237-4330,분식,,"전라북도 전주시에서 식당을 찾으신다면? ""다오면""을 방문해보세요!",운영중,True,True,평화1동,official_coordinates,https://www.data.go.kr/data/15076735/fileData.do; 2022-04-01,2022-04-01
863433,다다갈비,전북특별자치도 전주시 완산구 평화16길 5-2(평화동1가),전북특별자치도 전주시 완산구 중화산동2가 776-3,35.7927946,127.137125,063-226-2267,,,"무엇을 먹을지 고민되신다고요? 전라북도 전주시에 계시다면 ""다다갈비""를 추천합니다!",운영중,True,True,평화1동,official_coordinates,https://www.data.go.kr/data/15076735/fileData.do; 2022-04-01,2022-04-01
863435,산마을오리정 펑화점,전북특별자치도 전주시 완산구 평화16길 5-4(평화동1가),전북특별자치도 전주시 완산구 중화산동2가 773-3,35.7929903,127.1371297,063-229-5292,오리요리,,"어디 가야 할지 고민이시라고요? 그럼 전라북도 전주시 맛집, ""산마을오리정 펑화점""을 추천합니다!",운영중,True,True,평화1동,official_coordinates,https://www.data.go.kr/data/15076735/fileData.do; 2022-04-01,2022-04-01
863436,왕가마순대,전북특별자치도 전주시 완산구 평화로 190(1층 평화동1가),전북특별자치도 전주시 완산구 전동3가 142-1,35.7934381,127.1366371,063-905-5607,순대,,"""왕가마순대""를 전라북도 전주시의 가 볼 만한 식당으로 추천합니다!",운영중,True,True,평화1동,official_coordinates,https://www.data.go.kr/data/15076735/fileData.do; 2022-04-01,2022-04-01
863437,엄마모습,전북특별자치도 전주시 완산구 평화17길 8(평화동1가),전북특별자치도 전주시 완산구 효자동3가 1527-18,35.7936597,127.137031,063-227-4431,한식,,"""엄마모습""을 전라북도 전주시의 가 볼 만한 식당으로 추천합니다!",운영중,True,True,평화1동,official_coordinates,https://www.data.go.kr/data/15076735/fileData.do; 2022-04-01,2022-04-01
863439,중화정,전북특별자치도 전주시 완산구 평화로 190(1층 평화동1가),전북특별자치도 전주시 완산구 중화산동2가 545,35.7934381,127.1366371,063-255-7578,,,"전라북도 전주시에서 식당을 찾으신다면? ""중화정""을 방문해보세요!",운영중,True,True,평화1동,official_coordinates,https://www.data.go.kr/data/15076735/fileData.do; 2022-04-01,2022-04-01
863441,덕미네숯불구이,전북특별자치도 전주시 완산구 평화로 186(1층 평화동1가),전북특별자치도 전주시 완산구 중화산동2가 534-4,35.7932263,127.1366478,063-229-9999,한식,,"전라북도 전주시에서 식당을 찾으신다면? ""덕미네숯불구이""를 방문해보세요!",운영중,True,True,평화1동,official_coordinates,https://www.data.go.kr/data/15076735/fileData.do; 2022-04-01,2022-04-01
864806,뚜레주르 인후점,전북특별자치도 전주시 덕진구 무삼지로 6,전북특별자치도 전주시 덕진구 인후동1가 919-1,35.8265714,127.1662623,063-242-6900,베이커리,,"전라북도 전주시에서 가 볼 만한 식당을 찾으신다면? ""뚜레주르 인후점""을 추천합니다!",운영중,True,True,인후3동,official_coordinates,https://www.data.go.kr/data/15076735/fileData.do; 2022-04-01,2022-04-01
863522,피자스쿨 서곡점,전북특별자치도 전주시 완산구 세내로 558,전북특별자치도 전주시 완산구 서신동 837-2,35.8347275,127.0984606,063-253-6777,피자,,"""피자스쿨 서곡점""을 전라북도 전주시의 가 볼 만한 식당으로 추천합니다!",운영중,True,True,효자5동,official_coordinates,https://www.data.go.kr/data/15076735/fileData.do; 2022-04-01,2022-04-01
863241,셀라,전북특별자치도 전주시 완산구 서곡1길 14-16,전북특별자치도 전주시 완산구 교동 243-1,35.8354005,127.1005692,063-255-7602,카페,,"전라북도 전주시에서 맛집을 찾으신다면 ""셀라""를 추천합니다.",운영중,True,True,효자5동,official_coordinates,https://www.data.go.kr/data/15076735/fileData.do; 2022-04-01,2022-04-01
863218,오원집,전북특별자치도 전주시 완산구 서신로 26,전북특별자치도 전주시 완산구 교동 68-1,35.827687,127.1160821,063-254-0990,한식,,"전라북도 전주시에서 식당을 찾으신다면? ""오원집""을 방문해보세요!",운영중,True,True,서신동,official_coordinates,https://www.data.go.kr/data/15076735/fileData.do; 2022-04-01,2022-04-01
861828,신진통닭,전북특별자치도 전주시 덕진구 세병로 134,전북특별자치도 전주시 덕진구 송천동2가 1345,35.8757927,127.1365361,063-901-8295,호프/통닭,일반음식점,"전라북도 전주시에서 어디를 갈지 고민이라면! ""신진통닭(전주송천점)""에 가보시는 건 어떨까요? 레드테이블에서 온라인 예약이 가능합니다! 남녀 화장실이 구분되어 있는 매장입니다. 배달 가능한 매장입니다. 다국어 메뉴판, 무선 인터넷이 있는 매장입니다.",운영중,True,True,송천1동,official_coordinates,https://www.data.go.kr/data/15076735/fileData.do; 2022-04-01,2022-04-01
864880,이담,전북특별자치도 전주시 완산구 백제대로 251 2층,전북특별자치도 전주시 완산구 중화산동2가 629-11,35.8155856,127.1226059,063-232-8888,음식점,,"""이담""은 전라북도 전주시에 있습니다.",운영중,True,True,중화산2동,official_coordinates,https://www.data.go.kr/data/15076735/fileData.do; 2022-04-01,2022-04-01
864874,와따통닭가맥,전북특별자치도 전주시 완산구 중산중앙로 34,전북특별자치도 전주시 완산구 중화산동2가 628-6 현대기아토탈서비스,35.8163266,127.1217304,063-227-8836,,,"""와따통닭가맥""을 전라북도 전주시의 가 볼 만한 식당으로 추천합니다!",운영중,True,True,중화산2동,official_coordinates,https://www.data.go.kr/data/15076735/fileData.do; 2022-04-01,2022-04-01
864872,시완이네고창민물장어,전북특별자치도 전주시 완산구 중산5길 14,전북특별자치도 전주시 완산구 중화산동2가 627-10,35.8159382,127.1216724,063-223-9277,,,"어디 가야 할지 고민이시라고요? 그럼 전라북도 전주시 맛집, ""시완이네고창민물장어""를 추천합니다!",운영중,True,True,중화산2동,official_coordinates,https://www.data.go.kr/data/15076735/fileData.do; 2022-04-01,2022-04-01
862337,풍년,전북특별자치도 전주시 완산구 오목대길 60,전북특별자치도 전주시 완산구 교동 60-1,35.8130398,127.1530031,,카페,,"전라북도 전주시에서 맛집을 찾으신다면 ""풍년""을 추천합니다.",운영중,True,True,풍남동,official_coordinates,https://www.data.go.kr/data/15076735/fileData.do; 2022-04-01,2022-04-01
862503,오-풍미족발,전북특별자치도 전주시 덕진구 붓내3길 15,전북특별자치도 전주시 덕진구 송천동2가 247-1,35.8667176,127.1230617,063-252-9998,,,"전라북도 전주시에서 가 볼 만한 식당을 찾으신다면? ""오-풍미족발""을 추천합니다!",운영중,True,True,송천1동,official_coordinates,https://www.data.go.kr/data/15076735/fileData.do; 2022-04-01,2022-04-01
862572,역전우동0410 전북도청점,전북특별자치도 전주시 완산구 홍산남로 59,전북특별자치도 전주시 완산구 효자동3가 1534-6,35.8160202,127.1083251,063-909-0098,한식,일반음식점,"전라북도 전주시에서 맛집을 찾으신다면 ""역전우동0410(전북도청점)""을 추천합니다. 레드테이블에서 온라인 예약이 가능합니다! 배달 가능한 매장입니다. 키오스크, 다국어 메뉴판이 있는 매장입니다.",운영중,True,True,효자5동,official_coordinates,https://www.data.go.kr/data/15076735/fileData.do; 2022-04-01,2022-04-01
861802,동대문 엽기 떡볶이,전북특별자치도 전주시 완산구 홍산남로 50,전북특별자치도 전주시 완산구 효자동2가 1155-2,35.8155744,127.1072593,063-224-8591,한식,일반음식점,"전라북도 전주시에서 가 볼 만한 식당을 찾으신다면? ""동대문엽기떡볶이(전북도청점)""를 추천합니다! 레드테이블에서 온라인 예약이 가능합니다! 배달 가능한 매장입니다. 주차공간, 다국어 메뉴판, 그리고 무선 인터넷이 있는 매장입니다.",운영중,True,True,효자5동,official_coordinates,https://www.data.go.kr/data/15076735/fileData.do; 2022-04-01,2022-04-01
864870,전골의법칙앤홍콩할매불닭발,전북특별자치도 전주시 덕진구 솔내8길 40-3 101호,전북특별자치도 전주시 덕진구 송천동1가 137-71,35.8605489,127.1258248,063-276-5007,닭발,,"전라북도 전주시에 가신다면 ""전골의법칙앤홍콩할매불닭발""에 방문해보세요~",운영중,True,True,송천1동,official_coordinates,https://www.data.go.kr/data/15076735/fileData.do; 2022-04-01,2022-04-01
862674,탐탐생선구이,전북특별자치도 전주시 덕진구 가리내10길 12-3,전북특별자치도 전주시 덕진구 중동 777-3,35.8423078,127.1104326,063-277-8818,생선구이,,"전라북도 전주시에 가신다면 ""탐탐생선구이""에 방문해보세요~",운영중,True,True,덕진동,official_coordinates,https://www.data.go.kr/data/15076735/fileData.do; 2022-04-01,2022-04-01
862695,동명카츠전주효자점,전북특별자치도 전주시 완산구 봉곡로 118-1,전북특별자치도 전주시 덕진구 여의동2가 573-1,35.8107789,127.1066693,063-226-6655,,,"전라북도 전주시에서 식당을 찾으신다면? ""동명카츠전주효자점""을 방문해보세요!",운영중,True,True,효자4동,official_coordinates,https://www.data.go.kr/data/15076735/fileData.do; 2022-04-01,2022-04-01
864864,사장홍어,전북특별자치도 전주시 덕진구 천마산로 59-4,전북특별자치도 전주시 덕진구 송천동2가 202-87,35.8648374,127.1278228,063-904-8989,한식,,"어디 가야 할지 고민이시라고요? 그럼 전라북도 전주시 맛집, ""사장홍어""를 추천합니다!",운영중,True,True,송천1동,official_coordinates,https://www.data.go.kr/data/15076735/fileData.do; 2022-04-01,2022-04-01
862700,송천궁,전북특별자치도 전주시 덕진구 솔내8길 44,전북특별자치도 전주시 덕진구 여의동 581-1,35.8607082,127.1261525,063-902-2008,,,"전라북도 전주시에서 맛집을 찾으신다면 ""송천궁""을 추천합니다.",운영중,True,True,송천1동,official_coordinates,https://www.data.go.kr/data/15076735/fileData.do; 2022-04-01,2022-04-01
862707,리틀하노이베트남쌀국수 혁신점 ,전북특별자치도 전주시 덕진구 오공로 43-17 ,전북특별자치도 전주시 완산구 효자동3가 1674-2,35.8376957,127.0599579,063-223-0911,베트남음식,,"어디 가야 할지 고민이시라고요? 그럼 전라북도 전주시 맛집, ""리틀하노이베트남쌀국수 혁신점 ""을 추천합니다!",운영중,True,True,혁신동,official_coordinates,https://www.data.go.kr/data/15076735/fileData.do; 2022-04-01,2022-04-01
862714,말마니,전북특별자치도 전주시 완산구 현무1길 21-27 ,전북특별자치도 전주시 덕진구 호성동1가 795-3,35.8203276,127.147102,063-288-2466,베이커리,,"전라북도 전주시에서 어디를 갈지 고민이라면! ""말마니""에 가보시는 건 어떨까요?",운영중,True,True,풍남동,official_coordinates,https://www.data.go.kr/data/15076735/fileData.do; 2022-04-01,2022-04-01
862732,땡’s키친,전북특별자치도 전주시 완산구 현무1길 36,전북특별자치도 전주시 덕진구 우아동3가 747-37,35.8220583,127.1476684,,음식점,,"전라북도 전주시에서 가 볼 만한 식당을 찾으신다면? ""땡’s키친""을 추천합니다!",운영중,True,True,풍남동,official_coordinates,https://www.data.go.kr/data/15076735/fileData.do; 2022-04-01,2022-04-01
864869,노고단에취한달,전북특별자치도 전주시 완산구 중산5길 16-6,전북특별자치도 전주시 완산구 중화산동2가 627-2,35.8156863,127.1218526,063-901-5353,한식,,"""노고단에취한달""은 전라북도 전주시에 있습니다.",운영중,True,True,중화산2동,official_coordinates,https://www.data.go.kr/data/15076735/fileData.do; 2022-04-01,2022-04-01
862751,미담덕장,전북특별자치도 전주시 덕진구 전주천동로 483,전북특별자치도 전주시 덕진구 우아동3가 746-64,35.8360806,127.1294971,050-7134-6314,한식,,"전라북도 전주시에서 맛집을 찾으신다면 ""미담덕장""을 추천합니다.",운영중,True,True,금암1동,official_coordinates,https://www.data.go.kr/data/15076735/fileData.do; 2022-04-01,2022-04-01
861760,짬뽕순두부백년짜장,전북특별자치도 전주시 덕진구 가리내10길 12-6 (덕진동2가),전북특별자치도 전주시 덕진구 덕진동2가 678-9 ,35.842616,127.1104884,063-288-5888,한식,,"전라북도 전주시에 가신다면 ""짬뽕순두부백년짜장""에 방문해보세요~",운영중,True,True,덕진동,official_coordinates,https://www.data.go.kr/data/15076735/fileData.do; 2022-04-01,2022-04-01
861442,프랭크커핀바,전북특별자치도 전주시 완산구 전주객사1길 46-12,전북특별자치도 전주시 완산구 다가동3가 44-2,35.8184485,127.1397973,,한식,일반음식점,"전라북도 전주시에서 식당을 찾으신다면? ""프랭크커피인바""를 방문해보세요! 레드테이블에서 온라인 예약이 가능합니다! 반려동물 입장이 가능한 매장입니다. 다국어 메뉴판이 있는 매장입니다.",운영중,True,True,중앙동,official_coordinates,https://www.data.go.kr/data/15076735/fileData.do; 2022-04-01,2022-04-01
856099,온담,전북특별자치도 전주시 덕진구 정언신로 161-13 ,전북특별자치도 전주시 덕진구 우아동2가 890-1,35.8311483,127.170164,,떡카페,휴게음식점,"무엇을 먹을지 고민되신다고요? 전라북도 전주시에 계시다면 ""온담""을 추천합니다! 레드테이블에서 온라인 예약이 가능합니다! 주차공간, 다국어 메뉴판이 있는 매장입니다.",운영중,True,True,우아2동,official_coordinates,https://www.data.go.kr/data/15076735/fileData.do; 2022-04-01,2022-04-01
856455,할리스커피 에코시티점,전북특별자치도 전주시 덕진구 세병로 176,전북특별자치도 전주시 덕진구 송천동2가 1299-10,35.8788618,127.1331415,063-255-3000,커피숍,휴게음식점,"어디 가야 할지 고민이시라고요? 그럼 전라북도 전주시 맛집, ""할리스커피""를 추천합니다! 레드테이블에서 온라인 예약이 가능합니다! 남녀 화장실이 구분되어 있는 매장입니다. 다국어 메뉴판, 무선 인터넷이 있는 매장입니다.",운영중,True,True,송천1동,official_coordinates,https://www.data.go.kr/data/15076735/fileData.do; 2022-04-01,2022-04-01
856726,비박스,전북특별자치도 전주시 덕진구 사근1길 10,전북특별자치도 전주시 덕진구 송천동2가 175-52,35.8664095,127.128096,063-255-1793,기타,일반음식점,"""비박스커피숍""은 전라북도 전주시에 있습니다. 레드테이블에서 온라인 예약이 가능합니다! 배달 가능한 매장입니다. 주차공간, 다국어 메뉴판, 그리고 무선 인터넷이 있는 매장입니다.",운영중,True,True,송천1동,official_coordinates,https://www.data.go.kr/data/15076735/fileData.do; 2022-04-01,2022-04-01
857583,김가네 전주에코시티점,전북특별자치도 전주시 덕진구 세병로 134,전북특별자치도 전주시 덕진구 송천동2가 1345,35.8757927,127.1365361,063-254-2333,기타 휴게음식점,휴게음식점,"어디 가야 할지 고민이시라고요? 그럼 전라북도 전주시 맛집, ""김가네김밥(전주에코시티점)""을 추천합니다! 레드테이블에서 온라인 예약이 가능합니다! 배달 가능한 매장입니다. 다국어 메뉴판이 있는 매장입니다.",운영중,True,True,송천1동,official_coordinates,https://www.data.go.kr/data/15076735/fileData.do; 2022-04-01,2022-04-01
857604,전주더엠,"전북특별자치도 전주시 완산구 홍산1길 7(1층 162호 효자동2가, 전주 효자 SK Leaders VIEW)	",전북특별자치도 전주시 완산구 효자동2가 1157-4 전주 효자 SK Leaders VIEW,35.8141875,127.108357,,기타 휴게음식점,휴게음식점,"""전주더엠""은 전라북도 전주시에 있습니다. 레드테이블에서 온라인 예약이 가능합니다! 남녀 화장실이 구분되어 있는 매장입니다. 주차공간, 다국어 메뉴판, 그리고 무선 인터넷이 있는 매장입니다.",운영중,True,True,효자5동,official_coordinates,https://www.data.go.kr/data/15076735/fileData.do; 2022-04-01,2022-04-01
858107,불땡 고기주는 국수집,전북특별자치도 전주시 완산구 효자로 52-2,전북특별자치도 전주시 완산구 효자동3가 1169-5,35.8182109,127.091195,063-224-5556,기타,일반음식점,"무엇을 먹을지 고민되신다고요? 전라북도 전주시에 계시다면 ""불땡고기주는국수집""을 추천합니다! 레드테이블에서 온라인 예약이 가능합니다! 배달 가능한 매장입니다. 다국어 메뉴판이 있는 매장입니다.",운영중,True,True,효자4동,official_coordinates,https://www.data.go.kr/data/15076735/fileData.do; 2022-04-01,2022-04-01
858258,까스맨효자점,전북특별자치도 전주시 완산구 우전로 202(1층 효자동2가)	,전북특별자치도 전주시 완산구 효자동2가 1256-6,35.8124433,127.1020608,063-224-8333,경양식,일반음식점,"전라북도 전주시에서 맛집을 찾으신다면 ""까스맨""을 추천합니다. 레드테이블에서 온라인 예약이 가능합니다! 배달 가능한 매장입니다. 다국어 메뉴판이 있는 매장입니다.",운영중,True,True,효자4동,official_coordinates,https://www.data.go.kr/data/15076735/fileData.do; 2022-04-01,2022-04-01
864884,미소정,전북특별자치도 전주시 완산구 백제대로 243,전북특별자치도 전주시 완산구 중화산동2가 631 놀부항아리갈비,35.8149194,127.1225455,063-287-5300,한식,,"전라북도 전주시에 가신다면 ""미소정""에 방문해보세요~",운영중,True,True,중화산2동,official_coordinates,https://www.data.go.kr/data/15076735/fileData.do; 2022-04-01,2022-04-01
858512,갈비마을,전북특별자치도 전주시 완산구 맏내3길 10,전북특별자치도 전주시 완산구 중화산동2가 783-1,35.7929877,127.1311083,063-229-1255,기타,일반음식점,"전라북도 전주시에서 맛집을 찾으신다면 ""갈비마을""을 추천합니다. 레드테이블에서 온라인 예약이 가능합니다! 다국어 메뉴판이 있는 매장입니다.",운영중,True,True,평화2동,official_coordinates,https://www.data.go.kr/data/15076735/fileData.do; 2022-04-01,2022-04-01
859016,분식이이래도되는가 전주송천점,전북특별자치도 전주시 덕진구 송천1길 21,전북특별자치도 전주시 덕진구 송천동1가 404-1,35.8572883,127.1185784,063-273-0709,분식,일반음식점,"""분식이이래도되는가(전주송천점)""는 전라북도 전주시에 있습니다. 레드테이블에서 온라인 예약이 가능합니다! 남녀 화장실이 구분되어 있는 매장입니다. 배달 가능한 매장입니다. 다국어 메뉴판이 있는 매장입니다.",운영중,True,True,송천2동,official_coordinates,https://www.data.go.kr/data/15076735/fileData.do; 2022-04-01,2022-04-01
859307,캠프케이시부대찌개,전북특별자치도 전주시 덕진구 만성중앙로 56,전북특별자치도 전주시 완산구 서신동 947-4,35.842236,127.0774776,063-211-7988,한식,일반음식점,"""캠프부대찌개""는 전라북도 전주시에 있습니다. 레드테이블에서 온라인 예약이 가능합니다! 배달 가능한 매장입니다. 다국어 메뉴판이 있는 매장입니다.",운영중,True,True,여의동,official_coordinates,https://www.data.go.kr/data/15076735/fileData.do; 2022-04-01,2022-04-01
860354,곰소어간장,전북특별자치도 전주시 완산구 효자로 293,전북특별자치도 전주시 완산구 중화산동2가 755-10 쌍용자동차,35.8192985,127.1176576,063-227-0355,기타,일반음식점,"전라북도 전주시에서 맛집을 찾으신다면 ""곰소어간장""을 추천합니다. 지방자치단체 인증을 받은 농림축산식품부 제공 안심식당입니다. 레드테이블에서 온라인 예약이 가능합니다! 남녀 화장실이 구분되어 있는 매장입니다. 배달 가능한 매장입니다. 주차공간, 다국어 메뉴판, 그리고 무선 인터넷이 있는 매장입니다.",운영중,True,True,중화산2동,official_coordinates,https://www.data.go.kr/data/15076735/fileData.do; 2022-04-01,2022-04-01
860356,카페연월,전북특별자치도 전주시 덕진구 사근1길 19-1,전북특별자치도 전주시 덕진구 송천동2가 176-25,35.8669472,127.129386,,기타,일반음식점,"전라북도 전주시에서 가 볼 만한 식당을 찾으신다면? ""카페 연월""을 추천합니다! 레드테이블에서 온라인 예약이 가능합니다! 다국어 메뉴판이 있는 매장입니다.",운영중,True,True,송천1동,official_coordinates,https://www.data.go.kr/data/15076735/fileData.do; 2022-04-01,2022-04-01
860375,호떡대장,전북특별자치도 전주시 완산구 따박골6길 46,전북특별자치도 전주시 완산구 중화산동2가 44-6,35.8107522,127.1283513,063-285-6426,한식,일반음식점,"어디 가야 할지 고민이시라고요? 그럼 전라북도 전주시 맛집, ""호떡대장""을 추천합니다! 레드테이블에서 온라인 예약이 가능합니다! 다국어 메뉴판이 있는 매장입니다.",운영중,True,True,중화산1동,official_coordinates,https://www.data.go.kr/data/15076735/fileData.do; 2022-04-01,2022-04-01
860793,꺼구리시장통닭 혁신도시점,전북특별자치도 전주시 덕진구 출판로 43 ,전북특별자치도 전주시 완산구 효자동3가 1680-2,35.8397336,127.0575697,063-214-6655,기타 휴게음식점,휴게음식점,"""꺼꾸리시장통닭(혁신점)""은 전라북도 전주시에 있습니다. 레드테이블에서 온라인 예약이 가능합니다! 반려동물 입장이 가능한 매장입니다. 배달 가능한 매장입니다. 다국어 메뉴판이 있는 매장입니다.",운영중,True,True,여의동,official_coordinates,https://www.data.go.kr/data/15076735/fileData.do; 2022-04-01,2022-04-01
861397,팔공티 에코시티점,전북특별자치도 전주시 덕진구 세병로 74,전북특별자치도 전주시 덕진구 송천동2가 1341 에코시티 휴먼빌아파트(2블럭),35.8716595,127.1239947,063-244-8080,커피숍,휴게음식점,"전라북도 전주시에 가신다면 ""팔공티(에코시티이마트점)""에 방문해보세요~ 레드테이블에서 온라인 예약이 가능합니다! 남녀 화장실이 구분되어 있는 매장입니다. 배달 가능한 매장입니다. 주차공간, 다국어 메뉴판, 그리고 무선 인터넷이 있는 매장입니다.",운영중,True,True,송천2동,official_coordinates,https://www.data.go.kr/data/15076735/fileData.do; 2022-04-01,2022-04-01
858657,피굽남피자,전북특별자치도 전주시 완산구 우전로 207(1층일부 효자동2가)	,전북특별자치도 전주시 완산구 효자동2가 1252-2,35.813003,127.101691,063-909-0020,기타,일반음식점,"""피굽남피자(전주2호점)""를 전라북도 전주시의 가 볼 만한 식당으로 추천합니다! 레드테이블에서 온라인 예약이 가능합니다! 배달 가능한 매장입니다. 주차공간, 다국어 메뉴판, 그리고 무선 인터넷이 있는 매장입니다.",운영중,True,True,효자4동,official_coordinates,https://www.data.go.kr/data/15076735/fileData.do; 2022-04-01,2022-04-01
863222,카페베네,전북특별자치도 전주시 완산구 서신로 62 1층,전북특별자치도 전주시 완산구 서신동 764-2,35.8309028,127.1162148,063-277-3844,카페,,"전라북도 전주시에 가신다면 ""카페베네""에 방문해보세요~",운영중,True,True,서신동,official_coordinates,https://www.data.go.kr/data/15076735/fileData.do; 2022-04-01,2022-04-01
862758,조커닭 송천점,전북특별자치도 전주시 덕진구 두간로 22,전북특별자치도 전주시 덕진구 덕진동2가 695-1,35.8651697,127.1168088,063-277-9555,,,"전라북도 전주시에서 식당을 찾으신다면? ""조커닭 송천점""을 방문해보세요!",운영중,True,True,송천2동,official_coordinates,https://www.data.go.kr/data/15076735/fileData.do; 2022-04-01,2022-04-01
864858,장터목,전북특별자치도 전주시 완산구 산월2길 27,전북특별자치도 전주시 완산구 중화산동2가 640-3,35.8139641,127.1199587,063-228-7538,술집,,"전라북도 전주시에서 식당을 찾으신다면? ""장터목""을 방문해보세요!",운영중,True,True,중화산2동,official_coordinates,https://www.data.go.kr/data/15076735/fileData.do; 2022-04-01,2022-04-01
863166,둥지고을,전북특별자치도 전주시 덕진구 명주6길 5,전북특별자치도 전주시 완산구 중화산동2가 768-3,35.8458823,127.1519984,063-246-5355,한식,,"어디 가야 할지 고민이시라고요? 그럼 전라북도 전주시 맛집, ""둥지고을""을 추천합니다!",운영중,True,True,인후2동,official_coordinates,https://www.data.go.kr/data/15076735/fileData.do; 2022-04-01,2022-04-01
863170,태성짬뽕,전북특별자치도 전주시 완산구 평화로 163 ,전북특별자치도 전주시 덕진구 우아동2가 904-7,35.7911538,127.1357768,,,,"전라북도 전주시에 가신다면 ""태성짬뽕""에 방문해보세요~",운영중,True,True,평화2동,official_coordinates,https://www.data.go.kr/data/15076735/fileData.do; 2022-04-01,2022-04-01
863174,고군산밥집,전북특별자치도 전주시 덕진구 명주4길 12,전북특별자치도 전주시 완산구 서신동 801-1,35.8445457,127.1490106,063-241-8259,한식,,"""고군산밥집""은 전라북도 전주시에 있습니다.",운영중,True,True,인후2동,official_coordinates,https://www.data.go.kr/data/15076735/fileData.do; 2022-04-01,2022-04-01
863177,헤인즈,전북특별자치도 전주시 완산구 평화로 213,전북특별자치도 전주시 완산구 서신동 764-2,35.795581,127.1360894,,카페,,"전라북도 전주시에 가신다면 ""헤인즈""에 방문해보세요~",운영중,True,True,평화2동,official_coordinates,https://www.data.go.kr/data/15076735/fileData.do; 2022-04-01,2022-04-01
864830,피자의생명은치즈다,전북특별자치도 전주시 완산구 중화산로 58,전북특별자치도 전주시 완산구 중화산동2가 616-12,35.8155008,127.1183961,063-221-9008,피자,,"""피자의생명은치즈다""를 전라북도 전주시의 가 볼 만한 식당으로 추천합니다!",운영중,True,True,중화산2동,official_coordinates,https://www.data.go.kr/data/15076735/fileData.do; 2022-04-01,2022-04-01
863183,불땡국수 전주평화점,전북특별자치도 전주시 완산구 장승배기로 214,전북특별자치도 전주시 완산구 효자동3가 1159-10,35.7963667,127.1359852,063-221-8020,국수,,"전라북도 전주시에 가신다면 ""불땡국수 전주평화점""에 방문해보세요~",운영중,True,True,평화2동,official_coordinates,https://www.data.go.kr/data/15076735/fileData.do; 2022-04-01,2022-04-01
863190,돼지막,전북특별자치도 전주시 완산구 안터6길 33,전북특별자치도 전주시 완산구 효자동2가 1238-5,35.8304657,127.1169726,063-277-3392,,,"전라북도 전주시에서 가 볼 만한 식당을 찾으신다면? ""돼지막""을 추천합니다!",운영중,True,True,서신동,official_coordinates,https://www.data.go.kr/data/15076735/fileData.do; 2022-04-01,2022-04-01
864833,르커피,전북특별자치도 전주시 완산구 화산천변로 14,전북특별자치도 전주시 완산구 중화산동2가 759-2,35.8202144,127.1163186,,카페,,"무엇을 먹을지 고민되신다고요? 전라북도 전주시에 계시다면 ""르커피""를 추천합니다!",운영중,True,True,중화산2동,official_coordinates,https://www.data.go.kr/data/15076735/fileData.do; 2022-04-01,2022-04-01
863192,왕뚜껑 삼겹살,전북특별자치도 전주시 완산구 평화12길 8-6,전북특별자치도 전주시 완산구 효자동2가 1236-2,35.7914163,127.1355031,063-228-8892,,,"무엇을 먹을지 고민되신다고요? 전라북도 전주시에 계시다면 ""왕뚜껑 삼겹살""을 추천합니다!",운영중,True,True,평화2동,official_coordinates,https://www.data.go.kr/data/15076735/fileData.do; 2022-04-01,2022-04-01
863195,카페 535,전북특별자치도 전주시 완산구 평화14길 15-3,전북특별자치도 전주시 완산구 효자동2가 1228-7,35.7917831,127.1345851,070-4015-8308,카페,,"전라북도 전주시에서 맛집을 찾으신다면 ""카페 535""를 추천합니다.",운영중,True,True,평화2동,official_coordinates,https://www.data.go.kr/data/15076735/fileData.do; 2022-04-01,2022-04-01
863198,곱창가 전북대점,전북특별자치도 전주시 덕진구 명륜5길 19(1층 일부호 덕진동1가)	,전북특별자치도 전주시 완산구 서신동 763-1,35.8444625,127.1259868,063-276-7799,곱창,,"전라북도 전주시에서 가 볼 만한 식당을 찾으신다면? ""곱창가 전북대점""을 추천합니다!",운영중,True,True,덕진동,official_coordinates,https://www.data.go.kr/data/15076735/fileData.do; 2022-04-01,2022-04-01
863199,신가네소머리국밥,전북특별자치도 전주시 완산구 안터6길 43,전북특별자치도 전주시 완산구 서신동 763-1,35.8300437,127.1163042,063-251-0104,국밥,,"무엇을 먹을지 고민되신다고요? 전라북도 전주시에 계시다면 ""신가네소머리국밥""을 추천합니다!",운영중,True,True,서신동,official_coordinates,https://www.data.go.kr/data/15076735/fileData.do; 2022-04-01,2022-04-01
863203,연화루 ,전북특별자치도 전주시 완산구 서신로 48(서신동),전북특별자치도 전주시 덕진구 중동 781-1,35.8295073,127.1160246,063-0717-7771,,,"""연화루 ""는 전라북도 전주시에 있습니다.",운영중,True,True,서신동,official_coordinates,https://www.data.go.kr/data/15076735/fileData.do; 2022-04-01,2022-04-01
863208,미스터리초밥집,전북특별자치도 전주시 완산구 서신로 46,전북특별자치도 전주시 완산구 효자동3가 1173-1,35.8293349,127.1160214,063-272-7391,,,"전라북도 전주시에서 맛집을 찾으신다면 ""미스터리초밥집""을 추천합니다.",운영중,True,True,서신동,official_coordinates,https://www.data.go.kr/data/15076735/fileData.do; 2022-04-01,2022-04-01
863213,감탄떡볶이하가지구점,전북특별자치도 전주시 덕진구 경동로 36(1층 일부호 덕진동2가),전북특별자치도 전주시 완산구 삼천동1가 608-3,35.8430274,127.1101416,063-717-7770,떡볶이,,"전라북도 전주시에 가신다면 ""감탄떡볶이하가지구점""에 방문해보세요~",운영중,True,True,덕진동,official_coordinates,https://www.data.go.kr/data/15076735/fileData.do; 2022-04-01,2022-04-01
864829,양평해장국 서호점,전북특별자치도 전주시 덕진구 송천로 30,전북특별자치도 전주시 덕진구 송천동1가 382-1 벽란도,35.8560779,127.1191966,063-251-3244,해장국,,"전라북도 전주시에 가신다면 ""양평해장국 서호점""에 방문해보세요~",운영중,True,True,송천2동,official_coordinates,https://www.data.go.kr/data/15076735/fileData.do; 2022-04-01,2022-04-01
863193,옛사천성 ,전북특별자치도 전주시 완산구 안터6길 35,전북특별자치도 전주시 완산구 효자동2가 1235-2,35.8303984,127.1171733,063-278-2991,,,"전라북도 전주시에서 가 볼 만한 식당을 찾으신다면? ""옛사천성 ""을 추천합니다!",운영중,True,True,서신동,official_coordinates,https://www.data.go.kr/data/15076735/fileData.do; 2022-04-01,2022-04-01
862805,팔복감자탕중화신시가지점,"전북특별자치도 전주시 완산구 바우배기2길 14(1층 103호,104호 효자동2가)",전북특별자치도 전주시 덕진구 우아동1가 1089-1,35.8167401,127.1032977,063-273-2334,감자탕,,"""팔복감자탕중화신시가지점""은 전라북도 전주시에 있습니다.",운영중,True,True,효자5동,official_coordinates,https://www.data.go.kr/data/15076735/fileData.do; 2022-04-01,2022-04-01
863162,본스시,전북특별자치도 전주시 덕진구 백제대로 750 2층,전북특별자치도 전주시 완산구 풍남동3가 73-2,35.845781,127.1509884,063-273-7990,,,"전라북도 전주시에서 어디를 갈지 고민이라면! ""본스시""에 가보시는 건 어떨까요?",운영중,True,True,인후2동,official_coordinates,https://www.data.go.kr/data/15076735/fileData.do; 2022-04-01,2022-04-01
864843,손수막걸리,전북특별자치도 전주시 완산구 중산로 20,전북특별자치도 전주시 완산구 중화산동2가 624-14,35.815792,127.1204969,063-225-6237,술집,,"어디 가야 할지 고민이시라고요? 그럼 전라북도 전주시 맛집, ""손수막걸리""를 추천합니다!",운영중,True,True,중화산2동,official_coordinates,https://www.data.go.kr/data/15076735/fileData.do; 2022-04-01,2022-04-01
862843,카페오늘,전북특별자치도 전주시 완산구 노송여울1길 21,전북특별자치도 전주시 완산구 평화동1가 741-4,35.824614,127.1449245,063-237-3104,카페,,"무엇을 먹을지 고민되신다고요? 전라북도 전주시에 계시다면 ""카페오늘""을 추천합니다!",운영중,True,True,노송동,official_coordinates,https://www.data.go.kr/data/15076735/fileData.do; 2022-04-01,2022-04-01
862903,돈아돈아왕족발보쌈,전북특별자치도 전주시 덕진구 백제대로 817,전북특별자치도 전주시 덕진구 우아동3가 746-32 해뜰날,35.8487473,127.1575808,063-242-8889,,,"""돈아돈아왕족발보쌈""을 전라북도 전주시의 가 볼 만한 식당으로 추천합니다!",운영중,True,True,우아1동,official_coordinates,https://www.data.go.kr/data/15076735/fileData.do; 2022-04-01,2022-04-01
864855,밀락,전북특별자치도 전주시 완산구 산월2길 25,전북특별자치도 전주시 완산구 중화산동2가 640-4,35.8139735,127.1200886,063-221-2002,칼국수,,"무엇을 먹을지 고민되신다고요? 전라북도 전주시에 계시다면 ""밀락""을 추천합니다!",운영중,True,True,중화산2동,official_coordinates,https://www.data.go.kr/data/15076735/fileData.do; 2022-04-01,2022-04-01
862925,본죽&비빔밥cafe 전주대자인병원점,전북특별자치도 전주시 덕진구 견훤로 379,전북특별자치도 전주시 덕진구 송천동2가 1326-12,35.8449611,127.1530029,063-247-0036,죽,,"무엇을 먹을지 고민되신다고요? 전라북도 전주시에 계시다면 ""본죽&비빔밥cafe 전주대자인병원점""을 추천합니다!",운영중,True,True,인후2동,official_coordinates,https://www.data.go.kr/data/15076735/fileData.do; 2022-04-01,2022-04-01
862945,미르밀옥류관 인후점,전북특별자치도 전주시 덕진구 백제대로 686,전북특별자치도 전주시 덕진구 중동 774-12,35.8437181,127.1443847,063-246-1656,한식,,"무엇을 먹을지 고민되신다고요? 전라북도 전주시에 계시다면 ""미르밀옥류관 인후점""을 추천합니다!",운영중,True,True,인후2동,official_coordinates,https://www.data.go.kr/data/15076735/fileData.do; 2022-04-01,2022-04-01
862953,김복남맥주,전북특별자치도 전주시 덕진구 쪽구름로 116,전북특별자치도 전주시 덕진구 만성동 1372-1,35.8744562,127.0726274,050-7135-4994,,,"""김복남맥주""를 전라북도 전주시의 가 볼 만한 식당으로 추천합니다!",운영중,True,True,조촌동,official_coordinates,https://www.data.go.kr/data/15076735/fileData.do; 2022-04-01,2022-04-01
862991,땅스부대찌개 반월점,전북특별자치도 전주시 덕진구 쪽구름로 117,전북특별자치도 전주시 덕진구 반월동 385-3,35.8737875,127.0723962,063-221-6098,"찌개,전골",,"전라북도 전주시에서 맛집을 찾으신다면 ""땅스부대찌개 반월점""을 추천합니다.",운영중,True,True,조촌동,official_coordinates,https://www.data.go.kr/data/15076735/fileData.do; 2022-04-01,2022-04-01
864834,화산능이금닭,전북특별자치도 전주시 완산구 산월2길 42,전북특별자치도 전주시 완산구 중화산동2가 636-8,35.8141955,127.1186077,063-228-8883,닭요리,,"전라북도 전주시에 가신다면 ""화산능이금닭""에 방문해보세요~",운영중,True,True,중화산2동,official_coordinates,https://www.data.go.kr/data/15076735/fileData.do; 2022-04-01,2022-04-01
862993, 김돈이 반월점 ,전북특별자치도 전주시 덕진구 쪽구름로 107,전북특별자치도 전주시 덕진구 송천동2가 1331-14,35.8736689,127.0735677,063-901-9959,,,""" 김돈이 반월점 ""은 전라북도 전주시에 있습니다.",운영중,True,True,조촌동,official_coordinates,https://www.data.go.kr/data/15076735/fileData.do; 2022-04-01,2022-04-01
864854,짬뽕나라,전북특별자치도 전주시 덕진구 정언신로 60,전북특별자치도 전주시 덕진구 인후동1가 865-5,35.8301487,127.1603075,063-247-5885,,,"전라북도 전주시에 가신다면 ""짬뽕나라""에 방문해보세요~",운영중,True,True,인후3동,official_coordinates,https://www.data.go.kr/data/15076735/fileData.do; 2022-04-01,2022-04-01
863026,미가옥 본점,전북특별자치도 전주시 완산구 인정4길 4,,35.8204446,127.1205044,063-223-1095,한식,일반음식점,"무엇을 먹을지 고민되신다고요? 전라북도 전주시에 계시다면 ""미가옥(본점)""을 추천합니다! 다국어 메뉴판이 있는 매장입니다.",운영중,True,True,중화산2동,official_coordinates,https://www.data.go.kr/data/15076735/fileData.do; 2022-04-01,2022-04-01
863028,종로야채곱창,전북특별자치도 전주시 덕진구 우아로 26,전북특별자치도 전주시 덕진구 중동 775-2,35.8502648,127.1562741,063-244-8612,곱창,,"무엇을 먹을지 고민되신다고요? 전라북도 전주시에 계시다면 ""종로야채곱창""을 추천합니다!",운영중,True,True,우아1동,official_coordinates,https://www.data.go.kr/data/15076735/fileData.do; 2022-04-01,2022-04-01
863094,본죽&비빔밥cafe 전주만성점,전북특별자치도 전주시 덕진구 만성중앙로 45,전북특별자치도 전주시 완산구 서신동 947-3,35.8431125,127.0768407,063-212-6288,죽,,"전라북도 전주시에서 맛집을 찾으신다면 ""본죽&비빔밥cafe 전주만성점""을 추천합니다.",운영중,True,True,여의동,official_coordinates,https://www.data.go.kr/data/15076735/fileData.do; 2022-04-01,2022-04-01
863132,달인명품호떡,전북특별자치도 전주시 완산구 태평3길 37,전북특별자치도 전주시 완산구 태평동 35-30,35.8239408,127.1419697,,기타,일반음식점,"어디 가야 할지 고민이시라고요? 그럼 전라북도 전주시 맛집, ""달인명품호떡""을 추천합니다! 다국어 메뉴판이 있는 매장입니다.",운영중,True,True,중앙동,official_coordinates,https://www.data.go.kr/data/15076735/fileData.do; 2022-04-01,2022-04-01
864847,옛촌,전북특별자치도 전주시 완산구 중산로 6,전북특별자치도 전주시 완산구 중화산동2가 623-4,35.8145633,127.1205898,063-227-3113,한식,,"전라북도 전주시에서 맛집을 찾으신다면 ""옛촌""을 추천합니다.",운영중,True,True,중화산2동,official_coordinates,https://www.data.go.kr/data/15076735/fileData.do; 2022-04-01,2022-04-01
863155,굽네치킨 전주평화점,전북특별자치도 전주시 완산구 평화로 139,전북특별자치도 전주시 완산구 중화산동2가 755-12,35.7891634,127.1351568,063-287-9494,,,"""굽네치킨 전주평화점""은 전라북도 전주시에 있습니다.",운영중,True,True,평화2동,official_coordinates,https://www.data.go.kr/data/15076735/fileData.do; 2022-04-01,2022-04-01
863012,바다마을,전북특별자치도 전주시 완산구 당산로 126 2층,전북특별자치도 전주시 덕진구 만성동 1366-9,35.8319765,127.1220928,063-251-3933,,,"전라북도 전주시에서 가 볼 만한 식당을 찾으신다면? ""바다마을""을 추천합니다!",운영중,True,True,서신동,official_coordinates,https://www.data.go.kr/data/15076735/fileData.do; 2022-04-01,2022-04-01
856086,유미카츠,전북특별자치도 전주시 덕진구 만성중앙로 37,전북특별자치도 전주시 덕진구 만성동 1366-8,35.8434494,127.07597,063-213-0999,일식,일반음식점,"무엇을 먹을지 고민되신다고요? 전라북도 전주시에 계시다면 ""유미카츠(전주점)""를 추천합니다! 레드테이블에서 온라인 예약이 가능합니다! 남녀 화장실이 구분되어 있는 매장입니다. 배달 가능한 매장입니다. 주차공간, 키오스크가 마련되어 있으며 다국어 메뉴판, 무선 인터넷을 제공하는 매장입니다.",운영중,True,True,여의동,official_coordinates,https://www.data.go.kr/data/15076735/fileData.do; 2022-04-01,2022-04-01
864789,갈비먹는날,전북특별자치도 전주시 완산구 삼천천변2길 43,전북특별자치도 전주시 완산구 삼천동1가 287-24,35.7974559,127.1145808,063-228-6349,,,"무엇을 먹을지 고민되신다고요? 전라북도 전주시에 계시다면 ""갈비먹는날""을 추천합니다!",운영중,True,True,삼천3동,official_coordinates,https://www.data.go.kr/data/15076735/fileData.do; 2022-04-01,2022-04-01
863539,커피집2호점,전북특별자치도 전주시 완산구 평화14길 30(평화동1가),전북특별자치도 전주시 완산구 삼천동2가 254-6,35.7925978,127.1332066,070-7760-1119,카페,,"전라북도 전주시에서 어디를 갈지 고민이라면! ""커피집2호점""에 가보시는 건 어떨까요?",운영중,True,True,평화2동,official_coordinates,https://www.data.go.kr/data/15076735/fileData.do; 2022-04-01,2022-04-01
863790,불닭발 동대문 엽기떡볶이 평화점 ,전북특별자치도 전주시 완산구 모악로 4689,전북특별자치도 전주시 완산구 평화동2가 312-5,35.7881227,127.130229,063-223-8592,떡볶이,,"전라북도 전주시에서 가 볼 만한 식당을 찾으신다면? ""불닭발 동대문 엽기떡볶이 평화점 ""을 추천합니다!",운영중,True,True,평화2동,official_coordinates,https://www.data.go.kr/data/15076735/fileData.do; 2022-04-01,2022-04-01
863795,지코바 서신점,전북특별자치도 전주시 완산구 서신천변4길 12-10,전북특별자치도 전주시 완산구 서신동 849-6,35.8271841,127.1153011,063-905-2278,,,"무엇을 먹을지 고민되신다고요? 전라북도 전주시에 계시다면 ""지코바 서신점""을 추천합니다!",운영중,True,True,서신동,official_coordinates,https://www.data.go.kr/data/15076735/fileData.do; 2022-04-01,2022-04-01
864741,플라워웍스,전북특별자치도 전주시 덕진구 견훤로 326,전북특별자치도 전주시 덕진구 인후동1가 755-7,35.8406177,127.1554072,063-241-2800,카페,,"""플라워웍스""를 전라북도 전주시의 가 볼 만한 식당으로 추천합니다!",운영중,True,True,인후1동,official_coordinates,https://www.data.go.kr/data/15076735/fileData.do; 2022-04-01,2022-04-01
863857,고래면옥,전북특별자치도 전주시 덕진구 세병서로 22,전북특별자치도 전주시 덕진구 송천동2가 1336-1,35.8716381,127.1246096,063-271-9999,냉면,,"""고래면옥""을 전라북도 전주시의 가 볼 만한 식당으로 추천합니다!",운영중,True,True,송천1동,official_coordinates,https://www.data.go.kr/data/15076735/fileData.do; 2022-04-01,2022-04-01
864726,꺼구리시장통닭송천점,전북특별자치도 전주시 덕진구 송천로 49,전북특별자치도 전주시 덕진구 송천동1가 326-2 솔내목양교회,35.8576575,127.1179491,050-7138-9848,,,"전라북도 전주시에서 가 볼 만한 식당을 찾으신다면? ""꺼구리시장통닭송천점""을 추천합니다!",운영중,True,True,송천2동,official_coordinates,https://www.data.go.kr/data/15076735/fileData.do; 2022-04-01,2022-04-01
863865,포메인레드,전북특별자치도 전주시 덕진구 세병서로 22,전북특별자치도 전주시 덕진구 송천동2가 1336-1,35.8716381,127.1246096,063-252-2277,베트남음식,,"전라북도 전주시에서 가 볼 만한 식당을 찾으신다면? ""포메인레드""를 추천합니다!",운영중,True,True,송천1동,official_coordinates,https://www.data.go.kr/data/15076735/fileData.do; 2022-04-01,2022-04-01
864721,와플대학 송천캠퍼스,전북특별자치도 전주시 덕진구 천마산로 52,전북특별자치도 전주시 덕진구 송천동1가 107-200,35.863921,127.1274617,063-252-5522,,,"전라북도 전주시에서 어디를 갈지 고민이라면! ""와플대학 송천캠퍼스""에 가보시는 건 어떨까요?",운영중,True,True,송천1동,official_coordinates,https://www.data.go.kr/data/15076735/fileData.do; 2022-04-01,2022-04-01
863786,죽이야기 평화현대점,전북특별자치도 전주시 완산구 소대배기로 21,전북특별자치도 전주시 완산구 평화동2가 336-6 현대아파트,35.7872686,127.1327578,063-224-6233,죽,,"무엇을 먹을지 고민되신다고요? 전라북도 전주시에 계시다면 ""죽이야기 평화현대점""을 추천합니다!",운영중,True,True,평화2동,official_coordinates,https://www.data.go.kr/data/15076735/fileData.do; 2022-04-01,2022-04-01
863884,배차장고깃집,전북특별자치도 전주시 덕진구 편운로 28,전북특별자치도 전주시 덕진구 여의동2가 576 푸른한의원,35.8718721,127.0794504,063-255-3005,,,"전라북도 전주시에서 가 볼 만한 식당을 찾으신다면? ""배차장고깃집""을 추천합니다!",운영중,True,True,여의동,official_coordinates,https://www.data.go.kr/data/15076735/fileData.do; 2022-04-01,2022-04-01
863889,푸라닭치킨여의반월점,전북특별자치도 전주시 덕진구 쪽구름로 124,전북특별자치도 전주시 덕진구 반월동 422-7 동경빌딩,35.8742253,127.07165,063-213-9091,,,"전라북도 전주시에서 가 볼 만한 식당을 찾으신다면? ""푸라닭치킨여의반월점""을 추천합니다!",운영중,True,True,조촌동,official_coordinates,https://www.data.go.kr/data/15076735/fileData.do; 2022-04-01,2022-04-01
864671,이디야커피 전주 사대부고점,전북특별자치도 전주시 덕진구 삼송5길 14-23,전북특별자치도 전주시 덕진구 금암동 631-322,35.8437459,127.1381133,063-236-0010,카페,,"전라북도 전주시에서 식당을 찾으신다면? ""이디야커피 전주 사대부고점""을 방문해보세요!",운영중,True,True,금암1동,official_coordinates,https://www.data.go.kr/data/15076735/fileData.do; 2022-04-01,2022-04-01
863920, 카페게이트전주만성점 ,전북특별자치도 전주시 덕진구 만성중앙로 39,전북특별자치도 전주시 덕진구 만성동 1366-9,35.8433413,127.0762708,063-902-3030,카페,,""" 카페게이트전주만성점 ""은 전라북도 전주시에 있습니다.",운영중,True,True,여의동,official_coordinates,https://www.data.go.kr/data/15076735/fileData.do; 2022-04-01,2022-04-01
864668,메리엔다,전북특별자치도 전주시 덕진구 조경단로 107 2층,전북특별자치도 전주시 덕진구 금암동 632-144 2층,35.8438407,127.1383348,050-7132-3370,카페,,"""메리엔다""를 전라북도 전주시의 가 볼 만한 식당으로 추천합니다!",운영중,True,True,금암2동,official_coordinates,https://www.data.go.kr/data/15076735/fileData.do; 2022-04-01,2022-04-01
864667,마라시대,전북특별자치도 전주시 덕진구 삼송5길 14-18,전북특별자치도 전주시 덕진구 금암동 1546-5,35.8435212,127.1379801,050-7133-5125,,,"전라북도 전주시에서 맛집을 찾으신다면 ""마라시대""를 추천합니다.",운영중,True,True,금암1동,official_coordinates,https://www.data.go.kr/data/15076735/fileData.do; 2022-04-01,2022-04-01
863939, 가마꿉전주혁신도시점 ,전북특별자치도 전주시 덕진구 오공로 43-7 ,전북특별자치도 전주시 덕진구 중동 776-11,35.8369487,127.059978,063-223-2292,닭요리,,"전라북도 전주시에서 식당을 찾으신다면? "" 가마꿉전주혁신도시점 ""을 방문해보세요!",운영중,True,True,혁신동,official_coordinates,https://www.data.go.kr/data/15076735/fileData.do; 2022-04-01,2022-04-01
863945,푸라닭전주삼천점,전북특별자치도 전주시 완산구 용리로 16 ,전북특별자치도 전주시 완산구 삼천동1가 284-6,35.7984867,127.1115317,063-272-9206,,,"전라북도 전주시에 가신다면 ""푸라닭전주삼천점""에 방문해보세요~",운영중,True,True,삼천3동,official_coordinates,https://www.data.go.kr/data/15076735/fileData.do; 2022-04-01,2022-04-01
863888,카페 드림,전북특별자치도 전주시 완산구 맏내2길 9,전북특별자치도 전주시 완산구 평화동2가 851-6 1층(평화동2가),35.7916314,127.1307248,063-228-1312,카페,,"무엇을 먹을지 고민되신다고요? 전라북도 전주시에 계시다면 ""카페 드림""을 추천합니다!",운영중,True,True,평화2동,official_coordinates,https://www.data.go.kr/data/15076735/fileData.do; 2022-04-01,2022-04-01
863962,닥엔돈스,전북특별자치도 전주시 덕진구 석소로 64,전북특별자치도 전주시 덕진구 우아동2가 875-1,35.8328239,127.1679703,063-905-2122,음식점,,"전라북도 전주시에서 어디를 갈지 고민이라면! ""닥엔돈스""에 가보시는 건 어떨까요?",운영중,True,True,우아2동,official_coordinates,https://www.data.go.kr/data/15076735/fileData.do; 2022-04-01,2022-04-01
863785,진구네감자탕,전북특별자치도 전주시 완산구 소대배기로 5-6,전북특별자치도 전주시 완산구 평화동2가 334 원영빌딩,35.7876321,127.1314489,063-223-1700,감자탕,,"전라북도 전주시에 가신다면 ""진구네감자탕""에 방문해보세요~",운영중,True,True,평화2동,official_coordinates,https://www.data.go.kr/data/15076735/fileData.do; 2022-04-01,2022-04-01
863777,요거프레소 전주평화점,전북특별자치도 전주시 완산구 소대배기로 11,전북특별자치도 전주시 완산구 평화동2가 339-7,35.7875068,127.1315574,063-221-0811,카페,,"전라북도 전주시에서 어디를 갈지 고민이라면! ""요거프레소 전주평화점""에 가보시는 건 어떨까요?",운영중,True,True,평화2동,official_coordinates,https://www.data.go.kr/data/15076735/fileData.do; 2022-04-01,2022-04-01
863707,일루와,전북특별자치도 전주시 완산구 새터로 112 108호,전북특별자치도 전주시 완산구 삼천동1가 644-1,35.8347803,127.1182455,070-4647-0058,카페,,"전라북도 전주시에서 어디를 갈지 고민이라면! ""일루와""에 가보시는 건 어떨까요?",운영중,True,True,서신동,official_coordinates,https://www.data.go.kr/data/15076735/fileData.do; 2022-04-01,2022-04-01
863708,더리터 전주효천점,전북특별자치도 전주시 완산구 홍산로 6,전북특별자치도 전주시 완산구 삼천동1가 644-2,35.7952475,127.105422,063-223-7047,카페,,"전라북도 전주시에서 식당을 찾으신다면? ""더리터 전주효천점""을 방문해보세요!",운영중,True,True,삼천3동,official_coordinates,https://www.data.go.kr/data/15076735/fileData.do; 2022-04-01,2022-04-01
864746,진쌈연탄구이,전북특별자치도 전주시 덕진구 솔내9길 3,전북특별자치도 전주시 덕진구 송천동1가 106-2,35.8622905,127.1263184,063-253-0827,음식점,,"어디 가야 할지 고민이시라고요? 그럼 전라북도 전주시 맛집, ""진쌈연탄구이""를 추천합니다!",운영중,True,True,송천1동,official_coordinates,https://www.data.go.kr/data/15076735/fileData.do; 2022-04-01,2022-04-01
863712,파리바게트 전주 효천점,전북특별자치도 전주시 완산구 효천중앙로 17,전북특별자치도 전주시 완산구 삼천동1가 640-10,35.7987951,127.1035321,063-222-9599,베이커리,,"전라북도 전주시에서 맛집을 찾으신다면 ""파리바게트 전주 효천점""을 추천합니다.",운영중,True,True,효자4동,official_coordinates,https://www.data.go.kr/data/15076735/fileData.do; 2022-04-01,2022-04-01
863717,와플대학 전주효천점,전북특별자치도 전주시 완산구 효천중앙로 49,전북특별자치도 전주시 완산구 효자동2가 1377-4,35.7989551,127.1072243,063-222-4948,카페,,"""와플대학 전주효천점""을 전라북도 전주시의 가 볼 만한 식당으로 추천합니다!",운영중,True,True,효자4동,official_coordinates,https://www.data.go.kr/data/15076735/fileData.do; 2022-04-01,2022-04-01
863720,죠샌드위치 전주효천점,전북특별자치도 전주시 완산구 홍산로 16,전북특별자치도 전주시 덕진구 반월동 248-8,35.7960353,127.1060985,063-224-5002,샌드위치,,"전라북도 전주시에서 식당을 찾으신다면? ""죠샌드위치 전주효천점""을 방문해보세요!",운영중,True,True,삼천3동,official_coordinates,https://www.data.go.kr/data/15076735/fileData.do; 2022-04-01,2022-04-01
863729,벨라비베이커리,전북특별자치도 전주시 덕진구 만성남1길 62,전북특별자치도 전주시 덕진구 만성동 1274-8,35.8405123,127.0736555,050-7132-5006,베이커리,,"어디 가야 할지 고민이시라고요? 그럼 전라북도 전주시 맛집, ""벨라비베이커리""를 추천합니다!",운영중,True,True,여의동,official_coordinates,https://www.data.go.kr/data/15076735/fileData.do; 2022-04-01,2022-04-01
863781,고봉민김밥인,전북특별자치도 전주시 완산구 소대배기로 11,전북특별자치도 전주시 완산구 평화동2가 339-7,35.7875068,127.1315574,063-227-0053,김밥,,"전라북도 전주시에 가신다면 ""고봉민김밥인""에 방문해보세요~",운영중,True,True,평화2동,official_coordinates,https://www.data.go.kr/data/15076735/fileData.do; 2022-04-01,2022-04-01
863730,벨라비,전북특별자치도 전주시 덕진구 만성남1길 61,전북특별자치도 전주시 덕진구 만성동 1266-4,35.8407473,127.0738136,050-7132-5006,카페,,"전라북도 전주시에서 맛집을 찾으신다면 ""벨라비""를 추천합니다.",운영중,True,True,여의동,official_coordinates,https://www.data.go.kr/data/15076735/fileData.do; 2022-04-01,2022-04-01
863746,치순이통닭&생맥주,전북특별자치도 전주시 완산구 소대배기로 21 평화현대아파트 상가 지하1층,전북특별자치도 전주시 완산구 평화동2가 336-6,35.7872686,127.1327578,063-284-9595,,,"전라북도 전주시에서 맛집을 찾으신다면 ""치순이통닭&생맥주""를 추천합니다.",운영중,True,True,평화2동,official_coordinates,https://www.data.go.kr/data/15076735/fileData.do; 2022-04-01,2022-04-01
864743,쥬씨송천동점,전북특별자치도 전주시 덕진구 솔내로 129,전북특별자치도 전주시 덕진구 송천동1가 116,35.8615606,127.1265661,063-255-1855,,,"전라북도 전주시에서 식당을 찾으신다면? ""쥬씨송천동점""을 방문해보세요!",운영중,True,True,송천1동,official_coordinates,https://www.data.go.kr/data/15076735/fileData.do; 2022-04-01,2022-04-01
863758,일피오레,전북특별자치도 전주시 완산구 홍산4길 8 2층,전북특별자치도 전주시 완산구 효자동3가 1528-2,35.8183011,127.1097398,063-223-1454,이탈리아음식,,"전라북도 전주시에서 맛집을 찾으신다면 ""일피오레""를 추천합니다.",운영중,True,True,효자5동,official_coordinates,https://www.data.go.kr/data/15076735/fileData.do; 2022-04-01,2022-04-01
863760,여섯시광장,전북특별자치도 전주시 덕진구 만성중앙로 53-37,전북특별자치도 전주시 덕진구 만성동 1372-3,35.8432377,127.0776571,063-211-6601,한식,,"전라북도 전주시에서 어디를 갈지 고민이라면! ""여섯시광장""에 가보시는 건 어떨까요?",운영중,True,True,여의동,official_coordinates,https://www.data.go.kr/data/15076735/fileData.do; 2022-04-01,2022-04-01
863762,얌스 평화점,전북특별자치도 전주시 완산구 소대배기로 15,전북특별자치도 전주시 완산구 평화동2가 339-6,35.787425,127.1319744,063-221-7799,분식,,"어디 가야 할지 고민이시라고요? 그럼 전라북도 전주시 맛집, ""얌스 평화점""을 추천합니다!",운영중,True,True,평화2동,official_coordinates,https://www.data.go.kr/data/15076735/fileData.do; 2022-04-01,2022-04-01
863769,인앤아웃,전북특별자치도 전주시 완산구 소대배기로 13 2층,전북특별자치도 전주시 완산구 평화동2가 339-4,35.7874966,127.1317894,063-247-5959,차,,"""인앤아웃""은 전라북도 전주시에 있습니다.",운영중,True,True,평화2동,official_coordinates,https://www.data.go.kr/data/15076735/fileData.do; 2022-04-01,2022-04-01
863772,샌드리아 만성1호점,전북특별자치도 전주시 덕진구 만성중앙로 55,전북특별자치도 전주시 덕진구 만성동 1373-5,35.8426623,127.0778833,063-212-7447,샌드위치,,"전라북도 전주시에서 식당을 찾으신다면? ""샌드리아 만성1호점""을 방문해보세요!",운영중,True,True,여의동,official_coordinates,https://www.data.go.kr/data/15076735/fileData.do; 2022-04-01,2022-04-01
863733,레이커스,전북특별자치도 전주시 덕진구 만성남1길 58,전북특별자치도 전주시 덕진구 만성동 1274-6,35.8406344,127.0733681,050-7148-6331,차,,"전라북도 전주시에 가신다면 ""레이커스""에 방문해보세요~",운영중,True,True,여의동,official_coordinates,https://www.data.go.kr/data/15076735/fileData.do; 2022-04-01,2022-04-01
863706,감탄떡볶이 평화1호점,전북특별자치도 전주시 완산구 모악로 4688,전북특별자치도 전주시 완산구 삼천동1가 608-5,35.787804,127.1307179,063-284-1435,떡볶이,,"어디 가야 할지 고민이시라고요? 그럼 전라북도 전주시 맛집, ""감탄떡볶이 평화1호점""을 추천합니다!",운영중,True,True,평화2동,official_coordinates,https://www.data.go.kr/data/15076735/fileData.do; 2022-04-01,2022-04-01
864662,새마을식당 전북도청점,전북특별자치도 전주시 완산구 홍산중앙로 30,전북특별자치도 전주시 완산구 효자동3가 1536-6,35.8162925,127.1093203,063-221-0418,한식,,"전라북도 전주시에서 식당을 찾으신다면? ""새마을식당 전북도청점""을 방문해보세요!",운영중,True,True,효자5동,official_coordinates,https://www.data.go.kr/data/15076735/fileData.do; 2022-04-01,2022-04-01
864009,딜리셔스브레드,전북특별자치도 전주시 완산구 모악로 4683,전북특별자치도 전주시 완산구 평화동2가 312-6 우미아파트,35.78767,127.1300293,063-251-0038,베이커리,,"무엇을 먹을지 고민되신다고요? 전라북도 전주시에 계시다면 ""딜리셔스브레드""를 추천합니다!",운영중,True,True,평화2동,official_coordinates,https://www.data.go.kr/data/15076735/fileData.do; 2022-04-01,2022-04-01
864584,아무,전북특별자치도 전주시 완산구 소태정3길 18-1,전북특별자치도 전주시 완산구 효자동2가 1206-3,35.8033179,127.0990501,063-244-0240,카페,,"""아무""를 전라북도 전주시의 가 볼 만한 식당으로 추천합니다!",운영중,True,True,효자4동,official_coordinates,https://www.data.go.kr/data/15076735/fileData.do; 2022-04-01,2022-04-01
864283,모심,전북특별자치도 전주시 완산구 은행로 58,전북특별자치도 전주시 완산구 풍남동3가 64-2,35.8148693,127.1524266,063-231-0520,카페,,"전라북도 전주시에서 맛집을 찾으신다면 ""모심""을 추천합니다.",운영중,True,True,풍남동,official_coordinates,https://www.data.go.kr/data/15076735/fileData.do; 2022-04-01,2022-04-01
864284,사천마라,전북특별자치도 전주시 완산구 안터6길 39,전북특별자치도 전주시 완산구 서신동 809-3,35.830027,127.1167482,063-228-5008,,,"전라북도 전주시에서 어디를 갈지 고민이라면! ""사천마라""에 가보시는 건 어떨까요?",운영중,True,True,서신동,official_coordinates,https://www.data.go.kr/data/15076735/fileData.do; 2022-04-01,2022-04-01
864298,포스트빈,전북특별자치도 전주시 완산구 은행로 49,전북특별자치도 전주시 완산구 풍남동3가 55-11,35.8156328,127.1525476,063-282-6007,카페,,"""포스트빈""을 전라북도 전주시의 가 볼 만한 식당으로 추천합니다!",운영중,True,True,풍남동,official_coordinates,https://www.data.go.kr/data/15076735/fileData.do; 2022-04-01,2022-04-01
864561,하레,전북특별자치도 전주시 완산구 향교길 44,전북특별자치도 전주시 완산구 교동 215-2,35.811633,127.151942,063-282-7537,음식점,,"전라북도 전주시에서 맛집을 찾으신다면 ""하레""를 추천합니다.",운영중,True,True,풍남동,official_coordinates,https://www.data.go.kr/data/15076735/fileData.do; 2022-04-01,2022-04-01
864337,교동사랑,전북특별자치도 전주시 완산구 향교길 42,전북특별자치도 전주시 완산구 교동 216-3,35.8116672,127.1517894,063-285-9588,한식,,"""교동사랑""을 전라북도 전주시의 가 볼 만한 식당으로 추천합니다!",운영중,True,True,풍남동,official_coordinates,https://www.data.go.kr/data/15076735/fileData.do; 2022-04-01,2022-04-01
864535,가온집,전북특별자치도 전주시 완산구 은행로 68-12,전북특별자치도 전주시 완산구 교동 80-19,35.8138215,127.1521304,,음식점,,"전라북도 전주시에서 맛집을 찾으신다면 ""가온집""을 추천합니다.",운영중,True,True,풍남동,official_coordinates,https://www.data.go.kr/data/15076735/fileData.do; 2022-04-01,2022-04-01
864253,왓더블랙카페,전북특별자치도 전주시 완산구 봉곡로 8-1(1층 효자동2가)	,전북특별자치도 전주시 완산구 효자동2가 1305-3,35.8116822,127.0947187,070-8778-5427,카페,,"전라북도 전주시에서 식당을 찾으신다면? ""왓더블랙카페""를 방문해보세요!",운영중,True,True,효자4동,official_coordinates,https://www.data.go.kr/data/15076735/fileData.do; 2022-04-01,2022-04-01
864346,고래분식,전북특별자치도 전주시 덕진구 동가재미2길 47,전북특별자치도 전주시 덕진구 인후동1가 849-10,35.8345279,127.1655889,,분식,,"무엇을 먹을지 고민되신다고요? 전라북도 전주시에 계시다면 ""고래분식""을 추천합니다!",운영중,True,True,인후3동,official_coordinates,https://www.data.go.kr/data/15076735/fileData.do; 2022-04-01,2022-04-01
864382,더벙커 전주점,전북특별자치도 전주시 완산구 팔달로 19,전북특별자치도 전주시 완산구 서서학동 123-9 1층 (서서학동),35.8048195,127.1489861,063-903-7996,카페,,"어디 가야 할지 고민이시라고요? 그럼 전라북도 전주시 맛집, ""더벙커 전주점""을 추천합니다!",운영중,True,True,서서학동,official_coordinates,https://www.data.go.kr/data/15076735/fileData.do; 2022-04-01,2022-04-01
864385,술반고기반,전북특별자치도 전주시 완산구 서신천변15길 5,전북특별자치도 전주시 완산구 서신동 801-1,35.8317696,127.1136584,1577-1142,,,"어디 가야 할지 고민이시라고요? 그럼 전라북도 전주시 맛집, ""술반고기반""을 추천합니다!",운영중,True,True,서신동,official_coordinates,https://www.data.go.kr/data/15076735/fileData.do; 2022-04-01,2022-04-01
864515,구카페,전북특별자치도 전주시 완산구 태조로 54,전북특별자치도 전주시 완산구 전동 73,35.8140526,127.1488886,,카페,,"무엇을 먹을지 고민되신다고요? 전라북도 전주시에 계시다면 ""구카페""를 추천합니다!",운영중,True,True,풍남동,official_coordinates,https://www.data.go.kr/data/15076735/fileData.do; 2022-04-01,2022-04-01
864409,샘물맥주 서신점,전북특별자치도 전주시 완산구 고사평로 26 1층,전북특별자치도 전주시 완산구 서신동 934-1,35.8362069,127.1099155,063-251-7890,,,"""샘물맥주 서신점""은 전라북도 전주시에 있습니다.",운영중,True,True,서신동,official_coordinates,https://www.data.go.kr/data/15076735/fileData.do; 2022-04-01,2022-04-01
864435,킹스타 서신점,전북특별자치도 전주시 완산구 당산로 27,전북특별자치도 전주시 완산구 서신동 763-1 신일아파트,35.8323483,127.111435,063-277-8333,피자,,"무엇을 먹을지 고민되신다고요? 전라북도 전주시에 계시다면 ""킹스타 서신점""을 추천합니다!",운영중,True,True,서신동,official_coordinates,https://www.data.go.kr/data/15076735/fileData.do; 2022-04-01,2022-04-01
864440,땅스부대찌개 서신점,전북특별자치도 전주시 완산구 당산로 49,전북특별자치도 전주시 완산구 서신동 764-2 제일비사벌아파트 상가,35.8323435,127.1135945,063-255-8599,"찌개,전골",,"무엇을 먹을지 고민되신다고요? 전라북도 전주시에 계시다면 ""땅스부대찌개 서신점""을 추천합니다!",운영중,True,True,서신동,official_coordinates,https://www.data.go.kr/data/15076735/fileData.do; 2022-04-01,2022-04-01
864454,통큰할매순대국 전주혁신점,전북특별자치도 전주시 덕진구 오정1길 5,전북특별자치도 전주시 덕진구 중동 781-1,35.8356463,127.0604173,063-903-5959,,,"전라북도 전주시에서 맛집을 찾으신다면 ""통큰할매순대국 전주혁신점""을 추천합니다.",운영중,True,True,혁신동,official_coordinates,https://www.data.go.kr/data/15076735/fileData.do; 2022-04-01,2022-04-01
864525,캘리소프트서브,전북특별자치도 전주시 완산구 전동성당길 100,전북특별자치도 전주시 완산구 전동 64-1,35.8145129,127.1488516,,,,"""캘리소프트서브""는 전라북도 전주시에 있습니다.",운영중,True,True,풍남동,official_coordinates,https://www.data.go.kr/data/15076735/fileData.do; 2022-04-01,2022-04-01
863986,쪼오꼬인후점,전북특별자치도 전주시 덕진구 건산로 254-1 2층,전북특별자치도 전주시 덕진구 인후동1가 846-7,35.8347507,127.1649896,063-909-0777,카페,,"전라북도 전주시에 가신다면 ""쪼오꼬인후점""에 방문해보세요~",운영중,True,True,인후3동,official_coordinates,https://www.data.go.kr/data/15076735/fileData.do; 2022-04-01,2022-04-01
864251,우리동네 삼시세끼,전북특별자치도 전주시 완산구 봉곡3길 10(1층 효자동3가)	,전북특별자치도 전주시 완산구 효자동3가 1738-5,35.8119668,127.0977799,063-222-1457,분식,,"""우리동네 삼시세끼""를 전라북도 전주시의 가 볼 만한 식당으로 추천합니다!",운영중,True,True,효자4동,official_coordinates,https://www.data.go.kr/data/15076735/fileData.do; 2022-04-01,2022-04-01
864243,스타커피,전북특별자치도 전주시 완산구 경기전길 14-1,전북특별자치도 전주시 완산구 경원동2가 1-7,35.8187511,127.1500322,,카페,,"""스타커피""를 전라북도 전주시의 가 볼 만한 식당으로 추천합니다!",운영중,True,True,풍남동,official_coordinates,https://www.data.go.kr/data/15076735/fileData.do; 2022-04-01,2022-04-01
864021,예스투데이,전북특별자치도 전주시 덕진구 벚꽃3길 7,전북특별자치도 전주시 덕진구 진북동 1031-6,35.8282315,127.1337973,,카페,,"전라북도 전주시에서 가 볼 만한 식당을 찾으신다면? ""예스투데이""를 추천합니다!",운영중,True,True,진북동,official_coordinates,https://www.data.go.kr/data/15076735/fileData.do; 2022-04-01,2022-04-01
864045,칠다시십일,전북특별자치도 전주시 완산구 평화7길 11,전북특별자치도 전주시 완산구 평화동2가 225-1,35.7879638,127.1363507,063-254-7788,카페,,"전라북도 전주시에서 맛집을 찾으신다면 ""칠다시십일""을 추천합니다.",운영중,True,True,평화2동,official_coordinates,https://www.data.go.kr/data/15076735/fileData.do; 2022-04-01,2022-04-01
864660,달콤함을 담다,전북특별자치도 전주시 덕진구 삼송3길 45,전북특별자치도 전주시 덕진구 금암동 631-233,35.8439509,127.1375705,,카페,,"""달콤함을 담다""를 전라북도 전주시의 가 볼 만한 식당으로 추천합니다!",운영중,True,True,금암1동,official_coordinates,https://www.data.go.kr/data/15076735/fileData.do; 2022-04-01,2022-04-01
864089,IVY586,전북특별자치도 전주시 덕진구 백제대로 586,전북특별자치도 전주시 덕진구 금암동 728-141,35.84065,127.1339326,063-277-0586,카페,,"전라북도 전주시에서 맛집을 찾으신다면 ""IVY586""을 추천합니다.",운영중,True,True,금암1동,official_coordinates,https://www.data.go.kr/data/15076735/fileData.do; 2022-04-01,2022-04-01
864655,국수랑 김밥,전북특별자치도 전주시 덕진구 석소로 80,전북특별자치도 전주시 덕진구 우아동2가 558-11,35.8340464,127.167857,050-7132-4153,김밥,,"전라북도 전주시에서 어디를 갈지 고민이라면! ""국수랑 김밥""에 가보시는 건 어떨까요?",운영중,True,True,우아2동,official_coordinates,https://www.data.go.kr/data/15076735/fileData.do; 2022-04-01,2022-04-01
864098,서가참치,전북특별자치도 전주시 완산구 모악로 4665 2층,전북특별자치도 전주시 완산구 평화동2가 325-17,35.7861707,127.1292605,063-226-9555,생선회,,"전라북도 전주시에서 어디를 갈지 고민이라면! ""서가참치""에 가보시는 건 어떨까요?",운영중,True,True,평화2동,official_coordinates,https://www.data.go.kr/data/15076735/fileData.do; 2022-04-01,2022-04-01
864122,언더커버,전북특별자치도 전주시 덕진구 명륜3길 10,전북특별자치도 전주시 덕진구 덕진동1가 1265-1,35.8421805,127.1274114,050-7135-2304,술집,,"전라북도 전주시에서 식당을 찾으신다면? ""언더커버""를 방문해보세요!",운영중,True,True,덕진동,official_coordinates,https://www.data.go.kr/data/15076735/fileData.do; 2022-04-01,2022-04-01
864604,한스브레드,전북특별자치도 전주시 완산구 태조로 37,전북특별자치도 전주시 완산구 교동 274-1,35.8140984,127.1505928,063-286-5008,베이커리,,"""한스브레드""를 전라북도 전주시의 가 볼 만한 식당으로 추천합니다!",운영중,True,True,풍남동,official_coordinates,https://www.data.go.kr/data/15076735/fileData.do; 2022-04-01,2022-04-01
864131,솥뚜껑삽겹살,전북특별자치도 전주시 완산구 서학3길 11,전북특별자치도 전주시 완산구 서서학동  252-2,35.8059421,127.151585,063-283-9752,,,"무엇을 먹을지 고민되신다고요? 전라북도 전주시에 계시다면 ""솥뚜껑삽겹살""을 추천합니다!",운영중,True,True,서서학동,official_coordinates,https://www.data.go.kr/data/15076735/fileData.do; 2022-04-01,2022-04-01
864140,바른치킨 전주평화,전북특별자치도 전주시 완산구 평화7길 22,전북특별자치도 전주시 완산구 평화동2가 943,35.7871297,127.1371432,063-232-3392,,,"전라북도 전주시에 가신다면 ""바른치킨 전주평화""에 방문해보세요~",운영중,True,True,평화2동,official_coordinates,https://www.data.go.kr/data/15076735/fileData.do; 2022-04-01,2022-04-01
864641,양가떡카페,전북특별자치도 전주시 덕진구 진버들6길 8-1,전북특별자치도 전주시 덕진구 우아동2가 858-11,35.8365409,127.1670813,050-7135-5727,카페,,"전라북도 전주시에 가신다면 ""양가떡카페""에 방문해보세요~",운영중,True,True,우아2동,official_coordinates,https://www.data.go.kr/data/15076735/fileData.do; 2022-04-01,2022-04-01
864619,땅스부대찌개 효자점,전북특별자치도 전주시 완산구 호암로 78,전북특별자치도 전주시 완산구 효자동2가 1319-1,35.8084043,127.1027985,063-903-0599,"찌개,전골",,"전라북도 전주시에서 가 볼 만한 식당을 찾으신다면? ""땅스부대찌개 효자점""을 추천합니다!",운영중,True,True,효자4동,official_coordinates,https://www.data.go.kr/data/15076735/fileData.do; 2022-04-01,2022-04-01
864186,육값어치 삼천점,전북특별자치도 전주시 완산구 용리로 26,전북특별자치도 전주시 완산구 삼천동1가 284-61,35.7984606,127.112612,070-7543-1250,음식점,,"""육값어치 삼천점""은 전라북도 전주시에 있습니다.",운영중,True,True,삼천3동,official_coordinates,https://www.data.go.kr/data/15076735/fileData.do; 2022-04-01,2022-04-01
864190,냉삼이,전북특별자치도 전주시 완산구 용리로 26,전북특별자치도 전주시 완산구 삼천동1가 284-61,35.7984606,127.112612,063-221-8360,,,"""냉삼이""는 전라북도 전주시에 있습니다.",운영중,True,True,삼천3동,official_coordinates,https://www.data.go.kr/data/15076735/fileData.do; 2022-04-01,2022-04-01
864198,작은곰자리,전북특별자치도 전주시 덕진구 명륜2길 11-10,전북특별자치도 전주시 덕진구 덕진동1가 1264-14,35.8419639,127.1282267,,카페,,"어디 가야 할지 고민이시라고요? 그럼 전라북도 전주시 맛집, ""작은곰자리""를 추천합니다!",운영중,True,True,덕진동,official_coordinates,https://www.data.go.kr/data/15076735/fileData.do; 2022-04-01,2022-04-01
864239,초코트리,전북특별자치도 전주시 완산구 구룡1길 16(1층 효자동2가)	,전북특별자치도 전주시 완산구 효자동2가 1266-2,35.8116132,127.1036304,063-226-2219,카페,,"무엇을 먹을지 고민되신다고요? 전라북도 전주시에 계시다면 ""초코트리""를 추천합니다!",운영중,True,True,효자4동,official_coordinates,https://www.data.go.kr/data/15076735/fileData.do; 2022-04-01,2022-04-01
864132,코나,전북특별자치도 전주시 완산구 새터로 24,전북특별자치도 전주시 완산구 서신동 937-7,35.8361609,127.1093217,,카페,,"전라북도 전주시에서 가 볼 만한 식당을 찾으신다면? ""코나""를 추천합니다!",운영중,True,True,서신동,official_coordinates,https://www.data.go.kr/data/15076735/fileData.do; 2022-04-01,2022-04-01
863538,또봉이통닭(평화점),전북특별자치도 전주시 완산구 평화14길 28-5(평화동1가),전북특별자치도 전주시 완산구 삼천동2가 242-4,35.7929695,127.1332892,063-282-7788,,,"""또봉이통닭(평화점)""을 전라북도 전주시의 가 볼 만한 식당으로 추천합니다!",운영중,True,True,평화2동,official_coordinates,https://www.data.go.kr/data/15076735/fileData.do; 2022-04-01,2022-04-01
863703,교촌치킨 전주효천점,전북특별자치도 전주시 완산구 홍산로 14,전북특별자치도 전주시 완산구 서신동 5-32,35.7958786,127.1059693,063-237-0991,,,"전라북도 전주시에서 어디를 갈지 고민이라면! ""교촌치킨 전주효천점""에 가보시는 건 어떨까요?",운영중,True,True,삼천3동,official_coordinates,https://www.data.go.kr/data/15076735/fileData.do; 2022-04-01,2022-04-01
864747,가정팥칼국수,전북특별자치도 전주시 덕진구 붓내3길 44,전북특별자치도 전주시 덕진구 송천동2가 221,35.8662144,127.1263939,063-254-5511,칼국수,,"어디 가야 할지 고민이시라고요? 그럼 전라북도 전주시 맛집, ""가정팥칼국수""를 추천합니다!",운영중,True,True,송천1동,official_coordinates,https://www.data.go.kr/data/15076735/fileData.do; 2022-04-01,2022-04-01
864779,biig 063,전북특별자치도 전주시 완산구 마전중앙로 16,전북특별자치도 전주시 완산구 효자동3가 1644-5,35.8231383,127.1035646,063-222-5804,카페,,"어디 가야 할지 고민이시라고요? 그럼 전라북도 전주시 맛집, ""biig 063""을 추천합니다!",운영중,True,True,효자5동,official_coordinates,https://www.data.go.kr/data/15076735/fileData.do; 2022-04-01,2022-04-01
863575,이대감한우곱창,전북특별자치도 전주시 완산구 평화18길 23-8(평화동1가),전북특별자치도 전주시 완산구 중화산동2가 778-1,35.7943802,127.1336388,063-228-9249,소고기구이,,"전라북도 전주시에 가신다면 ""이대감한우곱창""에 방문해보세요~",운영중,True,True,평화2동,official_coordinates,https://www.data.go.kr/data/15076735/fileData.do; 2022-04-01,2022-04-01
863576,빈타이평화점,전북특별자치도 전주시 완산구 평화18길 17-10(1층 평화동1가),전북특별자치도 전주시 완산구 효자동1가 662-6,35.7941196,127.1344866,063-224-4376,카페,,"""빈타이평화점""을 전라북도 전주시의 가 볼 만한 식당으로 추천합니다!",운영중,True,True,평화2동,official_coordinates,https://www.data.go.kr/data/15076735/fileData.do; 2022-04-01,2022-04-01
863581,촌댁본맥주평화점,전북특별자치도 전주시 완산구 평화18길 29(1층 평화동1가),전북특별자치도 전주시 완산구 중화산동2가 592-15,35.794803,127.1333166,,,,"어디 가야 할지 고민이시라고요? 그럼 전라북도 전주시 맛집, ""촌댁본맥주평화점""을 추천합니다!",운영중,True,True,평화2동,official_coordinates,https://www.data.go.kr/data/15076735/fileData.do; 2022-04-01,2022-04-01
863586,차린,전북특별자치도 전주시 덕진구 중동로 104-10 3층,전북특별자치도 전주시 완산구 다가동4가 39-1,35.8429588,127.0645144,063-231-9292,한식,,"""차린""을 전라북도 전주시의 가 볼 만한 식당으로 추천합니다!",운영중,True,True,여의동,official_coordinates,https://www.data.go.kr/data/15076735/fileData.do; 2022-04-01,2022-04-01
863588,다사랑치킨피자 혁신점,전북특별자치도 전주시 덕진구 오공로 33-8,전북특별자치도 전주시 덕진구 중동 776-4,35.8369626,127.0594965,063-221-9272,피자,,"전라북도 전주시에서 식당을 찾으신다면? ""다사랑치킨피자 혁신점""을 방문해보세요!",운영중,True,True,혁신동,official_coordinates,https://www.data.go.kr/data/15076735/fileData.do; 2022-04-01,2022-04-01
863590,명륜진사갈비 전주혁신도시점,전북특별자치도 전주시 덕진구 기지로 68 2층,전북특별자치도 전주시 완산구 다가동4가 66,35.8381051,127.0593368,063-225-2488,,,"전라북도 전주시에서 식당을 찾으신다면? ""명륜진사갈비 전주혁신도시점""을 방문해보세요!",운영중,True,True,혁신동,official_coordinates,https://www.data.go.kr/data/15076735/fileData.do; 2022-04-01,2022-04-01
863573,제주다이닝,전북특별자치도 전주시 완산구 평화18길 29(하나빌딩 1층 평화동1가),전북특별자치도 전주시 덕진구 송천동2가 1299-3,35.794803,127.1333166,,,,"전라북도 전주시에서 식당을 찾으신다면? ""제주다이닝""을 방문해보세요!",운영중,True,True,평화2동,official_coordinates,https://www.data.go.kr/data/15076735/fileData.do; 2022-04-01,2022-04-01
863592,피자써클 혁신중동점,전북특별자치도 전주시 덕진구 오공로 43-52,전북특별자치도 전주시 완산구 다가동4가 98-6,35.8377165,127.0605622,063-228-2587,피자,,"무엇을 먹을지 고민되신다고요? 전라북도 전주시에 계시다면 ""피자써클 혁신중동점""을 추천합니다!",운영중,True,True,혁신동,official_coordinates,https://www.data.go.kr/data/15076735/fileData.do; 2022-04-01,2022-04-01
863594,청년피자전주혁신점,전북특별자치도 전주시 덕진구 기지로 82,전북특별자치도 전주시 완산구 다가동4가 90-1,35.8381049,127.0609008,063-221-0606,피자,,"전라북도 전주시에 가신다면 ""청년피자전주혁신점""에 방문해보세요~",운영중,True,True,혁신동,official_coordinates,https://www.data.go.kr/data/15076735/fileData.do; 2022-04-01,2022-04-01
863595,모몽크,전북특별자치도 전주시 덕진구 오공로 43-22,전북특별자치도 전주시 덕진구 금암동 767-2,35.8372949,127.0612927,063-229-0920,카페,,"""모몽크""를 전라북도 전주시의 가 볼 만한 식당으로 추천합니다!",운영중,True,True,혁신동,official_coordinates,https://www.data.go.kr/data/15076735/fileData.do; 2022-04-01,2022-04-01
864754,카페 폼피,전북특별자치도 전주시 덕진구 동가재미3길 2,전북특별자치도 전주시 덕진구 인후동1가 836-1,35.8333405,127.160795,,카페,,"전라북도 전주시에서 식당을 찾으신다면? ""카페 폼피""를 방문해보세요!",운영중,True,True,인후3동,official_coordinates,https://www.data.go.kr/data/15076735/fileData.do; 2022-04-01,2022-04-01
863597,맛드림김밥랜드 혁신점,전북특별자치도 전주시 덕진구 기지로 78,전북특별자치도 전주시 완산구 다가동4가 89-4,35.8380941,127.0605693,063-227-5955,김밥,,"어디 가야 할지 고민이시라고요? 그럼 전라북도 전주시 맛집, ""맛드림김밥랜드 혁신점""을 추천합니다!",운영중,True,True,혁신동,official_coordinates,https://www.data.go.kr/data/15076735/fileData.do; 2022-04-01,2022-04-01
864753,나이테 ,전북특별자치도 전주시 덕진구 동가재미2길 4,전북특별자치도 전주시 덕진구 인후동1가 839-1,35.8329953,127.161182,,카페,,"전라북도 전주시에서 식당을 찾으신다면? ""나이테 ""를 방문해보세요!",운영중,True,True,인후3동,official_coordinates,https://www.data.go.kr/data/15076735/fileData.do; 2022-04-01,2022-04-01
863600,봉주르 밥상,전북특별자치도 전주시 완산구 서신천변로 71,전북특별자치도 전주시 완산구 다가동3가 44-2,35.8316235,127.1140632,063-273-5595,한식,,"전라북도 전주시에서 식당을 찾으신다면? ""봉주르 밥상""을 방문해보세요!",운영중,True,True,서신동,official_coordinates,https://www.data.go.kr/data/15076735/fileData.do; 2022-04-01,2022-04-01
863601,마왕족발전주혁신도시점,전북특별자치도 전주시 덕진구 안전로 148,전북특별자치도 전주시 덕진구 송천동2가 1301-2,35.8372636,127.0590019,063-247-7878,,,"전라북도 전주시에서 가 볼 만한 식당을 찾으신다면? ""마왕족발전주혁신도시점""을 추천합니다!",운영중,True,True,혁신동,official_coordinates,https://www.data.go.kr/data/15076735/fileData.do; 2022-04-01,2022-04-01
863593,충만치킨 혁신점,전북특별자치도 전주시 덕진구 오공로 43-48,전북특별자치도 전주시 덕진구 송천동2가 1301-2,35.8372898,127.0605586,063-223-9295,,,"""충만치킨 혁신점""을 전라북도 전주시의 가 볼 만한 식당으로 추천합니다!",운영중,True,True,혁신동,official_coordinates,https://www.data.go.kr/data/15076735/fileData.do; 2022-04-01,2022-04-01
863602,카페에쏠로지 서신점,전북특별자치도 전주시 완산구 서신로 112,전북특별자치도 전주시 완산구 다가동4가 83-12,35.8352405,127.1160951,070-8733-5000,카페,,"""카페에쏠로지 서신점""을 전라북도 전주시의 가 볼 만한 식당으로 추천합니다!",운영중,True,True,서신동,official_coordinates,https://www.data.go.kr/data/15076735/fileData.do; 2022-04-01,2022-04-01
864780,레인보우 마카롱,전북특별자치도 전주시 덕진구 기지로 77,전북특별자치도 전주시 덕진구 장동 1111,35.838805,127.059285,,카페,,"전라북도 전주시에서 맛집을 찾으신다면 ""레인보우 마카롱""을 추천합니다.",운영중,True,True,여의동,official_coordinates,https://www.data.go.kr/data/15076735/fileData.do; 2022-04-01,2022-04-01
863565,원평시골피순대평화점,전북특별자치도 전주시 완산구 장승배기로 190(평화동1가)	,전북특별자치도 전주시 완산구 다가동4가 40-9,35.7956338,127.1335274,063-901-3516,순대,,"전라북도 전주시에서 어디를 갈지 고민이라면! ""원평시골피순대평화점""에 가보시는 건 어떨까요?",운영중,True,True,평화2동,official_coordinates,https://www.data.go.kr/data/15076735/fileData.do; 2022-04-01,2022-04-01
863540,위드스위트커피,전북특별자치도 전주시 완산구 서신천변15길 11-2,전북특별자치도 전주시 완산구 삼천동2가 275-3,35.8316132,127.112877,063-255-5302,카페,,"""위드스위트커피""를 전라북도 전주시의 가 볼 만한 식당으로 추천합니다!",운영중,True,True,서신동,official_coordinates,https://www.data.go.kr/data/15076735/fileData.do; 2022-04-01,2022-04-01
863542,산돌,전북특별자치도 전주시 완산구 평화14길 27-7(평화동2가),전북특별자치도 전주시 완산구 삼천동2가 273-2,35.7922103,127.1336689,063-228-4677,,,"전라북도 전주시에서 맛집을 찾으신다면 ""산돌""을 추천합니다.",운영중,True,True,평화2동,official_coordinates,https://www.data.go.kr/data/15076735/fileData.do; 2022-04-01,2022-04-01
863543,이가원,전북특별자치도 전주시 완산구 평화15길 12(1층 평화동2가),전북특별자치도 전주시 완산구 삼천동2가 284,35.7914113,127.1372705,063-223-2260,한식,,"전라북도 전주시에서 맛집을 찾으신다면 ""이가원""을 추천합니다.",운영중,True,True,평화2동,official_coordinates,https://www.data.go.kr/data/15076735/fileData.do; 2022-04-01,2022-04-01
863544,학산집정육식당,전북특별자치도 전주시 완산구 평화11길 4(평화동2가),전북특별자치도 전주시 완산구 삼천동1가 305-1,35.7896406,127.1359341,063-211-8970,,,"전라북도 전주시에서 맛집을 찾으신다면 ""학산집정육식당""을 추천합니다.",운영중,True,True,평화2동,official_coordinates,https://www.data.go.kr/data/15076735/fileData.do; 2022-04-01,2022-04-01
863545,노랑통닭 평화점,전북특별자치도 전주시 완산구 평화11길 7(평화동2가),전북특별자치도 전주시 덕진구 송천동2가 1307,35.7897615,127.1362518,063-222-5282,,,"전라북도 전주시에서 맛집을 찾으신다면 ""노랑통닭 평화점""을 추천합니다.",운영중,True,True,평화2동,official_coordinates,https://www.data.go.kr/data/15076735/fileData.do; 2022-04-01,2022-04-01
863546,치킨신드롬평화1호점,전북특별자치도 전주시 완산구 평화11길 9(평화동2가),전북특별자치도 전주시 완산구 삼천동1가 417-1,35.7897192,127.1364422,063-236-3990,,,"전라북도 전주시에서 어디를 갈지 고민이라면! ""치킨신드롬평화1호점""에 가보시는 건 어떨까요?",운영중,True,True,평화2동,official_coordinates,https://www.data.go.kr/data/15076735/fileData.do; 2022-04-01,2022-04-01
863548,전주물갈비,전북특별자치도 전주시 완산구 평화로 146(평화동2가),전북특별자치도 전주시 덕진구 송천동2가 1301-2,35.7895247,127.1356763,063-237-3245,,,"전라북도 전주시에서 어디를 갈지 고민이라면! ""전주물갈비""에 가보시는 건 어떨까요?",운영중,True,True,평화2동,official_coordinates,https://www.data.go.kr/data/15076735/fileData.do; 2022-04-01,2022-04-01
863567,역전할머니맥주 평화2호점	,전북특별자치도 전주시 완산구 장승배기로 184(1층 평화동1가),전북특별자치도 전주시 완산구 삼천동1가 725-9,35.7954118,127.1331823,063-251-7624,,,"""전라북도 전주시에 가신다면 """"역전할머니맥주 평화2호점""""에 방문해보세요~""",운영중,True,True,평화2동,official_coordinates,https://www.data.go.kr/data/15076735/fileData.do; 2022-04-01,2022-04-01
864783,"강정구 피자생각, 홍그리 떡볶이","전북특별자치도 전주시 덕진구 기지로 77 B113,114호",전북특별자치도 전주시 덕진구 장동 1111,35.838805,127.059285,063-223-3945,피자,,"""강정구 피자생각, 홍그리 떡볶이""를 전라북도 전주시의 가 볼 만한 식당으로 추천합니다!",운영중,True,True,여의동,official_coordinates,https://www.data.go.kr/data/15076735/fileData.do; 2022-04-01,2022-04-01
863552,덕천순대국밥,전북특별자치도 전주시 완산구 평화13길 6(평화동2가),전북특별자치도 전주시 완산구 중화산동2가 592-13,35.7905972,127.1362331,063-223-5769,,,"무엇을 먹을지 고민되신다고요? 전라북도 전주시에 계시다면 ""덕천순대국밥""을 추천합니다!",운영중,True,True,평화2동,official_coordinates,https://www.data.go.kr/data/15076735/fileData.do; 2022-04-01,2022-04-01
863554,치킨과바람피자,전북특별자치도 전주시 완산구 평화18길 24-8(1층 평화동1가)	,전북특별자치도 전주시 완산구 효자동3가 1616-10,35.7954497,127.1342263,063-226-0785,피자,,"""치킨과바람피자""는 전라북도 전주시에 있습니다.",운영중,True,True,평화2동,official_coordinates,https://www.data.go.kr/data/15076735/fileData.do; 2022-04-01,2022-04-01
864781,빽다방,전북특별자치도 전주시 덕진구 기지로 77,전북특별자치도 전주시 덕진구 장동 1111,35.838805,127.059285,063-222-7798,카페,,"""빽다방""을 전라북도 전주시의 가 볼 만한 식당으로 추천합니다!",운영중,True,True,여의동,official_coordinates,https://www.data.go.kr/data/15076735/fileData.do; 2022-04-01,2022-04-01
863560,"원할머니보쌈,족발,박가부대찌개 평화점",전북특별자치도 전주시 완산구 장승배기로 196(평화동1가),전북특별자치도 전주시 완산구 삼천동1가 443,35.7957509,127.1341775,063-224-1253,,,"전라북도 전주시에 가신다면 ""원할머니보쌈,족발,박가부대찌개 평화점""에 방문해보세요~",운영중,True,True,평화2동,official_coordinates,https://www.data.go.kr/data/15076735/fileData.do; 2022-04-01,2022-04-01
863561,몽롱,전북특별자치도 전주시 완산구 충경로 29,전북특별자치도 전주시 완산구 중앙동1가 4-1,35.817432,127.1424637,063-288-7900,술집,,"전라북도 전주시에서 어디를 갈지 고민이라면! ""몽롱""에 가보시는 건 어떨까요?",운영중,True,True,중앙동,official_coordinates,https://www.data.go.kr/data/15076735/fileData.do; 2022-04-01,2022-04-01
863562,마루벌돌구이,전북특별자치도 전주시 완산구 장승배기로 196(평화동1가),전북특별자치도 전주시 완산구 삼천동1가 287-24,35.7957509,127.1341775,063-226-0660,한식,,"전라북도 전주시에서 어디를 갈지 고민이라면! ""마루벌돌구이""에 가보시는 건 어떨까요?",운영중,True,True,평화2동,official_coordinates,https://www.data.go.kr/data/15076735/fileData.do; 2022-04-01,2022-04-01
863564,본죽(평화점),전북특별자치도 전주시 완산구 장승배기로 194(평화동1가),전북특별자치도 전주시 완산구 삼천동1가 725-13,35.7957276,127.133882,063-227-3554,죽,,"전라북도 전주시에서 식당을 찾으신다면? ""본죽(평화점)""을 방문해보세요!",운영중,True,True,평화2동,official_coordinates,https://www.data.go.kr/data/15076735/fileData.do; 2022-04-01,2022-04-01
863551,신김밥천국(평화점),전북특별자치도 전주시 완산구 평화18길 23-9(평화동1가)	,전북특별자치도 전주시 완산구 중화산동2가 615-13,35.7941402,127.1338725,063-227-5558,김밥,,"""신김밥천국(평화점)""은 전라북도 전주시에 있습니다.",운영중,True,True,평화2동,official_coordinates,https://www.data.go.kr/data/15076735/fileData.do; 2022-04-01,2022-04-01
863701,본죽평화현대점,전북특별자치도 전주시 완산구 모악로 4692,전북특별자치도 전주시 덕진구 금암동 470-2,35.7883084,127.1309312,063-225-6282,죽,,"전라북도 전주시에서 어디를 갈지 고민이라면! ""본죽평화현대점""에 가보시는 건 어떨까요?",운영중,True,True,평화2동,official_coordinates,https://www.data.go.kr/data/15076735/fileData.do; 2022-04-01,2022-04-01
864752,불로만숯불바베큐 송천점,전북특별자치도 전주시 덕진구 솔내로 170,전북특별자치도 전주시 덕진구 송천동2가 202-68,35.8651835,127.1272838,050-7147-5722,한식,,"무엇을 먹을지 고민되신다고요? 전라북도 전주시에 계시다면 ""불로만숯불바베큐 송천점""을 추천합니다!",운영중,True,True,송천1동,official_coordinates,https://www.data.go.kr/data/15076735/fileData.do; 2022-04-01,2022-04-01
863606,비비큐전주에코시티점,전북특별자치도 전주시 덕진구 세병2길 27,전북특별자치도 전주시 덕진구 금암동 664-46,35.8728424,127.126785,063-273-9285,한식,,"전라북도 전주시에서 가 볼 만한 식당을 찾으신다면? ""비비큐전주에코시티점""을 추천합니다!",운영중,True,True,송천1동,official_coordinates,https://www.data.go.kr/data/15076735/fileData.do; 2022-04-01,2022-04-01
863669,이디야 전주평화점,전북특별자치도 전주시 완산구 소대배기로 12,전북특별자치도 전주시 덕진구 덕진동1가 1283-2,35.7871771,127.1314178,063-228-5302,카페,,"전라북도 전주시에서 식당을 찾으신다면? ""이디야 전주평화점""을 방문해보세요!",운영중,True,True,평화2동,official_coordinates,https://www.data.go.kr/data/15076735/fileData.do; 2022-04-01,2022-04-01
863670,새마을식당전주에코시티점,전북특별자치도 전주시 덕진구 세병2길 31-7,전북특별자치도 전주시 덕진구 송천동2가 1327-8,35.8733392,127.127337,063-275-4402,한식,,"전라북도 전주시에서 가 볼 만한 식당을 찾으신다면? ""새마을식당전주에코시티점""을 추천합니다!",운영중,True,True,송천1동,official_coordinates,https://www.data.go.kr/data/15076735/fileData.do; 2022-04-01,2022-04-01
863671,못난이꽈배기 혁신도시점,전북특별자치도 전주시 덕진구 기지로 77,전북특별자치도 전주시 덕진구 금암동 700-7,35.838805,127.059285,063-224-0509,,,"무엇을 먹을지 고민되신다고요? 전라북도 전주시에 계시다면 ""못난이꽈배기 혁신도시점""을 추천합니다!",운영중,True,True,여의동,official_coordinates,https://www.data.go.kr/data/15076735/fileData.do; 2022-04-01,2022-04-01
863672,던킨 에코점,전북특별자치도 전주시 덕진구 세병로 28,전북특별자치도 전주시 덕진구 금암동 705-7,35.8739494,127.127803,063-255-3114,,,"어디 가야 할지 고민이시라고요? 그럼 전라북도 전주시 맛집, ""던킨 에코점""을 추천합니다!",운영중,True,True,송천1동,official_coordinates,https://www.data.go.kr/data/15076735/fileData.do; 2022-04-01,2022-04-01
864751,청년피자 인후점,전북특별자치도 전주시 덕진구 동가재미2길 9,전북특별자치도 전주시 덕진구 인후동1가 837-11,35.8333167,127.1617218,063-243-6557,피자,,"""청년피자 인후점""은 전라북도 전주시에 있습니다.",운영중,True,True,인후3동,official_coordinates,https://www.data.go.kr/data/15076735/fileData.do; 2022-04-01,2022-04-01
864750,연어미가,전북특별자치도 전주시 덕진구 솔내로 170-1,전북특별자치도 전주시 덕진구 송천동2가 202-54,35.8653949,127.127319,063-276-3772,음식점,,"전라북도 전주시에서 어디를 갈지 고민이라면! ""연어미가""에 가보시는 건 어떨까요?",운영중,True,True,송천1동,official_coordinates,https://www.data.go.kr/data/15076735/fileData.do; 2022-04-01,2022-04-01
863676,신포우리만두 평화점,전북특별자치도 전주시 완산구 소대배기로 12,전북특별자치도 전주시 덕진구 금암동 459-4,35.7871771,127.1314178,063-227-7999,만두,,"전라북도 전주시에서 어디를 갈지 고민이라면! ""신포우리만두 평화점""에 가보시는 건 어떨까요?",운영중,True,True,평화2동,official_coordinates,https://www.data.go.kr/data/15076735/fileData.do; 2022-04-01,2022-04-01
863668,얌스 롯데점,전북특별자치도 전주시 완산구 새터로 122-23,전북특별자치도 전주시 덕진구 덕진동1가 1283-2,35.8345931,127.1202148,063-255-8281,분식,,"전라북도 전주시에서 가 볼 만한 식당을 찾으신다면? ""얌스 롯데점""을 추천합니다!",운영중,True,True,서신동,official_coordinates,https://www.data.go.kr/data/15076735/fileData.do; 2022-04-01,2022-04-01
863677,뚜레쥬르 에코시티점,전북특별자치도 전주시 덕진구 세병로 35,전북특별자치도 전주시 덕진구 금암동 459-4,35.8735928,127.1290651,063-244-6519,카페,,"전라북도 전주시에서 가 볼 만한 식당을 찾으신다면? ""뚜레쥬르 에코시티점""을 추천합니다!",운영중,True,True,송천1동,official_coordinates,https://www.data.go.kr/data/15076735/fileData.do; 2022-04-01,2022-04-01
863682,죠스떡볶이앤바르다김선생전주혁신도시점,전북특별자치도 전주시 덕진구 기지로 77,전북특별자치도 전주시 완산구 삼천동1가 289-5,35.838805,127.059285,063-236-5455,떡볶이,,"전라북도 전주시에서 가 볼 만한 식당을 찾으신다면? ""죠스떡볶이앤바르다김선생전주혁신도시점""을 추천합니다!",운영중,True,True,여의동,official_coordinates,https://www.data.go.kr/data/15076735/fileData.do; 2022-04-01,2022-04-01
863686,배스킨라빈스 전주평화점,전북특별자치도 전주시 완산구 모악로 4680,전북특별자치도 전주 완산구 평화동 2가 888번지,35.7872574,127.1307297,063-236-3179,아이스크림,,"전라북도 전주시에서 식당을 찾으신다면? ""배스킨라빈스 전주평화점""을 방문해보세요!",운영중,True,True,평화2동,official_coordinates,https://www.data.go.kr/data/15076735/fileData.do; 2022-04-01,2022-04-01
863687,본가신촌설렁탕 전주혁신점,전북특별자치도 전주시 덕진구 기지로 93,전북특별자치도 전주시 덕진구 덕진동1가 1266-23,35.8386881,127.0623968,063-222-7701,설렁탕,,"어디 가야 할지 고민이시라고요? 그럼 전라북도 전주시 맛집, ""본가신촌설렁탕 전주혁신점""을 추천합니다!",운영중,True,True,여의동,official_coordinates,https://www.data.go.kr/data/15076735/fileData.do; 2022-04-01,2022-04-01
863689,본죽앤비빔밥카페 전주롯데점,전북특별자치도 전주시 완산구 온고을로 30-18,전북특별자치도 전주시 덕진구 금암동 705-7,35.8345847,127.1205892,063-275-3657,카페,,"전라북도 전주시에서 맛집을 찾으신다면 ""본죽앤비빔밥카페 전주롯데점""을 추천합니다.",운영중,True,True,서신동,official_coordinates,https://www.data.go.kr/data/15076735/fileData.do; 2022-04-01,2022-04-01
863690,라라코스트평화점,전북특별자치도 전주시 완산구 모악로 4692 2층,전북특별자치도 전주시 덕진구 금암동 796-5,35.7883084,127.1309312,063-224-3230,이탈리아음식,,"전라북도 전주시에서 식당을 찾으신다면? ""라라코스트평화점""을 방문해보세요!",운영중,True,True,평화2동,official_coordinates,https://www.data.go.kr/data/15076735/fileData.do; 2022-04-01,2022-04-01
863694,커피바움,전북특별자치도 전주시 덕진구 오공로 43-5,전북특별자치도 전주시 덕진구 금암동 728-28,35.8367322,127.0599667,063-225-4709,카페,,"전라북도 전주시에서 맛집을 찾으신다면 ""커피바움""을 추천합니다.",운영중,True,True,혁신동,official_coordinates,https://www.data.go.kr/data/15076735/fileData.do; 2022-04-01,2022-04-01
864748,몽이집 콩나물국밥,전북특별자치도 전주시 덕진구 솔내로 173-10,전북특별자치도 전주시 덕진구 송천동2가 224-1,35.8660577,127.1263925,063-901-1234,국밥,,"전라북도 전주시에서 식당을 찾으신다면? ""몽이집 콩나물국밥""을 방문해보세요!",운영중,True,True,송천1동,official_coordinates,https://www.data.go.kr/data/15076735/fileData.do; 2022-04-01,2022-04-01
864749,생선이야기,전북특별자치도 전주시 덕진구 동가재미2길 12,전북특별자치도 전주시 덕진구 인후동1가 839-6,35.8331381,127.1618032,063-247-1530,생선구이,,"전라북도 전주시에서 어디를 갈지 고민이라면! ""생선이야기""에 가보시는 건 어떨까요?",운영중,True,True,인후3동,official_coordinates,https://www.data.go.kr/data/15076735/fileData.do; 2022-04-01,2022-04-01
863605,피자플래넷 서신점,전북특별자치도 전주시 완산구 서신천변12길 3,전북특별자치도 전주시 덕진구 송천동2가 1301-2,35.8302949,127.1145393,063-255-3132,피자,,"어디 가야 할지 고민이시라고요? 그럼 전라북도 전주시 맛집, ""피자플래넷 서신점""을 추천합니다!",운영중,True,True,서신동,official_coordinates,https://www.data.go.kr/data/15076735/fileData.do; 2022-04-01,2022-04-01
863667,김밥천국 전주지곡점,전북특별자치도 전주시 완산구 소대배기로 18,전북특별자치도 전주시 덕진구 덕진동1가 664-1,35.7870295,127.1320792,063-229-6999,김밥,,"""김밥천국 전주지곡점""을 전라북도 전주시의 가 볼 만한 식당으로 추천합니다!",운영중,True,True,평화2동,official_coordinates,https://www.data.go.kr/data/15076735/fileData.do; 2022-04-01,2022-04-01
863665,돈벗,전북특별자치도 전주시 완산구 온고을로 30-30,전북특별자치도 전주시 덕진구 금암동 728-186,35.8346118,127.1198289,063-211-7942,,,"""돈벗""을 전라북도 전주시의 가 볼 만한 식당으로 추천합니다!",운영중,True,True,서신동,official_coordinates,https://www.data.go.kr/data/15076735/fileData.do; 2022-04-01,2022-04-01
863607,택이네조개전골,전북특별자치도 전주시 덕진구 세병2길 21,전북특별자치도 전주시 완산구 중화산동2가 594-7,35.872823,127.1263308,063-277-4542,,,"전라북도 전주시에 가신다면 ""택이네조개전골""에 방문해보세요~",운영중,True,True,송천1동,official_coordinates,https://www.data.go.kr/data/15076735/fileData.do; 2022-04-01,2022-04-01
863608,커피홀베이커리전주에코시티점,전북특별자치도 전주시 덕진구 세병2길 16,전북특별자치도 전주시 완산구 중화산동2가 599-1,35.8728418,127.1255775,063-287-1001,베이커리,,"""커피홀베이커리전주에코시티점""은 전라북도 전주시에 있습니다.",운영중,True,True,송천1동,official_coordinates,https://www.data.go.kr/data/15076735/fileData.do; 2022-04-01,2022-04-01
863609,BHC 전주에코시티점,전북특별자치도 전주시 덕진구 세병1길 36,전북특별자치도 전주시 덕진구 금암동 664-43,35.8737048,127.1274238,063-255-2999,,,"무엇을 먹을지 고민되신다고요? 전라북도 전주시에 계시다면 ""BHC 전주에코시티점""을 추천합니다!",운영중,True,True,송천1동,official_coordinates,https://www.data.go.kr/data/15076735/fileData.do; 2022-04-01,2022-04-01
863610,블레스롤전주에코시티점,전북특별자치도 전주시 덕진구 세병1길 36,전북특별자치도 전주시 완산구 중화산동2가 599-2,35.8737048,127.1274238,063-254-9991,카페,,"무엇을 먹을지 고민되신다고요? 전라북도 전주시에 계시다면 ""블레스롤전주에코시티점""을 추천합니다!",운영중,True,True,송천1동,official_coordinates,https://www.data.go.kr/data/15076735/fileData.do; 2022-04-01,2022-04-01
863611,가장맛있는족발전주에코시티점,전북특별자치도 전주시 덕진구 세병2길 31-7,전북특별자치도 전주시 덕진구 송천동2가 1345,35.8733392,127.127337,063-272-5849,,,"""가장맛있는족발전주에코시티점""을 전라북도 전주시의 가 볼 만한 식당으로 추천합니다!",운영중,True,True,송천1동,official_coordinates,https://www.data.go.kr/data/15076735/fileData.do; 2022-04-01,2022-04-01
863612,이대연어,전북특별자치도 전주시 덕진구 세병1길 32,전북특별자치도 전주시 덕진구 금암동 664-42,35.873526,127.1269752,063-716-9585,음식점,,"어디 가야 할지 고민이시라고요? 그럼 전라북도 전주시 맛집, ""이대연어""를 추천합니다!",운영중,True,True,송천1동,official_coordinates,https://www.data.go.kr/data/15076735/fileData.do; 2022-04-01,2022-04-01
863613,청년다방에코시티점,전북특별자치도 전주시 덕진구 세병남로 37,전북특별자치도 전주시 완산구 중화산동2가 598-6,35.8730761,127.1276561,063-253-2030,분식,,"전라북도 전주시에서 맛집을 찾으신다면 ""청년다방에코시티점""을 추천합니다.",운영중,True,True,송천1동,official_coordinates,https://www.data.go.kr/data/15076735/fileData.do; 2022-04-01,2022-04-01
863666,공차 전주평화점,전북특별자치도 전주시 완산구 소대배기로 20,전북특별자치도 전주시 덕진구 금암동 728-53,35.7869796,127.1323979,063-226-0706,차,,"무엇을 먹을지 고민되신다고요? 전라북도 전주시에 계시다면 ""공차 전주평화점""을 추천합니다!",운영중,True,True,평화2동,official_coordinates,https://www.data.go.kr/data/15076735/fileData.do; 2022-04-01,2022-04-01
863646,풍천민물장어직판점,전북특별자치도 전주시 덕진구 기린대로 417,전북특별자치도 전주시 완산구 효자동3가 1538-5,35.8385432,127.1302993,063-253-5544,,,"전라북도 전주시에서 식당을 찾으신다면? ""풍천민물장어직판점""을 방문해보세요!",운영중,True,True,금암1동,official_coordinates,https://www.data.go.kr/data/15076735/fileData.do; 2022-04-01,2022-04-01
863650,팔공티 효천점,전북특별자치도 전주시 완산구 효천중앙로 51,전북특별자치도 전주시 완산구 삼천동1가 284-3,35.7989523,127.1075191,063-222-7882,차,,"""팔공티 효천점""은 전라북도 전주시에 있습니다.",운영중,True,True,효자4동,official_coordinates,https://www.data.go.kr/data/15076735/fileData.do; 2022-04-01,2022-04-01
863651,소울316,전북특별자치도 전주시 완산구 새터로 120,전북특별자치도 전주시 완산구 삼천동1가 286-25,35.8353935,127.1198314,063-276-3695,카페,,"전라북도 전주시에서 어디를 갈지 고민이라면! ""소울316""에 가보시는 건 어떨까요?",운영중,True,True,서신동,official_coordinates,https://www.data.go.kr/data/15076735/fileData.do; 2022-04-01,2022-04-01
863652,설빙평화점,전북특별자치도 전주시 완산구 소대배기로 32 2층,전북특별자치도 전주시 완산구 삼천동1가 387-2,35.7867281,127.1335094,063-221-1751,카페,,"무엇을 먹을지 고민되신다고요? 전라북도 전주시에 계시다면 ""설빙평화점""을 추천합니다!",운영중,True,True,평화2동,official_coordinates,https://www.data.go.kr/data/15076735/fileData.do; 2022-04-01,2022-04-01
863654,BBQ치킨 효천점,전북특별자치도 전주시 완산구 효천중앙로 51,전북특별자치도 전주시 완산구 효자동1가 444-2,35.7989523,127.1075191,063-221-4292,,,"전라북도 전주시에 가신다면 ""BBQ치킨 효천점""에 방문해보세요~",운영중,True,True,효자4동,official_coordinates,https://www.data.go.kr/data/15076735/fileData.do; 2022-04-01,2022-04-01
863658,정’s돈까스,전북특별자치도 전주시 완산구 소대배기로 28,전북특별자치도 전주시 완산구 서신동 5-32,35.7867673,127.1332306,063-222-9790,,,"전라북도 전주시에서 식당을 찾으신다면? ""정’s돈까스""를 방문해보세요!",운영중,True,True,평화2동,official_coordinates,https://www.data.go.kr/data/15076735/fileData.do; 2022-04-01,2022-04-01
863660,이디야커피 효천대방점,전북특별자치도 전주시 완산구 홍산로 14,전북특별자치도 전주시 덕진구 금암동 470-3,35.7958786,127.1059693,063-223-4755,카페,,"전라북도 전주시에 가신다면 ""이디야커피 효천대방점""에 방문해보세요~",운영중,True,True,삼천3동,official_coordinates,https://www.data.go.kr/data/15076735/fileData.do; 2022-04-01,2022-04-01
863661,파리바게트 평화현대점,전북특별자치도 전주시 완산구 소대배기로 22,전북특별자치도 전주시 덕진구 금암동 471-9,35.7869145,127.1326425,063-228-8204,베이커리,,"""파리바게트 평화현대점""을 전라북도 전주시의 가 볼 만한 식당으로 추천합니다!",운영중,True,True,평화2동,official_coordinates,https://www.data.go.kr/data/15076735/fileData.do; 2022-04-01,2022-04-01
863648,밸리하우스,전북특별자치도 전주시 완산구 서신로 102-1 선수촌아파트 상가,전북특별자치도 전주시 완산구 서신동 965-2,35.8348094,127.1164024,063-252-3373,샌드위치,,"전라북도 전주시에서 가 볼 만한 식당을 찾으신다면? ""밸리하우스""를 추천합니다!",운영중,True,True,서신동,official_coordinates,https://www.data.go.kr/data/15076735/fileData.do; 2022-04-01,2022-04-01
855680,카페라떼떼,전북특별자치도 전주시 덕진구 아중로 148 1층,전북특별자치도 전주시 덕진구 인후동1가 928-4 1층,35.8257056,127.1657986,063-243-9944,커피숍,휴게음식점,"전라북도 전주시에서 어디를 갈지 고민이라면! ""카페라떼떼(인후3동점)""에 가보시는 건 어떨까요? 레드테이블에서 온라인 예약이 가능합니다! 남녀 화장실이 구분되어 있는 매장입니다. 배달 가능한 매장입니다. 다국어 메뉴판이 있는 매장입니다.",운영중,True,True,인후3동,official_coordinates,https://www.data.go.kr/data/15076735/fileData.do; 2022-04-01,2022-04-01
854847,롤링파스타 전북대점,전북특별자치도 전주시 덕진구 권삼득로 303,전북특별자치도 전주시 덕진구 금암동 664-77,35.8432224,127.128462,063-277-3235,경양식,일반음식점,"무엇을 먹을지 고민되신다고요? 전라북도 전주시에 계시다면 ""롤링파스타(전북대점)""를 추천합니다! 레드테이블에서 온라인 예약이 가능합니다! 배달 가능한 매장입니다. 다국어 메뉴판이 있는 매장입니다.",운영중,True,True,덕진동,official_coordinates,https://www.data.go.kr/data/15076735/fileData.do; 2022-04-01,2022-04-01
853735,벌크커피전주금암점	,전북특별자치도 전주시 덕진구 권삼득로 233 1층,전북특별자치도 전주시 덕진구 금암동 561-6,35.8385656,127.1336988,063-277-5530,커피숍,휴게음식점,"전라북도 전주시에서 어디를 갈지 고민이라면! ""벌크커피(전주금암점)""에 가보시는 건 어떨까요? 레드테이블에서 온라인 예약이 가능합니다! 배달 가능한 매장입니다. 키오스크, 다국어 메뉴판이 있는 매장입니다.",운영중,True,True,금암1동,official_coordinates,https://www.data.go.kr/data/15076735/fileData.do; 2022-04-01,2022-04-01
758318,미카도스시 전주객사점,전북특별자치도 전주시 완산구 전주객사5길 63 1층,전북특별자치도 전주시 완산구 고사동 212-1,35.8209349,127.1445956,063-232-7866,일식,일반음식점,"무엇을 먹을지 고민되신다고요? 전라북도 전주시에 계시다면 ""미카도스시(전주객사점)""를 추천합니다! 남녀 화장실이 구분되어 있는 매장입니다. 다국어 메뉴판이 있는 매장입니다.",운영중,True,True,중앙동,official_coordinates,https://www.data.go.kr/data/15076735/fileData.do; 2022-04-01,2022-04-01
758991,새우락 전북대점,전북특별자치도 전주시 덕진구 명륜2길 15-5 1층,전북특별자치도 전주시 덕진구 덕진동1가 1264-13,35.8421377,127.1283902,063-273-7356,호프/통닭,일반음식점,"전라북도 전주시에서 식당을 찾으신다면? ""새우락(전북대점)""을 방문해보세요! 레드테이블에서 온라인 예약이 가능합니다! 남녀 화장실이 구분되어 있는 매장입니다. 배달 가능한 매장입니다. 주차공간, 다국어 메뉴판이 있는 매장입니다.",운영중,True,True,덕진동,official_coordinates,https://www.data.go.kr/data/15076735/fileData.do; 2022-04-01,2022-04-01
759074,cafe홍시궁 본점,전북특별자치도 전주시 완산구 전주객사1길 94,전북특별자치도 전주시 완산구 다가동4가 35,35.820451,127.1382693,063-282-2014,커피숍,휴게음식점,"전라북도 전주시에 가신다면 ""카페홍시궁(본점)""에 방문해보세요~ 레드테이블에서 온라인 예약이 가능합니다! 남녀 화장실이 구분되어 있는 매장입니다. 배달 가능한 매장입니다. 다국어 메뉴판, 무선 인터넷이 있는 매장입니다.",운영중,True,True,중앙동,official_coordinates,https://www.data.go.kr/data/15076735/fileData.do; 2022-04-01,2022-04-01
759131,도첸,전북특별자치도 전주시 완산구 전주객사3길 11-3,전북특별자치도 전주시 완산구 중앙동1가 1-1,35.817697,127.1423662,063-904-2351,한식,일반음식점,"어디 가야 할지 고민이시라고요? 그럼 전라북도 전주시 맛집, ""도첸""을 추천합니다! 레드테이블에서 온라인 예약이 가능합니다! 남녀 화장실이 구분되어 있는 매장입니다. 배달 가능한 매장입니다. 다국어 메뉴판이 있는 매장입니다.",운영중,True,True,중앙동,official_coordinates,https://www.data.go.kr/data/15076735/fileData.do; 2022-04-01,2022-04-01
759561,더키마클럽,전북특별자치도 전주시 완산구 전주객사1길 46-3 2층,전북특별자치도 전주시 완산구 다가동4가 90-6,35.8185412,127.1393131,,경양식,일반음식점,"전라북도 전주시에서 가 볼 만한 식당을 찾으신다면? ""더키마클럽""을 추천합니다! 레드테이블에서 온라인 예약이 가능합니다! 반려동물 입장이 가능한 매장입니다. 배달 가능한 매장입니다. 다국어 메뉴판, 무선 인터넷이 있는 매장입니다.",운영중,True,True,중앙동,official_coordinates,https://www.data.go.kr/data/15076735/fileData.do; 2022-04-01,2022-04-01
759853,리즈카페,전북특별자치도 전주시 완산구 우전로 96,전북특별자치도 전주시 완산구 효자동2가 1213-2,35.8038276,127.1012527,,커피숍,휴게음식점,"전라북도 전주시에서 가 볼 만한 식당을 찾으신다면? ""리즈카페""를 추천합니다! 레드테이블에서 온라인 예약이 가능합니다! 다국어 메뉴판이 있는 매장입니다.",운영중,True,True,효자4동,official_coordinates,https://www.data.go.kr/data/15076735/fileData.do; 2022-04-01,2022-04-01
760188,다랑가옥,전북특별자치도 전주시 완산구 서신천변15길 15-3,전북특별자치도 전주시 완산구 서신동 799-19,35.8316083,127.1127066,063-253-0999,한식,일반음식점,"무엇을 먹을지 고민되신다고요? 전라북도 전주시에 계시다면 ""다랑가옥""을 추천합니다! 레드테이블에서 온라인 예약이 가능합니다! 남녀 화장실이 구분되어 있는 매장입니다. 다국어 메뉴판, 무선 인터넷이 있는 매장입니다.",운영중,True,True,서신동,official_coordinates,https://www.data.go.kr/data/15076735/fileData.do; 2022-04-01,2022-04-01
757818,연안식당,전북특별자치도 전주시 완산구 모악로 4665,전북특별자치도 전주시 완산구 평화동2가 325-17,35.7861707,127.1292605,063-285-8884,기타,일반음식점,"어디 가야 할지 고민이시라고요? 그럼 전라북도 전주시 맛집, ""연안식당(전주평화점)""을 추천합니다! 레드테이블에서 온라인 예약이 가능합니다! 남녀 화장실이 구분되어 있는 매장입니다. 배달 가능한 매장입니다. 주차공간, 다국어 메뉴판, 그리고 무선 인터넷이 있는 매장입니다.",운영중,True,True,평화2동,official_coordinates,https://www.data.go.kr/data/15076735/fileData.do; 2022-04-01,2022-04-01
761260,카페페스카,전북특별자치도 전주시 덕진구 백제대로 794,전북특별자치도 전주시 덕진구 우아동3가 748-11,35.8471627,127.1555052,063-245-0990,기타,일반음식점,"전라북도 전주시에서 맛집을 찾으신다면 ""카페페스카""를 추천합니다. 레드테이블에서 온라인 예약이 가능합니다! 다국어 메뉴판이 있는 매장입니다.",운영중,True,True,우아1동,official_coordinates,https://www.data.go.kr/data/15076735/fileData.do; 2022-04-01,2022-04-01
761711,고향통닭 신서방,전북특별자치도 전주시 완산구 서곡1길 22,전북특별자치도 전주시 완산구 효자동3가 1427-6,35.8357679,127.0991501,063-276-0280,한식,일반음식점,"전라북도 전주시에서 맛집을 찾으신다면 ""고향통닭 신서방""을 추천합니다. 레드테이블에서 온라인 예약이 가능합니다! 베리어프리 매장입니다. 배달 가능한 매장입니다. 주차공간, 다국어 메뉴판, 그리고 무선 인터넷이 있는 매장입니다.",운영중,True,True,효자5동,official_coordinates,https://www.data.go.kr/data/15076735/fileData.do; 2022-04-01,2022-04-01
761908,베스킨라빈스 화산점,전북특별자치도 전주시 완산구 서원로 303,전북특별자치도 전주시 완산구 중화산동2가 105-9 중원치과,35.8118639,127.1274042,063-229-3155,기타 휴게음식점,휴게음식점,"무엇을 먹을지 고민되신다고요? 전라북도 전주시에 계시다면 ""배스킨라빈스(전주 화산점)""를 추천합니다! 레드테이블에서 온라인 예약이 가능합니다! 배달 가능한 매장입니다. 주차공간, 다국어 메뉴판이 있는 매장입니다.",운영중,True,True,중화산1동,official_coordinates,https://www.data.go.kr/data/15076735/fileData.do; 2022-04-01,2022-04-01
762812,던킨 전주하가점,전북특별자치도 전주시 덕진구 가련산로 11,전북특별자치도 전주시 덕진구 덕진동2가 693-2,35.8411013,127.1100554,063-252-4145,커피숍,휴게음식점,"전라북도 전주시에서 식당을 찾으신다면? ""던킨도너츠(전주하가점)""를 방문해보세요! 주차공간, 다국어 메뉴판, 그리고 무선 인터넷이 있는 매장입니다.",운영중,True,True,덕진동,official_coordinates,https://www.data.go.kr/data/15076735/fileData.do; 2022-04-01,2022-04-01
763092,시양양양꼬치앤샤브샤브,전북특별자치도 전주시 덕진구 솔내7길 8,전북특별자치도 전주시 덕진구 송천동1가 478-13,35.8597439,127.1218532,,한식,일반음식점,"전라북도 전주시에서 식당을 찾으신다면? ""시양양양꼬치앤샤브샤브""를 방문해보세요! 레드테이블에서 온라인 예약이 가능합니다! 다국어 메뉴판이 있는 매장입니다.",운영중,True,True,송천1동,official_coordinates,https://www.data.go.kr/data/15076735/fileData.do; 2022-04-01,2022-04-01
763093,치순이통닭 송천점,전북특별자치도 전주시 덕진구 붓내3길 40 1층,전북특별자치도 전주시 덕진구 송천동2가 226-4,35.8665352,127.1255648,063-253-8295,호프/통닭,일반음식점,"전라북도 전주시에 가신다면 ""치순이통닭(송천점)""에 방문해보세요~ 레드테이블에서 온라인 예약이 가능합니다! 배달 가능한 매장입니다. 다국어 메뉴판이 있는 매장입니다.",운영중,True,True,송천1동,official_coordinates,https://www.data.go.kr/data/15076735/fileData.do; 2022-04-01,2022-04-01
764273,카페제이엔젤,전북특별자치도 전주시 덕진구 솔내5길 28 해비치빌 1층,전북특별자치도 전주시 덕진구 송천동1가 393-13,35.856779,127.1234185,063-901-5705,커피숍,휴게음식점,"전라북도 전주시에서 식당을 찾으신다면? ""카페제이엔젤""을 방문해보세요! 배달 가능한 매장입니다. 주차공간, 다국어 메뉴판, 그리고 무선 인터넷이 있는 매장입니다.",운영중,True,True,송천1동,official_coordinates,https://www.data.go.kr/data/15076735/fileData.do; 2022-04-01,2022-04-01
764549,동부가맥,전북특별자치도 전주시 완산구 현무3길 9-2,전북특별자치도 전주시 완산구 경원동3가 6-9,35.8204304,127.1512613,,한식,일반음식점,"전라북도 전주시에서 어디를 갈지 고민이라면! ""동부가맥""에 가보시는 건 어떨까요? 남녀 화장실이 구분되어 있는 매장입니다. 주차공간, 다국어 메뉴판, 그리고 무선 인터넷이 있는 매장입니다.",운영중,True,True,풍남동,official_coordinates,https://www.data.go.kr/data/15076735/fileData.do; 2022-04-01,2022-04-01
761311,킹스타피자 에코시티점,전북특별자치도 전주시 덕진구 세병서로 39,전북특별자치도 전주시 덕진구 송천동2가 1331-10,35.8719917,127.1265454,063-272-5989,분식,일반음식점,"전라북도 전주시에서 맛집을 찾으신다면 ""킹스타피자(에코시티점)""를 추천합니다. 레드테이블에서 온라인 예약이 가능합니다! 남녀 화장실이 구분되어 있는 매장입니다. 배달 가능한 매장입니다. 주차공간, 다국어 메뉴판, 그리고 무선 인터넷이 있는 매장입니다.",운영중,True,True,송천1동,official_coordinates,https://www.data.go.kr/data/15076735/fileData.do; 2022-04-01,2022-04-01
764843,명륜진사갈비 전주중화산점,전북특별자치도 전주시 완산구 유연로 304,전북특별자치도 전주시 완산구 중화산동2가 729-4,35.8251087,127.1187287,063-225-4464,한식,일반음식점,"어디 가야 할지 고민이시라고요? 그럼 전라북도 전주시 맛집, ""명륜진사갈비(전주중화산점)""를 추천합니다! 위생 수준이 우수하고 친절한 서비스로 지방자치단체의 선정을 받은 모범음식점입니다. 레드테이블에서 온라인 예약이 가능합니다! 반려동물 입장이 가능하고, 남녀 화장실이 구분되어 있는 매장입니다. 배달 가능한 매장입니다. 주차공간, 다국어 메뉴판이 있는 매장입니다.",운영중,True,True,중화산2동,official_coordinates,https://www.data.go.kr/data/15076735/fileData.do; 2022-04-01,2022-04-01
757151,전주예촌소바,전북특별자치도 전주시 완산구 소태정4길 23-4 예촌소바,전북특별자치도 전주시 완산구 효자동2가 1321-5,35.8052195,127.1030031,063-224-7707,한식,일반음식점,"전라북도 전주시에 가신다면 ""전주예촌소바""에 방문해보세요~ 지방자치단체 인증을 받은 농림축산식품부 제공 안심식당입니다. 레드테이블에서 온라인 예약이 가능합니다! 배달 가능한 매장입니다. 주차공간, 다국어 메뉴판이 있는 매장입니다.",운영중,True,True,효자4동,official_coordinates,https://www.data.go.kr/data/15076735/fileData.do; 2022-04-01,2022-04-01
756278,도도랑 족발보쌈 송천점,전북특별자치도 전주시 덕진구 천마산로 54,전북특별자치도 전주시 덕진구 송천동1가 107-202,35.8641122,127.1277421,063-254-8882,한식,일반음식점,"""도도랑 족발보쌈(송천점)""을 전라북도 전주시의 가 볼 만한 식당으로 추천합니다! 레드테이블에서 온라인 예약이 가능합니다! 남녀 화장실이 구분되어 있는 매장입니다. 배달 가능한 매장입니다. 다국어 메뉴판, 무선 인터넷이 있는 매장입니다.",운영중,True,True,송천1동,official_coordinates,https://www.data.go.kr/data/15076735/fileData.do; 2022-04-01,2022-04-01
750682,도도랑족발보쌈,전북특별자치도 전주시 덕진구 우아3길 16,전북특별자치도 전주시 덕진구 우아동3가 747-10,35.8488397,127.1551355,063-244-2440,한식,일반음식점,"전라북도 전주시에서 어디를 갈지 고민이라면! ""도도랑족발보쌈(호성역전점)""에 가보시는 건 어떨까요? 레드테이블에서 온라인 예약이 가능합니다! 남녀 화장실이 구분되어 있는 매장입니다. 배달 가능한 매장입니다. 다국어 메뉴판이 있는 매장입니다.",운영중,True,True,우아1동,official_coordinates,https://www.data.go.kr/data/15076735/fileData.do; 2022-04-01,2022-04-01
751431,짱닭치킨 효자중화산점,전북특별자치도 전주시 완산구 중화산로 18,전북특별자치도 전주시 완산구 효자동1가 598-15,35.8117995,127.1184372,063-236-3003,호프/통닭,일반음식점,"""짱닭치킨(효자 중화산점)""을 전라북도 전주시의 가 볼 만한 식당으로 추천합니다! 배달 가능한 매장입니다. 다국어 메뉴판이 있는 매장입니다.",운영중,True,True,효자2동,official_coordinates,https://www.data.go.kr/data/15076735/fileData.do; 2022-04-01,2022-04-01
751451,리가든 송천점,전북특별자치도 전주시 덕진구 붓내3길 17,전북특별자치도 전주시 덕진구 송천동2가 244-10,35.8667686,127.123355,063-255-1649,식육(숯불구이),일반음식점,"전라북도 전주시에서 맛집을 찾으신다면 ""리가든(송천점)""을 추천합니다. 레드테이블에서 온라인 예약이 가능합니다! 남녀 화장실이 구분되어 있는 매장입니다. 다국어 메뉴판, 무선 인터넷이 있는 매장입니다.",운영중,True,True,송천1동,official_coordinates,https://www.data.go.kr/data/15076735/fileData.do; 2022-04-01,2022-04-01
751497,60계 치킨 전주효자신시가지점,"전북특별자치도 전주시 완산구 홍산1길 7 137호 (효자동2가, 전주효자sk리더스뷰)",전북특별자치도 전주시 완산구 효자동2가 1157-4,35.8141875,127.108357,063-227-9982,한식,일반음식점,"무엇을 먹을지 고민되신다고요? 전라북도 전주시에 계시다면 ""60계 치킨(전주효자신시가지점)""을 추천합니다! 배달 가능한 매장입니다. 다국어 메뉴판이 있는 매장입니다.",운영중,True,True,효자5동,official_coordinates,https://www.data.go.kr/data/15076735/fileData.do; 2022-04-01,2022-04-01
751931,루담,전북특별자치도 전주시 완산구 후곡길 5,전북특별자치도 전주시 완산구 효자동2가 1305-27,35.809039,127.0958902,063-714-3991,기타 휴게음식점,휴게음식점,"""루담""은 전라북도 전주시에 있습니다. 레드테이블에서 온라인 예약이 가능합니다! 남녀 화장실이 구분되어 있는 매장입니다. 다국어 메뉴판, 무선 인터넷이 있는 매장입니다.",운영중,True,True,효자4동,official_coordinates,https://www.data.go.kr/data/15076735/fileData.do; 2022-04-01,2022-04-01
752146,미스사이공 NC웨이브 객사점,전북특별자치도 전주시 완산구 전주객사5길 35 지하1층,전북특별자치도 전주시 완산구 고사동 96-1 지하1층,35.8196199,127.1450605,063-710-5222,기타,일반음식점,"무엇을 먹을지 고민되신다고요? 전라북도 전주시에 계시다면 ""미스사이공(전주NC웨이브점)""을 추천합니다! 레드테이블에서 온라인 예약이 가능합니다! 키오스크, 다국어 메뉴판이 있는 매장입니다.",운영중,True,True,중앙동,official_coordinates,https://www.data.go.kr/data/15076735/fileData.do; 2022-04-01,2022-04-01
752235,모닥,전북특별자치도 전주시 완산구 홍산북로 22(해송빌딩 1층 효자동2가)	,전북특별자치도 전주시 완산구 효자동2가 1236-2 해송빌딩,35.8173461,127.1043063,,한식,일반음식점,"무엇을 먹을지 고민되신다고요? 전라북도 전주시에 계시다면 ""모닥""을 추천합니다! 레드테이블에서 온라인 예약이 가능합니다! 남녀 화장실이 구분되어 있는 매장입니다. 배달 가능한 매장입니다. 주차공간, 다국어 메뉴판, 그리고 무선 인터넷이 있는 매장입니다.",운영중,True,True,효자5동,official_coordinates,https://www.data.go.kr/data/15076735/fileData.do; 2022-04-01,2022-04-01
756812,츠츠허허평화점,전북특별자치도 전주시 완산구 모악로 4772(1층 평화동1가),전북특별자치도 전주시 완산구 평화동1가 731-1 닭한마리칼국수,35.7950038,127.1328044,063-222-8552,한식,일반음식점,"""츠츠허허(평화점)""를 전라북도 전주시의 가 볼 만한 식당으로 추천합니다! 레드테이블에서 온라인 예약이 가능합니다! 배달 가능한 매장입니다. 다국어 메뉴판이 있는 매장입니다.",운영중,True,True,평화2동,official_coordinates,https://www.data.go.kr/data/15076735/fileData.do; 2022-04-01,2022-04-01
752857,천마민물숯불장어,전북특별자치도 전주시 덕진구 천마산로 73,전북특별자치도 전주시 덕진구 송천동2가 179-40,35.8654067,127.1294837,,한식,일반음식점,"전라북도 전주시에 가신다면 ""천마민물숯불장어""에 방문해보세요~ 레드테이블에서 온라인 예약이 가능합니다! 다국어 메뉴판이 있는 매장입니다.",운영중,True,True,송천1동,official_coordinates,https://www.data.go.kr/data/15076735/fileData.do; 2022-04-01,2022-04-01
753363,망향비빔국수 전주완산점,전북특별자치도 전주시 완산구 계룡산길 12,전북특별자치도 전주시 완산구 삼천동2가 242-4,35.7930552,127.106508,063-225-4960,한식,일반음식점,"어디 가야 할지 고민이시라고요? 그럼 전라북도 전주시 맛집, ""망향비빔국수(전주완산점)""를 추천합니다! 레드테이블에서 온라인 예약이 가능합니다! 배달 가능한 매장입니다. 다국어 메뉴판이 있는 매장입니다.",운영중,True,True,삼천3동,official_coordinates,https://www.data.go.kr/data/15076735/fileData.do; 2022-04-01,2022-04-01
753634,당도,전북특별자치도 전주시 덕진구 조경단로 104 1층,전북특별자치도 전주시 덕진구 금암동 1590-23 1층,35.8436291,127.1388916,050-7131-7802,커피숍,휴게음식점,"어디 가야 할지 고민이시라고요? 그럼 전라북도 전주시 맛집, ""당도""를 추천합니다! 레드테이블에서 온라인 예약이 가능합니다! 다국어 메뉴판, 무선 인터넷이 있는 매장입니다.",운영중,True,True,금암2동,official_coordinates,https://www.data.go.kr/data/15076735/fileData.do; 2022-04-01,2022-04-01
753704,연안식당 전주송천점,전북특별자치도 전주시 덕진구 사근1길 31 3필지 1층,전북특별자치도 전주시 덕진구 송천동2가 179-119,35.8666658,127.1305541,063-274-2952,한식,일반음식점,"전라북도 전주시에서 어디를 갈지 고민이라면! ""연안식당(전주송천점)""에 가보시는 건 어떨까요? 남녀 화장실이 구분되어 있는 매장입니다. 배달 가능한 매장입니다. 주차공간, 다국어 메뉴판, 그리고 무선 인터넷이 있는 매장입니다.",운영중,True,True,송천1동,official_coordinates,https://www.data.go.kr/data/15076735/fileData.do; 2022-04-01,2022-04-01
753876,송천각,전북특별자치도 전주시 덕진구 사근1길 31 115호,전북특별자치도 전주시 덕진구 송천동2가 179-116,35.8666658,127.1305541,063-276-9992,중국식,일반음식점,"""송천각""은 전라북도 전주시에 있습니다. 다국어 메뉴판이 있는 매장입니다.",운영중,True,True,송천1동,official_coordinates,https://www.data.go.kr/data/15076735/fileData.do; 2022-04-01,2022-04-01
754658,에그드랍전북도청점,전북특별자치도 전주시 완산구 홍산남로 62,전북특별자치도 전주시 완산구 효자동2가 1155-7,35.8155535,127.1087755,063-222-2922,기타 휴게음식점,휴게음식점,"어디 가야 할지 고민이시라고요? 그럼 전라북도 전주시 맛집, ""에그드랍(전북도청점)""을 추천합니다! 레드테이블에서 온라인 예약이 가능합니다! 반려동물 입장이 가능하고, 남녀 화장실이 구분되어 있는 매장입니다. 배달 가능한 매장입니다. 주차공간, 키오스크가 마련되어 있으며 다국어 메뉴판, 무선 인터넷을 제공하는 매장입니다.",운영중,True,True,효자5동,official_coordinates,https://www.data.go.kr/data/15076735/fileData.do; 2022-04-01,2022-04-01
755368,강스키친,전북특별자치도 전주시 완산구 솟대1길 63 1층 강스키친,전북특별자치도 전주시 완산구 삼천동1가 699,35.7929725,127.1197852,063-226-8627,기타 휴게음식점,휴게음식점,"전라북도 전주시에서 어디를 갈지 고민이라면! ""강스키친""에 가보시는 건 어떨까요? 레드테이블에서 온라인 예약이 가능합니다! 다국어 메뉴판이 있는 매장입니다.",운영중,True,True,삼천2동,official_coordinates,https://www.data.go.kr/data/15076735/fileData.do; 2022-04-01,2022-04-01
755708,앨리스인더키친,전북특별자치도 전주시 덕진구 사근1길 37 센텀시티 1층,전북특별자치도 전주시 덕진구 송천동2가 179-121,35.8666639,127.1314557,,경양식,일반음식점,"전라북도 전주시에서 맛집을 찾으신다면 ""앨리스인더키친""을 추천합니다. 남녀 화장실이 구분되어 있는 매장입니다. 주차공간, 다국어 메뉴판, 그리고 무선 인터넷이 있는 매장입니다.",운영중,True,True,송천1동,official_coordinates,https://www.data.go.kr/data/15076735/fileData.do; 2022-04-01,2022-04-01
753055,홍루이젠 신시가지점,전북특별자치도 전주시 완산구 바우배기2길 11 103호,전북특별자치도 전주시 완산구 효자동2가 1234-2,35.8171785,127.1027355,,기타 휴게음식점,휴게음식점,"전라북도 전주시에서 식당을 찾으신다면? ""홍루이젠(신시가지점)""을 방문해보세요! 레드테이블에서 온라인 예약이 가능합니다! 배달 가능한 매장입니다. 다국어 메뉴판이 있는 매장입니다.",운영중,True,True,효자5동,official_coordinates,https://www.data.go.kr/data/15076735/fileData.do; 2022-04-01,2022-04-01
749499,진도야족발보쌈,전북특별자치도 전주시 완산구 거마평로 170,전북특별자치도 전주시 완산구 효자동1가 388,35.8077262,127.1164127,063-227-6060,한식,일반음식점,"전라북도 전주시에서 식당을 찾으신다면? ""도야족발(효자점)""을 방문해보세요! 레드테이블과 네이버에서 온라인 예약이 가능합니다! 배달 가능한 매장입니다. 주차공간, 다국어 메뉴판이 있는 매장입니다.",운영중,True,True,효자2동,official_coordinates,https://www.data.go.kr/data/15076735/fileData.do; 2022-04-01,2022-04-01
765399,살라오스테리아,전북특별자치도 전주시 완산구 마전들로 49 1층,전북특별자치도 전주시 완산구 효자동3가 1667-9,35.821201,127.1009832,063-225-9251,한식,일반음식점,"전라북도 전주시에 가신다면 ""살라오스테리아""에 방문해보세요~ 레드테이블에서 온라인 예약이 가능합니다! 남녀 화장실이 구분되어 있는 매장입니다. 주차공간, 다국어 메뉴판, 그리고 무선 인터넷이 있는 매장입니다.",운영중,True,True,효자5동,official_coordinates,https://www.data.go.kr/data/15076735/fileData.do; 2022-04-01,2022-04-01
765777,티앤토르테,전북특별자치도 전주시 완산구 전주천서로 79 1층,전북특별자치도 전주시 완산구 동서학동 65-4 1층,35.8099847,127.1526671,070-4215-5938,커피숍,휴게음식점,"전라북도 전주시에서 가 볼 만한 식당을 찾으신다면? ""티앤토르테""를 추천합니다! 레드테이블에서 온라인 예약이 가능합니다! 반려동물 입장이 가능한 매장입니다. 다국어 메뉴판이 있는 매장입니다.",운영중,True,True,동서학동,official_coordinates,https://www.data.go.kr/data/15076735/fileData.do; 2022-04-01,2022-04-01
772538,객주,전북특별자치도 전주시 완산구 동문길 77,전북특별자치도 전주시 완산구 경원동2가  29-1,35.8182727,127.1497889,,한식,일반음식점,"무엇을 먹을지 고민되신다고요? 전라북도 전주시에 계시다면 ""객주""를 추천합니다! 레드테이블에서 온라인 예약이 가능합니다! 다국어 메뉴판이 있는 매장입니다.",운영중,True,True,풍남동,official_coordinates,https://www.data.go.kr/data/15076735/fileData.do; 2022-04-01,2022-04-01
772618,진미면막국수 모악점,전북특별자치도 전주시 완산구 양지3길 4,전북특별자치도 전주시 완산구 평화동2가 716-1,35.7893308,127.1171929,063-223-8233,기타,일반음식점,"전라북도 전주시에서 가 볼 만한 식당을 찾으신다면? ""진미면막국수""를 추천합니다! 레드테이블에서 온라인 예약이 가능합니다! 남녀 화장실이 구분되어 있는 매장입니다. 주차공간, 다국어 메뉴판, 그리고 무선 인터넷이 있는 매장입니다.",운영중,True,True,평화2동,official_coordinates,https://www.data.go.kr/data/15076735/fileData.do; 2022-04-01,2022-04-01
773725,아윌,전북특별자치도 전주시 완산구 현무3길 77-8,전북특별자치도 전주시 덕진구 우아동3가 744-59,35.822735,127.1488057,,기타,일반음식점,"전라북도 전주시에서 맛집을 찾으신다면 ""아윌""을 추천합니다. 레드테이블에서 온라인 예약이 가능합니다! 배달 가능한 매장입니다. 다국어 메뉴판이 있는 매장입니다.",운영중,True,True,노송동,official_coordinates,https://www.data.go.kr/data/15076735/fileData.do; 2022-04-01,2022-04-01
773976,현해탄,전북특별자치도 전주시 완산구 태평1길 32 2층,전북특별자치도 전주시 완산구 다가동4가 1-6,35.8212097,127.1395576,,기타 휴게음식점,휴게음식점,"무엇을 먹을지 고민되신다고요? 전라북도 전주시에 계시다면 ""현해탄""을 추천합니다! 다국어 메뉴판이 있는 매장입니다.",운영중,True,True,중앙동,official_coordinates,https://www.data.go.kr/data/15076735/fileData.do; 2022-04-01,2022-04-01
774263,메가커피 전주에코시티점,전북특별자치도 전주시 덕진구 세병로 178-4 메디컬시티빌딩 102호,전북특별자치도 전주시 덕진구 송천동2가 1299-9,35.8790273,127.1332324,063-255-9121,커피숍,휴게음식점,"전라북도 전주시에 가신다면 ""메가커피(전주에코시티점)""에 방문해보세요~ 레드테이블에서 온라인 예약이 가능합니다! 배달 가능한 매장입니다. 다국어 메뉴판, 무선 인터넷이 있는 매장입니다.",운영중,True,True,송천1동,official_coordinates,https://www.data.go.kr/data/15076735/fileData.do; 2022-04-01,2022-04-01
864904,두찜,전북특별자치도 전주시 완산구 중산중앙로 21,전북특별자치도 전주시 완산구 중화산동2가 615-14,35.8166183,127.1205865,063-225-3711,찜닭,,"전라북도 전주시에서 가 볼 만한 식당을 찾으신다면? ""두찜""을 추천합니다!",운영중,True,True,중화산2동,official_coordinates,https://www.data.go.kr/data/15076735/fileData.do; 2022-04-01,2022-04-01
776237,김밥한끼,전북특별자치도 전주시 덕진구 솔내7길 2,전북특별자치도 전주시 덕진구 송천동1가 478-12,35.8597553,127.1216531,063-278-0389,분식,일반음식점,"무엇을 먹을지 고민되신다고요? 전라북도 전주시에 계시다면 ""김밥한끼(송천점)""를 추천합니다! 배달 가능한 매장입니다. 다국어 메뉴판이 있는 매장입니다.",운영중,True,True,송천1동,official_coordinates,https://www.data.go.kr/data/15076735/fileData.do; 2022-04-01,2022-04-01
772453,퐁당스윗,전북특별자치도 전주시 완산구 용호로 131,전북특별자치도 전주시 완산구 효자동3가 1718-2,35.8149275,127.0968107,063-222-6576,커피숍,휴게음식점,"전라북도 전주시에서 어디를 갈지 고민이라면! ""퐁당스윗""에 가보시는 건 어떨까요? 레드테이블에서 온라인 예약이 가능합니다! 반려동물 입장이 가능한 매장입니다. 배달 가능한 매장입니다. 다국어 메뉴판이 있는 매장입니다.",운영중,True,True,효자5동,official_coordinates,https://www.data.go.kr/data/15076735/fileData.do; 2022-04-01,2022-04-01
777102,메르밀 진미집,전북특별자치도 전주시 덕진구 우아3길 8,전북특별자치도 전주시 완산구 평화동2가 325-5,35.8490775,127.1558307,063-244-0406,한식,일반음식점,"""메르밀진미집(전주역점)""을 전라북도 전주시의 가 볼 만한 식당으로 추천합니다! 레드테이블에서 온라인 예약이 가능합니다! 배달 가능한 매장입니다. 다국어 메뉴판이 있는 매장입니다.",운영중,True,True,우아1동,official_coordinates,https://www.data.go.kr/data/15076735/fileData.do; 2022-04-01,2022-04-01
778149,팔공티 전주신시가지점,전북특별자치도 전주시 완산구 홍산중앙로 27 1층,전북특별자치도 전주시 완산구 효자동3가 1535-8,35.8159627,127.1087461,063-226-8088,커피숍,휴게음식점,"전라북도 전주시에서 어디를 갈지 고민이라면! ""팔공티(전주신시가지점)""에 가보시는 건 어떨까요? 레드테이블에서 온라인 예약이 가능합니다! 반려동물 입장이 가능한 매장입니다. 배달 가능한 매장입니다. 키오스크, 다국어 메뉴판, 그리고 무선 인터넷이 있는 매장입니다.",운영중,True,True,효자5동,official_coordinates,https://www.data.go.kr/data/15076735/fileData.do; 2022-04-01,2022-04-01
778431,국가대표고기가맛있는집효자점,전북특별자치도 전주시 완산구 거마평로 165,전북특별자치도 전주시 완산구 효자동1가 395-5,35.807305,127.1162021,063-222-0109,한식,일반음식점,"전라북도 전주시에서 가 볼 만한 식당을 찾으신다면? ""국가대표고기가맛있는집(효자점)""을 추천합니다! 레드테이블에서 온라인 예약이 가능합니다! 다국어 메뉴판이 있는 매장입니다.",운영중,True,True,효자3동,official_coordinates,https://www.data.go.kr/data/15076735/fileData.do; 2022-04-01,2022-04-01
864900,돌판집,전북특별자치도 전주시 덕진구 한배미로 34,전북특별자치도 전주시 덕진구 인후동1가 952-6,35.8240359,127.1684802,063-242-2123,,,"무엇을 먹을지 고민되신다고요? 전라북도 전주시에 계시다면 ""돌판집""을 추천합니다!",운영중,True,True,인후3동,official_coordinates,https://www.data.go.kr/data/15076735/fileData.do; 2022-04-01,2022-04-01
779860,마크빈 전주송천1호점,전북특별자치도 전주시 덕진구 송천로 35-15,전북특별자치도 전주시 덕진구 송천동1가 332-7,35.8565631,127.1175878,063-282-0089,경양식,일반음식점,"전라북도 전주시에서 맛집을 찾으신다면 ""마크빈(전주송천1호점)""을 추천합니다. 레드테이블에서 온라인 예약이 가능합니다! 배달 가능한 매장입니다. 다국어 메뉴판이 있는 매장입니다.",운영중,True,True,송천2동,official_coordinates,https://www.data.go.kr/data/15076735/fileData.do; 2022-04-01,2022-04-01
864897,현아네밥상,전북특별자치도 전주시 덕진구 아중로 144,전북특별자치도 전주시 덕진구 인후동1가 928-2,35.8255935,127.1654762,063-246-4988,한식,,"""현아네밥상""을 전라북도 전주시의 가 볼 만한 식당으로 추천합니다!",운영중,True,True,인후3동,official_coordinates,https://www.data.go.kr/data/15076735/fileData.do; 2022-04-01,2022-04-01
780490,볼리스 커피 전주평화점,전북특별자치도 전주시 완산구 맏내3길 7 BOLIS COFFEE,전북특별자치도 전주시 완산구 평화동2가 848-2,35.7926786,127.1311883,,기타,일반음식점,"무엇을 먹을지 고민되신다고요? 전라북도 전주시에 계시다면 ""볼리스커피""를 추천합니다! 레드테이블에서 온라인 예약이 가능합니다! 배달 가능한 매장입니다. 다국어 메뉴판이 있는 매장입니다.",운영중,True,True,평화2동,official_coordinates,https://www.data.go.kr/data/15076735/fileData.do; 2022-04-01,2022-04-01
780594,상무초밥 전주 송천직영점,전북특별자치도 전주시 덕진구 송천중앙로 217,전북특별자치도 전주시 덕진구 송천동1가 809-1,35.8663702,127.121222,063-251-9003,일식,일반음식점,"전라북도 전주시에서 식당을 찾으신다면? ""상무초밥(전주 송천직영점)""을 방문해보세요! 레드테이블에서 온라인 예약이 가능합니다! 남녀 화장실이 구분되어 있으며, 베리어프리 매장입니다. 배달 가능한 매장입니다. 주차공간, 다국어 메뉴판, 그리고 무선 인터넷이 있는 매장입니다.",운영중,True,True,송천2동,official_coordinates,https://www.data.go.kr/data/15076735/fileData.do; 2022-04-01,2022-04-01
777337,치킨과바람피자 효자점,전북특별자치도 전주시 완산구 거마평로 222,전북특별자치도 전주시 완산구 효자동1가 607-13,35.8120304,127.114297,063-223-0782,호프/통닭,일반음식점,"전라북도 전주시에서 어디를 갈지 고민이라면! ""치킨과바람피자(효자점)""에 가보시는 건 어떨까요? 레드테이블에서 온라인 예약이 가능합니다! 배달 가능한 매장입니다. 다국어 메뉴판이 있는 매장입니다.",운영중,True,True,효자2동,official_coordinates,https://www.data.go.kr/data/15076735/fileData.do; 2022-04-01,2022-04-01
765713,신포우리만두 에코시티점,전북특별자치도 전주시 덕진구 세병남로 29,전북특별자치도 전주시 덕진구 송천동2가 1331-14,35.8722813,127.1272928,063-272-3655,분식,일반음식점,"""신포우리만두(에코시티점)""를 전라북도 전주시의 가 볼 만한 식당으로 추천합니다! 레드테이블에서 온라인 예약이 가능합니다! 배달 가능한 매장입니다. 다국어 메뉴판이 있는 매장입니다.",운영중,True,True,송천1동,official_coordinates,https://www.data.go.kr/data/15076735/fileData.do; 2022-04-01,2022-04-01
772114,오오비,전북특별자치도 전주시 완산구 전주객사2길 78,전북특별자치도 전주시 완산구 다가동4가 56-5,35.8201745,127.1398913,,경양식,일반음식점,"""오오비""는 전라북도 전주시에 있습니다. 레드테이블에서 온라인 예약이 가능합니다! 배달 가능한 매장입니다. 다국어 메뉴판이 있는 매장입니다.",운영중,True,True,중앙동,official_coordinates,https://www.data.go.kr/data/15076735/fileData.do; 2022-04-01,2022-04-01
771613,카페달곰,전북특별자치도 전주시 완산구 은행로 71,전북특별자치도 전주시 완산구 교동 62-5,35.8136989,127.1528988,063-232-1009,카페,,"""카페달곰""을 전라북도 전주시의 가 볼 만한 식당으로 추천합니다!",운영중,True,True,풍남동,official_coordinates,https://www.data.go.kr/data/15076735/fileData.do; 2022-04-01,2022-04-01
765942,테이크치킨앤신개념찜닭,전북특별자치도 전주시 덕진구 송천3길 44-9,전북특별자치도 전주시 덕진구 송천동1가 626-3,35.8606017,127.116212,063-251-2588,호프/통닭,일반음식점,"전라북도 전주시에서 맛집을 찾으신다면 ""테이크치킨&신개념찜닭(송천점)""을 추천합니다. 레드테이블에서 온라인 예약이 가능합니다! 배달 가능한 매장입니다. 다국어 메뉴판이 있는 매장입니다.",운영중,True,True,송천2동,official_coordinates,https://www.data.go.kr/data/15076735/fileData.do; 2022-04-01,2022-04-01
766146,도르르,전북특별자치도 전주시 덕진구 팽나무5길 8-2,전북특별자치도 전주시 덕진구 인후동1가 783-8,35.8362126,127.1554723,,커피숍,휴게음식점,"무엇을 먹을지 고민되신다고요? 전라북도 전주시에 계시다면 ""도르르""를 추천합니다! 레드테이블에서 온라인 예약이 가능합니다! 반려동물 입장이 가능한 매장입니다. 다국어 메뉴판이 있는 매장입니다.",운영중,True,True,인후1동,official_coordinates,https://www.data.go.kr/data/15076735/fileData.do; 2022-04-01,2022-04-01
766564,다락청정중식,전북특별자치도 전주시 덕진구 건지로 14-8,전북특별자치도 전주시 덕진구 금암동 1596-5,35.8451268,127.1433231,050-7139-2969,중국식,일반음식점,"전라북도 전주시에서 맛집을 찾으신다면 ""다락 청정 중식""을 추천합니다. 지방자치단체 인증을 받은 농림축산식품부 제공 안심식당입니다. 레드테이블에서 온라인 예약이 가능합니다! 주차공간, 다국어 메뉴판, 그리고 무선 인터넷이 있는 매장입니다.",운영중,True,True,금암2동,official_coordinates,https://www.data.go.kr/data/15076735/fileData.do; 2022-04-01,2022-04-01
766826,오늘나의선물꽃카페,전북특별자치도 전주시 완산구 홍산북로 46-21 6층,전북특별자치도 전주시 완산구 효자동3가 1533-3,35.8167438,127.1073622,,한식,일반음식점,"전라북도 전주시에서 가 볼 만한 식당을 찾으신다면? ""오늘, 나의 선물""을 추천합니다! 레드테이블에서 온라인 예약이 가능합니다! 반려동물 입장이 가능하고, 남녀 화장실이 구분되어 있으며 배리어프리 매장입니다. 주차공간, 다국어 메뉴판, 그리고 무선 인터넷이 있는 매장입니다.",운영중,True,True,효자5동,official_coordinates,https://www.data.go.kr/data/15076735/fileData.do; 2022-04-01,2022-04-01
767672,해오름 한식뷔페,전북특별자치도 전주시 완산구 홍산북로 13 수정빌딩 2층,전북특별자치도 전주시 완산구 효자동2가 1229-6,35.8175853,127.1033017,063-237-2070,한식,일반음식점,"전라북도 전주시에 가신다면 ""해오름 한식뷔페""에 방문해보세요~ 다국어 메뉴판이 있는 매장입니다.",운영중,True,True,효자5동,official_coordinates,https://www.data.go.kr/data/15076735/fileData.do; 2022-04-01,2022-04-01
767718,부어치킨 서신점,전북특별자치도 전주시 완산구 당산로 17,전북특별자치도 전주시 완산구 서신동 763-1 신일아파트,35.83249,127.1100031,063-252-9289,한식,일반음식점,"무엇을 먹을지 고민되신다고요? 전라북도 전주시에 계시다면 ""부어치킨(서신점)""을 추천합니다! 레드테이블에서 온라인 예약이 가능합니다! 배달 가능한 매장입니다. 다국어 메뉴판이 있는 매장입니다.",운영중,True,True,서신동,official_coordinates,https://www.data.go.kr/data/15076735/fileData.do; 2022-04-01,2022-04-01
768046,야너땜에한잔가맥,전북특별자치도 전주시 덕진구 떡전로 6-1,전북특별자치도 전주시 덕진구 금암동 759-5,35.835925,127.1285427,063-223-0528,정종/대포집/소주방,일반음식점,"""야! 너 땜에 한잔""을 전라북도 전주시의 가 볼 만한 식당으로 추천합니다! 레드테이블에서 온라인 예약이 가능합니다! 다국어 메뉴판이 있는 매장입니다.",운영중,True,True,금암1동,official_coordinates,https://www.data.go.kr/data/15076735/fileData.do; 2022-04-01,2022-04-01
771721, 에그드랍전주에코시티점 ,전북특별자치도 전주시 덕진구 세병로 174-10,전북특별자치도 전주시 덕진구 송천동2가 1301-2 대강빌딩2,35.8790381,127.133993,070-7543-3412,분식,일반음식점,"전라북도 전주시에 가신다면 ""에그드랍(전주에코시티점)""에 방문해보세요~ 레드테이블에서 온라인 예약이 가능합니다! 남녀 화장실이 구분되어 있는 매장입니다. 배달 가능한 매장입니다. 주차공간, 다국어 메뉴판, 그리고 무선 인터넷이 있는 매장입니다.",운영중,True,True,송천1동,official_coordinates,https://www.data.go.kr/data/15076735/fileData.do; 2022-04-01,2022-04-01
768304,달디마카롱,전북특별자치도 전주시 덕진구 호성3길 18 1층,전북특별자치도 전주시 덕진구 호성동1가 587-32 1층,35.8612004,127.150445,,커피숍,휴게음식점,"전라북도 전주시에서 식당을 찾으신다면? ""달디마카롱""을 방문해보세요! 레드테이블에서 온라인 예약이 가능합니다! 배달 가능한 매장입니다. 다국어 메뉴판이 있는 매장입니다.",운영중,True,True,호성동,official_coordinates,https://www.data.go.kr/data/15076735/fileData.do; 2022-04-01,2022-04-01
768798,단골손님 서신점,전북특별자치도 전주시 완산구 새터로 37,전북특별자치도 전주시 완산구 서신동 934-7,35.8358751,127.1107117,063-271-0900,기타,일반음식점,"전라북도 전주시에 가신다면 ""단골손님(서신점)""에 방문해보세요~ 레드테이블에서 온라인 예약이 가능합니다! 남녀 화장실이 구분되어 있는 매장입니다. 배달 가능한 매장입니다. 다국어 메뉴판이 있는 매장입니다.",운영중,True,True,서신동,official_coordinates,https://www.data.go.kr/data/15076735/fileData.do; 2022-04-01,2022-04-01
769565,본도시락 전주송천에코시티점,전북특별자치도 전주시 덕진구 천마산로 100 진흥더블파크 101동 상가 105호,전북특별자치도 전주시 덕진구 송천동1가 12-10,35.8637618,127.1324059,063-278-4282,김밥(도시락),일반음식점,"무엇을 먹을지 고민되신다고요? 전라북도 전주시에 계시다면 ""본도시락(전주송천에코시티점)""을 추천합니다! 배달 가능한 매장입니다. 다국어 메뉴판이 있는 매장입니다.",운영중,True,True,송천1동,official_coordinates,https://www.data.go.kr/data/15076735/fileData.do; 2022-04-01,2022-04-01
769587,효자동떠들썩,전북특별자치도 전주시 완산구 마전들로 55,전북특별자치도 전주시 완산구 효자동3가 1667-7,35.8212261,127.1015205,,한식,일반음식점,"전라북도 전주시에서 어디를 갈지 고민이라면! ""효자동떠들썩""에 가보시는 건 어떨까요? 레드테이블에서 온라인 예약이 가능합니다! 남녀 화장실이 구분되어 있는 매장입니다. 다국어 메뉴판이 있는 매장입니다.",운영중,True,True,효자5동,official_coordinates,https://www.data.go.kr/data/15076735/fileData.do; 2022-04-01,2022-04-01
770402,이디야커피 전주에코세병호점,전북특별자치도 전주시 덕진구 세병로 174-9,전북특별자치도 전주시 덕진구 송천동2가 1299-6,35.8793788,127.1336371,063-251-8660,커피숍,휴게음식점,"전라북도 전주시에 가신다면 ""이디야커피(전주에코세병호점)""에 방문해보세요~ 레드테이블에서 온라인 예약이 가능합니다! 남녀 화장실이 구분되어 있는 매장입니다. 배달 가능한 매장입니다. 주차공간, 키오스크가 마련되어 있으며 다국어 메뉴판, 무선 인터넷을 제공하는 매장입니다.",운영중,True,True,송천1동,official_coordinates,https://www.data.go.kr/data/15076735/fileData.do; 2022-04-01,2022-04-01
770658,수상한 커리,전북특별자치도 전주시 완산구 고사평7길 6,전북특별자치도 전주시 완산구 서신동 921-6,35.8374199,127.1099572,063-271-8686,한식,일반음식점,"""수상한커리""를 전라북도 전주시의 가 볼 만한 식당으로 추천합니다! 레드테이블에서 온라인 예약이 가능합니다! 배달 가능한 매장입니다. 다국어 메뉴판이 있는 매장입니다.",운영중,True,True,서신동,official_coordinates,https://www.data.go.kr/data/15076735/fileData.do; 2022-04-01,2022-04-01
770873,흑화당 전주 전북대점,전북특별자치도 전주시 덕진구 명륜4길 23,전북특별자치도 전주시 덕진구 덕진동1가 664-8,35.843943,127.1271207,063-252-1190,커피숍,휴게음식점,"전라북도 전주시에서 맛집을 찾으신다면 ""흑화당(전주 전북대점)""을 추천합니다. 레드테이블과 네이버에서 온라인 예약이 가능합니다! 배달 가능한 매장입니다. 키오스크, 다국어 메뉴판이 있는 매장입니다.",운영중,True,True,덕진동,official_coordinates,https://www.data.go.kr/data/15076735/fileData.do; 2022-04-01,2022-04-01
771386,깐깐한족발 전주신시가지점,전북특별자치도 전주시 완산구 홍산북로 71 1층,전북특별자치도 전주시 완산구 효자동3가 1530-10,35.8176072,127.1097576,050-7987-1142,한식,일반음식점,"어디 가야 할지 고민이시라고요? 그럼 전라북도 전주시 맛집, ""깐깐한족발(전주신시가지점)""을 추천합니다! 레드테이블과 네이버에서 온라인 예약이 가능합니다! 남녀 화장실이 구분되어 있는 매장입니다. 배달 가능한 매장입니다. 주차공간, 다국어 메뉴판, 그리고 무선 인터넷이 있는 매장입니다.",운영중,True,True,효자5동,official_coordinates,https://www.data.go.kr/data/15076735/fileData.do; 2022-04-01,2022-04-01
768430,카페맘마,전북특별자치도 전주시 완산구 봉곡3길 28-1(1층 효자동2가)	,전북특별자치도 전주시 완산구 효자동2가 1253-7,35.8119425,127.1000577,,기타 휴게음식점,휴게음식점,"전라북도 전주시에서 어디를 갈지 고민이라면! ""카페맘마""에 가보시는 건 어떨까요? 레드테이블에서 온라인 예약이 가능합니다! 배달 가능한 매장입니다. 다국어 메뉴판, 무선 인터넷이 있는 매장입니다.",운영중,True,True,효자4동,official_coordinates,https://www.data.go.kr/data/15076735/fileData.do; 2022-04-01,2022-04-01
780889,디저트카페 린,전북특별자치도 전주시 덕진구 틀못4길 15 우미린2단지 상가 104호 디저트카페 린,전북특별자치도 전주시 덕진구 장동 1063,35.8443434,127.0582924,063-213-1907,커피숍,휴게음식점,"전라북도 전주시에서 어디를 갈지 고민이라면! ""디저트카페 린""에 가보시는 건 어떨까요? 배달 가능한 매장입니다. 다국어 메뉴판이 있는 매장입니다.",운영중,True,True,여의동,official_coordinates,https://www.data.go.kr/data/15076735/fileData.do; 2022-04-01,2022-04-01
749329,대한참치,전북특별자치도 전주시 덕진구 두간로 21,전북특별자치도 전주시 덕진구 송천동1가 803-7,35.8654985,127.1168031,063-277-7776,일식,일반음식점,"어디 가야 할지 고민이시라고요? 그럼 전라북도 전주시 맛집, ""대한참치""를 추천합니다! 지방자치단체 인증을 받은 농림축산식품부 제공 안심식당입니다. 레드테이블에서 온라인 예약이 가능합니다! 남녀 화장실이 구분되어 있는 매장입니다. 배달 가능한 매장입니다. 주차공간, 다국어 메뉴판이 있는 매장입니다.",운영중,True,True,송천2동,official_coordinates,https://www.data.go.kr/data/15076735/fileData.do; 2022-04-01,2022-04-01
748597,장미맨숀,전북특별자치도 전주시 덕진구 명륜5길 10-2,전북특별자치도 전주시 덕진구 덕진동1가 1262-2,35.843181,127.1255164,,기타,일반음식점,"전라북도 전주시에서 어디를 갈지 고민이라면! ""장미맨숀(전북대본점)""에 가보시는 건 어떨까요? 남녀 화장실이 구분되어 있는 매장입니다. 배달 가능한 매장입니다. 주차공간, 다국어 메뉴판이 있는 매장입니다.",운영중,True,True,덕진동,official_coordinates,https://www.data.go.kr/data/15076735/fileData.do; 2022-04-01,2022-04-01
726880,카페 헤이와,전북특별자치도 전주시 완산구 전라감영2길 28-38,전북특별자치도 전주시 완산구 중앙동1가 55-3,35.8159725,127.142596,063-284-1134,기타 휴게음식점,휴게음식점,"전라북도 전주시에서 가 볼 만한 식당을 찾으신다면? ""카페 헤이와""를 추천합니다! 다국어 메뉴판, 무선 인터넷이 있는 매장입니다.",운영중,True,True,중앙동,official_coordinates,https://www.data.go.kr/data/15076735/fileData.do; 2022-04-01,2022-04-01
726952,서양커피,전북특별자치도 전주시 완산구 용호로 193,전북특별자치도 전주시 완산구 평화동2가 339-6,35.820509,127.0968302,062-909-9400,기타 휴게음식점,휴게음식점,"전라북도 전주시에서 맛집을 찾으신다면 ""서양커피""를 추천합니다. 레드테이블에서 온라인 예약이 가능합니다! 배달 가능한 매장입니다. 다국어 메뉴판이 있는 매장입니다.",운영중,True,True,효자5동,official_coordinates,https://www.data.go.kr/data/15076735/fileData.do; 2022-04-01,2022-04-01
727010,르델리스,전북특별자치도 전주시 완산구 마전4길 11-5 르델리스,전북특별자치도 전주시 완산구 효자동3가 1631-11,35.8242643,127.1033706,063-222-0429,한식,일반음식점,"무엇을 먹을지 고민되신다고요? 전라북도 전주시에 계시다면 ""르델리스""를 추천합니다! 레드테이블에서 온라인 예약이 가능합니다! 남녀 화장실이 구분되어 있는 매장입니다. 주차공간, 다국어 메뉴판, 그리고 무선 인터넷이 있는 매장입니다.",운영중,True,True,효자5동,official_coordinates,https://www.data.go.kr/data/15076735/fileData.do; 2022-04-01,2022-04-01
727610,피자애덕진하가점,전북특별자치도 전주시 덕진구 가련산로 11(1층 103호 덕진동2가),전북특별자치도 전주시 덕진구 덕진동2가 693-2,35.8410997,127.1100541,063-251-0936,패스트푸드,휴게음식점,"전라북도 전주시에 가신다면 ""피자애덕진(하가점)""에 방문해보세요~ 레드테이블에서 온라인 예약이 가능합니다! 배달 가능한 매장입니다. 다국어 메뉴판, 무선 인터넷이 있는 매장입니다.",운영중,True,True,덕진동,official_coordinates,https://www.data.go.kr/data/15076735/fileData.do; 2022-04-01,2022-04-01
864919,이조함흥냉면,전북특별자치도 전주시 덕진구 송천중앙로 206 1층,전북특별자치도 전주시 덕진구 송천동2가 527-2,35.8654157,127.1218587,050-4054-4251,냉면,,"전라북도 전주시에서 어디를 갈지 고민이라면! ""이조함흥냉면""에 가보시는 건 어떨까요?",운영중,True,True,송천1동,official_coordinates,https://www.data.go.kr/data/15076735/fileData.do; 2022-04-01,2022-04-01
728006,족발야시장도청점,전북특별자치도 전주시 완산구 홍산로 160-3(1층 102호일부.103호 효자동2가)	,전북특별자치도 전주시 완산구 효자동2가 1332-1,35.8081695,127.1051292,063-229-4969,기타,일반음식점,"전라북도 전주시에 가신다면 ""족발야시장(도청점)""에 방문해보세요~ 레드테이블과 네이버에서 온라인 예약이 가능합니다! 배달 가능한 매장입니다. 다국어 메뉴판이 있는 매장입니다.",운영중,True,True,효자4동,official_coordinates,https://www.data.go.kr/data/15076735/fileData.do; 2022-04-01,2022-04-01
728189,소야한우야,전북특별자치도 전주시 완산구 거마평로 147-14,전북특별자치도 전주시 완산구 효자동1가 453-1,35.8054669,127.115284,063-221-3492,한식,일반음식점,"전라북도 전주시에서 맛집을 찾으신다면 ""소야한우야""를 추천합니다. 레드테이블에서 온라인 예약이 가능합니다! 남녀 화장실이 구분되어 있는 매장입니다. 배달 가능한 매장입니다. 주차공간, 다국어 메뉴판, 그리고 무선 인터넷이 있는 매장입니다.",운영중,True,True,효자3동,official_coordinates,https://www.data.go.kr/data/15076735/fileData.do; 2022-04-01,2022-04-01
864920,김밥마리 송천점,전북특별자치도 전주시 덕진구 붓내3길 36,전북특별자치도 전주시 덕진구 송천동2가 229-3,35.8665546,127.1253407,050-7148-5154,김밥,,"어디 가야 할지 고민이시라고요? 그럼 전라북도 전주시 맛집, ""김밥마리 송천점""을 추천합니다!",운영중,True,True,송천1동,official_coordinates,https://www.data.go.kr/data/15076735/fileData.do; 2022-04-01,2022-04-01
729012,카페스토리,전북특별자치도 전주시 완산구 구이로 2072,전북특별자치도 전주시 완산구 평화동2가 899-5,35.7826992,127.1300717,063-902-1117,한식,일반음식점,"무엇을 먹을지 고민되신다고요? 전라북도 전주시에 계시다면 ""카페스토리""를 추천합니다! 레드테이블에서 온라인 예약이 가능합니다! 배달 가능한 매장입니다. 다국어 메뉴판이 있는 매장입니다.",운영중,True,True,평화2동,official_coordinates,https://www.data.go.kr/data/15076735/fileData.do; 2022-04-01,2022-04-01
864917,화산춘,전북특별자치도 전주시 덕진구 송천중앙로 190,전북특별자치도 전주시 덕진구 송천동2가 529-7,35.8638998,127.1221632,050-7133-3337,한식,,"전라북도 전주시에서 식당을 찾으신다면? ""화산춘""을 방문해보세요!",운영중,True,True,송천1동,official_coordinates,https://www.data.go.kr/data/15076735/fileData.do; 2022-04-01,2022-04-01
730039,국수공장,전북특별자치도 전주시 덕진구 팔달로 357-27 국수공장,전북특별자치도 전주시 덕진구 진북동 390-3,35.8319568,127.1366813,063-252-9798,한식,일반음식점,"전라북도 전주시에서 어디를 갈지 고민이라면! ""국수공장""에 가보시는 건 어떨까요? 레드테이블에서 온라인 예약이 가능합니다! 남녀 화장실이 구분되어 있는 매장입니다. 배달 가능한 매장입니다. 다국어 메뉴판, 무선 인터넷이 있는 매장입니다.",운영중,True,True,진북동,official_coordinates,https://www.data.go.kr/data/15076735/fileData.do; 2022-04-01,2022-04-01
730284,응급실국물떡볶이 전주평화점,전북특별자치도 전주시 완산구 평화9길 16-1,전북특별자치도 전주시 완산구 평화동2가 941 ,35.7882298,127.1367554,063-236-7119,분식,일반음식점,"전라북도 전주시에 가신다면 ""응급실국물떡볶이""에 방문해보세요~ 레드테이블에서 온라인 예약이 가능합니다! 배달 가능한 매장입니다. 다국어 메뉴판, 무선 인터넷이 있는 매장입니다.",운영중,True,True,평화2동,official_coordinates,https://www.data.go.kr/data/15076735/fileData.do; 2022-04-01,2022-04-01
730580,킹스타피자만성점,전북특별자치도 전주시 덕진구 만성로 82,전북특별자치도 전주시 덕진구 만성동 1291-1,35.8389708,127.0742082,063-214-8999,분식,일반음식점,"전라북도 전주시에서 맛집을 찾으신다면 ""킹스타피자(만성점)""를 추천합니다. 레드테이블에서 온라인 예약이 가능합니다! 남녀 화장실이 구분되어 있는 매장입니다. 배달 가능한 매장입니다. 주차공간, 다국어 메뉴판, 그리고 무선 인터넷이 있는 매장입니다.",운영중,True,True,여의동,official_coordinates,https://www.data.go.kr/data/15076735/fileData.do; 2022-04-01,2022-04-01
864906,갈비집,전북특별자치도 전주시 덕진구 한배미3길 11,전북특별자치도 전주시 덕진구 인후동1가 936-13,35.8249733,127.1656129,063-241-4171,,,"전라북도 전주시에서 맛집을 찾으신다면 ""갈비집""을 추천합니다.",운영중,True,True,인후3동,official_coordinates,https://www.data.go.kr/data/15076735/fileData.do; 2022-04-01,2022-04-01
732157,응급실국물떡볶이 전주효자점,전북특별자치도 전주시 완산구 봉곡로 115 1층,전북특별자치도 전주시 완산구 효자동2가 1158-30,35.811111,127.1064727,063-223-5791,일반조리판매,휴게음식점,"전라북도 전주시에 가신다면 ""응급실국물떡볶이(전주효자점)""에 방문해보세요~ 레드테이블에서 온라인 예약이 가능합니다! 배달 가능한 매장입니다. 다국어 메뉴판이 있는 매장입니다.",운영중,True,True,효자4동,official_coordinates,https://www.data.go.kr/data/15076735/fileData.do; 2022-04-01,2022-04-01
732279,낙지마당송천점,전북특별자치도 전주시 덕진구 동부대로 1077,전북특별자치도 전주시 덕진구 송천동2가 166-1,35.8691201,127.1292654,063-242-7000,한식,일반음식점,"전라북도 전주시에서 어디를 갈지 고민이라면! ""낙지마당(송천점)""에 가보시는 건 어떨까요? 다국어 메뉴판이 있는 매장입니다.",운영중,True,True,송천1동,official_coordinates,https://www.data.go.kr/data/15076735/fileData.do; 2022-04-01,2022-04-01
729653,우노스 베이커리,전북특별자치도 전주시 덕진구 권삼득로 350(1층 덕진동1가),전북특별자치도 전주시 덕진구 덕진동1가 1315-51,35.8460612,127.1246161,063-277-7179,제과점영업,제과점영업,"전라북도 전주시에서 어디를 갈지 고민이라면! ""우노스""에 가보시는 건 어떨까요? 레드테이블에서 온라인 예약이 가능합니다! 남녀 화장실이 구분되어 있는 매장입니다. 주차공간, 키오스크가 마련되어 있으며 다국어 메뉴판, 무선 인터넷을 제공하는 매장입니다.",운영중,True,True,덕진동,official_coordinates,https://www.data.go.kr/data/15076735/fileData.do; 2022-04-01,2022-04-01
732488,커피플로트,전북특별자치도 전주시 덕진구 사근1길 31,전북특별자치도 전주시 덕진구 송천동2가 179-119,35.8666658,127.1305542,063-252-9224,커피숍,휴게음식점,"전라북도 전주시에서 맛집을 찾으신다면 ""커피플로트""를 추천합니다. 레드테이블에서 온라인 예약이 가능합니다! 배달 가능한 매장입니다. 다국어 메뉴판이 있는 매장입니다.",운영중,True,True,송천1동,official_coordinates,https://www.data.go.kr/data/15076735/fileData.do; 2022-04-01,2022-04-01
726226,별따주는부뚜막,전북특별자치도 전주시 완산구 홍산북로 45-12,전북특별자치도 전주시 완산구 효자동3가 1529-2,35.8178667,127.1071461,063-223-9925,한식,,"전라북도 전주시에서 가 볼 만한 식당을 찾으신다면? ""별따주는부뚜막""을 추천합니다!",운영중,True,True,효자5동,official_coordinates,https://www.data.go.kr/data/15076735/fileData.do; 2022-04-01,2022-04-01
725632,빽다방 전주 동산점,전북특별자치도 전주시 덕진구 쪽구름로 58,전북특별자치도 전주시 덕진구 여의동2가 704-6,35.8705988,127.076984,050-7132-8378,커피숍,휴게음식점,"전라북도 전주시에서 맛집을 찾으신다면 ""빽다방(전주동산점)""을 추천합니다. 레드테이블에서 온라인 예약이 가능합니다! 배달 가능한 매장입니다. 다국어 메뉴판, 무선 인터넷이 있는 매장입니다.",운영중,True,True,여의동,official_coordinates,https://www.data.go.kr/data/15076735/fileData.do; 2022-04-01,2022-04-01
719165,맨스플레이트,전북특별자치도 전주시 완산구 거마평로 147-14,전북특별자치도 전주시 완산구 효자동1가 453-1,35.8054669,127.115284,,한식,일반음식점,"""맨스플레이트""는 전라북도 전주시에 있습니다. 레드테이블에서 온라인 예약이 가능합니다! 남녀 화장실이 구분되어 있는 매장입니다. 배달 가능한 매장입니다. 주차공간, 다국어 메뉴판, 그리고 무선 인터넷이 있는 매장입니다.",운영중,True,True,효자3동,official_coordinates,https://www.data.go.kr/data/15076735/fileData.do; 2022-04-01,2022-04-01
719258,이것이김밥이다,전북특별자치도 전주시 덕진구 쪽구름로 94,전북특별자치도 전주시 덕진구 송천동2가 1331-13,35.8733662,127.0751232,063-211-2779,일반조리판매,휴게음식점,"전라북도 전주시에 가신다면 ""이것이김밥이다""에 방문해보세요~ 레드테이블에서 온라인 예약이 가능합니다! 배달 가능한 매장입니다. 다국어 메뉴판, 무선 인터넷이 있는 매장입니다.",운영중,True,True,조촌동,official_coordinates,https://www.data.go.kr/data/15076735/fileData.do; 2022-04-01,2022-04-01
720357, 88콩나물국밥&짜글이 ,전북특별자치도 전주시 덕진구 오공로 43-17 ,전북특별자치도 전주시 완산구 효자동3가 1674-1,35.8376957,127.0599579,063-222-3488,한식,일반음식점,"무엇을 먹을지 고민되신다고요? 전라북도 전주시에 계시다면 ""88콩나물국밥(혁신대방점)""을 추천합니다! 레드테이블에서 온라인 예약이 가능합니다! 배달 가능한 매장입니다. 다국어 메뉴판, 무선 인터넷이 있는 매장입니다.",운영중,True,True,혁신동,official_coordinates,https://www.data.go.kr/data/15076735/fileData.do; 2022-04-01,2022-04-01
720407,상무초밥 전주도청직영점,전북특별자치도 전주시 완산구 홍산로 276,전북특별자치도 전주시 완산구 효자동3가 1525-2,35.8182384,127.1064669,063-229-2267,일식,일반음식점,"전라북도 전주시에서 어디를 갈지 고민이라면! ""상무초밥(전주도청직영점)""에 가보시는 건 어떨까요? 레드테이블에서 온라인 예약이 가능합니다! 남녀 화장실이 구분되어 있으며, 베리어프리 매장입니다. 배달 가능한 매장입니다. 주차공간, 다국어 메뉴판, 그리고 무선 인터넷이 있는 매장입니다.",운영중,True,True,효자5동,official_coordinates,https://www.data.go.kr/data/15076735/fileData.do; 2022-04-01,2022-04-01
721579,모락육회,전북특별자치도 전주시 덕진구 솔내로 108,전북특별자치도 전주시 덕진구 송천동1가 137-3,35.8596482,127.1268079,050-4099-9043,정종/대포집/소주방,일반음식점,"""모락육회(송천점)""를 전라북도 전주시의 가 볼 만한 식당으로 추천합니다! 레드테이블에서 온라인 예약이 가능합니다! 배달 가능한 매장입니다. 다국어 메뉴판이 있는 매장입니다.",운영중,True,True,송천1동,official_coordinates,https://www.data.go.kr/data/15076735/fileData.do; 2022-04-01,2022-04-01
721776,싸움의고수 전북대점,전북특별자치도 전주시 덕진구 명륜3길 21 1층 102호,전북특별자치도 전주시 덕진구 덕진동1가 1266-16,35.8429998,127.1281377,063-255-6815,한식,일반음식점,"전라북도 전주시에서 어디를 갈지 고민이라면! ""싸움의고수(전북대점)""에 가보시는 건 어떨까요? 레드테이블에서 온라인 예약이 가능합니다! 배달 가능한 매장입니다. 다국어 메뉴판이 있는 매장입니다.",운영중,True,True,덕진동,official_coordinates,https://www.data.go.kr/data/15076735/fileData.do; 2022-04-01,2022-04-01
722419,유화당,전북특별자치도 전주시 덕진구 추탄로 48 1층 유화당,전북특별자치도 전주시 덕진구 덕진동2가 667-2,35.8450711,127.1093143,,한식,일반음식점,"전라북도 전주시에서 가 볼 만한 식당을 찾으신다면? ""유화당""을 추천합니다! 남녀 화장실이 구분되어 있는 매장입니다. 배달 가능한 매장입니다. 주차공간, 다국어 메뉴판, 그리고 무선 인터넷이 있는 매장입니다.",운영중,True,True,덕진동,official_coordinates,https://www.data.go.kr/data/15076735/fileData.do; 2022-04-01,2022-04-01
725690,밥상위의한우 송천점,전북특별자치도 전주시 덕진구 사근1길 31,전북특별자치도 전주시 덕진구 송천동2가 179-116,35.8666658,127.1305541,063-277-2209,한식,일반음식점,"""밥상위의한우(송천점)""는 전라북도 전주시에 있습니다. 남녀 화장실이 구분되어 있는 매장입니다. 주차공간, 다국어 메뉴판, 그리고 무선 인터넷이 있는 매장입니다.",운영중,True,True,송천1동,official_coordinates,https://www.data.go.kr/data/15076735/fileData.do; 2022-04-01,2022-04-01
723107,공차 효자점,전북특별자치도 전주시 완산구 용머리로 50,전북특별자치도 전주시 완산구 효자동1가 443-2,35.8062544,127.1159552,063-946-6311,기타 휴게음식점,휴게음식점,"전라북도 전주시에서 어디를 갈지 고민이라면! ""공차(전주효자점)""에 가보시는 건 어떨까요? 레드테이블에서 온라인 예약이 가능합니다! 배달 가능한 매장입니다. 키오스크, 다국어 메뉴판이 있는 매장입니다.",운영중,True,True,효자3동,official_coordinates,https://www.data.go.kr/data/15076735/fileData.do; 2022-04-01,2022-04-01
723855,쌈쌘 전북대점,전북특별자치도 전주시 덕진구 명륜3길 21,전북특별자치도 전주시 덕진구 금암동 1312-38,35.8429963,127.1281312,063-273-8856,일식,일반음식점,"무엇을 먹을지 고민되신다고요? 전라북도 전주시에 계시다면 ""쌈쌘""을 추천합니다! 레드테이블과 네이버에서 온라인 예약이 가능합니다! 남녀 화장실이 구분되어 있는 매장입니다. 배달 가능한 매장입니다. 키오스크, 다국어 메뉴판, 그리고 무선 인터넷이 있는 매장입니다.",운영중,True,True,덕진동,official_coordinates,https://www.data.go.kr/data/15076735/fileData.do; 2022-04-01,2022-04-01
723912,라따블데뤼땡,전북특별자치도 전주시 완산구 소태정4길 11-3 1층,전북특별자치도 전주시 완산구 효자동2가 1324-1,35.805009,127.1015148,063-227-1026,한식,일반음식점,"어디 가야 할지 고민이시라고요? 그럼 전라북도 전주시 맛집, ""라따블데뤼땡""을 추천합니다! 레드테이블에서 온라인 예약이 가능합니다! 남녀 화장실이 구분되어 있는 매장입니다. 배달 가능한 매장입니다. 주차공간, 다국어 메뉴판, 그리고 무선 인터넷이 있는 매장입니다.",운영중,True,True,효자4동,official_coordinates,https://www.data.go.kr/data/15076735/fileData.do; 2022-04-01,2022-04-01
724010,카페우정 노는우리협동조합,전북특별자치도 전주시 완산구 서원로 99 전북지방우정청 1층,전북특별자치도 전주시 완산구 효자동2가 1245-4,35.8145679,127.1055053,063-221-7717,기타 휴게음식점,휴게음식점,"어디 가야 할지 고민이시라고요? 그럼 전라북도 전주시 맛집, ""카페우정 노는우리협동조합""을 추천합니다! 다국어 메뉴판이 있는 매장입니다.",운영중,True,True,효자5동,official_coordinates,https://www.data.go.kr/data/15076735/fileData.do; 2022-04-01,2022-04-01
724086,유로코피자 전북 전주혁신점,전북특별자치도 전주시 덕진구 출판로 85,전북특별자치도 전주시 덕진구 장동 1086,35.8398984,127.0618836,063-211-1828,경양식,일반음식점,"어디 가야 할지 고민이시라고요? 그럼 전라북도 전주시 맛집, ""유로코피자(전주혁신점)""를 추천합니다! 배달 가능한 매장입니다. 다국어 메뉴판이 있는 매장입니다.",운영중,True,True,여의동,official_coordinates,https://www.data.go.kr/data/15076735/fileData.do; 2022-04-01,2022-04-01
724470,만년닭강정,전북특별자치도 전주시 완산구 당산로 46,전북특별자치도 전주시 완산구 서신동 796-1,35.832008,127.1133177,063-253-5400,한식,일반음식점,"전라북도 전주시에 가신다면 ""만년닭강정""에 방문해보세요~ 레드테이블에서 온라인 예약이 가능합니다! 배달 가능한 매장입니다. 다국어 메뉴판이 있는 매장입니다.",운영중,True,True,서신동,official_coordinates,https://www.data.go.kr/data/15076735/fileData.do; 2022-04-01,2022-04-01
725183,컬러인 커피 금암점,전북특별자치도 전주시 덕진구 전주천동로 479(1층 금암동),전북특별자치도 전주시 덕진구 금암동 760-6,35.8357998,127.1291866,,커피숍,휴게음식점,"전라북도 전주시에 가신다면 ""컬러인커피""에 방문해보세요~ 레드테이블에서 온라인 예약이 가능합니다! 다국어 메뉴판이 있는 매장입니다.",운영중,True,True,금암1동,official_coordinates,https://www.data.go.kr/data/15076735/fileData.do; 2022-04-01,2022-04-01
725456,꿀삐닭강정 전주효자점,전북특별자치도 전주시 완산구 거마평로 113,전북특별자치도 전주시 완산구 효자동1가 652,35.802549,127.1165278,063-236-9911,한식,일반음식점,"전라북도 전주시에 가신다면 ""꿀삐닭강정(전주효자점)""에 방문해보세요~ 다국어 메뉴판이 있는 매장입니다.",운영중,True,True,효자3동,official_coordinates,https://www.data.go.kr/data/15076735/fileData.do; 2022-04-01,2022-04-01
723358,가비온,전북특별자치도 전주시 덕진구 송천4길 32-18 가비온,전북특별자치도 전주시 덕진구 송천동1가 840-6,35.8624866,127.1183563,063-902-3338,한식,일반음식점,"전라북도 전주시에 가신다면 ""가비온""에 방문해보세요~ 주차공간, 다국어 메뉴판이 있는 매장입니다.",운영중,True,True,송천2동,official_coordinates,https://www.data.go.kr/data/15076735/fileData.do; 2022-04-01,2022-04-01
748830,치히로,전북특별자치도 전주시 완산구 전주객사3길 73-56,전북특별자치도 전주시 완산구 고사동 324-15,35.8205976,127.1406061,070-4300-6099,일식,일반음식점,"전라북도 전주시에서 어디를 갈지 고민이라면! ""치히로""에 가보시는 건 어떨까요? 레드테이블에서 온라인 예약이 가능합니다! 배달 가능한 매장입니다. 다국어 메뉴판이 있는 매장입니다.",운영중,True,True,중앙동,official_coordinates,https://www.data.go.kr/data/15076735/fileData.do; 2022-04-01,2022-04-01
732502,설맥,전북특별자치도 전주시 완산구 전주객사1길 46-10,전북특별자치도 전주시 완산구 다가동3가 46-2,35.8184331,127.1396344,063-286-0507,기타,일반음식점,"""설맥(전주객리단길점)""은 전라북도 전주시에 있습니다. 레드테이블에서 온라인 예약이 가능합니다! 반려동물 입장이 가능한 매장입니다. 배달 가능한 매장입니다. 주차공간, 다국어 메뉴판, 그리고 무선 인터넷이 있는 매장입니다.",운영중,True,True,중앙동,official_coordinates,https://www.data.go.kr/data/15076735/fileData.do; 2022-04-01,2022-04-01
734291,커피나무79 카페,전북특별자치도 전주시 덕진구 조경단로 97,전북특별자치도 전주시 덕진구 금암동 1547-8,35.8429216,127.1386541,063-273-7789,기타,일반음식점,"무엇을 먹을지 고민되신다고요? 전라북도 전주시에 계시다면 ""커피나무79""를 추천합니다! 레드테이블에서 온라인 예약이 가능합니다! 다국어 메뉴판이 있는 매장입니다.",운영중,True,True,금암2동,official_coordinates,https://www.data.go.kr/data/15076735/fileData.do; 2022-04-01,2022-04-01
745577,티암,전북특별자치도 전주시 완산구 농소1길 3,전북특별자치도 전주시 완산구 효자동3가 1716-18 1층 ,35.8139243,127.0966645,063-227-5175,기타 휴게음식점,휴게음식점,"전라북도 전주시에서 어디를 갈지 고민이라면! ""티암""에 가보시는 건 어떨까요? 레드테이블에서 온라인 예약이 가능합니다! 배달 가능한 매장입니다. 다국어 메뉴판이 있는 매장입니다.",운영중,True,True,효자5동,official_coordinates,https://www.data.go.kr/data/15076735/fileData.do; 2022-04-01,2022-04-01
745601,마시루,전북특별자치도 전주시 덕진구 명주5길 11 성락프라자 상가 1층,전북특별자치도 전주시 덕진구 인후동2가 1575-1 성락프라자 상가 1층,35.845148,127.1512307,063-246-1609,분식,일반음식점,"어디 가야 할지 고민이시라고요? 그럼 전라북도 전주시 맛집, ""마시루""를 추천합니다! 레드테이블에서 온라인 예약이 가능합니다! 배달 가능한 매장입니다. 다국어 메뉴판, 무선 인터넷이 있는 매장입니다.",운영중,True,True,인후2동,official_coordinates,https://www.data.go.kr/data/15076735/fileData.do; 2022-04-01,2022-04-01
745632,노매딕 브루잉 컴퍼니,전북특별자치도 전주시 완산구 전라감영3길 12-10,전북특별자치도 전주시 완산구 중앙동2가 50-4,35.8164209,127.1437925,063-902-3924,경양식,일반음식점,"""노매딕 브루잉 컴퍼니""는 전라북도 전주시에 있습니다. 다국어 메뉴판이 있는 매장입니다.",운영중,True,True,중앙동,official_coordinates,https://www.data.go.kr/data/15076735/fileData.do; 2022-04-01,2022-04-01
746072,빈타이 송천점,전북특별자치도 전주시 덕진구 조경단로 324-1,전북특별자치도 전주시 덕진구 송천동1가 265-42,35.8515619,127.1212188,063-278-4376,커피숍,휴게음식점,"무엇을 먹을지 고민되신다고요? 전라북도 전주시에 계시다면 ""빈타이(송천점)""를 추천합니다! 레드테이블에서 온라인 예약이 가능합니다! 남녀 화장실이 구분되어 있는 매장입니다. 배달 가능한 매장입니다. 주차공간, 다국어 메뉴판, 그리고 무선 인터넷이 있는 매장입니다.",운영중,True,True,송천1동,official_coordinates,https://www.data.go.kr/data/15076735/fileData.do; 2022-04-01,2022-04-01
746204,유례있는카페,전북특별자치도 전주시 완산구 용머리로 105,전북특별자치도 전주시 완산구 효자동1가 298-4,35.8062879,127.1217226,063-236-1132,기타 휴게음식점,휴게음식점,"어디 가야 할지 고민이시라고요? 그럼 전라북도 전주시 맛집, ""유례있는카페""를 추천합니다! 레드테이블에서 온라인 예약이 가능합니다! 다국어 메뉴판이 있는 매장입니다.",운영중,True,True,효자2동,official_coordinates,https://www.data.go.kr/data/15076735/fileData.do; 2022-04-01,2022-04-01
746484,이대가메밀막국수,전북특별자치도 전주시 완산구 소태정3길 11,전북특별자치도 전주시 완산구 효자동2가 1210-2,35.8033549,127.0998114,063-224-2232,한식,일반음식점,"무엇을 먹을지 고민되신다고요? 전라북도 전주시에 계시다면 ""이대가메밀""을 추천합니다! 레드테이블에서 온라인 예약이 가능합니다! 남녀 화장실이 구분되어 있으며, 베리어프리 매장입니다. 주차공간, 다국어 메뉴판, 그리고 무선 인터넷이 있는 매장입니다.",운영중,True,True,효자4동,official_coordinates,https://www.data.go.kr/data/15076735/fileData.do; 2022-04-01,2022-04-01
746716,봉마땡B&co,전북특별자치도 전주시 완산구 유연로 154,전북특별자치도 전주시 완산구 효자동3가 1627-6,35.8248846,127.1022332,063-221-0311,제과점영업,제과점영업,"어디 가야 할지 고민이시라고요? 그럼 전라북도 전주시 맛집, ""봉마땡""을 추천합니다! 레드테이블에서 온라인 예약이 가능합니다! 남녀 화장실이 구분되어 있는 매장입니다. 다국어 메뉴판, 무선 인터넷이 있는 매장입니다.",운영중,True,True,효자5동,official_coordinates,https://www.data.go.kr/data/15076735/fileData.do; 2022-04-01,2022-04-01
744480,가마꿉 효자점,전북특별자치도 전주시 완산구 우전1길 54,전북특별자치도 전주시 완산구 효자동2가 541-7,35.8083434,127.1060557,063-226-8401,한식,일반음식점,"전라북도 전주시에서 어디를 갈지 고민이라면! ""가마꿉(LH효자점)""에 가보시는 건 어떨까요? 레드테이블에서 온라인 예약이 가능합니다! 배달 가능한 매장입니다. 주차공간, 다국어 메뉴판이 있는 매장입니다.",운영중,True,True,효자4동,official_coordinates,https://www.data.go.kr/data/15076735/fileData.do; 2022-04-01,2022-04-01
746753,할매닭발 송천점,전북특별자치도 전주시 덕진구 시천로 60,전북특별자치도 전주시 덕진구 송천동1가 832-5,35.8646068,127.1146157,063-251-4892,기타,일반음식점,"전라북도 전주시에 가신다면 ""할매닭발(송천점)""에 방문해보세요~ 다국어 메뉴판이 있는 매장입니다.",운영중,True,True,송천2동,official_coordinates,https://www.data.go.kr/data/15076735/fileData.do; 2022-04-01,2022-04-01
747229,스위트박스 신시가지점,전북특별자치도 전주시 완산구 홍산1길 7  ,전북특별자치도 전주시 완산구 효자동2가 1157-4,35.8141875,127.108357,063-909-9437,기타 휴게음식점,휴게음식점,"무엇을 먹을지 고민되신다고요? 전라북도 전주시에 계시다면 ""스위트박스(신시가지점)""를 추천합니다! 레드테이블에서 온라인 예약이 가능합니다! 반려동물 입장이 가능한 매장입니다. 배달 가능한 매장입니다. 다국어 메뉴판이 있는 매장입니다.",운영중,True,True,효자5동,official_coordinates,https://www.data.go.kr/data/15076735/fileData.do; 2022-04-01,2022-04-01
747358,라보테,전북특별자치도 전주시 덕진구 중동로 104-16 3층,전북특별자치도 전주시 덕진구 장동 1093-1 3층,35.8435859,127.0644943,063-213-3332,경양식,일반음식점,"어디 가야 할지 고민이시라고요? 그럼 전라북도 전주시 맛집, ""라보테""를 추천합니다! 지방자치단체 인증을 받은 농림축산식품부 제공 안심식당입니다. 레드테이블에서 온라인 예약이 가능합니다! 배달 가능한 매장입니다. 주차공간, 다국어 메뉴판이 있는 매장입니다.",운영중,True,True,여의동,official_coordinates,https://www.data.go.kr/data/15076735/fileData.do; 2022-04-01,2022-04-01
747426,소몽,전북특별자치도 전주시 덕진구 들사평로 37 1층 소몽,전북특별자치도 전주시 덕진구 덕진동1가 1412-12,35.839665,127.1237455,,일식,일반음식점,"전라북도 전주시에 가신다면 ""소몽""에 방문해보세요~ 다국어 메뉴판, 무선 인터넷이 있는 매장입니다.",운영중,True,True,덕진동,official_coordinates,https://www.data.go.kr/data/15076735/fileData.do; 2022-04-01,2022-04-01
747454,지금보고싶다 객사점,전북특별자치도 전주시 완산구 전주객사2길 94,전북특별자치도 전주시 완산구 다가동4가 22-1,35.8208511,127.1396688,,한식,일반음식점,"무엇을 먹을지 고민되신다고요? 전라북도 전주시에 계시다면 ""지금보고싶다(객사점)""를 추천합니다! 다국어 메뉴판이 있는 매장입니다.",운영중,True,True,중앙동,official_coordinates,https://www.data.go.kr/data/15076735/fileData.do; 2022-04-01,2022-04-01
747773,바리스타케이,전북특별자치도 전주시 덕진구 가리내8길 1 103호 바리스타 K,전북특별자치도 전주시 덕진구 덕진동2가 674-5,35.8433863,127.1116314,063-901-0201,커피숍,휴게음식점,"전라북도 전주시에서 어디를 갈지 고민이라면! ""바리스타케이""에 가보시는 건 어떨까요? 다국어 메뉴판이 있는 매장입니다.",운영중,True,True,덕진동,official_coordinates,https://www.data.go.kr/data/15076735/fileData.do; 2022-04-01,2022-04-01
748079,호성루,"전북특별자치도 전주시 덕진구 동부대로 803 107,108호",전북특별자치도 전주시 완산구 서신동 1012-5,35.8591374,127.1540559,063-242-3353,중국식,일반음식점,"전라북도 전주시에서 식당을 찾으신다면? ""호성루(본점)""를 방문해보세요! 레드테이블에서 온라인 예약이 가능합니다! 배달 가능한 매장입니다. 주차공간, 다국어 메뉴판, 그리고 무선 인터넷이 있는 매장입니다.",운영중,True,True,호성동,official_coordinates,https://www.data.go.kr/data/15076735/fileData.do; 2022-04-01,2022-04-01
748086,공차 전주중화산점,전북특별자치도 전주시 완산구 유연로 285,전북특별자치도 전주시 완산구 서신동 857-2,35.825536,127.1166954,063-247-0707,커피숍,휴게음식점,"무엇을 먹을지 고민되신다고요? 전라북도 전주시에 계시다면 ""공차(전주중화산점)""를 추천합니다! 레드테이블에서 온라인 예약이 가능합니다! 배달 가능한 매장입니다. 키오스크, 다국어 메뉴판이 있는 매장입니다.",운영중,True,True,서신동,official_coordinates,https://www.data.go.kr/data/15076735/fileData.do; 2022-04-01,2022-04-01
746844,더마,전북특별자치도 전주시 완산구 구룡1길 26 1층 더마,전북특별자치도 전주시 완산구 효자동2가 1266-8,35.8114371,127.1046936,070-4045-1266,기타 휴게음식점,휴게음식점,"어디 가야 할지 고민이시라고요? 그럼 전라북도 전주시 맛집, ""더마""를 추천합니다! 레드테이블에서 온라인 예약이 가능합니다! 반려동물 입장이 가능한 매장입니다. 배달 가능한 매장입니다. 주차공간, 다국어 메뉴판, 그리고 무선 인터넷이 있는 매장입니다.",운영중,True,True,효자4동,official_coordinates,https://www.data.go.kr/data/15076735/fileData.do; 2022-04-01,2022-04-01
733263,고신당,전북특별자치도 전주시 완산구 태조로 25-6 고신당,전북특별자치도 전주시 덕진구 중동 777-1,35.8142492,127.151878,,한식,일반음식점,"무엇을 먹을지 고민되신다고요? 전라북도 전주시에 계시다면 ""고신당""을 추천합니다! 레드테이블에서 온라인 예약이 가능합니다! 반려동물 입장이 가능한 매장입니다. 다국어 메뉴판, 무선 인터넷이 있는 매장입니다.",운영중,True,True,풍남동,official_coordinates,https://www.data.go.kr/data/15076735/fileData.do; 2022-04-01,2022-04-01
743304,중앙동꿀꽈배기,전북특별자치도 전주시 덕진구 시천로 52,전북특별자치도 전주시 덕진구 송천동1가 833-4,35.8639816,127.1146911,063-274-8886,제과점영업,제과점영업,"전라북도 전주시에 가신다면 ""중앙동 꿀 꽈배기""에 방문해보세요~ 레드테이블에서 온라인 예약이 가능합니다! 주차공간, 다국어 메뉴판이 있는 매장입니다.",운영중,True,True,송천2동,official_coordinates,https://www.data.go.kr/data/15076735/fileData.do; 2022-04-01,2022-04-01
742990,소호,전북특별자치도 전주시 완산구 감나무4길 10-8(서신동),전북특별자치도 전주시 덕진구 만성동 1291-1,35.8317889,127.1218754,063-255-1253,한식,일반음식점,"전라북도 전주시에 가신다면 ""소호""에 방문해보세요~ 레드테이블에서 온라인 예약이 가능합니다! 배달 가능한 매장입니다. 다국어 메뉴판이 있는 매장입니다.",운영중,True,True,서신동,official_coordinates,https://www.data.go.kr/data/15076735/fileData.do; 2022-04-01,2022-04-01
735767,이비가짬뽕 전주 송천점,전북특별자치도 전주시 덕진구 동부대로 1072,전북특별자치도 전주시 덕진구 송천동2가 167,35.8700101,127.1298593,063-277-3792,중국식,일반음식점,"전라북도 전주시에서 맛집을 찾으신다면 ""이비가짬뽕(전주 송천점)""을 추천합니다. 다국어 메뉴판이 있는 매장입니다.",운영중,True,True,송천1동,official_coordinates,https://www.data.go.kr/data/15076735/fileData.do; 2022-04-01,2022-04-01
735854,미친고기 효자점,전북특별자치도 전주시 완산구 마전들로 74 1층 103호,전북특별자치도 전주시 완산구 효자동3가 1694-2,35.8208318,127.1035221,063-714-2588,한식,일반음식점,"어디 가야 할지 고민이시라고요? 그럼 전라북도 전주시 맛집, ""미친고기(효자점)""를 추천합니다! 레드테이블에서 온라인 예약이 가능합니다! 남녀 화장실이 구분되어 있는 매장입니다. 다국어 메뉴판, 무선 인터넷이 있는 매장입니다.",운영중,True,True,효자5동,official_coordinates,https://www.data.go.kr/data/15076735/fileData.do; 2022-04-01,2022-04-01
736484,이모김밥,전북특별자치도 전주시 완산구 서원로 292,전북특별자치도 전주시 완산구 중화산동2가 535-3,35.8116133,127.1262784,,한식,일반음식점,"""이모김밥(중화산점)""을 전라북도 전주시의 가 볼 만한 식당으로 추천합니다! 레드테이블에서 온라인 예약이 가능합니다! 배달 가능한 매장입니다. 주차공간, 다국어 메뉴판이 있는 매장입니다.",운영중,True,True,중화산1동,official_coordinates,https://www.data.go.kr/data/15076735/fileData.do; 2022-04-01,2022-04-01
736609,범프리카인생치킨 완산점,전북특별자치도 전주시 완산구 후곡길 11-18(1층 효자동2가)	,전북특별자치도 전주시 완산구 효자동2가 1308-7,35.8097099,127.0952488,063-227-7089,호프/통닭,일반음식점,"전라북도 전주시에서 맛집을 찾으신다면 ""범프리카인생치킨(완산점)""을 추천합니다. 레드테이블에서 온라인 예약이 가능합니다! 배달 가능한 매장입니다. 다국어 메뉴판, 무선 인터넷이 있는 매장입니다.",운영중,True,True,효자4동,official_coordinates,https://www.data.go.kr/data/15076735/fileData.do; 2022-04-01,2022-04-01
737251,뭉실베이커리,전북특별자치도 전주시 완산구 서원로 289-6,전북특별자치도 전주시 완산구 중화산동2가 114,35.8121048,127.1263144,,제과점영업,제과점영업,"""뭉실베이커리""는 전라북도 전주시에 있습니다. 레드테이블에서 온라인 예약이 가능합니다! 배달 가능한 매장입니다. 다국어 메뉴판이 있는 매장입니다.",운영중,True,True,중화산1동,official_coordinates,https://www.data.go.kr/data/15076735/fileData.do; 2022-04-01,2022-04-01
737608,구운통닭 송천점,전북특별자치도 전주시 덕진구 시천로 84,전북특별자치도 전주시 덕진구 송천동1가 564-11,35.8667968,127.1147267,063-272-5882,호프/통닭,일반음식점,"무엇을 먹을지 고민되신다고요? 전라북도 전주시에 계시다면 ""구운통닭(송천점)""을 추천합니다! 레드테이블에서 온라인 예약이 가능합니다! 배달 가능한 매장입니다. 다국어 메뉴판이 있는 매장입니다.",운영중,True,True,송천2동,official_coordinates,https://www.data.go.kr/data/15076735/fileData.do; 2022-04-01,2022-04-01
737791,성연횟집,전북특별자치도 전주시 완산구 우전2길 72,전북특별자치도 전주시 덕진구 중동 776-7,35.8103896,127.1070365,,회집,일반음식점,"전라북도 전주시에 가신다면 ""성연횟집""에 방문해보세요~ 레드테이블에서 온라인 예약이 가능합니다! 배달 가능한 매장입니다. 다국어 메뉴판이 있는 매장입니다.",운영중,True,True,효자4동,official_coordinates,https://www.data.go.kr/data/15076735/fileData.do; 2022-04-01,2022-04-01
743277,마닐마닐테라스,전북특별자치도 전주시 완산구 전동성당길 82,전북특별자치도 전주시 완산구 전동 52-1,35.8152973,127.148751,063-283-8611,한식,일반음식점,"""카페 마닐마닐""을 전라북도 전주시의 가 볼 만한 식당으로 추천합니다! 레드테이블에서 온라인 예약이 가능합니다! 다국어 메뉴판, 무선 인터넷이 있는 매장입니다.",운영중,True,True,풍남동,official_coordinates,https://www.data.go.kr/data/15076735/fileData.do; 2022-04-01,2022-04-01
738027,화월짜글이,전북특별자치도 전주시 완산구 신촌4길 10-6,전북특별자치도 전주시 완산구 중화산동2가 776-3,35.8183474,127.1171594,063-223-1208,한식,일반음식점,"""화월짜글이""를 전라북도 전주시의 가 볼 만한 식당으로 추천합니다! 레드테이블에서 온라인 예약이 가능합니다! 다국어 메뉴판이 있는 매장입니다.",운영중,True,True,중화산2동,official_coordinates,https://www.data.go.kr/data/15076735/fileData.do; 2022-04-01,2022-04-01
739077,더벤티 전주법조타운점,전북특별자치도 전주시 덕진구 만성로 140,전북특별자치도 전주시 덕진구 금암동 1548-8,35.8434852,127.0770598,063-214-1114,커피숍,휴게음식점,"무엇을 먹을지 고민되신다고요? 전라북도 전주시에 계시다면 ""더벤티(전주법조타운점)""를 추천합니다! 레드테이블에서 온라인 예약이 가능합니다! 배달 가능한 매장입니다. 다국어 메뉴판, 무선 인터넷이 있는 매장입니다.",운영중,True,True,여의동,official_coordinates,https://www.data.go.kr/data/15076735/fileData.do; 2022-04-01,2022-04-01
739470,옛날아우내순대 전주점,전북특별자치도 전주시 덕진구 사근1길 31 109호,전북특별자치도 전주시 덕진구 송천동2가 179-116,35.8666658,127.1305541,063-277-5524,한식,일반음식점,"무엇을 먹을지 고민되신다고요? 전라북도 전주시에 계시다면 ""옛날아우내순대(전주점)""를 추천합니다! 남녀 화장실이 구분되어 있는 매장입니다. 주차공간, 다국어 메뉴판, 그리고 무선 인터넷이 있는 매장입니다.",운영중,True,True,송천1동,official_coordinates,https://www.data.go.kr/data/15076735/fileData.do; 2022-04-01,2022-04-01
739688,후라이드참잘하는집 송천점,전북특별자치도 전주시 덕진구 솔내8길 16,전북특별자치도 전주시 덕진구 송천동1가 484,35.8608807,127.122962,050-4054-4223,호프/통닭,일반음식점,"""후라이드참잘하는집(송천점)""은 전라북도 전주시에 있습니다. 다국어 메뉴판이 있는 매장입니다.",운영중,True,True,송천1동,official_coordinates,https://www.data.go.kr/data/15076735/fileData.do; 2022-04-01,2022-04-01
740593,이치류양심,전북특별자치도 전주시 완산구 홍산북로 22,전북특별자치도 전주시 완산구 효자동2가 1236-2,35.8173461,127.1043063,063-228-8880,한식,일반음식점,"전라북도 전주시에서 식당을 찾으신다면? ""이치류양심""을 방문해보세요! 레드테이블에서 온라인 예약이 가능합니다! 남녀 화장실이 구분되어 있는 매장입니다. 다국어 메뉴판, 무선 인터넷이 있는 매장입니다.",운영중,True,True,효자5동,official_coordinates,https://www.data.go.kr/data/15076735/fileData.do; 2022-04-01,2022-04-01
742157,우희,전북특별자치도 전주시 완산구 홍산북로 22 1층,전북특별자치도 전주시 완산구 효자동2가 1236-2,35.8173461,127.1043063,063-222-2223,한식,일반음식점,"무엇을 먹을지 고민되신다고요? 전라북도 전주시에 계시다면 ""우희""를 추천합니다! 레드테이블에서 온라인 예약이 가능합니다! 주차공간, 다국어 메뉴판, 그리고 무선 인터넷이 있는 매장입니다.",운영중,True,True,효자5동,official_coordinates,https://www.data.go.kr/data/15076735/fileData.do; 2022-04-01,2022-04-01
742263,아스라이,전북특별자치도 전주시 완산구 홍산중앙로 36 2층,전북특별자치도 전주시 완산구 효자동3가 1536-4 2층 아스라이,35.8167132,127.1093361,063-222-0608,중국식,일반음식점,"전라북도 전주시에서 가 볼 만한 식당을 찾으신다면? ""아스라이""를 추천합니다! 레드테이블과 네이버에서 온라인 예약이 가능합니다! 남녀 화장실이 구분되어 있는 매장입니다. 배달 가능한 매장입니다. 주차공간, 키오스크가 마련되어 있으며 다국어 메뉴판, 무선 인터넷을 제공하는 매장입니다.",운영중,True,True,효자5동,official_coordinates,https://www.data.go.kr/data/15076735/fileData.do; 2022-04-01,2022-04-01
742726,베러댄와플 전주고사점,전북특별자치도 전주시 완산구 전주객사3길 74-46 베러댄와플 전주고사점,전북특별자치도 전주시 완산구 고사동 360,35.8207167,127.1425463,063-231-4432,기타 휴게음식점,휴게음식점,"""베러댄와플(전주고사점)""을 전라북도 전주시의 가 볼 만한 식당으로 추천합니다! 레드테이블에서 온라인 예약이 가능합니다! 남녀 화장실이 구분되어 있는 매장입니다. 배달 가능한 매장입니다. 다국어 메뉴판, 무선 인터넷이 있는 매장입니다.",운영중,True,True,중앙동,official_coordinates,https://www.data.go.kr/data/15076735/fileData.do; 2022-04-01,2022-04-01
738361,모두가만두,전북특별자치도 전주시 덕진구 소리로 185,전북특별자치도 전주시 덕진구 송천동2가 176-25,35.858042,127.1524359,,기타 휴게음식점,휴게음식점,"어디 가야 할지 고민이시라고요? 그럼 전라북도 전주시 맛집, ""모두가만두""를 추천합니다! 레드테이블에서 온라인 예약이 가능합니다! 반려동물 입장이 가능한 매장입니다. 주차공간, 다국어 메뉴판이 있는 매장입니다.",운영중,True,True,호성동,official_coordinates,https://www.data.go.kr/data/15076735/fileData.do; 2022-04-01,2022-04-01
781878,겐스빌치킨,전북특별자치도 전주시 완산구 전동성당길 24,전북특별자치도 전주시 완산구 경원동1가 115-3,35.817977,127.1487015,063-285-2546,맥주,,"전라북도 전주시에 가신다면 ""겐스빌치킨""에 방문해보세요~",운영중,True,True,풍남동,official_coordinates,https://www.data.go.kr/data/15076735/fileData.do; 2022-04-01,2022-04-01
782157,메가커피 전주서곡점,전북특별자치도 전주시 완산구 세내로 542,전북특별자치도 전주시 완산구 효자동3가 1456-5,35.8339108,127.099965,063-275-3004,기타 휴게음식점,휴게음식점,"전라북도 전주시에 가신다면 ""메가커피(전주서곡점)""에 방문해보세요~ 레드테이블에서 온라인 예약이 가능합니다! 다국어 메뉴판, 무선 인터넷이 있는 매장입니다.",운영중,True,True,효자5동,official_coordinates,https://www.data.go.kr/data/15076735/fileData.do; 2022-04-01,2022-04-01
782665,캐빈,전북특별자치도 전주시 완산구 홍산1길 21 ,전북특별자치도 전주시 완산구 효자동2가 1157-1,35.8142136,127.1069741,063-226-2019,커피숍,휴게음식점,"전라북도 전주시에서 어디를 갈지 고민이라면! ""캐빈""에 가보시는 건 어떨까요? 레드테이블에서 온라인 예약이 가능합니다! 다국어 메뉴판이 있는 매장입니다.",운영중,True,True,효자5동,official_coordinates,https://www.data.go.kr/data/15076735/fileData.do; 2022-04-01,2022-04-01
820339,풀동네커피랩,전북특별자치도 전주시 완산구 우전1길 42 풀동네커피랩,전북특별자치도 전주시 완산구 효자동2가 162-1,35.8074016,127.1057462,,커피숍,휴게음식점,"전라북도 전주시에 가신다면 ""풀동네커피랩""에 방문해보세요~ 다국어 메뉴판이 있는 매장입니다.",운영중,True,True,효자4동,official_coordinates,https://www.data.go.kr/data/15076735/fileData.do; 2022-04-01,2022-04-01
820717,청춘연가 1992 전주신시가지점,전북특별자치도 전주시 완산구 홍산남로 51,전북특별자치도 전주시 완산구 효자동3가 1534-3,35.8160128,127.1074941,063-221-1992,한식,일반음식점,"""청춘연가 1992(전주신시가지점)""를 전라북도 전주시의 가 볼 만한 식당으로 추천합니다! 다국어 메뉴판이 있는 매장입니다.",운영중,True,True,효자5동,official_coordinates,https://www.data.go.kr/data/15076735/fileData.do; 2022-04-01,2022-04-01
821060,부광족발 효자점,전북특별자치도 전주시 완산구 우전로 291,전북특별자치도 전주시 완산구 효자동3가 1692-2,35.8204938,127.101657,063-225-5339,한식,일반음식점,"무엇을 먹을지 고민되신다고요? 전라북도 전주시에 계시다면 ""부광족발(효자점)""을 추천합니다! 레드테이블에서 온라인 예약이 가능합니다! 배달 가능한 매장입니다. 주차공간, 다국어 메뉴판, 그리고 무선 인터넷이 있는 매장입니다.",운영중,True,True,효자5동,official_coordinates,https://www.data.go.kr/data/15076735/fileData.do; 2022-04-01,2022-04-01
821687,설빙 삼천점,전북특별자치도 전주시 완산구 용리로 35 2층,전북특별자치도 전주시 완산구 삼천동1가 725-13,35.7988357,127.1136708,063-227-4004,기타 휴게음식점,휴게음식점,"무엇을 먹을지 고민되신다고요? 전라북도 전주시에 계시다면 ""설빙(삼천점)""을 추천합니다! 레드테이블에서 온라인 예약이 가능합니다! 배달 가능한 매장입니다. 다국어 메뉴판이 있는 매장입니다.",운영중,True,True,삼천3동,official_coordinates,https://www.data.go.kr/data/15076735/fileData.do; 2022-04-01,2022-04-01
821840,고자루,전북특별자치도 전주시 완산구 전주객사2길 46-12 1동103호,전북특별자치도 전주시 완산구 고사동 473-9 1동103호,35.8189765,127.1412321,,기타,일반음식점,"전라북도 전주시 근처로 갈 일정이 있으시다면, 맛집으로 소문난 ""고자루""를 꼭 방문해보세요. 2018년 12월 10일 SBS 생활의달인 649회에 방영되었답니다. 레드테이블에서 온라인 예약이 가능합니다! 키오스크, 다국어 메뉴판이 있는 매장입니다.",운영중,True,True,중앙동,official_coordinates,https://www.data.go.kr/data/15076735/fileData.do; 2022-04-01,2022-04-01
822165,동태생각,전북특별자치도 전주시 완산구 전라감영4길 9-1,전북특별자치도 전주시 완산구 중앙동4가 7-2,35.8164163,127.1446139,063-282-1001,한식,일반음식점,"어디 가야 할지 고민이시라고요? 그럼 전라북도 전주시 맛집, ""동태생각""을 추천합니다! 레드테이블에서 온라인 예약이 가능합니다! 반려동물 입장이 가능한 매장입니다. 배달 가능한 매장입니다. 다국어 메뉴판이 있는 매장입니다.",운영중,True,True,중앙동,official_coordinates,https://www.data.go.kr/data/15076735/fileData.do; 2022-04-01,2022-04-01
822431,아젤리아 효자점,전북특별자치도 전주시 완산구 쑥고개로 317,전북특별자치도 전주시 완산구 효자동2가 1214-5,35.8025466,127.0999226,063-222-1448,카페,,"전라북도 전주시에서 맛집을 찾으신다면 ""아젤리아 효자점""을 추천합니다.",운영중,True,True,효자4동,official_coordinates,https://www.data.go.kr/data/15076735/fileData.do; 2022-04-01,2022-04-01
820039,치킨마루 전주천마점,전북특별자치도 전주시 덕진구 사근1길 57 1층 106호,전북특별자치도 전주시 덕진구 송천동2가 185-1,35.8665673,127.1336267,063-251-6633,호프/통닭,일반음식점,"전라북도 전주시에서 맛집을 찾으신다면 ""치킨마루(천마점)""를 추천합니다. 다국어 메뉴판, 무선 인터넷이 있는 매장입니다.",운영중,True,True,송천1동,official_coordinates,https://www.data.go.kr/data/15076735/fileData.do; 2022-04-01,2022-04-01
823199,커피,전북특별자치도 전주시 덕진구 무삼지로 6,전북특별자치도 전주시 덕진구 인후동1가 919-1,35.8265684,127.1662762,070-8806-1119,커피숍,휴게음식점,"""커피집(3호점)""을 전라북도 전주시의 가 볼 만한 식당으로 추천합니다! 레드테이블에서 온라인 예약이 가능합니다! 다국어 메뉴판이 있는 매장입니다.",운영중,True,True,인후3동,official_coordinates,https://www.data.go.kr/data/15076735/fileData.do; 2022-04-01,2022-04-01
823330,60계치킨 호성우아 1동점,전북특별자치도 전주시 덕진구 호성3길 11-2 1층 104호,전북특별자치도 전주시 덕진구 호성동1가 828-7 1층 104호,35.8603527,127.1514989,063-247-1005,호프/통닭,일반음식점,"""60계치킨(전주호성우아1동점)""은 전라북도 전주시에 있습니다. 레드테이블에서 온라인 예약이 가능합니다! 배달 가능한 매장입니다. 다국어 메뉴판이 있는 매장입니다.",운영중,True,True,호성동,official_coordinates,https://www.data.go.kr/data/15076735/fileData.do; 2022-04-01,2022-04-01
823583,팔공티 송천점,전북특별자치도 전주시 덕진구 솔내로 148 나동 1층,전북특별자치도 전주시 덕진구 송천동1가 107-179,35.8632489,127.1272718,063-271-8088,커피숍,휴게음식점,"""팔공티(송천점)""는 전라북도 전주시에 있습니다. 레드테이블에서 온라인 예약이 가능합니다! 남녀 화장실이 구분되어 있는 매장입니다. 배달 가능한 매장입니다. 키오스크, 다국어 메뉴판이 있는 매장입니다.",운영중,True,True,송천1동,official_coordinates,https://www.data.go.kr/data/15076735/fileData.do; 2022-04-01,2022-04-01
823960,벌떡전주대점,전북특별자치도 전주시 완산구 후곡길 23-6(1층 효자동2가)	,전북특별자치도 전주시 완산구 효자동2가 1307-7,35.8107665,127.0951133,063-220-2514,한식,일반음식점,"""벌떡(전주대점)""은 전라북도 전주시에 있습니다. 레드테이블에서 온라인 예약이 가능합니다! 배달 가능한 매장입니다. 다국어 메뉴판이 있는 매장입니다.",운영중,True,True,효자4동,official_coordinates,https://www.data.go.kr/data/15076735/fileData.do; 2022-04-01,2022-04-01
864885,한우투뿔 은우 정육식당,전북특별자치도 전주시 완산구 홍산중앙로 13(1층 104호 효자동2가)	,전북특별자치도 전주시 완산구 효자동2가 1155-10,35.8148696,127.1087402,063-228-8200,,,"전라북도 전주시에서 맛집을 찾으신다면 ""한우투뿔 은우 정육식당""을 추천합니다.",운영중,True,True,효자5동,official_coordinates,https://www.data.go.kr/data/15076735/fileData.do; 2022-04-01,2022-04-01
824722,타이거슈가 에코시티점,전북특별자치도 전주시 덕진구 세병서로 29 1층,전북특별자치도 전주시 덕진구 송천동2가 1331-5,35.8720826,127.1254482,070-8233-0805,커피숍,휴게음식점,"""타이거슈가(전주에코시티점)""를 전라북도 전주시의 가 볼 만한 식당으로 추천합니다! 레드테이블에서 온라인 예약이 가능합니다! 배달 가능한 매장입니다. 다국어 메뉴판, 무선 인터넷이 있는 매장입니다.",운영중,True,True,송천1동,official_coordinates,https://www.data.go.kr/data/15076735/fileData.do; 2022-04-01,2022-04-01
824972,컵오브조,전북특별자치도 전주시 덕진구 백제대로 826,전북특별자치도 전주시 완산구 평화동1가 710-1,35.8483498,127.158691,,커피숍,휴게음식점,"전라북도 전주시에서 식당을 찾으신다면? ""컵오브조""를 방문해보세요! 레드테이블에서 온라인 예약이 가능합니다! 다국어 메뉴판이 있는 매장입니다.",운영중,True,True,우아1동,official_coordinates,https://www.data.go.kr/data/15076735/fileData.do; 2022-04-01,2022-04-01
825712,인쌩맥주 전주홍산중앙로점,전북특별자치도 전주시 완산구 홍산중앙로 35,전북특별자치도 전주시 완산구 효자동3가 1535-4,35.816728,127.10878,,한식,일반음식점,"""인쌩맥주(홍산중앙로점)""를 전라북도 전주시의 가 볼 만한 식당으로 추천합니다! 레드테이블에서 온라인 예약이 가능합니다! 남녀 화장실이 구분되어 있는 매장입니다. 주차공간, 키오스크가 마련되어 있으며 다국어 메뉴판, 무선 인터넷을 제공하는 매장입니다.",운영중,True,True,효자5동,official_coordinates,https://www.data.go.kr/data/15076735/fileData.do; 2022-04-01,2022-04-01
823200,맛있는고깃집,전북특별자치도 전주시 완산구 호암로 85,전북특별자치도 전주시 완산구 효자동2가 1318-4,35.8085454,127.1038576,063-224-9282,한식,일반음식점,"어디 가야 할지 고민이시라고요? 그럼 전라북도 전주시 맛집, ""맛있는고깃집""을 추천합니다! 레드테이블에서 온라인 예약이 가능합니다! 다국어 메뉴판이 있는 매장입니다.",운영중,True,True,효자4동,official_coordinates,https://www.data.go.kr/data/15076735/fileData.do; 2022-04-01,2022-04-01
826349,열정분식소,전북특별자치도 전주시 완산구 홍산남로 52,전북특별자치도 전주시 완산구 효자동2가 1155-3,35.8155612,127.1075,063-221-1411,한식,일반음식점,"전라북도 전주시에서 가 볼 만한 식당을 찾으신다면? ""열정분식소(전주효자점)""를 추천합니다! 레드테이블에서 온라인 예약이 가능합니다! 남녀 화장실이 구분되어 있는 매장입니다. 배달 가능한 매장입니다. 다국어 메뉴판, 무선 인터넷이 있는 매장입니다.",운영중,True,True,효자5동,official_coordinates,https://www.data.go.kr/data/15076735/fileData.do; 2022-04-01,2022-04-01
819952,열두시,전북특별자치도 전주시 덕진구 붓내4길 8-25,전북특별자치도 전주시 덕진구 송천동2가 484-10,35.8671507,127.122917,,호프/통닭,일반음식점,"전라북도 전주시에서 어디를 갈지 고민이라면! ""열두시""에 가보시는 건 어떨까요? 레드테이블에서 온라인 예약이 가능합니다! 남녀 화장실이 구분되어 있는 매장입니다. 배달 가능한 매장입니다. 다국어 메뉴판, 무선 인터넷이 있는 매장입니다.",운영중,True,True,송천1동,official_coordinates,https://www.data.go.kr/data/15076735/fileData.do; 2022-04-01,2022-04-01
864892,명성옥,전북특별자치도 전주시 덕진구 구총목로 23,전북특별자치도 전주시 덕진구 인후동1가 888-9,35.8283522,127.1627446,063-245-4422,음식점,,"""명성옥""은 전라북도 전주시에 있습니다.",운영중,True,True,인후3동,official_coordinates,https://www.data.go.kr/data/15076735/fileData.do; 2022-04-01,2022-04-01
812786,CLOUD COFFEE,전북특별자치도 전주시 덕진구 가리내3길 16-1,전북특별자치도 전주시 덕진구 덕진동2가 654-7,35.8466863,127.1097816,070-7543-8717,커피숍,휴게음식점,"전라북도 전주시에서 가 볼 만한 식당을 찾으신다면? ""클라우드 커피""를 추천합니다! 레드테이블에서 온라인 예약이 가능합니다! 다국어 메뉴판이 있는 매장입니다.",운영중,True,True,덕진동,official_coordinates,https://www.data.go.kr/data/15076735/fileData.do; 2022-04-01,2022-04-01
813062,태양부참숯양꼬치효자점,전북특별자치도 전주시 완산구 홍산4길 16,전북특별자치도 전주시 완산구 효자동3가 1528-6,35.8183117,127.1106817,063-715-6666,경양식,일반음식점,"전라북도 전주시에서 가 볼 만한 식당을 찾으신다면? ""태양부양꼬치(효자점)""를 추천합니다! 레드테이블에서 온라인 예약이 가능합니다! 배달 가능한 매장입니다. 주차공간, 다국어 메뉴판이 있는 매장입니다.",운영중,True,True,효자5동,official_coordinates,https://www.data.go.kr/data/15076735/fileData.do; 2022-04-01,2022-04-01
813477,효자손칼국수,전북특별자치도 전주시 완산구 홍산남로 81,전북특별자치도 전주시 완산구 효자동3가 1539-6,35.8160118,127.1108842,063-715-1885,한식,일반음식점,"전라북도 전주시에서 가 볼 만한 식당을 찾으신다면? ""효자손칼국수(본점)""를 추천합니다! 레드테이블에서 온라인 예약이 가능합니다! 다국어 메뉴판이 있는 매장입니다.",운영중,True,True,효자5동,official_coordinates,https://www.data.go.kr/data/15076735/fileData.do; 2022-04-01,2022-04-01
813677,요거프레소 전주송천점,전북특별자치도 전주시 덕진구 오송로 17,전북특별자치도 전주시 덕진구 송천동1가 산143-34,35.8600667,127.1281439,063-275-1447,기타,일반음식점,"""요거프레소(전주송천점)""는 전라북도 전주시에 있습니다. 레드테이블에서 온라인 예약이 가능합니다! 반려동물 입장이 가능한 매장입니다. 배달 가능한 매장입니다. 다국어 메뉴판이 있는 매장입니다.",운영중,True,True,송천1동,official_coordinates,https://www.data.go.kr/data/15076735/fileData.do; 2022-04-01,2022-04-01
813813,효자상회 ,전북특별자치도 전주시 완산구 홍산4길 20-4,전북특별자치도 전주시 완산구 효자동3가 1528-8,35.8181413,127.1108999,,기타,일반음식점,"전라북도 전주시에 가신다면 ""효자상회""에 방문해보세요~ 레드테이블에서 온라인 예약이 가능합니다! 배달 가능한 매장입니다. 다국어 메뉴판이 있는 매장입니다.",운영중,True,True,효자5동,official_coordinates,https://www.data.go.kr/data/15076735/fileData.do; 2022-04-01,2022-04-01
813896,준베이커리송천점,전북특별자치도 전주시 덕진구 사근1길 14,전북특별자치도 전주시 덕진구 송천동2가 175-34,35.8663965,127.1285393,063-275-4904,제과점영업,제과점영업,"무엇을 먹을지 고민되신다고요? 전라북도 전주시에 계시다면 ""준 베이커리(송천점)""를 추천합니다! 레드테이블에서 온라인 예약이 가능합니다! 배달 가능한 매장입니다. 다국어 메뉴판이 있는 매장입니다.",운영중,True,True,송천1동,official_coordinates,https://www.data.go.kr/data/15076735/fileData.do; 2022-04-01,2022-04-01
814421,전주삼이공과자점,전북특별자치도 전주시 완산구 우전로 200,전북특별자치도 전주시 완산구 효자동2가 1256-7,35.8123134,127.1020578,063-226-0877,제과점영업,제과점영업,"""전주삼이공과자점""은 전라북도 전주시에 있습니다. 레드테이블에서 온라인 예약이 가능합니다! 다국어 메뉴판이 있는 매장입니다.",운영중,True,True,효자4동,official_coordinates,https://www.data.go.kr/data/15076735/fileData.do; 2022-04-01,2022-04-01
864891,와따커피,전북특별자치도 전주시 완산구 중산중앙로 32,전북특별자치도 전주시 완산구 중화산동2가 628-5,35.816377,127.1215492,,카페,,"전라북도 전주시에서 가 볼 만한 식당을 찾으신다면? ""와따커피""를 추천합니다!",운영중,True,True,중화산2동,official_coordinates,https://www.data.go.kr/data/15076735/fileData.do; 2022-04-01,2022-04-01
814556,빽다방 전주대점,전북특별자치도 전주시 완산구 백마산길 25,전북특별자치도 전주시 완산구 효자동3가 1183-10,35.8171148,127.090443,063-225-2912,카페,,"전라북도 전주시에서 어디를 갈지 고민이라면! ""빽다방 전주대점""에 가보시는 건 어떨까요?",운영중,True,True,효자4동,official_coordinates,https://www.data.go.kr/data/15076735/fileData.do; 2022-04-01,2022-04-01
815015,호식이두마리치킨 전북대점,전북특별자치도 전주시 덕진구 권삼득로 346 2층,전북특별자치도 전주시 덕진구 덕진동1가 1315-10,35.8458342,127.1250586,063-278-5592,호프/통닭,일반음식점,"전라북도 전주시에서 맛집을 찾으신다면 ""호식이두마리치킨(전북대점)""을 추천합니다. 레드테이블에서 온라인 예약이 가능합니다! 반려동물 입장이 가능한 매장입니다. 배달 가능한 매장입니다. 다국어 메뉴판이 있는 매장입니다.",운영중,True,True,덕진동,official_coordinates,https://www.data.go.kr/data/15076735/fileData.do; 2022-04-01,2022-04-01
864893,한일옥 본점,전북특별자치도 전주시 완산구 중산중앙로 29,전북특별자치도 전주시 완산구 중화산동2가 615-9,35.8166802,127.1214582,063-222-3118,한식,,"""한일옥 본점""을 전라북도 전주시의 가 볼 만한 식당으로 추천합니다!",운영중,True,True,중화산2동,official_coordinates,https://www.data.go.kr/data/15076735/fileData.do; 2022-04-01,2022-04-01
815711,조선화로 송천에코시티점,전북특별자치도 전주시 덕진구 세병서로 29 2층,전북특별자치도 전주시 덕진구 송천동2가 1331-5,35.8720826,127.1254482,063-271-8899,한식,일반음식점,"""조선화로집(송천에코시티점)""을 전라북도 전주시의 가 볼 만한 식당으로 추천합니다! 레드테이블에서 온라인 예약이 가능합니다! 반려동물 입장이 가능한 매장입니다. 다국어 메뉴판이 있는 매장입니다.",운영중,True,True,송천1동,official_coordinates,https://www.data.go.kr/data/15076735/fileData.do; 2022-04-01,2022-04-01
816290,이버시숯불돼지갈비무한리필 송천점,전북특별자치도 전주시 덕진구 두간로 5,전북특별자치도 전주시 덕진구 송천동1가 802-1,35.8655165,127.1150682,063-274-2356,한식,일반음식점,"어디 가야 할지 고민이시라고요? 그럼 전라북도 전주시 맛집, ""이버시숯불돼지갈비무한리필(송천점)""을 추천합니다! 남녀 화장실이 구분되어 있는 매장입니다. 주차공간, 다국어 메뉴판이 있는 매장입니다.",운영중,True,True,송천2동,official_coordinates,https://www.data.go.kr/data/15076735/fileData.do; 2022-04-01,2022-04-01
816880,아침점심,전북특별자치도 전주시 덕진구 도당산로 68,전북특별자치도 전주시 완산구 평화동1가 721-1,35.8477229,127.1576045,063-245-1212,한식,일반음식점,"무엇을 먹을지 고민되신다고요? 전라북도 전주시에 계시다면 ""아침점심""을 추천합니다! 레드테이블에서 온라인 예약이 가능합니다! 다국어 메뉴판이 있는 매장입니다.",운영중,True,True,우아1동,official_coordinates,https://www.data.go.kr/data/15076735/fileData.do; 2022-04-01,2022-04-01
817911,강경원달인만두가 에코시티점,전북특별자치도 전주시 덕진구 세병로 174-10,전북특별자치도 전주시 덕진구 송천동2가 1301-2 대강빌딩2,35.8790381,127.133993,50713574,기타 휴게음식점,휴게음식점,"""강경원달인만두가(에코시티점)""를 전라북도 전주시의 가 볼 만한 식당으로 추천합니다! 레드테이블에서 온라인 예약이 가능합니다! 배달 가능한 매장입니다. 다국어 메뉴판이 있는 매장입니다.",운영중,True,True,송천1동,official_coordinates,https://www.data.go.kr/data/15076735/fileData.do; 2022-04-01,2022-04-01
818190,IVY PLACE CAFE,전북특별자치도 전주시 덕진구 원장동길 111-10,전북특별자치도 전주시 덕진구 장동 103-5,35.850664,127.0616515,063-214-5558,커피숍,휴게음식점,"전라북도 전주시에 가신다면 ""아이비플레이스 카페""에 방문해보세요~ 남녀 화장실이 구분되어 있는 매장입니다. 주차공간, 다국어 메뉴판, 그리고 무선 인터넷이 있는 매장입니다.",운영중,True,True,여의동,official_coordinates,https://www.data.go.kr/data/15076735/fileData.do; 2022-04-01,2022-04-01
814848,승승돈까스,전북특별자치도 전주시 덕진구 호성3길 22-4,전북특별자치도 전주시 덕진구 호성동1가 587-34,35.8610239,127.150163,063-242-9595,경양식,일반음식점,"무엇을 먹을지 고민되신다고요? 전라북도 전주시에 계시다면 ""승승돈까스""를 추천합니다! 레드테이블에서 온라인 예약이 가능합니다! 배달 가능한 매장입니다. 다국어 메뉴판이 있는 매장입니다.",운영중,True,True,호성동,official_coordinates,https://www.data.go.kr/data/15076735/fileData.do; 2022-04-01,2022-04-01
812323,오픈마인드,전북특별자치도 전주시 덕진구 명륜3길 18-6,전북특별자치도 전주시 덕진구 덕진동1가 1264-10,35.8423694,127.1282202,,한식,일반음식점,"전라북도 전주시에서 가 볼 만한 식당을 찾으신다면? ""오픈마인드""를 추천합니다! 남녀 화장실이 구분되어 있는 매장입니다. 다국어 메뉴판, 무선 인터넷이 있는 매장입니다.",운영중,True,True,덕진동,official_coordinates,https://www.data.go.kr/data/15076735/fileData.do; 2022-04-01,2022-04-01
827149,돈기부여,전북특별자치도 전주시 완산구 서원로 270,전북특별자치도 전주시 완산구 중화산동2가 545,35.811756,127.1243935,063-222-2118,기타,일반음식점,"전라북도 전주시에서 가 볼 만한 식당을 찾으신다면? ""돈기부여 돈까스전문점""을 추천합니다! 레드테이블에서 온라인 예약이 가능합니다! 배달 가능한 매장입니다. 다국어 메뉴판이 있는 매장입니다.",운영중,True,True,중화산1동,official_coordinates,https://www.data.go.kr/data/15076735/fileData.do; 2022-04-01,2022-04-01
827774,킹마니치킨 평화점,전북특별자치도 전주시 완산구 평화9길 14 동운빌딩 1층,전북특별자치도 전주시 완산구 평화동2가 230-115 동운빌딩 1층,35.7882455,127.1363915,063-225-9996,호프/통닭,일반음식점,"전라북도 전주시에서 식당을 찾으신다면? ""킹마니치킨(평화점)""을 방문해보세요! 레드테이블에서 온라인 예약이 가능합니다! 배달 가능한 매장입니다. 다국어 메뉴판이 있는 매장입니다.",운영중,True,True,평화2동,official_coordinates,https://www.data.go.kr/data/15076735/fileData.do; 2022-04-01,2022-04-01
842667,이삭토스트 전주에코세병호점,전북특별자치도 전주시 덕진구 세병로 174-9 어썸빌딩 1층 103호,전북특별자치도 전주시 덕진구 송천동2가 1299-6,35.8793843,127.1336303,063-909-8111,패스트푸드,휴게음식점,"전라북도 전주시에 가신다면 ""이삭토스트(전주에코세병호점)""에 방문해보세요~ 레드테이블에서 온라인 예약이 가능합니다! 배달 가능한 매장입니다. 다국어 메뉴판이 있는 매장입니다.",운영중,True,True,송천1동,official_coordinates,https://www.data.go.kr/data/15076735/fileData.do; 2022-04-01,2022-04-01
842782,커피베이송천뜨란채점,전북특별자치도 전주시 덕진구 솔내로 184,전북특별자치도 전주시 덕진구 송천동2가 220-8,35.8663634,127.1274216,063-273-0809,커피숍,휴게음식점,"무엇을 먹을지 고민되신다고요? 전라북도 전주시에 계시다면 ""커피베이(전주송천뜨란채점)""를 추천합니다! 레드테이블에서 온라인 예약이 가능합니다! 남녀 화장실이 구분되어 있는 매장입니다. 배달 가능한 매장입니다. 주차공간, 다국어 메뉴판, 그리고 무선 인터넷이 있는 매장입니다.",운영중,True,True,송천1동,official_coordinates,https://www.data.go.kr/data/15076735/fileData.do; 2022-04-01,2022-04-01
843274,포차이즈백두꺼비집신시가지점,전북특별자치도 전주시 완산구 홍산중앙로 40,전북특별자치도 전주시 완산구 효자동3가 1536-2,35.8171145,127.1093248,,한식,일반음식점,"무엇을 먹을지 고민되신다고요? 전라북도 전주시에 계시다면 ""포차이즈백 두꺼비집(전주신시가지점)""을 추천합니다! 배달 가능한 매장입니다. 다국어 메뉴판이 있는 매장입니다.",운영중,True,True,효자5동,official_coordinates,https://www.data.go.kr/data/15076735/fileData.do; 2022-04-01,2022-04-01
843685,더리터에코자이점  ,전북특별자치도 전주시 덕진구 세병로 141,전북특별자치도 전주시 덕진구 송천동2가 1307 에코시티자이2차상가,35.8764272,127.1354793,063-272-6153,커피숍,휴게음식점,"전라북도 전주시에서 가 볼 만한 식당을 찾으신다면? ""더리터(에코자이점)""를 추천합니다! 레드테이블에서 온라인 예약이 가능합니다! 배달 가능한 매장입니다. 다국어 메뉴판이 있는 매장입니다.",운영중,True,True,송천1동,official_coordinates,https://www.data.go.kr/data/15076735/fileData.do; 2022-04-01,2022-04-01
844258,가온커피,전북특별자치도 전주시 완산구 용머리로 203,전북특별자치도 전주시 완산구 서완산동2가 360-19,35.8078265,127.1321385,,한식,일반음식점,"""가온카페""는 전라북도 전주시에 있습니다. 레드테이블에서 온라인 예약이 가능합니다! 남녀 화장실이 구분되어 있으며, 베리어프리 매장입니다. 주차공간, 다국어 메뉴판, 그리고 무선 인터넷이 있는 매장입니다.",운영중,True,True,완산동,official_coordinates,https://www.data.go.kr/data/15076735/fileData.do; 2022-04-01,2022-04-01
846926,은행나무갈매기,전북특별자치도 전주시 완산구 소대배기로 8-13,전북특별자치도 전주시 완산구 평화동2가 891-2,35.7867923,127.1313512,063-225-3334,한식,일반음식점,"""은행나무갈매기(전주평화점)""는 전라북도 전주시에 있습니다. 레드테이블에서 온라인 예약이 가능합니다! 다국어 메뉴판이 있는 매장입니다.",운영중,True,True,평화2동,official_coordinates,https://www.data.go.kr/data/15076735/fileData.do; 2022-04-01,2022-04-01
848431,빙고전,전북특별자치도 전주시 완산구 서신천변로 5,전북특별자치도 전주시 완산구 서신동 851-4,35.8257848,127.1142102,063-277-5670,기타,일반음식점,"전라북도 전주시에서 식당을 찾으신다면? ""빙고전""을 방문해보세요! 레드테이블에서 온라인 예약이 가능합니다! 배달 가능한 매장입니다. 다국어 메뉴판이 있는 매장입니다.",운영중,True,True,서신동,official_coordinates,https://www.data.go.kr/data/15076735/fileData.do; 2022-04-01,2022-04-01
841628,국수나무 전주효천점,전북특별자치도 전주시 완산구 효천중앙로 51,전북특별자치도 전주시 완산구 효자동2가 1377-3,35.7989524,127.1075191,063-221-2200,한식,일반음식점,"""국수나무(전주효천점)""를 전라북도 전주시의 가 볼 만한 식당으로 추천합니다! 레드테이블에서 온라인 예약이 가능합니다! 배달 가능한 매장입니다. 다국어 메뉴판이 있는 매장입니다.",운영중,True,True,효자4동,official_coordinates,https://www.data.go.kr/data/15076735/fileData.do; 2022-04-01,2022-04-01
849326,던킨도너츠전주평화점,전북특별자치도 전주시 완산구 모악로 4688,전북특별자치도 전주시 완산구 평화동2가 306-4,35.7877856,127.13072,063-223-3422,일반조리판매,휴게음식점,"전라북도 전주시에서 식당을 찾으신다면? ""던킨도너츠(전주평화점)""를 방문해보세요! 레드테이블에서 온라인 예약이 가능합니다! 배달 가능한 매장입니다. 다국어 메뉴판, 무선 인터넷이 있는 매장입니다.",운영중,True,True,평화2동,official_coordinates,https://www.data.go.kr/data/15076735/fileData.do; 2022-04-01,2022-04-01
850966,군자대한곱창 전주삼천점,전북특별자치도 전주시 완산구 용리로 30,전북특별자치도 전주시 완산구 삼천동1가 284-32,35.7983654,127.1128896,063-221-2726,한식,일반음식점,"전라북도 전주시에서 맛집을 찾으신다면 ""군자대한곱창(전주삼천점)""을 추천합니다. 레드테이블에서 온라인 예약이 가능합니다! 남녀 화장실이 구분되어 있는 매장입니다. 배달 가능한 매장입니다. 주차공간, 다국어 메뉴판, 그리고 무선 인터넷이 있는 매장입니다.",운영중,True,True,삼천3동,official_coordinates,https://www.data.go.kr/data/15076735/fileData.do; 2022-04-01,2022-04-01
851322,뽕뜨락피자송천점,전북특별자치도 전주시 덕진구 두간로 7(1층 일부호 송천동1가)	,전북특별자치도 전주시 덕진구 송천동1가 802-2,35.8655067,127.1152875,063-274-7676,경양식,일반음식점,"전라북도 전주시에서 식당을 찾으신다면? ""뽕뜨락피자(송천점)""를 방문해보세요! 레드테이블에서 온라인 예약이 가능합니다! 배달 가능한 매장입니다. 다국어 메뉴판이 있는 매장입니다.",운영중,True,True,송천2동,official_coordinates,https://www.data.go.kr/data/15076735/fileData.do; 2022-04-01,2022-04-01
851685,값진통닭,"전북특별자치도 전주시 완산구 홍산남로 81(103호,105일부 1층 효자동3가)	",전북특별자치도 전주시 완산구 효자동3가 1539-6,35.8160152,127.1108928,063-282-4622,호프/통닭,일반음식점,"전라북도 전주시에서 어디를 갈지 고민이라면! ""값진통닭(전주시가지점)""에 가보시는 건 어떨까요? 레드테이블에서 온라인 예약이 가능합니다! 배달 가능한 매장입니다. 다국어 메뉴판이 있는 매장입니다.",운영중,True,True,효자5동,official_coordinates,https://www.data.go.kr/data/15076735/fileData.do; 2022-04-01,2022-04-01
852107,프레젠트,전북특별자치도 전주시 완산구 전주객사1길 46,전북특별자치도 전주시 완산구 다가동3가 50-2,35.8183392,127.1393319,,한식,일반음식점,"""프레젠트""는 전라북도 전주시에 있습니다. 레드테이블에서 온라인 예약이 가능합니다! 배달 가능한 매장입니다. 다국어 메뉴판, 무선 인터넷이 있는 매장입니다.",운영중,True,True,중앙동,official_coordinates,https://www.data.go.kr/data/15076735/fileData.do; 2022-04-01,2022-04-01
853283, 꽈배기마을 ,전북특별자치도 전주시 덕진구 편운로 28,전북특별자치도 전주시 덕진구 여의동2가 576 푸른한의원,35.8718785,127.0794475,063-214-3432,기타 휴게음식점,휴게음식점,"""꽈배기마을""을 전라북도 전주시의 가 볼 만한 식당으로 추천합니다! 레드테이블에서 온라인 예약이 가능합니다! 배달 가능한 매장입니다. 다국어 메뉴판이 있는 매장입니다.",운영중,True,True,여의동,official_coordinates,https://www.data.go.kr/data/15076735/fileData.do; 2022-04-01,2022-04-01
853588,팔공티효자점,전북특별자치도 전주시 완산구 호암로 85(102호일부 1층 효자동2가)	,전북특별자치도 전주시 완산구 효자동2가 1318-4,35.8085454,127.1038576,063-228-8082,커피숍,휴게음식점,"전라북도 전주시에서 어디를 갈지 고민이라면! ""팔공티(전주효자점)""에 가보시는 건 어떨까요? 레드테이블에서 온라인 예약이 가능합니다! 반려동물 입장이 가능한 매장입니다. 배달 가능한 매장입니다. 키오스크, 다국어 메뉴판이 있는 매장입니다.",운영중,True,True,효자4동,official_coordinates,https://www.data.go.kr/data/15076735/fileData.do; 2022-04-01,2022-04-01
853721,심봉사도로케,전북특별자치도 전주시 완산구 화산천변로 24,전북특별자치도 전주시 완산구 중화산동2가 752-3,35.8210909,127.1163616,063-222-0435,기타,일반음식점,"어디 가야 할지 고민이시라고요? 그럼 전라북도 전주시 맛집, ""심봉사도로케(전주중화산점)""를 추천합니다! 레드테이블에서 온라인 예약이 가능합니다! 배달 가능한 매장입니다. 다국어 메뉴판이 있는 매장입니다.",운영중,True,True,중화산2동,official_coordinates,https://www.data.go.kr/data/15076735/fileData.do; 2022-04-01,2022-04-01
850919,푸라닭치킨 전주혁신도시점 ,전북특별자치도 전주시 덕진구 기지로 70,전북특별자치도 전주시 완산구 효자동3가 1672-3,35.8380787,127.0596513,063-221-9206,호프/통닭,일반음식점,"전라북도 전주시에서 가 볼 만한 식당을 찾으신다면? ""푸라닭(전주혁신도시점)""을 추천합니다! 레드테이블에서 온라인 예약이 가능합니다! 배달 가능한 매장입니다. 다국어 메뉴판이 있는 매장입니다.",운영중,True,True,혁신동,official_coordinates,https://www.data.go.kr/data/15076735/fileData.do; 2022-04-01,2022-04-01
827365,하루플러스 카페,전북특별자치도 전주시 완산구 천잠로 17 2층,전북특별자치도 전주시 완산구 삼천동2가 275-3,35.79201,127.1093455,063-225-3687,기타 휴게음식점,휴게음식점,"전라북도 전주시에 가신다면 ""하루플러스""에 방문해보세요~ 레드테이블에서 온라인 예약이 가능합니다! 다국어 메뉴판이 있는 매장입니다.",운영중,True,True,삼천3동,official_coordinates,https://www.data.go.kr/data/15076735/fileData.do; 2022-04-01,2022-04-01
841193,미휘월,전북특별자치도 전주시 완산구 배학4길 4-4,전북특별자치도 전주시 덕진구 중동 776-10,35.8196415,127.0972227,,기타 휴게음식점,휴게음식점,"전라북도 전주시에서 맛집을 찾으신다면 ""미휘월""을 추천합니다. 레드테이블에서 온라인 예약이 가능합니다! 반려동물 입장이 가능한 매장입니다. 배달 가능한 매장입니다. 다국어 메뉴판이 있는 매장입니다.",운영중,True,True,효자5동,official_coordinates,https://www.data.go.kr/data/15076735/fileData.do; 2022-04-01,2022-04-01
838834,대왕초밥,전북특별자치도 전주시 덕진구 만성중앙로 51,전북특별자치도 전주시 완산구 삼천동1가 284-61,35.8428672,127.0774045,,일식,일반음식점,"전라북도 전주시에 가신다면 ""대왕초밥""에 방문해보세요~ 레드테이블에서 온라인 예약이 가능합니다! 배달 가능한 매장입니다. 다국어 메뉴판이 있는 매장입니다.",운영중,True,True,여의동,official_coordinates,https://www.data.go.kr/data/15076735/fileData.do; 2022-04-01,2022-04-01
829910,유록,전북특별자치도 전주시 완산구 문학대4길 29 1층 카페유록,전북특별자치도 전주시 완산구 효자동3가 1616-9 1층 카페유록,35.8269063,127.1049571,063-229-5518,기타 휴게음식점,휴게음식점,"전라북도 전주시에서 어디를 갈지 고민이라면! ""유록""에 가보시는 건 어떨까요? 레드테이블에서 온라인 예약이 가능합니다! 배달 가능한 매장입니다. 다국어 메뉴판이 있는 매장입니다.",운영중,True,True,효자5동,official_coordinates,https://www.data.go.kr/data/15076735/fileData.do; 2022-04-01,2022-04-01
830091,만오제빵소,전북특별자치도 전주시 덕진구 사근1길 21,전북특별자치도 전주시 덕진구 송천동2가 176-12,35.8666788,127.129574,063-903-0000,커피숍,휴게음식점,"전라북도 전주시에서 가 볼 만한 식당을 찾으신다면? ""만오제빵소""를 추천합니다! 레드테이블에서 온라인 예약이 가능합니다! 배달 가능한 매장입니다. 다국어 메뉴판이 있는 매장입니다.",운영중,True,True,송천1동,official_coordinates,https://www.data.go.kr/data/15076735/fileData.do; 2022-04-01,2022-04-01
830801,로맨티움,전북특별자치도 전주시 덕진구 가리내로 96,전북특별자치도 전주시 덕진구 덕진동1가 1120-10,35.8350661,127.1256613,050-7134-3147,커피숍,휴게음식점,"전라북도 전주시에서 어디를 갈지 고민이라면! ""로맨티움""에 가보시는 건 어떨까요? 레드테이블에서 온라인 예약이 가능합니다! 주차공간, 다국어 메뉴판이 있는 매장입니다.",운영중,True,True,덕진동,official_coordinates,https://www.data.go.kr/data/15076735/fileData.do; 2022-04-01,2022-04-01
831146,분식퀸,전북특별자치도 전주시 덕진구 세병로 178-8,전북특별자치도 전주시 덕진구 송천동2가 1299-7,35.8792683,127.13348,070-4245-3300,분식,일반음식점,"어디 가야 할지 고민이시라고요? 그럼 전라북도 전주시 맛집, ""분식퀸""을 추천합니다! 레드테이블에서 온라인 예약이 가능합니다! 남녀 화장실이 구분되어 있는 매장입니다. 배달 가능한 매장입니다. 주차공간, 키오스크가 마련되어 있으며 다국어 메뉴판, 무선 인터넷을 제공하는 매장입니다.",운영중,True,True,송천1동,official_coordinates,https://www.data.go.kr/data/15076735/fileData.do; 2022-04-01,2022-04-01
831181,만복감자탕,전북특별자치도 전주시 완산구 한두평1길 17-5,전북특별자치도 전주시 완산구 중화산동2가 663-7,35.8125982,127.1249031,063-237-1100,한식,일반음식점,"전라북도 전주시에서 가 볼 만한 식당을 찾으신다면? ""만복감자탕""을 추천합니다! 레드테이블에서 온라인 예약이 가능합니다! 배달 가능한 매장입니다. 다국어 메뉴판이 있는 매장입니다.",운영중,True,True,중화산1동,official_coordinates,https://www.data.go.kr/data/15076735/fileData.do; 2022-04-01,2022-04-01
831484,팔공티 아중점,전북특별자치도 전주시 덕진구 무삼지로 25,전북특별자치도 전주시 덕진구 인후동1가 904-3,35.8279797,127.1649078,063-901-0021,기타,일반음식점,"전라북도 전주시에서 어디를 갈지 고민이라면! ""팔공티(아중점)""에 가보시는 건 어떨까요? 레드테이블에서 온라인 예약이 가능합니다! 배달 가능한 매장입니다. 키오스크, 다국어 메뉴판이 있는 매장입니다.",운영중,True,True,인후3동,official_coordinates,https://www.data.go.kr/data/15076735/fileData.do; 2022-04-01,2022-04-01
831519,삼동 뚝배기,전북특별자치도 전주시 완산구 삼천천변3길 32-3,전북특별자치도 전주시 완산구 삼천동1가 449-1,35.7978206,127.1132201,063-222-4993,한식,일반음식점,"전라북도 전주시에서 맛집을 찾으신다면 ""삼동뚝배기""를 추천합니다. 레드테이블에서 온라인 예약이 가능합니다! 반려동물 입장이 가능한 매장입니다. 다국어 메뉴판이 있는 매장입니다.",운영중,True,True,삼천3동,official_coordinates,https://www.data.go.kr/data/15076735/fileData.do; 2022-04-01,2022-04-01
839523,푸라닭 서신점,전북특별자치도 전주시 완산구 서신천변로 6,전북특별자치도 전주시 완산구 서신동 854-16,35.8258049,127.1144606,063-278-9206,기타,일반음식점,"""푸라닭(전주 서신점)""을 전라북도 전주시의 가 볼 만한 식당으로 추천합니다! 레드테이블에서 온라인 예약이 가능합니다! 배달 가능한 매장입니다. 다국어 메뉴판이 있는 매장입니다.",운영중,True,True,서신동,official_coordinates,https://www.data.go.kr/data/15076735/fileData.do; 2022-04-01,2022-04-01
832180,준오네9찬밥상,전북특별자치도 전주시 완산구 서원로 274,전북특별자치도 전주시 완산구 중화산동2가 545,35.8117839,127.1238642,063-225-9710,한식,일반음식점,"전라북도 전주시에서 맛집을 찾으신다면 ""준오네 9찬밥상""을 추천합니다. 레드테이블에서 온라인 예약이 가능합니다! 배달 가능한 매장입니다. 다국어 메뉴판이 있는 매장입니다.",운영중,True,True,중화산1동,official_coordinates,https://www.data.go.kr/data/15076735/fileData.do; 2022-04-01,2022-04-01
832812,이끌림,전북특별자치도 전주시 덕진구 만성남1길 70,전북특별자치도 전주시 덕진구 만성동 1277-1,35.8402161,127.0743475,070-8814-2356,한식,일반음식점,"어디 가야 할지 고민이시라고요? 그럼 전라북도 전주시 맛집, ""이끌림""을 추천합니다! 레드테이블에서 온라인 예약이 가능합니다! 남녀 화장실이 구분되어 있는 매장입니다. 배달 가능한 매장입니다. 다국어 메뉴판이 있는 매장입니다.",운영중,True,True,여의동,official_coordinates,https://www.data.go.kr/data/15076735/fileData.do; 2022-04-01,2022-04-01
834804,고래등,전북특별자치도 전주시 완산구 최명희길 3,전북특별자치도 전주시 완산구 풍남동3가 23-10,35.8163587,127.1542005,070-4106-3400,분식,일반음식점,"전라북도 전주시에서 맛집을 찾으신다면 ""고래등""을 추천합니다. 레드테이블에서 온라인 예약이 가능합니다! 다국어 메뉴판이 있는 매장입니다.",운영중,True,True,풍남동,official_coordinates,https://www.data.go.kr/data/15076735/fileData.do; 2022-04-01,2022-04-01
835743,원조1958생두부,전북특별자치도 전주시 덕진구 우아1길 29,전북특별자치도 전주시 덕진구 우아동3가 732-7,35.8475784,127.1540338,063-245-1958,한식,일반음식점,"전라북도 전주시에서 식당을 찾으신다면? ""원조1958생두부""를 방문해보세요! 레드테이블에서 온라인 예약이 가능합니다! 남녀 화장실이 구분되어 있는 매장입니다. 배달 가능한 매장입니다. 주차공간, 다국어 메뉴판, 그리고 무선 인터넷이 있는 매장입니다.",운영중,True,True,우아1동,official_coordinates,https://www.data.go.kr/data/15076735/fileData.do; 2022-04-01,2022-04-01
835767,투리스타,전북특별자치도 전주시 완산구 마전중앙로 21 1층,전북특별자치도 전주시 완산구 효자동3가 1633-7,35.8234944,127.1040921,063-902-2258,기타 휴게음식점,휴게음식점,"전라북도 전주시에서 맛집을 찾으신다면 ""투리스타""를 추천합니다. 레드테이블에서 온라인 예약이 가능합니다! 남녀 화장실이 구분되어 있는 매장입니다. 다국어 메뉴판, 무선 인터넷이 있는 매장입니다.",운영중,True,True,효자5동,official_coordinates,https://www.data.go.kr/data/15076735/fileData.do; 2022-04-01,2022-04-01
836135,짱그미김밥,전북특별자치도 전주시 덕진구 가련산로 5(1층 101호 덕진동2가),전북특별자치도 전주시 완산구 경원동1가 22-1,35.8407707,127.1096642,063-228-1634,김밥(도시락),일반음식점,"전라북도 전주시에서 어디를 갈지 고민이라면! ""짱그미김밥(하가지구점)""에 가보시는 건 어떨까요? 레드테이블에서 온라인 예약이 가능합니다! 다국어 메뉴판이 있는 매장입니다.",운영중,True,True,덕진동,official_coordinates,https://www.data.go.kr/data/15076735/fileData.do; 2022-04-01,2022-04-01
836532,솔가흑돼지,전북특별자치도 전주시 완산구 안터2길 39-7,전북특별자치도 전주시 완산구 서신동 835-11,35.8276853,127.1163024,063-275-5353,한식,일반음식점,"전라북도 전주시에서 가 볼 만한 식당을 찾으신다면? ""솔가흑돼지""를 추천합니다! 레드테이블에서 온라인 예약이 가능합니다! 다국어 메뉴판이 있는 매장입니다.",운영중,True,True,서신동,official_coordinates,https://www.data.go.kr/data/15076735/fileData.do; 2022-04-01,2022-04-01
837322,닭찬들마켓효자점,전북특별자치도 전주시 완산구 호암로 79(1층 102호 효자동2가)	,전북특별자치도 전주시 완산구 효자동2가 1318-2,35.8087353,127.1032887,063-221-5186,기타,일반음식점,"무엇을 먹을지 고민되신다고요? 전라북도 전주시에 계시다면 ""닭찬들마켓(효자점)""을 추천합니다! 레드테이블에서 온라인 예약이 가능합니다! 배달 가능한 매장입니다. 다국어 메뉴판이 있는 매장입니다.",운영중,True,True,효자4동,official_coordinates,https://www.data.go.kr/data/15076735/fileData.do; 2022-04-01,2022-04-01
832435,동명카츠전주평화점,전북특별자치도 전주시 완산구 맏내로 28 광신프로그레스 상가 1동 102-1호,전북특별자치도 전주시 완산구 평화동2가 956,35.7833112,127.1270905,063-223-7723,기타,일반음식점,"전라북도 전주시에서 어디를 갈지 고민이라면! ""동명카츠(전주평화점)""에 가보시는 건 어떨까요? 레드테이블에서 온라인 예약이 가능합니다! 배달 가능한 매장입니다. 다국어 메뉴판이 있는 매장입니다.",운영중,True,True,평화2동,official_coordinates,https://www.data.go.kr/data/15076735/fileData.do; 2022-04-01,2022-04-01
812271,크라운호프 전주대점,전북특별자치도 전주시 완산구 봉곡로 12,전북특별자치도 전주시 완산구 효자동2가 1305-1,35.8116925,127.095024,063-222-9825,기타,일반음식점,"전라북도 전주시에 가신다면 ""크라운호프(전주대점)""에 방문해보세요~ 레드테이블에서 온라인 예약이 가능합니다! 배달 가능한 매장입니다. 다국어 메뉴판이 있는 매장입니다.",운영중,True,True,효자4동,official_coordinates,https://www.data.go.kr/data/15076735/fileData.do; 2022-04-01,2022-04-01
812197,용용떡볶이,전북특별자치도 전주시 덕진구 틀못2길 6 103호,전북특별자치도 전주시 덕진구 장동 1075,35.8411952,127.059039,063-213-0028,일반조리판매,휴게음식점,"어디 가야 할지 고민이시라고요? 그럼 전라북도 전주시 맛집, ""용용떡볶이""를 추천합니다! 다국어 메뉴판, 무선 인터넷이 있는 매장입니다.",운영중,True,True,여의동,official_coordinates,https://www.data.go.kr/data/15076735/fileData.do; 2022-04-01,2022-04-01
811919,슈가빌리지,전북특별자치도 전주시 완산구 봉곡2길 35(1층 효자동3가)	,전북특별자치도 전주시 완산구 효자동3가 1731-1,35.8119546,127.0944864,,기타 휴게음식점,휴게음식점,"전라북도 전주시에서 식당을 찾으신다면? ""슈가빌리지""를 방문해보세요! 레드테이블에서 온라인 예약이 가능합니다! 배달 가능한 매장입니다. 주차공간, 다국어 메뉴판, 그리고 무선 인터넷이 있는 매장입니다.",운영중,True,True,효자4동,official_coordinates,https://www.data.go.kr/data/15076735/fileData.do; 2022-04-01,2022-04-01
789925,크라운 호프 에코 1호점,전북특별자치도 전주시 덕진구 세병로 178-6,전북특별자치도 전주시 덕진구 송천동2가 1299-8,35.8791361,127.1333352,063-277-7277,호프/통닭,일반음식점,"전라북도 전주시에서 맛집을 찾으신다면 ""크라운호프(전주에코1호점)""를 추천합니다. 레드테이블에서 온라인 예약이 가능합니다! 남녀 화장실이 구분되어 있는 매장입니다. 다국어 메뉴판, 무선 인터넷이 있는 매장입니다.",운영중,True,True,송천1동,official_coordinates,https://www.data.go.kr/data/15076735/fileData.do; 2022-04-01,2022-04-01
790566,배스킨라빈스 전주에코세병점,전북특별자치도 전주시 덕진구 세병로 174-10,전북특별자치도 전주시 덕진구 송천동2가 1301-2 대강빌딩2,35.8790381,127.133993,063-277-4218,아이스크림,휴게음식점,"전라북도 전주시에서 식당을 찾으신다면? ""배스킨라빈스(전주에코세병점)""를 방문해보세요! 레드테이블에서 온라인 예약이 가능합니다! 배달 가능한 매장입니다. 키오스크, 다국어 메뉴판이 있는 매장입니다.",운영중,True,True,송천1동,official_coordinates,https://www.data.go.kr/data/15076735/fileData.do; 2022-04-01,2022-04-01
790691,피자플래넷 2호점,전북특별자치도 전주시 덕진구 송천로 60,전북특별자치도 전주시 덕진구 송천동1가 422-15,35.8585971,127.1180518,063-909-0660,경양식,일반음식점,"어디 가야 할지 고민이시라고요? 그럼 전라북도 전주시 맛집, ""피자플래넷(송천점)""을 추천합니다! 배달 가능한 매장입니다. 다국어 메뉴판이 있는 매장입니다.",운영중,True,True,송천2동,official_coordinates,https://www.data.go.kr/data/15076735/fileData.do; 2022-04-01,2022-04-01
790733,카페 셉템,"전북특별자치도 전주시 덕진구 시천로 11 1층, 2층 카페 셉템",전북특별자치도 전주시 덕진구 송천동1가 625-18,35.8603041,127.1144949,063-777-6666,커피숍,휴게음식점,"어디 가야 할지 고민이시라고요? 그럼 전라북도 전주시 맛집, ""셉템""을 추천합니다! 남녀 화장실이 구분되어 있는 매장입니다. 주차공간, 다국어 메뉴판, 그리고 무선 인터넷이 있는 매장입니다.",운영중,True,True,송천2동,official_coordinates,https://www.data.go.kr/data/15076735/fileData.do; 2022-04-01,2022-04-01
790843,하루김밥,전북특별자치도 전주시 완산구 평화로 163,전북특별자치도 전주시 덕진구 인후동1가 890-3,35.7911538,127.1357768,063-905-6663,기타,일반음식점,"전라북도 전주시에서 식당을 찾으신다면? ""하루김밥""을 방문해보세요! 레드테이블에서 온라인 예약이 가능합니다! 배달 가능한 매장입니다. 다국어 메뉴판이 있는 매장입니다.",운영중,True,True,평화2동,official_coordinates,https://www.data.go.kr/data/15076735/fileData.do; 2022-04-01,2022-04-01
791257,백제성 숯불구이 정육식당,전북특별자치도 전주시 완산구 홍산2길 5-8,전북특별자치도 전주시 완산구 효자동3가 1543-1,35.8151641,127.1097521,063-221-8592,한식,일반음식점,"어디 가야 할지 고민이시라고요? 그럼 전라북도 전주시 맛집, ""백제성숯불구이정육식당""을 추천합니다! 레드테이블에서 온라인 예약이 가능합니다! 남녀 화장실이 구분되어 있는 매장입니다. 주차공간, 다국어 메뉴판이 있는 매장입니다.",운영중,True,True,효자5동,official_coordinates,https://www.data.go.kr/data/15076735/fileData.do; 2022-04-01,2022-04-01
791279,더팟틀럭,전북특별자치도 전주시 완산구 구룡2길 7,전북특별자치도 전주시 완산구 효자동2가 1255-3,35.8133956,127.1026411,063-237-4280,한식,일반음식점,"""더팟틀럭""을 전라북도 전주시의 가 볼 만한 식당으로 추천합니다! 레드테이블에서 온라인 예약이 가능합니다! 반려동물 입장이 가능하고, 남녀 화장실이 구분되어 있는 매장입니다. 배달 가능한 매장입니다. 주차공간, 다국어 메뉴판이 있는 매장입니다.",운영중,True,True,효자4동,official_coordinates,https://www.data.go.kr/data/15076735/fileData.do; 2022-04-01,2022-04-01
789038,부송국수 혁신점,전북특별자치도 전주시 덕진구 혁신로 370,전북특별자치도 전주시 덕진구 장동 123-1 1층,35.8473508,127.0626043,063-213-8009,한식,일반음식점,"""부송국수(전주혁신점)""는 전라북도 전주시에 있습니다. 남녀 화장실이 구분되어 있는 매장입니다. 주차공간, 다국어 메뉴판, 그리고 무선 인터넷이 있는 매장입니다.",운영중,True,True,여의동,official_coordinates,https://www.data.go.kr/data/15076735/fileData.do; 2022-04-01,2022-04-01
791590,벌크커피 동산점,전북특별자치도 전주시 덕진구 편운로 7,전북특별자치도 전주시 덕진구 여의동2가 694,35.871368,127.0773708,063-211-0245,커피숍,휴게음식점,"전라북도 전주시에서 어디를 갈지 고민이라면! ""벌크커피(동산점)""에 가보시는 건 어떨까요? 레드테이블에서 온라인 예약이 가능합니다! 배달 가능한 매장입니다. 다국어 메뉴판이 있는 매장입니다.",운영중,True,True,여의동,official_coordinates,https://www.data.go.kr/data/15076735/fileData.do; 2022-04-01,2022-04-01
792831,더리얼커피앤쥬스,전북특별자치도 전주시 덕진구 오송1길 37-17,전북특별자치도 전주시 덕진구 송천동1가 879,35.863741,127.1299748,063-272-5824,기타,일반음식점,"전라북도 전주시에서 식당을 찾으신다면? ""더리얼커피앤쥬스(본점)""를 방문해보세요! 레드테이블에서 온라인 예약이 가능합니다! 배달 가능한 매장입니다. 다국어 메뉴판이 있는 매장입니다.",운영중,True,True,송천1동,official_coordinates,https://www.data.go.kr/data/15076735/fileData.do; 2022-04-01,2022-04-01
793495,군계숯불닭갈비,전북특별자치도 전주시 완산구 후곡길 23-18(1층 효자동2가)	,전북특별자치도 전주시 완산구 효자동2가 1306-7,35.8106987,127.0948048,063-225-4893,호프/통닭,일반음식점,"전라북도 전주시에 가신다면 ""군계정통숯불닭갈비""에 방문해보세요~ 레드테이블에서 온라인 예약이 가능합니다! 배달 가능한 매장입니다. 다국어 메뉴판이 있는 매장입니다.",운영중,True,True,효자4동,official_coordinates,https://www.data.go.kr/data/15076735/fileData.do; 2022-04-01,2022-04-01
794168,바오 브런치카페,전북특별자치도 전주시 덕진구 견훤로 368 1층,전북특별자치도 전주시 덕진구 우아동3가 749-57 1층,35.8441228,127.1539879,063-243-8586,커피숍,휴게음식점,"""바오""를 전라북도 전주시의 가 볼 만한 식당으로 추천합니다! 레드테이블에서 온라인 예약이 가능합니다! 남녀 화장실이 구분되어 있는 매장입니다. 배달 가능한 매장입니다. 다국어 메뉴판, 무선 인터넷이 있는 매장입니다.",운영중,True,True,우아1동,official_coordinates,https://www.data.go.kr/data/15076735/fileData.do; 2022-04-01,2022-04-01
794692,올라운더랩,전북특별자치도 전주시 완산구 고사평5길 24-9,전북특별자치도 전주시 완산구 서신동 1012-5 승원빌라,35.8378851,127.1074782,,기타,일반음식점,"무엇을 먹을지 고민되신다고요? 전라북도 전주시에 계시다면 ""올라운더랩""을 추천합니다! 레드테이블에서 온라인 예약이 가능합니다! 다국어 메뉴판이 있는 매장입니다.",운영중,True,True,서신동,official_coordinates,https://www.data.go.kr/data/15076735/fileData.do; 2022-04-01,2022-04-01
795366,아림석쇠,전북특별자치도 전주시 덕진구 권삼득로 247-2,전북특별자치도 전주시 덕진구 금암동 728-76,35.8394669,127.1326211,063-251-2992,한식,일반음식점,"전라북도 전주시에 방문하신다면, ""아림석쇠(직영점)""에 가보시는 것은 어떨까요? 2021년 03월 24일 KBS2 2TV생생정보 1276회에 방영되었을 만큼 소문난 매장이랍니다! 레드테이블에서 온라인 예약이 가능합니다! 다국어 메뉴판이 있는 매장입니다.",운영중,True,True,금암1동,official_coordinates,https://www.data.go.kr/data/15076735/fileData.do; 2022-04-01,2022-04-01
795690,별이네꼬마김밥,전북특별자치도 전주시 덕진구 만성중앙로 53-37,전북특별자치도 전주시 덕진구 인후동1가 855-6,35.8432377,127.0776571,063-214-0202,기타 휴게음식점,휴게음식점,"전라북도 전주시에서 맛집을 찾으신다면 ""별이네꼬마김밥""을 추천합니다. 레드테이블에서 온라인 예약이 가능합니다! 배달 가능한 매장입니다. 다국어 메뉴판이 있는 매장입니다.",운영중,True,True,여의동,official_coordinates,https://www.data.go.kr/data/15076735/fileData.do; 2022-04-01,2022-04-01
795884,카페 볼라레,전북특별자치도 전주시 완산구 새터로 42,전북특별자치도 전주시 완산구 서신동 939-2,35.8354943,127.111013,,기타,일반음식점,"전라북도 전주시에서 맛집을 찾으신다면 ""카페 볼라레""를 추천합니다. 레드테이블에서 온라인 예약이 가능합니다! 남녀 화장실이 구분되어 있는 매장입니다. 주차공간, 다국어 메뉴판, 그리고 무선 인터넷이 있는 매장입니다.",운영중,True,True,서신동,official_coordinates,https://www.data.go.kr/data/15076735/fileData.do; 2022-04-01,2022-04-01
792169,양누리,전북특별자치도 전주시 덕진구 두간로 6,전북특별자치도 전주시 덕진구 송천동1가 831-1,35.8651871,127.1150647,063-277-8686,식육(숯불구이),일반음식점,"전라북도 전주시에서 식당을 찾으신다면? ""양누리""를 방문해보세요! 주차공간, 다국어 메뉴판, 그리고 무선 인터넷이 있는 매장입니다.",운영중,True,True,송천2동,official_coordinates,https://www.data.go.kr/data/15076735/fileData.do; 2022-04-01,2022-04-01
795902,리버스카페,전북특별자치도 전주시 완산구 백마산길 28 2층,전북특별자치도 전주시 완산구 효자동3가 1173-1,35.8173826,127.0901389,063-715-0819,커피숍,휴게음식점,"전라북도 전주시에 가신다면 ""리버스카페""에 방문해보세요~ 레드테이블에서 온라인 예약이 가능합니다! 배달 가능한 매장입니다. 다국어 메뉴판이 있는 매장입니다.",운영중,True,True,효자4동,official_coordinates,https://www.data.go.kr/data/15076735/fileData.do; 2022-04-01,2022-04-01
864895,삼시세끼,전북특별자치도 전주시 덕진구 무삼지로 6-6,전북특별자치도 전주시 덕진구 인후동1가 919-2,35.8266863,127.1666031,063-243-8687,음식점,,"""삼시세끼""는 전라북도 전주시에 있습니다.",운영중,True,True,인후3동,official_coordinates,https://www.data.go.kr/data/15076735/fileData.do; 2022-04-01,2022-04-01
788348,비에뜨반미전북도청점,전북특별자치도 전주시 완산구 홍산로 246(1동 1층 107호 효자동2가)	,전북특별자치도 전주시 완산구 효자동2가 1154-1,35.8155436,127.1064504,063-229-9877,기타 휴게음식점,휴게음식점,"전라북도 전주시에서 어디를 갈지 고민이라면! ""비에뜨반미(전북도청점)""에 가보시는 건 어떨까요? 레드테이블에서 온라인 예약이 가능합니다! 배달 가능한 매장입니다. 다국어 메뉴판이 있는 매장입니다.",운영중,True,True,효자5동,official_coordinates,https://www.data.go.kr/data/15076735/fileData.do; 2022-04-01,2022-04-01
783089,맑음커피,전북특별자치도 전주시 덕진구 사근1길 23,전북특별자치도 전주시 덕진구 송천동2가 177-3,35.8666426,127.1298767,,커피숍,휴게음식점,"전라북도 전주시에서 가 볼 만한 식당을 찾으신다면? ""맑음커피""를 추천합니다! 다국어 메뉴판이 있는 매장입니다.",운영중,True,True,송천1동,official_coordinates,https://www.data.go.kr/data/15076735/fileData.do; 2022-04-01,2022-04-01
783368,소호당,전북특별자치도 전주시 덕진구 호성3길 12 103호,전북특별자치도 전주시 덕진구 호성동1가 587-39 103호,35.8612067,127.1510937,050-7133-7465,커피숍,휴게음식점,"전라북도 전주시에 가신다면 ""소호당""에 방문해보세요~ 레드테이블에서 온라인 예약이 가능합니다! 남녀 화장실이 구분되어 있는 매장입니다. 배달 가능한 매장입니다. 다국어 메뉴판이 있는 매장입니다.",운영중,True,True,호성동,official_coordinates,https://www.data.go.kr/data/15076735/fileData.do; 2022-04-01,2022-04-01
783783,타르트팜 전주점,전북특별자치도 전주시 완산구 거마평로 18,전북특별자치도 전주시 완산구 삼천동1가 660-4,35.7939949,127.1170634,063-224-0242,기타 휴게음식점,휴게음식점,"전라북도 전주시에 가신다면 ""타르트팜(전주점)""에 방문해보세요~ 레드테이블에서 온라인 예약이 가능합니다! 반려동물 입장이 가능한 매장입니다. 배달 가능한 매장입니다. 주차공간, 다국어 메뉴판, 그리고 무선 인터넷이 있는 매장입니다.",운영중,True,True,삼천2동,official_coordinates,https://www.data.go.kr/data/15076735/fileData.do; 2022-04-01,2022-04-01
784503,보리보리,전북특별자치도 전주시 완산구 홍산4길 12,전북특별자치도 전주시 완산구 효자동3가 1528-4,35.8183018,127.1101832,063-229-9291,한식,일반음식점,"전라북도 전주시에서 식당을 찾으신다면? ""보리보리(본점)""를 방문해보세요! 레드테이블에서 온라인 예약이 가능합니다! 다국어 메뉴판이 있는 매장입니다.",운영중,True,True,효자5동,official_coordinates,https://www.data.go.kr/data/15076735/fileData.do; 2022-04-01,2022-04-01
784689,블루플래닛,전북특별자치도 전주시 완산구 평화4길 16 1층,전북특별자치도 전주시 완산구 평화동2가 917-1 1층,35.7824781,127.1349042,,기타 휴게음식점,휴게음식점,"전라북도 전주시에서 가 볼 만한 식당을 찾으신다면? ""블루플래닛""을 추천합니다! 레드테이블에서 온라인 예약이 가능합니다! 다국어 메뉴판이 있는 매장입니다.",운영중,True,True,평화2동,official_coordinates,https://www.data.go.kr/data/15076735/fileData.do; 2022-04-01,2022-04-01
784824,달콩커피본점,전북특별자치도 전주시 완산구 효동2길 41,전북특별자치도 전주시 완산구 효자동1가 218-20,35.8030024,127.1258825,063-237-1027,치킨,,"""달콩커피본점""은 전라북도 전주시에 있습니다.",운영중,True,True,효자1동,official_coordinates,https://www.data.go.kr/data/15076735/fileData.do; 2022-04-01,2022-04-01
784826,플레이그라운드,전북특별자치도 전주시 완산구 배학1길 15-1,전북특별자치도 전주시 완산구 효자동3가 1670-22,35.8186775,127.095282,063-229-2825,카페,,"전라북도 전주시에서 맛집을 찾으신다면 ""플레이그라운드""를 추천합니다.",운영중,True,True,효자5동,official_coordinates,https://www.data.go.kr/data/15076735/fileData.do; 2022-04-01,2022-04-01
788503,설궁,전북특별자치도 전주시 완산구 천경로 37,전북특별자치도 전주시 완산구 동서학동 83-2,35.8098221,127.1531135,063-231-2959,기타,일반음식점,"무엇을 먹을지 고민되신다고요? 전라북도 전주시에 계시다면 ""설궁""을 추천합니다! 레드테이블에서 온라인 예약이 가능합니다! 반려동물 입장이 가능한 매장입니다. 배달 가능한 매장입니다. 다국어 메뉴판이 있는 매장입니다.",운영중,True,True,동서학동,official_coordinates,https://www.data.go.kr/data/15076735/fileData.do; 2022-04-01,2022-04-01
864896,웅이네 오돌뼈,전북특별자치도 전주시 완산구 중산중앙로 27,전북특별자치도 전주시 완산구 중화산동2가 615-10,35.8166547,127.1212042,063-252-3540,음식점,,"전라북도 전주시에서 식당을 찾으신다면? ""웅이네 오돌뼈""를 방문해보세요!",운영중,True,True,중화산2동,official_coordinates,https://www.data.go.kr/data/15076735/fileData.do; 2022-04-01,2022-04-01
786227,마카롱하우스,전북특별자치도 전주시 덕진구 두간11길 13 102호,전북특별자치도 전주시 덕진구 송천동1가 830-11,35.8641862,127.1150427,063-271-2050,커피숍,휴게음식점,"전라북도 전주시에서 어디를 갈지 고민이라면! ""마카롱하우스""에 가보시는 건 어떨까요? 다국어 메뉴판이 있는 매장입니다.",운영중,True,True,송천2동,official_coordinates,https://www.data.go.kr/data/15076735/fileData.do; 2022-04-01,2022-04-01
786387,광장포차시골집,전북특별자치도 전주시 덕진구 권삼득로 333,전북특별자치도 전주시 덕진구 덕진동1가 664-6,35.8449363,127.1258928,,한식,일반음식점,"""광장포차시골집""을 전라북도 전주시의 가 볼 만한 식당으로 추천합니다! 배달 가능한 매장입니다. 다국어 메뉴판이 있는 매장입니다.",운영중,True,True,덕진동,official_coordinates,https://www.data.go.kr/data/15076735/fileData.do; 2022-04-01,2022-04-01
786411,영등동골목길파스타,전북특별자치도 전주시 완산구 마전3길 2,전북특별자치도 전주시 완산구 효자동3가 1630-4,35.8238352,127.104071,,한식,일반음식점,"""영등동골목길""은 전라북도 전주시에 있습니다. 레드테이블에서 온라인 예약이 가능합니다! 다국어 메뉴판이 있는 매장입니다.",운영중,True,True,효자5동,official_coordinates,https://www.data.go.kr/data/15076735/fileData.do; 2022-04-01,2022-04-01
786746,벌크커피 신시가지점,전북특별자치도 전주시 완산구 홍산남로 45 1층,전북특별자치도 전주시 완산구 효자동3가 1534-1,35.8160279,127.1070041,063-909-5225,커피숍,휴게음식점,"전라북도 전주시에서 식당을 찾으신다면? ""벌크커피(신시가지점)""를 방문해보세요! 레드테이블과 네이버에서 온라인 예약이 가능합니다! 남녀 화장실이 구분되어 있는 매장입니다. 배달 가능한 매장입니다. 다국어 메뉴판, 무선 인터넷이 있는 매장입니다.",운영중,True,True,효자5동,official_coordinates,https://www.data.go.kr/data/15076735/fileData.do; 2022-04-01,2022-04-01
787403,가득,전북특별자치도 전주시 완산구 현무1길 33,전북특별자치도 전주시 완산구 경원동3가 32-16,35.8217589,127.1475142,,일식,일반음식점,"""가득""은 전라북도 전주시에 있습니다. 레드테이블에서 온라인 예약이 가능합니다! 다국어 메뉴판이 있는 매장입니다.",운영중,True,True,풍남동,official_coordinates,https://www.data.go.kr/data/15076735/fileData.do; 2022-04-01,2022-04-01
787507,태종대조개구이,전북특별자치도 전주시 덕진구 우아7길 9-5,전북특별자치도 전주시 완산구 풍남동1가 10-1,35.8495944,127.1550895,,한식,일반음식점,"전라북도 전주시에서 식당을 찾으신다면? ""태종대조개구이""를 방문해보세요! 레드테이블에서 온라인 예약이 가능합니다! 주차공간, 다국어 메뉴판, 그리고 무선 인터넷이 있는 매장입니다.",운영중,True,True,우아1동,official_coordinates,https://www.data.go.kr/data/15076735/fileData.do; 2022-04-01,2022-04-01
787581,족발슈퍼 전주효자점,전북특별자치도 전주시 완산구 우전로 299,전북특별자치도 전주시 완산구 효자동3가 1667-6,35.8214098,127.1016506,063-224-7804,기타,일반음식점,"어디 가야 할지 고민이시라고요? 그럼 전라북도 전주시 맛집, ""족발슈퍼(전주효자점)""를 추천합니다! 레드테이블에서 온라인 예약이 가능합니다! 배달 가능한 매장입니다. 다국어 메뉴판이 있는 매장입니다.",운영중,True,True,효자5동,official_coordinates,https://www.data.go.kr/data/15076735/fileData.do; 2022-04-01,2022-04-01
785128,홍콩반점0410 전주대점,전북특별자치도 전주시 완산구 백마산길 25 2층,전북특별자치도 전주시 완산구 효자동3가 1183-10,35.8171265,127.0904371,050-7987-5524,중국식,일반음식점,"전라북도 전주시에서 가 볼 만한 식당을 찾으신다면? ""홍콩반점(전주대점)""을 추천합니다! 레드테이블에서 온라인 예약이 가능합니다! 배달 가능한 매장입니다. 다국어 메뉴판이 있는 매장입니다.",운영중,True,True,효자4동,official_coordinates,https://www.data.go.kr/data/15076735/fileData.do; 2022-04-01,2022-04-01
797037,언썸블케이크,전북특별자치도 전주시 완산구 봉곡로 21 문화빌딩 1층,전북특별자치도 전주시 완산구 효자동3가 1732-4,35.8119464,127.0962319,,제과점영업,제과점영업,"전라북도 전주시에서 어디를 갈지 고민이라면! ""언썸블케이크""에 가보시는 건 어떨까요? 레드테이블에서 온라인 예약이 가능합니다! 다국어 메뉴판이 있는 매장입니다.",운영중,True,True,효자4동,official_coordinates,https://www.data.go.kr/data/15076735/fileData.do; 2022-04-01,2022-04-01
797066,돼지치마집 송천점,전북특별자치도 전주시 덕진구 솔내로 108 101호,전북특별자치도 전주시 덕진구 송천동1가 137-3,35.8596605,127.1268057,063-251-7392,한식,일반음식점,"무엇을 먹을지 고민되신다고요? 전라북도 전주시에 계시다면 ""치마집(송천점)""을 추천합니다! 레드테이블에서 온라인 예약이 가능합니다! 다국어 메뉴판이 있는 매장입니다.",운영중,True,True,송천1동,official_coordinates,https://www.data.go.kr/data/15076735/fileData.do; 2022-04-01,2022-04-01
797272,고피자 전북대점,전북특별자치도 전주시 덕진구 권삼득로 333 원플러스상가 1동 105호,전북특별자치도 전주시 덕진구 덕진동1가 664-6,35.8449363,127.1258928,063-221-7177,경양식,일반음식점,"""고피자(전북대점)""는 전라북도 전주시에 있습니다. 레드테이블에서 온라인 예약이 가능합니다! 배달 가능한 매장입니다. 키오스크, 다국어 메뉴판, 그리고 무선 인터넷이 있는 매장입니다.",운영중,True,True,덕진동,official_coordinates,https://www.data.go.kr/data/15076735/fileData.do; 2022-04-01,2022-04-01
805377,육서방불낙이,전북특별자치도 전주시 완산구 마전2길 11-7 2층 육서방불낙이,전북특별자치도 전주시 완산구 효자동3가 1646-15,35.8222785,127.1033467,063-714-2566,한식,일반음식점,"어디 가야 할지 고민이시라고요? 그럼 전라북도 전주시 맛집, ""육서방불낙이""를 추천합니다! 레드테이블에서 온라인 예약이 가능합니다! 남녀 화장실이 구분되어 있으며, 베리어프리 매장입니다. 배달 가능한 매장입니다. 주차공간, 다국어 메뉴판, 그리고 무선 인터넷이 있는 매장입니다.",운영중,True,True,효자5동,official_coordinates,https://www.data.go.kr/data/15076735/fileData.do; 2022-04-01,2022-04-01
806837,우미가,전북특별자치도 전주시 완산구 모악로 4693,전북특별자치도 전주시 완산구 평화동2가 316-2 평화치과의원,35.7885015,127.1304325,063-286-3405,기타,일반음식점,"전라북도 전주시에서 식당을 찾으신다면? ""우미가""를 방문해보세요! 레드테이블에서 온라인 예약이 가능합니다! 배달 가능한 매장입니다. 다국어 메뉴판이 있는 매장입니다.",운영중,True,True,평화2동,official_coordinates,https://www.data.go.kr/data/15076735/fileData.do; 2022-04-01,2022-04-01
807644,피자헛 전주서신점,전북특별자치도 전주시 완산구 새터로 52,전북특별자치도 전주시 완산구 서신동 940-3,35.835368,127.1119556,063-276-9733,기타,일반음식점,"전라북도 전주시에 가신다면 ""피자헛(전주서신점)""에 방문해보세요~ 레드테이블에서 온라인 예약이 가능합니다! 배달 가능한 매장입니다. 주차공간, 다국어 메뉴판이 있는 매장입니다.",운영중,True,True,서신동,official_coordinates,https://www.data.go.kr/data/15076735/fileData.do; 2022-04-01,2022-04-01
807910,바빈스커피 중화산점,전북특별자치도 전주시 완산구 백제대로 251,전북특별자치도 전주시 완산구 중화산동2가 629-11 노송가구,35.8155856,127.1226059,063-232-8888,기타,일반음식점,"""바빈스커피(중화산점)""를 전라북도 전주시의 가 볼 만한 식당으로 추천합니다! 레드테이블에서 온라인 예약이 가능합니다! 다국어 메뉴판이 있는 매장입니다.",운영중,True,True,중화산2동,official_coordinates,https://www.data.go.kr/data/15076735/fileData.do; 2022-04-01,2022-04-01
807911,완산성순대국 중앙점,전북특별자치도 전주시 완산구 노송여울2길 86,전북특별자치도 전주시 완산구 서노송동 651-16 ,35.8260563,127.1430636,063-274-4700,기타,일반음식점,"""완산성순대국""은 전라북도 전주시에 있습니다. 레드테이블에서 온라인 예약이 가능합니다! 남녀 화장실이 구분되어 있는 매장입니다. 다국어 메뉴판이 있는 매장입니다.",운영중,True,True,노송동,official_coordinates,https://www.data.go.kr/data/15076735/fileData.do; 2022-04-01,2022-04-01
808077,황금밥상,전북특별자치도 전주시 완산구 팔달로 202,전북특별자치도 전주시 완산구 경원동3가 45-2,35.8203977,127.1465464,063-227-0163,뷔페,,"""황금밥상""을 전라북도 전주시의 가 볼 만한 식당으로 추천합니다!",운영중,True,True,풍남동,official_coordinates,https://www.data.go.kr/data/15076735/fileData.do; 2022-04-01,2022-04-01
808191,셀렉토커피 전주효자점,전북특별자치도 전주시 완산구 호암로 65,전북특별자치도 전주시 완산구 효자동2가 1317-4,35.8092329,127.1018413,063-225-5972,커피숍,휴게음식점,"전라북도 전주시에 가신다면 ""셀렉토커피(전주효자점)""에 방문해보세요~ 레드테이블에서 온라인 예약이 가능합니다! 남녀 화장실이 구분되어 있는 매장입니다. 주차공간, 다국어 메뉴판, 그리고 무선 인터넷이 있는 매장입니다.",운영중,True,True,효자4동,official_coordinates,https://www.data.go.kr/data/15076735/fileData.do; 2022-04-01,2022-04-01
805290,메가엠지씨커피 송천점,전북특별자치도 전주시 덕진구 솔내로 184,전북특별자치도 전주시 덕진구 송천동2가 220-8,35.8663356,127.1274432,063-255-5868,커피숍,휴게음식점,"무엇을 먹을지 고민되신다고요? 전라북도 전주시에 계시다면 ""메가커피(전주송천점)""를 추천합니다! 레드테이블에서 온라인 예약이 가능합니다! 남녀 화장실이 구분되어 있는 매장입니다. 주차공간, 다국어 메뉴판, 그리고 무선 인터넷이 있는 매장입니다.",운영중,True,True,송천1동,official_coordinates,https://www.data.go.kr/data/15076735/fileData.do; 2022-04-01,2022-04-01
808815,양세마리 2호점,전북특별자치도 전주시 완산구 전주객사4길 74-11 2층 ,전북특별자치도 전주시 완산구 고사동 238 2층 ,35.8212797,127.1435223,063-902-8868,기타,일반음식점,"전라북도 전주시에서 식당을 찾으신다면? ""양세마리훠궈앤마라탕""을 방문해보세요! 레드테이블에서 온라인 예약이 가능합니다! 다국어 메뉴판이 있는 매장입니다.",운영중,True,True,중앙동,official_coordinates,https://www.data.go.kr/data/15076735/fileData.do; 2022-04-01,2022-04-01
809489,엘카페,전북특별자치도 전주시 덕진구 동부대로 1077 1층 103호,전북특별자치도 전주시 덕진구 송천동2가 166-1,35.8691201,127.1292654,063-277-1444,커피숍,휴게음식점,"""엘카페""는 전라북도 전주시에 있습니다. 다국어 메뉴판이 있는 매장입니다.",운영중,True,True,송천1동,official_coordinates,https://www.data.go.kr/data/15076735/fileData.do; 2022-04-01,2022-04-01
809931,청춘당꽈배기 전주점,전북특별자치도 전주시 덕진구 동부대로 1076,전북특별자치도 전주시 덕진구 송천동2가 168-1,35.8700221,127.129447,063-252-6988,커피숍,휴게음식점,"전라북도 전주시에서 가 볼 만한 식당을 찾으신다면? ""청춘당꽈배기(전주점)""를 추천합니다! 주차공간, 다국어 메뉴판이 있는 매장입니다.",운영중,True,True,송천1동,official_coordinates,https://www.data.go.kr/data/15076735/fileData.do; 2022-04-01,2022-04-01
864894,커피숲,전북특별자치도 전주시 덕진구 구총목로 26,전북특별자치도 전주시 덕진구 인후동1가 894-1,35.8280785,127.1629123,063-244-2316,카페,,"어디 가야 할지 고민이시라고요? 그럼 전라북도 전주시 맛집, ""커피숲""을 추천합니다!",운영중,True,True,인후3동,official_coordinates,https://www.data.go.kr/data/15076735/fileData.do; 2022-04-01,2022-04-01
809982,스타벅스 전북대병원DT점,전북특별자치도 전주시 덕진구 백제대로 616,전북특별자치도 전주시 덕진구 금암동 1552-19,35.8416479,127.1370427,063-271-3688,커피숍,휴게음식점,"전라북도 전주시에서 식당을 찾으신다면? ""스타벅스(전북대병원DT점)""를 방문해보세요! 다국어 메뉴판이 있는 매장입니다.",운영중,True,True,금암1동,official_coordinates,https://www.data.go.kr/data/15076735/fileData.do; 2022-04-01,2022-04-01
811160,라보테 송천점,전북특별자치도 전주시 덕진구 송천중앙로 207 1층 라보테,전북특별자치도 전주시 덕진구 송천동1가 869-2,35.8654695,127.1212275,063-255-3337,경양식,일반음식점,"무엇을 먹을지 고민되신다고요? 전라북도 전주시에 계시다면 ""라보테(송천점)""를 추천합니다! 지방자치단체 인증을 받은 농림축산식품부 제공 안심식당입니다. 배달 가능한 매장입니다. 다국어 메뉴판이 있는 매장입니다.",운영중,True,True,송천2동,official_coordinates,https://www.data.go.kr/data/15076735/fileData.do; 2022-04-01,2022-04-01
811477,보글보글부대찌개짜글이,전북특별자치도 전주시 완산구 홍산북로 45-22,전북특별자치도 전주시 완산구 효자동3가 1527-18,35.8181574,127.1071697,063-236-0722,기타,일반음식점,"전라북도 전주시에 가신다면 ""보글보글부대찌개짜글이""에 방문해보세요~ 레드테이블에서 온라인 예약이 가능합니다! 배달 가능한 매장입니다. 다국어 메뉴판이 있는 매장입니다.",운영중,True,True,효자5동,official_coordinates,https://www.data.go.kr/data/15076735/fileData.do; 2022-04-01,2022-04-01
811554,코르,전북특별자치도 전주시 덕진구 명륜3길 7,전북특별자치도 전주시 덕진구 덕진동1가 1266-23,35.8421422,127.126938,,커피숍,휴게음식점,"""코르커피""를 전라북도 전주시의 가 볼 만한 식당으로 추천합니다! 레드테이블에서 온라인 예약이 가능합니다! 다국어 메뉴판이 있는 매장입니다.",운영중,True,True,덕진동,official_coordinates,https://www.data.go.kr/data/15076735/fileData.do; 2022-04-01,2022-04-01
809099,장터뚝배기,전북특별자치도 전주시 덕진구 오송1길 37-5 1층125호,전북특별자치도 전주시 덕진구 송천동1가 98,35.8632311,127.1305693,063-274-1994,한식,일반음식점,"전라북도 전주시에서 가 볼 만한 식당을 찾으신다면? ""장터뚝배기""를 추천합니다! 배달 가능한 매장입니다. 다국어 메뉴판이 있는 매장입니다.",운영중,True,True,송천1동,official_coordinates,https://www.data.go.kr/data/15076735/fileData.do; 2022-04-01,2022-04-01
805265,동명카츠 에코시티점,전북특별자치도 전주시 덕진구 세병로 178-6,전북특별자치도 전주시 덕진구 송천동2가 1299-8,35.8791361,127.1333352,063-255-1211,경양식,일반음식점,"전라북도 전주시에서 맛집을 찾으신다면 ""동명카츠(에코시티점)""를 추천합니다. 레드테이블에서 온라인 예약이 가능합니다! 배달 가능한 매장입니다. 다국어 메뉴판이 있는 매장입니다.",운영중,True,True,송천1동,official_coordinates,https://www.data.go.kr/data/15076735/fileData.do; 2022-04-01,2022-04-01
804466,솔내향식당,전북특별자치도 전주시 덕진구 송천중앙로 175 2층,전북특별자치도 전주시 덕진구 송천동1가 486-17,35.8625609,127.1212371,063-247-6869,한식,일반음식점,"전라북도 전주시에서 식당을 찾으신다면? ""솔내향식당""을 방문해보세요! 레드테이블에서 온라인 예약이 가능합니다! 다국어 메뉴판이 있는 매장입니다.",운영중,True,True,송천2동,official_coordinates,https://www.data.go.kr/data/15076735/fileData.do; 2022-04-01,2022-04-01
804187,화녕,전북특별자치도 전주시 완산구 전주객사1길 45,전북특별자치도 전주시 완산구 다가동3가 53-3 우신양복점,35.8182184,127.1391311,063-288-5417,한식,일반음식점,"어디 가야 할지 고민이시라고요? 그럼 전라북도 전주시 맛집, ""화녕""을 추천합니다! 레드테이블에서 온라인 예약이 가능합니다! 다국어 메뉴판이 있는 매장입니다.",운영중,True,True,중앙동,official_coordinates,https://www.data.go.kr/data/15076735/fileData.do; 2022-04-01,2022-04-01
797434,롯데리아 에코시티점,전북특별자치도 전주시 덕진구 세병남로 25,전북특별자치도 전주시 덕진구 송천동2가 1331-13,35.8720042,127.1272879,063-254-0907,패스트푸드,휴게음식점,"전라북도 전주시에서 가 볼 만한 식당을 찾으신다면? ""롯데리아(전주에코점)""를 추천합니다! 레드테이블에서 온라인 예약이 가능합니다! 반려동물 입장이 가능하고, 남녀 화장실이 구분되어 있는 매장입니다. 배달 가능한 매장입니다. 주차공간, 키오스크가 마련되어 있으며 다국어 메뉴판, 무선 인터넷을 제공하는 매장입니다.",운영중,True,True,송천1동,official_coordinates,https://www.data.go.kr/data/15076735/fileData.do; 2022-04-01,2022-04-01
797770,쏭스컵밥,전북특별자치도 전주시 완산구 백마산길 10,전북특별자치도 전주시 완산구 효자동3가 1167-5,35.8180622,127.0919941,063-236-1357,기타 휴게음식점,휴게음식점,"""쏭스컵밥""은 전라북도 전주시에 있습니다. 레드테이블에서 온라인 예약이 가능합니다! 배달 가능한 매장입니다. 다국어 메뉴판이 있는 매장입니다.",운영중,True,True,효자4동,official_coordinates,https://www.data.go.kr/data/15076735/fileData.do; 2022-04-01,2022-04-01
797807,라화쿵부 고사점,전북특별자치도 전주시 완산구 전주객사4길 71,전북특별자치도 전주시 완산구 고사동 362-2,35.8208245,127.1430699,063-288-1992,중국식,일반음식점,"전라북도 전주시에서 어디를 갈지 고민이라면! ""라화쿵부(고사점)""에 가보시는 건 어떨까요? 배달 가능한 매장입니다. 주차공간, 다국어 메뉴판이 있는 매장입니다.",운영중,True,True,중앙동,official_coordinates,https://www.data.go.kr/data/15076735/fileData.do; 2022-04-01,2022-04-01
797834,상상누리,전북특별자치도 전주시 덕진구 조경단로 258-18,전북특별자치도 전주시 덕진구 송천동1가 234-5,35.8555418,127.1282525,,커피숍,휴게음식점,"무엇을 먹을지 고민되신다고요? 전라북도 전주시에 계시다면 ""상상누리""를 추천합니다! 다국어 메뉴판이 있는 매장입니다.",운영중,True,True,송천1동,official_coordinates,https://www.data.go.kr/data/15076735/fileData.do; 2022-04-01,2022-04-01
798496,크라운호프효자1호점,전북특별자치도 전주시 완산구 마전들로 55,전북특별자치도 전주시 완산구 효자동3가 1667-7,35.8212261,127.1015205,063-224-7982,한식,일반음식점,"""크라운호프(효자1호점)""를 전라북도 전주시의 가 볼 만한 식당으로 추천합니다! 레드테이블에서 온라인 예약이 가능합니다! 배달 가능한 매장입니다. 다국어 메뉴판이 있는 매장입니다.",운영중,True,True,효자5동,official_coordinates,https://www.data.go.kr/data/15076735/fileData.do; 2022-04-01,2022-04-01
798814,팔공티 전주만성점,전북특별자치도 전주시 덕진구 만성중앙로 56,전북특별자치도 전주시 완산구 서신동 948-18,35.8422185,127.077476,063-212-8088,커피숍,휴게음식점,"전라북도 전주시에서 어디를 갈지 고민이라면! ""팔공티(전주만성점)""에 가보시는 건 어떨까요? 레드테이블에서 온라인 예약이 가능합니다! 반려동물 입장이 가능하고, 남녀 화장실이 구분되어 있는 매장입니다. 배달 가능한 매장입니다. 주차공간, 키오스크가 마련되어 있으며 다국어 메뉴판, 무선 인터넷을 제공하는 매장입니다.",운영중,True,True,여의동,official_coordinates,https://www.data.go.kr/data/15076735/fileData.do; 2022-04-01,2022-04-01
798949,꽃길,전북특별자치도 전주시 완산구 평화3길 3-3,전북특별자치도 전주시 완산구 평화동2가 910-2,35.7826667,127.1330022,063-237-1780,기타,일반음식점,"""꽃길카페""는 전라북도 전주시에 있습니다. 레드테이블에서 온라인 예약이 가능합니다! 남녀 화장실이 구분되어 있으며, 베리어프리 매장입니다. 다국어 메뉴판, 무선 인터넷이 있는 매장입니다.",운영중,True,True,평화2동,official_coordinates,https://www.data.go.kr/data/15076735/fileData.do; 2022-04-01,2022-04-01
799917,정거장,전북특별자치도 전주시 덕진구 백제대로 829,전북특별자치도 전주시 완산구 경원동2가 12-1,35.8490896,127.158882,063-247-1717,한식,일반음식점,"전라북도 전주시에서 어디를 갈지 고민이라면! ""정거장""에 가보시는 건 어떨까요? 레드테이블에서 온라인 예약이 가능합니다! 다국어 메뉴판이 있는 매장입니다.",운영중,True,True,우아1동,official_coordinates,https://www.data.go.kr/data/15076735/fileData.do; 2022-04-01,2022-04-01
800362,아마스빈 버블티 전북도청점,전북특별자치도 전주시 완산구 홍산남로 60,전북특별자치도 전주시 완산구 효자동2가 1155-6,35.8155698,127.1083599,063-221-7111,커피숍,휴게음식점,"""아마스빈(전북도청점)""은 전라북도 전주시에 있습니다. 레드테이블에서 온라인 예약이 가능합니다! 배달 가능한 매장입니다. 다국어 메뉴판이 있는 매장입니다.",운영중,True,True,효자5동,official_coordinates,https://www.data.go.kr/data/15076735/fileData.do; 2022-04-01,2022-04-01
800764,더리터 서신바구멀,전북특별자치도 전주시 완산구 전룡로 126,전북특별자치도 전주시 완산구 서신동 5-32,35.8288479,127.1264307,063-251-7411,커피숍,휴게음식점,"전라북도 전주시에서 가 볼 만한 식당을 찾으신다면? ""더리터(서신바구멀점)""를 추천합니다! 레드테이블에서 온라인 예약이 가능합니다! 남녀 화장실이 구분되어 있는 매장입니다. 배달 가능한 매장입니다. 다국어 메뉴판, 무선 인터넷이 있는 매장입니다.",운영중,True,True,서신동,official_coordinates,https://www.data.go.kr/data/15076735/fileData.do; 2022-04-01,2022-04-01
801480,야심,전북특별자치도 전주시 덕진구 가리내8길 7,전북특별자치도 전주시 덕진구 덕진동2가 674-2,35.8433624,127.1110277,063-252-4208,한식,일반음식점,"전라북도 전주시에서 어디를 갈지 고민이라면! ""야심""에 가보시는 건 어떨까요? 다국어 메뉴판이 있는 매장입니다.",운영중,True,True,덕진동,official_coordinates,https://www.data.go.kr/data/15076735/fileData.do; 2022-04-01,2022-04-01
801839,세이토우동,전북특별자치도 전주시 완산구 마전중앙로 13 1층,전북특별자치도 전주시 완산구 효자동3가 1633-4,35.8234667,127.1033,,분식,일반음식점,"전라북도 전주시에서 식당을 찾으신다면? ""세이토우동""을 방문해보세요! 레드테이블과 네이버에서 온라인 예약이 가능합니다! 남녀 화장실이 구분되어 있는 매장입니다. 배달 가능한 매장입니다. 다국어 메뉴판, 무선 인터넷이 있는 매장입니다.",운영중,True,True,효자5동,official_coordinates,https://www.data.go.kr/data/15076735/fileData.do; 2022-04-01,2022-04-01
802706,탕화쿵푸마라탕 전북대점,전북특별자치도 전주시 덕진구 명륜4길 21-1,전북특별자치도 전주시 덕진구 덕진동1가 1314-168,35.843789,127.1267479,,중국식,일반음식점,"전라북도 전주시에서 가 볼 만한 식당을 찾으신다면? ""탕화쿵푸 마라탕(전북대점)""을 추천합니다! 레드테이블에서 온라인 예약이 가능합니다! 배달 가능한 매장입니다. 다국어 메뉴판이 있는 매장입니다.",운영중,True,True,덕진동,official_coordinates,https://www.data.go.kr/data/15076735/fileData.do; 2022-04-01,2022-04-01
802969,60계치킨전주평화점,전북특별자치도 전주시 완산구 맏내로 28 광신프로그레스 상가 1동 106호,전북특별자치도 전주시 완산구 평화동2가 956,35.7833112,127.1270905,063-236-6066,호프/통닭,일반음식점,"전라북도 전주시에서 가 볼 만한 식당을 찾으신다면? ""60계치킨(전북전주평화점)""을 추천합니다! 레드테이블에서 온라인 예약이 가능합니다! 배달 가능한 매장입니다. 다국어 메뉴판이 있는 매장입니다.",운영중,True,True,평화2동,official_coordinates,https://www.data.go.kr/data/15076735/fileData.do; 2022-04-01,2022-04-01
803378,진수곱창 송천점,전북특별자치도 전주시 덕진구 붓내3길 9-4,전북특별자치도 전주시 덕진구 송천동2가 484-7 현대옥,35.8671034,127.1225355,063-251-2224,한식,일반음식점,"전라북도 전주시에서 맛집을 찾으신다면 ""진수곱창(송천점)""을 추천합니다. 레드테이블에서 온라인 예약이 가능합니다! 배달 가능한 매장입니다. 주차공간, 다국어 메뉴판이 있는 매장입니다.",운영중,True,True,송천1동,official_coordinates,https://www.data.go.kr/data/15076735/fileData.do; 2022-04-01,2022-04-01
803482,램가든,전북특별자치도 전주시 덕진구 사근1길 14,전북특별자치도 전주시 덕진구 송천동2가 175-34,35.8663965,127.1285393,063-272-0272,한식,일반음식점,"""램가든""은 전라북도 전주시에 있습니다. 레드테이블과 네이버에서 온라인 예약이 가능합니다! 배달 가능한 매장입니다. 다국어 메뉴판이 있는 매장입니다.",운영중,True,True,송천1동,official_coordinates,https://www.data.go.kr/data/15076735/fileData.do; 2022-04-01,2022-04-01
804171,피자플래넷만성혁신점,전북특별자치도 전주시 덕진구 만성중앙로 39,전북특별자치도 전주시 덕진구 만성동 1366-9,35.8433413,127.0762708,063-909-1113,경양식,일반음식점,"""피자플래넷(만성혁신점)""을 전라북도 전주시의 가 볼 만한 식당으로 추천합니다! 레드테이블에서 온라인 예약이 가능합니다! 배달 가능한 매장입니다. 다국어 메뉴판이 있는 매장입니다.",운영중,True,True,여의동,official_coordinates,https://www.data.go.kr/data/15076735/fileData.do; 2022-04-01,2022-04-01
718602,커피니평화모악점,전북특별자치도 전주시 완산구 모악로 4665,전북특별자치도 전주시 완산구 평화동2가 325-17,35.7861707,127.1292605,063-221-7854,커피숍,휴게음식점,"전라북도 전주시에서 맛집을 찾으신다면 ""커피니(전주평화모악점)""를 추천합니다. 레드테이블에서 온라인 예약이 가능합니다! 배달 가능한 매장입니다. 다국어 메뉴판이 있는 매장입니다.",운영중,True,True,평화2동,official_coordinates,https://www.data.go.kr/data/15076735/fileData.do; 2022-04-01,2022-04-01
511646,카베하즈,전북특별자치도 전주시 완산구 봉곡3길 32 경하빌 1층 102호,전북특별자치도 전주시 완산구 효자동2가 1253-9,35.811943,127.100367,070-4134-5480,기타 휴게음식점,휴게음식점,"전라북도 전주시에 가신다면 ""카페 하즈""에 방문해보세요~ 레드테이블에서 온라인 예약이 가능합니다! 반려동물 입장이 가능한 매장입니다. 다국어 메뉴판이 있는 매장입니다.",운영중,True,True,효자4동,official_coordinates,https://www.data.go.kr/data/15076735/fileData.do; 2022-04-01,2022-04-01
511705,공차 전북대점,전북특별자치도 전주시 덕진구 권삼득로 311,전북특별자치도 전주시 덕진구 금암동 664-42,35.8436008,127.1278664,063-255-1205,,일반음식점,"전라북도 전주시에서 어디를 갈지 고민이라면! ""공차(전북대점)""에 가보시는 건 어떨까요? 레드테이블에서 온라인 예약이 가능합니다! 남녀 화장실이 구분되어 있는 매장입니다. 배달 가능한 매장입니다. 다국어 메뉴판, 무선 인터넷이 있는 매장입니다.",운영중,True,True,덕진동,official_coordinates,https://www.data.go.kr/data/15076735/fileData.do; 2022-04-01,2022-04-01
511635,카페코펜하겐,전북특별자치도 전주시 완산구 서곡로 64,전북특별자치도 전주시 완산구 효자동3가 1459-1,35.8345286,127.1010059,063-283-8080,커피숍,휴게음식점,"무엇을 먹을지 고민되신다고요? 전라북도 전주시에 계시다면 ""카페 코펜하겐(전주서곡점)""을 추천합니다! 레드테이블에서 온라인 예약이 가능합니다! 남녀 화장실이 구분되어 있는 매장입니다. 주차공간, 다국어 메뉴판, 그리고 무선 인터넷이 있는 매장입니다.",운영중,True,True,효자5동,official_coordinates,https://www.data.go.kr/data/15076735/fileData.do; 2022-04-01,2022-04-01
238801,옴시롱감시롱 김밥나라,전북특별자치도 전주시 덕진구 숲정이2길 3,전북특별자치도 전주시 덕진구 진북동 1152-1,35.8288666,127.1306301,063-273-4944,일반조리판매,휴게음식점,"전라북도 전주시에서 가 볼 만한 식당을 찾으신다면? ""옴시롱감시롱김밥나라""를 추천합니다! 레드테이블에서 온라인 예약이 가능합니다! 배달 가능한 매장입니다. 주차공간, 다국어 메뉴판, 그리고 무선 인터넷이 있는 매장입니다.",운영중,True,True,진북동,official_coordinates,https://www.data.go.kr/data/15076735/fileData.do; 2022-04-01,2022-04-01
865941,땅스부대찌개 삼천점,전북특별자치도 전주시 완산구 거마평로 32,전북특별자치도 전주시 완산구 삼천동1가 644-2,35.795263,127.1170565,063-222-8599,"찌개,전골",,"전라북도 전주시에 가신다면 ""땅스부대찌개 삼천점""에 방문해보세요~",운영중,True,True,삼천2동,official_coordinates,https://www.data.go.kr/data/15076735/fileData.do; 2022-04-01,2022-04-01
865848,필라델피아,전북특별자치도 전주시 덕진구 기린대로 400-2,전북특별자치도 전주시 덕진구 금암동 470-22,35.8378008,127.1325035,063-251-7272,햄버거,,"무엇을 먹을지 고민되신다고요? 전라북도 전주시에 계시다면 ""필라델피아""를 추천합니다!",운영중,True,True,금암1동,official_coordinates,https://www.data.go.kr/data/15076735/fileData.do; 2022-04-01,2022-04-01
258508,한솥 효자전주대점,전북특별자치도 전주시 완산구 백마산길 28,전북특별자치도 전주시 완산구 효자동3가 1173-1,35.8175306,127.0902497,063-221-7771,한식,일반음식점,"""한솥도시락(전주대앞점)""은 전라북도 전주시에 있습니다. 레드테이블에서 온라인 예약이 가능합니다! 배달 가능한 매장입니다. 키오스크, 다국어 메뉴판이 있는 매장입니다.",운영중,True,True,효자4동,official_coordinates,https://www.data.go.kr/data/15076735/fileData.do; 2022-04-01,2022-04-01
258509,바다사냥,전북특별자치도 전주시 완산구 고사평로 16,전북특별자치도 전주시 완산구 서신동 948-17,35.8353997,127.1096662,063-274-2478,회집,일반음식점,"""바다사냥""은 전라북도 전주시에 있습니다. 레드테이블에서 온라인 예약이 가능합니다! 다국어 메뉴판이 있는 매장입니다.",운영중,True,True,서신동,official_coordinates,https://www.data.go.kr/data/15076735/fileData.do; 2022-04-01,2022-04-01
258514,신옛날통닭&한상차림,전북특별자치도 전주시 완산구 성지산3길 22,전북특별자치도 전주시 완산구 효자동1가 547-9,35.8057032,127.121074,063-232-9982,한식,일반음식점,"""신옛날통닭&한상차림""을 전라북도 전주시의 가 볼 만한 식당으로 추천합니다! 다국어 메뉴판이 있는 매장입니다.",운영중,True,True,효자2동,official_coordinates,https://www.data.go.kr/data/15076735/fileData.do; 2022-04-01,2022-04-01
258516,포차끝판왕 전주점,전북특별자치도 전주시 완산구 홍산중앙로 37 2층,전북특별자치도 전주시 완산구 효자동3가 1535-3,35.8169188,127.1087693,063-224-7691,한식,일반음식점,"전라북도 전주시에서 맛집을 찾으신다면 ""포차끝판왕(전주점)""을 추천합니다. 남녀 화장실이 구분되어 있는 매장입니다. 다국어 메뉴판, 무선 인터넷이 있는 매장입니다.",운영중,True,True,효자5동,official_coordinates,https://www.data.go.kr/data/15076735/fileData.do; 2022-04-01,2022-04-01
238794,본죽 호성점,전북특별자치도 전주시 덕진구 소리로 192,전북특별자치도 전주시 덕진구 송천동2가 220-8,35.8578892,127.1530252,063-245-6281,일반조리판매,휴게음식점,"전라북도 전주시에서 맛집을 찾으신다면 ""본죽(호성점)""을 추천합니다. 레드테이블에서 온라인 예약이 가능합니다! 배달 가능한 매장입니다. 다국어 메뉴판이 있는 매장입니다.",운영중,True,True,호성동,official_coordinates,https://www.data.go.kr/data/15076735/fileData.do; 2022-04-01,2022-04-01
258519,복막걸리,전북특별자치도 전주시 완산구 거마산로 12,전북특별자치도 전주시 완산구 삼천동1가 627,35.7970678,127.1226163,063-224-3062,한식,일반음식점,"전라북도 전주시 근처로 갈 일정이 있으시다면, 맛집으로 소문난 ""복막걸리""를 꼭 방문해보세요. 2018년 03월 23일 KBS2 2TV생생정보 535회에 방영되었답니다. 레드테이블에서 온라인 예약이 가능합니다! 다국어 메뉴판이 있는 매장입니다.",운영중,True,True,삼천2동,official_coordinates,https://www.data.go.kr/data/15076735/fileData.do; 2022-04-01,2022-04-01
258524,교촌치킨 중앙점,전북특별자치도 전주시 완산구 전주객사3길 35,전북특별자치도 전주시 완산구 고사동 470-3,35.8187034,127.1420727,063-282-9123,호프/통닭,일반음식점,"전라북도 전주시에서 어디를 갈지 고민이라면! ""교촌치킨(중앙점)""에 가보시는 건 어떨까요? 레드테이블에서 온라인 예약이 가능합니다! 남녀 화장실이 구분되어 있는 매장입니다. 배달 가능한 매장입니다. 다국어 메뉴판, 무선 인터넷이 있는 매장입니다.",운영중,True,True,중앙동,official_coordinates,https://www.data.go.kr/data/15076735/fileData.do; 2022-04-01,2022-04-01
258529,소바가,전북특별자치도 전주시 완산구 신촌3길 28-14,전북특별자치도 전주시 완산구 중화산동2가 497-27,35.8183425,127.11496,063-236-2225,기타,일반음식점,"전라북도 전주시에서 맛집을 찾으신다면 ""소바가(전주본점)""를 추천합니다. 레드테이블에서 온라인 예약이 가능합니다! 다국어 메뉴판이 있는 매장입니다.",운영중,True,True,중화산2동,official_coordinates,https://www.data.go.kr/data/15076735/fileData.do; 2022-04-01,2022-04-01
258531,예술이야,전북특별자치도 전주시 완산구 효자천변1길 30-12,전북특별자치도 전주시 완산구 효자동1가  663-6,35.7995786,127.1142697,063-227-9985,호프/통닭,일반음식점,"전라북도 전주시에서 맛집을 찾으신다면 ""예술이야""를 추천합니다. 레드테이블에서 온라인 예약이 가능합니다! 다국어 메뉴판이 있는 매장입니다.",운영중,True,True,효자3동,official_coordinates,https://www.data.go.kr/data/15076735/fileData.do; 2022-04-01,2022-04-01
258532,커피니 서신점,전북특별자치도 전주시 완산구 서신로 41,전북특별자치도 전주시 완산구 서신동 831 세방빌딩,35.829098,127.1156014,063-277-1325,한식,일반음식점,"전라북도 전주시에 가신다면 ""커피니(전주서신점)""에 방문해보세요~ 레드테이블에서 온라인 예약이 가능합니다! 배달 가능한 매장입니다. 다국어 메뉴판이 있는 매장입니다.",운영중,True,True,서신동,official_coordinates,https://www.data.go.kr/data/15076735/fileData.do; 2022-04-01,2022-04-01
258573,조선옥 효자점,전북특별자치도 전주시 완산구 용머리로 73 효자프라자,전북특별자치도 전주시 완산구 효자동1가 289-3,35.8070833,127.118175,063-904-6350,한식,일반음식점,"무엇을 먹을지 고민되신다고요? 전라북도 전주시에 계시다면 ""조선옥(효자점)""을 추천합니다! 레드테이블에서 온라인 예약이 가능합니다! 다국어 메뉴판이 있는 매장입니다.",운영중,True,True,효자2동,official_coordinates,https://www.data.go.kr/data/15076735/fileData.do; 2022-04-01,2022-04-01
258576,병달이,전북특별자치도 전주시 완산구 중화산로 96,전북특별자치도 전주시 완산구 중화산동2가 592-15,35.8187202,127.1183833,063-236-2000,정종/대포집/소주방,일반음식점,"""병달이""를 전라북도 전주시의 가 볼 만한 식당으로 추천합니다! 레드테이블에서 온라인 예약이 가능합니다! 배달 가능한 매장입니다. 다국어 메뉴판이 있는 매장입니다.",운영중,True,True,중화산2동,official_coordinates,https://www.data.go.kr/data/15076735/fileData.do; 2022-04-01,2022-04-01
258577,전주본가,전북특별자치도 전주시 완산구 서신로 16,전북특별자치도 전주시 완산구 서신동 837-2,35.8267086,127.1160817,063-254-5645,기타,일반음식점,"""전주본가""는 전라북도 전주시에 있습니다. 레드테이블에서 온라인 예약이 가능합니다! 남녀 화장실이 구분되어 있는 매장입니다. 주차공간, 다국어 메뉴판이 있는 매장입니다.",운영중,True,True,서신동,official_coordinates,https://www.data.go.kr/data/15076735/fileData.do; 2022-04-01,2022-04-01
258522,서신다가포갈매기,전북특별자치도 전주시 완산구 새터로 41,전북특별자치도 전주시 완산구 서신동 935-3,35.8357751,127.1111868,063-254-0092,기타,일반음식점,"전라북도 전주시에서 식당을 찾으신다면? ""서신다가포갈매기""를 방문해보세요! 레드테이블에서 온라인 예약이 가능합니다! 남녀 화장실이 구분되어 있는 매장입니다. 주차공간, 다국어 메뉴판이 있는 매장입니다.",운영중,True,True,서신동,official_coordinates,https://www.data.go.kr/data/15076735/fileData.do; 2022-04-01,2022-04-01
258578,낙지마당 평화동,전북특별자치도 전주시 완산구 맏내2길 5-6,전북특별자치도 전주시 완산구 평화동2가 851-3 낙지마당평화점 낙지마당평화점 ,35.7912863,127.1308097,063-228-5599,한식,일반음식점,"전라북도 전주시에 가신다면 ""낙지마당(평화점)""에 방문해보세요~ 레드테이블에서 온라인 예약이 가능합니다! 남녀 화장실이 구분되어 있는 매장입니다. 주차공간, 다국어 메뉴판, 그리고 무선 인터넷이 있는 매장입니다.",운영중,True,True,평화2동,official_coordinates,https://www.data.go.kr/data/15076735/fileData.do; 2022-04-01,2022-04-01
238792,본죽 전주송천(송천우체국)점,전북특별자치도 전주시 덕진구 송천중앙로 160,전북특별자치도 전주시 덕진구 송천동1가 113-12,35.8610268,127.1216631,063-273-9393,일반조리판매,휴게음식점,"""본죽(송천점)""을 전라북도 전주시의 가 볼 만한 식당으로 추천합니다! 레드테이블에서 온라인 예약이 가능합니다! 배달 가능한 매장입니다. 다국어 메뉴판이 있는 매장입니다.",운영중,True,True,송천1동,official_coordinates,https://www.data.go.kr/data/15076735/fileData.do; 2022-04-01,2022-04-01
238773,우에우에테낭고,전북특별자치도 전주시 덕진구 백제대로 805,전북특별자치도 전주시 완산구 평화동2가 325-5,35.8482555,127.1563398,063-246-0173,기타,일반음식점,"전라북도 전주시에 가신다면 ""우에우에테낭고""에 방문해보세요~ 레드테이블에서 온라인 예약이 가능합니다! 다국어 메뉴판이 있는 매장입니다.",운영중,True,True,우아1동,official_coordinates,https://www.data.go.kr/data/15076735/fileData.do; 2022-04-01,2022-04-01
238617,진수성찬 깐쇼새우,전북특별자치도 전주시 완산구 신촌4길 20,전북특별자치도 전주시 완산구 중화산동2가 773-3,35.8179035,127.1160165,063-236-8854,기타,일반음식점,"어디 가야 할지 고민이시라고요? 그럼 전라북도 전주시 맛집, ""진수성찬깐쇼새우(전주점)""를 추천합니다! 레드테이블에서 온라인 예약이 가능합니다! 다국어 메뉴판이 있는 매장입니다.",운영중,True,True,중화산2동,official_coordinates,https://www.data.go.kr/data/15076735/fileData.do; 2022-04-01,2022-04-01
238621,돼지한마리,전북특별자치도 전주시 완산구 현무1길 38-18,전북특별자치도 전주시 완산구 경원동3가 245,35.8223323,127.1480161,063-231-0881,중국식,일반음식점,"전라북도 전주시에서 어디를 갈지 고민이라면! ""돼지 한마리""에 가보시는 건 어떨까요? 레드테이블에서 온라인 예약이 가능합니다! 다국어 메뉴판이 있는 매장입니다.",운영중,True,True,풍남동,official_coordinates,https://www.data.go.kr/data/15076735/fileData.do; 2022-04-01,2022-04-01
238623,가본집화산점,전북특별자치도 전주시 완산구 화산천변1길 12,전북특별자치도 전주시 완산구 중화산동2가 762-6,35.819519,127.1151005,063-237-1257,분식,일반음식점,"어디 가야 할지 고민이시라고요? 그럼 전라북도 전주시 맛집, ""가본 집(화산점)""을 추천합니다! 지방자치단체 인증을 받은 농림축산식품부 제공 안심식당입니다. 레드테이블에서 온라인 예약이 가능합니다! 배달 가능한 매장입니다. 다국어 메뉴판이 있는 매장입니다.",운영중,True,True,중화산2동,official_coordinates,https://www.data.go.kr/data/15076735/fileData.do; 2022-04-01,2022-04-01
238626,마릴린먼로,전북특별자치도 전주시 완산구 중산중앙로 33,전북특별자치도 전주시 완산구 중화산동2가 615-7,35.8166738,127.1216888,063-236-1655,한식,일반음식점,"무엇을 먹을지 고민되신다고요? 전라북도 전주시에 계시다면 ""마릴린먼로(2호점)""를 추천합니다! 레드테이블에서 온라인 예약이 가능합니다! 다국어 메뉴판이 있는 매장입니다.",운영중,True,True,중화산2동,official_coordinates,https://www.data.go.kr/data/15076735/fileData.do; 2022-04-01,2022-04-01
238637,선거리 회관,전북특별자치도 전주시 완산구 태평5길 30,전북특별자치도 전주시 완산구 서노송동 639-6,35.8240575,127.1438804,063-275-0050,한식,일반음식점,"전라북도 전주시에서 어디를 갈지 고민이라면! ""선거리회관""에 가보시는 건 어떨까요? 레드테이블에서 온라인 예약이 가능합니다! 다국어 메뉴판이 있는 매장입니다.",운영중,True,True,노송동,official_coordinates,https://www.data.go.kr/data/15076735/fileData.do; 2022-04-01,2022-04-01
238640,양기복집,전북특별자치도 전주시 완산구 고사평1길 8-12,전북특별자치도 전주시 완산구 서신동 946-16,35.8356197,127.108882,063-278-0676,복어취급,일반음식점,"""양기복집""을 전라북도 전주시의 가 볼 만한 식당으로 추천합니다! 레드테이블에서 온라인 예약이 가능합니다! 다국어 메뉴판이 있는 매장입니다.",운영중,True,True,서신동,official_coordinates,https://www.data.go.kr/data/15076735/fileData.do; 2022-04-01,2022-04-01
238642,오가네파김치짜글이꼼장어닭발,전북특별자치도 전주시 완산구 용리로 15,전북특별자치도 전주시 완산구 삼천동1가 725-1,35.7988614,127.1117806,063-221-0501,일식,일반음식점,"어디 가야 할지 고민이시라고요? 그럼 전라북도 전주시 맛집, ""오가네!파꼼닭(본점)""을 추천합니다! 레드테이블에서 온라인 예약이 가능합니다! 반려동물 입장이 가능한 매장입니다. 배달 가능한 매장입니다. 다국어 메뉴판, 무선 인터넷이 있는 매장입니다.",운영중,True,True,삼천3동,official_coordinates,https://www.data.go.kr/data/15076735/fileData.do; 2022-04-01,2022-04-01
238784,황산벌연탄구이,전북특별자치도 전주시 덕진구 솔내로 164,전북특별자치도 전주시 덕진구 송천동2가 202-26,35.8646696,127.1272554,,한식,일반음식점,"""황산벌 연탄구이""를 전라북도 전주시의 가 볼 만한 식당으로 추천합니다! 다국어 메뉴판이 있는 매장입니다.",운영중,True,True,송천1동,official_coordinates,https://www.data.go.kr/data/15076735/fileData.do; 2022-04-01,2022-04-01
238646,전주콩나루콩나물국밥서곡점,전북특별자치도 전주시 완산구 서곡1길 23-10,전북특별자치도 전주시 완산구 효자동3가 1447-5,35.8351717,127.0982507,063-273-9101,한식,일반음식점,"전라북도 전주시에서 가 볼 만한 식당을 찾으신다면? ""콩나루콩나물국밥(서곡점)""을 추천합니다! 레드테이블에서 온라인 예약이 가능합니다! 다국어 메뉴판이 있는 매장입니다.",운영중,True,True,효자5동,official_coordinates,https://www.data.go.kr/data/15076735/fileData.do; 2022-04-01,2022-04-01
238673,다사랑치킨 서곡점,전북특별자치도 전주시 완산구 서곡1길 1-9,전북특별자치도 전주시 완산구 효자동3가 1458-5,35.8341168,127.1003055,063-274-4000,호프/통닭,일반음식점,"전라북도 전주시에 가신다면 ""다사랑치킨(서곡점)""에 방문해보세요~ 레드테이블에서 온라인 예약이 가능합니다! 배달 가능한 매장입니다. 다국어 메뉴판이 있는 매장입니다.",운영중,True,True,효자5동,official_coordinates,https://www.data.go.kr/data/15076735/fileData.do; 2022-04-01,2022-04-01
238680,백년옥 본점,전북특별자치도 전주시 완산구 전라감영5길 6-2,전북특별자치도 전주시 완산구 경원동1가 104-28,35.816217,127.1467197,063-282-7090,한식,일반음식점,"""백년옥(본점)""을 전라북도 전주시의 가 볼 만한 식당으로 추천합니다! 레드테이블에서 온라인 예약이 가능합니다! 다국어 메뉴판이 있는 매장입니다.",운영중,True,True,풍남동,official_coordinates,https://www.data.go.kr/data/15076735/fileData.do; 2022-04-01,2022-04-01
238685,길거리야,전북특별자치도 전주시 완산구 백마산길 28,전북특별자치도 전주시 완산구 효자동3가 1173-1,35.8173826,127.0901389,063-229-3735,,휴게음식점,"무엇을 먹을지 고민되신다고요? 전라북도 전주시에 계시다면 ""길거리야""를 추천합니다! 다국어 메뉴판이 있는 매장입니다.",운영중,True,True,효자4동,official_coordinates,https://www.data.go.kr/data/15076735/fileData.do; 2022-04-01,2022-04-01
238723,송천식당,전북특별자치도 전주시 덕진구 용소로 113-7,전북특별자치도 전주시 덕진구 송천동1가 543-17,35.8642423,127.1205665,063-255-5353,한식,일반음식점,"전라북도 전주시에 가신다면 ""송천식당""에 방문해보세요~ 레드테이블에서 온라인 예약이 가능합니다! 다국어 메뉴판이 있는 매장입니다.",운영중,True,True,송천2동,official_coordinates,https://www.data.go.kr/data/15076735/fileData.do; 2022-04-01,2022-04-01
238744,김밥나라송천주공점,전북특별자치도 전주시 덕진구 붓내3길 40,전북특별자치도 전주시 덕진구 송천동2가 226-4,35.8665263,127.125753,063-252-9988,분식,일반음식점,"무엇을 먹을지 고민되신다고요? 전라북도 전주시에 계시다면 ""김밥나라""를 추천합니다! 레드테이블에서 온라인 예약이 가능합니다! 배달 가능한 매장입니다. 다국어 메뉴판이 있는 매장입니다.",운영중,True,True,송천1동,official_coordinates,https://www.data.go.kr/data/15076735/fileData.do; 2022-04-01,2022-04-01
238745,쭈꾸미신화,전북특별자치도 전주시 덕진구 동가재미2길 16,전북특별자치도 전주시 덕진구 인후동1가 839-8,35.8332345,127.1621236,063-245-1720,한식,일반음식점,"전라북도 전주시에서 가 볼 만한 식당을 찾으신다면? ""쭈꾸미신화(아중점)""를 추천합니다! 위생 수준이 우수하고 친절한 서비스로 지방자치단체의 선정을 받은 모범음식점입니다. 지방자치단체 인증을 받은 농림축산식품부 제공 안심식당입니다. 레드테이블에서 온라인 예약이 가능합니다! 남녀 화장실이 구분되어 있는 매장입니다. 배달 가능한 매장입니다. 다국어 메뉴판, 무선 인터넷이 있는 매장입니다.",운영중,True,True,인후3동,official_coordinates,https://www.data.go.kr/data/15076735/fileData.do; 2022-04-01,2022-04-01
238758,바우네나주곰탕 전주본점,전북특별자치도 전주시 덕진구 덕진광장로 2,전북특별자치도 전주시 덕진구 덕진동1가 1276-4,35.8436953,127.1244134,063-277-9885,한식,일반음식점,"""바우네나주곰탕(전주 본점)""은 전라북도 전주시에 있습니다. 배달 가능한 매장입니다. 다국어 메뉴판이 있는 매장입니다.",운영중,True,True,덕진동,official_coordinates,https://www.data.go.kr/data/15076735/fileData.do; 2022-04-01,2022-04-01
238666,촌댁본맥주,전북특별자치도 전주시 완산구 고사평5길 9,전북특별자치도 전주시 완산구 서신동 933-3,35.8366845,127.1088722,,한식,일반음식점,"전라북도 전주시에서 식당을 찾으신다면? ""촌댁 본맥주(서신점)""를 방문해보세요! 레드테이블에서 온라인 예약이 가능합니다! 배달 가능한 매장입니다. 다국어 메뉴판이 있는 매장입니다.",운영중,True,True,서신동,official_coordinates,https://www.data.go.kr/data/15076735/fileData.do; 2022-04-01,2022-04-01
238616,맘스터치 전주객사점,전북특별자치도 전주시 완산구 팔달로 187-1 2층,전북특별자치도 전주시 완산구 경원동1가 56-1 2층,35.8191414,127.1464429,063-288-0085,경양식,일반음식점,"""맘스터치(전주객사점)""를 전라북도 전주시의 가 볼 만한 식당으로 추천합니다! 레드테이블에서 온라인 예약이 가능합니다! 배달 가능한 매장입니다. 다국어 메뉴판이 있는 매장입니다.",운영중,True,True,중앙동,official_coordinates,https://www.data.go.kr/data/15076735/fileData.do; 2022-04-01,2022-04-01
258591,커피니 전주서곡점,전북특별자치도 전주시 완산구 서곡1길 13-7,전북특별자치도 전주시 완산구 효자동3가 1453-6,35.8347235,127.0994501,063-903-5325,정종/대포집/소주방,일반음식점,"전라북도 전주시에서 어디를 갈지 고민이라면! ""COFFEENIE(전주서곡점)""에 가보시는 건 어떨까요? 레드테이블에서 온라인 예약이 가능합니다! 남녀 화장실이 구분되어 있는 매장입니다. 다국어 메뉴판, 무선 인터넷이 있는 매장입니다.",운영중,True,True,효자5동,official_coordinates,https://www.data.go.kr/data/15076735/fileData.do; 2022-04-01,2022-04-01
258597,서곡세꼬시장어마을,전북특별자치도 전주시 완산구 서곡5길 13-7,전북특별자치도 전주시 완산구 효자동3가 1414-10,35.8368967,127.1011376,063-278-4051,기타,일반음식점,"""서곡세꼬시장어마을""을 전라북도 전주시의 가 볼 만한 식당으로 추천합니다! 레드테이블에서 온라인 예약이 가능합니다! 다국어 메뉴판이 있는 매장입니다.",운영중,True,True,효자5동,official_coordinates,https://www.data.go.kr/data/15076735/fileData.do; 2022-04-01,2022-04-01
258721,삼초삽삼겹살아중점,전북특별자치도 전주시 덕진구 아중로 126,전북특별자치도 전주시 덕진구 인후동1가 926-7,35.8249907,127.1637823,063-243-5639,한식,일반음식점,"어디 가야 할지 고민이시라고요? 그럼 전라북도 전주시 맛집, ""삼초삽삼겹살(아중점)""을 추천합니다! 위생 수준이 우수하고 친절한 서비스로 지방자치단체의 선정을 받은 모범음식점입니다. 지방자치단체 인증을 받은 농림축산식품부 제공 안심식당입니다. 레드테이블에서 온라인 예약이 가능합니다! 배달 가능한 매장입니다. 다국어 메뉴판이 있는 매장입니다.",운영중,True,True,인후3동,official_coordinates,https://www.data.go.kr/data/15076735/fileData.do; 2022-04-01,2022-04-01
258744,무안낙지,전북특별자치도 전주시 덕진구 동부대로 811 ,전북특별자치도 전주시 덕진구 송천동2가 175-34,35.8596688,127.1536414,063-247-3661,한식,일반음식점,"전라북도 전주시에 가신다면 ""무안낙지""에 방문해보세요~ 위생 수준이 우수하고 친절한 서비스로 지방자치단체의 선정을 받은 모범음식점입니다. 지방자치단체 인증을 받은 농림축산식품부 제공 안심식당입니다. 레드테이블에서 온라인 예약이 가능합니다! 배달 가능한 매장입니다. 다국어 메뉴판이 있는 매장입니다.",운영중,True,True,호성동,official_coordinates,https://www.data.go.kr/data/15076735/fileData.do; 2022-04-01,2022-04-01
258750,새빨간뉴죤스찜닭,전북특별자치도 전주시 덕진구 명륜4길 20 2층,전북특별자치도 전주시 덕진구 덕진동1가 1314-170,35.8434937,127.1271989,063-272-5006,한식,일반음식점,"""새빨간뉴죤스찜닭""은 전라북도 전주시에 있습니다. 레드테이블에서 온라인 예약이 가능합니다! 남녀 화장실이 구분되어 있는 매장입니다. 배달 가능한 매장입니다. 다국어 메뉴판, 무선 인터넷이 있는 매장입니다.",운영중,True,True,덕진동,official_coordinates,https://www.data.go.kr/data/15076735/fileData.do; 2022-04-01,2022-04-01
258759,장어명가청산 송천점,전북특별자치도 전주시 덕진구 용소로 69,전북특별자치도 전주시 덕진구 송천동1가 828-6,35.8636485,127.1157059,063-276-9592,한식,일반음식점,"""장어명가청산(송천점)""은 전라북도 전주시에 있습니다. 레드테이블에서 온라인 예약이 가능합니다! 주차공간, 다국어 메뉴판이 있는 매장입니다.",운영중,True,True,송천2동,official_coordinates,https://www.data.go.kr/data/15076735/fileData.do; 2022-04-01,2022-04-01
258761,첫마중부잣집,전북특별자치도 전주시 덕진구 도당산로 70,전북특별자치도 전주시 완산구 평화동2가 867-2,35.8478511,127.1575482,063-244-5656,한식,일반음식점,"전라북도 전주시에서 식당을 찾으신다면? ""부잣집""을 방문해보세요! 지방자치단체 인증을 받은 농림축산식품부 제공 안심식당입니다. 레드테이블에서 온라인 예약이 가능합니다! 배달 가능한 매장입니다. 다국어 메뉴판이 있는 매장입니다.",운영중,True,True,우아1동,official_coordinates,https://www.data.go.kr/data/15076735/fileData.do; 2022-04-01,2022-04-01
258764,조개꽃천지 송천점,전북특별자치도 전주시 덕진구 두간로 57,전북특별자치도 전주시 덕진구 송천동1가 810-3,35.8650974,127.1207162,063-272-8592,정종/대포집/소주방,일반음식점,"전라북도 전주시에서 맛집을 찾으신다면 ""조개꽃천지(송천점)""를 추천합니다. 레드테이블에서 온라인 예약이 가능합니다! 다국어 메뉴판이 있는 매장입니다.",운영중,True,True,송천2동,official_coordinates,https://www.data.go.kr/data/15076735/fileData.do; 2022-04-01,2022-04-01
258795,뚜레쥬르동산점,전북특별자치도 전주시 덕진구 쪽구름로 59-1,전북특별자치도 전주시 덕진구 여의동 580-1,35.8707562,127.0764896,063-212-2562,제과점영업,제과점영업,"무엇을 먹을지 고민되신다고요? 전라북도 전주시에 계시다면 ""뚜레쥬르(전주동산점)""를 추천합니다! 레드테이블에서 온라인 예약이 가능합니다! 배달 가능한 매장입니다. 다국어 메뉴판이 있는 매장입니다.",운영중,True,True,여의동,official_coordinates,https://www.data.go.kr/data/15076735/fileData.do; 2022-04-01,2022-04-01
258720,중국성,전북특별자치도 전주시 덕진구 송천중앙로 199,전북특별자치도 전주시 덕진구 송천동1가 812-4,35.8646771,127.1211945,063-255-7738,중국식,일반음식점,"""중국성(송천점)""은 전라북도 전주시에 있습니다. 지방자치단체 인증을 받은 농림축산식품부 제공 안심식당입니다. 레드테이블에서 온라인 예약이 가능합니다! 다국어 메뉴판이 있는 매장입니다.",운영중,True,True,송천2동,official_coordinates,https://www.data.go.kr/data/15076735/fileData.do; 2022-04-01,2022-04-01
258796,파리바게뜨 전주용소점,전북특별자치도 전주시 덕진구 시천로 44,전북특별자치도 전주시 덕진구 송천동1가 834-2,35.8632188,127.1148099,063-272-8245,제과점영업,제과점영업,"""파리바게뜨(전주용소점)""를 전라북도 전주시의 가 볼 만한 식당으로 추천합니다! 레드테이블에서 온라인 예약이 가능합니다! 배달 가능한 매장입니다. 다국어 메뉴판이 있는 매장입니다.",운영중,True,True,송천2동,official_coordinates,https://www.data.go.kr/data/15076735/fileData.do; 2022-04-01,2022-04-01
263368,롯데리아 전주효자CGV점,전북특별자치도 전주시 완산구 용머리로 45 1층,전북특별자치도 전주시 완산구 효자동1가 434,35.8068572,127.1160631,063-228-0222,햄버거,,"""롯데리아 전주효자CGV점""은 전라북도 전주시에 있습니다.",운영중,True,True,효자3동,official_coordinates,https://www.data.go.kr/data/15076735/fileData.do; 2022-04-01,2022-04-01
263878,쥬스식스플러스,전북특별자치도 전주시 완산구 향교길 111,전북특별자치도 전주시 완산구 교동 37-4,35.8120781,127.1556897,,과일주스,,"전라북도 전주시에서 어디를 갈지 고민이라면! ""쥬스식스플러스""에 가보시는 건 어떨까요?",운영중,True,True,풍남동,official_coordinates,https://www.data.go.kr/data/15076735/fileData.do; 2022-04-01,2022-04-01
268281,샘물맥주,전북특별자치도 전주시 덕진구 붓내3길 3,전북특별자치도 전주시 덕진구 송천동2가 484-2,35.8667194,127.1230674,063-251-6188,한식,,"전라북도 전주시에서 어디를 갈지 고민이라면! ""샘물맥주""에 가보시는 건 어떨까요?",운영중,True,True,송천1동,official_coordinates,https://www.data.go.kr/data/15076735/fileData.do; 2022-04-01,2022-04-01
271023,교동석쇠불고기,전북특별자치도 전주시 완산구 은행로 70,전북특별자치도 전주시 완산구 교동 80-5,35.813775,127.152542,063-285-7989,육류,,"""교동석쇠불고기""를 전라북도 전주시의 가 볼 만한 식당으로 추천합니다!",운영중,True,True,풍남동,official_coordinates,https://www.data.go.kr/data/15076735/fileData.do; 2022-04-01,2022-04-01
865836,얌얌주전부리,전북특별자치도 전주시 덕진구 가리내로 42-35,전북특별자치도 전주시 덕진구 금암동 700-7,35.8347187,127.1313032,063-224-7480,분식,,"무엇을 먹을지 고민되신다고요? 전라북도 전주시에 계시다면 ""얌얌주전부리""를 추천합니다!",운영중,True,True,금암1동,official_coordinates,https://www.data.go.kr/data/15076735/fileData.do; 2022-04-01,2022-04-01
279553,돼지우리,전북특별자치도 전주시 완산구 맏내3길 6-9,전북특별자치도 전주시 완산구 평화동1가 705-4,35.7934731,127.1313924,063-236-9295,정종/대포집/소주방,일반음식점,"""돼지우리""를 전라북도 전주시의 가 볼 만한 식당으로 추천합니다! 레드테이블에서 온라인 예약이 가능합니다! 다국어 메뉴판이 있는 매장입니다.",운영중,True,True,평화2동,official_coordinates,https://www.data.go.kr/data/15076735/fileData.do; 2022-04-01,2022-04-01
279556,장수 보양촌,전북특별자치도 전주시 완산구 맏내4길 10,전북특별자치도 전주시 완산구 평화동1가 649-9,35.7939007,127.1310651,063-228-2008,한식,일반음식점,"""장수보양촌""은 전라북도 전주시에 있습니다. 레드테이블에서 온라인 예약이 가능합니다! 다국어 메뉴판이 있는 매장입니다.",운영중,True,True,평화2동,official_coordinates,https://www.data.go.kr/data/15076735/fileData.do; 2022-04-01,2022-04-01
258797,파리바게뜨 여의점,전북특별자치도 전주시 덕진구 쪽구름로 61,전북특별자치도 전주시 덕진구 여의동 581-3,35.8708299,127.0764546,063-213-8200,제과점영업,제과점영업,"어디 가야 할지 고민이시라고요? 그럼 전라북도 전주시 맛집, ""파리바게뜨(여의점)""를 추천합니다! 레드테이블에서 온라인 예약이 가능합니다! 배달 가능한 매장입니다. 다국어 메뉴판이 있는 매장입니다.",운영중,True,True,여의동,official_coordinates,https://www.data.go.kr/data/15076735/fileData.do; 2022-04-01,2022-04-01
258594,뉴행복한밥상,전북특별자치도 전주시 완산구 문화광장로 27,전북특별자치도 전주시 완산구 서신동 816-7,35.8231495,127.1465229,063-231-1419,한식,일반음식점,"전라북도 전주시에서 어디를 갈지 고민이라면! ""뉴행복한밥상""에 가보시는 건 어떨까요? 레드테이블에서 온라인 예약이 가능합니다! 다국어 메뉴판이 있는 매장입니다.",운영중,True,True,노송동,official_coordinates,https://www.data.go.kr/data/15076735/fileData.do; 2022-04-01,2022-04-01
258719,장가계,전북특별자치도 전주시 덕진구 반월2길 3,전북특별자치도 전주시 덕진구 만성동 1373-5,35.8741739,127.073164,063-212-8998,한식,일반음식점,"전라북도 전주시에 가신다면 ""장가게""에 방문해보세요~ 레드테이블에서 온라인 예약이 가능합니다! 배달 가능한 매장입니다. 다국어 메뉴판이 있는 매장입니다.",운영중,True,True,조촌동,official_coordinates,https://www.data.go.kr/data/15076735/fileData.do; 2022-04-01,2022-04-01
258716,샘골돌솥추어탕,전북특별자치도 전주시 덕진구 사근1길 10,전북특별자치도 전주시 덕진구 송천동2가 175-52,35.8593608,127.1530573,063-247-3199,한식,일반음식점,"""샘골돌솥추어탕(본점)""은 전라북도 전주시에 있습니다. 레드테이블에서 온라인 예약이 가능합니다! 남녀 화장실이 구분되어 있는 매장입니다. 주차공간, 다국어 메뉴판, 그리고 무선 인터넷이 있는 매장입니다.",운영중,True,True,호성동,official_coordinates,https://www.data.go.kr/data/15076735/fileData.do; 2022-04-01,2022-04-01
258603,남원골추어탕효자점,전북특별자치도 전주시 완산구 밤나무1길 15-15,전북특별자치도 전주시 완산구 효자동1가 383-2,35.8084617,127.1166326,063-242-3131,중국식,일반음식점,"어디 가야 할지 고민이시라고요? 그럼 전라북도 전주시 맛집, ""남원골추어탕(효자점)""을 추천합니다! 레드테이블에서 온라인 예약이 가능합니다! 배달 가능한 매장입니다. 다국어 메뉴판이 있는 매장입니다.",운영중,True,True,효자2동,official_coordinates,https://www.data.go.kr/data/15076735/fileData.do; 2022-04-01,2022-04-01
258606,스위밍커피&브런치,전북특별자치도 전주시 완산구 서원로 203,전북특별자치도 전주시 완산구 효자동1가 356,35.8130692,127.1169593,063-224-1574,한식,일반음식점,"무엇을 먹을지 고민되신다고요? 전라북도 전주시에 계시다면 ""스위밍커피&브런치""를 추천합니다! 남녀 화장실이 구분되어 있는 매장입니다. 주차공간, 다국어 메뉴판, 그리고 무선 인터넷이 있는 매장입니다.",운영중,True,True,효자2동,official_coordinates,https://www.data.go.kr/data/15076735/fileData.do; 2022-04-01,2022-04-01
258607,산촌회관,전북특별자치도 전주시 완산구 서곡4길 42-1,전북특별자치도 전주시 완산구 효자동3가 1467-6,35.8329291,127.1027015,063-251-0933,한식,일반음식점,"전라북도 전주시에서 맛집을 찾으신다면 ""산촌회관""을 추천합니다. 레드테이블에서 온라인 예약이 가능합니다! 다국어 메뉴판이 있는 매장입니다.",운영중,True,True,효자5동,official_coordinates,https://www.data.go.kr/data/15076735/fileData.do; 2022-04-01,2022-04-01
258609,펭귄네구이구이,전북특별자치도 전주시 완산구 서원로 291,전북특별자치도 전주시 완산구 중화산동2가 115,35.8120236,127.1263625,063-222-7979,한식,일반음식점,"어디 가야 할지 고민이시라고요? 그럼 전라북도 전주시 맛집, ""펭귄네구이구이""를 추천합니다! 레드테이블에서 온라인 예약이 가능합니다! 다국어 메뉴판이 있는 매장입니다.",운영중,True,True,중화산1동,official_coordinates,https://www.data.go.kr/data/15076735/fileData.do; 2022-04-01,2022-04-01
258610,쭈불로드 객사점,전북특별자치도 전주시 완산구 전주객사5길 43-3,전북특별자치도 전주시 완산구 고사동 199,35.8199309,127.1448274,063-282-5690,호프/통닭,일반음식점,"전라북도 전주시에 가신다면 ""쭈불로드(객사점)""에 방문해보세요~ 레드테이블에서 온라인 예약이 가능합니다! 배달 가능한 매장입니다. 다국어 메뉴판이 있는 매장입니다.",운영중,True,True,중앙동,official_coordinates,https://www.data.go.kr/data/15076735/fileData.do; 2022-04-01,2022-04-01
258616,하쿠나마타타,전북특별자치도 전주시 완산구 전주객사3길 37-5,전북특별자치도 전주시 완산구 고사동 473-1,35.8190527,127.1416929,063-285-1895,경양식,일반음식점,"전라북도 전주시에서 가 볼 만한 식당을 찾으신다면? ""카페하쿠나마타타""를 추천합니다! 레드테이블에서 온라인 예약이 가능합니다! 반려동물 입장이 가능한 매장입니다. 다국어 메뉴판이 있는 매장입니다.",운영중,True,True,중앙동,official_coordinates,https://www.data.go.kr/data/15076735/fileData.do; 2022-04-01,2022-04-01
258622,조선화로집,전북특별자치도 전주시 완산구 온고을로 30-30,전북특별자치도 전주시 완산구 서신동 967-5,35.8346118,127.1198289,063-288-0092,한식,일반음식점,"""조선화로집(서신롯데점)""을 전라북도 전주시의 가 볼 만한 식당으로 추천합니다! 레드테이블에서 온라인 예약이 가능합니다! 배달 가능한 매장입니다. 다국어 메뉴판이 있는 매장입니다.",운영중,True,True,서신동,official_coordinates,https://www.data.go.kr/data/15076735/fileData.do; 2022-04-01,2022-04-01
258717,본죽아중점,전북특별자치도 전주시 덕진구 무삼지로 80,전북특별자치도 전주시 덕진구 인후동1가 851-6 이태관내과,35.8326322,127.1631761,063-247-0019,기타,일반음식점,"무엇을 먹을지 고민되신다고요? 전라북도 전주시에 계시다면 ""본죽(아중점)""을 추천합니다! 레드테이블에서 온라인 예약이 가능합니다! 배달 가능한 매장입니다. 다국어 메뉴판이 있는 매장입니다.",운영중,True,True,인후3동,official_coordinates,https://www.data.go.kr/data/15076735/fileData.do; 2022-04-01,2022-04-01
258632,감탄떡볶이 삼천점,전북특별자치도 전주시 완산구 거마평로 11,전북특별자치도 전주시 완산구 삼천동1가 767-2 삼천주공4단지,35.7935199,127.1166312,063-228-0153,기타 휴게음식점,휴게음식점,"어디 가야 할지 고민이시라고요? 그럼 전라북도 전주시 맛집, ""감탄떡볶이(삼천점)""를 추천합니다! 레드테이블에서 온라인 예약이 가능합니다! 배달 가능한 매장입니다. 다국어 메뉴판이 있는 매장입니다.",운영중,True,True,삼천3동,official_coordinates,https://www.data.go.kr/data/15076735/fileData.do; 2022-04-01,2022-04-01
258680,오복식당,전북특별자치도 전주시 덕진구 솔내7길 10-2,전북특별자치도 전주시 덕진구 송천동1가  478-14,35.859727,127.1220013,,분식,일반음식점,"무엇을 먹을지 고민되신다고요? 전라북도 전주시에 계시다면 ""오복식당""을 추천합니다! 레드테이블에서 온라인 예약이 가능합니다! 다국어 메뉴판이 있는 매장입니다.",운영중,True,True,송천1동,official_coordinates,https://www.data.go.kr/data/15076735/fileData.do; 2022-04-01,2022-04-01
258684,금암면옥,전북특별자치도 전주시 덕진구 기린대로 400-3,전북특별자치도 전주시 덕진구 금암동 471-10,35.8380619,127.1322772,063-273-7001,분식,일반음식점,"""금암면옥(본점)""을 전라북도 전주시의 가 볼 만한 식당으로 추천합니다! 지방자치단체 인증을 받은 농림축산식품부 제공 안심식당입니다. 레드테이블에서 온라인 예약이 가능합니다! 다국어 메뉴판이 있는 매장입니다.",운영중,True,True,금암1동,official_coordinates,https://www.data.go.kr/data/15076735/fileData.do; 2022-04-01,2022-04-01
258692,벼락,전북특별자치도 전주시 덕진구 명륜4길 18-3 1층,전북특별자치도 전주시 덕진구 덕진동1가 1314-172,35.8433093,127.1274668,070-8824-1427,경양식,일반음식점,"""벼락""을 전라북도 전주시의 가 볼 만한 식당으로 추천합니다! 위생 수준이 우수하고 친절한 서비스로 지방자치단체의 선정을 받은 모범음식점입니다. 레드테이블에서 온라인 예약이 가능합니다! 남녀 화장실이 구분되어 있는 매장입니다. 배달 가능한 매장입니다. 다국어 메뉴판이 있는 매장입니다.",운영중,True,True,덕진동,official_coordinates,https://www.data.go.kr/data/15076735/fileData.do; 2022-04-01,2022-04-01
258705,옛날국수사랑,전북특별자치도 전주시 덕진구 도당산4길 59,전북특별자치도 전주시 덕진구 우아동3가 750-40,35.8460572,127.1551456,063-245-4549,한식,일반음식점,"전라북도 전주시에서 식당을 찾으신다면? ""옛날국수사랑""을 방문해보세요! 레드테이블에서 온라인 예약이 가능합니다! 다국어 메뉴판이 있는 매장입니다.",운영중,True,True,우아1동,official_coordinates,https://www.data.go.kr/data/15076735/fileData.do; 2022-04-01,2022-04-01
258709,피자스쿨동산점,전북특별자치도 전주시 덕진구 편운로 29,전북특별자치도 전주시 덕진구 여의동2가 574-33,35.8721049,127.0793483,063-242-7114,기타,일반음식점,"전라북도 전주시에서 어디를 갈지 고민이라면! ""피자스쿨(동산점)""에 가보시는 건 어떨까요? 레드테이블에서 온라인 예약이 가능합니다! 배달 가능한 매장입니다. 다국어 메뉴판이 있는 매장입니다.",운영중,True,True,여의동,official_coordinates,https://www.data.go.kr/data/15076735/fileData.do; 2022-04-01,2022-04-01
258711,누룩꽃피는날 전북대점,전북특별자치도 전주시 덕진구 명륜3길 18-1 2층,전북특별자치도 전주시 덕진구 덕진동1가 1314-180,35.8426583,127.1282679,070-4090-6139,호프/통닭,일반음식점,"전라북도 전주시에서 어디를 갈지 고민이라면! ""누룩꽃피는날(전북대점)""에 가보시는 건 어떨까요? 레드테이블에서 온라인 예약이 가능합니다! 반려동물 입장이 가능한 매장입니다. 다국어 메뉴판이 있는 매장입니다.",운영중,True,True,덕진동,official_coordinates,https://www.data.go.kr/data/15076735/fileData.do; 2022-04-01,2022-04-01
258715,장어야놀자 송천점,전북특별자치도 전주시 덕진구 두간로 54,전북특별자치도 전주시 덕진구 송천동1가 811-1,35.8651055,127.120312,063-271-0592,한식,일반음식점,"""장어야놀자(송천점)""를 전라북도 전주시의 가 볼 만한 식당으로 추천합니다! 위생 수준이 우수하고 친절한 서비스로 지방자치단체의 선정을 받은 모범음식점입니다. 지방자치단체 인증을 받은 농림축산식품부 제공 안심식당입니다. 레드테이블에서 온라인 예약이 가능합니다! 남녀 화장실이 구분되어 있는 매장입니다. 배달 가능한 매장입니다. 다국어 메뉴판이 있는 매장입니다.",운영중,True,True,송천2동,official_coordinates,https://www.data.go.kr/data/15076735/fileData.do; 2022-04-01,2022-04-01
258662,풍년제과신시가지점,전북특별자치도 전주시 완산구 호암로 65,전북특별자치도 전주시 완산구 효자동2가 1317-4,35.8092329,127.1018413,063-226-8883,제과점영업,제과점영업,"전라북도 전주시에서 가 볼 만한 식당을 찾으신다면? ""풍년제과(신시가지점)""를 추천합니다! 다국어 메뉴판이 있는 매장입니다.",운영중,True,True,효자4동,official_coordinates,https://www.data.go.kr/data/15076735/fileData.do; 2022-04-01,2022-04-01
238614,조선치킨 평화점,전북특별자치도 전주시 완산구 평화3길 11,전북특별자치도 전주시 완산구 평화동2가 906-1,35.7829822,127.1322245,063-229-9284,,일반음식점,"""조선치킨(평화점)""을 전라북도 전주시의 가 볼 만한 식당으로 추천합니다! 레드테이블에서 온라인 예약이 가능합니다! 배달 가능한 매장입니다. 다국어 메뉴판이 있는 매장입니다.",운영중,True,True,평화2동,official_coordinates,https://www.data.go.kr/data/15076735/fileData.do; 2022-04-01,2022-04-01
238590,치킨신드롬 효자삼천점,전북특별자치도 전주시 완산구 거마평로 125 상산타운,전북특별자치도 전주시 완산구 효자동1가 652,35.8036084,127.1151073,050-7460-5360,,일반음식점,"전라북도 전주시에서 가 볼 만한 식당을 찾으신다면? ""치킨신드롬(효자삼천점)""을 추천합니다! 레드테이블에서 온라인 예약이 가능합니다! 배달 가능한 매장입니다. 다국어 메뉴판이 있는 매장입니다.",운영중,True,True,효자3동,official_coordinates,https://www.data.go.kr/data/15076735/fileData.do; 2022-04-01,2022-04-01
238578,흥부네피순대,전북특별자치도 전주시 완산구 신봉로 49 1층,전북특별자치도 전주시 완산구 효자동1가 635-2,35.8103019,127.1204498,063-223-4566,한식,일반음식점,"무엇을 먹을지 고민되신다고요? 전라북도 전주시에 계시다면 ""흥부네피순대""를 추천합니다! 레드테이블에서 온라인 예약이 가능합니다! 배달 가능한 매장입니다. 다국어 메뉴판이 있는 매장입니다.",운영중,True,True,효자2동,official_coordinates,https://www.data.go.kr/data/15076735/fileData.do; 2022-04-01,2022-04-01
218620,갈비한끼,전북특별자치도 전주시 완산구 태조로 54,전북특별자치도 전주시 완산구 전동 73,35.8140654,127.1488898,063-231-7672,기타,일반음식점,"전라북도 전주시에서 어디를 갈지 고민이라면! ""갈비한끼""에 가보시는 건 어떨까요? 다국어 메뉴판이 있는 매장입니다.",운영중,True,True,풍남동,official_coordinates,https://www.data.go.kr/data/15076735/fileData.do; 2022-04-01,2022-04-01
218623,달빛,전북특별자치도 전주시 완산구 서곡5길 13-22,전북특별자치도 전주시 완산구 효자동3가 1412-10,35.8371585,127.1008758,063-273-4636,기타,일반음식점,"무엇을 먹을지 고민되신다고요? 전라북도 전주시에 계시다면 ""달빛""을 추천합니다! 레드테이블에서 온라인 예약이 가능합니다! 다국어 메뉴판이 있는 매장입니다.",운영중,True,True,효자5동,official_coordinates,https://www.data.go.kr/data/15076735/fileData.do; 2022-04-01,2022-04-01
218624,정원 콩나물국밥,전북특별자치도 전주시 완산구 맏내3길 6-4,전북특별자치도 전주시 완산구 평화동1가 706-9,35.7930119,127.1315092,063-227-0696,한식,일반음식점,"""정원콩나물국밥""을 전라북도 전주시의 가 볼 만한 식당으로 추천합니다! 레드테이블에서 온라인 예약이 가능합니다! 배달 가능한 매장입니다. 다국어 메뉴판, 무선 인터넷이 있는 매장입니다.",운영중,True,True,평화2동,official_coordinates,https://www.data.go.kr/data/15076735/fileData.do; 2022-04-01,2022-04-01
218632,삼미당,전북특별자치도 전주시 완산구 경기전길 11,전북특별자치도 전주시 완산구 풍남동1가 14-1,35.8189214,127.1503137,063-272-7716,기타,일반음식점,"전라북도 전주시에서 가 볼 만한 식당을 찾으신다면? ""삼미당""을 추천합니다! 레드테이블에서 온라인 예약이 가능합니다! 남녀 화장실이 구분되어 있는 매장입니다. 다국어 메뉴판, 무선 인터넷이 있는 매장입니다.",운영중,True,True,풍남동,official_coordinates,https://www.data.go.kr/data/15076735/fileData.do; 2022-04-01,2022-04-01
218636,무지개가든,전북특별자치도 전주시 완산구 안행로 53,전북특별자치도 전주시 완산구 효자동1가 687-6,35.8017908,127.1335284,063-229-8859,한식,일반음식점,"""무지개가든(안행점)""을 전라북도 전주시의 가 볼 만한 식당으로 추천합니다! 레드테이블에서 온라인 예약이 가능합니다! 주차공간, 다국어 메뉴판이 있는 매장입니다.",운영중,True,True,효자1동,official_coordinates,https://www.data.go.kr/data/15076735/fileData.do; 2022-04-01,2022-04-01
218639,남원본가 추어탕,전북특별자치도 전주시 완산구 신촌4길 18,전북특별자치도 전주시 완산구 중화산동2가 774-5,35.8179521,127.1163461,063-225-3357,한식,일반음식점,"어디 가야 할지 고민이시라고요? 그럼 전라북도 전주시 맛집, ""남원본가추어탕""을 추천합니다! 위생 수준이 우수하고 친절한 서비스로 지방자치단체의 선정을 받은 모범음식점입니다. 지방자치단체 인증을 받은 농림축산식품부 제공 안심식당입니다. 레드테이블에서 온라인 예약이 가능합니다! 다국어 메뉴판이 있는 매장입니다.",운영중,True,True,중화산2동,official_coordinates,https://www.data.go.kr/data/15076735/fileData.do; 2022-04-01,2022-04-01
218644,커피니 여울점,전북특별자치도 전주시 완산구 새터로 51,전북특별자치도 전주시 완산구 서신동 931-9,35.8356901,127.111978,063-909-0192,기타,일반음식점,"무엇을 먹을지 고민되신다고요? 전라북도 전주시에 계시다면 ""커피니(전주여울점)""를 추천합니다! 레드테이블에서 온라인 예약이 가능합니다! 남녀 화장실이 구분되어 있는 매장입니다. 주차공간, 다국어 메뉴판, 그리고 무선 인터넷이 있는 매장입니다.",운영중,True,True,서신동,official_coordinates,https://www.data.go.kr/data/15076735/fileData.do; 2022-04-01,2022-04-01
869770,투썸플레이스 진북점,"전북특별자치도 전주시 덕진구 전주천동로 342 디자인코엠 빌딩 2,3층","전북특별자치도 전주시 덕진구 진북동 1047-8 디자인코엠 빌딩 2,3층",35.8248745,127.1323775,063-285-2279,커피숍,휴게음식점,"전라북도 전주시에서 맛집을 찾으신다면 ""투썸플레이스""를 추천합니다. 레드테이블에서 온라인 예약이 가능합니다! 반려동물 입장이 가능하고, 남녀 화장실이 구분되어 있으며 배리어프리 매장입니다. 배달 가능한 매장입니다. 주차공간, 키오스크가 마련되어 있으며 다국어 메뉴판, 무선 인터넷을 제공하는 매장입니다.",운영중,True,True,진북동,official_coordinates,https://www.data.go.kr/data/15076735/fileData.do; 2022-04-01,2022-04-01
218664,본죽 서신풍년점,전북특별자치도 전주시 완산구 당산로 27,전북특별자치도 전주시 완산구 서신동 763-1 신일아파트,35.8323382,127.1114399,063-272-6233,기타,일반음식점,"전라북도 전주시에서 어디를 갈지 고민이라면! ""본죽(전주서신풍년점)""에 가보시는 건 어떨까요? 레드테이블에서 온라인 예약이 가능합니다! 배달 가능한 매장입니다. 다국어 메뉴판이 있는 매장입니다.",운영중,True,True,서신동,official_coordinates,https://www.data.go.kr/data/15076735/fileData.do; 2022-04-01,2022-04-01
218677,필스너하우스 객사점,전북특별자치도 전주시 완산구 전주객사2길 38-4,전북특별자치도 전주시 완산구 고사동 461-1,35.8184523,127.140869,063-231-8259,,일반음식점,"""필스너하우스""를 전라북도 전주시의 가 볼 만한 식당으로 추천합니다! 다국어 메뉴판이 있는 매장입니다.",운영중,True,True,중앙동,official_coordinates,https://www.data.go.kr/data/15076735/fileData.do; 2022-04-01,2022-04-01
218682,소풍참나무통닭구이,전북특별자치도 전주시 완산구 여울로 17-12,전북특별자치도 전주시 완산구 서신동 969-4,35.8347951,127.1207812,063-277-9999,한식,일반음식점,"무엇을 먹을지 고민되신다고요? 전라북도 전주시에 계시다면 ""소풍참나무통닭구이""를 추천합니다! 레드테이블에서 온라인 예약이 가능합니다! 남녀 화장실이 구분되어 있는 매장입니다. 배달 가능한 매장입니다. 다국어 메뉴판, 무선 인터넷이 있는 매장입니다.",운영중,True,True,서신동,official_coordinates,https://www.data.go.kr/data/15076735/fileData.do; 2022-04-01,2022-04-01
218688,예향,전북특별자치도 전주시 완산구 동문길 115-7,전북특별자치도 전주시 완산구 경원동1가 110-7,35.8174805,127.1480398,063-247-2521,한식,일반음식점,"전라북도 전주시에서 맛집을 찾으신다면 ""예향""을 추천합니다. 레드테이블에서 온라인 예약이 가능합니다! 다국어 메뉴판이 있는 매장입니다.",운영중,True,True,풍남동,official_coordinates,https://www.data.go.kr/data/15076735/fileData.do; 2022-04-01,2022-04-01
218690,엄마손 김치찌개 서신점,전북특별자치도 전주시 완산구 유연로 285,전북특별자치도 전주시 완산구 서신동 857-2,35.825536,127.1166954,063-223-7400,한식,일반음식점,"전라북도 전주시에서 어디를 갈지 고민이라면! ""엄마손 김치찌개(서신점)""에 가보시는 건 어떨까요? 레드테이블에서 온라인 예약이 가능합니다! 배달 가능한 매장입니다. 다국어 메뉴판이 있는 매장입니다.",운영중,True,True,서신동,official_coordinates,https://www.data.go.kr/data/15076735/fileData.do; 2022-04-01,2022-04-01
218693,까투리 평화푸른마을점,전북특별자치도 전주시 완산구 평화9길 16-1,전북특별자치도 전주시 완산구 평화동2가 941,35.7882282,127.1367627,063-228-3037,호프/통닭,일반음식점,"전라북도 전주시에서 어디를 갈지 고민이라면! ""까투리(평화푸른마을점)""에 가보시는 건 어떨까요? 레드테이블에서 온라인 예약이 가능합니다! 다국어 메뉴판이 있는 매장입니다.",운영중,True,True,평화2동,official_coordinates,https://www.data.go.kr/data/15076735/fileData.do; 2022-04-01,2022-04-01
218694,데미타스커피전문점,전북특별자치도 전주시 완산구 서곡2길 30-13,전북특별자치도 전주시 완산구 효자동3가 1471-1,35.8327216,127.1039036,,기타,일반음식점,"전라북도 전주시에서 어디를 갈지 고민이라면! ""데미타스 커피""에 가보시는 건 어떨까요? 레드테이블에서 온라인 예약이 가능합니다! 반려동물 입장이 가능한 매장입니다. 다국어 메뉴판이 있는 매장입니다.",운영중,True,True,효자5동,official_coordinates,https://www.data.go.kr/data/15076735/fileData.do; 2022-04-01,2022-04-01
218695,코다리밥상,전북특별자치도 전주시 완산구 서신로 34,전북특별자치도 전주시 완산구 서신동 832-4,35.828366,127.1160308,063-255-8389,호프/통닭,일반음식점,"""코다리밥상(전주서신점)""은 전라북도 전주시에 있습니다. 레드테이블에서 온라인 예약이 가능합니다! 배달 가능한 매장입니다. 주차공간, 다국어 메뉴판, 그리고 무선 인터넷이 있는 매장입니다.",운영중,True,True,서신동,official_coordinates,https://www.data.go.kr/data/15076735/fileData.do; 2022-04-01,2022-04-01
218666,부잣집,전북특별자치도 전주시 완산구 현무1길 21-25,전북특별자치도 전주시 완산구 경원동3가 40-1,35.8201911,127.1471913,063-283-0263,한식,일반음식점,"어디 가야 할지 고민이시라고요? 그럼 전라북도 전주시 맛집, ""부잣집""을 추천합니다! 레드테이블에서 온라인 예약이 가능합니다! 다국어 메뉴판이 있는 매장입니다.",운영중,True,True,풍남동,official_coordinates,https://www.data.go.kr/data/15076735/fileData.do; 2022-04-01,2022-04-01
218717,진안오겹살,전북특별자치도 전주시 완산구 새터로 33,전북특별자치도 전주시 완산구 서신동 934-5 진안오겹살,35.8359764,127.1104464,063-273-3773,한식,일반음식점,"전라북도 전주시에서 어디를 갈지 고민이라면! ""진안오겹살""에 가보시는 건 어떨까요? 레드테이블에서 온라인 예약이 가능합니다! 배달 가능한 매장입니다. 다국어 메뉴판이 있는 매장입니다.",운영중,True,True,서신동,official_coordinates,https://www.data.go.kr/data/15076735/fileData.do; 2022-04-01,2022-04-01
207747,공술닭강정,전북특별자치도 전주시 완산구 봉곡3길 28-1,전북특별자치도 전주시 완산구 효자동2가 1253-7,35.8119577,127.100054,063-222-7073,한식,,"전라북도 전주시에서 식당을 찾으신다면? ""공술닭강정""을 방문해보세요!",운영중,True,True,효자4동,official_coordinates,https://www.data.go.kr/data/15076735/fileData.do; 2022-04-01,2022-04-01
869790,감성커피전주법조타운점,전북특별자치도 전주시 덕진구 만성중앙로 49,전북특별자치도 전주시 덕진구 중동 779-4,35.842986,127.0771326,063-212-4788,커피숍,휴게음식점,"전라북도 전주시에 가신다면 ""감성커피(전주법조타운점)""에 방문해보세요~ 레드테이블에서 온라인 예약이 가능합니다! 배달 가능한 매장입니다. 다국어 메뉴판, 무선 인터넷이 있는 매장입니다.",운영중,True,True,여의동,official_coordinates,https://www.data.go.kr/data/15076735/fileData.do; 2022-04-01,2022-04-01
198898,조선치킨중화산점,전북특별자치도 전주시 완산구 신촌4길 24,전북특별자치도 전주시 완산구 중화산동2가 773-5,35.8179222,127.1155237,063-229-9993,,일반음식점,"전라북도 전주시에서 맛집을 찾으신다면 ""조선치킨(중화산점)""을 추천합니다. 레드테이블에서 온라인 예약이 가능합니다! 배달 가능한 매장입니다. 다국어 메뉴판이 있는 매장입니다.",운영중,True,True,중화산2동,official_coordinates,https://www.data.go.kr/data/15076735/fileData.do; 2022-04-01,2022-04-01
198911,브라운힐,전북특별자치도 전주시 완산구 서곡4길 31,전북특별자치도 전주시 완산구 효자동3가 1446-6,35.8337152,127.10371,063-277-7781,호프/통닭,일반음식점,"전라북도 전주시에서 식당을 찾으신다면? ""브라운힐""을 방문해보세요! 레드테이블에서 온라인 예약이 가능합니다! 다국어 메뉴판이 있는 매장입니다.",운영중,True,True,효자5동,official_coordinates,https://www.data.go.kr/data/15076735/fileData.do; 2022-04-01,2022-04-01
198921,우리돈,전북특별자치도 전주시 완산구 한두평2길 18,전북특별자치도 전주시 완산구 중화산동2가 663,35.8133854,127.1248564,063-228-8395,기타,일반음식점,"""우리돈생고기""는 전라북도 전주시에 있습니다. 레드테이블에서 온라인 예약이 가능합니다! 다국어 메뉴판이 있는 매장입니다.",운영중,True,True,중화산1동,official_coordinates,https://www.data.go.kr/data/15076735/fileData.do; 2022-04-01,2022-04-01
198923,광명생곱창,전북특별자치도 전주시 완산구 효자로 279,전북특별자치도 전주시 완산구 중화산동2가 768-3,35.8192859,127.1159743,063-235-2262,기타,일반음식점,"전라북도 전주시에서 식당을 찾으신다면? ""광명곱창구이""를 방문해보세요! 레드테이블에서 온라인 예약이 가능합니다! 배달 가능한 매장입니다. 다국어 메뉴판이 있는 매장입니다.",운영중,True,True,중화산2동,official_coordinates,https://www.data.go.kr/data/15076735/fileData.do; 2022-04-01,2022-04-01
198936,족발야시장삼천점,전북특별자치도 전주시 완산구 용리로 38,전북특별자치도 전주시 완산구 삼천동1가 437-1 현화빌딩,35.7984687,127.1140179,063-223-4969,기타,일반음식점,"""족발야시장(삼천점)""을 전라북도 전주시의 가 볼 만한 식당으로 추천합니다! 레드테이블과 네이버에서 온라인 예약이 가능합니다! 배달 가능한 매장입니다. 다국어 메뉴판, 무선 인터넷이 있는 매장입니다.",운영중,True,True,삼천3동,official_coordinates,https://www.data.go.kr/data/15076735/fileData.do; 2022-04-01,2022-04-01
198937,서쪽나무,전북특별자치도 전주시 완산구 서곡2길 27,전북특별자치도 전주시 완산구 효자동3가 1446-8,35.8334929,127.1035416,063-274-6200,기타,일반음식점,"전라북도 전주시에서 식당을 찾으신다면? ""서쪽나무커피숍""을 방문해보세요! 레드테이블에서 온라인 예약이 가능합니다! 다국어 메뉴판이 있는 매장입니다.",운영중,True,True,효자5동,official_coordinates,https://www.data.go.kr/data/15076735/fileData.do; 2022-04-01,2022-04-01
199010,한우곱창전문점,전북특별자치도 전주시 덕진구 붓내4길 11,전북특별자치도 전주시 덕진구 송천동2가 253-1,35.8679676,127.1225638,063-276-2050,한식,일반음식점,"""한우곱창""을 전라북도 전주시의 가 볼 만한 식당으로 추천합니다! 다국어 메뉴판이 있는 매장입니다.",운영중,True,True,송천1동,official_coordinates,https://www.data.go.kr/data/15076735/fileData.do; 2022-04-01,2022-04-01
206726,1989S,전북특별자치도 전주시 완산구 전주객사1길 60-5,전북특별자치도 전주시 완산구 다가동4가 75-4,35.8191613,127.1392952,063-229-5204,양식,,"전라북도 전주시에서 식당을 찾으신다면? ""1989S""을 방문해보세요!",운영중,True,True,중앙동,official_coordinates,https://www.data.go.kr/data/15076735/fileData.do; 2022-04-01,2022-04-01
199012,브디런,전북특별자치도 전주시 덕진구 명륜4길 18-5 2층,전북특별자치도 전주시 덕진구 금암동 1312-3 2층,35.8434448,127.1275392,063-276-8880,호프/통닭,일반음식점,"""브디런""은 전라북도 전주시에 있습니다. 레드테이블에서 온라인 예약이 가능합니다! 남녀 화장실이 구분되어 있는 매장입니다. 다국어 메뉴판이 있는 매장입니다.",운영중,True,True,덕진동,official_coordinates,https://www.data.go.kr/data/15076735/fileData.do; 2022-04-01,2022-04-01
199048,고수닭갈비 전북대점,전북특별자치도 전주시 덕진구 명륜3길 20 1층,전북특별자치도 전주시 덕진구 덕진동1가 1314-179,35.8427622,127.1281536,063-274-1585,한식,일반음식점,"전라북도 전주시에서 가 볼 만한 식당을 찾으신다면? ""고수닭갈비(본점)""를 추천합니다! 레드테이블에서 온라인 예약이 가능합니다! 다국어 메뉴판이 있는 매장입니다.",운영중,True,True,덕진동,official_coordinates,https://www.data.go.kr/data/15076735/fileData.do; 2022-04-01,2022-04-01
199056,얌스 송천점,전북특별자치도 전주시 덕진구 붓내3길 28,전북특별자치도 전주시 덕진구 송천동2가 199 김현성가정의학과,35.8665358,127.1246595,063-276-3337,일반조리판매,휴게음식점,"""얌스(송천점)""를 전라북도 전주시의 가 볼 만한 식당으로 추천합니다! 레드테이블에서 온라인 예약이 가능합니다! 배달 가능한 매장입니다. 다국어 메뉴판이 있는 매장입니다.",운영중,True,True,송천1동,official_coordinates,https://www.data.go.kr/data/15076735/fileData.do; 2022-04-01,2022-04-01
199076,파리바게뜨 전주신일점,전북특별자치도 전주시 덕진구 솔내로 135,전북특별자치도 전주시 덕진구 송천동1가 105-1,35.8622571,127.126575,063-276-8204,제과점영업,제과점영업,"무엇을 먹을지 고민되신다고요? 전라북도 전주시에 계시다면 ""파리바게뜨(전주신일점)""를 추천합니다! 레드테이블에서 온라인 예약이 가능합니다! 배달 가능한 매장입니다. 다국어 메뉴판이 있는 매장입니다.",운영중,True,True,송천1동,official_coordinates,https://www.data.go.kr/data/15076735/fileData.do; 2022-04-01,2022-04-01
904449,토닥,전북특별자치도 전주시 덕진구 도당산4길 60,전북특별자치도 전주시 덕진구 우아동3가 748-79,35.8462759,127.1550221,063-243-5845,,일반음식점,"전라북도 전주시에 가신다면 ""토닥""에 방문해보세요~ 레드테이블에서 온라인 예약이 가능합니다! 배달 가능한 매장입니다. 다국어 메뉴판이 있는 매장입니다.",운영중,True,True,우아1동,official_coordinates,https://www.data.go.kr/data/15076735/fileData.do; 2022-04-01,2022-04-01
902003,솔솔커피 금암점,전북특별자치도 전주시 덕진구 기린대로 400-63,전북특별자치도 전주시 덕진구 금암동 729-8,35.8383299,127.1329522,063-277-1358,,휴게음식점,"전라북도 전주시에서 가 볼 만한 식당을 찾으신다면? ""솔솔커피(금암점)""를 추천합니다! 레드테이블에서 온라인 예약이 가능합니다! 다국어 메뉴판이 있는 매장입니다.",운영중,True,True,금암1동,official_coordinates,https://www.data.go.kr/data/15076735/fileData.do; 2022-04-01,2022-04-01
203203,미술관 가맥,전북특별자치도 전주시 완산구 동문길 78,전북특별자치도 전주시 완산구 경원동2가 20-2,35.8184441,127.1496871,,포장마차,,"전라북도 전주시에서 어디를 갈지 고민이라면! ""미술관 가맥""에 가보시는 건 어떨까요?",운영중,True,True,풍남동,official_coordinates,https://www.data.go.kr/data/15076735/fileData.do; 2022-04-01,2022-04-01
899780,즐거운 심야식당 삼천점,전북특별자치도 전주시 완산구 용리로 8,전북특별자치도 전주시 완산구 삼천동1가 284-3,35.7984949,127.1106501,063-221-5799,,일반음식점,"""즐거운심야식당(삼천점)""은 전라북도 전주시에 있습니다. 레드테이블에서 온라인 예약이 가능합니다! 배달 가능한 매장입니다. 다국어 메뉴판이 있는 매장입니다.",운영중,True,True,삼천3동,official_coordinates,https://www.data.go.kr/data/15076735/fileData.do; 2022-04-01,2022-04-01
199044,치킨마루 전북대점,전북특별자치도 전주시 덕진구 덕진광장로 19,전북특별자치도 전주시 덕진구 덕진동1가 1312-36,35.8450048,127.1250413,063-271-8592,호프/통닭,일반음식점,"""치킨마루(전북대점)""는 전라북도 전주시에 있습니다. 레드테이블에서 온라인 예약이 가능합니다! 배달 가능한 매장입니다. 다국어 메뉴판이 있는 매장입니다.",운영중,True,True,덕진동,official_coordinates,https://www.data.go.kr/data/15076735/fileData.do; 2022-04-01,2022-04-01
218723,전동떡갈비,전북특별자치도 전주시 완산구 전동성당길 66,전북특별자치도 전주시 완산구 전동 16-2,35.8159916,127.1487499,063-232-5500,한식,일반음식점,"전라북도 전주시에 가신다면 ""전동떡갈비""에 방문해보세요~ 위생 수준이 우수하고 친절한 서비스로 지방자치단체의 선정을 받은 모범음식점입니다. 지방자치단체 인증을 받은 농림축산식품부 제공 안심식당입니다. 레드테이블에서 온라인 예약이 가능합니다! 남녀 화장실이 구분되어 있는 매장입니다. 주차공간, 다국어 메뉴판, 그리고 무선 인터넷이 있는 매장입니다.",운영중,True,True,풍남동,official_coordinates,https://www.data.go.kr/data/15076735/fileData.do; 2022-04-01,2022-04-01
218725,한국콩나물국밥,전북특별자치도 전주시 완산구 신촌4길 18-10,전북특별자치도 전주시 완산구 중화산동2가 774-1,35.8186051,127.1163152,063-236-3188,한식,일반음식점,"어디 가야 할지 고민이시라고요? 그럼 전라북도 전주시 맛집, ""한국콩나물국밥""을 추천합니다! 레드테이블에서 온라인 예약이 가능합니다! 배달 가능한 매장입니다. 다국어 메뉴판이 있는 매장입니다.",운영중,True,True,중화산2동,official_coordinates,https://www.data.go.kr/data/15076735/fileData.do; 2022-04-01,2022-04-01
218733,이바돔 감자탕 전주점,전북특별자치도 전주시 완산구 모악로 4731 이바돔감자탕,전북특별자치도 전주시 완산구 평화동2가 849-7 이바돔감자탕,35.791845,127.1313516,063-226-4703,키즈카페,일반음식점,"""이바돔감자탕(전주점)""은 전라북도 전주시에 있습니다. 레드테이블에서 온라인 예약이 가능합니다! 배달 가능한 매장입니다. 다국어 메뉴판이 있는 매장입니다.",운영중,True,True,평화2동,official_coordinates,https://www.data.go.kr/data/15076735/fileData.do; 2022-04-01,2022-04-01
225278,예쁜하루 전북대점,전북특별자치도 전주시 덕진구 권삼득로 333,전북특별자치도 전주시 덕진구 덕진동1가 664-6,35.8449229,127.1258686,063-277-8179,카페,,"전라북도 전주시에서 어디를 갈지 고민이라면! ""예쁜하루 전북대점""에 가보시는 건 어떨까요?",운영중,True,True,덕진동,official_coordinates,https://www.data.go.kr/data/15076735/fileData.do; 2022-04-01,2022-04-01
869034,동네찻집,전북특별자치도 전주시 완산구 감나무로 61-15(서신동),전북특별자치도 전주시 덕진구 우아동2가 875-1,35.8317159,127.1182903,063-275-5236,커피숍,휴게음식점,"전라북도 전주시에서 가 볼 만한 식당을 찾으신다면? ""동네찻집(전주서신점)""을 추천합니다! 레드테이블에서 온라인 예약이 가능합니다! 반려동물 입장이 가능한 매장입니다. 배달 가능한 매장입니다. 주차공간, 다국어 메뉴판, 그리고 무선 인터넷이 있는 매장입니다.",운영중,True,True,서신동,official_coordinates,https://www.data.go.kr/data/15076735/fileData.do; 2022-04-01,2022-04-01
228630,푸라닭 전주하가지구점,전북특별자치도 전주시 덕진구 가리내8길 8,전북특별자치도 전주시 덕진구 덕진동2가 671-8,35.8435937,127.1110342,050-7964-0405,치킨,,"전라북도 전주시에 가신다면 ""푸라닭 전주하가지구점""에 방문해보세요~",운영중,True,True,덕진동,official_coordinates,https://www.data.go.kr/data/15076735/fileData.do; 2022-04-01,2022-04-01
868227,홍익전통육개장만성점,전북특별자치도 전주시 덕진구 만성중앙로 60,전북특별자치도 전주시 완산구 경원동1가 2-10,35.8420641,127.0779284,063-212-8885,한식,일반음식점,"전라북도 전주시에서 가 볼 만한 식당을 찾으신다면? ""홍익궁중전통육개장(만성지구점)""을 추천합니다! 레드테이블에서 온라인 예약이 가능합니다! 배달 가능한 매장입니다. 다국어 메뉴판이 있는 매장입니다.",운영중,True,True,여의동,official_coordinates,https://www.data.go.kr/data/15076735/fileData.do; 2022-04-01,2022-04-01
230463,토리스타효자6호점,전북특별자치도 전주시 완산구 효자천변2길 8,전북특별자치도 전주시 완산구 효자동1가 650-2,35.8052484,127.1136536,063-224-7211,카페,,"""토리스타효자6호점""은 전라북도 전주시에 있습니다.",운영중,True,True,효자3동,official_coordinates,https://www.data.go.kr/data/15076735/fileData.do; 2022-04-01,2022-04-01
230488,츄남 은행로,전북특별자치도 전주시 완산구 은행로 74,전북특별자치도 전주시 완산구 교동 91-2,35.8132749,127.1527531,063-232-0520,카페,,"무엇을 먹을지 고민되신다고요? 전라북도 전주시에 계시다면 ""츄남 은행로""를 추천합니다!",운영중,True,True,풍남동,official_coordinates,https://www.data.go.kr/data/15076735/fileData.do; 2022-04-01,2022-04-01
230557,푸라닭 전주신시가지점,전북특별자치도 전주시 완산구 세내로 299,전북특별자치도 전주시 완산구 효자동3가 1540-2,35.8167874,127.111304,063-223-9206,치킨,,"무엇을 먹을지 고민되신다고요? 전라북도 전주시에 계시다면 ""푸라닭 전주신시가지점""을 추천합니다!",운영중,True,True,효자5동,official_coordinates,https://www.data.go.kr/data/15076735/fileData.do; 2022-04-01,2022-04-01
869085,전주백종원의본가신시가지점,전북특별자치도 전주시 완산구 홍산북로 73,전북특별자치도 전주시 완산구 효자동3가 1530-9,35.8176411,127.1099818,063-237-3778,한식,일반음식점,"전라북도 전주시에서 어디를 갈지 고민이라면! ""본가(전주신시가지점)""에 가보시는 건 어떨까요? 레드테이블에서 온라인 예약이 가능합니다! 반려동물 입장이 가능한 매장입니다. 배달 가능한 매장입니다. 주차공간, 다국어 메뉴판이 있는 매장입니다.",운영중,True,True,효자5동,official_coordinates,https://www.data.go.kr/data/15076735/fileData.do; 2022-04-01,2022-04-01
866431,효자옥,전북특별자치도 전주시 완산구 용호로 191,전북특별자치도 전주시 완산구 평화동2가 306-4,35.8202459,127.0968274,063-222-9460,기타 휴게음식점,휴게음식점,"전라북도 전주시에 가신다면 ""효자옥""에 방문해보세요~ 레드테이블에서 온라인 예약이 가능합니다! 다국어 메뉴판이 있는 매장입니다.",운영중,True,True,효자5동,official_coordinates,https://www.data.go.kr/data/15076735/fileData.do; 2022-04-01,2022-04-01
233406,Mood indigo,전북특별자치도 전주시 완산구 전주객사2길 82,전북특별자치도 전주시 완산구 다가동4가 56-1,35.8203258,127.1398452,,카페,,"전라북도 전주시에서 어디를 갈지 고민이라면! ""Mood indigo""에 가보시는 건 어떨까요?",운영중,True,True,중앙동,official_coordinates,https://www.data.go.kr/data/15076735/fileData.do; 2022-04-01,2022-04-01
238560,인사동 전통찻집&카페,전북특별자치도 전주시 완산구 중산2길 14,전북특별자치도 전주시 완산구 중화산동2가 634-6,35.8143849,127.1218331,063-226-5575,호프/통닭,일반음식점,"""원인사동""을 전라북도 전주시의 가 볼 만한 식당으로 추천합니다! 레드테이블에서 온라인 예약이 가능합니다! 다국어 메뉴판이 있는 매장입니다.",운영중,True,True,중화산2동,official_coordinates,https://www.data.go.kr/data/15076735/fileData.do; 2022-04-01,2022-04-01
238565,호호박,전북특별자치도 전주시 완산구 전주객사1길 72,전북특별자치도 전주시 완산구 다가동4가 66,35.8194607,127.1388099,063-288-8665,한식,일반음식점,"전라북도 전주시에서 식당을 찾으신다면? ""호호박""을 방문해보세요! 레드테이블에서 온라인 예약이 가능합니다! 다국어 메뉴판이 있는 매장입니다.",운영중,True,True,중앙동,official_coordinates,https://www.data.go.kr/data/15076735/fileData.do; 2022-04-01,2022-04-01
238567,이찌미식당,전북특별자치도 전주시 완산구 신봉3길 35,전북특별자치도 전주시 완산구 효자동1가 605-1,35.8124726,127.1146599,063-223-3606,한식,일반음식점,"어디 가야 할지 고민이시라고요? 그럼 전라북도 전주시 맛집, ""이찌미식당""을 추천합니다! 레드테이블에서 온라인 예약이 가능합니다! 다국어 메뉴판이 있는 매장입니다.",운영중,True,True,효자2동,official_coordinates,https://www.data.go.kr/data/15076735/fileData.do; 2022-04-01,2022-04-01
238570,신성중화요리,전북특별자치도 전주시 완산구 전동성당길 24,전북특별자치도 전주시 완산구 경원동1가 115-3,35.8178986,127.1486676,063-284-4871,중국식,일반음식점,"전라북도 전주시에서 어디를 갈지 고민이라면! ""신성반점""에 가보시는 건 어떨까요? 레드테이블에서 온라인 예약이 가능합니다! 배달 가능한 매장입니다. 다국어 메뉴판이 있는 매장입니다.",운영중,True,True,풍남동,official_coordinates,https://www.data.go.kr/data/15076735/fileData.do; 2022-04-01,2022-04-01
238571,본죽 전주효자점,전북특별자치도 전주시 완산구 거마평로 152,전북특별자치도 전주시 완산구 효자동1가 284-4,35.8060842,127.1169428,063-229-9397,한식,일반음식점,"전라북도 전주시에서 식당을 찾으신다면? ""본죽(효자점)""을 방문해보세요! 레드테이블에서 온라인 예약이 가능합니다! 배달 가능한 매장입니다. 다국어 메뉴판이 있는 매장입니다.",운영중,True,True,효자2동,official_coordinates,https://www.data.go.kr/data/15076735/fileData.do; 2022-04-01,2022-04-01
238577,작은카페,전북특별자치도 전주시 완산구 전동성당길 106,전북특별자치도 전주시 완산구 전동 64-4,35.814284,127.1489606,,,일반음식점,"전라북도 전주시에서 어디를 갈지 고민이라면! ""작은카페""에 가보시는 건 어떨까요? 레드테이블에서 온라인 예약이 가능합니다! 다국어 메뉴판이 있는 매장입니다.",운영중,True,True,풍남동,official_coordinates,https://www.data.go.kr/data/15076735/fileData.do; 2022-04-01,2022-04-01
866084,촌댁맥주 효자점,전북특별자치도 전주시 완산구 효자동2가 1332-2,전북특별자치도 전주시 완산구 우전1길 49-3,35.8080109,127.1055226,,한식,일반음식점,"전라북도 전주시에서 식당을 찾으신다면? ""촌댁맥주(효자점)""를 방문해보세요! 레드테이블에서 온라인 예약이 가능합니다! 다국어 메뉴판이 있는 매장입니다.",운영중,True,True,효자4동,official_coordinates,https://www.data.go.kr/data/15076735/fileData.do; 2022-04-01,2022-04-01
222913,명랑맥가,전북특별자치도 전주시 완산구 우전로 321,전북특별자치도 전주시 완산구 효자동3가 1642-5,35.8233977,127.1016783,063-227-1131,맥주,,"전라북도 전주시에서 맛집을 찾으신다면 ""명랑맥가""를 추천합니다.",운영중,True,True,효자5동,official_coordinates,https://www.data.go.kr/data/15076735/fileData.do; 2022-04-01,2022-04-01
218903,파리바게트송천점,전북특별자치도 전주시 덕진구 솔내로 188,전북특별자치도 전주시 덕진구 송천동2가 282-6 뚜레쥬루,35.8668263,127.127446,063-273-5055,제과점영업,제과점영업,"무엇을 먹을지 고민되신다고요? 전라북도 전주시에 계시다면 ""파리바게뜨(전주송천점)""를 추천합니다! 레드테이블에서 온라인 예약이 가능합니다! 배달 가능한 매장입니다. 다국어 메뉴판이 있는 매장입니다.",운영중,True,True,송천1동,official_coordinates,https://www.data.go.kr/data/15076735/fileData.do; 2022-04-01,2022-04-01
218875,본죽 전주안골점,전북특별자치도 전주시 덕진구 안덕원로 263 아름다운산부인과,전북특별자치도 전주시 덕진구 인후동1가 768-10,35.8369547,127.1557468,063-247-0017,한식,일반음식점,"무엇을 먹을지 고민되신다고요? 전라북도 전주시에 계시다면 ""본죽(안골점)""을 추천합니다! 다국어 메뉴판이 있는 매장입니다.",운영중,True,True,인후1동,official_coordinates,https://www.data.go.kr/data/15076735/fileData.do; 2022-04-01,2022-04-01
218737,남양옥,전북특별자치도 전주시 완산구 거마평로 226,전북특별자치도 전주시 완산구 효자동1가 606,35.8123887,127.1141053,063-221-0261,한식,일반음식점,"""남양옥""은 전라북도 전주시에 있습니다. 레드테이블에서 온라인 예약이 가능합니다! 다국어 메뉴판이 있는 매장입니다.",운영중,True,True,효자2동,official_coordinates,https://www.data.go.kr/data/15076735/fileData.do; 2022-04-01,2022-04-01
218741,솔담,전북특별자치도 전주시 완산구 현무1길 45,전북특별자치도 전주시 덕진구 인후동1가 847-10,35.8229249,127.1471295,063-231-2333,한식,일반음식점,"전라북도 전주시에 가신다면 ""솔담""에 방문해보세요~ 레드테이블에서 온라인 예약이 가능합니다! 다국어 메뉴판이 있는 매장입니다.",운영중,True,True,노송동,official_coordinates,https://www.data.go.kr/data/15076735/fileData.do; 2022-04-01,2022-04-01
218743,이삭토스트 전주대점,전북특별자치도 전주시 완산구 백마산길 6,전북특별자치도 전주시 완산구 효자동3가 1167-1,35.8181985,127.0923198,063-227-9329,기타 휴게음식점,휴게음식점,"""이삭토스트(전주대점)""를 전라북도 전주시의 가 볼 만한 식당으로 추천합니다! 레드테이블에서 온라인 예약이 가능합니다! 배달 가능한 매장입니다. 다국어 메뉴판이 있는 매장입니다.",운영중,True,True,효자4동,official_coordinates,https://www.data.go.kr/data/15076735/fileData.do; 2022-04-01,2022-04-01
218749,지정환피자 삼천점,전북특별자치도 전주시 완산구 거마평로 50,전북특별자치도 전주시 완산구 삼천동1가 608-3,35.7969967,127.1170714,063-223-2999,기타 휴게음식점,휴게음식점,"전라북도 전주시에서 어디를 갈지 고민이라면! ""지정환피자(삼천·효자점)""에 가보시는 건 어떨까요? 레드테이블에서 온라인 예약이 가능합니다! 배달 가능한 매장입니다. 다국어 메뉴판이 있는 매장입니다.",운영중,True,True,삼천2동,official_coordinates,https://www.data.go.kr/data/15076735/fileData.do; 2022-04-01,2022-04-01
218757,감탄떡볶이 효자서부점,전북특별자치도 전주시 완산구 용머리로 157,전북특별자치도 전주시 완산구 효자동1가 193-2,35.8062963,127.1272803,063-225-0330,패스트푸드,휴게음식점,"전라북도 전주시에서 가 볼 만한 식당을 찾으신다면? ""감탄떡볶이(효자서부점)""를 추천합니다! 레드테이블에서 온라인 예약이 가능합니다! 다국어 메뉴판이 있는 매장입니다.",운영중,True,True,효자1동,official_coordinates,https://www.data.go.kr/data/15076735/fileData.do; 2022-04-01,2022-04-01
218760,완산다원,전북특별자치도 전주시 완산구 안행8길 10,전북특별자치도 전주시 완산구 효자동1가 689-2,35.801517,127.1341803,063-228-1350,전통찻집,휴게음식점,"전라북도 전주시에서 가 볼 만한 식당을 찾으신다면? ""완산다원""을 추천합니다! 레드테이블에서 온라인 예약이 가능합니다! 반려동물 입장이 가능하고, 남녀 화장실이 구분되어 있는 매장입니다. 주차공간, 다국어 메뉴판, 그리고 무선 인터넷이 있는 매장입니다.",운영중,True,True,효자1동,official_coordinates,https://www.data.go.kr/data/15076735/fileData.do; 2022-04-01,2022-04-01
218790,전주영양돌솥밥,전북특별자치도 전주시 덕진구 솔내8길 10-1,전북특별자치도 전주시 덕진구 송천동1가 484-6,35.8608571,127.1224591,063-253-1130,한식,일반음식점,"전라북도 전주시에서 식당을 찾으신다면? ""전주영양돌솥밥""을 방문해보세요! 레드테이블에서 온라인 예약이 가능합니다! 배달 가능한 매장입니다. 다국어 메뉴판이 있는 매장입니다.",운영중,True,True,송천1동,official_coordinates,https://www.data.go.kr/data/15076735/fileData.do; 2022-04-01,2022-04-01
218791,황제보쌈,전북특별자치도 전주시 덕진구 명륜3길 18-6,전북특별자치도 전주시 덕진구 덕진동1가 1264-10,35.8423694,127.1282202,063-277-7893,호프/통닭,일반음식점,"전라북도 전주시에서 가 볼 만한 식당을 찾으신다면? ""황제보쌈""을 추천합니다! 다국어 메뉴판이 있는 매장입니다.",운영중,True,True,덕진동,official_coordinates,https://www.data.go.kr/data/15076735/fileData.do; 2022-04-01,2022-04-01
218806,지정환피자 덕진점,전북특별자치도 전주시 덕진구 권삼득로 348,전북특별자치도 전주시 덕진구 덕진동1가 1315-4,35.845985,127.1248338,063-273-3334,,일반음식점,"전라북도 전주시에서 어디를 갈지 고민이라면! ""지정환 피자(덕진점)""에 가보시는 건 어떨까요? 레드테이블에서 온라인 예약이 가능합니다! 배달 가능한 매장입니다. 다국어 메뉴판이 있는 매장입니다.",운영중,True,True,덕진동,official_coordinates,https://www.data.go.kr/data/15076735/fileData.do; 2022-04-01,2022-04-01
218807,귀신반점 전북대점,전북특별자치도 전주시 덕진구 명륜3길 11,전북특별자치도 전주시 덕진구 덕진동1가 1263-10,35.8424185,127.1273988,063-277-7913,중국식,일반음식점,"전라북도 전주시에서 식당을 찾으신다면? ""귀신반점(전북대점)""을 방문해보세요! 다국어 메뉴판, 무선 인터넷이 있는 매장입니다.",운영중,True,True,덕진동,official_coordinates,https://www.data.go.kr/data/15076735/fileData.do; 2022-04-01,2022-04-01
218820,다사랑호성점,전북특별자치도 전주시 덕진구 동부대로 815,전북특별자치도 전주시 덕진구 송천동2가 1341,35.8599046,127.1534144,063-243-2323,,일반음식점,"전라북도 전주시에서 어디를 갈지 고민이라면! ""다사랑치킨피자(호성점)""에 가보시는 건 어떨까요? 레드테이블에서 온라인 예약이 가능합니다! 배달 가능한 매장입니다. 다국어 메뉴판이 있는 매장입니다.",운영중,True,True,호성동,official_coordinates,https://www.data.go.kr/data/15076735/fileData.do; 2022-04-01,2022-04-01
218826,다사랑치킨피자 송천점,전북특별자치도 전주시 덕진구 송천중앙로 216,전북특별자치도 전주시 덕진구 송천동2가 522-1 현대자동차,35.8662043,127.1218437,050-7744-9235,,일반음식점,"무엇을 먹을지 고민되신다고요? 전라북도 전주시에 계시다면 ""다사랑치킨피자(송천1호점)""를 추천합니다! 레드테이블에서 온라인 예약이 가능합니다! 배달 가능한 매장입니다. 다국어 메뉴판이 있는 매장입니다.",운영중,True,True,송천1동,official_coordinates,https://www.data.go.kr/data/15076735/fileData.do; 2022-04-01,2022-04-01
218831,송천해물탕,전북특별자치도 전주시 덕진구 붓내3길 17-9,전북특별자치도 전주시 완산구 삼천동1가 725-6,35.8677284,127.1234045,063-252-5737,한식,일반음식점,"어디 가야 할지 고민이시라고요? 그럼 전라북도 전주시 맛집, ""송천해물탕""을 추천합니다! 레드테이블에서 온라인 예약이 가능합니다! 다국어 메뉴판이 있는 매장입니다.",운영중,True,True,송천1동,official_coordinates,https://www.data.go.kr/data/15076735/fileData.do; 2022-04-01,2022-04-01
218837,정성회관,전북특별자치도 전주시 덕진구 가리내로 31,전북특별자치도 전주시 덕진구 금암동 706-6,35.8339936,127.1326802,063-253-4265,한식,일반음식점,"""정성회관(터미널점)""을 전라북도 전주시의 가 볼 만한 식당으로 추천합니다! 레드테이블에서 온라인 예약이 가능합니다! 다국어 메뉴판이 있는 매장입니다.",운영중,True,True,금암1동,official_coordinates,https://www.data.go.kr/data/15076735/fileData.do; 2022-04-01,2022-04-01
218841,석기시대,전북특별자치도 전주시 덕진구 붓내3길 17-5,전북특별자치도 전주시 덕진구 송천동2가 248-6 석기시대,35.8673601,127.1232552,063-272-3331,한식,일반음식점,"전라북도 전주시에 가신다면 ""석기시대""에 방문해보세요~ 위생 수준이 우수하고 친절한 서비스로 지방자치단체의 선정을 받은 모범음식점입니다. 지방자치단체 인증을 받은 농림축산식품부 제공 안심식당입니다. 레드테이블에서 온라인 예약이 가능합니다! 다국어 메뉴판이 있는 매장입니다.",운영중,True,True,송천1동,official_coordinates,https://www.data.go.kr/data/15076735/fileData.do; 2022-04-01,2022-04-01
218854,소문난바지락칼국수,전북특별자치도 전주시 덕진구 숲정이2길 31-6,전북특별자치도 전주시 덕진구 진북동 1155-9,35.8312844,127.1299855,063-272-4118,분식,일반음식점,"전라북도 전주시에서 어디를 갈지 고민이라면! ""소문난바지락칼국수""에 가보시는 건 어떨까요? 레드테이블에서 온라인 예약이 가능합니다! 다국어 메뉴판이 있는 매장입니다.",운영중,True,True,진북동,official_coordinates,https://www.data.go.kr/data/15076735/fileData.do; 2022-04-01,2022-04-01
218865,계경목장 전주본점,전북특별자치도 전주시 덕진구 송천로 36,전북특별자치도 전주시 덕진구 송천동1가 406-1,35.8565372,127.1189189,063-278-9533,한식,일반음식점,"전라북도 전주시에서 맛집을 찾으신다면 ""계경목장(전주본점)""을 추천합니다. 다국어 메뉴판이 있는 매장입니다.",운영중,True,True,송천2동,official_coordinates,https://www.data.go.kr/data/15076735/fileData.do; 2022-04-01,2022-04-01
279557,돈마니석쇠불고기,전북특별자치도 전주시 완산구 고사평2길 14,전북특별자치도 전주시 완산구 서신동 958-8 임마뉴엘빌,35.8342096,127.1108531,063-277-9888,한식,일반음식점,"전라북도 전주시에서 식당을 찾으신다면? ""돈마니석쇠불고기""를 방문해보세요! 레드테이블에서 온라인 예약이 가능합니다! 배달 가능한 매장입니다. 다국어 메뉴판이 있는 매장입니다.",운영중,True,True,서신동,official_coordinates,https://www.data.go.kr/data/15076735/fileData.do; 2022-04-01,2022-04-01
198889,잭아저씨족발보쌈서신점,전북특별자치도 전주시 완산구 새터로 31,전북특별자치도 전주시 완산구 서신동 934-4,35.8360253,127.1103162,063-278-5858,호프/통닭,일반음식점,"어디 가야 할지 고민이시라고요? 그럼 전라북도 전주시 맛집, ""잭아저씨족발보쌈""을 추천합니다! 레드테이블에서 온라인 예약이 가능합니다! 배달 가능한 매장입니다. 다국어 메뉴판, 무선 인터넷이 있는 매장입니다.",운영중,True,True,서신동,official_coordinates,https://www.data.go.kr/data/15076735/fileData.do; 2022-04-01,2022-04-01
279569,전일맥주,전북특별자치도 전주시 완산구 새터로 10,전북특별자치도 전주시 완산구 서신동 936-3,35.8366513,127.1078752,063-714-2424,한식,일반음식점,"전라북도 전주시에 가신다면 ""전일맥주(서신점)""에 방문해보세요~ 레드테이블에서 온라인 예약이 가능합니다! 반려동물 입장이 가능한 매장입니다. 배달 가능한 매장입니다. 주차공간, 다국어 메뉴판, 그리고 무선 인터넷이 있는 매장입니다.",운영중,True,True,서신동,official_coordinates,https://www.data.go.kr/data/15076735/fileData.do; 2022-04-01,2022-04-01
279580,섭이네부엌,전북특별자치도 전주시 완산구 용리로 27,전북특별자치도 전주시 완산구 삼천동1가 725-7,35.7988508,127.1127301,063-224-3050,호프/통닭,일반음식점,"어디 가야 할지 고민이시라고요? 그럼 전라북도 전주시 맛집, ""섭이네부엌""을 추천합니다! 레드테이블에서 온라인 예약이 가능합니다! 남녀 화장실이 구분되어 있는 매장입니다. 주차공간, 다국어 메뉴판이 있는 매장입니다.",운영중,True,True,삼천3동,official_coordinates,https://www.data.go.kr/data/15076735/fileData.do; 2022-04-01,2022-04-01
301193,무진장중화요리,전북특별자치도 전주시 덕진구 송천로 73-1,전북특별자치도 전주시 덕진구 송천동1가 441,35.8597196,127.1172539,063-273-3386,중국식,일반음식점,"""무진장중화요리""를 전라북도 전주시의 가 볼 만한 식당으로 추천합니다! 레드테이블에서 온라인 예약이 가능합니다! 다국어 메뉴판이 있는 매장입니다.",운영중,True,True,송천2동,official_coordinates,https://www.data.go.kr/data/15076735/fileData.do; 2022-04-01,2022-04-01
301197,부여통닭전주송천점,전북특별자치도 전주시 덕진구 사근1길 16,전북특별자치도 전주시 덕진구 송천동2가 175-31,35.8663326,127.1288249,063-252-4123,호프/통닭,일반음식점,"전라북도 전주시에 가신다면 ""부여통닭(전주송천점)""에 방문해보세요~ 레드테이블에서 온라인 예약이 가능합니다! 배달 가능한 매장입니다. 다국어 메뉴판이 있는 매장입니다.",운영중,True,True,송천1동,official_coordinates,https://www.data.go.kr/data/15076735/fileData.do; 2022-04-01,2022-04-01
301199,김밥나라 동산점,전북특별자치도 전주시 덕진구 쪽구름로 63-1,전북특별자치도 전주시 완산구 평화동2가 894-1,35.8710863,127.0763855,063-213-2918,김밥(도시락),일반음식점,"전라북도 전주시에서 맛집을 찾으신다면 ""김밥나라(동산점)""를 추천합니다. 레드테이블에서 온라인 예약이 가능합니다! 다국어 메뉴판이 있는 매장입니다.",운영중,True,True,여의동,official_coordinates,https://www.data.go.kr/data/15076735/fileData.do; 2022-04-01,2022-04-01
301210,설빙,전북특별자치도 전주시 덕진구 명륜4길 19,전북특별자치도 전주시 덕진구 덕진동1가 1314-169,35.8436626,127.1268772,063-271-3988,기타,일반음식점,"전라북도 전주시에서 식당을 찾으신다면? ""설빙(전북대점)""을 방문해보세요! 레드테이블에서 온라인 예약이 가능합니다! 다국어 메뉴판이 있는 매장입니다.",운영중,True,True,덕진동,official_coordinates,https://www.data.go.kr/data/15076735/fileData.do; 2022-04-01,2022-04-01
301212,일등한우정육식당,전북특별자치도 전주시 덕진구 솔내로 173-8,전북특별자치도 전주시 덕진구 송천동2가 205-3,35.8659576,127.126522,063-275-6155,한식,일반음식점,"전라북도 전주시에 가신다면 ""일등한우정육식당""에 방문해보세요~ 다국어 메뉴판이 있는 매장입니다.",운영중,True,True,송천1동,official_coordinates,https://www.data.go.kr/data/15076735/fileData.do; 2022-04-01,2022-04-01
301220,마루벌돌구이 송천점,전북특별자치도 전주시 덕진구 시천로 62,전북특별자치도 전주시 덕진구 송천동1가 832-4,35.8647897,127.1146295,063-273-8279,한식,일반음식점,"전라북도 전주시에서 어디를 갈지 고민이라면! ""마루벌돌구이(송천점)""에 가보시는 건 어떨까요? 레드테이블에서 온라인 예약이 가능합니다! 다국어 메뉴판이 있는 매장입니다.",운영중,True,True,송천2동,official_coordinates,https://www.data.go.kr/data/15076735/fileData.do; 2022-04-01,2022-04-01
301224,역전할머니맥주 반월점,전북특별자치도 전주시 덕진구 쪽구름로 107,전북특별자치도 전주시 덕진구 송천동2가 1330-9,35.8736689,127.0735677,063-212-7266,정종/대포집/소주방,일반음식점,"전라북도 전주시에서 가 볼 만한 식당을 찾으신다면? ""역전할머니맥주(전주반월점)""를 추천합니다! 레드테이블에서 온라인 예약이 가능합니다! 다국어 메뉴판이 있는 매장입니다.",운영중,True,True,조촌동,official_coordinates,https://www.data.go.kr/data/15076735/fileData.do; 2022-04-01,2022-04-01
301190,맛만족,전북특별자치도 전주시 덕진구 두간로 28,전북특별자치도 전주시 덕진구 송천동1가 823-3,35.8651659,127.1174632,063-243-9292,호프/통닭,일반음식점,"전라북도 전주시에서 어디를 갈지 고민이라면! ""맛만족""에 가보시는 건 어떨까요? 레드테이블에서 온라인 예약이 가능합니다! 배달 가능한 매장입니다. 다국어 메뉴판이 있는 매장입니다.",운영중,True,True,송천2동,official_coordinates,https://www.data.go.kr/data/15076735/fileData.do; 2022-04-01,2022-04-01
301232,파파존스 전주점,전북특별자치도 전주시 덕진구 권삼득로 309,전북특별자치도 전주시 덕진구 금암동 664-43,35.8435117,127.128024,063-251-0880,,일반음식점,"전라북도 전주시에서 맛집을 찾으신다면 ""파파존스(전주점)""를 추천합니다. 레드테이블에서 온라인 예약이 가능합니다! 배달 가능한 매장입니다. 다국어 메뉴판이 있는 매장입니다.",운영중,True,True,덕진동,official_coordinates,https://www.data.go.kr/data/15076735/fileData.do; 2022-04-01,2022-04-01
301238,꼴통돼지,전북특별자치도 전주시 덕진구 우아로 8,전북특별자치도 전주시 덕진구 금암동 664-47,35.8487303,127.1570765,063-247-9779,한식,일반음식점,"어디 가야 할지 고민이시라고요? 그럼 전라북도 전주시 맛집, ""꼴통돼지(우아점)""를 추천합니다! 레드테이블에서 온라인 예약이 가능합니다! 다국어 메뉴판이 있는 매장입니다.",운영중,True,True,우아1동,official_coordinates,https://www.data.go.kr/data/15076735/fileData.do; 2022-04-01,2022-04-01
301240,소나무송천본가,전북특별자치도 전주시 덕진구 송천2길 26	,전북특별자치도 전주시 덕진구 송천동1가 417-11,35.8595664,127.1184123,063-271-8892,한식,일반음식점,"전라북도 전주시에서 맛집을 찾으신다면 ""소나무송천본가(송천본점)""를 추천합니다. 레드테이블에서 온라인 예약이 가능합니다! 다국어 메뉴판이 있는 매장입니다.",운영중,True,True,송천2동,official_coordinates,https://www.data.go.kr/data/15076735/fileData.do; 2022-04-01,2022-04-01
301242,신포우리만두 전주터미널점,전북특별자치도 전주시 덕진구 가리내로 35,전북특별자치도 전주시 덕진구 금암동 706-9,35.8339183,127.1323122,063-278-8885,분식,일반음식점,"어디 가야 할지 고민이시라고요? 그럼 전라북도 전주시 맛집, ""신포우리만두(전주터미널점)""를 추천합니다! 레드테이블에서 온라인 예약이 가능합니다! 배달 가능한 매장입니다. 다국어 메뉴판이 있는 매장입니다.",운영중,True,True,금암1동,official_coordinates,https://www.data.go.kr/data/15076735/fileData.do; 2022-04-01,2022-04-01
301253,청가람해물요리전문,전북특별자치도 전주시 덕진구 편운로 24,전북특별자치도 전주시 완산구 평화동1가 709-9,35.8715237,127.0789865,063-211-9920,식육(숯불구이),일반음식점,"전라북도 전주시에 가신다면 ""청가람(동산1호점)""에 방문해보세요~ 레드테이블에서 온라인 예약이 가능합니다! 다국어 메뉴판이 있는 매장입니다.",운영중,True,True,여의동,official_coordinates,https://www.data.go.kr/data/15076735/fileData.do; 2022-04-01,2022-04-01
301256,맛찬들 왕소금구이,전북특별자치도 전주시 덕진구 붓내3길 9-2,전북특별자치도 전주시 덕진구 송천동2가 484-11,35.8669236,127.1226064,063-278-6692,한식,일반음식점,"전라북도 전주시에서 가 볼 만한 식당을 찾으신다면? ""맛찬들왕소금구이(송천점)""를 추천합니다! 위생 수준이 우수하고 친절한 서비스로 지방자치단체의 선정을 받은 모범음식점입니다. 레드테이블에서 온라인 예약이 가능합니다! 남녀 화장실이 구분되어 있는 매장입니다. 배달 가능한 매장입니다. 주차공간, 다국어 메뉴판이 있는 매장입니다.",운영중,True,True,송천1동,official_coordinates,https://www.data.go.kr/data/15076735/fileData.do; 2022-04-01,2022-04-01
301257,황금코다리 전주송천점,전북특별자치도 전주시 덕진구 두간3길 5,전북특별자치도 전주시 덕진구 송천동1가 813-1,35.8648365,127.1203208,063-277-8886,한식,일반음식점,"전라북도 전주시에 가신다면 ""황금코다리(전주송천점)""에 방문해보세요~ 레드테이블에서 온라인 예약이 가능합니다! 배달 가능한 매장입니다. 주차공간, 다국어 메뉴판이 있는 매장입니다.",운영중,True,True,송천2동,official_coordinates,https://www.data.go.kr/data/15076735/fileData.do; 2022-04-01,2022-04-01
301260,조선화로집,전북특별자치도 전주시 덕진구 건산로 241,전북특별자치도 전주시 덕진구 인후동1가 806-5,35.8347696,127.1634132,063-243-6600,한식,일반음식점,"전라북도 전주시에 가신다면 ""조선화로집(전주아중점)""에 방문해보세요~ 레드테이블에서 온라인 예약이 가능합니다! 배달 가능한 매장입니다. 다국어 메뉴판이 있는 매장입니다.",운영중,True,True,인후3동,official_coordinates,https://www.data.go.kr/data/15076735/fileData.do; 2022-04-01,2022-04-01
301237,백년낙지가,전북특별자치도 전주시 덕진구 편운로 12,전북특별자치도 전주시 덕진구 중동 776-4,35.8715684,127.078489,063-211-0999,한식,일반음식점,"""백년본가(본점)""를 전라북도 전주시의 가 볼 만한 식당으로 추천합니다! 레드테이블에서 온라인 예약이 가능합니다! 남녀 화장실이 구분되어 있는 매장입니다. 배달 가능한 매장입니다. 주차공간, 놀이방, 그리고 다국어 메뉴판이 있는 매장입니다.",운영중,True,True,여의동,official_coordinates,https://www.data.go.kr/data/15076735/fileData.do; 2022-04-01,2022-04-01
301261,서울전통육개장,전북특별자치도 전주시 덕진구 전주천동로 496,전북특별자치도 전주시 덕진구 덕진동2가 693-2,35.8363654,127.1307653,063-251-7701,한식,일반음식점,"전라북도 전주시에서 가 볼 만한 식당을 찾으신다면? ""서울전통육개장(전주점)""을 추천합니다! 레드테이블과 네이버에서 온라인 예약이 가능합니다! 남녀 화장실이 구분되어 있는 매장입니다. 배달 가능한 매장입니다. 주차공간, 다국어 메뉴판, 그리고 무선 인터넷이 있는 매장입니다.",운영중,True,True,금암1동,official_coordinates,https://www.data.go.kr/data/15076735/fileData.do; 2022-04-01,2022-04-01
301182,국가대표송천점,전북특별자치도 전주시 덕진구 솔내로 176,전북특별자치도 전주시 덕진구 송천동2가 209-3,35.8657884,127.1274026,063-271-1090,한식,일반음식점,"전라북도 전주시에서 가 볼 만한 식당을 찾으신다면? ""국가대표고기집(송천점)""을 추천합니다! 레드테이블에서 온라인 예약이 가능합니다! 남녀 화장실이 구분되어 있는 매장입니다. 다국어 메뉴판이 있는 매장입니다.",운영중,True,True,송천1동,official_coordinates,https://www.data.go.kr/data/15076735/fileData.do; 2022-04-01,2022-04-01
301173,마라박사,전북특별자치도 전주시 덕진구 명륜3길 17-2 3층,전북특별자치도 전주시 덕진구 덕진동1가 1314-175,35.8431039,127.1277594,063-276-3888,식육(숯불구이),일반음식점,"전라북도 전주시에서 식당을 찾으신다면? ""마라박사""를 방문해보세요! 레드테이블에서 온라인 예약이 가능합니다! 반려동물 입장이 가능하고, 남녀 화장실이 구분되어 있는 매장입니다. 배달 가능한 매장입니다. 다국어 메뉴판이 있는 매장입니다.",운영중,True,True,덕진동,official_coordinates,https://www.data.go.kr/data/15076735/fileData.do; 2022-04-01,2022-04-01
301108,더마중,전북특별자치도 전주시 완산구 전주객사3길 12-15,전북특별자치도 전주시 완산구 고사동 432-3,35.8181464,127.1431236,063-232-1233,한식,일반음식점,"""더마중""을 전라북도 전주시의 가 볼 만한 식당으로 추천합니다! 레드테이블에서 온라인 예약이 가능합니다! 배달 가능한 매장입니다. 다국어 메뉴판이 있는 매장입니다.",운영중,True,True,중앙동,official_coordinates,https://www.data.go.kr/data/15076735/fileData.do; 2022-04-01,2022-04-01
301109,배불뚝집 효자점,전북특별자치도 전주시 완산구 홍산남로 80,전북특별자치도 전주시 완산구 효자동3가 1541-2,35.8155575,127.1106733,063-236-7000,한식,일반음식점,"전라북도 전주시에서 맛집을 찾으신다면 ""배불뚝집(효자점)""을 추천합니다. 위생 수준이 우수하고 친절한 서비스로 지방자치단체의 선정을 받은 모범음식점입니다. 지방자치단체 인증을 받은 농림축산식품부 제공 안심식당입니다. 레드테이블에서 온라인 예약이 가능합니다! 배달 가능한 매장입니다. 다국어 메뉴판이 있는 매장입니다.",운영중,True,True,효자5동,official_coordinates,https://www.data.go.kr/data/15076735/fileData.do; 2022-04-01,2022-04-01
301111,왕뚜껑,전북특별자치도 전주시 완산구 호암로 81,전북특별자치도 전주시 완산구 효자동2가 1318-3,35.8086378,127.1035606,063-251-3792,한식,일반음식점,"무엇을 먹을지 고민되신다고요? 전라북도 전주시에 계시다면 ""왕뚜껑""을 추천합니다! 레드테이블에서 온라인 예약이 가능합니다! 다국어 메뉴판이 있는 매장입니다.",운영중,True,True,효자4동,official_coordinates,https://www.data.go.kr/data/15076735/fileData.do; 2022-04-01,2022-04-01
301113,본죽 전주서곡점,전북특별자치도 전주시 완산구 세내로 546,전북특별자치도 전주시 완산구 효자동3가 1456-3,35.8340459,127.0996875,063-253-6233,일반조리판매,휴게음식점,"무엇을 먹을지 고민되신다고요? 전라북도 전주시에 계시다면 ""본죽(전주서점)""을 추천합니다! 레드테이블에서 온라인 예약이 가능합니다! 배달 가능한 매장입니다. 다국어 메뉴판이 있는 매장입니다.",운영중,True,True,효자5동,official_coordinates,https://www.data.go.kr/data/15076735/fileData.do; 2022-04-01,2022-04-01
301114,맛자랑 팥고향집,전북특별자치도 전주시 완산구 서학로 32-4,전북특별자치도 전주시 완산구 동서학동 142-2,35.8093816,127.1529059,063-231-0993,일반조리판매,휴게음식점,"어디 가야 할지 고민이시라고요? 그럼 전라북도 전주시 맛집, ""맛자랑팥고향집""을 추천합니다! 레드테이블에서 온라인 예약이 가능합니다! 다국어 메뉴판이 있는 매장입니다.",운영중,True,True,동서학동,official_coordinates,https://www.data.go.kr/data/15076735/fileData.do; 2022-04-01,2022-04-01
301116,이디야커피 전주고사점,전북특별자치도 전주시 완산구 전주객사5길 32,전북특별자치도 전주시 완산구 고사동 55-6,35.8196178,127.1454455,063-288-1725,커피숍,휴게음식점,"전라북도 전주시에서 가 볼 만한 식당을 찾으신다면? ""이디야커피(전주고사점)""를 추천합니다! 레드테이블에서 온라인 예약이 가능합니다! 배달 가능한 매장입니다. 다국어 메뉴판이 있는 매장입니다.",운영중,True,True,중앙동,official_coordinates,https://www.data.go.kr/data/15076735/fileData.do; 2022-04-01,2022-04-01
301117,수타5900 전주삼천점,전북특별자치도 전주시 완산구 효자천변1길 26-13,전북특별자치도 전주시 완산구 효자동1가 667-1,35.7992177,127.1141173,063-225-5911,패스트푸드,휴게음식점,"전라북도 전주시에서 맛집을 찾으신다면 ""수타5900(전주삼천점)""을 추천합니다. 레드테이블에서 온라인 예약이 가능합니다! 남녀 화장실이 구분되어 있는 매장입니다. 배달 가능한 매장입니다. 주차공간, 다국어 메뉴판, 그리고 무선 인터넷이 있는 매장입니다.",운영중,True,True,효자3동,official_coordinates,https://www.data.go.kr/data/15076735/fileData.do; 2022-04-01,2022-04-01
301178,진미집,전북특별자치도 전주시 덕진구 두간로 17,전북특별자치도 전주시 덕진구 송천동1가 803-5,35.8654896,127.1164112,063-252-9090,분식,일반음식점,"전라북도 전주시에서 어디를 갈지 고민이라면! ""진미집""에 가보시는 건 어떨까요? 레드테이블에서 온라인 예약이 가능합니다! 배달 가능한 매장입니다. 다국어 메뉴판이 있는 매장입니다.",운영중,True,True,송천2동,official_coordinates,https://www.data.go.kr/data/15076735/fileData.do; 2022-04-01,2022-04-01
301121,밥FULL 전주 전주대점,전북특별자치도 전주시 완산구 백마산길 21 1층,전북특별자치도 전주시 완산구 효자동3가 1184-3,35.8172807,127.0909038,063-223-6523,일반조리판매,휴게음식점,"""밥풀(전주대점)""은 전라북도 전주시에 있습니다. 레드테이블에서 온라인 예약이 가능합니다! 배달 가능한 매장입니다. 다국어 메뉴판이 있는 매장입니다.",운영중,True,True,효자4동,official_coordinates,https://www.data.go.kr/data/15076735/fileData.do; 2022-04-01,2022-04-01
301129,더리터 서곡점,전북특별자치도 전주시 완산구 세내로 554,전북특별자치도 전주시 완산구 효자동3가 1452-4,35.834456,127.0988965,063-278-0048,일반조리판매,휴게음식점,"전라북도 전주시에서 식당을 찾으신다면? ""더리터(서곡점)""를 방문해보세요! 레드테이블에서 온라인 예약이 가능합니다! 키오스크, 다국어 메뉴판이 있는 매장입니다.",운영중,True,True,효자5동,official_coordinates,https://www.data.go.kr/data/15076735/fileData.do; 2022-04-01,2022-04-01
301130,남문먹거리,전북특별자치도 전주시 완산구 풍남문2길 37-2,전북특별자치도 전주시 완산구 전동 302-2,35.8131554,127.1472984,063-282-3883,일반조리판매,휴게음식점,"전라북도 전주시에서 어디를 갈지 고민이라면! ""남문먹거리""에 가보시는 건 어떨까요? 다국어 메뉴판이 있는 매장입니다.",운영중,True,True,풍남동,official_coordinates,https://www.data.go.kr/data/15076735/fileData.do; 2022-04-01,2022-04-01
301132,나뚜루 전주롯데마트점,전북특별자치도 전주시 완산구 우전로 240 롯데마트,전북특별자치도 전주시 완산구 효자동2가 1234-3,35.8164155,127.1025063,063-288-3522,일반조리판매,휴게음식점,"전라북도 전주시에서 가 볼 만한 식당을 찾으신다면? ""나뚜루(전주롯데마트점)""를 추천합니다! 레드테이블에서 온라인 예약이 가능합니다! 배달 가능한 매장입니다. 다국어 메뉴판이 있는 매장입니다.",운영중,True,True,효자5동,official_coordinates,https://www.data.go.kr/data/15076735/fileData.do; 2022-04-01,2022-04-01
301140,칭기스칸 롯데백화점전주점,전북특별자치도 전주시 완산구 온고을로 2 롯데백화점전주점 B1,전북특별자치도 전주시 완산구 서신동 971,35.8345049,127.1218933,1577-0001,일반조리판매,휴게음식점,"무엇을 먹을지 고민되신다고요? 전라북도 전주시에 계시다면 ""칭기스칸(롯데백화점전주점)""을 추천합니다! 레드테이블에서 온라인 예약이 가능합니다! 다국어 메뉴판이 있는 매장입니다.",운영중,True,True,서신동,official_coordinates,https://www.data.go.kr/data/15076735/fileData.do; 2022-04-01,2022-04-01
301160,전주한우마을숯불구이,전북특별자치도 전주시 덕진구 건산로 262,전북특별자치도 전주시 덕진구 송천동1가 801-8,35.8350081,127.1657495,063-246-0678,정종/대포집/소주방,일반음식점,"전라북도 전주시에서 어디를 갈지 고민이라면! ""전주한우마을숯불구이""에 가보시는 건 어떨까요? 레드테이블에서 온라인 예약이 가능합니다! 배달 가능한 매장입니다. 다국어 메뉴판이 있는 매장입니다.",운영중,True,True,인후3동,official_coordinates,https://www.data.go.kr/data/15076735/fileData.do; 2022-04-01,2022-04-01
301168,아람,전북특별자치도 전주시 덕진구 명륜5길 18,전북특별자치도 전주시 덕진구 덕진동1가 1314-157,35.8441943,127.1260411,,기타,일반음식점,"""아람""을 전라북도 전주시의 가 볼 만한 식당으로 추천합니다! 다국어 메뉴판, 무선 인터넷이 있는 매장입니다.",운영중,True,True,덕진동,official_coordinates,https://www.data.go.kr/data/15076735/fileData.do; 2022-04-01,2022-04-01
301170,통집,전북특별자치도 전주시 덕진구 삼송1길 35,전북특별자치도 전주시 덕진구 금암동 627-5,35.8430409,127.1347906,063-277-8454,한식,일반음식점,"""통집""은 전라북도 전주시에 있습니다. 레드테이블에서 온라인 예약이 가능합니다! 다국어 메뉴판이 있는 매장입니다.",운영중,True,True,금암1동,official_coordinates,https://www.data.go.kr/data/15076735/fileData.do; 2022-04-01,2022-04-01
301126,길먹 타코야끼,전북특별자치도 전주시 완산구 전주객사5길 35,전북특별자치도 전주시 완산구 고사동 96-1,35.8196286,127.1450687,070-4107-9399,일반조리판매,휴게음식점,"어디 가야 할지 고민이시라고요? 그럼 전라북도 전주시 맛집, ""길먹 타코야끼""를 추천합니다! 다국어 메뉴판이 있는 매장입니다.",운영중,True,True,중앙동,official_coordinates,https://www.data.go.kr/data/15076735/fileData.do; 2022-04-01,2022-04-01
301106,충만치킨 전주서곡점,전북특별자치도 전주시 완산구 서곡1길 13-22,전북특별자치도 전주시 완산구 효자동3가 1451,35.8347616,127.0989156,063-277-9898,호프/통닭,일반음식점,"""충만치킨(전주서곡점)""을 전라북도 전주시의 가 볼 만한 식당으로 추천합니다! 레드테이블에서 온라인 예약이 가능합니다! 배달 가능한 매장입니다. 다국어 메뉴판이 있는 매장입니다.",운영중,True,True,효자5동,official_coordinates,https://www.data.go.kr/data/15076735/fileData.do; 2022-04-01,2022-04-01
301269,배스킨라빈스 전주송천,전북특별자치도 전주시 덕진구 송천중앙로 146,전북특별자치도 전주시 덕진구 송천동1가 478-3,35.8599523,127.1215177,063-274-5655,패스트푸드,휴게음식점,"무엇을 먹을지 고민되신다고요? 전라북도 전주시에 계시다면 ""배스킨라빈스(전주송천점)""를 추천합니다! 레드테이블에서 온라인 예약이 가능합니다! 배달 가능한 매장입니다. 다국어 메뉴판이 있는 매장입니다.",운영중,True,True,송천1동,official_coordinates,https://www.data.go.kr/data/15076735/fileData.do; 2022-04-01,2022-04-01
310482,김밥천국 휴먼시아점,전북특별자치도 전주시 완산구 호암로 80,전북특별자치도 전주시 완산구 효자동2가 1319-2,35.808452,127.1028666,063-227-0110,분식,,"어디 가야 할지 고민이시라고요? 그럼 전라북도 전주시 맛집, ""김밥천국 휴먼시아점""을 추천합니다!",운영중,True,True,효자4동,official_coordinates,https://www.data.go.kr/data/15076735/fileData.do; 2022-04-01,2022-04-01
325111,논가마,전북특별자치도 전주시 완산구 천잠로 175,전북특별자치도 전주시 완산구 효자동2가 730,35.8030365,127.0976385,063-221-7447,한식,일반음식점,"전라북도 전주시에서 맛집을 찾으신다면 ""논가마(본점)""를 추천합니다. 레드테이블에서 온라인 예약이 가능합니다! 다국어 메뉴판이 있는 매장입니다.",운영중,True,True,효자4동,official_coordinates,https://www.data.go.kr/data/15076735/fileData.do; 2022-04-01,2022-04-01
325113,피자써클 효자점,전북특별자치도 전주시 완산구 쑥고개로 399,전북특별자치도 전주시 완산구 효자동2가 218-8,35.8047441,127.1085565,063-227-7803,분식,일반음식점,"전라북도 전주시에서 어디를 갈지 고민이라면! ""피자써클(효자점)""에 가보시는 건 어떨까요? 레드테이블에서 온라인 예약이 가능합니다! 배달 가능한 매장입니다. 다국어 메뉴판이 있는 매장입니다.",운영중,True,True,효자4동,official_coordinates,https://www.data.go.kr/data/15076735/fileData.do; 2022-04-01,2022-04-01
325117,피자마루전주중화산점,전북특별자치도 전주시 완산구 서원로 274,전북특별자치도 전주시 완산구 중화산동2가 545 오성은하아파트,35.8117515,127.1243856,063-228-2429,기타,일반음식점,"전라북도 전주시에서 식당을 찾으신다면? ""피자마루(전주중화산점)""를 방문해보세요! 레드테이블에서 온라인 예약이 가능합니다! 배달 가능한 매장입니다. 다국어 메뉴판이 있는 매장입니다.",운영중,True,True,중화산1동,official_coordinates,https://www.data.go.kr/data/15076735/fileData.do; 2022-04-01,2022-04-01
325122,버드나무국수,전북특별자치도 전주시 완산구 태평5길 29-1,전북특별자치도 전주시 완산구 태평동 42-5,35.8239382,127.1434807,,기타,일반음식점,"""버드나무국수""를 전라북도 전주시의 가 볼 만한 식당으로 추천합니다! 레드테이블에서 온라인 예약이 가능합니다! 다국어 메뉴판이 있는 매장입니다.",운영중,True,True,중앙동,official_coordinates,https://www.data.go.kr/data/15076735/fileData.do; 2022-04-01,2022-04-01
325123,현대옥 삼천강변점,전북특별자치도 전주시 완산구 용리로 20,전북특별자치도 전주시 완산구 삼천동1가 284-7,35.7983546,127.1120132,063-282-5577,한식,일반음식점,"전라북도 전주시에서 맛집을 찾으신다면 ""현대옥(삼천강변점)""을 추천합니다. 레드테이블에서 온라인 예약이 가능합니다! 배달 가능한 매장입니다. 다국어 메뉴판이 있는 매장입니다.",운영중,True,True,삼천3동,official_coordinates,https://www.data.go.kr/data/15076735/fileData.do; 2022-04-01,2022-04-01
325133,홍익궁중전통육개장 서신점,전북특별자치도 전주시 완산구 새터로 122-13,전북특별자치도 전주시 완산구 서신동 969-3 대한빌딩,35.8347936,127.1205845,063-251-8609,,일반음식점,"전라북도 전주시에서 식당을 찾으신다면? ""홍익궁중전통육개장(서신점)""을 방문해보세요! 레드테이블에서 온라인 예약이 가능합니다! 배달 가능한 매장입니다. 다국어 메뉴판이 있는 매장입니다.",운영중,True,True,서신동,official_coordinates,https://www.data.go.kr/data/15076735/fileData.do; 2022-04-01,2022-04-01
511642,콩샌 우전초점,전북특별자치도 전주시 완산구 우전2길 12,전북특별자치도 전주시 완산구 효자동2가 205-12,35.8053814,127.107985,070-7553-2830,커피숍,휴게음식점,"전라북도 전주시에서 식당을 찾으신다면? ""콩샌(45호 우전초점)""을 방문해보세요! 주차공간, 놀이방이 마련되어 있으며 다국어 메뉴판, 무선 인터넷을 제공하는 매장입니다.",운영중,True,True,효자4동,official_coordinates,https://www.data.go.kr/data/15076735/fileData.do; 2022-04-01,2022-04-01
325108,고삐마당,전북특별자치도 전주시 완산구 공북로 74,전북특별자치도 전주시 완산구 태평동 14-3,35.8259116,127.1399544,063-253-5845,호프/통닭,일반음식점,"전라북도 전주시에서 맛집을 찾으신다면 ""원조고삐마당(전북중앙본점)""을 추천합니다. 레드테이블에서 온라인 예약이 가능합니다! 다국어 메뉴판이 있는 매장입니다.",운영중,True,True,중앙동,official_coordinates,https://www.data.go.kr/data/15076735/fileData.do; 2022-04-01,2022-04-01
325162,시원칼국수,전북특별자치도 전주시 완산구 범안1길 7-27,전북특별자치도 전주시 완산구 효자동2가 1165-1,35.8131603,127.1096208,063-228-2005,한식,일반음식점,"전라북도 전주시에서 어디를 갈지 고민이라면! ""시원칼국수""에 가보시는 건 어떨까요? 레드테이블에서 온라인 예약이 가능합니다! 반려동물 입장이 가능한 매장입니다. 배달 가능한 매장입니다. 다국어 메뉴판이 있는 매장입니다.",운영중,True,True,효자4동,official_coordinates,https://www.data.go.kr/data/15076735/fileData.do; 2022-04-01,2022-04-01
325167,천년누리봄,전북특별자치도 전주시 완산구 경기전길 38-8,전북특별자치도 전주시 완산구 경원동2가 53-1,35.8177675,127.1499623,063-288-8813,한식,일반음식점,"전라북도 전주시에서 식당을 찾으신다면? ""천년누리봄""을 방문해보세요! 레드테이블에서 온라인 예약이 가능합니다! 다국어 메뉴판이 있는 매장입니다.",운영중,True,True,풍남동,official_coordinates,https://www.data.go.kr/data/15076735/fileData.do; 2022-04-01,2022-04-01
325169,빈센트반고흐,전북특별자치도 전주시 완산구 전주객사5길 22-6,전북특별자치도 전주시 완산구 고사동 66-5,35.8191445,127.1458551,063-288-2189,경양식,일반음식점,"전라북도 전주시에서 어디를 갈지 고민이라면! ""빈센트반고흐""에 가보시는 건 어떨까요? 다국어 메뉴판, 무선 인터넷이 있는 매장입니다.",운영중,True,True,중앙동,official_coordinates,https://www.data.go.kr/data/15076735/fileData.do; 2022-04-01,2022-04-01
325170,프리모파스타,전북특별자치도 전주시 완산구 홍산3길 7,전북특별자치도 전주시 완산구 효자동3가 1527-7,35.8183074,127.108201,063-225-6688,경양식,일반음식점,"어디 가야 할지 고민이시라고요? 그럼 전라북도 전주시 맛집, ""프리모파스타""를 추천합니다! 위생 수준이 우수하고 친절한 서비스로 지방자치단체의 선정을 받은 모범음식점입니다. 지방자치단체 인증을 받은 농림축산식품부 제공 안심식당입니다. 레드테이블에서 온라인 예약이 가능합니다! 남녀 화장실이 구분되어 있는 매장입니다. 배달 가능한 매장입니다. 주차공간, 다국어 메뉴판이 있는 매장입니다.",운영중,True,True,효자5동,official_coordinates,https://www.data.go.kr/data/15076735/fileData.do; 2022-04-01,2022-04-01
325173,교동고로케,전북특별자치도 전주시 완산구 경기전길 126,전북특별자치도 전주시 완산구 교동 266-3,35.81381,127.1510158,063-283-5555,전통찻집,휴게음식점,"2021년 05월 07일 SBS 생방송투데이 2819회, 2021년 04월 30일 KBS2 2TV생생정보 1303회, 2021년 04월 02일 MBC 나혼자산다 390회, 2019년 04월 02일 SBS 생방송투데이 2299회, 2015년 09월 26일 MBC 찾아라맛있는TV 688회, 2014년 11월 07일 KBS2 VJ특공대 737회, 2014년 09월 20일 Y STAR 식신로드1 200회 등 많은 방송에 등장한 바로 그 곳! 전라북도 전주시에 가시면 소문난 맛집 ""교동고로케""를 방문해보세요! 레드테이블에서 온라인 예약이 가능합니다! 다국어 메뉴판이 있는 매장입니다.",운영중,True,True,풍남동,official_coordinates,https://www.data.go.kr/data/15076735/fileData.do; 2022-04-01,2022-04-01
325184,피자스쿨 평화점,전북특별자치도 전주시 완산구 평화로 136,전북특별자치도 전주시 완산구 평화동2가 230-15,35.7886045,127.1353794,063-237-2929,패스트푸드,휴게음식점,"전라북도 전주시에서 맛집을 찾으신다면 ""피자스쿨(전주평화점)""을 추천합니다. 레드테이블에서 온라인 예약이 가능합니다! 다국어 메뉴판이 있는 매장입니다.",운영중,True,True,평화2동,official_coordinates,https://www.data.go.kr/data/15076735/fileData.do; 2022-04-01,2022-04-01
325186,피자스쿨 서신점,전북특별자치도 전주시 완산구 서신동 764-2,전북특별자치도 전주시 완산구 서신동 764-2 새마을금고,35.8329682,127.1131421,063-272-0202,일반조리판매,휴게음식점,"""피자스쿨(전주서신점)""을 전라북도 전주시의 가 볼 만한 식당으로 추천합니다! 레드테이블에서 온라인 예약이 가능합니다! 배달 가능한 매장입니다. 다국어 메뉴판이 있는 매장입니다.",운영중,True,True,서신동,official_coordinates,https://www.data.go.kr/data/15076735/fileData.do; 2022-04-01,2022-04-01
325189,커피미 ,전북특별자치도 전주시 완산구 감나무4길 20-3,전북특별자치도 전주시 완산구 서신동 172-5,35.831803,127.120345,063-251-8656,커피숍,휴게음식점,"전라북도 전주시에서 식당을 찾으신다면? ""커피미""를 방문해보세요! 레드테이블에서 온라인 예약이 가능합니다! 다국어 메뉴판이 있는 매장입니다.",운영중,True,True,서신동,official_coordinates,https://www.data.go.kr/data/15076735/fileData.do; 2022-04-01,2022-04-01
325166,식구,전북특별자치도 전주시 완산구 전주객사3길 73-4,전북특별자치도 전주시 완산구 고사동 322-3,35.8205082,127.1411572,063-275-0888,정종/대포집/소주방,일반음식점,"전라북도 전주시에서 가 볼 만한 식당을 찾으신다면? ""식구""를 추천합니다! 레드테이블에서 온라인 예약이 가능합니다! 남녀 화장실이 구분되어 있는 매장입니다. 주차공간, 다국어 메뉴판이 있는 매장입니다.",운영중,True,True,중앙동,official_coordinates,https://www.data.go.kr/data/15076735/fileData.do; 2022-04-01,2022-04-01
301299,파리바게뜨 전주센트럴점,"전북특별자치도 전주시 덕진구 송천로 20 105,106호",전북특별자치도 전주시 덕진구 송천동1가 349-13,35.8551361,127.1192803,063-273-0099,제과점영업,제과점영업,"전라북도 전주시에서 맛집을 찾으신다면 ""파리바게뜨(전주센트럴점)""를 추천합니다. 레드테이블에서 온라인 예약이 가능합니다! 배달 가능한 매장입니다. 다국어 메뉴판이 있는 매장입니다.",운영중,True,True,송천2동,official_coordinates,https://www.data.go.kr/data/15076735/fileData.do; 2022-04-01,2022-04-01
325076,영동슈퍼,전북특별자치도 전주시 완산구 현무1길 14,전북특별자치도 전주시 완산구 경원동3가 15-6,35.8200449,127.1481107,063-283-4997,기타,일반음식점,"""영동슈퍼""를 전라북도 전주시의 가 볼 만한 식당으로 추천합니다! 레드테이블에서 온라인 예약이 가능합니다! 배달 가능한 매장입니다. 다국어 메뉴판이 있는 매장입니다.",운영중,True,True,풍남동,official_coordinates,https://www.data.go.kr/data/15076735/fileData.do; 2022-04-01,2022-04-01
325069,피자스쿨 전주효자점,전북특별자치도 전주시 완산구 거마평로 204-1,전북특별자치도 전주시 완산구 효자동1가 621-12,35.8106364,127.1150204,063-228-4454,분식,일반음식점,"전라북도 전주시에 가신다면 ""피자스쿨(전주효자점)""에 방문해보세요~ 레드테이블에서 온라인 예약이 가능합니다! 배달 가능한 매장입니다. 다국어 메뉴판이 있는 매장입니다.",운영중,True,True,효자2동,official_coordinates,https://www.data.go.kr/data/15076735/fileData.do; 2022-04-01,2022-04-01
865815,풍년제과 전북대점,전북특별자치도 전주시 덕진구 들사평로 62,전북특별자치도 전주시 덕진구 덕진동1가 1283-2 전북특별자치도체육회관,35.8407954,127.1261855,063-276-0047,베이커리,,"무엇을 먹을지 고민되신다고요? 전라북도 전주시에 계시다면 ""풍년제과 전북대점""을 추천합니다!",운영중,True,True,덕진동,official_coordinates,https://www.data.go.kr/data/15076735/fileData.do; 2022-04-01,2022-04-01
313801,비에이치씨치킨송천2호점,전북특별자치도 전주시 덕진구 오송1길 37-13,전북특별자치도 전주시 덕진구 송천동1가 97-6,35.8639562,127.1306625,063-251-9191,치킨,,"전라북도 전주시에 가신다면 ""비에이치씨치킨송천2호점""에 방문해보세요~",운영중,True,True,송천1동,official_coordinates,https://www.data.go.kr/data/15076735/fileData.do; 2022-04-01,2022-04-01
316803,호식이두마리치킨 송천2호점,전북특별자치도 전주시 덕진구 송천중앙로 246,전북특별자치도 전주시 덕진구 송천동2가 459-1,35.8654076,127.1294719,050-4054-4955,치킨,,"전라북도 전주시에서 가 볼 만한 식당을 찾으신다면? ""호식이두마리치킨 송천2호점""을 추천합니다!",운영중,True,True,송천1동,official_coordinates,https://www.data.go.kr/data/15076735/fileData.do; 2022-04-01,2022-04-01
320052,맛으로 만족하는 족발보쌈,전북특별자치도 전주시 덕진구 두간로 28,전북특별자치도 전주시 덕진구 송천동1가 823-3,35.8651313,127.1174734,050-7964-0898,족발,,"전라북도 전주시에서 맛집을 찾으신다면 ""맛으로 만족하는 족발보쌈""을 추천합니다.",운영중,True,True,송천2동,official_coordinates,https://www.data.go.kr/data/15076735/fileData.do; 2022-04-01,2022-04-01
325010,아리아랑,전북특별자치도 전주시 완산구 홍산북로 29-9 2층,전북특별자치도 전주시 완산구 효자동2가 1231-3,35.8182298,127.1049586,063-242-2312,한식,일반음식점,"전라북도 전주시에서 맛집을 찾으신다면 ""아리아랑""을 추천합니다. 지방자치단체 인증을 받은 농림축산식품부 제공 안심식당입니다. 레드테이블에서 온라인 예약이 가능합니다! 주차공간, 다국어 메뉴판이 있는 매장입니다.",운영중,True,True,효자5동,official_coordinates,https://www.data.go.kr/data/15076735/fileData.do; 2022-04-01,2022-04-01
325019,온정,전북특별자치도 전주시 완산구 석산1길 6-23  ,전북특별자치도 전주시 완산구 효자동3가 1697-6 ,35.8196878,127.1039598,063-282-0907,한식,일반음식점,"전라북도 전주시에 가신다면 ""온정""에 방문해보세요~ 레드테이블에서 온라인 예약이 가능합니다! 반려동물 입장이 가능한 매장입니다. 배달 가능한 매장입니다. 다국어 메뉴판이 있는 매장입니다.",운영중,True,True,효자5동,official_coordinates,https://www.data.go.kr/data/15076735/fileData.do; 2022-04-01,2022-04-01
325023,네네치킨 전주효자점,전북특별자치도 전주시 완산구 강변로 120 한강아파트,전북특별자치도 전주시 완산구 효자동1가 660-1,35.8018676,127.1131491,063-227-4482,,일반음식점,"어디 가야 할지 고민이시라고요? 그럼 전라북도 전주시 맛집, ""네네치킨(효자점)""을 추천합니다! 배달 가능한 매장입니다. 다국어 메뉴판이 있는 매장입니다.",운영중,True,True,효자3동,official_coordinates,https://www.data.go.kr/data/15076735/fileData.do; 2022-04-01,2022-04-01
325075,미가식당,전북특별자치도 전주시 완산구 따박골로 57,전북특별자치도 전주시 완산구 중화산동2가 540-1,35.8112564,127.1266546,063-253-9254,한식,일반음식점,"전라북도 전주시에 가신다면 ""미가식당""에 방문해보세요~ 레드테이블에서 온라인 예약이 가능합니다! 다국어 메뉴판이 있는 매장입니다.",운영중,True,True,중화산1동,official_coordinates,https://www.data.go.kr/data/15076735/fileData.do; 2022-04-01,2022-04-01
325027,족발야시장,전북특별자치도 전주시 완산구 중화산로 91,전북특별자치도 전주시 완산구 중화산동2가 770-6,35.8185114,127.1179604,063-227-4969,호프/통닭,일반음식점,"""족발야시장(중화산점)""을 전라북도 전주시의 가 볼 만한 식당으로 추천합니다! 레드테이블과 네이버에서 온라인 예약이 가능합니다! 배달 가능한 매장입니다. 다국어 메뉴판, 무선 인터넷이 있는 매장입니다.",운영중,True,True,중화산2동,official_coordinates,https://www.data.go.kr/data/15076735/fileData.do; 2022-04-01,2022-04-01
325034,솔쓰하우스,전북특별자치도 전주시 완산구 백마산길 32 2층,전북특별자치도 전주시 완산구 효자동3가 1175-3,35.8171636,127.0897793,,한식,일반음식점,"전라북도 전주시에서 어디를 갈지 고민이라면! ""솔쓰하우스""에 가보시는 건 어떨까요? 레드테이블에서 온라인 예약이 가능합니다! 다국어 메뉴판이 있는 매장입니다.",운영중,True,True,효자4동,official_coordinates,https://www.data.go.kr/data/15076735/fileData.do; 2022-04-01,2022-04-01
325035,현대옥 남부시장점,전북특별자치도 전주시 완산구 풍남문2길 63,전북특별자치도 전주시 완산구 전동3가 2-242,35.8124262,127.1466061,063-282-7214,한식,일반음식점,"2016년 02월 29일 SBS 생방송투데이 1580회, 2015년 09월 16일 tvN 수요미식회 34회 등 여러 방송에서 다룬 바로 그 곳! 전라북도 전주시 인기 맛집 ""현대옥(남부시장점)""을 방문해보세요! 주차공간, 다국어 메뉴판이 있는 매장입니다.",운영중,True,True,풍남동,official_coordinates,https://www.data.go.kr/data/15076735/fileData.do; 2022-04-01,2022-04-01
325038,화로로 화로구이,전북특별자치도 전주시 완산구 강변로 17,전북특별자치도 전주시 완산구 삼천동1가 725-2,35.7988554,127.1119443,063-229-9582,한식,일반음식점,"무엇을 먹을지 고민되신다고요? 전라북도 전주시에 계시다면 ""화로로화로구이(본점)""를 추천합니다! 레드테이블에서 온라인 예약이 가능합니다! 남녀 화장실이 구분되어 있는 매장입니다. 다국어 메뉴판이 있는 매장입니다.",운영중,True,True,삼천3동,official_coordinates,https://www.data.go.kr/data/15076735/fileData.do; 2022-04-01,2022-04-01
325044,현대옥 서신점,전북특별자치도 전주시 완산구 서신천변10길 7,전북특별자치도 전주시 완산구 서신동 816-4 신명원룸,35.8299826,127.1149002,063-272-0030,한식,일반음식점,"전라북도 전주시에서 맛집을 찾으신다면 ""현대옥(서신점)""을 추천합니다. 레드테이블에서 온라인 예약이 가능합니다! 배달 가능한 매장입니다. 다국어 메뉴판이 있는 매장입니다.",운영중,True,True,서신동,official_coordinates,https://www.data.go.kr/data/15076735/fileData.do; 2022-04-01,2022-04-01
325060,다사랑치킨피자 삼천점,전북특별자치도 전주시 완산구 거마평로 48,전북특별자치도 전주시 완산구 삼천동1가 608-5,35.7966563,127.1170554,063-236-9233,,일반음식점,"전라북도 전주시에서 가 볼 만한 식당을 찾으신다면? ""다사랑치킨피자(삼천점)""를 추천합니다! 레드테이블에서 온라인 예약이 가능합니다! 배달 가능한 매장입니다. 다국어 메뉴판이 있는 매장입니다.",운영중,True,True,삼천2동,official_coordinates,https://www.data.go.kr/data/15076735/fileData.do; 2022-04-01,2022-04-01
325064,조가네갑오징어 전북도청점,전북특별자치도 전주시 완산구 바우배기2길 14 보람빌딩 1층,전북특별자치도 전주시 완산구 효자동2가 1235-10,35.8167541,127.1032908,063-229-5522,호프/통닭,일반음식점,"""조가네갑오징어(전북도청점)""를 전라북도 전주시의 가 볼 만한 식당으로 추천합니다! 레드테이블에서 온라인 예약이 가능합니다! 배달 가능한 매장입니다. 주차공간, 다국어 메뉴판, 그리고 무선 인터넷이 있는 매장입니다.",운영중,True,True,효자5동,official_coordinates,https://www.data.go.kr/data/15076735/fileData.do; 2022-04-01,2022-04-01
325068,백탄참숯불구이,전북특별자치도 전주시 완산구 효자천변1길 26-33,전북특별자치도 전주시 완산구 효자동1가 667-7,35.799064,127.1149358,063-236-1161,한식,일반음식점,"무엇을 먹을지 고민되신다고요? 전라북도 전주시에 계시다면 ""백탄참숯불구이""를 추천합니다! 레드테이블에서 온라인 예약이 가능합니다! 배달 가능한 매장입니다. 다국어 메뉴판이 있는 매장입니다.",운영중,True,True,효자3동,official_coordinates,https://www.data.go.kr/data/15076735/fileData.do; 2022-04-01,2022-04-01
325032,"안녕,다가동",전북특별자치도 전주시 완산구 전주객사2길 28-7,전북특별자치도 전주시 완산구 고사동 462-8,35.8182115,127.1412693,063-232-0011,호프/통닭,일반음식점,"전라북도 전주시에 가신다면 ""안녕다가동""에 방문해보세요~ 레드테이블에서 온라인 예약이 가능합니다! 반려동물 입장이 가능한 매장입니다. 배달 가능한 매장입니다. 다국어 메뉴판이 있는 매장입니다.",운영중,True,True,중앙동,official_coordinates,https://www.data.go.kr/data/15076735/fileData.do; 2022-04-01,2022-04-01
301085,매당,전북특별자치도 전주시 완산구 은행로 20-4,전북특별자치도 전주시 완산구 풍남동1가 52-1,35.8184129,127.1515907,063-284-4955,한식,일반음식점,"무엇을 먹을지 고민되신다고요? 전라북도 전주시에 계시다면 ""매당""을 추천합니다! 레드테이블에서 온라인 예약이 가능합니다! 주차공간, 다국어 메뉴판이 있는 매장입니다.",운영중,True,True,풍남동,official_coordinates,https://www.data.go.kr/data/15076735/fileData.do; 2022-04-01,2022-04-01
301083,역전할머니맥주 삼천점,전북특별자치도 전주시 완산구 용리로 31,전북특별자치도 전주시 완산구 삼천동1가 725-10 일진빌딩,35.7988445,127.1132005,,호프/통닭,일반음식점,"""역전할머니맥주(삼천점)""는 전라북도 전주시에 있습니다. 레드테이블에서 온라인 예약이 가능합니다! 남녀 화장실이 구분되어 있는 매장입니다. 주차공간, 다국어 메뉴판, 그리고 무선 인터넷이 있는 매장입니다.",운영중,True,True,삼천3동,official_coordinates,https://www.data.go.kr/data/15076735/fileData.do; 2022-04-01,2022-04-01
301082,양푼일번가,전북특별자치도 전주시 완산구 전주객사3길 73-2,전북특별자치도 전주시 완산구 고사동 321-9,35.8205499,127.141345,063-273-2468,한식,일반음식점,"전라북도 전주시에 가신다면 ""양푼일번가""에 방문해보세요~ 레드테이블에서 온라인 예약이 가능합니다! 배달 가능한 매장입니다. 다국어 메뉴판이 있는 매장입니다.",운영중,True,True,중앙동,official_coordinates,https://www.data.go.kr/data/15076735/fileData.do; 2022-04-01,2022-04-01
279677,황토추어탕,전북특별자치도 전주시 완산구 공북5길 11,전북특별자치도 전주시 완산구 태평동 4-4,35.8267533,127.1409478,063-277-3999,일반조리판매,휴게음식점,"전라북도 전주시에서 가 볼 만한 식당을 찾으신다면? ""황토추어탕""을 추천합니다! 레드테이블에서 온라인 예약이 가능합니다! 다국어 메뉴판이 있는 매장입니다.",운영중,True,True,중앙동,official_coordinates,https://www.data.go.kr/data/15076735/fileData.do; 2022-04-01,2022-04-01
279681,샌드리아,전북특별자치도 전주시 완산구 홍산북로 13(수정빌딩 1층 102호 효자동2가)	,전북특별자치도 전주시 완산구 효자동2가 1229-6 수정빌딩,35.8175853,127.1033017,063-222-2289,일반조리판매,휴게음식점,"""샌드리아(전주효자점)""는 전라북도 전주시에 있습니다. 레드테이블에서 온라인 예약이 가능합니다! 남녀 화장실이 구분되어 있는 매장입니다. 배달 가능한 매장입니다. 주차공간, 다국어 메뉴판, 그리고 무선 인터넷이 있는 매장입니다.",운영중,True,True,효자5동,official_coordinates,https://www.data.go.kr/data/15076735/fileData.do; 2022-04-01,2022-04-01
279692,안전빵,전북특별자치도 전주시 완산구 충경로 112,전북특별자치도 전주시 완산구 풍남동1가 10-1,35.8196569,127.1509912,063-231-2344,일반조리판매,휴게음식점,"전라북도 전주시에서 맛집을 찾으신다면 ""안전빵""을 추천합니다. 레드테이블에서 온라인 예약이 가능합니다! 다국어 메뉴판이 있는 매장입니다.",운영중,True,True,풍남동,official_coordinates,https://www.data.go.kr/data/15076735/fileData.do; 2022-04-01,2022-04-01
279696,베스트빈,전북특별자치도 전주시 완산구 노송여울2길 36,전북특별자치도 전주시 완산구 평화동1가 747-7,35.8246921,127.1452793,,커피숍,휴게음식점,"전라북도 전주시에서 어디를 갈지 고민이라면! ""베스트빈(전주점)""에 가보시는 건 어떨까요? 레드테이블에서 온라인 예약이 가능합니다! 다국어 메뉴판이 있는 매장입니다.",운영중,True,True,노송동,official_coordinates,https://www.data.go.kr/data/15076735/fileData.do; 2022-04-01,2022-04-01
279718,파리바게뜨 전주중앙점,전북특별자치도 전주시 완산구 팔달로 191-6,전북특별자치도 전주시 완산구 고사동 61-1,35.819412,127.1460522,063-288-8205,제과점영업,제과점영업,"""파리바게뜨(전주중앙점)""는 전라북도 전주시에 있습니다. 레드테이블에서 온라인 예약이 가능합니다! 배달 가능한 매장입니다. 다국어 메뉴판이 있는 매장입니다.",운영중,True,True,중앙동,official_coordinates,https://www.data.go.kr/data/15076735/fileData.do; 2022-04-01,2022-04-01
279735,거기커피,전북특별자치도 전주시 덕진구 명륜4길 21,전북특별자치도 전주시 덕진구 덕진동1가 1312-77,35.8438835,127.1269558,063-273-0428,기타,일반음식점,"전라북도 전주시에서 맛집을 찾으신다면 ""거기커피""를 추천합니다. 레드테이블에서 온라인 예약이 가능합니다! 배달 가능한 매장입니다. 키오스크, 다국어 메뉴판이 있는 매장입니다.",운영중,True,True,덕진동,official_coordinates,https://www.data.go.kr/data/15076735/fileData.do; 2022-04-01,2022-04-01
279737,솜리치킨 송천점,전북특별자치도 전주시 덕진구 붓내3길 44,전북특별자치도 전주시 덕진구 송천동2가 221,35.8662156,127.1263885,063-253-5262,,일반음식점,"어디 가야 할지 고민이시라고요? 그럼 전라북도 전주시 맛집, ""솜리치킨(송천점)""을 추천합니다! 남녀 화장실이 구분되어 있는 매장입니다. 배달 가능한 매장입니다. 주차공간, 다국어 메뉴판, 그리고 무선 인터넷이 있는 매장입니다.",운영중,True,True,송천1동,official_coordinates,https://www.data.go.kr/data/15076735/fileData.do; 2022-04-01,2022-04-01
279675,진삼미샌드위치,전북특별자치도 전주시 완산구 거마평로 125,전북특별자치도 전주시 완산구 효자동1가 652,35.8036084,127.1151073,063-221-9801,일반조리판매,휴게음식점,"전라북도 전주시에서 어디를 갈지 고민이라면! ""진삼미샌드위치""에 가보시는 건 어떨까요? 레드테이블에서 온라인 예약이 가능합니다! 다국어 메뉴판이 있는 매장입니다.",운영중,True,True,효자3동,official_coordinates,https://www.data.go.kr/data/15076735/fileData.do; 2022-04-01,2022-04-01
279740,콩나루콩나물국밥 송천점,전북특별자치도 전주시 덕진구 솔내8길 12,전북특별자치도 전주시 덕진구 송천동1가 485-17,35.8608877,127.1226223,063-277-9011,한식,일반음식점,"어디 가야 할지 고민이시라고요? 그럼 전라북도 전주시 맛집, ""콩나루콩나물국밥(송천점)""을 추천합니다! 레드테이블에서 온라인 예약이 가능합니다! 남녀 화장실이 구분되어 있는 매장입니다. 주차공간, 다국어 메뉴판이 있는 매장입니다.",운영중,True,True,송천1동,official_coordinates,https://www.data.go.kr/data/15076735/fileData.do; 2022-04-01,2022-04-01
279760,한쌈 송천점,전북특별자치도 전주시 덕진구 두간로 53,전북특별자치도 전주시 덕진구 송천동1가 810-1,35.8654372,127.1202892,063-255-4773,경양식,일반음식점,"전라북도 전주시에서 어디를 갈지 고민이라면! ""한쌈(송천점)""에 가보시는 건 어떨까요? 레드테이블에서 온라인 예약이 가능합니다! 다국어 메뉴판이 있는 매장입니다.",운영중,True,True,송천2동,official_coordinates,https://www.data.go.kr/data/15076735/fileData.do; 2022-04-01,2022-04-01
279764,엄마손,전북특별자치도 전주시 덕진구 명륜5길 19-6,전북특별자치도 전주시 덕진구 덕진동1가 1312-68,35.8446195,127.1256611,063-274-2886,한식,일반음식점,"전라북도 전주시에서 가 볼 만한 식당을 찾으신다면? ""엄마손""을 추천합니다! 다국어 메뉴판이 있는 매장입니다.",운영중,True,True,덕진동,official_coordinates,https://www.data.go.kr/data/15076735/fileData.do; 2022-04-01,2022-04-01
279771,오박사동태탕아구찜,전북특별자치도 전주시 덕진구 송천중앙로 230,전북특별자치도 전주시 덕진구 송천동2가 489-1,35.8676091,127.1218927,063-274-2727,한식,일반음식점,"전라북도 전주시에서 어디를 갈지 고민이라면! ""오박사동태탕아구찜""에 가보시는 건 어떨까요? 위생 수준이 우수하고 친절한 서비스로 지방자치단체의 선정을 받은 모범음식점입니다. 지방자치단체 인증을 받은 농림축산식품부 제공 안심식당입니다. 레드테이블에서 온라인 예약이 가능합니다! 배달 가능한 매장입니다. 다국어 메뉴판이 있는 매장입니다.",운영중,True,True,송천1동,official_coordinates,https://www.data.go.kr/data/15076735/fileData.do; 2022-04-01,2022-04-01
279779,족발타령,전북특별자치도 전주시 덕진구 시천로 82-1,전북특별자치도 전주시 덕진구 송천동1가 561-1,35.8666811,127.1150034,063-255-0555,호프/통닭,일반음식점,"""족발타령(본점)""은 전라북도 전주시에 있습니다. 다국어 메뉴판이 있는 매장입니다.",운영중,True,True,송천2동,official_coordinates,https://www.data.go.kr/data/15076735/fileData.do; 2022-04-01,2022-04-01
279780,교촌치킨인후점,전북특별자치도 전주시 덕진구 견훤로 314,전북특별자치도 전주시 덕진구 인후동1가 756-18,35.8395033,127.1558408,063-241-9282,,일반음식점,"무엇을 먹을지 고민되신다고요? 전라북도 전주시에 계시다면 ""교촌치킨(인후점)""을 추천합니다! 레드테이블에서 온라인 예약이 가능합니다! 배달 가능한 매장입니다. 다국어 메뉴판이 있는 매장입니다.",운영중,True,True,인후1동,official_coordinates,https://www.data.go.kr/data/15076735/fileData.do; 2022-04-01,2022-04-01
279788,본참치 송천점,전북특별자치도 전주시 덕진구 두간로 23 1층,전북특별자치도 전주시 덕진구 송천동1가 804-1,35.8654795,127.1170949,063-252-5366,일식,일반음식점,"""본참치(송천점)""는 전라북도 전주시에 있습니다. 배달 가능한 매장입니다. 다국어 메뉴판이 있는 매장입니다.",운영중,True,True,송천2동,official_coordinates,https://www.data.go.kr/data/15076735/fileData.do; 2022-04-01,2022-04-01
279793,돈연탄불구이,전북특별자치도 전주시 덕진구 두간로 20,전북특별자치도 전주시 덕진구 송천동1가 824-4,35.8651785,127.1166056,063-251-2105,한식,일반음식점,"전라북도 전주시에서 가 볼 만한 식당을 찾으신다면? ""돈연탄불구이""를 추천합니다! 레드테이블에서 온라인 예약이 가능합니다! 다국어 메뉴판이 있는 매장입니다.",운영중,True,True,송천2동,official_coordinates,https://www.data.go.kr/data/15076735/fileData.do; 2022-04-01,2022-04-01
279751,진안실내마차,전북특별자치도 전주시 덕진구 가리내로 35,전북특별자치도 전주시 덕진구 금암동 706-9,35.8339236,127.1323157,063-276-7056,정종/대포집/소주방,일반음식점,"전라북도 전주시에서 맛집을 찾으신다면 ""진안실내마차""를 추천합니다. 레드테이블에서 온라인 예약이 가능합니다! 다국어 메뉴판이 있는 매장입니다.",운영중,True,True,금암1동,official_coordinates,https://www.data.go.kr/data/15076735/fileData.do; 2022-04-01,2022-04-01
279797,다담,전북특별자치도 전주시 덕진구 백동5길 14,전북특별자치도 전주시 완산구 서신동 936-3,35.8471969,127.1504022,063-242-3004,한식,일반음식점,"전라북도 전주시에 가신다면 ""다담""에 방문해보세요~ 레드테이블에서 온라인 예약이 가능합니다! 다국어 메뉴판이 있는 매장입니다.",운영중,True,True,인후2동,official_coordinates,https://www.data.go.kr/data/15076735/fileData.do; 2022-04-01,2022-04-01
279674,운암콩나물국밥,전북특별자치도 전주시 완산구 풍남문2길 63,전북특별자치도 전주시 완산구 전동3가 2-242 ,35.8124132,127.146605,063-286-1021,한식,일반음식점,"2021년 01월 15일 TV조선 식객허영만의백반기행 86회, 2019년 11월 28일 MBC 생방송오늘저녁 1203회, 2017년 05월 01일 KBS2 2TV생생정보 318회, 2016년 02월 29일 SBS 생방송투데이 1580회, 2015년 07월 14일 KBS2 2TV아침 139회, 2013년 10월 11일 KBS2 VJ특공대 686회, 2013년 07월 09일 KBS2 굿모닝대한민국 552회 등 여러 방송에서 다룬 바로 그 곳! 전라북도 전주시 인기 맛집 ""운암콩나물국밥""을 방문해보세요! 레드테이블에서 온라인 예약이 가능합니다! 주차공간, 다국어 메뉴판이 있는 매장입니다.",운영중,True,True,풍남동,official_coordinates,https://www.data.go.kr/data/15076735/fileData.do; 2022-04-01,2022-04-01
279669,나무라듸오,전북특별자치도 전주시 완산구 전주객사3길 46-5,전북특별자치도 전주시 완산구 고사동 392-4,35.8195464,127.1421468,063-232-7007,,일반음식점,"전라북도 전주시에서 어디를 갈지 고민이라면! ""나무라디오""에 가보시는 건 어떨까요? 레드테이블에서 온라인 예약이 가능합니다! 다국어 메뉴판이 있는 매장입니다.",운영중,True,True,중앙동,official_coordinates,https://www.data.go.kr/data/15076735/fileData.do; 2022-04-01,2022-04-01
279581,참게마을,전북특별자치도 전주시 완산구 현무3길 98,전북특별자치도 전주시 덕진구 우아동1가 1088-7,35.8232977,127.1485435,063-245-8852,한식,일반음식점,"""참게마을""을 전라북도 전주시의 가 볼 만한 식당으로 추천합니다! 레드테이블에서 온라인 예약이 가능합니다! 남녀 화장실이 구분되어 있는 매장입니다. 배달 가능한 매장입니다. 주차공간, 다국어 메뉴판이 있는 매장입니다.",운영중,True,True,노송동,official_coordinates,https://www.data.go.kr/data/15076735/fileData.do; 2022-04-01,2022-04-01
279582,향유항,전북특별자치도 전주시 완산구 용리로 42,전북특별자치도 전주시 완산구 삼천동1가 285-33 명인한방병원,35.7984299,127.1145512,063-229-4466,중국식,일반음식점,"전라북도 전주시에서 어디를 갈지 고민이라면! ""향유항""에 가보시는 건 어떨까요? 레드테이블에서 온라인 예약이 가능합니다! 반려동물 입장이 가능한 매장입니다. 다국어 메뉴판이 있는 매장입니다.",운영중,True,True,삼천3동,official_coordinates,https://www.data.go.kr/data/15076735/fileData.do; 2022-04-01,2022-04-01
279583,하숙영가마솥비빔밥,전북특별자치도 전주시 완산구 전라감영5길 19-3,전북특별자치도 전주시 완산구 중앙동3가 78-1,35.8174223,127.1458248,063-285-8288,한식,일반음식점,"2019년 09월 27일 TV조선 식객허영만의백반기행 18회, 2019년 08월 01일 SBS 생방송투데이 2382회, 2018년 03월 19일 MBC 생방송오늘저녁 807회, 2016년 05월 11일 tvN 수요미식회 65회 등 여러 방송에서 다룬 바로 그 곳! 전라북도 전주시 인기 맛집 ""중앙회관""을 방문해보세요! 남녀 화장실이 구분되어 있는 매장입니다. 주차공간, 다국어 메뉴판, 그리고 무선 인터넷이 있는 매장입니다.",운영중,True,True,중앙동,official_coordinates,https://www.data.go.kr/data/15076735/fileData.do; 2022-04-01,2022-04-01
279589,작은곰자리,전북특별자치도 전주시 완산구 전주객사4길 73-7,전북특별자치도 전주시 완산구 고사동 361-1,35.8207414,127.14279,063-232-9909,정종/대포집/소주방,일반음식점,"전라북도 전주시에서 가 볼 만한 식당을 찾으신다면? ""작은곰자리""를 추천합니다! 레드테이블에서 온라인 예약이 가능합니다! 남녀 화장실이 구분되어 있는 매장입니다. 다국어 메뉴판, 무선 인터넷이 있는 매장입니다.",운영중,True,True,중앙동,official_coordinates,https://www.data.go.kr/data/15076735/fileData.do; 2022-04-01,2022-04-01
279590,봄초밥여름소바 삼천점,전북특별자치도 전주시 완산구 용리로 32,전북특별자치도 전주시 완산구 삼천동1가 284-12,35.7985005,127.1132794,063-224-5353,,일반음식점,"전라북도 전주시에서 맛집을 찾으신다면 ""봄초밥여름소바(삼천점)""를 추천합니다. 레드테이블에서 온라인 예약이 가능합니다! 남녀 화장실이 구분되어 있는 매장입니다. 배달 가능한 매장입니다. 주차공간, 다국어 메뉴판, 그리고 무선 인터넷이 있는 매장입니다.",운영중,True,True,삼천3동,official_coordinates,https://www.data.go.kr/data/15076735/fileData.do; 2022-04-01,2022-04-01
279591,황제면가,전북특별자치도 전주시 완산구 서원로 322,전북특별자치도 전주시 완산구 중화산동1가 253-9,35.811914,127.1297518,063-236-1001,분식,일반음식점,"어디 가야 할지 고민이시라고요? 그럼 전라북도 전주시 맛집, ""황제면가""를 추천합니다! 레드테이블에서 온라인 예약이 가능합니다! 다국어 메뉴판이 있는 매장입니다.",운영중,True,True,중화산1동,official_coordinates,https://www.data.go.kr/data/15076735/fileData.do; 2022-04-01,2022-04-01
279595,돈까스하우스.com,전북특별자치도 전주시 완산구 용리로 25,전북특별자치도 전주시 완산구 삼천동1가 725-6,35.7988494,127.112574,063-225-4454,경양식,일반음식점,"어디 가야 할지 고민이시라고요? 그럼 전라북도 전주시 맛집, ""돈까스닷컴""을 추천합니다! 레드테이블에서 온라인 예약이 가능합니다! 배달 가능한 매장입니다. 다국어 메뉴판이 있는 매장입니다.",운영중,True,True,삼천3동,official_coordinates,https://www.data.go.kr/data/15076735/fileData.do; 2022-04-01,2022-04-01
279673,우정식당,전북특별자치도 전주시 완산구 풍남문2길 55 남부시장,전북특별자치도 전주시 완산구 전동3가 2,35.8128401,127.1463893,063-282-3491,한식,일반음식점,"2017년 01월 07일 SBS 백종원의3대천왕 67회, 2016년 02월 29일 SBS 생방송투데이 1580회, 2013년 11월 29일 KBS2 굿모닝대한민국 655회 등 여러 방송에서 다룬 바로 그 곳! 전라북도 전주시 인기 맛집 ""우정식당""을 방문해보세요! 레드테이블에서 온라인 예약이 가능합니다! 주차공간, 다국어 메뉴판이 있는 매장입니다.",운영중,True,True,풍남동,official_coordinates,https://www.data.go.kr/data/15076735/fileData.do; 2022-04-01,2022-04-01
279600,길목집,전북특별자치도 전주시 완산구 동문길 64,전북특별자치도 전주시 완산구 풍남동1가 17-1,35.8186978,127.1505001,063-283-2545,정종/대포집/소주방,일반음식점,"무엇을 먹을지 고민되신다고요? 전라북도 전주시에 계시다면 ""길목집""을 추천합니다! 레드테이블에서 온라인 예약이 가능합니다! 다국어 메뉴판이 있는 매장입니다.",운영중,True,True,풍남동,official_coordinates,https://www.data.go.kr/data/15076735/fileData.do; 2022-04-01,2022-04-01
279606,묵은지김치독,전북특별자치도 전주시 완산구 신촌4길 22,전북특별자치도 전주시 완산구 중화산동2가 773-4,35.8179246,127.1157744,063-227-9974,한식,일반음식점,"무엇을 먹을지 고민되신다고요? 전라북도 전주시에 계시다면 ""묵은지김치독""을 추천합니다! 지방자치단체 인증을 받은 농림축산식품부 제공 안심식당입니다. 레드테이블에서 온라인 예약이 가능합니다! 다국어 메뉴판이 있는 매장입니다.",운영중,True,True,중화산2동,official_coordinates,https://www.data.go.kr/data/15076735/fileData.do; 2022-04-01,2022-04-01
279613,중본이쟁반짜장,전북특별자치도 전주시 완산구 공북로 71,전북특별자치도 전주시 완산구 태평동 12-17,35.8261281,127.1395345,063-271-2223,중국식,일반음식점,"""중본이쟁반짜장""을 전라북도 전주시의 가 볼 만한 식당으로 추천합니다! 지방자치단체 인증을 받은 농림축산식품부 제공 안심식당입니다. 레드테이블에서 온라인 예약이 가능합니다! 다국어 메뉴판이 있는 매장입니다.",운영중,True,True,중앙동,official_coordinates,https://www.data.go.kr/data/15076735/fileData.do; 2022-04-01,2022-04-01
279621,마야족발보쌈,전북특별자치도 전주시 완산구 천잠로 502,전북특별자치도 전주시 완산구 효자동3가 1484-3,35.8298083,127.0955833,063-255-1185,한식,일반음식점,"전라북도 전주시에 가신다면 ""마야족발보쌈(효자직영점)""에 방문해보세요~ 남녀 화장실이 구분되어 있는 매장입니다. 주차공간, 다국어 메뉴판, 그리고 무선 인터넷이 있는 매장입니다.",운영중,True,True,효자5동,official_coordinates,https://www.data.go.kr/data/15076735/fileData.do; 2022-04-01,2022-04-01
279623,황제낙지철판아구찜,전북특별자치도 전주시 완산구 고사평로 11,전북특별자치도 전주시 완산구 서신동 947-7,35.8350838,127.109411,063-272-2340,한식,일반음식점,"전라북도 전주시에서 가 볼 만한 식당을 찾으신다면? ""황제아구찜&철판낙지""를 추천합니다! 레드테이블에서 온라인 예약이 가능합니다! 배달 가능한 매장입니다. 주차공간, 다국어 메뉴판이 있는 매장입니다.",운영중,True,True,서신동,official_coordinates,https://www.data.go.kr/data/15076735/fileData.do; 2022-04-01,2022-04-01
279638,옛날 피순대,전북특별자치도 전주시 완산구 풍남문2길 63,전북특별자치도 전주시 완산구 전동3가 2-242 남부시장,35.8124132,127.146605,063-288-0082,한식,일반음식점,"2021년 01월 07일 KBS1 6시내고향 7193회, 2016년 02월 29일 SBS 생방송투데이 1580회 등 여러 방송에서 다룬 바로 그 곳! 전라북도 전주시 인기 맛집 ""옛날피순대""를 방문해보세요! 레드테이블에서 온라인 예약이 가능합니다! 배달 가능한 매장입니다. 주차공간, 다국어 메뉴판이 있는 매장입니다.",운영중,True,True,풍남동,official_coordinates,https://www.data.go.kr/data/15076735/fileData.do; 2022-04-01,2022-04-01
279648,온고을,전북특별자치도 전주시 완산구 효동2길 35,전북특별자치도 전주시 완산구 효자동1가 216-12,35.8034313,127.126277,063-226-7388,호프/통닭,일반음식점,"""온고을""은 전라북도 전주시에 있습니다. 레드테이블에서 온라인 예약이 가능합니다! 다국어 메뉴판이 있는 매장입니다.",운영중,True,True,효자1동,official_coordinates,https://www.data.go.kr/data/15076735/fileData.do; 2022-04-01,2022-04-01
279663,온다라 순대국밥 평화점,전북특별자치도 전주시 완산구 맏내4길 7,전북특별자치도 전주시 완산구 평화동1가 705-2,35.7937023,127.131478,063-229-7383,호프/통닭,일반음식점,"전라북도 전주시에서 식당을 찾으신다면? ""온다라순대국밥(평화점)""을 방문해보세요! 레드테이블에서 온라인 예약이 가능합니다! 다국어 메뉴판이 있는 매장입니다.",운영중,True,True,평화2동,official_coordinates,https://www.data.go.kr/data/15076735/fileData.do; 2022-04-01,2022-04-01
279601,왕뚜껑삼겹살 서곡점,전북특별자치도 전주시 완산구 서곡1길 13-4,전북특별자치도 전주시 완산구 효자동3가 1450-3,35.8351097,127.0994647,063-273-8892,한식,일반음식점,"전라북도 전주시에서 식당을 찾으신다면? ""왕뚜껑삼겹살(서곡점)""을 방문해보세요! 레드테이블에서 온라인 예약이 가능합니다! 다국어 메뉴판이 있는 매장입니다.",운영중,True,True,효자5동,official_coordinates,https://www.data.go.kr/data/15076735/fileData.do; 2022-04-01,2022-04-01
279804,만족왕족발보쌈,전북특별자치도 전주시 덕진구 솔내1길 2-2,전북특별자치도 전주시 덕진구 송천동1가 265-46,35.8515669,127.1209846,063-276-1151,한식,일반음식점,"""만족왕족발보쌈""을 전라북도 전주시의 가 볼 만한 식당으로 추천합니다! 위생 수준이 우수하고 친절한 서비스로 지방자치단체의 선정을 받은 모범음식점입니다. 레드테이블에서 온라인 예약이 가능합니다! 배달 가능한 매장입니다. 다국어 메뉴판이 있는 매장입니다.",운영중,True,True,송천1동,official_coordinates,https://www.data.go.kr/data/15076735/fileData.do; 2022-04-01,2022-04-01
279805,남문할매콩나물국밥설렁탕,전북특별자치도 전주시 덕진구 백제대로 803,전북특별자치도 전주시 완산구 서신동 802-2,35.8481759,127.1561247,063-244-6489,한식,일반음식점,"""남문할매콩나물""을 전라북도 전주시의 가 볼 만한 식당으로 추천합니다! 레드테이블에서 온라인 예약이 가능합니다! 다국어 메뉴판이 있는 매장입니다.",운영중,True,True,우아1동,official_coordinates,https://www.data.go.kr/data/15076735/fileData.do; 2022-04-01,2022-04-01
279809,감탄떡볶이,전북특별자치도 전주시 덕진구 붓내3길 46,전북특별자치도 전주시 덕진구 송천동2가 216-1,35.8665255,127.1264818,063-274-7748,분식,일반음식점,"전라북도 전주시에서 맛집을 찾으신다면 ""감탄떡볶이(송천점)""를 추천합니다. 레드테이블에서 온라인 예약이 가능합니다! 배달 가능한 매장입니다. 다국어 메뉴판이 있는 매장입니다.",운영중,True,True,송천1동,official_coordinates,https://www.data.go.kr/data/15076735/fileData.do; 2022-04-01,2022-04-01
301014,블루스앨리,전북특별자치도 전주시 완산구 홍산북로 70-17,전북특별자치도 전주시 완산구 효자동3가 1538-2,35.8167462,127.1100192,063-225-7787,호프/통닭,일반음식점,"전라북도 전주시에서 맛집을 찾으신다면 ""블루스앨리""를 추천합니다. 레드테이블에서 온라인 예약이 가능합니다! 남녀 화장실이 구분되어 있는 매장입니다. 주차공간, 다국어 메뉴판, 그리고 무선 인터넷이 있는 매장입니다.",운영중,True,True,효자5동,official_coordinates,https://www.data.go.kr/data/15076735/fileData.do; 2022-04-01,2022-04-01
301024,도도랑족발보쌈 중화산직영점,전북특별자치도 전주시 완산구 신촌4길 26-5,전북특별자치도 전주시 완산구 중화산동2가 497-28,35.8182352,127.1152648,063-236-0041,분식,일반음식점,"전라북도 전주시에 가신다면 ""도도랑족발보쌈(중화산점)""에 방문해보세요~ 레드테이블에서 온라인 예약이 가능합니다! 배달 가능한 매장입니다. 다국어 메뉴판이 있는 매장입니다.",운영중,True,True,중화산2동,official_coordinates,https://www.data.go.kr/data/15076735/fileData.do; 2022-04-01,2022-04-01
301025,오후청제주생선구이백반,전북특별자치도 전주시 완산구 신촌4길 26-7,전북특별자치도 전주시 완산구 중화산동2가 497-11,35.8184758,127.1152322,063-229-3395,한식,일반음식점,"""오후청제주생선구이백반""을 전라북도 전주시의 가 볼 만한 식당으로 추천합니다! 레드테이블에서 온라인 예약이 가능합니다! 다국어 메뉴판이 있는 매장입니다.",운영중,True,True,중화산2동,official_coordinates,https://www.data.go.kr/data/15076735/fileData.do; 2022-04-01,2022-04-01
301030,허가낸닭발,전북특별자치도 전주시 완산구 동문길 64,전북특별자치도 전주시 완산구 풍남동1가 17-1,35.8186958,127.1504954,063-288-7297,한식,일반음식점,"전라북도 전주시에서 맛집을 찾으신다면 ""허가낸닭발""을 추천합니다. 레드테이블에서 온라인 예약이 가능합니다! 다국어 메뉴판, 무선 인터넷이 있는 매장입니다.",운영중,True,True,풍남동,official_coordinates,https://www.data.go.kr/data/15076735/fileData.do; 2022-04-01,2022-04-01
301033,멕시칸치킨 삼천효자점,전북특별자치도 전주시 완산구 효자천변2길 23-6,전북특별자치도 전주시 완산구 효자동1가 451,35.8047666,127.1147686,050-3698-6003,일식,일반음식점,"전라북도 전주시에서 어디를 갈지 고민이라면! ""멕시칸 치킨(삼천효자점)""에 가보시는 건 어떨까요? 배달 가능한 매장입니다. 다국어 메뉴판이 있는 매장입니다.",운영중,True,True,효자3동,official_coordinates,https://www.data.go.kr/data/15076735/fileData.do; 2022-04-01,2022-04-01
301038,대양참치,전북특별자치도 전주시 완산구 용리로 23,전북특별자치도 전주시 완산구 삼천동1가 725-5,35.7988506,127.1124149,063-229-3737,회집,일반음식점,"전라북도 전주시에서 식당을 찾으신다면? ""대양참치""를 방문해보세요! 지방자치단체 인증을 받은 농림축산식품부 제공 안심식당입니다. 레드테이블에서 온라인 예약이 가능합니다! 배달 가능한 매장입니다. 다국어 메뉴판이 있는 매장입니다.",운영중,True,True,삼천3동,official_coordinates,https://www.data.go.kr/data/15076735/fileData.do; 2022-04-01,2022-04-01
301039,옛날멸치국수,전북특별자치도 전주시 완산구 거마서로 29,전북특별자치도 전주시 완산구 삼천동1가 650-5,35.7952891,127.1192656,063-227-2238,호프/통닭,일반음식점,"전라북도 전주시에서 어디를 갈지 고민이라면! ""옛날멸치국수""에 가보시는 건 어떨까요? 레드테이블에서 온라인 예약이 가능합니다! 다국어 메뉴판이 있는 매장입니다.",운영중,True,True,삼천2동,official_coordinates,https://www.data.go.kr/data/15076735/fileData.do; 2022-04-01,2022-04-01
301011,화산물갈비전주본점,전북특별자치도 전주시 완산구 신촌4길 19,전북특별자치도 전주시 완산구 중화산동2가 783-7,35.8175783,127.116071,063-223-2778,한식,일반음식점,"전라북도 전주시에 방문하신다면, ""화산물갈비(전주본점)""에 가보시는 것은 어떨까요? 2021년 05월 07일 SBS 생방송투데이 2819회에 방영되었을 만큼 소문난 매장이랍니다! 지방자치단체 인증을 받은 농림축산식품부 제공 안심식당입니다. 레드테이블에서 온라인 예약이 가능합니다! 남녀 화장실이 구분되어 있는 매장입니다. 배달 가능한 매장입니다. 주차공간, 다국어 메뉴판, 그리고 무선 인터넷이 있는 매장입니다.",운영중,True,True,중화산2동,official_coordinates,https://www.data.go.kr/data/15076735/fileData.do; 2022-04-01,2022-04-01
301040,참좋은김밥천국,전북특별자치도 전주시 완산구 홍산로 377,전북특별자치도 전주시 완산구 효자동3가 1609-15,35.8275082,127.1056378,063-223-6325,한식,일반음식점,"전라북도 전주시에 가신다면 ""자연말이김밥천국""에 방문해보세요~ 레드테이블에서 온라인 예약이 가능합니다! 다국어 메뉴판이 있는 매장입니다.",운영중,True,True,효자5동,official_coordinates,https://www.data.go.kr/data/15076735/fileData.do; 2022-04-01,2022-04-01
301057,솜씨가,전북특별자치도 전주시 완산구 삼천천변2길 34,전북특별자치도 전주시 완산구 삼천동1가 427-2,35.7964386,127.1136627,063-221-1277,한식,일반음식점,"2017년 07월 04일 SBS 생방송투데이 1908회에서 소개되었던 맛집, ""솜씨가""입니다! 전라북도 전주시 근처라면 방문해보세요. 레드테이블에서 온라인 예약이 가능합니다! 다국어 메뉴판이 있는 매장입니다.",운영중,True,True,삼천3동,official_coordinates,https://www.data.go.kr/data/15076735/fileData.do; 2022-04-01,2022-04-01
301059,남노갈비 효자직영점,전북특별자치도 전주시 완산구 서원로 138 ,전북특별자치도 전주시 완산구 효자동2가 1159-3,35.8134002,127.1096058,063-226-3525,한식,일반음식점,"어디 가야 할지 고민이시라고요? 그럼 전라북도 전주시 맛집, ""남노갈비(효자직영점)""를 추천합니다! 레드테이블에서 온라인 예약이 가능합니다! 배달 가능한 매장입니다. 다국어 메뉴판이 있는 매장입니다.",운영중,True,True,효자4동,official_coordinates,https://www.data.go.kr/data/15076735/fileData.do; 2022-04-01,2022-04-01
301069,조선치킨 서곡점,전북특별자치도 전주시 완산구 세내로 512,전북특별자치도 전주시 완산구 효자동3가 1472-1,35.8325269,127.1027889,063-272-9983,호프/통닭,일반음식점,"전라북도 전주시에서 맛집을 찾으신다면 ""조선치킨(서곡점)""을 추천합니다. 레드테이블에서 온라인 예약이 가능합니다! 배달 가능한 매장입니다. 다국어 메뉴판이 있는 매장입니다.",운영중,True,True,효자5동,official_coordinates,https://www.data.go.kr/data/15076735/fileData.do; 2022-04-01,2022-04-01
301070,알뜰막걸리,전북특별자치도 전주시 완산구 효동2길 14-23,전북특별자치도 전주시 완산구 효자동1가  201-52,35.8048543,127.1260938,,한식,일반음식점,"어디 가야 할지 고민이시라고요? 그럼 전라북도 전주시 맛집, ""알뜰막걸리""를 추천합니다! 레드테이블에서 온라인 예약이 가능합니다! 다국어 메뉴판이 있는 매장입니다.",운영중,True,True,효자1동,official_coordinates,https://www.data.go.kr/data/15076735/fileData.do; 2022-04-01,2022-04-01
301071,솔솔김밥,전북특별자치도 전주시 완산구 용머리로 32,전북특별자치도 전주시 완산구 효자동1가 454-3,35.8054266,127.1140101,063-226-5006,분식,일반음식점,"어디 가야 할지 고민이시라고요? 그럼 전라북도 전주시 맛집, ""솔솔김밥""을 추천합니다! 레드테이블에서 온라인 예약이 가능합니다! 배달 가능한 매장입니다. 다국어 메뉴판이 있는 매장입니다.",운영중,True,True,효자3동,official_coordinates,https://www.data.go.kr/data/15076735/fileData.do; 2022-04-01,2022-04-01
301072,러빙헛,전북특별자치도 전주시 완산구 감나무로 61-13(서신동),전북특별자치도 전주시 덕진구 중동 775-2,35.8317587,127.1184141,063-224-8929,분식,일반음식점,"전라북도 전주시에서 가 볼 만한 식당을 찾으신다면? ""러빙헛(서신점)""을 추천합니다! 레드테이블에서 온라인 예약이 가능합니다! 다국어 메뉴판이 있는 매장입니다.",운영중,True,True,서신동,official_coordinates,https://www.data.go.kr/data/15076735/fileData.do; 2022-04-01,2022-04-01
301079,사람사는세상,전북특별자치도 전주시 완산구 중산10길 16-4,전북특별자치도 전주시 완산구 중화산동2가 599-1,35.8184811,127.1217407,063-282-8735,정종/대포집/소주방,일반음식점,"""사람사는세상""을 전라북도 전주시의 가 볼 만한 식당으로 추천합니다! 레드테이블에서 온라인 예약이 가능합니다! 다국어 메뉴판이 있는 매장입니다.",운영중,True,True,중화산2동,official_coordinates,https://www.data.go.kr/data/15076735/fileData.do; 2022-04-01,2022-04-01
301053,조은갈비,전북특별자치도 전주시 완산구 신촌4길 26-3,전북특별자치도 전주시 완산구 중화산동2가 495-17,35.818002,127.1151864,063-228-8666,한식,일반음식점,"전라북도 전주시에서 맛집을 찾으신다면 ""조은갈비(본점)""를 추천합니다. 레드테이블에서 온라인 예약이 가능합니다! 남녀 화장실이 구분되어 있는 매장입니다. 주차공간, 다국어 메뉴판, 그리고 무선 인터넷이 있는 매장입니다.",운영중,True,True,중화산2동,official_coordinates,https://www.data.go.kr/data/15076735/fileData.do; 2022-04-01,2022-04-01
301010,누이단팥빵 한옥마을점,전북특별자치도 전주시 완산구 태조로 29-1,전북특별자치도 전주시 완산구 교동 72-3,35.8142408,127.1515741,063-281-0000,호프/통닭,일반음식점,"""누이단팥빵(한옥마을점)""을 전라북도 전주시의 가 볼 만한 식당으로 추천합니다! 레드테이블에서 온라인 예약이 가능합니다! 다국어 메뉴판이 있는 매장입니다.",운영중,True,True,풍남동,official_coordinates,https://www.data.go.kr/data/15076735/fileData.do; 2022-04-01,2022-04-01
301007,저팔계 족발보쌈,전북특별자치도 전주시 완산구 맏내4길 5-4,전북특별자치도 전주시 완산구 평화동1가 705-3 저팔계족발보쌈,35.7935859,127.1314251,063-236-7271,한식,일반음식점,"전라북도 전주시에서 가 볼 만한 식당을 찾으신다면? ""저팔계왕족발보쌈""을 추천합니다! 레드테이블에서 온라인 예약이 가능합니다! 주차공간, 다국어 메뉴판이 있는 매장입니다.",운영중,True,True,평화2동,official_coordinates,https://www.data.go.kr/data/15076735/fileData.do; 2022-04-01,2022-04-01
301004,우리밀동우,전북특별자치도 전주시 완산구 한두평2길 6,전북특별자치도 전주시 완산구 중화산동2가 647 우리밀동우,35.8134098,127.1235476,063-224-2255,중국식,일반음식점,"2014년 02월 04일 KBS2 생생정보통 805회, 2013년 01월 07일 KBS2 굿모닝대한민국 421회, 2012년 08월 27일 KBS2 생생정보통 508회, 2012년 01월 31일 MBC 생방송오늘아침 1421회 등 많은 방송에 등장한 바로 그 곳! 전라북도 전주시에 가시면 소문난 맛집 ""우리밀동우(본점)""를 방문해보세요! 레드테이블에서 온라인 예약이 가능합니다! 배달 가능한 매장입니다. 다국어 메뉴판이 있는 매장입니다.",운영중,True,True,중화산1동,official_coordinates,https://www.data.go.kr/data/15076735/fileData.do; 2022-04-01,2022-04-01
279818,건어물을굽는남자들,전북특별자치도 전주시 덕진구 명륜3길 11 지하1층,전북특별자치도 전주시 덕진구 덕진동1가 1263-10,35.8424185,127.1273988,063-255-9295,한식,일반음식점,"""건어물을굽는남자들""은 전라북도 전주시에 있습니다. 레드테이블에서 온라인 예약이 가능합니다! 남녀 화장실이 구분되어 있는 매장입니다. 다국어 메뉴판, 무선 인터넷이 있는 매장입니다.",운영중,True,True,덕진동,official_coordinates,https://www.data.go.kr/data/15076735/fileData.do; 2022-04-01,2022-04-01
279819,대관령동태찌개와낙지볶음 송천점,전북특별자치도 전주시 덕진구 두간로 56,전북특별자치도 전주시 덕진구 송천동1가 811-2,35.8646894,127.1202602,063-275-5875,한식,일반음식점,"전라북도 전주시에서 맛집을 찾으신다면 ""대관령동태찌개와낚지볶음(송천점)""을 추천합니다. 다국어 메뉴판이 있는 매장입니다.",운영중,True,True,송천2동,official_coordinates,https://www.data.go.kr/data/15076735/fileData.do; 2022-04-01,2022-04-01
279828,1983연탄집,전북특별자치도 전주시 덕진구 덕진광장로 1-11,전북특별자치도 전주시 덕진구 덕진동1가 1279-5,35.8445103,127.1240468,063-277-1983,한식,일반음식점,"어디 가야 할지 고민이시라고요? 그럼 전라북도 전주시 맛집, ""1983연탄집""을 추천합니다! 남녀 화장실이 구분되어 있는 매장입니다. 다국어 메뉴판이 있는 매장입니다.",운영중,True,True,덕진동,official_coordinates,https://www.data.go.kr/data/15076735/fileData.do; 2022-04-01,2022-04-01
279833,한식분식마당,전북특별자치도 전주시 덕진구 가리내로 38,전북특별자치도 전주시 덕진구 금암동 705-7,35.8342495,127.1319396,063-255-6285,한식,일반음식점,"전라북도 전주시에서 어디를 갈지 고민이라면! ""한식분식마당""에 가보시는 건 어떨까요? 레드테이블에서 온라인 예약이 가능합니다! 다국어 메뉴판이 있는 매장입니다.",운영중,True,True,금암1동,official_coordinates,https://www.data.go.kr/data/15076735/fileData.do; 2022-04-01,2022-04-01
285765,감성커피 전주KBS점,전북특별자치도 전주시 완산구 마전중앙로 13,전북특별자치도 전주시 완산구 효자동3가 1633-4,35.8234343,127.1032545,063-222-5552,카페,,"어디 가야 할지 고민이시라고요? 그럼 전라북도 전주시 맛집, ""감성커피 전주KBS점""을 추천합니다!",운영중,True,True,효자5동,official_coordinates,https://www.data.go.kr/data/15076735/fileData.do; 2022-04-01,2022-04-01
288244,드롭탑 서전주CGV점,전북특별자치도 전주시 완산구 홍산로 260,전북특별자치도 전주시 완산구 효자동3가 1531-2,35.816831,127.1064634,063-228-5242,카페,,"어디 가야 할지 고민이시라고요? 그럼 전라북도 전주시 맛집, ""드롭탑 서전주CGV점""을 추천합니다!",운영중,True,True,효자5동,official_coordinates,https://www.data.go.kr/data/15076735/fileData.do; 2022-04-01,2022-04-01
289336,아중고기마트중화산점,전북특별자치도 전주시 완산구 한두평4길 6,전북특별자치도 전주시 완산구 중화산동2가 649,35.8155342,127.1235804,063-228-9213,한식,,"전라북도 전주시에서 식당을 찾으신다면? ""아중고기마트중화산점""을 방문해보세요!",운영중,True,True,중화산1동,official_coordinates,https://www.data.go.kr/data/15076735/fileData.do; 2022-04-01,2022-04-01
865830,피자스쿨 삼천점,전북특별자치도 전주시 완산구 거마평로 33,전북특별자치도 전주시 완산구 삼천동1가 289-5 흥건2차아파트상가,35.7954015,127.1166518,063-237-3070,피자,,"전라북도 전주시에서 식당을 찾으신다면? ""피자스쿨 삼천점""을 방문해보세요!",운영중,True,True,삼천3동,official_coordinates,https://www.data.go.kr/data/15076735/fileData.do; 2022-04-01,2022-04-01
295018,페더럴,전북 전주시 덕진구 팔달로 349,,35.8364439,127.1258817,,브런치,,"전북 전주시에서 가 볼 만한 식당을 찾으신다면? ""페더럴""을 추천합니다!",운영중,True,True,덕진동,official_coordinates,https://www.data.go.kr/data/15076735/fileData.do; 2022-04-01,2022-04-01
297653,치노식당,전북특별자치도 전주시 완산구 전라감영2길 43,전북특별자치도 전주시 완산구 다가동3가 114-1,35.8163701,127.1409769,070-4063-0324,파스타,,"무엇을 먹을지 고민되신다고요? 전라북도 전주시에 계시다면 ""치노식당""을 추천합니다!",운영중,True,True,중앙동,official_coordinates,https://www.data.go.kr/data/15076735/fileData.do; 2022-04-01,2022-04-01
299286,은쟁반카페,전북특별자치도 전주시 완산구 황강서원로 39,전북특별자치도 전주시 완산구 효자동3가 1595-9,35.8288486,127.1015867,063-223-0357,카페,,"전라북도 전주시에서 맛집을 찾으신다면 ""은쟁반카페""를 추천합니다.",운영중,True,True,효자5동,official_coordinates,https://www.data.go.kr/data/15076735/fileData.do; 2022-04-01,2022-04-01
865818,친구네집만화카페,전북특별자치도 전주시 덕진구 명륜3길 9-1 2층,전북특별자치도 전주시 덕진구 덕진동1가 1266-6,35.8423358,127.1268283,050-7133-4407,카페,,"전라북도 전주시에서 식당을 찾으신다면? ""친구네집만화카페""를 방문해보세요!",운영중,True,True,덕진동,official_coordinates,https://www.data.go.kr/data/15076735/fileData.do; 2022-04-01,2022-04-01
300990,고창심원풍천장어,전북특별자치도 전주시 완산구 신촌2길 26,전북특별자치도 전주시 완산구 중화산동2가 482-4,35.8144475,127.1157722,063-223-9889,한식,일반음식점,"""고창심원풍천장어""는 전라북도 전주시에 있습니다. 위생 수준이 우수하고 친절한 서비스로 지방자치단체의 선정을 받은 모범음식점입니다. 레드테이블에서 온라인 예약이 가능합니다! 배달 가능한 매장입니다. 다국어 메뉴판이 있는 매장입니다.",운영중,True,True,중화산2동,official_coordinates,https://www.data.go.kr/data/15076735/fileData.do; 2022-04-01,2022-04-01
300992,육감만족 서곡점,전북특별자치도 전주시 완산구 세내로 506,전북특별자치도 전주시 완산구 효자동3가 1472-6,35.8322382,127.1034853,050-4359-0584,한식,일반음식점,"전라북도 전주시에서 맛집을 찾으신다면 ""육감만족(서곡점)""을 추천합니다. 레드테이블에서 온라인 예약이 가능합니다! 남녀 화장실이 구분되어 있는 매장입니다. 배달 가능한 매장입니다. 주차공간, 다국어 메뉴판이 있는 매장입니다.",운영중,True,True,효자5동,official_coordinates,https://www.data.go.kr/data/15076735/fileData.do; 2022-04-01,2022-04-01
300994,김가네 삼천점,전북특별자치도 전주시 완산구 거마평로 147,전북특별자치도 전주시 완산구 효자동1가 444-2,35.8055296,127.1165038,063-228-1128,한식,일반음식점,"""김가네김밥(효자점)""을 전라북도 전주시의 가 볼 만한 식당으로 추천합니다! 레드테이블에서 온라인 예약이 가능합니다! 배달 가능한 매장입니다. 다국어 메뉴판이 있는 매장입니다.",운영중,True,True,효자3동,official_coordinates,https://www.data.go.kr/data/15076735/fileData.do; 2022-04-01,2022-04-01
300997,와플집,전북특별자치도 전주시 완산구 전주객사2길 47,전북특별자치도 전주시 완산구 다가동4가 83-9,35.8188811,127.1402764,063-284-0068,기타,일반음식점,"어디 가야 할지 고민이시라고요? 그럼 전라북도 전주시 맛집, ""객리단길와플집""을 추천합니다! 레드테이블에서 온라인 예약이 가능합니다! 다국어 메뉴판, 무선 인터넷이 있는 매장입니다.",운영중,True,True,중앙동,official_coordinates,https://www.data.go.kr/data/15076735/fileData.do; 2022-04-01,2022-04-01
301000,정든집 김여사네,전북특별자치도 전주시 완산구 신촌4길 5,전북특별자치도 전주시 완산구 중화산동2가 779-1,35.8177297,127.1176458,063-237-1160,한식,일반음식점,"""정든집김여사네""를 전라북도 전주시의 가 볼 만한 식당으로 추천합니다! 위생 수준이 우수하고 친절한 서비스로 지방자치단체의 선정을 받은 모범음식점입니다. 레드테이블에서 온라인 예약이 가능합니다! 배달 가능한 매장입니다. 다국어 메뉴판이 있는 매장입니다.",운영중,True,True,중화산2동,official_coordinates,https://www.data.go.kr/data/15076735/fileData.do; 2022-04-01,2022-04-01
279578,박가네동태찌개,전북특별자치도 전주시 완산구 공북5길 20,전북특별자치도 전주시 완산구 태평동 1-47,35.8272098,127.1412361,063-274-5088,정종/대포집/소주방,일반음식점,"무엇을 먹을지 고민되신다고요? 전라북도 전주시에 계시다면 ""박가네동태찌개""를 추천합니다! 레드테이블에서 온라인 예약이 가능합니다! 주차공간, 다국어 메뉴판이 있는 매장입니다.",운영중,True,True,중앙동,official_coordinates,https://www.data.go.kr/data/15076735/fileData.do; 2022-04-01,2022-04-01
325197,감탄떡볶이 서신점,전북특별자치도 전주시 완산구 당산로 39,전북특별자치도 전주시 완산구 서신동 764-2 새마을금고,35.832345,127.1127268,063-255-1213,일반조리판매,휴게음식점,"전라북도 전주시에서 식당을 찾으신다면? ""감탄떡볶이(서신점)""를 방문해보세요! 레드테이블에서 온라인 예약이 가능합니다! 배달 가능한 매장입니다. 다국어 메뉴판이 있는 매장입니다.",운영중,True,True,서신동,official_coordinates,https://www.data.go.kr/data/15076735/fileData.do; 2022-04-01,2022-04-01
198887,오복면가,전북특별자치도 전주시 완산구 천잠로 13,전북특별자치도 전주시 완산구 삼천동2가 273,35.7918098,127.1096493,063-222-2218,한식,일반음식점,"무엇을 먹을지 고민되신다고요? 전라북도 전주시에 계시다면 ""오복면옥""을 추천합니다! 위생 수준이 우수하고 친절한 서비스로 지방자치단체의 선정을 받은 모범음식점입니다. 레드테이블에서 온라인 예약이 가능합니다! 남녀 화장실이 구분되어 있는 매장입니다. 주차공간, 다국어 메뉴판이 있는 매장입니다.",운영중,True,True,삼천3동,official_coordinates,https://www.data.go.kr/data/15076735/fileData.do; 2022-04-01,2022-04-01
198879,김밥나라 서부점,전북특별자치도 전주시 완산구 용머리로 157,전북특별자치도 전주시 완산구 효자동1가 193-2,35.8063143,127.1272589,063-223-5955,분식,일반음식점,"무엇을 먹을지 고민되신다고요? 전라북도 전주시에 계시다면 ""김밥나라(효자서부점)""를 추천합니다! 레드테이블에서 온라인 예약이 가능합니다! 다국어 메뉴판, 무선 인터넷이 있는 매장입니다.",운영중,True,True,효자1동,official_coordinates,https://www.data.go.kr/data/15076735/fileData.do; 2022-04-01,2022-04-01
104398,해태바베큐,전북특별자치도 전주시 완산구 전동성당길 13,전북특별자치도 전주시 완산구 경원동2가 7-6,35.8183855,127.1487849,063-282-9509,한식,일반음식점,"전라북도 전주시에서 식당을 찾으신다면? ""해태바베큐""를 방문해보세요! 레드테이블에서 온라인 예약이 가능합니다! 다국어 메뉴판이 있는 매장입니다.",운영중,True,True,풍남동,official_coordinates,https://www.data.go.kr/data/15076735/fileData.do; 2022-04-01,2022-04-01
104404,정숙포차,전북특별자치도 전주시 완산구 평화18길 30-5(평화동1가),전북특별자치도 전주시 완산구 평화동1가 709-5,35.7955091,127.1336235,063-226-5924,한식,일반음식점,"""정숙포차""는 전라북도 전주시에 있습니다. 레드테이블에서 온라인 예약이 가능합니다! 배달 가능한 매장입니다. 다국어 메뉴판이 있는 매장입니다.",운영중,True,True,평화2동,official_coordinates,https://www.data.go.kr/data/15076735/fileData.do; 2022-04-01,2022-04-01
104408,일송,전북특별자치도 전주시 완산구 중산2길 15,전북특별자치도 전주시 완산구 중화산동2가 633-3,35.814595,127.1218972,063-223-1170,한식,일반음식점,"""일송""은 전라북도 전주시에 있습니다. 레드테이블에서 온라인 예약이 가능합니다! 다국어 메뉴판이 있는 매장입니다.",운영중,True,True,중화산2동,official_coordinates,https://www.data.go.kr/data/15076735/fileData.do; 2022-04-01,2022-04-01
104425,녹색불고기,전북특별자치도 전주시 덕진구 송천1길 3-1,전북특별자치도 전주시 덕진구 송천동1가 386-1,35.8562802,127.1196848,063-272-0627,한식,일반음식점,"전라북도 전주시에 가신다면 ""녹색불고기""에 방문해보세요~ 레드테이블에서 온라인 예약이 가능합니다! 다국어 메뉴판이 있는 매장입니다.",운영중,True,True,송천2동,official_coordinates,https://www.data.go.kr/data/15076735/fileData.do; 2022-04-01,2022-04-01
104428,다원추어탕,전북특별자치도 전주시 덕진구 솔내8길 10-2,전북특별자치도 전주시 덕진구 송천동1가 485-7,35.8608797,127.1220863,063-254-2670,탕류(보신용),일반음식점,"전라북도 전주시에서 맛집을 찾으신다면 ""다원추어탕""을 추천합니다. 다국어 메뉴판이 있는 매장입니다.",운영중,True,True,송천1동,official_coordinates,https://www.data.go.kr/data/15076735/fileData.do; 2022-04-01,2022-04-01
104431,육회랑 낙지랑,전북특별자치도 전주시 덕진구 우아3길 9,전북특별자치도 전주시 완산구 평화동2가 325-14,35.8488462,127.1558655,063-244-6411,한식,일반음식점,"전라북도 전주시에서 가 볼 만한 식당을 찾으신다면? ""육회랑낙지랑""을 추천합니다! 레드테이블에서 온라인 예약이 가능합니다! 배달 가능한 매장입니다. 다국어 메뉴판이 있는 매장입니다.",운영중,True,True,우아1동,official_coordinates,https://www.data.go.kr/data/15076735/fileData.do; 2022-04-01,2022-04-01
104444,수니네,전북특별자치도 전주시 덕진구 명륜3길 18 2층,전북특별자치도 전주시 덕진구 덕진동1가 1264-1,35.8426545,127.1279414,063-273-3612,호프/통닭,일반음식점,"""수니네""를 전라북도 전주시의 가 볼 만한 식당으로 추천합니다! 레드테이블에서 온라인 예약이 가능합니다! 배달 가능한 매장입니다. 다국어 메뉴판이 있는 매장입니다.",운영중,True,True,덕진동,official_coordinates,https://www.data.go.kr/data/15076735/fileData.do; 2022-04-01,2022-04-01
104397,전주콩나루전국본점,전북특별자치도 전주시 완산구 전동성당길 14,전북특별자치도 전주시 완산구 경원동1가 12-1,35.8182526,127.1483732,063-288-4853,한식,일반음식점,"무엇을 먹을지 고민되신다고요? 전라북도 전주시에 계시다면 ""전주콩나루(전국본점)""를 추천합니다! 레드테이블에서 온라인 예약이 가능합니다! 다국어 메뉴판이 있는 매장입니다.",운영중,True,True,풍남동,official_coordinates,https://www.data.go.kr/data/15076735/fileData.do; 2022-04-01,2022-04-01
104447,酒한장,전북특별자치도 전주시 덕진구 명륜4길 11-7,전북특별자치도 전주시 덕진구 덕진동1가 1262-6,35.8432428,127.1257752,063-252-1500,호프/통닭,일반음식점,"전라북도 전주시에 가신다면 ""주한장""에 방문해보세요~ 다국어 메뉴판이 있는 매장입니다.",운영중,True,True,덕진동,official_coordinates,https://www.data.go.kr/data/15076735/fileData.do; 2022-04-01,2022-04-01
922716,큰집닭강정동산점,전북특별자치도 전주시 덕진구 편운로 28,전북특별자치도 전주시 덕진구 여의동2가 576 푸른한의원,35.8718785,127.0794475,063-214-1119,,일반음식점,"전라북도 전주시에서 가 볼 만한 식당을 찾으신다면? ""큰집닭강정(동산점)""을 추천합니다! 레드테이블에서 온라인 예약이 가능합니다! 배달 가능한 매장입니다. 다국어 메뉴판이 있는 매장입니다.",운영중,True,True,여의동,official_coordinates,https://www.data.go.kr/data/15076735/fileData.do; 2022-04-01,2022-04-01
922613,천씨씨커피 만성점,전북특별자치도 전주시 덕진구 만성중앙로 39,전북특별자치도 전주시 덕진구 만성동 1366-9,35.8433224,127.0762804,063-211-8047,,휴게음식점,"""천씨씨커피(만성점)""를 전라북도 전주시의 가 볼 만한 식당으로 추천합니다! 레드테이블에서 온라인 예약이 가능합니다! 배달 가능한 매장입니다. 다국어 메뉴판이 있는 매장입니다.",운영중,True,True,여의동,official_coordinates,https://www.data.go.kr/data/15076735/fileData.do; 2022-04-01,2022-04-01
921285,강경원달인 만두가 동산점,전북특별자치도 전주시 덕진구 편운로 3,전북특별자치도 전주시 완산구 서신동 851-4,35.8712465,127.0768594,063-241-1424,,휴게음식점,"전라북도 전주시에서 식당을 찾으신다면? ""강경원달인만두가(동산점)""를 방문해보세요! 레드테이블에서 온라인 예약이 가능합니다! 반려동물 입장이 가능한 매장입니다. 다국어 메뉴판이 있는 매장입니다.",운영중,True,True,여의동,official_coordinates,https://www.data.go.kr/data/15076735/fileData.do; 2022-04-01,2022-04-01
921234,솜키친,전북특별자치도 전주시 덕진구 가리내6길 10-3,전북특별자치도 전주시 덕진구 덕진동2가 664-6,35.8452291,127.1104015,,,일반음식점,"""솜키친""을 전라북도 전주시의 가 볼 만한 식당으로 추천합니다! 레드테이블에서 온라인 예약이 가능합니다! 배달 가능한 매장입니다. 다국어 메뉴판이 있는 매장입니다.",운영중,True,True,덕진동,official_coordinates,https://www.data.go.kr/data/15076735/fileData.do; 2022-04-01,2022-04-01
920293,메종드쁘띠푸르전주직영점,"전북특별자치도 전주시 완산구 홍산남로 29-15(1층,2층 효자동2가)	",전북특별자치도 전주시 완산구 효자동2가 1238-5,35.8160264,127.1042775,063-227-0919,,일반음식점,"전라북도 전주시에서 식당을 찾으신다면? ""메종드쁘띠푸르(전주점)""를 방문해보세요! 레드테이블에서 온라인 예약이 가능합니다! 남녀 화장실이 구분되어 있으며, 베리어프리 매장입니다. 주차공간, 놀이방이 마련되어 있으며 다국어 메뉴판, 무선 인터넷을 제공하는 매장입니다.",운영중,True,True,효자5동,official_coordinates,https://www.data.go.kr/data/15076735/fileData.do; 2022-04-01,2022-04-01
110153,모루,전북특별자치도 전주시 완산구 구룡1길 33-8 썬하우스1층 모루,전북특별자치도 전주시 완산구 효자동2가 1264-5,35.8120617,127.1055503,,카페,,"무엇을 먹을지 고민되신다고요? 전라북도 전주시에 계시다면 ""모루""를 추천합니다!",운영중,True,True,효자4동,official_coordinates,https://www.data.go.kr/data/15076735/fileData.do; 2022-04-01,2022-04-01
112193,옴그족발,전북특별자치도 전주시 덕진구 가리내8길 10-10 1층,전북특별자치도 전주시 덕진구 덕진동2가 671-13,35.8441975,127.1107664,063-252-5060,족발,,"""옴그족발""을 전라북도 전주시의 가 볼 만한 식당으로 추천합니다!",운영중,True,True,덕진동,official_coordinates,https://www.data.go.kr/data/15076735/fileData.do; 2022-04-01,2022-04-01
923318,에그박스,전북특별자치도 전주시 덕진구 천마산로 54,전북특별자치도 전주시 덕진구 송천동1가 107-202,35.8641122,127.1277421,063-252-2990,,휴게음식점,"""에그박스(전주본점)""를 전라북도 전주시의 가 볼 만한 식당으로 추천합니다! 레드테이블에서 온라인 예약이 가능합니다! 배달 가능한 매장입니다. 다국어 메뉴판이 있는 매장입니다.",운영중,True,True,송천1동,official_coordinates,https://www.data.go.kr/data/15076735/fileData.do; 2022-04-01,2022-04-01
919953,셰프 강병원의 그릴랩스,전북특별자치도 전주시 완산구 모악로 4665 2층,전북특별자치도 전주시 완산구 평화동2가 325-17,35.7861707,127.1292606,063-227-8009,,일반음식점,"""그릴랩스""를 전라북도 전주시의 가 볼 만한 식당으로 추천합니다! 지방자치단체 인증을 받은 농림축산식품부 제공 안심식당입니다. 레드테이블에서 온라인 예약이 가능합니다! 다국어 메뉴판이 있는 매장입니다.",운영중,True,True,평화2동,official_coordinates,https://www.data.go.kr/data/15076735/fileData.do; 2022-04-01,2022-04-01
104395,명성불타는쟁반짜장,전북특별자치도 전주시 완산구 백마산길 10,전북특별자치도 전주시 완산구 효자동3가 1167-5,35.8180622,127.0919941,063-224-7249,기타,일반음식점,"전라북도 전주시에서 맛집을 찾으신다면 ""명성불타는쟁반짜장""을 추천합니다. 레드테이블에서 온라인 예약이 가능합니다! 배달 가능한 매장입니다. 다국어 메뉴판이 있는 매장입니다.",운영중,True,True,효자4동,official_coordinates,https://www.data.go.kr/data/15076735/fileData.do; 2022-04-01,2022-04-01
104383,태풍화,전북특별자치도 전주시 완산구 전룡2길 9,전북특별자치도 전주시 완산구 서신동 859-7,35.8260839,127.1172769,063-273-2992,한식,일반음식점,"전라북도 전주시에서 가 볼 만한 식당을 찾으신다면? ""태풍화""를 추천합니다! 레드테이블에서 온라인 예약이 가능합니다! 배달 가능한 매장입니다. 다국어 메뉴판이 있는 매장입니다.",운영중,True,True,서신동,official_coordinates,https://www.data.go.kr/data/15076735/fileData.do; 2022-04-01,2022-04-01
92438,만나별미,전북특별자치도 전주시 완산구 거마평로 122,전북특별자치도 전주시 완산구 효자동1가 579-1,35.8032676,127.1170026,063-224-9529,분식,일반음식점,"전라북도 전주시에서 식당을 찾으신다면? ""만나별미""를 방문해보세요! 레드테이블에서 온라인 예약이 가능합니다! 배달 가능한 매장입니다. 다국어 메뉴판이 있는 매장입니다.",운영중,True,True,효자2동,official_coordinates,https://www.data.go.kr/data/15076735/fileData.do; 2022-04-01,2022-04-01
92439,비사벌반점,전북특별자치도 전주시 완산구 신봉4길 10,전북특별자치도 전주시 완산구 효자동1가 596-16,35.8119132,127.1192015,050-7982-3319,한식,일반음식점,"전라북도 전주시에서 어디를 갈지 고민이라면! ""비사벌반점""에 가보시는 건 어떨까요? 레드테이블에서 온라인 예약이 가능합니다! 배달 가능한 매장입니다. 다국어 메뉴판이 있는 매장입니다.",운영중,True,True,효자2동,official_coordinates,https://www.data.go.kr/data/15076735/fileData.do; 2022-04-01,2022-04-01
92446,별미집,전북특별자치도 전주시 완산구 태평5길 10,전북특별자치도 전주시 완산구 서노송동 639-16,35.8232289,127.1441846,063-272-8650,한식,일반음식점,"전라북도 전주시에서 어디를 갈지 고민이라면! ""별미집""에 가보시는 건 어떨까요? 레드테이블에서 온라인 예약이 가능합니다! 다국어 메뉴판이 있는 매장입니다.",운영중,True,True,노송동,official_coordinates,https://www.data.go.kr/data/15076735/fileData.do; 2022-04-01,2022-04-01
92454,김밥이맛있는집,전북특별자치도 전주시 완산구 전주객사5길 22-2,전북특별자치도 전주시 완산구 고사동 65-4,35.8191519,127.1456377,063-231-8255,다방,휴게음식점,"전라북도 전주시에 가신다면 ""김밥이맛있는집(1호점)""에 방문해보세요~ 레드테이블에서 온라인 예약이 가능합니다! 반려동물 입장이 가능한 매장입니다. 다국어 메뉴판이 있는 매장입니다.",운영중,True,True,중앙동,official_coordinates,https://www.data.go.kr/data/15076735/fileData.do; 2022-04-01,2022-04-01
92458,파리바게뜨 전주효자점,전북특별자치도 전주시 완산구 효자천변2길 13,전북특별자치도 전주시 완산구 효자동1가 651,35.8048843,127.1141437,063-227-8485,제과점영업,제과점영업,"전라북도 전주시에서 맛집을 찾으신다면 ""파리바게뜨(전주효자점)""를 추천합니다. 레드테이블에서 온라인 예약이 가능합니다! 배달 가능한 매장입니다. 다국어 메뉴판이 있는 매장입니다.",운영중,True,True,효자3동,official_coordinates,https://www.data.go.kr/data/15076735/fileData.do; 2022-04-01,2022-04-01
92464,콩뿌리콩나물국밥,전북특별자치도 전주시 덕진구 백제대로 808,전북특별자치도 전주시 덕진구 우아동3가 748-24 놀부보쌈,35.8476832,127.1568879,063-225-0069,한식,일반음식점,"""콩뿌리콩나물국밥24시(전주역전점)""는 전라북도 전주시에 있습니다. 레드테이블에서 온라인 예약이 가능합니다! 남녀 화장실이 구분되어 있는 매장입니다. 주차공간, 다국어 메뉴판, 그리고 무선 인터넷이 있는 매장입니다.",운영중,True,True,우아1동,official_coordinates,https://www.data.go.kr/data/15076735/fileData.do; 2022-04-01,2022-04-01
92470,산쪼메 전북대점,전북특별자치도 전주시 덕진구 명륜3길 18-8,전북특별자치도 전주시 덕진구 덕진동1가 1264-11,35.8422931,127.1283259,063-277-7677,호프/통닭,일반음식점,"전라북도 전주시에서 식당을 찾으신다면? ""산쪼메(전북대점)""를 방문해보세요! 다국어 메뉴판이 있는 매장입니다.",운영중,True,True,덕진동,official_coordinates,https://www.data.go.kr/data/15076735/fileData.do; 2022-04-01,2022-04-01
104385,천지주가막걸리,전북특별자치도 전주시 완산구 거마산로 10,전북특별자치도 전주시 완산구 삼천동1가 627-9,35.7969222,127.1225277,063-225-0555,한식,일반음식점,"무엇을 먹을지 고민되신다고요? 전라북도 전주시에 계시다면 ""천지주가""를 추천합니다! 레드테이블에서 온라인 예약이 가능합니다! 다국어 메뉴판이 있는 매장입니다.",운영중,True,True,삼천2동,official_coordinates,https://www.data.go.kr/data/15076735/fileData.do; 2022-04-01,2022-04-01
92472,홍콩반점0410 전북대점,전북특별자치도 전주시 덕진구 덕진광장로 10 2층,전북특별자치도 전주시 덕진구 덕진동1가 1277-1,35.8442061,127.1248994,063-255-0410,중국식,일반음식점,"전라북도 전주시에서 식당을 찾으신다면? ""홍콩반점(전북대점)""을 방문해보세요! 레드테이블에서 온라인 예약이 가능합니다! 배달 가능한 매장입니다. 키오스크, 다국어 메뉴판이 있는 매장입니다.",운영중,True,True,덕진동,official_coordinates,https://www.data.go.kr/data/15076735/fileData.do; 2022-04-01,2022-04-01
92478,길손네학사주점,전북특별자치도 전주시 덕진구 권삼득로 321,전북특별자치도 전주시 덕진구 덕진동1가 664-25,35.8442197,127.1269601,063-271-6453,한식,일반음식점,"""길손네(학사주점)""는 전라북도 전주시에 있습니다. 레드테이블에서 온라인 예약이 가능합니다! 배달 가능한 매장입니다. 다국어 메뉴판이 있는 매장입니다.",운영중,True,True,덕진동,official_coordinates,https://www.data.go.kr/data/15076735/fileData.do; 2022-04-01,2022-04-01
92480,미스터보드,전북특별자치도 전주시 덕진구 명륜4길 11-2,전북특별자치도 전주시 덕진구 덕진동1가 1261-32,35.8431769,127.1263527,050-7142-7179,호프/통닭,일반음식점,"어디 가야 할지 고민이시라고요? 그럼 전라북도 전주시 맛집, ""미스터보드""를 추천합니다! 레드테이블에서 온라인 예약이 가능합니다! 반려동물 입장이 가능한 매장입니다. 다국어 메뉴판이 있는 매장입니다.",운영중,True,True,덕진동,official_coordinates,https://www.data.go.kr/data/15076735/fileData.do; 2022-04-01,2022-04-01
92482,알쌈닭불고기 전북대점,전북특별자치도 전주시 덕진구 명륜4길 14 2층,전북특별자치도 전주시 덕진구 덕진동1가 1263-2,35.8431243,127.1268781,063-273-2573,호프/통닭,일반음식점,"전라북도 전주시에서 맛집을 찾으신다면 ""알쌈닭불고기(전북대본점)""를 추천합니다. 레드테이블에서 온라인 예약이 가능합니다! 배달 가능한 매장입니다. 다국어 메뉴판이 있는 매장입니다.",운영중,True,True,덕진동,official_coordinates,https://www.data.go.kr/data/15076735/fileData.do; 2022-04-01,2022-04-01
923532,크로플#,전북특별자치도 전주시 완산구 홍산1길 21,전북특별자치도 전주시 완산구 효자동2가 1157-1,35.8142136,127.1069741,,,휴게음식점,"""크로플샵""을 전라북도 전주시의 가 볼 만한 식당으로 추천합니다! 레드테이블과 네이버에서 온라인 예약이 가능합니다! 남녀 화장실이 구분되어 있는 매장입니다. 배달 가능한 매장입니다. 주차공간, 다국어 메뉴판, 그리고 무선 인터넷이 있는 매장입니다.",운영중,True,True,효자5동,official_coordinates,https://www.data.go.kr/data/15076735/fileData.do; 2022-04-01,2022-04-01
104349,쪼오꼬 객사점,전북특별자치도 전주시 완산구 전주객사4길 6,전북특별자치도 전주시 완산구 중앙동3가 12-6,35.8180453,127.1442843,063-232-7772,경양식,일반음식점,"""쪼오꼬""는 전라북도 전주시에 있습니다. 레드테이블에서 온라인 예약이 가능합니다! 배달 가능한 매장입니다. 다국어 메뉴판, 무선 인터넷이 있는 매장입니다.",운영중,True,True,중앙동,official_coordinates,https://www.data.go.kr/data/15076735/fileData.do; 2022-04-01,2022-04-01
104373,다미가갈비탕,전북특별자치도 전주시 완산구 서신천변12길 4,전북특별자치도 전주시 완산구 서신동 816-2,35.8300173,127.1146331,063-903-1439,한식,일반음식점,"전라북도 전주시에서 맛집을 찾으신다면 ""다미가""를 추천합니다. 레드테이블에서 온라인 예약이 가능합니다! 배달 가능한 매장입니다. 다국어 메뉴판이 있는 매장입니다.",운영중,True,True,서신동,official_coordinates,https://www.data.go.kr/data/15076735/fileData.do; 2022-04-01,2022-04-01
104379,독도막회,전북특별자치도 전주시 완산구 새터로 43,전북특별자치도 전주시 완산구 서신동 935-4,35.8357304,127.1113166,063-255-3563,한식,일반음식점,"""독도막회""는 전라북도 전주시에 있습니다. 레드테이블에서 온라인 예약이 가능합니다! 배달 가능한 매장입니다. 다국어 메뉴판이 있는 매장입니다.",운영중,True,True,서신동,official_coordinates,https://www.data.go.kr/data/15076735/fileData.do; 2022-04-01,2022-04-01
92477,돈페플러스,전북특별자치도 전주시 덕진구 가리내로 30,전북특별자치도 전주시 덕진구 금암동 796-5,35.8344331,127.1326898,063-271-1597,분식,일반음식점,"어디 가야 할지 고민이시라고요? 그럼 전라북도 전주시 맛집, ""돈페플러스(금암점)""를 추천합니다! 레드테이블에서 온라인 예약이 가능합니다! 배달 가능한 매장입니다. 키오스크, 다국어 메뉴판, 그리고 무선 인터넷이 있는 매장입니다.",운영중,True,True,금암1동,official_coordinates,https://www.data.go.kr/data/15076735/fileData.do; 2022-04-01,2022-04-01
92429,천하태평,전북특별자치도 전주시 완산구 삼천천변2길 43,전북특별자치도 전주시 완산구 삼천동1가 287-24,35.7974559,127.1145808,063-222-5311,한식,일반음식점,"전라북도 전주시에서 가 볼 만한 식당을 찾으신다면? ""천하태평""을 추천합니다! 레드테이블에서 온라인 예약이 가능합니다! 다국어 메뉴판이 있는 매장입니다.",운영중,True,True,삼천3동,official_coordinates,https://www.data.go.kr/data/15076735/fileData.do; 2022-04-01,2022-04-01
919920,비오브(BEOF),전북특별자치도 전주시 완산구 전주객사1길 51-1,전북특별자치도 전주시 완산구 다가동4가 98-6,35.8186534,127.1388564,,,휴게음식점,"전라북도 전주시에서 가 볼 만한 식당을 찾으신다면? ""비오브""를 추천합니다! 레드테이블에서 온라인 예약이 가능합니다! 다국어 메뉴판이 있는 매장입니다.",운영중,True,True,중앙동,official_coordinates,https://www.data.go.kr/data/15076735/fileData.do; 2022-04-01,2022-04-01
919914,루츠,전북특별자치도 전주시 완산구 전주객사3길 91,전북특별자치도 전주시 완산구 고사동 320-4,35.8211682,127.1410725,,,일반음식점,"전라북도 전주시에서 식당을 찾으신다면? ""루츠""를 방문해보세요! 레드테이블에서 온라인 예약이 가능합니다! 다국어 메뉴판, 무선 인터넷이 있는 매장입니다.",운영중,True,True,중앙동,official_coordinates,https://www.data.go.kr/data/15076735/fileData.do; 2022-04-01,2022-04-01
118834,엘가커피,전북특별자치도 전주시 완산구 고사평3길 21-2,전북특별자치도 전주시 완산구 서신동 941-2,35.8364641,127.1074102,,한식,일반음식점,"전라북도 전주시에 가신다면 ""엘가""에 방문해보세요~ 레드테이블에서 온라인 예약이 가능합니다! 남녀 화장실이 구분되어 있는 매장입니다. 주차공간, 다국어 메뉴판, 그리고 무선 인터넷이 있는 매장입니다.",운영중,True,True,서신동,official_coordinates,https://www.data.go.kr/data/15076735/fileData.do; 2022-04-01,2022-04-01
118840,장판집,전북특별자치도 전주시 완산구 온고을로 119-4 서신동 광진아파트 상가,전북특별자치도 전주시 완산구 서신동 761-1 서신동 광진아파트 상가,35.8332695,127.1092779,063-252-0134,한식,일반음식점,"전라북도 전주시에서 맛집을 찾으신다면 ""장판집""을 추천합니다. 레드테이블에서 온라인 예약이 가능합니다! 배달 가능한 매장입니다. 다국어 메뉴판이 있는 매장입니다.",운영중,True,True,서신동,official_coordinates,https://www.data.go.kr/data/15076735/fileData.do; 2022-04-01,2022-04-01
118893,짜장나라,전북특별자치도 전주시 덕진구 용소로 89,전북특별자치도 전주시 덕진구 송천동1가 819-8,35.8637288,127.118089,063-278-5144,중국식,일반음식점,"""송천동짜장나라""는 전라북도 전주시에 있습니다. 다국어 메뉴판이 있는 매장입니다.",운영중,True,True,송천2동,official_coordinates,https://www.data.go.kr/data/15076735/fileData.do; 2022-04-01,2022-04-01
118903,채선당 아중점,전북특별자치도 전주시 덕진구 아중로 127,전북특별자치도 전주시 덕진구 인후동1가 913-3,35.8255069,127.1635302,063-242-2952,한식,일반음식점,"""채선당(전주아중점)""은 전라북도 전주시에 있습니다. 위생 수준이 우수하고 친절한 서비스로 지방자치단체의 선정을 받은 모범음식점입니다. 지방자치단체 인증을 받은 농림축산식품부 제공 안심식당입니다. 레드테이블에서 온라인 예약이 가능합니다! 배달 가능한 매장입니다. 주차공간, 다국어 메뉴판이 있는 매장입니다.",운영중,True,True,인후3동,official_coordinates,https://www.data.go.kr/data/15076735/fileData.do; 2022-04-01,2022-04-01
118904,대게나라 아중점,전북특별자치도 전주시 덕진구 아중로 139,전북특별자치도 전주시 덕진구 인후동1가 916-1,35.8259869,127.1649603,063-241-2333,일식,일반음식점,"전라북도 전주시에 가신다면 ""대게나라(아중점)""에 방문해보세요~ 위생 수준이 우수하고 친절한 서비스로 지방자치단체의 선정을 받은 모범음식점입니다. 지방자치단체 인증을 받은 농림축산식품부 제공 안심식당입니다. 레드테이블에서 온라인 예약이 가능합니다! 다국어 메뉴판이 있는 매장입니다.",운영중,True,True,인후3동,official_coordinates,https://www.data.go.kr/data/15076735/fileData.do; 2022-04-01,2022-04-01
118908,김이수아궁이,전북특별자치도 전주시 덕진구 진버들6길 8-5,전북특별자치도 전주시 덕진구 우아동2가 858-9,35.8366424,127.1674003,063-246-4001,한식,일반음식점,"전라북도 전주시에서 맛집을 찾으신다면 ""김이수아궁이""를 추천합니다. 레드테이블에서 온라인 예약이 가능합니다! 다국어 메뉴판이 있는 매장입니다.",운영중,True,True,우아2동,official_coordinates,https://www.data.go.kr/data/15076735/fileData.do; 2022-04-01,2022-04-01
118925,청양농장 전북대점,전북특별자치도 전주시 덕진구 명륜5길 16-2,전북특별자치도 전주시 덕진구 덕진동1가 1261-2,35.8438448,127.1258794,063-254-9282,한식,일반음식점,"어디 가야 할지 고민이시라고요? 그럼 전라북도 전주시 맛집, ""청양농장(전북대점)""을 추천합니다! 다국어 메뉴판이 있는 매장입니다.",운영중,True,True,덕진동,official_coordinates,https://www.data.go.kr/data/15076735/fileData.do; 2022-04-01,2022-04-01
118826,베를린가맥,전북특별자치도 전주시 완산구 중산10길 13,전북특별자치도 전주시 완산구 중화산동2가 594-7,35.8188064,127.1217095,063-228-1355,한식,일반음식점,"무엇을 먹을지 고민되신다고요? 전라북도 전주시에 계시다면 ""베를린""을 추천합니다! 레드테이블에서 온라인 예약이 가능합니다! 배달 가능한 매장입니다. 다국어 메뉴판이 있는 매장입니다.",운영중,True,True,중화산2동,official_coordinates,https://www.data.go.kr/data/15076735/fileData.do; 2022-04-01,2022-04-01
120205,롯데리아 전북대점,전북특별자치도 전주시 덕진구 명륜4길 17,전북특별자치도 전주시 덕진구 덕진동1가 1261-4,35.8433337,127.126643,063-283-6220,햄버거,,"어디 가야 할지 고민이시라고요? 그럼 전라북도 전주시 맛집, ""롯데리아 전북대점""을 추천합니다!",운영중,True,True,덕진동,official_coordinates,https://www.data.go.kr/data/15076735/fileData.do; 2022-04-01,2022-04-01
120911,장미맨숀,전북특별자치도 전주시 완산구 홍산북로 59-7,전북특별자치도 전주시 완산구 효자동3가 1529-8,35.8178538,127.108348,063-228-9769,맥주,,"""장미맨숀""을 전라북도 전주시의 가 볼 만한 식당으로 추천합니다!",운영중,True,True,효자5동,official_coordinates,https://www.data.go.kr/data/15076735/fileData.do; 2022-04-01,2022-04-01
121063,굽네치킨 서부신시가지점,전북특별자치도 전주시 완산구 후곡길 23-11,전북특별자치도 전주시 완산구 효자동2가 1308-4,35.8101747,127.095072,063-236-9294,치킨,,"전라북도 전주시에서 식당을 찾으신다면? ""굽네치킨 서부신시가지점""을 방문해보세요!",운영중,True,True,효자4동,official_coordinates,https://www.data.go.kr/data/15076735/fileData.do; 2022-04-01,2022-04-01
917953,김진곤제빵소,전북특별자치도 전주시 덕진구 기지로 86,전북특별자치도 전주시 덕진구 중동 775-3,35.8381016,127.0612766,063-222-5553,,제과점영업,"무엇을 먹을지 고민되신다고요? 전라북도 전주시에 계시다면 ""김진곤제빵소""를 추천합니다! 레드테이블에서 온라인 예약이 가능합니다! 다국어 메뉴판이 있는 매장입니다.",운영중,True,True,혁신동,official_coordinates,https://www.data.go.kr/data/15076735/fileData.do; 2022-04-01,2022-04-01
122892,치킨플러스 전주송천점,전북특별자치도 전주시 덕진구 솔내7길 7,전북특별자치도 전주시 덕진구 송천동1가 120-4,35.8598907,127.1220779,050-7957-5188,치킨,,"전라북도 전주시에서 맛집을 찾으신다면 ""치킨플러스 전주송천점""을 추천합니다.",운영중,True,True,송천1동,official_coordinates,https://www.data.go.kr/data/15076735/fileData.do; 2022-04-01,2022-04-01
917482,돈가스집,전북특별자치도 전주시 덕진구 명륜3길 14,전북특별자치도 전주시 덕진구 덕진동1가 1264-5,35.8424632,127.1276985,050-4932-4244,,일반음식점,"""돈가스집""은 전라북도 전주시에 있습니다. 레드테이블에서 온라인 예약이 가능합니다! 배달 가능한 매장입니다. 키오스크, 다국어 메뉴판이 있는 매장입니다.",운영중,True,True,덕진동,official_coordinates,https://www.data.go.kr/data/15076735/fileData.do; 2022-04-01,2022-04-01
124634,피플레이트,전북특별자치도 전주시 완산구 마전들로 52,전북특별자치도 전주시 완산구 효자동3가 1689-5,35.8208546,127.1014112,063-224-6540,카페,,"어디 가야 할지 고민이시라고요? 그럼 전라북도 전주시 맛집, ""피플레이트""를 추천합니다!",운영중,True,True,효자5동,official_coordinates,https://www.data.go.kr/data/15076735/fileData.do; 2022-04-01,2022-04-01
916967,북촌손만두,전북특별자치도 전주시 덕진구 기지로 77 대방디엠시티 1층상가,전북특별자치도 전주시 덕진구 장동 1111,35.8390606,127.0605142,063-251-4882,,일반음식점,"전라북도 전주시에 가신다면 ""북촌손만두(전주혁신도시점)""에 방문해보세요~ 레드테이블에서 온라인 예약이 가능합니다! 배달 가능한 매장입니다. 주차공간, 키오스크가 마련되어 있으며 다국어 메뉴판, 무선 인터넷을 제공하는 매장입니다.",운영중,True,True,여의동,official_coordinates,https://www.data.go.kr/data/15076735/fileData.do; 2022-04-01,2022-04-01
918073,주주총회,전북특별자치도 전주시 완산구 호암로 82(1층 104호 효자동2가)	,전북특별자치도 전주시 완산구 효자동2가 1319-3,35.8082487,127.1033644,063-236-3512,,일반음식점,"전라북도 전주시에서 맛집을 찾으신다면 ""주주총회""를 추천합니다. 레드테이블에서 온라인 예약이 가능합니다! 다국어 메뉴판이 있는 매장입니다.",운영중,True,True,효자4동,official_coordinates,https://www.data.go.kr/data/15076735/fileData.do; 2022-04-01,2022-04-01
114274,"카페, 이가",전북특별자치도 전주시 완산구 충경로 31,전북특별자치도 전주시 완산구 중앙동1가  3-3,35.8174716,127.1426848,063-288-5770,카페,,"""카페, 이가""는 전라북도 전주시에 있습니다.",운영중,True,True,중앙동,official_coordinates,https://www.data.go.kr/data/15076735/fileData.do; 2022-04-01,2022-04-01
118824,옛날시골찐빵,전북특별자치도 전주시 완산구 고사평2길 1,전북특별자치도 전주시 완산구 서신동 948-11,35.8345943,127.1096643,063-271-4242,분식,일반음식점,"2020년 11월 03일 KBS1 6시내고향 7148회에서 소개되었던 맛집, ""옛날시골찐빵""입니다! 전라북도 전주시 근처라면 방문해보세요. 레드테이블에서 온라인 예약이 가능합니다! 택배 가능한 매장입니다. 다국어 메뉴판이 있는 매장입니다.",운영중,True,True,서신동,official_coordinates,https://www.data.go.kr/data/15076735/fileData.do; 2022-04-01,2022-04-01
118814,신여인천하,전북특별자치도 전주시 완산구 거마산로 19-3,전북특별자치도 전주시 완산구 삼천동1가 617-4,35.7978522,127.122621,063-226-2115,호프/통닭,일반음식점,"전라북도 전주시에서 맛집을 찾으신다면 ""신여인천하""를 추천합니다. 레드테이블에서 온라인 예약이 가능합니다! 다국어 메뉴판이 있는 매장입니다.",운영중,True,True,삼천2동,official_coordinates,https://www.data.go.kr/data/15076735/fileData.do; 2022-04-01,2022-04-01
919486,이중현제빵소,전북특별자치도 전주시 완산구 우전2길 35,전북특별자치도 전주시 완산구 효자동2가 172,35.807339,127.1071044,063-236-5054,,제과점영업,"""이중현제빵소""는 전라북도 전주시에 있습니다. 레드테이블에서 온라인 예약이 가능합니다! 배달 가능한 매장입니다. 주차공간, 다국어 메뉴판이 있는 매장입니다.",운영중,True,True,효자4동,official_coordinates,https://www.data.go.kr/data/15076735/fileData.do; 2022-04-01,2022-04-01
919028,현대옥,"전북특별자치도 전주시 덕진구 기지로 77, E-118,119,120호",전북특별자치도 전주시 덕진구 장동 1111,35.8390606,127.0605142,063-226-7750,,일반음식점,"전라북도 전주시에 가신다면 ""현대옥(혁신대방점)""에 방문해보세요~ 지방자치단체 인증을 받은 농림축산식품부 제공 안심식당입니다. 레드테이블에서 온라인 예약이 가능합니다! 남녀 화장실이 구분되어 있는 매장입니다. 배달 가능한 매장입니다. 주차공간, 다국어 메뉴판, 그리고 무선 인터넷이 있는 매장입니다.",운영중,True,True,여의동,official_coordinates,https://www.data.go.kr/data/15076735/fileData.do; 2022-04-01,2022-04-01
918468,청춘마카롱,"전북특별자치도 전주시 덕진구 기지로 77, B 105호",전북특별자치도 전주시 덕진구 장동 1111,35.8390606,127.0605142,,,일반음식점,"전라북도 전주시에서 식당을 찾으신다면? ""청춘마카롱(혁신점)""을 방문해보세요! 레드테이블에서 온라인 예약이 가능합니다! 배달 가능한 매장입니다. 다국어 메뉴판이 있는 매장입니다.",운영중,True,True,여의동,official_coordinates,https://www.data.go.kr/data/15076735/fileData.do; 2022-04-01,2022-04-01
118762,웰미가 ,전북특별자치도 전주시 완산구 감나무4길 22(서신동),전북특별자치도 전주시 덕진구 중동 779-2,35.8316789,127.1203224,063-273-4567,한식,일반음식점,"무엇을 먹을지 고민되신다고요? 전라북도 전주시에 계시다면 ""웰미가(서신점)""를 추천합니다! 레드테이블에서 온라인 예약이 가능합니다! 주차공간, 다국어 메뉴판, 그리고 무선 인터넷이 있는 매장입니다.",운영중,True,True,서신동,official_coordinates,https://www.data.go.kr/data/15076735/fileData.do; 2022-04-01,2022-04-01
118763,원조마포구이평화점,전북특별자치도 전주시 완산구 평화18길 30-7(평화동1가)	,전북특별자치도 전주시 완산구 평화동1가 709-4,35.7955477,127.1337145,063-236-8292,한식,일반음식점,"전라북도 전주시에서 맛집을 찾으신다면 ""원조마포구이(평화점)""를 추천합니다. 레드테이블에서 온라인 예약이 가능합니다! 다국어 메뉴판이 있는 매장입니다.",운영중,True,True,평화2동,official_coordinates,https://www.data.go.kr/data/15076735/fileData.do; 2022-04-01,2022-04-01
118772,한울정육식당,전북특별자치도 전주시 완산구 중산중앙로 19,전북특별자치도 전주시 완산구 중화산동2가 615-13,35.8166195,127.1204465,063-231-6663,한식,일반음식점,"""한우리정육식당""은 전라북도 전주시에 있습니다. 레드테이블에서 온라인 예약이 가능합니다! 다국어 메뉴판이 있는 매장입니다.",운영중,True,True,중화산2동,official_coordinates,https://www.data.go.kr/data/15076735/fileData.do; 2022-04-01,2022-04-01
118784,오시는날,전북특별자치도 전주시 완산구 장승배기로 391,전북특별자치도 전주시 완산구 동서학동 243,35.805808,127.1517971,063-288-4864,한식,일반음식점,"""오시는날""을 전라북도 전주시의 가 볼 만한 식당으로 추천합니다! 레드테이블에서 온라인 예약이 가능합니다! 다국어 메뉴판이 있는 매장입니다.",운영중,True,True,동서학동,official_coordinates,https://www.data.go.kr/data/15076735/fileData.do; 2022-04-01,2022-04-01
118815,신동명각,전북특별자치도 전주시 완산구 신봉로 7,전북특별자치도 전주시 완산구 효자동1가 620-12,35.8104196,127.1157074,063-228-8897,중국식,일반음식점,"전라북도 전주시에 가신다면 ""신동명각""에 방문해보세요~ 레드테이블에서 온라인 예약이 가능합니다! 다국어 메뉴판이 있는 매장입니다.",운영중,True,True,효자2동,official_coordinates,https://www.data.go.kr/data/15076735/fileData.do; 2022-04-01,2022-04-01
118786,이래면옥,전북특별자치도 전주시 완산구 동문길 103,전북특별자치도 전주시 완산구 경원동1가 113-5,35.8177114,127.1485094,063-288-6644,한식,일반음식점,"전라북도 전주시에서 맛집을 찾으신다면, ""이래면옥""을 꼭 방문해보세요. 2013년 06월 20일 KBS2 생생정보통 672회에 방영된 유명 매장이랍니다! 위생 수준이 우수하고 친절한 서비스로 지방자치단체의 선정을 받은 모범음식점입니다. 레드테이블에서 온라인 예약이 가능합니다! 배달 가능한 매장입니다. 다국어 메뉴판이 있는 매장입니다.",운영중,True,True,풍남동,official_coordinates,https://www.data.go.kr/data/15076735/fileData.do; 2022-04-01,2022-04-01
118796,짱가네,전북특별자치도 전주시 완산구 맏내3길 6-6,전북특별자치도 전주시 완산구 평화동1가 706-10,35.7932054,127.1315627,063-225-8842,경양식,일반음식점,"""짱가네""를 전라북도 전주시의 가 볼 만한 식당으로 추천합니다! 레드테이블에서 온라인 예약이 가능합니다! 다국어 메뉴판이 있는 매장입니다.",운영중,True,True,평화2동,official_coordinates,https://www.data.go.kr/data/15076735/fileData.do; 2022-04-01,2022-04-01
118800,김미숙부대찌개,전북특별자치도 전주시 완산구 백제대로 226,전북특별자치도 전주시 완산구 중화산동2가 647-1 김미숙부대찌개,35.8132807,127.1236207,063-226-8864,한식,일반음식점,"전라북도 전주시에서 맛집을 찾으신다면 ""김미숙부대찌개(본점)""를 추천합니다. 지방자치단체 인증을 받은 농림축산식품부 제공 안심식당입니다. 레드테이블에서 온라인 예약이 가능합니다! 다국어 메뉴판이 있는 매장입니다.",운영중,True,True,중화산1동,official_coordinates,https://www.data.go.kr/data/15076735/fileData.do; 2022-04-01,2022-04-01
118805,각시명품한돈정육식당,전북특별자치도 전주시 완산구 효동2길 38,전북특별자치도 전주시 완산구 효자동1가 219-5,35.8032472,127.1258936,063-225-2980,중국식,일반음식점,"""각시정육식당&각시뼈다귀감자탕""을 전라북도 전주시의 가 볼 만한 식당으로 추천합니다! 레드테이블에서 온라인 예약이 가능합니다! 다국어 메뉴판이 있는 매장입니다.",운영중,True,True,효자1동,official_coordinates,https://www.data.go.kr/data/15076735/fileData.do; 2022-04-01,2022-04-01
118807,김밥이야기,전북특별자치도 전주시 완산구 전주객사3길 12-29,전북특별자치도 전주시 완산구 고사동 422,35.8181836,127.1435762,063-284-8689,기타,일반음식점,"""김밥이야기""를 전라북도 전주시의 가 볼 만한 식당으로 추천합니다! 레드테이블에서 온라인 예약이 가능합니다! 다국어 메뉴판이 있는 매장입니다.",운영중,True,True,중앙동,official_coordinates,https://www.data.go.kr/data/15076735/fileData.do; 2022-04-01,2022-04-01
118809,자매식당,전북특별자치도 전주시 완산구 전룡로 132,전북특별자치도 전주시 완산구 서신동 6-13,35.8289599,127.1269733,063-275-7893,한식,일반음식점,"무엇을 먹을지 고민되신다고요? 전라북도 전주시에 계시다면 ""자매식당""을 추천합니다! 레드테이블에서 온라인 예약이 가능합니다! 배달 가능한 매장입니다. 다국어 메뉴판이 있는 매장입니다.",운영중,True,True,서신동,official_coordinates,https://www.data.go.kr/data/15076735/fileData.do; 2022-04-01,2022-04-01
118812,해초냉면,전북특별자치도 전주시 완산구 천잠로 545-5,전북특별자치도 전주시 완산구 효자동3가 741-2,35.8330826,127.095702,063-278-0110,한식,일반음식점,"무엇을 먹을지 고민되신다고요? 전라북도 전주시에 계시다면 ""해초냉면(서곡점)""을 추천합니다! 레드테이블에서 온라인 예약이 가능합니다! 주차공간, 다국어 메뉴판이 있는 매장입니다.",운영중,True,True,효자5동,official_coordinates,https://www.data.go.kr/data/15076735/fileData.do; 2022-04-01,2022-04-01
118813,여수수산,전북특별자치도 전주시 완산구 거마평로 188,전북특별자치도 전주시 완산구 효자동1가 399-2,35.8091151,127.1157555,063-236-6180,한식,일반음식점,"어디 가야 할지 고민이시라고요? 그럼 전라북도 전주시 맛집, ""여수수산""을 추천합니다! 레드테이블에서 온라인 예약이 가능합니다! 배달 가능한 매장입니다. 다국어 메뉴판이 있는 매장입니다.",운영중,True,True,효자2동,official_coordinates,https://www.data.go.kr/data/15076735/fileData.do; 2022-04-01,2022-04-01
118794,맛있게 매운손맛,전북특별자치도 전주시 완산구 신촌4길 10,전북특별자치도 전주시 완산구 중화산동2가 776-5,35.8179515,127.1171732,063-224-9998,한식,일반음식점,"전라북도 전주시에서 가 볼 만한 식당을 찾으신다면? ""매운손맛""을 추천합니다! 레드테이블에서 온라인 예약이 가능합니다! 다국어 메뉴판이 있는 매장입니다.",운영중,True,True,중화산2동,official_coordinates,https://www.data.go.kr/data/15076735/fileData.do; 2022-04-01,2022-04-01
92425,김영희 강남 동태찜,전북특별자치도 전주시 완산구 서신천변12길 10,전북특별자치도 전주시 완산구 서신동 816-6,35.8299848,127.1151817,063-278-7333,한식,일반음식점,"전라북도 전주시에서 맛집을 찾으신다면 ""김영희강남동태찜(서신점)""을 추천합니다. 레드테이블에서 온라인 예약이 가능합니다! 배달 가능한 매장입니다. 주차공간, 다국어 메뉴판이 있는 매장입니다.",운영중,True,True,서신동,official_coordinates,https://www.data.go.kr/data/15076735/fileData.do; 2022-04-01,2022-04-01
92419,태하식당,전북특별자치도 전주시 완산구 서신천변15길 13,전북특별자치도 전주시 완산구 서신동 799-1,35.8317687,127.1128787,063-255-3436,한식,일반음식점,"전라북도 전주시에서 맛집을 찾으신다면 ""태하식당""을 추천합니다. 레드테이블에서 온라인 예약이 가능합니다! 배달 가능한 매장입니다. 다국어 메뉴판이 있는 매장입니다.",운영중,True,True,서신동,official_coordinates,https://www.data.go.kr/data/15076735/fileData.do; 2022-04-01,2022-04-01
92409,치킨신드롬 중화산점,전북특별자치도 전주시 완산구 영경3길 8,전북특별자치도 전주시 완산구 중화산동2가 229-16,35.8173003,127.1250093,063-224-8788,한식,일반음식점,"전라북도 전주시에 가신다면 ""치킨신드롬(중화산점)""에 방문해보세요~ 레드테이블에서 온라인 예약이 가능합니다! 배달 가능한 매장입니다. 다국어 메뉴판이 있는 매장입니다.",운영중,True,True,중화산2동,official_coordinates,https://www.data.go.kr/data/15076735/fileData.do; 2022-04-01,2022-04-01
934711,새우락 아중점,전북특별자치도 전주시 덕진구 석소로 64 C동,전북특별자치도 전주시 덕진구 우아동2가 875-1 C동,35.8328242,127.1679663,050-7137-8115,,일반음식점,"어디 가야 할지 고민이시라고요? 그럼 전라북도 전주시 맛집, ""새우락(아중점)""을 추천합니다! 레드테이블에서 온라인 예약이 가능합니다! 남녀 화장실이 구분되어 있는 매장입니다. 다국어 메뉴판, 무선 인터넷이 있는 매장입니다.",운영중,True,True,우아2동,official_coordinates,https://www.data.go.kr/data/15076735/fileData.do; 2022-04-01,2022-04-01
934643,한라와라야키	,전북특별자치도 전주시 완산구 홍산북로 46-21(1층 102호 효자동3가)	,전북특별자치도 전주시 완산구 효자동3가 1533-3,35.8167438,127.1073622,063-229-3177,,일반음식점,"어디 가야 할지 고민이시라고요? 그럼 전라북도 전주시 맛집, ""한라와라야키""를 추천합니다! 레드테이블에서 온라인 예약이 가능합니다! 주차공간, 다국어 메뉴판, 그리고 무선 인터넷이 있는 매장입니다.",운영중,True,True,효자5동,official_coordinates,https://www.data.go.kr/data/15076735/fileData.do; 2022-04-01,2022-04-01
934158,놀부보쌈부대찌개만성점,전북특별자치도 전주시 덕진구 만성로 140 2층,전북특별자치도 전주시 덕진구 중동 775-3,35.8434655,127.0770739,063-213-0077,,일반음식점,"전라북도 전주시에서 가 볼 만한 식당을 찾으신다면? ""놀부보쌈부대찌개(만성점)""를 추천합니다! 지방자치단체 인증을 받은 농림축산식품부 제공 안심식당입니다. 레드테이블에서 온라인 예약이 가능합니다! 배달 가능한 매장입니다. 다국어 메뉴판이 있는 매장입니다.",운영중,True,True,여의동,official_coordinates,https://www.data.go.kr/data/15076735/fileData.do; 2022-04-01,2022-04-01
933054,뿔난아구 송천점,전북특별자치도 전주시 덕진구 솔내로 148,전북특별자치도 전주시 덕진구 송천동1가 107-179,35.8632489,127.1272718,063-272-3950,,일반음식점,"전라북도 전주시에서 어디를 갈지 고민이라면! ""뿔난아구(송천점)""에 가보시는 건 어떨까요? 레드테이블에서 온라인 예약이 가능합니다! 배달 가능한 매장입니다. 주차공간, 다국어 메뉴판이 있는 매장입니다.",운영중,True,True,송천1동,official_coordinates,https://www.data.go.kr/data/15076735/fileData.do; 2022-04-01,2022-04-01
64855,그랑삐아또 중화산본점,전북특별자치도 전주시 완산구 서원로 356,전북특별자치도 전주시 완산구 중화산동1가 303-1,35.8130502,127.1331042,063-288-0066,이탈리아음식,,"전라북도 전주시에 가신다면 ""그랑삐아또 중화산본점""에 방문해보세요~",운영중,True,True,중화산1동,official_coordinates,https://www.data.go.kr/data/15076735/fileData.do; 2022-04-01,2022-04-01
67643,족발예찬 송천동본점,전북특별자치도 전주시 덕진구 사근1길 23-1,전북특별자치도 전주시 덕진구 송천동2가 176-8,35.8668081,127.1296614,063-251-8253,족발,,"전라북도 전주시에서 식당을 찾으신다면? ""족발예찬 송천동본점""을 방문해보세요!",운영중,True,True,송천1동,official_coordinates,https://www.data.go.kr/data/15076735/fileData.do; 2022-04-01,2022-04-01
68734,이태리부대찌개 서곡점,전북특별자치도 전주시 완산구 서곡로 76 ,전북특별자치도 전주시 완산구 효자동3가 1436-2,35.8354324,127.1016961,063-227-2488,"찌개,전골",,"""이태리부대찌개 서곡점""은 전라북도 전주시에 있습니다.",운영중,True,True,효자5동,official_coordinates,https://www.data.go.kr/data/15076735/fileData.do; 2022-04-01,2022-04-01
935071,빈스카페,전북특별자치도 전주시 덕진구 조경단로 9-1,전북특별자치도 전주시 덕진구 금암동 522-96,35.8357388,127.1362042,,,일반음식점,"어디 가야 할지 고민이시라고요? 그럼 전라북도 전주시 맛집, ""빈스카페(1호점)""를 추천합니다! 레드테이블에서 온라인 예약이 가능합니다! 다국어 메뉴판이 있는 매장입니다.",운영중,True,True,금암1동,official_coordinates,https://www.data.go.kr/data/15076735/fileData.do; 2022-04-01,2022-04-01
40098,깐깐한족발신시가지점,전북특별자치도 전주시 완산구 홍산북로 71,전북특별자치도 전주시 완산구 효자동3가 1530-10,35.8175919,127.1097514,063-221-1232,족발,,"전라북도 전주시에서 어디를 갈지 고민이라면! ""깐깐한족발신시가지점""에 가보시는 건 어떨까요?",운영중,True,True,효자5동,official_coordinates,https://www.data.go.kr/data/15076735/fileData.do; 2022-04-01,2022-04-01
933040,마마카롱,전북특별자치도 전주시 완산구 당산로 17,전북특별자치도 전주시 완산구 서신동 763-1 신일아파트,35.8326929,127.1097117,070-8778-0041,,휴게음식점,"""마마카롱""은 전라북도 전주시에 있습니다. 레드테이블에서 온라인 예약이 가능합니다! 배달 가능한 매장입니다. 다국어 메뉴판, 무선 인터넷이 있는 매장입니다.",운영중,True,True,서신동,official_coordinates,https://www.data.go.kr/data/15076735/fileData.do; 2022-04-01,2022-04-01
69067,즐겨찾기,전북특별자치도 전주시 완산구 거마산2길 4-4,전북특별자치도 전주시 완산구 삼천동1가 621-8,35.7972935,127.1240593,,한식,일반음식점,"전라북도 전주시에서 식당을 찾으신다면? ""즐겨찾기""를 방문해보세요! 레드테이블에서 온라인 예약이 가능합니다! 남녀 화장실이 구분되어 있는 매장입니다. 다국어 메뉴판, 무선 인터넷이 있는 매장입니다.",운영중,True,True,삼천2동,official_coordinates,https://www.data.go.kr/data/15076735/fileData.do; 2022-04-01,2022-04-01
22506,평규술집전북대점,전북특별자치도 전주시 덕진구 명륜3길 15,전북특별자치도 전주시 덕진구 덕진동1가 1263-23,35.8426669,127.1276728,063-251-7547,맥주,,"전라북도 전주시에서 가 볼 만한 식당을 찾으신다면? ""평규술집전북대점""을 추천합니다!",운영중,True,True,덕진동,official_coordinates,https://www.data.go.kr/data/15076735/fileData.do; 2022-04-01,2022-04-01
10433,"또와, 롱",전북특별자치도 전주시 완산구 서곡4길 45-4,전북특별자치도 전주시 완산구 효자동3가 1472-3,35.8324154,127.1030372,,카페,,"전라북도 전주시에서 어디를 갈지 고민이라면! ""또와, 롱""에 가보시는 건 어떨까요?",운영중,True,True,효자5동,official_coordinates,https://www.data.go.kr/data/15076735/fileData.do; 2022-04-01,2022-04-01
42500,w마라시대,전북특별자치도 전주시 완산구 백마산길 10,전북특별자치도 전주시 완산구 효자동3가 1167-5,35.8180622,127.0919941,,분식,일반음식점,"전라북도 전주시에서 가 볼 만한 식당을 찾으신다면? ""더블유 마라시대(전주대점)""를 추천합니다! 레드테이블에서 온라인 예약이 가능합니다! 배달 가능한 매장입니다. 다국어 메뉴판이 있는 매장입니다.",운영중,True,True,효자4동,official_coordinates,https://www.data.go.kr/data/15076735/fileData.do; 2022-04-01,2022-04-01
932477,이디야우아한시티점,전북특별자치도 전주시 덕진구 우아로 32,전북특별자치도 전주시 완산구 경원동3가 90-13,35.8507498,127.156028,063-242-9142,,휴게음식점,"전라북도 전주시에 가신다면 ""이디야커피(전주우아한시티점)""에 방문해보세요~ 레드테이블에서 온라인 예약이 가능합니다! 남녀 화장실이 구분되어 있는 매장입니다. 배달 가능한 매장입니다. 다국어 메뉴판, 무선 인터넷이 있는 매장입니다.",운영중,True,True,우아1동,official_coordinates,https://www.data.go.kr/data/15076735/fileData.do; 2022-04-01,2022-04-01
932437,카페블레스롤	,"전북특별자치도 전주시 완산구 홍산남로 56(1층 103호,104호 효자동2가)	",전북특별자치도 전주시 완산구 효자동2가 1155-5,35.8155758,127.1080974,063-227-0070,,휴게음식점,"""카페블레스롤(전주신시가지점)""을 전라북도 전주시의 가 볼 만한 식당으로 추천합니다! 레드테이블과 네이버에서 온라인 예약이 가능합니다! 남녀 화장실이 구분되어 있는 매장입니다. 배달 가능한 매장입니다. 주차공간, 다국어 메뉴판, 그리고 무선 인터넷이 있는 매장입니다.",운영중,True,True,효자5동,official_coordinates,https://www.data.go.kr/data/15076735/fileData.do; 2022-04-01,2022-04-01
41506,신본참치,전북특별자치도 전주시 완산구 마전들로 71 2층,전북특별자치도 전주시 완산구 효자동3가 1648-3,35.8212207,127.1032896,063-226-7171,일식,,"전라북도 전주시에서 맛집을 찾으신다면 ""신본참치""를 추천합니다.",운영중,True,True,효자5동,official_coordinates,https://www.data.go.kr/data/15076735/fileData.do; 2022-04-01,2022-04-01
931480,대한곱창 전주신시가지점,전북특별자치도 전주시 완산구 홍산중앙로 30,전북특별자치도 전주시 완산구 효자동3가 1536-6,35.8162946,127.1093246,063-222-2273,,일반음식점,"전라북도 전주시에서 가 볼 만한 식당을 찾으신다면? ""군자대한곱창(전주신시가지점)""을 추천합니다! 레드테이블에서 온라인 예약이 가능합니다! 배달 가능한 매장입니다. 다국어 메뉴판이 있는 매장입니다.",운영중,True,True,효자5동,official_coordinates,https://www.data.go.kr/data/15076735/fileData.do; 2022-04-01,2022-04-01
936447,갤러리39번가,전북특별자치도 전주시 완산구 난전들로 245-39 2층,전북특별자치도 전주시 완산구 삼천동1가 417-1,35.7899951,127.1135047,063-222-0390,,일반음식점,"무엇을 먹을지 고민되신다고요? 전라북도 전주시에 계시다면 ""갤러리39번가""를 추천합니다! 레드테이블에서 온라인 예약이 가능합니다! 다국어 메뉴판이 있는 매장입니다.",운영중,True,True,삼천3동,official_coordinates,https://www.data.go.kr/data/15076735/fileData.do; 2022-04-01,2022-04-01
937119,커피집 삼천점,전북특별자치도 전주시 완산구 삼천천변2길 29,전북특별자치도 전주시 완산구 삼천동1가 455-8,35.7966879,127.1133782,063-222-1190,,휴게음식점,"무엇을 먹을지 고민되신다고요? 전라북도 전주시에 계시다면 ""커피집(삼천점)""을 추천합니다! 레드테이블에서 온라인 예약이 가능합니다! 배달 가능한 매장입니다. 다국어 메뉴판이 있는 매장입니다.",운영중,True,True,삼천3동,official_coordinates,https://www.data.go.kr/data/15076735/fileData.do; 2022-04-01,2022-04-01
52848,카페스타치오,전북특별자치도 전주시 완산구 원서곡길 45,전북특별자치도 전주시 완산구 효자동3가 745-2,35.8331419,127.0947647,063-253-6421,카페,,"무엇을 먹을지 고민되신다고요? 전라북도 전주시에 계시다면 ""카페스타치오""를 추천합니다!",운영중,True,True,효자5동,official_coordinates,https://www.data.go.kr/data/15076735/fileData.do; 2022-04-01,2022-04-01
942193,카페인,전북특별자치도 전주시 덕진구 호성3길 19 일번지빌딩 1층,전북특별자치도 전주시 완산구 평화동2가 891-2,35.8604024,127.1505755,070-7867-3990,,휴게음식점,"전라북도 전주시에서 맛집을 찾으신다면 ""카페인""을 추천합니다. 레드테이블에서 온라인 예약이 가능합니다! 다국어 메뉴판이 있는 매장입니다.",운영중,True,True,호성동,official_coordinates,https://www.data.go.kr/data/15076735/fileData.do; 2022-04-01,2022-04-01
57722,Angel-in-us 엔제리너스 전북대점,전북특별자치도 전주시 덕진구 권삼득로 343 1층,전북특별자치도 전주시 덕진구 덕진동1가 664-1,35.845373,127.1253881,063-225-3099,카페,,"전라북도 전주시에서 어디를 갈지 고민이라면! ""Angel-in-us 엔제리너스 전북대점""에 가보시는 건 어떨까요?",운영중,True,True,덕진동,official_coordinates,https://www.data.go.kr/data/15076735/fileData.do; 2022-04-01,2022-04-01
941735,홍루이젠,전북특별자치도 전주시 덕진구 세병로 141,전북특별자치도 전주시 덕진구 송천동2가 1307,35.8764272,127.1354793,063-241-8639,,휴게음식점,"어디 가야 할지 고민이시라고요? 그럼 전라북도 전주시 맛집, ""홍루이젠(에코시티점)""을 추천합니다! 레드테이블에서 온라인 예약이 가능합니다! 배달 가능한 매장입니다. 다국어 메뉴판이 있는 매장입니다.",운영중,True,True,송천1동,official_coordinates,https://www.data.go.kr/data/15076735/fileData.do; 2022-04-01,2022-04-01
941455,에머이 전북대점,전북특별자치도 전주시 덕진구 백제대로 582(1층 101호 금암동),전북특별자치도 전주시 덕진구 금암동 728-126,35.8406444,127.1336058,063-272-7174,,일반음식점,"어디 가야 할지 고민이시라고요? 그럼 전라북도 전주시 맛집, ""에머이(전북대점)""를 추천합니다! 레드테이블에서 온라인 예약이 가능합니다! 배달 가능한 매장입니다. 주차공간, 다국어 메뉴판, 그리고 무선 인터넷이 있는 매장입니다.",운영중,True,True,금암1동,official_coordinates,https://www.data.go.kr/data/15076735/fileData.do; 2022-04-01,2022-04-01
12985,세븐테라스,"전북특별자치도 전주시 완산구 유연로 28 콜로세움아울렛 1,2층",전북특별자치도 전주시 완산구 효자동3가 1019-1,35.8224704,127.0890287,063-224-8866,뷔페,,"전라북도 전주시에서 어디를 갈지 고민이라면! ""세븐테라스""에 가보시는 건 어떨까요?",운영중,True,True,효자5동,official_coordinates,https://www.data.go.kr/data/15076735/fileData.do; 2022-04-01,2022-04-01
31722,삼삼가맥,전북특별자치도 전주시 완산구 효자로 173 1층 삼삼가맥,전북특별자치도 전주시 완산구 효자동3가 1699-5,35.8193687,127.1042327,,술집,,"전라북도 전주시에서 식당을 찾으신다면? ""삼삼가맥""을 방문해보세요!",운영중,True,True,효자5동,official_coordinates,https://www.data.go.kr/data/15076735/fileData.do; 2022-04-01,2022-04-01
21162,미스터면장 전주점,전북특별자치도 전주시 완산구 쑥고개로 303,전북특별자치도 전주시 완산구 효자동2가  750-1,35.802086,127.0981059,,한식,,"전라북도 전주시에 가신다면 ""미스터면장 전주점""에 방문해보세요~",운영중,True,True,효자4동,official_coordinates,https://www.data.go.kr/data/15076735/fileData.do; 2022-04-01,2022-04-01
938968,필스수제버거,전북특별자치도 전주시 완산구 홍산1길 7 151호,전북특별자치도 전주시 완산구 효자동2가 1157-4 151호,35.8141875,127.108357,063-227-0778,,휴게음식점,"전라북도 전주시에서 식당을 찾으신다면? ""필스수제버거""를 방문해보세요! 레드테이블에서 온라인 예약이 가능합니다! 배달 가능한 매장입니다. 다국어 메뉴판이 있는 매장입니다.",운영중,True,True,효자5동,official_coordinates,https://www.data.go.kr/data/15076735/fileData.do; 2022-04-01,2022-04-01
938030,성자동,전북특별자치도 전주시 덕진구 명륜4길 21-4,전북특별자치도 전주시 덕진구 우아동2가 904-8,35.8441339,127.1265639,050-7133-6930,,일반음식점,"전라북도 전주시에서 가 볼 만한 식당을 찾으신다면? ""성자동""을 추천합니다! 레드테이블에서 온라인 예약이 가능합니다! 배달 가능한 매장입니다. 다국어 메뉴판, 무선 인터넷이 있는 매장입니다.",운영중,True,True,덕진동,official_coordinates,https://www.data.go.kr/data/15076735/fileData.do; 2022-04-01,2022-04-01
937845,풀덤 전북대점,전북특별자치도 전주시 덕진구 명륜4길 18-5 1층,전북특별자치도 전주시 덕진구 금암동 1312-3 1층,35.8434411,127.1275481,050-7135-3747,,일반음식점,"전라북도 전주시에서 어디를 갈지 고민이라면! ""풀덤(전북대점)""에 가보시는 건 어떨까요? 레드테이블과 네이버에서 온라인 예약이 가능합니다! 남녀 화장실이 구분되어 있는 매장입니다. 놀이방, 다국어 메뉴판, 그리고 무선 인터넷이 있는 매장입니다.",운영중,True,True,덕진동,official_coordinates,https://www.data.go.kr/data/15076735/fileData.do; 2022-04-01,2022-04-01
34730,홍춘천치즈닭갈비 송천1점,전북특별자치도 전주시 덕진구 붓내3길 15,전북특별자치도 전주시 덕진구 송천동2가 247-1,35.8667194,127.1230674,063-252-1399,닭갈비,,"전라북도 전주시에서 식당을 찾으신다면? ""홍춘천치즈닭갈비 송천1점""을 방문해보세요!",운영중,True,True,송천1동,official_coordinates,https://www.data.go.kr/data/15076735/fileData.do; 2022-04-01,2022-04-01
14261,동창갈비,전북특별자치도 전주 전주객사4길 43-6,,35.8198507,127.143126,063-287-2911,한식,일반음식점,"전라북도 전주시에서 어디를 갈지 고민이라면! ""동창갈비""에 가보시는 건 어떨까요? 레드테이블에서 온라인 예약이 가능합니다! 남녀 화장실이 구분되어 있는 매장입니다. 주차공간, 다국어 메뉴판, 그리고 무선 인터넷이 있는 매장입니다.",운영중,True,True,중앙동,official_coordinates,https://www.data.go.kr/data/15076735/fileData.do; 2022-04-01,2022-04-01
937394,배부장찌개 만성법원점,전북특별자치도 전주시 덕진구 만성중앙로 53-37,전북특별자치도 전주시 완산구 삼천동1가 284-61,35.8432365,127.077638,063-213-2202,,일반음식점,"전라북도 전주시에서 가 볼 만한 식당을 찾으신다면? ""배부장찌개(만성법원점)""를 추천합니다! 레드테이블에서 온라인 예약이 가능합니다! 배달 가능한 매장입니다. 주차공간, 다국어 메뉴판, 그리고 무선 인터넷이 있는 매장입니다.",운영중,True,True,여의동,official_coordinates,https://www.data.go.kr/data/15076735/fileData.do; 2022-04-01,2022-04-01
8381,안티코,전북특별자치도 전주시 완산구 전주객사3길 12-21 안티코,전북특별자치도 전주시 완산구 고사동 424-2,35.8181596,127.143284,,파스타,,"전라북도 전주시에서 식당을 찾으신다면? ""안티코""를 방문해보세요!",운영중,True,True,중앙동,official_coordinates,https://www.data.go.kr/data/15076735/fileData.do; 2022-04-01,2022-04-01
937167,1층 포장마차,전북특별자치도 전주시 완산구 홍산북로 45-16 ,전북특별자치도 전주시 완산구 효자동3가 1529-4,35.8178561,127.1075198,063-227-0917,,일반음식점,"""일층 포장마차""는 전라북도 전주시에 있습니다. 레드테이블에서 온라인 예약이 가능합니다! 배달 가능한 매장입니다. 다국어 메뉴판이 있는 매장입니다.",운영중,True,True,효자5동,official_coordinates,https://www.data.go.kr/data/15076735/fileData.do; 2022-04-01,2022-04-01
938258,호천당 신시가지점,전북특별자치도 전주시 완산구 홍산남로 56,전북특별자치도 전주시 완산구 효자동2가 1155-5,35.8155758,127.1080974,063-222-5955,,일반음식점,"전라북도 전주시에 가신다면 ""호천당(전주신시가지점)""에 방문해보세요~ 레드테이블에서 온라인 예약이 가능합니다! 배달 가능한 매장입니다. 다국어 메뉴판, 무선 인터넷이 있는 매장입니다.",운영중,True,True,효자5동,official_coordinates,https://www.data.go.kr/data/15076735/fileData.do; 2022-04-01,2022-04-01
25230,어쭈구리왕문어,전북특별자치도 전주시 완산구 문학대2길 14 1층,전북특별자치도 전주시 완산구 효자동3가 1621-20,35.8254648,127.103365,,카페,,"전라북도 전주시에서 식당을 찾으신다면? ""어쭈구리왕문어""를 방문해보세요!",운영중,True,True,효자5동,official_coordinates,https://www.data.go.kr/data/15076735/fileData.do; 2022-04-01,2022-04-01
10509,과일정원,"전북특별자치도 전주시 덕진구 가련산로 10 109,110호",전북특별자치도 전주시 덕진구 덕진동2가 695-2,35.8406724,127.1105504,063-251-8882,과일주스,,"전라북도 전주시에서 식당을 찾으신다면? ""과일정원""을 방문해보세요!",운영중,True,True,덕진동,official_coordinates,https://www.data.go.kr/data/15076735/fileData.do; 2022-04-01,2022-04-01
929268,한촌설렁탕 전주송천에코시티점,전북특별자치도 전주시 덕진구 세병로 174-19,전북특별자치도 전주시 덕진구 송천동2가 1299-3,35.8802653,127.1340302,063-278-8808,,일반음식점,"어디 가야 할지 고민이시라고요? 그럼 전라북도 전주시 맛집, ""한촌설렁탕(전주송천에코시티점)""을 추천합니다! 레드테이블에서 온라인 예약이 가능합니다! 남녀 화장실이 구분되어 있는 매장입니다. 주차공간, 다국어 메뉴판이 있는 매장입니다.",운영중,True,True,송천2동,official_coordinates,https://www.data.go.kr/data/15076735/fileData.do; 2022-04-01,2022-04-01
80592,금암동부대찌개 전북대점,전북특별자치도 전주시 덕진구 권삼득로 311-1,전북특별자치도 전주시 덕진구 금암동 664-41,35.8435002,127.1277643,063-271-2685,호프/통닭,일반음식점,"""금암동부대찌개(전북대점)""는 전라북도 전주시에 있습니다. 레드테이블에서 온라인 예약이 가능합니다! 다국어 메뉴판이 있는 매장입니다.",운영중,True,True,덕진동,official_coordinates,https://www.data.go.kr/data/15076735/fileData.do; 2022-04-01,2022-04-01
80594,TEAM,전북특별자치도 전주시 덕진구 권삼득로 305,전북특별자치도 전주시 덕진구 금암동 664-47,35.84332,127.1282549,063-272-8008,호프/통닭,일반음식점,"어디 가야 할지 고민이시라고요? 그럼 전라북도 전주시 맛집, ""팀레스토랑""을 추천합니다! 레드테이블에서 온라인 예약이 가능합니다! 남녀 화장실이 구분되어 있는 매장입니다. 주차공간, 다국어 메뉴판, 그리고 무선 인터넷이 있는 매장입니다.",운영중,True,True,덕진동,official_coordinates,https://www.data.go.kr/data/15076735/fileData.do; 2022-04-01,2022-04-01
80596,들턱,전북특별자치도 전주시 덕진구 명륜3길 13 2층,전북특별자치도 전주시 덕진구 덕진동1가 1263-11 2층,35.8425278,127.1275098,050-7135-9148,호프/통닭,일반음식점,"전라북도 전주시에서 식당을 찾으신다면? ""들턱""을 방문해보세요! 레드테이블에서 온라인 예약이 가능합니다! 남녀 화장실이 구분되어 있는 매장입니다. 다국어 메뉴판, 무선 인터넷이 있는 매장입니다.",운영중,True,True,덕진동,official_coordinates,https://www.data.go.kr/data/15076735/fileData.do; 2022-04-01,2022-04-01
80598,비어댐,전북특별자치도 전주시 덕진구 명륜3길 20,전북특별자치도 전주시 덕진구 덕진동1가 1314-179,35.842763,127.1281611,050-7133-0141,호프/통닭,일반음식점,"전라북도 전주시에 가신다면 ""비어댐(전북대점)""에 방문해보세요~ 레드테이블에서 온라인 예약이 가능합니다! 남녀 화장실이 구분되어 있는 매장입니다. 다국어 메뉴판이 있는 매장입니다.",운영중,True,True,덕진동,official_coordinates,https://www.data.go.kr/data/15076735/fileData.do; 2022-04-01,2022-04-01
80599,손가네바지락손칼국수,전북특별자치도 전주시 덕진구 솔내8길 8,전북특별자치도 전주시 덕진구 송천동1가 485-6,35.8610071,127.1221725,063-276-1154,한식,일반음식점,"전라북도 전주시에서 맛집을 찾으신다면 ""손가네바지락칼국수(전주점)""를 추천합니다. 레드테이블에서 온라인 예약이 가능합니다! 다국어 메뉴판이 있는 매장입니다.",운영중,True,True,송천1동,official_coordinates,https://www.data.go.kr/data/15076735/fileData.do; 2022-04-01,2022-04-01
925138,한남동 그집,전북특별자치도 전주시 완산구 용리로 26,전북특별자치도 전주시 완산구 삼천동1가 284-61,35.7984606,127.1126121,,,일반음식점,"어디 가야 할지 고민이시라고요? 그럼 전라북도 전주시 맛집, ""한남동그집(전주삼천동점)""을 추천합니다! 레드테이블에서 온라인 예약이 가능합니다! 다국어 메뉴판이 있는 매장입니다.",운영중,True,True,삼천3동,official_coordinates,https://www.data.go.kr/data/15076735/fileData.do; 2022-04-01,2022-04-01
924916,정성쌀수제도너츠,전북특별자치도 전주시 완산구 서곡로 36,전북특별자치도 전주시 완산구 효자동3가 1483-1 서곡청솔아파트 상가,35.8323824,127.0994509,063-251-3026,,제과점영업,"전라북도 전주시에서 맛집을 찾으신다면 ""정성쌀수제도너츠""를 추천합니다. 레드테이블에서 온라인 예약이 가능합니다! 배달 가능한 매장입니다. 다국어 메뉴판이 있는 매장입니다.",운영중,True,True,효자5동,official_coordinates,https://www.data.go.kr/data/15076735/fileData.do; 2022-04-01,2022-04-01
80584,엡솔루트지티 ,전북특별자치도 전주시 덕진구 명륜4길 17-4 지하1층,전북특별자치도 전주시 덕진구 덕진동1가 1314-166 지하 1층,35.8437659,127.1265179,050-7132-4919,한식,일반음식점,"무엇을 먹을지 고민되신다고요? 전라북도 전주시에 계시다면 ""엡솔루트지티""를 추천합니다! 레드테이블에서 온라인 예약이 가능합니다! 다국어 메뉴판, 무선 인터넷이 있는 매장입니다.",운영중,True,True,덕진동,official_coordinates,https://www.data.go.kr/data/15076735/fileData.do; 2022-04-01,2022-04-01
924850,반올림피자샵,전북특별자치도 전주시 덕진구 석소로 64,전북특별자치도 전주시 덕진구 우아동2가 875-1,35.8328242,127.1679663,063-247-6655,,일반음식점,"전라북도 전주시에서 식당을 찾으신다면? ""반올림피자샵(전주아중점)""을 방문해보세요! 레드테이블에서 온라인 예약이 가능합니다! 배달 가능한 매장입니다. 다국어 메뉴판이 있는 매장입니다.",운영중,True,True,우아2동,official_coordinates,https://www.data.go.kr/data/15076735/fileData.do; 2022-04-01,2022-04-01
924169,플랜티카,전북특별자치도 전주시 완산구 충경로 49 1층,전북특별자치도 전주시 완산구 중앙동3가 14-9 1층,35.8180111,127.1444941,063-232-1277,,일반음식점,"전라북도 전주시에서 맛집을 찾으신다면 ""플랜티카""를 추천합니다. 레드테이블에서 온라인 예약이 가능합니다! 배달 가능한 매장입니다. 다국어 메뉴판, 무선 인터넷이 있는 매장입니다.",운영중,True,True,중앙동,official_coordinates,https://www.data.go.kr/data/15076735/fileData.do; 2022-04-01,2022-04-01
92398,탕화쿵푸마라탕 객사점,전북특별자치도 전주시 완산구 전주객사5길 73-26 1층,전북특별자치도 전주시 완산구 고사동 232-4 1층,35.8213938,127.1439427,063-271-8882,일식,일반음식점,"""탕화쿵푸마라탕(객사점)""을 전라북도 전주시의 가 볼 만한 식당으로 추천합니다! 레드테이블에서 온라인 예약이 가능합니다! 남녀 화장실이 구분되어 있는 매장입니다. 배달 가능한 매장입니다. 다국어 메뉴판이 있는 매장입니다.",운영중,True,True,중앙동,official_coordinates,https://www.data.go.kr/data/15076735/fileData.do; 2022-04-01,2022-04-01
92400,황산항아리수제비,전북특별자치도 전주시 완산구 전주객사3길 12-14,전북특별자치도 전주시 완산구 중앙동2가 27-2,35.8177992,127.1433675,063-284-3074,한식,일반음식점,"""황산항아리수제비""를 전라북도 전주시의 가 볼 만한 식당으로 추천합니다! 레드테이블에서 온라인 예약이 가능합니다! 배달 가능한 매장입니다. 다국어 메뉴판이 있는 매장입니다.",운영중,True,True,중앙동,official_coordinates,https://www.data.go.kr/data/15076735/fileData.do; 2022-04-01,2022-04-01
92401,시골촌,전북특별자치도 전주시 완산구 전주객사2길 12-1,전북특별자치도 전주시 완산구 고사동 447-6,35.8176108,127.1412985,063-286-3335,한식,일반음식점,"어디 가야 할지 고민이시라고요? 그럼 전라북도 전주시 맛집, ""시골촌""을 추천합니다! 레드테이블에서 온라인 예약이 가능합니다! 다국어 메뉴판이 있는 매장입니다.",운영중,True,True,중앙동,official_coordinates,https://www.data.go.kr/data/15076735/fileData.do; 2022-04-01,2022-04-01
92402,명가,전북특별자치도 전주시 완산구 동문길 111 ,전북특별자치도 전주시 완산구 경원동1가 111-1,35.8175216,127.1481888,063-232-5800,한식,일반음식점,"전라북도 전주시에서 어디를 갈지 고민이라면! ""한옥마을 명가""에 가보시는 건 어떨까요? 레드테이블에서 온라인 예약이 가능합니다! 남녀 화장실이 구분되어 있는 매장입니다. 주차공간, 다국어 메뉴판, 그리고 무선 인터넷이 있는 매장입니다.",운영중,True,True,풍남동,official_coordinates,https://www.data.go.kr/data/15076735/fileData.do; 2022-04-01,2022-04-01
92405,수정삼겹,전북특별자치도 전주시 완산구 전주객사1길 12-6,전북특별자치도 전주시 완산구 다가동3가 24-7,35.8171678,127.1406653,,한식,일반음식점,"전라북도 전주시에서 맛집을 찾으신다면 ""수정삼겹""을 추천합니다. 다국어 메뉴판이 있는 매장입니다.",운영중,True,True,중앙동,official_coordinates,https://www.data.go.kr/data/15076735/fileData.do; 2022-04-01,2022-04-01
92406,오원집 본점,전북특별자치도 전주시 완산구 공북로 84,전북특별자치도 전주시 완산구 태평동 10-9,35.8260809,127.1409259,063-275-1123,한식,일반음식점,"2015년 10월 27일 SBS 모닝와이드 6171회, 2015년 05월 08일 KBS2 2TV아침 92회, 2014년 03월 13일 KBS2 굿모닝대한민국 729회, 2012년 07월 18일 SBS 생방송투데이 785회 등 여러 방송에서 다룬 바로 그 곳! 전라북도 전주시 인기 맛집 ""오원집(본점)""을 방문해보세요! 레드테이블에서 온라인 예약이 가능합니다! 남녀 화장실이 구분되어 있는 매장입니다. 배달 가능한 매장입니다. 주차공간, 다국어 메뉴판, 그리고 무선 인터넷이 있는 매장입니다.",운영중,True,True,중앙동,official_coordinates,https://www.data.go.kr/data/15076735/fileData.do; 2022-04-01,2022-04-01
86430,삼총사분식,전북특별자치도 전주시 덕진구 붓내1길 15,전북특별자치도 전주시 덕진구 송천동2가 193-39,35.8645318,127.12345,063-255-0228,분식,,"전라북도 전주시에서 가 볼 만한 식당을 찾으신다면? ""삼총사분식""을 추천합니다!",운영중,True,True,송천1동,official_coordinates,https://www.data.go.kr/data/15076735/fileData.do; 2022-04-01,2022-04-01
80583,고기데이,전북특별자치도 전주시 덕진구 명륜4길 17-4 1층,전북특별자치도 전주시 덕진구 덕진동1가 1314-166 1층,35.8437579,127.1265152,050-7134-8925,한식,일반음식점,"""고기데이(전북대점)""는 전라북도 전주시에 있습니다. 레드테이블에서 온라인 예약이 가능합니다! 남녀 화장실이 구분되어 있는 매장입니다. 다국어 메뉴판, 무선 인터넷이 있는 매장입니다.",운영중,True,True,덕진동,official_coordinates,https://www.data.go.kr/data/15076735/fileData.do; 2022-04-01,2022-04-01
80582,스페쏘,전북특별자치도 전주시 덕진구 명륜4길 17-6,전북특별자치도 전주시 덕진구 덕진동1가 1314-163,35.8438407,127.1263696,063-253-2888,호프/통닭,일반음식점,"""스페쏘""를 전라북도 전주시의 가 볼 만한 식당으로 추천합니다! 배달 가능한 매장입니다. 다국어 메뉴판이 있는 매장입니다.",운영중,True,True,덕진동,official_coordinates,https://www.data.go.kr/data/15076735/fileData.do; 2022-04-01,2022-04-01
80579,아웃닭 전북대점,전북특별자치도 전주시 덕진구 명륜3길 18-2 1층,전북특별자치도 전주시 덕진구 덕진동1가 1264-24,35.8425436,127.1280252,063-255-9418,호프/통닭,일반음식점,"""아웃닭(전북대점)""을 전라북도 전주시의 가 볼 만한 식당으로 추천합니다! 레드테이블에서 온라인 예약이 가능합니다! 남녀 화장실이 구분되어 있는 매장입니다. 다국어 메뉴판이 있는 매장입니다.",운영중,True,True,덕진동,official_coordinates,https://www.data.go.kr/data/15076735/fileData.do; 2022-04-01,2022-04-01
929124,커피 인사이드,전북특별자치도 전주시 덕진구 기린대로 380,전북특별자치도 전주시 덕진구 금암동 470-25,35.8367077,127.1338655,050-7134-5702,,휴게음식점,"전라북도 전주시에서 맛집을 찾으신다면 ""커피 인사이드""를 추천합니다. 레드테이블에서 온라인 예약이 가능합니다! 남녀 화장실이 구분되어 있는 매장입니다. 배달 가능한 매장입니다. 주차공간, 다국어 메뉴판, 그리고 무선 인터넷이 있는 매장입니다.",운영중,True,True,금암1동,official_coordinates,https://www.data.go.kr/data/15076735/fileData.do; 2022-04-01,2022-04-01
927464,오날덕,전북특별자치도 전주시 덕진구 송천로 51,전북특별자치도 전주시 덕진구 송천동1가 325-15,35.8578624,127.1179467,063-271-9877,,일반음식점,"전라북도 전주시에서 식당을 찾으신다면? ""오날덕""을 방문해보세요! 레드테이블에서 온라인 예약이 가능합니다! 배달 가능한 매장입니다. 다국어 메뉴판이 있는 매장입니다.",운영중,True,True,송천2동,official_coordinates,https://www.data.go.kr/data/15076735/fileData.do; 2022-04-01,2022-04-01
926331,짹팥,전북특별자치도 전주시 덕진구 진버들1길 84,전북특별자치도 전주시 덕진구 우아동3가 456-2,35.8381758,127.1653273,063-242-2446,,일반음식점,"""짹팥""을 전라북도 전주시의 가 볼 만한 식당으로 추천합니다! 레드테이블에서 온라인 예약이 가능합니다! 다국어 메뉴판이 있는 매장입니다.",운영중,True,True,우아2동,official_coordinates,https://www.data.go.kr/data/15076735/fileData.do; 2022-04-01,2022-04-01
925979,카페2-21,전북특별자치도 전주시 완산구 범안2길 21,전북특별자치도 전주시 완산구 효자동2가 1160-2,35.813145,127.1068076,,,휴게음식점,"""카페2-21""을 전라북도 전주시의 가 볼 만한 식당으로 추천합니다! 레드테이블에서 온라인 예약이 가능합니다! 배달 가능한 매장입니다. 다국어 메뉴판, 무선 인터넷이 있는 매장입니다.",운영중,True,True,효자4동,official_coordinates,https://www.data.go.kr/data/15076735/fileData.do; 2022-04-01,2022-04-01
10583,커피꽃,전북특별자치도 전주시 완산구 팔달로 190,전북특별자치도 전주시 완산구 경원동3가 69-3,35.8192734,127.1469299,063-283-2299,카페,,"전라북도 전주시에서 어디를 갈지 고민이라면! ""커피꽃""에 가보시는 건 어떨까요?",운영중,True,True,풍남동,official_coordinates,https://www.data.go.kr/data/15076735/fileData.do; 2022-04-01,2022-04-01
925559,와플대학,전북특별자치도 전주시 덕진구 기지로 77 B 155호,전북특별자치도 전주시 덕진구 장동 1111,35.8390606,127.0605142,063-225-7171,,휴게음식점,"""와플대학(전주혁신도시 캠퍼스점)""은 전라북도 전주시에 있습니다. 레드테이블에서 온라인 예약이 가능합니다! 배달 가능한 매장입니다. 키오스크, 다국어 메뉴판이 있는 매장입니다.",운영중,True,True,여의동,official_coordinates,https://www.data.go.kr/data/15076735/fileData.do; 2022-04-01,2022-04-01
925467,초밥장이,전북특별자치도 전주시 완산구 전라감영3길 13 1층 초밥장이,전북특별자치도 전주시 완산구 중앙동1가 59-2 1층 초밥장이,35.8162182,127.1431644,063-288-4944,,일반음식점,"어디 가야 할지 고민이시라고요? 그럼 전라북도 전주시 맛집, ""초밥장이""를 추천합니다! 지방자치단체 인증을 받은 농림축산식품부 제공 안심식당입니다. 레드테이블에서 온라인 예약이 가능합니다! 주차공간, 다국어 메뉴판, 그리고 무선 인터넷이 있는 매장입니다.",운영중,True,True,중앙동,official_coordinates,https://www.data.go.kr/data/15076735/fileData.do; 2022-04-01,2022-04-01
49727,미쁘다,전북특별자치도 전주시 완산구 전주객사2길 73-1,전북특별자치도 전주시 완산구 다가동4가 61-1,35.8198993,127.1396267,,한식,일반음식점,"전라북도 전주시에서 어디를 갈지 고민이라면! ""카페미쁘다""에 가보시는 건 어떨까요? 레드테이블에서 온라인 예약이 가능합니다! 배달 가능한 매장입니다. 다국어 메뉴판, 무선 인터넷이 있는 매장입니다.",운영중,True,True,중앙동,official_coordinates,https://www.data.go.kr/data/15076735/fileData.do; 2022-04-01,2022-04-01
28775,수타5900,전북특별자치도 전주시 완산구 효자천변1길 26-13 (효자동1가),전북특별자치도 전주시 완산구 효자동1가 667-1,35.7992191,127.114116,,양식,,"""수타5900""은 전라북도 전주시에 있습니다.",운영중,True,True,효자3동,official_coordinates,https://www.data.go.kr/data/15076735/fileData.do; 2022-04-01,2022-04-01
74959,백번집,전북특별자치도 전주시 완산구 전라감영2길 15,전북특별자치도 전주시 완산구 다가동1가 44-7,35.8153417,127.1418929,063-286-0100,한정식,,"""백번집""을 전라북도 전주시의 가 볼 만한 식당으로 추천합니다!",운영중,True,True,중앙동,official_coordinates,https://www.data.go.kr/data/15076735/fileData.do; 2022-04-01,2022-04-01
28981,꺼구리시장통닭 효자점,전북특별자치도 전주시 완산구 홍산1길 7 1층,전북특별자치도 전주시 완산구 효자동2가 1157-4,35.8143137,127.1077079,063-222-9866,치킨,,"""꺼구리시장통닭 효자점""은 전라북도 전주시에 있습니다.",운영중,True,True,효자5동,official_coordinates,https://www.data.go.kr/data/15076735/fileData.do; 2022-04-01,2022-04-01
80511,커피플레이스,전북특별자치도 전주시 완산구 어진길 17,전북특별자치도 전주시 완산구 남노송동 98-16,35.8179027,127.1536277,,경양식,일반음식점,"전라북도 전주시에 가신다면 ""커피플레이스""에 방문해보세요~ 레드테이블에서 온라인 예약이 가능합니다! 다국어 메뉴판이 있는 매장입니다.",운영중,True,True,노송동,official_coordinates,https://www.data.go.kr/data/15076735/fileData.do; 2022-04-01,2022-04-01
30114,땡초김밥,전북특별자치도 전주시 완산구 홍산남로 62,전북특별자치도 전주시 완산구 효자동2가 1155-7,35.8155535,127.1087755,063-245-2350,분식,,"전라북도 전주시에서 가 볼 만한 식당을 찾으신다면? ""땡초김밥""을 추천합니다!",운영중,True,True,효자5동,official_coordinates,https://www.data.go.kr/data/15076735/fileData.do; 2022-04-01,2022-04-01
49765,오늘과오늘사이,전북특별자치도 전주시 덕진구 명륜1길 13,전북특별자치도 전주시 덕진구 금암동 707-8,35.8409539,127.1296374,,기타,일반음식점,"전라북도 전주시에서 식당을 찾으신다면? ""오늘과오늘사이""를 방문해보세요! 레드테이블에서 온라인 예약이 가능합니다! 다국어 메뉴판, 무선 인터넷이 있는 매장입니다.",운영중,True,True,덕진동,official_coordinates,https://www.data.go.kr/data/15076735/fileData.do; 2022-04-01,2022-04-01
80565,파리바게트 삼천점,전북특별자치도 전주시 완산구 효자천변1길 27,전북특별자치도 전주시 완산구 효자동1가 662-6,35.8004862,127.1141904,063-222-8209,제과점영업,제과점영업,"전라북도 전주시에서 식당을 찾으신다면? ""파리바게뜨(전주삼천점)""를 방문해보세요! 레드테이블에서 온라인 예약이 가능합니다! 다국어 메뉴판이 있는 매장입니다.",운영중,True,True,효자3동,official_coordinates,https://www.data.go.kr/data/15076735/fileData.do; 2022-04-01,2022-04-01
80577,홍콩살롱,전북특별자치도 전주시 덕진구 명륜3길 10-3,전북특별자치도 전주시 덕진구 덕진동1가 1264-8,35.8422067,127.1278096,063-275-1387,한식,일반음식점,"전라북도 전주시에서 맛집을 찾으신다면 ""홍콩살롱""을 추천합니다. 레드테이블에서 온라인 예약이 가능합니다! 남녀 화장실이 구분되어 있는 매장입니다. 배달 가능한 매장입니다. 다국어 메뉴판, 무선 인터넷이 있는 매장입니다.",운영중,True,True,덕진동,official_coordinates,https://www.data.go.kr/data/15076735/fileData.do; 2022-04-01,2022-04-01
80578,고궁 전주본점,전북특별자치도 전주시 덕진구 송천중앙로 33,전북특별자치도 전주시 덕진구 덕진동2가 168-9,35.850085,127.1194232,063-251-3211,한식,일반음식점,"전라북도 전주시에서 맛집을 찾으신다면, ""고궁(전주 본점)""을 꼭 방문해보세요. 2019년 05월 17일 Comedy TV 맛있는녀석들 221회에 방영된 유명 매장이랍니다! 위생 수준이 우수하고 친절한 서비스로 지방자치단체의 선정을 받은 모범음식점입니다. 지방자치단체 인증을 받은 농림축산식품부 제공 안심식당입니다. 레드테이블에서 온라인 예약이 가능합니다! 남녀 화장실이 구분되어 있는 매장입니다. 주차공간, 다국어 메뉴판, 그리고 무선 인터넷이 있는 매장입니다.",운영중,True,True,덕진동,official_coordinates,https://www.data.go.kr/data/15076735/fileData.do; 2022-04-01,2022-04-01
916786,선식당,전북특별자치도 전주시 덕진구 기지로 77,전북특별자치도 전주시 덕진구 장동 1111,35.8390606,127.0605142,070-7649-0101,,일반음식점,"전라북도 전주시에서 어디를 갈지 고민이라면! ""선식당(전주점)""에 가보시는 건 어떨까요? 레드테이블에서 온라인 예약이 가능합니다! 배달 가능한 매장입니다. 다국어 메뉴판이 있는 매장입니다.",운영중,True,True,여의동,official_coordinates,https://www.data.go.kr/data/15076735/fileData.do; 2022-04-01,2022-04-01
198885,태조국수,전북특별자치도 전주시 완산구 화산천변4길 3,전북특별자치도 전주시 완산구 중화산동2가 753-8,35.8206154,127.1163284,063-227-0407,분식,일반음식점,"전라북도 전주시에서 어디를 갈지 고민이라면! ""태조국수""에 가보시는 건 어떨까요? 레드테이블에서 온라인 예약이 가능합니다! 배달 가능한 매장입니다. 다국어 메뉴판이 있는 매장입니다.",운영중,True,True,중화산2동,official_coordinates,https://www.data.go.kr/data/15076735/fileData.do; 2022-04-01,2022-04-01
916602,수제돈카츠 장,전북특별자치도 전주시 덕진구 기지로 77 E 115호,전북특별자치도 전주시 덕진구 장동 1111,35.8390606,127.0605142,063-222-9615,,일반음식점,"어디 가야 할지 고민이시라고요? 그럼 전라북도 전주시 맛집, ""수제돈카츠장""을 추천합니다! 레드테이블에서 온라인 예약이 가능합니다! 반려동물 입장이 가능한 매장입니다. 배달 가능한 매장입니다. 주차공간, 다국어 메뉴판이 있는 매장입니다.",운영중,True,True,여의동,official_coordinates,https://www.data.go.kr/data/15076735/fileData.do; 2022-04-01,2022-04-01
131565,호랑이 밥집,전북특별자치도 전주시 완산구 홍산중앙로 17,전북특별자치도 전주시 완산구 효자동2가 1155-9,35.8151376,127.1086408,070-4300-3027,한식,,"전라북도 전주시에 가신다면 ""호랑이 밥집""에 방문해보세요~",운영중,True,True,효자5동,official_coordinates,https://www.data.go.kr/data/15076735/fileData.do; 2022-04-01,2022-04-01
178047,금일옥,전북특별자치도 전주시 완산구 전주객사3길 11-6,전북특별자치도 전주시 완산구 고사동 443-2,35.8177756,127.1420342,063-288-9279,한식,일반음식점,"""금일옥""은 전라북도 전주시에 있습니다. 레드테이블에서 온라인 예약이 가능합니다! 남녀 화장실이 구분되어 있는 매장입니다. 다국어 메뉴판, 무선 인터넷이 있는 매장입니다.",운영중,True,True,중앙동,official_coordinates,https://www.data.go.kr/data/15076735/fileData.do; 2022-04-01,2022-04-01
178050,현대옥 전주서곡점,전북특별자치도 전주시 완산구 서곡6길 4-4,전북특별자치도 전주시 완산구 효자동3가 1419-3,35.8364295,127.1024746,063-271-6767,한식,일반음식점,"전라북도 전주시에서 식당을 찾으신다면? ""현대옥(전주서곡점)""을 방문해보세요! 레드테이블에서 온라인 예약이 가능합니다! 배달 가능한 매장입니다. 다국어 메뉴판이 있는 매장입니다.",운영중,True,True,효자5동,official_coordinates,https://www.data.go.kr/data/15076735/fileData.do; 2022-04-01,2022-04-01
178053,샤브도둑,전북특별자치도 전주시 완산구 전주객사3길 45 2층,전북특별자치도 전주시 완산구 고사동 474-3,35.8191636,127.1419342,,한식,일반음식점,"무엇을 먹을지 고민되신다고요? 전라북도 전주시에 계시다면 ""샤브도둑(전주객사점)""을 추천합니다! 레드테이블에서 온라인 예약이 가능합니다! 다국어 메뉴판이 있는 매장입니다.",운영중,True,True,중앙동,official_coordinates,https://www.data.go.kr/data/15076735/fileData.do; 2022-04-01,2022-04-01
178057,멕시카나치킨 서곡신도시점,전북특별자치도 전주시 완산구 세내로 532,전북특별자치도 전주시 완산구 효자동3가 1463-4,35.8334208,127.1009351,063-274-9233,,일반음식점,"어디 가야 할지 고민이시라고요? 그럼 전라북도 전주시 맛집, ""멕시카나치킨(서곡신도시점)""을 추천합니다! 레드테이블에서 온라인 예약이 가능합니다! 반려동물 입장이 가능한 매장입니다. 배달 가능한 매장입니다. 다국어 메뉴판이 있는 매장입니다.",운영중,True,True,효자5동,official_coordinates,https://www.data.go.kr/data/15076735/fileData.do; 2022-04-01,2022-04-01
178066,24시셀프풍천민물장어 삼천점,전북특별자치도 전주시 완산구 강변로 66,전북특별자치도 전주시 완산구 삼천동1가 286-25,35.7974365,127.1102395,063-221-0590,한식,일반음식점,"2017년 08월 01일 KBS2 2TV생생정보 384회에서 소개되었던 맛집, ""풍천민물장어(삼천점)""입니다! 전라북도 전주시 근처라면 방문해보세요. 레드테이블에서 온라인 예약이 가능합니다! 남녀 화장실이 구분되어 있는 매장입니다. 주차공간, 다국어 메뉴판, 그리고 무선 인터넷이 있는 매장입니다.",운영중,True,True,삼천3동,official_coordinates,https://www.data.go.kr/data/15076735/fileData.do; 2022-04-01,2022-04-01
178071,무한퓨전,전북특별자치도 전주시 완산구 효자천변1길 30-13,전북특별자치도 전주시 완산구 효자동1가 664-8,35.7994227,127.1144715,063-228-3051,한식,일반음식점,"어디 가야 할지 고민이시라고요? 그럼 전라북도 전주시 맛집, ""무한퓨전""을 추천합니다! 레드테이블에서 온라인 예약이 가능합니다! 배달 가능한 매장입니다. 다국어 메뉴판이 있는 매장입니다.",운영중,True,True,효자3동,official_coordinates,https://www.data.go.kr/data/15076735/fileData.do; 2022-04-01,2022-04-01
178079,하서방 해물칼국수,전북특별자치도 전주시 완산구 용머리로 170,전북특별자치도 전주시 완산구 효자동1가 145-3,35.8062302,127.1289378,063-221-8816,한식,일반음식점,"전라북도 전주시에서 맛집을 찾으신다면 ""하서방해물칼국수""를 추천합니다. 레드테이블에서 온라인 예약이 가능합니다! 반려동물 입장이 가능한 매장입니다. 배달 가능한 매장입니다. 다국어 메뉴판이 있는 매장입니다.",운영중,True,True,효자1동,official_coordinates,https://www.data.go.kr/data/15076735/fileData.do; 2022-04-01,2022-04-01
178038,독도쭈꾸미,전북특별자치도 전주시 완산구 서신천변8길 12,전북특별자치도 전주시 완산구 서신동 830-7,35.8284957,127.1153151,063-272-2280,기타,일반음식점,"무엇을 먹을지 고민되신다고요? 전라북도 전주시에 계시다면 ""독도쭈꾸미""를 추천합니다! 레드테이블에서 온라인 예약이 가능합니다! 다국어 메뉴판, 무선 인터넷이 있는 매장입니다.",운영중,True,True,서신동,official_coordinates,https://www.data.go.kr/data/15076735/fileData.do; 2022-04-01,2022-04-01
178081,원참치,전북특별자치도 전주시 완산구 고사평로 15,전북특별자치도 전주시 완산구 서신동 947-4,35.8354826,127.1094119,063-228-3737,한식,일반음식점,"""원참치""는 전라북도 전주시에 있습니다. 레드테이블에서 온라인 예약이 가능합니다! 남녀 화장실이 구분되어 있는 매장입니다. 배달 가능한 매장입니다. 다국어 메뉴판이 있는 매장입니다.",운영중,True,True,서신동,official_coordinates,https://www.data.go.kr/data/15076735/fileData.do; 2022-04-01,2022-04-01
178084,까투리효자체인점,전북특별자치도 전주시 완산구 효자천변2길 13,전북특별자치도 전주시 완산구 효자동1가 651,35.8048843,127.1141437,063-229-9282,한식,일반음식점,"전라북도 전주시에서 어디를 갈지 고민이라면! ""까투리(효자1호점)""에 가보시는 건 어떨까요? 다국어 메뉴판이 있는 매장입니다.",운영중,True,True,효자3동,official_coordinates,https://www.data.go.kr/data/15076735/fileData.do; 2022-04-01,2022-04-01
178088,전주돈쌈,전북특별자치도 전주시 완산구 서곡로 54-9,전북특별자치도 전주시 완산구 효자동3가 1461-7,35.8335695,127.1011657,063-278-3232,한식,일반음식점,"전라북도 전주시에서 식당을 찾으신다면? ""전주돈쌈""을 방문해보세요! 레드테이블에서 온라인 예약이 가능합니다! 다국어 메뉴판이 있는 매장입니다.",운영중,True,True,효자5동,official_coordinates,https://www.data.go.kr/data/15076735/fileData.do; 2022-04-01,2022-04-01
178094,전주생선구이본가,전북특별자치도 전주시 완산구 서곡4길 42,전북특별자치도 전주시 완산구 효자동3가 1467-5,35.8330393,127.1027799,063-272-3792,한식,일반음식점,"""전주생선구이본가""를 전라북도 전주시의 가 볼 만한 식당으로 추천합니다! 레드테이블에서 온라인 예약이 가능합니다! 다국어 메뉴판이 있는 매장입니다.",운영중,True,True,효자5동,official_coordinates,https://www.data.go.kr/data/15076735/fileData.do; 2022-04-01,2022-04-01
178095,김밥나라효자점,전북특별자치도 전주시 완산구 효자천변2길 13,전북특별자치도 전주시 완산구 효자동1가 651,35.8048843,127.1141437,063-229-5587,분식,일반음식점,"전라북도 전주시에서 가 볼 만한 식당을 찾으신다면? ""김밥나라(효자점)""를 추천합니다! 레드테이블에서 온라인 예약이 가능합니다! 다국어 메뉴판이 있는 매장입니다.",운영중,True,True,효자3동,official_coordinates,https://www.data.go.kr/data/15076735/fileData.do; 2022-04-01,2022-04-01
178098,충만치킨 삼천점,전북특별자치도 전주시 완산구 용리로 15 2층,전북특별자치도 전주시 완산구 삼천동1가 725-1,35.7988614,127.1117806,063-902-2351,경양식,일반음식점,"전라북도 전주시에서 가 볼 만한 식당을 찾으신다면? ""충만치킨(삼천점)""을 추천합니다! 레드테이블에서 온라인 예약이 가능합니다! 반려동물 입장이 가능한 매장입니다. 배달 가능한 매장입니다. 다국어 메뉴판이 있는 매장입니다.",운영중,True,True,삼천3동,official_coordinates,https://www.data.go.kr/data/15076735/fileData.do; 2022-04-01,2022-04-01
178101,호순이감자탕,전북특별자치도 전주시 완산구 강변로 78,전북특별자치도 전주시 완산구 삼천동1가 284-1,35.7985085,127.1100564,063-221-2489,한식,일반음식점,"전라북도 전주시에 가신다면 ""호순이감자탕""에 방문해보세요~ 위생 수준이 우수하고 친절한 서비스로 지방자치단체의 선정을 받은 모범음식점입니다. 지방자치단체 인증을 받은 농림축산식품부 제공 안심식당입니다. 레드테이블에서 온라인 예약이 가능합니다! 다국어 메뉴판이 있는 매장입니다.",운영중,True,True,삼천3동,official_coordinates,https://www.data.go.kr/data/15076735/fileData.do; 2022-04-01,2022-04-01
178103,김밥천국 서신1호점,전북특별자치도 전주시 완산구 당산로 43,전북특별자치도 전주시 완산구 서신동 764-2 제일비사벌새터마을아파트,35.832529,127.1126324,063-255-2258,분식,일반음식점,"전라북도 전주시에서 맛집을 찾으신다면 ""김밥천국(서신1호점)""을 추천합니다. 레드테이블에서 온라인 예약이 가능합니다! 다국어 메뉴판이 있는 매장입니다.",운영중,True,True,서신동,official_coordinates,https://www.data.go.kr/data/15076735/fileData.do; 2022-04-01,2022-04-01
178082,메밀꽃향기,전북특별자치도 전주시 완산구 강변로 60,전북특별자치도 전주시 완산구 삼천동1가 286-27,35.7970131,127.1102498,063-251-5525,한식,일반음식점,"""메밀꽃향기""를 전라북도 전주시의 가 볼 만한 식당으로 추천합니다! 레드테이블에서 온라인 예약이 가능합니다! 남녀 화장실이 구분되어 있는 매장입니다. 배달 가능한 매장입니다. 주차공간, 다국어 메뉴판, 그리고 무선 인터넷이 있는 매장입니다.",운영중,True,True,삼천3동,official_coordinates,https://www.data.go.kr/data/15076735/fileData.do; 2022-04-01,2022-04-01
178106,해마루 감자탕,전북특별자치도 전주시 완산구 당산로 118-12(서신동),전북특별자치도 전주시 덕진구 중동 779-7,35.8317588,127.1211153,063-251-7678,한식,일반음식점,"전라북도 전주시에서 맛집을 찾으신다면 ""해마루감자탕""을 추천합니다. 레드테이블에서 온라인 예약이 가능합니다! 다국어 메뉴판이 있는 매장입니다.",운영중,True,True,서신동,official_coordinates,https://www.data.go.kr/data/15076735/fileData.do; 2022-04-01,2022-04-01
178037,대구허군숯불막창,전북특별자치도 전주시 완산구 평화로 144(평화동2가)	,전북특별자치도 전주시 완산구 평화동2가 872-9,35.7894184,127.1356019,063-222-5224,기타,일반음식점,"전라북도 전주시에서 어디를 갈지 고민이라면! ""대구허군숯불막창(본점)""에 가보시는 건 어떨까요? 레드테이블에서 온라인 예약이 가능합니다! 다국어 메뉴판이 있는 매장입니다.",운영중,True,True,평화2동,official_coordinates,https://www.data.go.kr/data/15076735/fileData.do; 2022-04-01,2022-04-01
174655,롬블랑,전북특별자치도 전주시 완산구 동문길 116,전북특별자치도 전주시 완산구 경원동1가 22-2,35.8178908,127.1478736,,케이크전문,,"전라북도 전주시에서 가 볼 만한 식당을 찾으신다면? ""롬블랑""을 추천합니다!",운영중,True,True,풍남동,official_coordinates,https://www.data.go.kr/data/15076735/fileData.do; 2022-04-01,2022-04-01
156279,건지맥주,전북특별자치도 전주시 덕진구 명륜4길 11-2,전북특별자치도 전주시 덕진구 덕진동1가 1261-32,35.8431793,127.1263619,,경양식,일반음식점,"전라북도 전주시에서 어디를 갈지 고민이라면! ""건지맥주""에 가보시는 건 어떨까요? 다국어 메뉴판이 있는 매장입니다.",운영중,True,True,덕진동,official_coordinates,https://www.data.go.kr/data/15076735/fileData.do; 2022-04-01,2022-04-01
156286,부라보맥주 전북대점,전북특별자치도 전주시 덕진구 명륜4길 17-6,전북특별자치도 전주시 덕진구 덕진동1가 1314-163,35.8438407,127.1263696,063-901-9520,일식,일반음식점,"무엇을 먹을지 고민되신다고요? 전라북도 전주시에 계시다면 ""부라보맥주(전북대점)""를 추천합니다! 레드테이블에서 온라인 예약이 가능합니다! 남녀 화장실이 구분되어 있는 매장입니다. 다국어 메뉴판, 무선 인터넷이 있는 매장입니다.",운영중,True,True,덕진동,official_coordinates,https://www.data.go.kr/data/15076735/fileData.do; 2022-04-01,2022-04-01
156287,송가네춘천닭갈비전북대점,전북특별자치도 전주시 덕진구 명륜2길 15-3 제일원룸,전북특별자치도 전주시 덕진구 덕진동1가 1264-17,35.8420563,127.1285825,063-255-3321,호프/통닭,일반음식점,"""송가네춘천닭갈비(전북대점)""는 전라북도 전주시에 있습니다. 레드테이블에서 온라인 예약이 가능합니다! 배달 가능한 매장입니다. 다국어 메뉴판이 있는 매장입니다.",운영중,True,True,덕진동,official_coordinates,https://www.data.go.kr/data/15076735/fileData.do; 2022-04-01,2022-04-01
156292,섬세꼬시,전북특별자치도 전주시 덕진구 붓내3길 8,전북특별자치도 전주시 덕진구 송천동2가 247-5 섬세꼬시,35.8665046,127.1223096,063-252-8838,일식,일반음식점,"""섬세꼬시""를 전라북도 전주시의 가 볼 만한 식당으로 추천합니다! 레드테이블에서 온라인 예약이 가능합니다! 다국어 메뉴판이 있는 매장입니다.",운영중,True,True,송천1동,official_coordinates,https://www.data.go.kr/data/15076735/fileData.do; 2022-04-01,2022-04-01
156302,한솥도시락 전주송천점,전북특별자치도 전주시 덕진구 솔내로 141,전북특별자치도 전주시 덕진구 송천동1가 101-15,35.8627887,127.1264765,063-278-8289,김밥(도시락),일반음식점,"전라북도 전주시에서 어디를 갈지 고민이라면! ""한솥도시락(전주송천점)""에 가보시는 건 어떨까요? 다국어 메뉴판이 있는 매장입니다.",운영중,True,True,송천1동,official_coordinates,https://www.data.go.kr/data/15076735/fileData.do; 2022-04-01,2022-04-01
156309,생고기대학교 전북대점,전북특별자치도 전주시 덕진구 명륜4길 17-2,전북특별자치도 전주시 덕진구 덕진동1가 1314-167,35.8436912,127.126683,063-252-9233,정종/대포집/소주방,일반음식점,"전라북도 전주시에서 맛집을 찾으신다면 ""생고기대학교(전북대점)""를 추천합니다. 다국어 메뉴판이 있는 매장입니다.",운영중,True,True,덕진동,official_coordinates,https://www.data.go.kr/data/15076735/fileData.do; 2022-04-01,2022-04-01
156320,롯데리아아중점,전북특별자치도 전주시 덕진구 무삼지로 66,전북특별자치도 전주시 덕진구 인후동1가 855-6,35.8315142,127.1634746,063-244-4880,패스트푸드,휴게음식점,"전라북도 전주시에 가신다면 ""롯데리아(전주아중점)""에 방문해보세요~ 레드테이블에서 온라인 예약이 가능합니다! 배달 가능한 매장입니다. 키오스크, 다국어 메뉴판이 있는 매장입니다.",운영중,True,True,인후3동,official_coordinates,https://www.data.go.kr/data/15076735/fileData.do; 2022-04-01,2022-04-01
907978,여우나무,전북특별자치도 전주시 완산구 전라감영로 52,전북특별자치도 전주시 완산구 중앙동4가 36-5,35.8154487,127.1448283,,,휴게음식점,"""여우나무까페""는 전라북도 전주시에 있습니다. 레드테이블에서 온라인 예약이 가능합니다! 남녀 화장실이 구분되어 있는 매장입니다. 다국어 메뉴판, 무선 인터넷이 있는 매장입니다.",운영중,True,True,중앙동,official_coordinates,https://www.data.go.kr/data/15076735/fileData.do; 2022-04-01,2022-04-01
160347,얌스 송천센트럴점,전북특별자치도 전주시 덕진구 송천로 20,전북특별자치도 전주시 덕진구 송천동1가 349-13,35.8551399,127.1192911,063-254-9933,분식,,"""얌스 송천센트럴점""은 전라북도 전주시에 있습니다.",운영중,True,True,송천2동,official_coordinates,https://www.data.go.kr/data/15076735/fileData.do; 2022-04-01,2022-04-01
162999,처갓집양념치킨신시가지점,전북특별자치도 전주시 완산구 후곡길 23-9,전북특별자치도 전주시 완산구 효자동2가 1309-11,35.8102343,127.0953074,063-222-9288,치킨,,"어디 가야 할지 고민이시라고요? 그럼 전라북도 전주시 맛집, ""처갓집양념치킨신시가지점""을 추천합니다!",운영중,True,True,효자4동,official_coordinates,https://www.data.go.kr/data/15076735/fileData.do; 2022-04-01,2022-04-01
164803,리프커피랩,전북특별자치도 전주시 완산구 홍산로 263 1층,,35.8173753,127.1047315,,카페,,"전라북도 전주시에서 맛집을 찾으신다면 ""리프커피랩""을 추천합니다.",운영중,True,True,효자5동,official_coordinates,https://www.data.go.kr/data/15076735/fileData.do; 2022-04-01,2022-04-01
912414,해요,전북특별자치도 전주시 완산구 전주객사5길 35 A관 3층,전북특별자치도 전주시 완산구 고사동 96-1 A관 3층,35.8196286,127.1450687,063-710-5130,,일반음식점,"전라북도 전주시에서 식당을 찾으신다면? ""해요""를 방문해보세요! 레드테이블에서 온라인 예약이 가능합니다! 배달 가능한 매장입니다. 주차공간, 다국어 메뉴판이 있는 매장입니다.",운영중,True,True,중앙동,official_coordinates,https://www.data.go.kr/data/15076735/fileData.do; 2022-04-01,2022-04-01
911883,인셔틀,전북특별자치도 전주시 완산구 바우배기2길 17-5(102호일부 1층 효자동2가),전북특별자치도 전주시 완산구 서신동 855-3,35.8173529,127.1035795,,,휴게음식점,"""카페인셔틀""을 전라북도 전주시의 가 볼 만한 식당으로 추천합니다! 레드테이블에서 온라인 예약이 가능합니다! 배달 가능한 매장입니다. 다국어 메뉴판이 있는 매장입니다.",운영중,True,True,효자5동,official_coordinates,https://www.data.go.kr/data/15076735/fileData.do; 2022-04-01,2022-04-01
908408,카페인중독전주완산점,"전북특별자치도 전주시 완산구 홍산1길 7(1층 159호 효자동2가, 전주 효자 SK Leaders VIEW)	",전북특별자치도 전주시 완산구 효자동2가 1157-4 전주 효자 SK Leaders VIEW,35.8141875,127.108357,063-225-2353,,휴게음식점,"전라북도 전주시에서 어디를 갈지 고민이라면! ""카페인중독(전주완산점)""에 가보시는 건 어떨까요? 레드테이블에서 온라인 예약이 가능합니다! 배달 가능한 매장입니다. 다국어 메뉴판이 있는 매장입니다.",운영중,True,True,효자5동,official_coordinates,https://www.data.go.kr/data/15076735/fileData.do; 2022-04-01,2022-04-01
908350,엑시트피자,전북특별자치도 전주시 완산구 우전2길 65(1층일부 효자동2가)	,전북특별자치도 전주시 완산구 효자동2가 142-13,35.8099043,127.1066788,063-227-3600,,일반음식점,"""엑시트피자(효자점)""는 전라북도 전주시에 있습니다. 레드테이블에서 온라인 예약이 가능합니다! 배달 가능한 매장입니다. 다국어 메뉴판이 있는 매장입니다.",운영중,True,True,효자4동,official_coordinates,https://www.data.go.kr/data/15076735/fileData.do; 2022-04-01,2022-04-01
908242,홍콩다방효자신시가지점,전북특별자치도 전주시 완산구 홍산남로 29-7(1층 103호 효자동2가)	,전북특별자치도 전주시 완산구 효자동2가 1238-8,35.816026,127.1049962,063-226-6565,,휴게음식점,"전라북도 전주시에서 가 볼 만한 식당을 찾으신다면? ""홍콩다방(효자신시가지점)""을 추천합니다! 레드테이블에서 온라인 예약이 가능합니다! 남녀 화장실이 구분되어 있는 매장입니다. 배달 가능한 매장입니다. 키오스크, 다국어 메뉴판, 그리고 무선 인터넷이 있는 매장입니다.",운영중,True,True,효자5동,official_coordinates,https://www.data.go.kr/data/15076735/fileData.do; 2022-04-01,2022-04-01
912615,택이네조개전골혁신점,전북특별자치도 전주시 덕진구 오정1길 6 ,전북특별자치도 전주시 덕진구 중동 779-3,35.8354984,127.0601314,063-225-4542,,일반음식점,"""택이네조개전골(혁신점)""은 전라북도 전주시에 있습니다. 레드테이블에서 온라인 예약이 가능합니다! 배달 가능한 매장입니다. 다국어 메뉴판이 있는 매장입니다.",운영중,True,True,혁신동,official_coordinates,https://www.data.go.kr/data/15076735/fileData.do; 2022-04-01,2022-04-01
156274,우리다슬기팥칼국수,전북특별자치도 전주시 덕진구 권삼득로 243,전북특별자치도 전주시 덕진구 금암동 728-237,35.8392531,127.1329958,063-278-2224,한식,일반음식점,"전라북도 전주시에서 식당을 찾으신다면? ""우리다슬기팥칼국수""를 방문해보세요! 레드테이블에서 온라인 예약이 가능합니다! 다국어 메뉴판이 있는 매장입니다.",운영중,True,True,금암1동,official_coordinates,https://www.data.go.kr/data/15076735/fileData.do; 2022-04-01,2022-04-01
178107,홍익궁중전통육개장전주평화점,전북특별자치도 전주시 완산구 평화로 205(평화동1가)	,전북특별자치도 전주시 덕진구 인후동1가 783-8,35.7950378,127.1362077,063-229-8787,일식,일반음식점,"""홍익궁중전통육개장(전주평화점)""은 전라북도 전주시에 있습니다. 레드테이블에서 온라인 예약이 가능합니다! 배달 가능한 매장입니다. 다국어 메뉴판이 있는 매장입니다.",운영중,True,True,평화2동,official_coordinates,https://www.data.go.kr/data/15076735/fileData.do; 2022-04-01,2022-04-01
178121,충만치킨 서신점,전북특별자치도 전주시 완산구 새터로 47,전북특별자치도 전주시 완산구 서신동 935-6,35.8357048,127.1115877,063-277-8292,호프/통닭,일반음식점,"전라북도 전주시에서 어디를 갈지 고민이라면! ""충만치킨(서신점)""에 가보시는 건 어떨까요? 레드테이블에서 온라인 예약이 가능합니다! 배달 가능한 매장입니다. 다국어 메뉴판이 있는 매장입니다.",운영중,True,True,서신동,official_coordinates,https://www.data.go.kr/data/15076735/fileData.do; 2022-04-01,2022-04-01
179174,포메인 전주 도청점,전북특별자치도 전주시 완산구 홍산중앙로 45,전북특별자치도 전주시 완산구 효자동3가 1527-11,35.817564,127.108589,063-225-2231,카페,,"전라북도 전주시에서 어디를 갈지 고민이라면! ""포메인 전주 도청점""에 가보시는 건 어떨까요?",운영중,True,True,효자5동,official_coordinates,https://www.data.go.kr/data/15076735/fileData.do; 2022-04-01,2022-04-01
905852,커피마마퀸송천점,전북특별자치도 전주시 덕진구 용소로 118,전북특별자치도 전주시 덕진구 송천동1가 880,35.8634982,127.1213709,063-278-2883,,휴게음식점,"전라북도 전주시에 가신다면 ""커피마마(송천점)""에 방문해보세요~ 레드테이블에서 온라인 예약이 가능합니다! 남녀 화장실이 구분되어 있는 매장입니다. 배달 가능한 매장입니다. 키오스크, 다국어 메뉴판, 그리고 무선 인터넷이 있는 매장입니다.",운영중,True,True,송천2동,official_coordinates,https://www.data.go.kr/data/15076735/fileData.do; 2022-04-01,2022-04-01
905833,뼈담,전북특별자치도 전주시 완산구 중산2길 19-7,전북특별자치도 전주시 완산구 중화산동2가 632,35.8151611,127.1222152,063-222-1180,,일반음식점,"어디 가야 할지 고민이시라고요? 그럼 전라북도 전주시 맛집, ""뼈담""을 추천합니다! 레드테이블에서 온라인 예약이 가능합니다! 다국어 메뉴판이 있는 매장입니다.",운영중,True,True,중화산2동,official_coordinates,https://www.data.go.kr/data/15076735/fileData.do; 2022-04-01,2022-04-01
904590,솔솔커피,전북특별자치도 전주시 완산구 노송여울2길 32,전북특별자치도 전주시 완산구 평화동1가 742-1,35.8246432,127.1454248,063-285-1358,,휴게음식점,"전라북도 전주시에서 가 볼 만한 식당을 찾으신다면? ""솔솔커피(전주시청점)""를 추천합니다! 레드테이블에서 온라인 예약이 가능합니다! 배달 가능한 매장입니다. 다국어 메뉴판이 있는 매장입니다.",운영중,True,True,노송동,official_coordinates,https://www.data.go.kr/data/15076735/fileData.do; 2022-04-01,2022-04-01
192658,지코바치킨 덕진점,전북특별자치도 전주시 덕진구 권삼득로 333,전북특별자치도 전주시 덕진구 덕진동1가 664-6,35.8449229,127.1258686,063-271-9294,치킨,,"전라북도 전주시에서 맛집을 찾으신다면 ""지코바치킨 덕진점""을 추천합니다.",운영중,True,True,덕진동,official_coordinates,https://www.data.go.kr/data/15076735/fileData.do; 2022-04-01,2022-04-01
904559,울엄마집밥,전북특별자치도 전주시 덕진구 백제대로 835,전북특별자치도 전주시 완산구 평화동1가 730-1,35.8492797,127.1593964,063-909-0052,,일반음식점,"전라북도 전주시에서 맛집을 찾으신다면 ""울엄마집밥""을 추천합니다. 레드테이블에서 온라인 예약이 가능합니다! 남녀 화장실이 구분되어 있는 매장입니다. 주차공간, 다국어 메뉴판, 그리고 무선 인터넷이 있는 매장입니다.",운영중,True,True,우아1동,official_coordinates,https://www.data.go.kr/data/15076735/fileData.do; 2022-04-01,2022-04-01
195314,MOJO,전북특별자치도 전주시 완산구 홍산북로 15,전북특별자치도 전주시 완산구 효자동2가 1229-5,35.8175624,127.10352,063-226-2204,양식,,"어디 가야 할지 고민이시라고요? 그럼 전라북도 전주시 맛집, ""MOJO""을 추천합니다!",운영중,True,True,효자5동,official_coordinates,https://www.data.go.kr/data/15076735/fileData.do; 2022-04-01,2022-04-01
906193,33떡볶이효자점	,전북특별자치도 전주시 완산구 우전1길 53(1층 효자동2가)	,전북특별자치도 전주시 완산구 효자동2가 1331-3,35.8084859,127.1056745,063-229-5713,,일반음식점,"전라북도 전주시에서 식당을 찾으신다면? ""33떡볶이(효자점)""를 방문해보세요! 레드테이블에서 온라인 예약이 가능합니다! 배달 가능한 매장입니다. 다국어 메뉴판이 있는 매장입니다.",운영중,True,True,효자4동,official_coordinates,https://www.data.go.kr/data/15076735/fileData.do; 2022-04-01,2022-04-01
195612,Cups,전북특별자치도 전주시 덕진구 오송1길 19,전북특별자치도 전주시 덕진구 송천동1가 107-145,35.8630787,127.1288933,063-262-7778,카페,,"어디 가야 할지 고민이시라고요? 그럼 전라북도 전주시 맛집, ""Cups""을 추천합니다!",운영중,True,True,송천1동,official_coordinates,https://www.data.go.kr/data/15076735/fileData.do; 2022-04-01,2022-04-01
198843,신포우리만두 효자점,전북특별자치도 전주시 완산구 거마평로 152,전북특별자치도 전주시 완산구 효자동1가 284-4,35.8060842,127.1169428,063-229-7502,분식,일반음식점,"무엇을 먹을지 고민되신다고요? 전라북도 전주시에 계시다면 ""신포우리만두(효자직영점)""를 추천합니다! 레드테이블에서 온라인 예약이 가능합니다! 배달 가능한 매장입니다. 다국어 메뉴판이 있는 매장입니다.",운영중,True,True,효자2동,official_coordinates,https://www.data.go.kr/data/15076735/fileData.do; 2022-04-01,2022-04-01
198845,수지,전북특별자치도 전주시 완산구 용리로 49,전북특별자치도 전주시 완산구 효자동1가 669-8,35.7988592,127.1152768,063-236-9575,호프/통닭,일반음식점,"무엇을 먹을지 고민되신다고요? 전라북도 전주시에 계시다면 ""수지""를 추천합니다! 레드테이블에서 온라인 예약이 가능합니다! 반려동물 입장이 가능하고, 남녀 화장실이 구분되어 있는 매장입니다. 다국어 메뉴판, 무선 인터넷이 있는 매장입니다.",운영중,True,True,효자3동,official_coordinates,https://www.data.go.kr/data/15076735/fileData.do; 2022-04-01,2022-04-01
198855,평화마을,전북특별자치도 전주시 완산구 평화1길 26,전북특별자치도 전주시 완산구 평화동2가 901-5,35.7827548,127.1306554,063-225-6040,한식,일반음식점,"전라북도 전주시에서 가 볼 만한 식당을 찾으신다면? ""평화마을""을 추천합니다! 레드테이블에서 온라인 예약이 가능합니다! 다국어 메뉴판이 있는 매장입니다.",운영중,True,True,평화2동,official_coordinates,https://www.data.go.kr/data/15076735/fileData.do; 2022-04-01,2022-04-01
198862,정이품곱창,전북특별자치도 전주시 완산구 신촌3길 6-4,전북특별자치도 전주시 완산구 중화산동2가 779-4,35.8172548,127.1175839,063-236-8592,한식,일반음식점,"전라북도 전주시에서 가 볼 만한 식당을 찾으신다면? ""정이품곱창(본점)""을 추천합니다! 위생 수준이 우수하고 친절한 서비스로 지방자치단체의 선정을 받은 모범음식점입니다. 지방자치단체 인증을 받은 농림축산식품부 제공 안심식당입니다. 레드테이블에서 온라인 예약이 가능합니다! 배달 가능한 매장입니다. 다국어 메뉴판이 있는 매장입니다.",운영중,True,True,중화산2동,official_coordinates,https://www.data.go.kr/data/15076735/fileData.do; 2022-04-01,2022-04-01
198867,곤이랑대패랑삼겹살,전북특별자치도 전주시 완산구 신촌4길 18-6,전북특별자치도 전주시 완산구 중화산동2가 774-3,35.8182664,127.1163283,063-222-3329,한식,일반음식점,"전라북도 전주시에서 맛집을 찾으신다면 ""곤이랑 대패랑 삼겹살""을 추천합니다. 레드테이블에서 온라인 예약이 가능합니다! 다국어 메뉴판이 있는 매장입니다.",운영중,True,True,중화산2동,official_coordinates,https://www.data.go.kr/data/15076735/fileData.do; 2022-04-01,2022-04-01
198872,용진집막걸리,전북특별자치도 전주시 완산구 거마산로 14,전북특별자치도 전주시 완산구 삼천동1가 623-5,35.7972029,127.1227573,063-224-8164,한식,일반음식점,"2021년 03월 30일 MBC 생방송오늘저녁 1527회, 2017년 07월 21일 tvN 알쓸신잡 8회, 2017년 01월 07일 SBS 백종원의3대천왕 67회, 2015년 09월 16일 tvN 수요미식회 34회, 2014년 07월 17일 SBS 생방송투데이 1248회, 2013년 12월 06일 SBS 모닝와이드 5677회, 2013년 10월 15일 KBS2 생생정보통 735회, 2012년 07월 16일 KBS2 생생정보통 490회 등 많은 방송에 등장한 바로 그 곳! 전라북도 전주시에 가시면 소문난 맛집 ""용진집막걸리""를 방문해보세요! 레드테이블에서 온라인 예약이 가능합니다! 다국어 메뉴판이 있는 매장입니다.",운영중,True,True,삼천2동,official_coordinates,https://www.data.go.kr/data/15076735/fileData.do; 2022-04-01,2022-04-01
198878,초막골막걸리,전북특별자치도 전주시 완산구 거마산2길 28,전북특별자치도 전주시 완산구 삼천동1가 628-6,35.7966362,127.1223002,063-236-5510,한식,일반음식점,"""초막골막걸리""를 전라북도 전주시의 가 볼 만한 식당으로 추천합니다! 레드테이블에서 온라인 예약이 가능합니다! 주차공간, 다국어 메뉴판이 있는 매장입니다.",운영중,True,True,삼천2동,official_coordinates,https://www.data.go.kr/data/15076735/fileData.do; 2022-04-01,2022-04-01
198840,흑두부이야기,전북특별자치도 전주시 완산구 서곡2길 30-19,전북특별자치도 전주시 완산구 효자동3가 1470-1,35.8330284,127.1035073,063-273-2332,한식,일반음식점,"전라북도 전주시에서 가 볼 만한 식당을 찾으신다면? ""흑두부이야기""를 추천합니다! 위생 수준이 우수하고 친절한 서비스로 지방자치단체의 선정을 받은 모범음식점입니다. 레드테이블에서 온라인 예약이 가능합니다! 주차공간, 다국어 메뉴판이 있는 매장입니다.",운영중,True,True,효자5동,official_coordinates,https://www.data.go.kr/data/15076735/fileData.do; 2022-04-01,2022-04-01
178119,산오징어바지락칼국수,전북특별자치도 전주시 완산구 마전들로 48,전북특별자치도 전주시 완산구 효자동3가 1689-3,35.8208759,127.1009382,,한식,일반음식점,"""산오징어바지락칼국수""는 전라북도 전주시에 있습니다. 레드테이블에서 온라인 예약이 가능합니다! 배달 가능한 매장입니다. 다국어 메뉴판이 있는 매장입니다.",운영중,True,True,효자5동,official_coordinates,https://www.data.go.kr/data/15076735/fileData.do; 2022-04-01,2022-04-01
178260,커피디딤,전북특별자치도 전주시 덕진구 권삼득로 299,전북특별자치도 전주시 덕진구 금암동 664-17,35.8430136,127.1287216,063-252-3082,다방,휴게음식점,"""커피디딤""은 전라북도 전주시에 있습니다. 레드테이블에서 온라인 예약이 가능합니다! 배달 가능한 매장입니다. 다국어 메뉴판이 있는 매장입니다.",운영중,True,True,덕진동,official_coordinates,https://www.data.go.kr/data/15076735/fileData.do; 2022-04-01,2022-04-01
178253,청일반점,전북특별자치도 전주시 덕진구 가리내로 35,전북특별자치도 전주시 덕진구 금암동 706-9,35.8339183,127.1323122,063-253-9844,중국식,일반음식점,"""청일반점""을 전라북도 전주시의 가 볼 만한 식당으로 추천합니다! 레드테이블에서 온라인 예약이 가능합니다! 배달 가능한 매장입니다. 다국어 메뉴판이 있는 매장입니다.",운영중,True,True,금암1동,official_coordinates,https://www.data.go.kr/data/15076735/fileData.do; 2022-04-01,2022-04-01
178129,명문장어숯불구이,전북특별자치도 전주시 완산구 신촌4길 9-6,전북특별자치도 전주시 완산구 중화산동2가 781-3번지,35.8173679,127.1167486,063-229-8500,일식,일반음식점,"무엇을 먹을지 고민되신다고요? 전라북도 전주시에 계시다면 ""명문장어숯불구이""를 추천합니다! 지방자치단체 인증을 받은 농림축산식품부 제공 안심식당입니다. 레드테이블에서 온라인 예약이 가능합니다! 남녀 화장실이 구분되어 있는 매장입니다. 주차공간, 다국어 메뉴판, 그리고 무선 인터넷이 있는 매장입니다.",운영중,True,True,중화산2동,official_coordinates,https://www.data.go.kr/data/15076735/fileData.do; 2022-04-01,2022-04-01
178130,대유성,전북특별자치도 전주시 완산구 서곡1길 4,전북특별자치도 전주시 완산구 효자동3가 1434-7,35.8350194,127.1006796,063-271-2633,한식,일반음식점,"전라북도 전주시에서 맛집을 찾으신다면 ""대유성""을 추천합니다. 레드테이블에서 온라인 예약이 가능합니다! 남녀 화장실이 구분되어 있는 매장입니다. 배달 가능한 매장입니다. 다국어 메뉴판이 있는 매장입니다.",운영중,True,True,효자5동,official_coordinates,https://www.data.go.kr/data/15076735/fileData.do; 2022-04-01,2022-04-01
178140,임실N치즈피자 전주서곡점,전북특별자치도 전주시 완산구 세내로 524,전북특별자치도 전주시 완산구 효자동3가 1468-2,35.8330236,127.1017062,063-277-8900,,일반음식점,"전라북도 전주시에서 어디를 갈지 고민이라면! ""임실N치즈피자(전주서곡점)""에 가보시는 건 어떨까요? 레드테이블에서 온라인 예약이 가능합니다! 배달 가능한 매장입니다. 다국어 메뉴판이 있는 매장입니다.",운영중,True,True,효자5동,official_coordinates,https://www.data.go.kr/data/15076735/fileData.do; 2022-04-01,2022-04-01
178147,임실치즈피자중화산점,전북특별자치도 전주시 완산구 서원로 280,전북특별자치도 전주시 완산구 중화산동2가 534-3,35.8117253,127.1252132,063-222-6388,패스트푸드,휴게음식점,"""임실치즈피자(중화산점)""를 전라북도 전주시의 가 볼 만한 식당으로 추천합니다! 레드테이블에서 온라인 예약이 가능합니다! 배달 가능한 매장입니다. 다국어 메뉴판이 있는 매장입니다.",운영중,True,True,중화산1동,official_coordinates,https://www.data.go.kr/data/15076735/fileData.do; 2022-04-01,2022-04-01
178156,배스킨라빈스 전주효자,전북특별자치도 전주시 완산구 용머리로 48,전북특별자치도 전주시 완산구 효자동1가 432-2,35.8061663,127.115527,063-222-8231,기타 휴게음식점,휴게음식점,"전라북도 전주시에서 가 볼 만한 식당을 찾으신다면? ""배스킨라빈스(전주효자점)""를 추천합니다! 배달 가능한 매장입니다. 다국어 메뉴판이 있는 매장입니다.",운영중,True,True,효자3동,official_coordinates,https://www.data.go.kr/data/15076735/fileData.do; 2022-04-01,2022-04-01
178171,나폴리제과,전북특별자치도 전주시 완산구 서곡1길 1-9,전북특별자치도 전주시 완산구 효자동3가 1458-5,35.8341168,127.1003055,063-278-2844,제과점영업,제과점영업,"""나폴리제과""를 전라북도 전주시의 가 볼 만한 식당으로 추천합니다! 레드테이블에서 온라인 예약이 가능합니다! 반려동물 입장이 가능한 매장입니다. 배달 가능한 매장입니다. 다국어 메뉴판이 있는 매장입니다.",운영중,True,True,효자5동,official_coordinates,https://www.data.go.kr/data/15076735/fileData.do; 2022-04-01,2022-04-01
178178,호성고기마을,전북특별자치도 전주시 덕진구 호성2길 7-6,전북특별자치도 전주시 덕진구 송천동2가 175-34,35.8593608,127.1530573,063-243-3399,한식,일반음식점,"전라북도 전주시에서 어디를 갈지 고민이라면! ""호성고기마을""에 가보시는 건 어떨까요? 지방자치단체 인증을 받은 농림축산식품부 제공 안심식당입니다. 레드테이블에서 온라인 예약이 가능합니다! 배달 가능한 매장입니다. 주차공간, 다국어 메뉴판, 그리고 무선 인터넷이 있는 매장입니다.",운영중,True,True,호성동,official_coordinates,https://www.data.go.kr/data/15076735/fileData.do; 2022-04-01,2022-04-01
178254,어느날의오후,전북특별자치도 전주시 덕진구 명륜1길 14-8 ,전북특별자치도 전주시 덕진구 금암동 709-26,35.8404896,127.1301142,,기타,일반음식점,"""어느날의오후""는 전라북도 전주시에 있습니다. 레드테이블에서 온라인 예약이 가능합니다! 다국어 메뉴판이 있는 매장입니다.",운영중,True,True,금암1동,official_coordinates,https://www.data.go.kr/data/15076735/fileData.do; 2022-04-01,2022-04-01
178184,투썸플레이스 전주전북대점,전북특별자치도 전주시 덕진구 권삼득로 307,전북특별자치도 전주시 덕진구 금암동 664-46,35.8434263,127.1281347,063-255-2388,분식,일반음식점,"무엇을 먹을지 고민되신다고요? 전라북도 전주시에 계시다면 ""투썸플레이스(전주전북대점)""를 추천합니다! 레드테이블에서 온라인 예약이 가능합니다! 배달 가능한 매장입니다. 다국어 메뉴판, 무선 인터넷이 있는 매장입니다.",운영중,True,True,덕진동,official_coordinates,https://www.data.go.kr/data/15076735/fileData.do; 2022-04-01,2022-04-01
178189,맥시칸치킨 금암점,전북특별자치도 전주시 덕진구 기린대로 400-10,전북특별자치도 전주시 덕진구 금암동 729-23,35.8381094,127.1330036,050-4054-4810,,일반음식점,"어디 가야 할지 고민이시라고요? 그럼 전라북도 전주시 맛집, ""맥시칸치킨(금암점)""을 추천합니다! 레드테이블에서 온라인 예약이 가능합니다! 배달 가능한 매장입니다. 다국어 메뉴판이 있는 매장입니다.",운영중,True,True,금암1동,official_coordinates,https://www.data.go.kr/data/15076735/fileData.do; 2022-04-01,2022-04-01
178191,바다꽃게탕,전북특별자치도 전주시 덕진구 아중1길 13-1,전북특별자치도 전주시 덕진구 우아동2가 911-3,35.8288652,127.1709868,063-244-4288,한식,일반음식점,"전라북도 전주시에 방문하신다면, ""바다꽃게탕(본점)""에 가보시는 것은 어떨까요? 2017년 09월 26일 SBS 생방송투데이 1968회에 방영되었을 만큼 소문난 매장이랍니다! 위생 수준이 우수하고 친절한 서비스로 지방자치단체의 선정을 받은 모범음식점입니다. 지방자치단체 인증을 받은 농림축산식품부 제공 안심식당입니다. 레드테이블과 네이버에서 온라인 예약이 가능합니다! 남녀 화장실이 구분되어 있는 매장입니다. 주차공간, 놀이방이 마련되어 있으며 다국어 메뉴판, 무선 인터넷을 제공하는 매장입니다.",운영중,True,True,우아2동,official_coordinates,https://www.data.go.kr/data/15076735/fileData.do; 2022-04-01,2022-04-01
178212,썬더치킨 금암남도점,전북특별자치도 전주시 덕진구 권삼득로 233-1,전북특별자치도 전주시 덕진구 금암동 560-2,35.8384479,127.1335296,063-214-5550,호프/통닭,일반음식점,"무엇을 먹을지 고민되신다고요? 전라북도 전주시에 계시다면 ""썬더치킨(금암남도점)""을 추천합니다! 레드테이블에서 온라인 예약이 가능합니다! 배달 가능한 매장입니다. 다국어 메뉴판, 무선 인터넷이 있는 매장입니다.",운영중,True,True,금암1동,official_coordinates,https://www.data.go.kr/data/15076735/fileData.do; 2022-04-01,2022-04-01
178224,토목수,전북특별자치도 전주시 덕진구 구총목로 31,전북특별자치도 전주시 덕진구 인후동1가 888-11,35.828518,127.1634243,063-241-5060,분식,일반음식점,"전라북도 전주시에서 가 볼 만한 식당을 찾으신다면? ""토목수""를 추천합니다! 레드테이블에서 온라인 예약이 가능합니다! 다국어 메뉴판이 있는 매장입니다.",운영중,True,True,인후3동,official_coordinates,https://www.data.go.kr/data/15076735/fileData.do; 2022-04-01,2022-04-01
178234,펍 그리즐리,전북특별자치도 전주시 덕진구 명륜4길 18-3 2층 펍 그리즐리,전북특별자치도 전주시 덕진구 덕진동1가  1314-172,35.8433093,127.1274668,,호프/통닭,일반음식점,"""그리즐리""를 전라북도 전주시의 가 볼 만한 식당으로 추천합니다! 레드테이블에서 온라인 예약이 가능합니다! 남녀 화장실이 구분되어 있는 매장입니다. 다국어 메뉴판, 무선 인터넷이 있는 매장입니다.",운영중,True,True,덕진동,official_coordinates,https://www.data.go.kr/data/15076735/fileData.do; 2022-04-01,2022-04-01
178238,구미당 아중점,전북특별자치도 전주시 덕진구 진버들6길 8-3,전북특별자치도 전주시 덕진구 우아동2가 858-7,35.8365795,127.1672225,063-247-8588,한식,일반음식점,"전라북도 전주시에서 어디를 갈지 고민이라면! ""구미당(아중점)""에 가보시는 건 어떨까요? 레드테이블에서 온라인 예약이 가능합니다! 남녀 화장실이 구분되어 있는 매장입니다. 주차공간, 다국어 메뉴판, 그리고 무선 인터넷이 있는 매장입니다.",운영중,True,True,우아2동,official_coordinates,https://www.data.go.kr/data/15076735/fileData.do; 2022-04-01,2022-04-01
178252,오감짬뽕,전북특별자치도 전주시 덕진구 진버들6길 7-7,전북특별자치도 전주시 덕진구 우아동2가 861-3,35.8359561,127.1661671,050-7134-4770,중국식,일반음식점,"어디 가야 할지 고민이시라고요? 그럼 전라북도 전주시 맛집, ""오감짬뽕""을 추천합니다! 레드테이블에서 온라인 예약이 가능합니다! 남녀 화장실이 구분되어 있는 매장입니다. 배달 가능한 매장입니다. 다국어 메뉴판이 있는 매장입니다.",운영중,True,True,우아2동,official_coordinates,https://www.data.go.kr/data/15076735/fileData.do; 2022-04-01,2022-04-01
178185,김가네보쌈족발,전북특별자치도 전주시 덕진구 붓내2길 17-1,전북특별자치도 전주시 덕진구 송천동2가 193,35.8657017,127.123534,063-278-9294,분식,일반음식점,"""김가네보쌈족발""을 전라북도 전주시의 가 볼 만한 식당으로 추천합니다! 레드테이블에서 온라인 예약이 가능합니다! 다국어 메뉴판이 있는 매장입니다.",운영중,True,True,송천1동,official_coordinates,https://www.data.go.kr/data/15076735/fileData.do; 2022-04-01,2022-04-01
156267,세븐스트릿,전북특별자치도 전주시 덕진구 명륜2길 15-16,전북특별자치도 전주시 덕진구 덕진동1가 1314-185,35.8422726,127.1286652,050-7132-0161,경양식,일반음식점,"""세븐스트릿""은 전라북도 전주시에 있습니다. 레드테이블에서 온라인 예약이 가능합니다! 남녀 화장실이 구분되어 있는 매장입니다. 배달 가능한 매장입니다. 주차공간, 다국어 메뉴판, 그리고 무선 인터넷이 있는 매장입니다.",운영중,True,True,덕진동,official_coordinates,https://www.data.go.kr/data/15076735/fileData.do; 2022-04-01,2022-04-01
156264,슬기네가맥,전북특별자치도 전주시 덕진구 덕진광장로 22,전북특별자치도 전주시 덕진구 덕진동1가 1312-56,35.8449013,127.125268,,한식,일반음식점,"""슬기네가맥""은 전라북도 전주시에 있습니다. 배달 가능한 매장입니다. 다국어 메뉴판이 있는 매장입니다.",운영중,True,True,덕진동,official_coordinates,https://www.data.go.kr/data/15076735/fileData.do; 2022-04-01,2022-04-01
156263,서래갈매기 전북대점,전북특별자치도 전주시 덕진구 명륜3길 18-1,전북특별자치도 전주시 덕진구 덕진동1가 1314-180,35.8426583,127.1282679,063-275-8592,식육(숯불구이),일반음식점,"전라북도 전주시에서 어디를 갈지 고민이라면! ""서래갈매기""에 가보시는 건 어떨까요? 레드테이블에서 온라인 예약이 가능합니다! 다국어 메뉴판이 있는 매장입니다.",운영중,True,True,덕진동,official_coordinates,https://www.data.go.kr/data/15076735/fileData.do; 2022-04-01,2022-04-01
135022,족발야시장 아중점,전북특별자치도 전주시 덕진구 아중로 189,전북특별자치도 전주시 덕진구 인후동1가 924-10,35.8277226,127.169925,063-242-4969,한식,일반음식점,"전라북도 전주시에서 가 볼 만한 식당을 찾으신다면? ""족발야시장(아중점)""을 추천합니다! 레드테이블과 네이버에서 온라인 예약이 가능합니다! 배달 가능한 매장입니다. 다국어 메뉴판, 무선 인터넷이 있는 매장입니다.",운영중,True,True,인후3동,official_coordinates,https://www.data.go.kr/data/15076735/fileData.do; 2022-04-01,2022-04-01
135028,부귀촌,전북특별자치도 전주시 덕진구 가재미2길 2,전북특별자치도 전주시 덕진구 인후동1가 888-2,35.8285317,127.162891,063-244-0506,한식,일반음식점,"전라북도 전주시에 가신다면 ""부귀촌""에 방문해보세요~ 레드테이블에서 온라인 예약이 가능합니다! 다국어 메뉴판이 있는 매장입니다.",운영중,True,True,인후3동,official_coordinates,https://www.data.go.kr/data/15076735/fileData.do; 2022-04-01,2022-04-01
135029,성수부페,전북특별자치도 전주시 덕진구 진버들6길 7,전북특별자치도 전주시 덕진구 우아동2가 861-8,35.83613,127.1667631,063-245-0120,뷔페식,일반음식점,"전라북도 전주시에 가신다면 ""성수부페(전주 아중점)""에 방문해보세요~ 레드테이블에서 온라인 예약이 가능합니다! 배달 가능한 매장입니다. 다국어 메뉴판이 있는 매장입니다.",운영중,True,True,우아2동,official_coordinates,https://www.data.go.kr/data/15076735/fileData.do; 2022-04-01,2022-04-01
135033,삼사라,전북특별자치도 전주시 덕진구 명륜3길 8-2,전북특별자치도 전주시 덕진구 덕진동1가 1265-8,35.8418402,127.1273456,063-250-0360,경양식,일반음식점,"전라북도 전주시에서 가 볼 만한 식당을 찾으신다면? ""삼사라""를 추천합니다! 레드테이블에서 온라인 예약이 가능합니다! 남녀 화장실이 구분되어 있는 매장입니다. 다국어 메뉴판, 무선 인터넷이 있는 매장입니다.",운영중,True,True,덕진동,official_coordinates,https://www.data.go.kr/data/15076735/fileData.do; 2022-04-01,2022-04-01
135041,남원요천추어탕,전북특별자치도 전주시 덕진구 백제대로 695,전북특별자치도 전주시 완산구 평화동2가 338-10,35.8448891,127.1451316,063-244-5161,한식,일반음식점,"전라북도 전주시에서 맛집을 찾으신다면 ""남원요천추어탕""을 추천합니다. 위생 수준이 우수하고 친절한 서비스로 지방자치단체의 선정을 받은 모범음식점입니다. 지방자치단체 인증을 받은 농림축산식품부 제공 안심식당입니다. 레드테이블에서 온라인 예약이 가능합니다! 다국어 메뉴판이 있는 매장입니다.",운영중,True,True,인후2동,official_coordinates,https://www.data.go.kr/data/15076735/fileData.do; 2022-04-01,2022-04-01
135047,상록수회관,전북특별자치도 전주시 덕진구 가리내로 42-35,전북특별자치도 전주시 덕진구 금암동 700-7,35.8347187,127.1313032,063-253-3121,한식,일반음식점,"전라북도 전주시에서 식당을 찾으신다면? ""상록수회관""을 방문해보세요! 레드테이블에서 온라인 예약이 가능합니다! 다국어 메뉴판이 있는 매장입니다.",운영중,True,True,금암1동,official_coordinates,https://www.data.go.kr/data/15076735/fileData.do; 2022-04-01,2022-04-01
916119,온밥상,전북특별자치도 전주시 덕진구 기지로 77,전북특별자치도 전주시 덕진구 장동 1111,35.8390606,127.0605142,063-237-5005,,일반음식점,"어디 가야 할지 고민이시라고요? 그럼 전라북도 전주시 맛집, ""온밥상""을 추천합니다! 레드테이블에서 온라인 예약이 가능합니다! 다국어 메뉴판이 있는 매장입니다.",운영중,True,True,여의동,official_coordinates,https://www.data.go.kr/data/15076735/fileData.do; 2022-04-01,2022-04-01
135003,뚜레쥬르 전주서곡점,전북특별자치도 전주시 완산구 서곡로 55,전북특별자치도 전주시 완산구 효자동3가 1458-6,35.834003,127.1002075,063-278-4004,제과점영업,제과점영업,"전라북도 전주시에 가신다면 ""뚜레쥬르(전주서곡점)""에 방문해보세요~ 레드테이블에서 온라인 예약이 가능합니다! 배달 가능한 매장입니다. 다국어 메뉴판이 있는 매장입니다.",운영중,True,True,효자5동,official_coordinates,https://www.data.go.kr/data/15076735/fileData.do; 2022-04-01,2022-04-01
138672,마포갈매기전북대점,,전북특별자치도 전주시 덕진구 덕진동1가,35.847182,127.125575,,한정식,,"전라북도 전주시에서 가 볼 만한 식당을 찾으신다면? ""마포갈매기전북대점""을 추천합니다!",운영중,True,True,덕진동,official_coordinates,https://www.data.go.kr/data/15076735/fileData.do; 2022-04-01,2022-04-01
915218,"대방삼겹, 대방한우","전북특별자치도 전주시 덕진구 기지로 77, B동",전북특별자치도 전주시 덕진구 장동 1111,35.8390606,127.0605142,063-276-7475,,일반음식점,"""대방삼겹대방한우""는 전라북도 전주시에 있습니다. 레드테이블에서 온라인 예약이 가능합니다! 남녀 화장실이 구분되어 있는 매장입니다. 주차공간, 다국어 메뉴판, 그리고 무선 인터넷이 있는 매장입니다.",운영중,True,True,여의동,official_coordinates,https://www.data.go.kr/data/15076735/fileData.do; 2022-04-01,2022-04-01
151787,성게향회관,전북특별자치도 전주시 덕진구 들사평3길 5,전북특별자치도 전주시 덕진구 덕진동1가 1404-39,35.8412608,127.1220315,063-274-1345,한식,,"""성게향회관""을 전라북도 전주시의 가 볼 만한 식당으로 추천합니다!",운영중,True,True,덕진동,official_coordinates,https://www.data.go.kr/data/15076735/fileData.do; 2022-04-01,2022-04-01
913745,라라코스트 전주에코시티점,전북특별자치도 전주시 덕진구 세병로 174-11 포도원빌딩 2층,전북특별자치도 전주시 덕진구 송천동2가 1299-5,35.8795391,127.1336672,063-253-3230,,일반음식점,"전라북도 전주시에서 식당을 찾으신다면? ""라라코스트(전주에코시티점)""를 방문해보세요! 레드테이블에서 온라인 예약이 가능합니다! 남녀 화장실이 구분되어 있는 매장입니다. 배달 가능한 매장입니다. 주차공간, 놀이방이 마련되어 있으며 다국어 메뉴판, 무선 인터넷을 제공하는 매장입니다.",운영중,True,True,송천2동,official_coordinates,https://www.data.go.kr/data/15076735/fileData.do; 2022-04-01,2022-04-01
912756,굽네치킨,전북특별자치도 전주시 덕진구 견훤로 320,전북특별자치도 전주시 덕진구 인후동1가 756-30,35.8399301,127.1556614,063-243-9294,,일반음식점,"""굽네치킨(인후점)""은 전라북도 전주시에 있습니다. 레드테이블에서 온라인 예약이 가능합니다! 배달 가능한 매장입니다. 다국어 메뉴판, 무선 인터넷이 있는 매장입니다.",운영중,True,True,인후1동,official_coordinates,https://www.data.go.kr/data/15076735/fileData.do; 2022-04-01,2022-04-01
155208,푼푼케이크,전북특별자치도 전주시 완산구 봉곡로 47,전북특별자치도 전주시 완산구 효자동2가 1253-1,35.8119388,127.0990363,,케이크전문,,"무엇을 먹을지 고민되신다고요? 전라북도 전주시에 계시다면 ""푼푼케이크""를 추천합니다!",운영중,True,True,효자4동,official_coordinates,https://www.data.go.kr/data/15076735/fileData.do; 2022-04-01,2022-04-01
155930,신포우리만두 영화의거리점,전북특별자치도 전주시 완산구 전주객사3길 58,전북특별자치도 전주시 완산구 고사동 390-1,35.8197575,127.1419558,063-287-7501,분식,일반음식점,"전라북도 전주시에 가신다면 ""신포우리만두(영화의거리점)""에 방문해보세요~ 레드테이블에서 온라인 예약이 가능합니다! 배달 가능한 매장입니다. 다국어 메뉴판이 있는 매장입니다.",운영중,True,True,중앙동,official_coordinates,https://www.data.go.kr/data/15076735/fileData.do; 2022-04-01,2022-04-01
155948,일등낙지,전북특별자치도 전주시 완산구 서신천변6길 21,전북특별자치도 전주시 완산구 효자동3가 1167-1,35.8283349,127.115312,063-276-5851,기타,일반음식점,"무엇을 먹을지 고민되신다고요? 전라북도 전주시에 계시다면 ""일등낙지(서신본점)""를 추천합니다! 레드테이블에서 온라인 예약이 가능합니다! 배달 가능한 매장입니다. 다국어 메뉴판이 있는 매장입니다.",운영중,True,True,서신동,official_coordinates,https://www.data.go.kr/data/15076735/fileData.do; 2022-04-01,2022-04-01
145398,주당공선생 신시가지점,전북특별자치도 전주시 완산구 홍산중앙로 40,전북특별자치도 전주시 완산구 효자동3가 1536-2,35.8171079,127.1093681,063-901-7966,,,"전라북도 전주시에서 식당을 찾으신다면? ""주당공선생 신시가지점""을 방문해보세요!",운영중,True,True,효자5동,official_coordinates,https://www.data.go.kr/data/15076735/fileData.do; 2022-04-01,2022-04-01
155951,호남성중국요리,전북특별자치도 전주시 완산구 효자천변1길 36-35,전북특별자치도 전주시 완산구 효자동1가 668-2,35.7992146,127.1153217,063-221-8266,중국식,일반음식점,"""호남성 중화요리""는 전라북도 전주시에 있습니다. 다국어 메뉴판이 있는 매장입니다.",운영중,True,True,효자3동,official_coordinates,https://www.data.go.kr/data/15076735/fileData.do; 2022-04-01,2022-04-01
135002,쉐누,전북특별자치도 전주시 완산구 난전들로 255,전북특별자치도 전주시 완산구 삼천동1가 305-18,35.7915254,127.1166407,063-226-0442,제과점영업,제과점영업,"전라북도 전주시에서 식당을 찾으신다면? ""쉐누""를 방문해보세요! 레드테이블에서 온라인 예약이 가능합니다! 다국어 메뉴판이 있는 매장입니다.",운영중,True,True,삼천3동,official_coordinates,https://www.data.go.kr/data/15076735/fileData.do; 2022-04-01,2022-04-01
134968,황태마루 본점,전북특별자치도 전주시 완산구 서곡1길 21,전북특별자치도 전주시 완산구 효자동3가 1448-1,35.8356386,127.0988826,063-254-6167,한식,일반음식점,"전라북도 전주시에서 식당을 찾으신다면? ""황태마루(본점)""를 방문해보세요! 레드테이블에서 온라인 예약이 가능합니다! 다국어 메뉴판이 있는 매장입니다.",운영중,True,True,효자5동,official_coordinates,https://www.data.go.kr/data/15076735/fileData.do; 2022-04-01,2022-04-01
133151,a cup a day,전북특별자치도 전주시 덕진구 용소로 91 1층,전북특별자치도 전주시 덕진구 송천동1가 819-7,35.863731,127.1182766,063-277-0891,카페,,"""a cup a day""은 전라북도 전주시에 있습니다.",운영중,True,True,송천2동,official_coordinates,https://www.data.go.kr/data/15076735/fileData.do; 2022-04-01,2022-04-01
133218,풍성한 짜글이 앤 삼겹살,전북특별자치도 전주시 완산구 후곡길 31-35,전북특별자치도 전주시 완산구 효자동2가 1305-7,35.8114345,127.0941847,050-4099-9152,족발,,"전라북도 전주시에서 가 볼 만한 식당을 찾으신다면? ""풍성한 짜글이 앤 삼겹살""을 추천합니다!",운영중,True,True,효자4동,official_coordinates,https://www.data.go.kr/data/15076735/fileData.do; 2022-04-01,2022-04-01
134856,차반가가,전북특별자치도 전주시 완산구 구룡1길 27-13 1층,전북특별자치도 전주시 완산구 효자동2가 1262-2,35.8127042,127.1047468,063-222-7730,도시락,,"무엇을 먹을지 고민되신다고요? 전라북도 전주시에 계시다면 ""차반가가""를 추천합니다!",운영중,True,True,효자4동,official_coordinates,https://www.data.go.kr/data/15076735/fileData.do; 2022-04-01,2022-04-01
134907,이대감집,전북특별자치도 전주시 완산구 서학로 43-4 1층,전북특별자치도 전주시 완산구 동서학동 101 1층,35.8096731,127.1543574,063-284-0438,한식,일반음식점,"""이대감집""을 전라북도 전주시의 가 볼 만한 식당으로 추천합니다! 레드테이블에서 온라인 예약이 가능합니다! 다국어 메뉴판이 있는 매장입니다.",운영중,True,True,동서학동,official_coordinates,https://www.data.go.kr/data/15076735/fileData.do; 2022-04-01,2022-04-01
134913,교촌치킨효자점,전북특별자치도 전주시 완산구 거마평로 125 상산타운,전북특별자치도 전주시 완산구 효자동1가 652,35.8036084,127.1151073,063-229-2992,한식,일반음식점,"전라북도 전주시에서 맛집을 찾으신다면 ""교촌치킨(효자점)""을 추천합니다. 레드테이블에서 온라인 예약이 가능합니다! 배달 가능한 매장입니다. 다국어 메뉴판이 있는 매장입니다.",운영중,True,True,효자3동,official_coordinates,https://www.data.go.kr/data/15076735/fileData.do; 2022-04-01,2022-04-01
134914,늘버들식당,전북특별자치도 전주시 완산구 서원로 279-22,전북특별자치도 전주시 완산구 중화산동2가 119-10,35.8124605,127.125175,063-224-0048,한식,일반음식점,"""늘버들식당""을 전라북도 전주시의 가 볼 만한 식당으로 추천합니다! 레드테이블에서 온라인 예약이 가능합니다! 다국어 메뉴판이 있는 매장입니다.",운영중,True,True,중화산1동,official_coordinates,https://www.data.go.kr/data/15076735/fileData.do; 2022-04-01,2022-04-01
134918,순동이네,전북특별자치도 전주시 완산구 충경로 26-4,전북특별자치도 전주시 완산구 중앙동1가  38-3,35.8167908,127.1421212,,한식,일반음식점,"전라북도 전주시에서 맛집을 찾으신다면 ""순동이내""를 추천합니다. 다국어 메뉴판이 있는 매장입니다.",운영중,True,True,중앙동,official_coordinates,https://www.data.go.kr/data/15076735/fileData.do; 2022-04-01,2022-04-01
134971,계화도회막회집,전북특별자치도 전주시 완산구 맏내3길 6,전북특별자치도 전주시 완산구 평화동1가 706-8,35.7928878,127.1314909,063-224-6421,정종/대포집/소주방,일반음식점,"전라북도 전주시에서 식당을 찾으신다면? ""계화도회막회집""을 방문해보세요! 레드테이블에서 온라인 예약이 가능합니다! 다국어 메뉴판이 있는 매장입니다.",운영중,True,True,평화2동,official_coordinates,https://www.data.go.kr/data/15076735/fileData.do; 2022-04-01,2022-04-01
134921,아서원,전북특별자치도 전주시 완산구 서곡4길 45-6,전북특별자치도 전주시 완산구 효자동3가 1472-4,35.8323398,127.1032038,063-273-2340,중국식,일반음식점,"""아서원""을 전라북도 전주시의 가 볼 만한 식당으로 추천합니다! 레드테이블에서 온라인 예약이 가능합니다! 배달 가능한 매장입니다. 다국어 메뉴판이 있는 매장입니다.",운영중,True,True,효자5동,official_coordinates,https://www.data.go.kr/data/15076735/fileData.do; 2022-04-01,2022-04-01
134930,선우,전북특별자치도 전주시 완산구 삼천천변1길 31-1,전북특별자치도 전주시 완산구 삼천동1가 387-2,35.7954741,127.1138842,063-225-3354,기타,일반음식점,"전라북도 전주시에서 맛집을 찾으신다면 ""선우""를 추천합니다. 레드테이블에서 온라인 예약이 가능합니다! 다국어 메뉴판이 있는 매장입니다.",운영중,True,True,삼천3동,official_coordinates,https://www.data.go.kr/data/15076735/fileData.do; 2022-04-01,2022-04-01
134933,이태리부대찌개 전주효자점,전북특별자치도 전주시 완산구 효자천변2길 17 1층(효자동1가),전북특별자치도 전주시 완산구 효자동1가 651-2,35.8044574,127.114339,063-227-0125,기타,일반음식점,"전라북도 전주시에서 가 볼 만한 식당을 찾으신다면? ""이태리부대찌개(전주효자점)""를 추천합니다! 배달 가능한 매장입니다. 다국어 메뉴판이 있는 매장입니다.",운영중,True,True,효자3동,official_coordinates,https://www.data.go.kr/data/15076735/fileData.do; 2022-04-01,2022-04-01
134938,연화면옥,전북특별자치도 전주시 완산구 용머리로 152,전북특별자치도 전주시 완산구 효자동1가 195-19,35.8054359,127.1265174,063-227-7051,분식,일반음식점,"""연화면옥""을 전라북도 전주시의 가 볼 만한 식당으로 추천합니다! 레드테이블에서 온라인 예약이 가능합니다! 다국어 메뉴판이 있는 매장입니다.",운영중,True,True,효자1동,official_coordinates,https://www.data.go.kr/data/15076735/fileData.do; 2022-04-01,2022-04-01
134946,남노갈비서곡점,전북특별자치도 전주시 완산구 서곡1길 7,전북특별자치도 전주시 완산구 효자동3가 1454-2,35.834946,127.1002058,063-274-2272,한식,일반음식점,"전라북도 전주시에서 식당을 찾으신다면? ""남노갈비(서곡점)""를 방문해보세요! 지방자치단체 인증을 받은 농림축산식품부 제공 안심식당입니다. 레드테이블에서 온라인 예약이 가능합니다! 배달 가능한 매장입니다. 다국어 메뉴판이 있는 매장입니다.",운영중,True,True,효자5동,official_coordinates,https://www.data.go.kr/data/15076735/fileData.do; 2022-04-01,2022-04-01
134957,그옛날국수집,전북특별자치도 전주시 완산구 태진로 64,전북특별자치도 전주시 완산구 태평동 253-4,35.8265698,127.1369491,,한식,일반음식점,"전라북도 전주시에서 가 볼 만한 식당을 찾으신다면? ""그옛날국수집""을 추천합니다! 레드테이블에서 온라인 예약이 가능합니다! 배달 가능한 매장입니다. 다국어 메뉴판이 있는 매장입니다.",운영중,True,True,중앙동,official_coordinates,https://www.data.go.kr/data/15076735/fileData.do; 2022-04-01,2022-04-01
134963,맘스터치 상산효자점,전북특별자치도 전주시 완산구 거마평로 125,전북특별자치도 전주시 완산구 효자동1가 652,35.8036084,127.1151073,050-7460-1500,기타,일반음식점,"전라북도 전주시에서 맛집을 찾으신다면 ""맘스터치(상산효자점)""를 추천합니다. 레드테이블에서 온라인 예약이 가능합니다! 배달 가능한 매장입니다. 다국어 메뉴판이 있는 매장입니다.",운영중,True,True,효자3동,official_coordinates,https://www.data.go.kr/data/15076735/fileData.do; 2022-04-01,2022-04-01
134965,편백집 전주객사점,전북특별자치도 전주시 완산구 전주객사4길 84,전북특별자치도 전주시 완산구 고사동 243-1,35.8213589,127.1431205,063-277-3261,한식,일반음식점,"어디 가야 할지 고민이시라고요? 그럼 전라북도 전주시 맛집, ""무국식탁편백집편백집(전주객사점)""을 추천합니다! 레드테이블에서 온라인 예약이 가능합니다! 다국어 메뉴판이 있는 매장입니다.",운영중,True,True,중앙동,official_coordinates,https://www.data.go.kr/data/15076735/fileData.do; 2022-04-01,2022-04-01
134922,신행복한밥상,전북특별자치도 전주시 완산구 노송여울1길 53,전북특별자치도 전주시 완산구 태평동 3-6,35.8265827,127.1421396,063-288-3978,기타,일반음식점,"전라북도 전주시에서 식당을 찾으신다면? ""신 행복한밥상""을 방문해보세요! 레드테이블에서 온라인 예약이 가능합니다! 남녀 화장실이 구분되어 있는 매장입니다. 다국어 메뉴판이 있는 매장입니다.",운영중,True,True,노송동,official_coordinates,https://www.data.go.kr/data/15076735/fileData.do; 2022-04-01,2022-04-01
155964,JRS참숯바베큐서곡점,전북특별자치도 전주시 완산구 서곡로 36,전북특별자치도 전주시 완산구 효자동3가 1483-1,35.8323824,127.0994509,063-276-9288,한식,일반음식점,"""JRS참숯바베큐(서곡점)""를 전라북도 전주시의 가 볼 만한 식당으로 추천합니다! 레드테이블에서 온라인 예약이 가능합니다! 다국어 메뉴판이 있는 매장입니다.",운영중,True,True,효자5동,official_coordinates,https://www.data.go.kr/data/15076735/fileData.do; 2022-04-01,2022-04-01
155972,울어매순대나라,전북특별자치도 전주시 완산구 서신로 102-1,전북특별자치도 전주시 완산구 서신동 965-2,35.8348097,127.1164019,063-278-1950,한식,일반음식점,"전라북도 전주시에서 맛집을 찾으신다면 ""울어매순대나라""를 추천합니다. 레드테이블에서 온라인 예약이 가능합니다! 다국어 메뉴판이 있는 매장입니다.",운영중,True,True,서신동,official_coordinates,https://www.data.go.kr/data/15076735/fileData.do; 2022-04-01,2022-04-01
155976,족발타령 삼천점,전북특별자치도 전주시 완산구 용리로 25,전북특별자치도 전주시 완산구 삼천동1가 725-6,35.7988494,127.112574,063-225-1230,분식,일반음식점,"전라북도 전주시에서 식당을 찾으신다면? ""족발타령(삼천점)""을 방문해보세요! 레드테이블에서 온라인 예약이 가능합니다! 다국어 메뉴판이 있는 매장입니다.",운영중,True,True,삼천3동,official_coordinates,https://www.data.go.kr/data/15076735/fileData.do; 2022-04-01,2022-04-01
156137,불타는감자탕,전북특별자치도 전주시 덕진구 백제대로 801,전북특별자치도 전주시 덕진구 송천동2가 1327-12,35.8480614,127.1559091,063-244-3374,한식,일반음식점,"전라북도 전주시에서 맛집을 찾으신다면 ""불타는감자탕""을 추천합니다. 레드테이블에서 온라인 예약이 가능합니다! 다국어 메뉴판이 있는 매장입니다.",운영중,True,True,우아1동,official_coordinates,https://www.data.go.kr/data/15076735/fileData.do; 2022-04-01,2022-04-01
156138,홍익궁중전통육개장궁중보쌈,전북특별자치도 전주시 덕진구 백제대로 803,전북특별자치도 전주시 덕진구 중동 775-6,35.8481759,127.1561247,063-247-6988,한식,일반음식점,"""홍익궁중전통육개장(전주역점)""은 전라북도 전주시에 있습니다. 레드테이블에서 온라인 예약이 가능합니다! 배달 가능한 매장입니다. 다국어 메뉴판이 있는 매장입니다.",운영중,True,True,우아1동,official_coordinates,https://www.data.go.kr/data/15076735/fileData.do; 2022-04-01,2022-04-01
156147,60계치킨여의반월점,전북특별자치도 전주시 덕진구 편운로 34,전북특별자치도 전주시 덕진구 여의동2가 571-123,35.8721645,127.0798536,063-211-4560,호프/통닭,일반음식점,"어디 가야 할지 고민이시라고요? 그럼 전라북도 전주시 맛집, ""60계치킨(여의반월점)""을 추천합니다! 레드테이블에서 온라인 예약이 가능합니다! 배달 가능한 매장입니다. 다국어 메뉴판이 있는 매장입니다.",운영중,True,True,여의동,official_coordinates,https://www.data.go.kr/data/15076735/fileData.do; 2022-04-01,2022-04-01
156158,미족왕족발,전북특별자치도 전주시 덕진구 호성1길 25 1층,전북특별자치도 전주시 덕진구 호성동1가 731-4,35.856367,127.1538295,063-242-5592,한식,일반음식점,"전라북도 전주시에서 가 볼 만한 식당을 찾으신다면? ""미족(본점)""을 추천합니다! 레드테이블에서 온라인 예약이 가능합니다! 배달 가능한 매장입니다. 주차공간, 다국어 메뉴판, 그리고 무선 인터넷이 있는 매장입니다.",운영중,True,True,호성동,official_coordinates,https://www.data.go.kr/data/15076735/fileData.do; 2022-04-01,2022-04-01
156167,드림숯불갈비,전북특별자치도 전주시 덕진구 호성2길 7,전북특별자치도 전주시 덕진구 호성동1가 786-24,35.8597046,127.1531203,063-241-5200,식육(숯불구이),일반음식점,"""드림숯불갈비(호성점)""를 전라북도 전주시의 가 볼 만한 식당으로 추천합니다! 지방자치단체 인증을 받은 농림축산식품부 제공 안심식당입니다. 레드테이블과 네이버에서 온라인 예약이 가능합니다! 남녀 화장실이 구분되어 있으며, 베리어프리 매장입니다. 다국어 메뉴판, 무선 인터넷이 있는 매장입니다.",운영중,True,True,호성동,official_coordinates,https://www.data.go.kr/data/15076735/fileData.do; 2022-04-01,2022-04-01
156173,하누마을,전북특별자치도 전주시 덕진구 아중3길 21,전북특별자치도 전주시 덕진구 우아동2가 908-10,35.8299058,127.1714734,063-245-8292,한식,일반음식점,"""하누마을""은 전라북도 전주시에 있습니다. 위생 수준이 우수하고 친절한 서비스로 지방자치단체의 선정을 받은 모범음식점입니다. 지방자치단체 인증을 받은 농림축산식품부 제공 안심식당입니다. 레드테이블에서 온라인 예약이 가능합니다! 다국어 메뉴판이 있는 매장입니다.",운영중,True,True,우아2동,official_coordinates,https://www.data.go.kr/data/15076735/fileData.do; 2022-04-01,2022-04-01
156207,동산족발보쌈,전북특별자치도 전주시 덕진구 쪽구름로 46 ,전북특별자치도 전주시 덕진구 여의동2가 703-13,35.8695314,127.0774091,063-211-5454,기타,일반음식점,"전라북도 전주시에서 어디를 갈지 고민이라면! ""동산족발보쌈""에 가보시는 건 어떨까요? 레드테이블에서 온라인 예약이 가능합니다! 배달 가능한 매장입니다. 다국어 메뉴판이 있는 매장입니다.",운영중,True,True,여의동,official_coordinates,https://www.data.go.kr/data/15076735/fileData.do; 2022-04-01,2022-04-01
156123,아리랑하우스,전북특별자치도 전주시 덕진구 한배미1길 29 아리랑하우스,전북특별자치도 전주시 덕진구 인후동1가 939-7,35.8236094,127.1654775,063-241-9300,경양식,일반음식점,"전라북도 전주시에서 가 볼 만한 식당을 찾으신다면? ""아리랑하우스""를 추천합니다! 위생 수준이 우수하고 친절한 서비스로 지방자치단체의 선정을 받은 모범음식점입니다. 지방자치단체 인증을 받은 농림축산식품부 제공 안심식당입니다. 레드테이블에서 온라인 예약이 가능합니다! 남녀 화장실이 구분되어 있는 매장입니다. 주차공간, 다국어 메뉴판이 있는 매장입니다.",운영중,True,True,인후3동,official_coordinates,https://www.data.go.kr/data/15076735/fileData.do; 2022-04-01,2022-04-01
156208,강촌다슬기,전북특별자치도 전주시 덕진구 편운로 6,전북특별자치도 전주시 완산구 서신동 816-4,35.8708288,127.0770367,063-214-3489,한식,일반음식점,"어디 가야 할지 고민이시라고요? 그럼 전라북도 전주시 맛집, ""강촌다슬기""를 추천합니다! 레드테이블에서 온라인 예약이 가능합니다! 다국어 메뉴판이 있는 매장입니다.",운영중,True,True,여의동,official_coordinates,https://www.data.go.kr/data/15076735/fileData.do; 2022-04-01,2022-04-01
156244,춘향골밥상,전북특별자치도 전주시 덕진구 벚꽃2길 5,전북특별자치도 전주시 덕진구 진북동 1042-8,35.8279144,127.1324766,063-255-8500,한식,일반음식점,"""춘향골밥상""은 전라북도 전주시에 있습니다. 레드테이블에서 온라인 예약이 가능합니다! 배달 가능한 매장입니다. 다국어 메뉴판이 있는 매장입니다.",운영중,True,True,진북동,official_coordinates,https://www.data.go.kr/data/15076735/fileData.do; 2022-04-01,2022-04-01
156251,진남원추어탕,전북특별자치도 전주시 덕진구 숲정이로 18,전북특별자치도 전주시 덕진구 진북동 1158-13,35.8319456,127.1297219,063-272-5058,한식,일반음식점,"전라북도 전주시에 가신다면 ""진남원추어탕""에 방문해보세요~ 레드테이블에서 온라인 예약이 가능합니다! 다국어 메뉴판이 있는 매장입니다.",운영중,True,True,진북동,official_coordinates,https://www.data.go.kr/data/15076735/fileData.do; 2022-04-01,2022-04-01
156252,여울 forest,전북특별자치도 전주시 완산구 고사평7길 12,전북특별자치도 전주시 완산구 서신동 1010-6,35.8377414,127.1093472,063-252-4046,뷔페식,일반음식점,"무엇을 먹을지 고민되신다고요? 전라북도 전주시에 계시다면 ""여울포레스트""를 추천합니다! 레드테이블에서 온라인 예약이 가능합니다! 다국어 메뉴판이 있는 매장입니다.",운영중,True,True,서신동,official_coordinates,https://www.data.go.kr/data/15076735/fileData.do; 2022-04-01,2022-04-01
156254,홍보성,전북특별자치도 전주시 덕진구 기린대로 483-3,전북특별자치도 전주시 덕진구 덕진동1가 1267-3,35.8423318,127.1246845,063-255-4782,중국식,일반음식점,"""홍보성""을 전라북도 전주시의 가 볼 만한 식당으로 추천합니다! 다국어 메뉴판이 있는 매장입니다.",운영중,True,True,덕진동,official_coordinates,https://www.data.go.kr/data/15076735/fileData.do; 2022-04-01,2022-04-01
156255,역전할머니맥주 전북대점,전북특별자치도 전주시 덕진구 명륜3길 18-6,전북특별자치도 전주시 덕진구 덕진동1가 1264-10,35.8423694,127.1282202,063-276-2234,경양식,일반음식점,"전라북도 전주시에서 식당을 찾으신다면? ""역전할머니맥주(전북대점)""를 방문해보세요! 배달 가능한 매장입니다. 다국어 메뉴판이 있는 매장입니다.",운영중,True,True,덕진동,official_coordinates,https://www.data.go.kr/data/15076735/fileData.do; 2022-04-01,2022-04-01
156256,족보설렁탕,전북특별자치도 전주시 덕진구 송천중앙로 25,전북특별자치도 전주시 덕진구 덕진동2가 168-15,35.8495105,127.1191516,063-277-0004,한식,일반음식점,"전라북도 전주시에 가신다면 ""족보설렁탕""에 방문해보세요~ 레드테이블에서 온라인 예약이 가능합니다! 다국어 메뉴판이 있는 매장입니다.",운영중,True,True,덕진동,official_coordinates,https://www.data.go.kr/data/15076735/fileData.do; 2022-04-01,2022-04-01
156262,일단먹어봐,전북특별자치도 전주시 덕진구 들사평로 37,전북특별자치도 전주시 덕진구 덕진동1가 1412-12,35.839665,127.1237455,063-278-3342,분식,일반음식점,"""일단먹어봐""는 전라북도 전주시에 있습니다. 다국어 메뉴판이 있는 매장입니다.",운영중,True,True,덕진동,official_coordinates,https://www.data.go.kr/data/15076735/fileData.do; 2022-04-01,2022-04-01
156238,충만치킨 동산반월점,전북특별자치도 전주시 덕진구 쪽구름로 113,전북특별자치도 전주시 덕진구 만성동 1274-8,35.873756,127.0730231,063-211-9910,호프/통닭,일반음식점,"전라북도 전주시에서 맛집을 찾으신다면 ""충만치킨(전주동산반월점)""을 추천합니다. 배달 가능한 매장입니다. 다국어 메뉴판이 있는 매장입니다.",운영중,True,True,조촌동,official_coordinates,https://www.data.go.kr/data/15076735/fileData.do; 2022-04-01,2022-04-01
156116,백자원,전북특별자치도 전주시 덕진구 백제대로 702 백자원,전북특별자치도 전주시 덕진구 인후동2가 1529-9 백자원,35.8442448,127.1460481,063-246-1405,중국식,일반음식점,"전라북도 전주시에서 어디를 갈지 고민이라면! ""백자원""에 가보시는 건 어떨까요? 위생 수준이 우수하고 친절한 서비스로 지방자치단체의 선정을 받은 모범음식점입니다. 지방자치단체 인증을 받은 농림축산식품부 제공 안심식당입니다. 레드테이블에서 온라인 예약이 가능합니다! 배달 가능한 매장입니다. 다국어 메뉴판이 있는 매장입니다.",운영중,True,True,인후2동,official_coordinates,https://www.data.go.kr/data/15076735/fileData.do; 2022-04-01,2022-04-01
156113,동호곱창,전북특별자치도 전주시 덕진구 도당산3길 8,전북특별자치도 전주시 덕진구 우아동3가 748-14,35.8471589,127.1560268,063-244-8782,한식,일반음식점,"전라북도 전주시에서 식당을 찾으신다면? ""동호곱창""을 방문해보세요! 레드테이블에서 온라인 예약이 가능합니다! 다국어 메뉴판이 있는 매장입니다.",운영중,True,True,우아1동,official_coordinates,https://www.data.go.kr/data/15076735/fileData.do; 2022-04-01,2022-04-01
156107,용소루,전북특별자치도 전주시 덕진구 송천4길 56-7,전북특별자치도 전주시 덕진구 송천동1가 626-33,35.8618386,127.115237,063-272-5857,한식,일반음식점,"무엇을 먹을지 고민되신다고요? 전라북도 전주시에 계시다면 ""용소루""를 추천합니다! 다국어 메뉴판이 있는 매장입니다.",운영중,True,True,송천2동,official_coordinates,https://www.data.go.kr/data/15076735/fileData.do; 2022-04-01,2022-04-01
155985,촌댁맥주 삼천2호점,전북특별자치도 전주시 완산구 용리로 27-1,전북특별자치도 전주시 완산구 삼천동1가 725-8,35.7988482,127.112898,,호프/통닭,일반음식점,"전라북도 전주시에서 어디를 갈지 고민이라면! ""촌댁맥주(삼천2호점)""에 가보시는 건 어떨까요? 레드테이블에서 온라인 예약이 가능합니다! 다국어 메뉴판이 있는 매장입니다.",운영중,True,True,삼천3동,official_coordinates,https://www.data.go.kr/data/15076735/fileData.do; 2022-04-01,2022-04-01
156011,청정오리떼,전북특별자치도 전주시 완산구 새터로 1,전북특별자치도 전주시 완산구 서신동 932-1,35.8370873,127.1071774,063-251-9252,한식,일반음식점,"전라북도 전주시에서 어디를 갈지 고민이라면! ""청정오리떼""에 가보시는 건 어떨까요? 위생 수준이 우수하고 친절한 서비스로 지방자치단체의 선정을 받은 모범음식점입니다. 레드테이블에서 온라인 예약이 가능합니다! 다국어 메뉴판이 있는 매장입니다.",운영중,True,True,서신동,official_coordinates,https://www.data.go.kr/data/15076735/fileData.do; 2022-04-01,2022-04-01
156015,동경소바,전북특별자치도 전주시 완산구 효자천변1길 26-29,전북특별자치도 전주시 완산구 효자동1가 667-8,35.799059,127.1147612,063-909-1555,한식,일반음식점,"어디 가야 할지 고민이시라고요? 그럼 전라북도 전주시 맛집, ""동경소바(본점)""를 추천합니다! 레드테이블에서 온라인 예약이 가능합니다! 남녀 화장실이 구분되어 있는 매장입니다. 배달 가능한 매장입니다. 다국어 메뉴판, 무선 인터넷이 있는 매장입니다.",운영중,True,True,효자3동,official_coordinates,https://www.data.go.kr/data/15076735/fileData.do; 2022-04-01,2022-04-01
156016,권씨네,전북특별자치도 전주시 완산구 서곡2길 5,전북특별자치도 전주시 완산구 효자동3가 1438-7,35.8345482,127.1015217,063-254-4177,한식,일반음식점,"전라북도 전주시에 가신다면 ""권씨네(서곡점)""에 방문해보세요~ 지방자치단체 인증을 받은 농림축산식품부 제공 안심식당입니다. 레드테이블과 네이버에서 온라인 예약이 가능합니다! 남녀 화장실이 구분되어 있는 매장입니다. 배달 가능한 매장입니다. 주차공간, 다국어 메뉴판, 그리고 무선 인터넷이 있는 매장입니다.",운영중,True,True,효자5동,official_coordinates,https://www.data.go.kr/data/15076735/fileData.do; 2022-04-01,2022-04-01
156018,깨순이김밥서곡제1호점,전북특별자치도 전주시 완산구 세내로 548,전북특별자치도 전주시 완산구 효자동3가 1456-7,35.8341291,127.0995401,063-252-3101,김밥(도시락),일반음식점,"""깨순이김밥(서곡제1호점)""은 전라북도 전주시에 있습니다. 레드테이블에서 온라인 예약이 가능합니다! 다국어 메뉴판이 있는 매장입니다.",운영중,True,True,효자5동,official_coordinates,https://www.data.go.kr/data/15076735/fileData.do; 2022-04-01,2022-04-01
156022,60계치킨 삼천점,전북특별자치도 전주시 완산구 강변로 21,전북특별자치도 전주시 완산구 삼천동1가 725-4,35.7988552,127.1122575,063-226-9982,한식,일반음식점,"전라북도 전주시에 가신다면 ""60계 치킨(전주 삼천점)""에 방문해보세요~ 레드테이블에서 온라인 예약이 가능합니다! 배달 가능한 매장입니다. 다국어 메뉴판이 있는 매장입니다.",운영중,True,True,삼천3동,official_coordinates,https://www.data.go.kr/data/15076735/fileData.do; 2022-04-01,2022-04-01
156028,일심회관,전북특별자치도 전주시 완산구 현무3길 77-15,전북특별자치도 전주시 완산구 경원동3가 212,35.8223566,127.1485108,063-231-6758,한식,일반음식점,"무엇을 먹을지 고민되신다고요? 전라북도 전주시에 계시다면 ""일심회관""을 추천합니다! 레드테이블에서 온라인 예약이 가능합니다! 다국어 메뉴판이 있는 매장입니다.",운영중,True,True,풍남동,official_coordinates,https://www.data.go.kr/data/15076735/fileData.do; 2022-04-01,2022-04-01
156031,전주성,전북특별자치도 전주시 완산구 현무3길 85,전북특별자치도 전주시 완산구 다가동4가 89-5,35.8227745,127.1489566,063-232-3382,한식,일반음식점,"전라북도 전주시에서 맛집을 찾으신다면 ""전주성""을 추천합니다. 레드테이블에서 온라인 예약이 가능합니다! 다국어 메뉴판이 있는 매장입니다.",운영중,True,True,노송동,official_coordinates,https://www.data.go.kr/data/15076735/fileData.do; 2022-04-01,2022-04-01
156033,백송회관,전북특별자치도 전주시 완산구 전주객사2길 40,전북특별자치도 전주시 완산구 고사동 486-2,35.8234313,127.1491363,063-282-5001,한식,일반음식점,"전라북도 전주시에서 맛집을 찾으신다면 ""백송회관""을 추천합니다. 레드테이블에서 온라인 예약이 가능합니다! 주차공간, 다국어 메뉴판이 있는 매장입니다.",운영중,True,True,노송동,official_coordinates,https://www.data.go.kr/data/15076735/fileData.do; 2022-04-01,2022-04-01
156035,풍년회관,전북특별자치도 전주시 완산구 대동로 100,전북특별자치도 전주시 완산구 평화동2가 872-7,35.8232715,127.1464683,063-288-3400,한식,일반음식점,"전라북도 전주시에서 맛집을 찾으신다면 ""풍년회관""을 추천합니다. 레드테이블에서 온라인 예약이 가능합니다! 다국어 메뉴판이 있는 매장입니다.",운영중,True,True,노송동,official_coordinates,https://www.data.go.kr/data/15076735/fileData.do; 2022-04-01,2022-04-01
156037,청라회관,전북특별자치도 전주시 완산구 노송여울2길 10,전북특별자치도 전주시 완산구 평화동2가 866-1,35.8242221,127.1465438,063-286-3044,한식,일반음식점,"어디 가야 할지 고민이시라고요? 그럼 전라북도 전주시 맛집, ""청라회관""을 추천합니다! 레드테이블에서 온라인 예약이 가능합니다! 배달 가능한 매장입니다. 다국어 메뉴판이 있는 매장입니다.",운영중,True,True,노송동,official_coordinates,https://www.data.go.kr/data/15076735/fileData.do; 2022-04-01,2022-04-01
156081,321베렌도,전북특별자치도 전주시 덕진구 천마산로 56,전북특별자치도 전주시 덕진구 송천동1가 107-80,35.8641098,127.1280509,070-4062-4688,한식,일반음식점,"무엇을 먹을지 고민되신다고요? 전라북도 전주시에 계시다면 ""321베렌도""를 추천합니다! 레드테이블에서 온라인 예약이 가능합니다! 반려동물 입장이 가능한 매장입니다. 다국어 메뉴판이 있는 매장입니다.",운영중,True,True,송천1동,official_coordinates,https://www.data.go.kr/data/15076735/fileData.do; 2022-04-01,2022-04-01
156091,마이산피순대,전북특별자치도 전주시 덕진구 두간10길 8,전북특별자치도 전주시 덕진구 송천동1가 801-10,35.8660616,127.1150999,063-278-6799,한식,일반음식점,"전라북도 전주시에서 가 볼 만한 식당을 찾으신다면? ""마이산피순대""를 추천합니다! 레드테이블에서 온라인 예약이 가능합니다! 남녀 화장실이 구분되어 있는 매장입니다. 주차공간, 다국어 메뉴판이 있는 매장입니다.",운영중,True,True,송천2동,official_coordinates,https://www.data.go.kr/data/15076735/fileData.do; 2022-04-01,2022-04-01
156092,우리집밥상,전북특별자치도 전주시 덕진구 시천로 76,전북특별자치도 전주시 덕진구 송천동1가  800-4,35.8661013,127.1147334,063-275-6365,한식,일반음식점,"전라북도 전주시에서 어디를 갈지 고민이라면! ""우리집밥상""에 가보시는 건 어떨까요? 레드테이블에서 온라인 예약이 가능합니다! 다국어 메뉴판이 있는 매장입니다.",운영중,True,True,송천2동,official_coordinates,https://www.data.go.kr/data/15076735/fileData.do; 2022-04-01,2022-04-01
156093,청주본가 전주점,전북특별자치도 전주시 덕진구 솔내8길 15 1층,전북특별자치도 전주시 덕진구 송천동1가 114-12,35.8611842,127.1231626,063-254-9199,한식,일반음식점,"전라북도 전주시에서 맛집을 찾으신다면 ""청주본가(전주점)""를 추천합니다. 레드테이블에서 온라인 예약이 가능합니다! 남녀 화장실이 구분되어 있는 매장입니다. 배달 가능한 매장입니다. 주차공간, 다국어 메뉴판, 그리고 무선 인터넷이 있는 매장입니다.",운영중,True,True,송천1동,official_coordinates,https://www.data.go.kr/data/15076735/fileData.do; 2022-04-01,2022-04-01
156100,소림사,"전북특별자치도 전주시 덕진구 솔내7길 40-7, 1층 (송천동1가)",전북특별자치도 전주시 덕진구 송천동1가 128-8,35.8589812,127.1256829,063-275-6957,중국식,일반음식점,"어디 가야 할지 고민이시라고요? 그럼 전라북도 전주시 맛집, ""소림사""를 추천합니다! 레드테이블에서 온라인 예약이 가능합니다! 배달 가능한 매장입니다. 다국어 메뉴판이 있는 매장입니다.",운영중,True,True,송천1동,official_coordinates,https://www.data.go.kr/data/15076735/fileData.do; 2022-04-01,2022-04-01
156106,멕시카나치킨 송천사랑점,전북특별자치도 전주시 덕진구 송천로 111-15,전북특별자치도 전주시 덕진구 송천동1가 596-23,35.8625108,127.1152053,050-7982-6975,기타,일반음식점,"전라북도 전주시에 가신다면 ""멕시카나치킨(송천점)""에 방문해보세요~ 다국어 메뉴판이 있는 매장입니다.",운영중,True,True,송천2동,official_coordinates,https://www.data.go.kr/data/15076735/fileData.do; 2022-04-01,2022-04-01
916345,통닭하우스,전북특별자치도 전주시 완산구 후곡길 11-14,전북특별자치도 전주시 완산구 효자동2가 1308-6,35.8098621,127.095194,063-228-9555,,일반음식점,"전라북도 전주시에 가신다면 ""통닭하우스(신시가지점)""에 방문해보세요~ 레드테이블에서 온라인 예약이 가능합니다! 반려동물 입장이 가능한 매장입니다. 배달 가능한 매장입니다. 주차공간, 다국어 메뉴판, 그리고 무선 인터넷이 있는 매장입니다.",운영중,True,True,효자4동,official_coordinates,https://www.data.go.kr/data/15076735/fileData.do; 2022-04-01,2022-04-01
325212,파리바게뜨 전주마전점,전북특별자치도 전주시 완산구 홍산로 371 신한은행,전북특별자치도 전주시 완산구 효자동3가 1609-18,35.8269094,127.1056377,063-227-0453,제과점영업,제과점영업,"""파리바게뜨(전주마전점)""는 전라북도 전주시에 있습니다. 다국어 메뉴판이 있는 매장입니다.",운영중,True,True,효자5동,official_coordinates,https://www.data.go.kr/data/15076735/fileData.do; 2022-04-01,2022-04-01
325146,행복분식,전북특별자치도 전주시 완산구 송정2길 26,전북특별자치도 전주시 완산구 삼천동1가 583-5,35.8002409,127.1175416,070-8945-2688,한식,일반음식점,"전라북도 전주시에서 식당을 찾으신다면? ""행복분식""을 방문해보세요! 레드테이블에서 온라인 예약이 가능합니다! 다국어 메뉴판이 있는 매장입니다.",운영중,True,True,삼천1동,official_coordinates,https://www.data.go.kr/data/15076735/fileData.do; 2022-04-01,2022-04-01
325223,돌담길,전북특별자치도 전주시 덕진구 솔내8길 11,전북특별자치도 전주시 덕진구 송천동1가 113-28,35.8611996,127.1227704,063-274-3321,한식,일반음식점,"전라북도 전주시에서 맛집을 찾으신다면 ""돌담길""을 추천합니다. 레드테이블에서 온라인 예약이 가능합니다! 배달 가능한 매장입니다. 다국어 메뉴판이 있는 매장입니다.",운영중,True,True,송천1동,official_coordinates,https://www.data.go.kr/data/15076735/fileData.do; 2022-04-01,2022-04-01
445791,리틀하노이 효자점,전북특별자치도 전주시 완산구 효자천변2길 13 상산빌딩,전북특별자치도 전주시 완산구 효자동1가 651,35.8048843,127.1141437,063-272-8383,기타 휴게음식점,휴게음식점,"전라북도 전주시에 가신다면 ""리틀하노이 베트남쌀국수(효자점)""에 방문해보세요~ 레드테이블에서 온라인 예약이 가능합니다! 남녀 화장실이 구분되어 있는 매장입니다. 배달 가능한 매장입니다. 키오스크, 다국어 메뉴판, 그리고 무선 인터넷이 있는 매장입니다.",운영중,True,True,효자3동,official_coordinates,https://www.data.go.kr/data/15076735/fileData.do; 2022-04-01,2022-04-01
445792,아침정원,전북특별자치도 전주시 완산구 소태정3길 20,전북특별자치도 전주시 완산구 효자동2가 1206-2,35.8032615,127.0989361,063-222-4543,기타 휴게음식점,휴게음식점,"전라북도 전주시에서 식당을 찾으신다면? ""아침정원""을 방문해보세요! 레드테이블에서 온라인 예약이 가능합니다! 다국어 메뉴판이 있는 매장입니다.",운영중,True,True,효자4동,official_coordinates,https://www.data.go.kr/data/15076735/fileData.do; 2022-04-01,2022-04-01
445794,밥스터 신시가지점,전북특별자치도 전주시 완산구 마전로 11 1층,전북특별자치도 전주시 완산구 효자동3가 1645-5,35.8220689,127.1040282,070-7762-0659,기타 휴게음식점,휴게음식점,"어디 가야 할지 고민이시라고요? 그럼 전라북도 전주시 맛집, ""밥스터(신시가지점)""를 추천합니다! 레드테이블에서 온라인 예약이 가능합니다! 다국어 메뉴판이 있는 매장입니다.",운영중,True,True,효자5동,official_coordinates,https://www.data.go.kr/data/15076735/fileData.do; 2022-04-01,2022-04-01
445799,공차 NC백화점전주객사점,전북특별자치도 전주시 완산구 전주객사5길 35,전북특별자치도 전주시 완산구 고사동 96-1,35.8196286,127.1450687,063-710-5150,커피숍,휴게음식점,"전라북도 전주시에 가신다면 ""공차(NC백화점전주객사점)""에 방문해보세요~ 레드테이블에서 온라인 예약이 가능합니다! 주차공간, 다국어 메뉴판이 있는 매장입니다.",운영중,True,True,중앙동,official_coordinates,https://www.data.go.kr/data/15076735/fileData.do; 2022-04-01,2022-04-01
445800,이디야커피 전주서곡지구점,전북특별자치도 전주시 완산구 서곡1길 13-8,전북특별자치도 전주시 완산구 효자동3가 1450-5,35.8348325,127.099261,063-271-1000,커피숍,휴게음식점,"""이디야커피(전주서곡지구점)""를 전라북도 전주시의 가 볼 만한 식당으로 추천합니다! 레드테이블에서 온라인 예약이 가능합니다! 배달 가능한 매장입니다. 다국어 메뉴판이 있는 매장입니다.",운영중,True,True,효자5동,official_coordinates,https://www.data.go.kr/data/15076735/fileData.do; 2022-04-01,2022-04-01
445802,커피니중화산점,전북특별자치도 전주시 완산구 효자로 280 2층,전북특별자치도 전주시 완산구 중화산동2가 772,35.8188411,127.1159517,063-227-8250,커피숍,휴게음식점,"전라북도 전주시에서 맛집을 찾으신다면 ""커피니(중화산점)""를 추천합니다. 레드테이블에서 온라인 예약이 가능합니다! 다국어 메뉴판이 있는 매장입니다.",운영중,True,True,중화산2동,official_coordinates,https://www.data.go.kr/data/15076735/fileData.do; 2022-04-01,2022-04-01
445814, 천안당 호두과자,전북특별자치도 전주시 완산구 효자로 296,전북특별자치도 전주시 완산구 중화산동2가 770-4,35.8188908,127.1178778,063-278-1470,제과점영업,제과점영업,"무엇을 먹을지 고민되신다고요? 전라북도 전주시에 계시다면 ""천안당호두과자(전주점)""를 추천합니다! 레드테이블에서 온라인 예약이 가능합니다! 반려동물 입장이 가능한 매장입니다. 다국어 메뉴판이 있는 매장입니다.",운영중,True,True,중화산2동,official_coordinates,https://www.data.go.kr/data/15076735/fileData.do; 2022-04-01,2022-04-01
445815,맘스브레드,전북특별자치도 전주시 완산구 호암로 81 은하빌딩,전북특별자치도 전주시 완산구 효자동2가 1318-3,35.8086378,127.1035606,063-225-1108,제과점영업,제과점영업,"2018년 03월 07일 KBS2 생방송아침이좋다 450회, 2016년 07월 19일 KBS2 2TV생생정보 136회 등 여러 방송에서 다룬 바로 그 곳! 전라북도 전주시 인기 맛집 ""맘스브레드""를 방문해보세요! 배달 가능한 매장입니다. 주차공간, 다국어 메뉴판이 있는 매장입니다.",운영중,True,True,효자4동,official_coordinates,https://www.data.go.kr/data/15076735/fileData.do; 2022-04-01,2022-04-01
445818,풍년제과 본점,전북특별자치도 전주시 완산구 팔달로 145,전북특별자치도 전주시 완산구 전동 125-8,35.815444,127.1478046,063-231-3366,제과점영업,제과점영업,"""풍년제과(본점)""는 전라북도 전주시에 있습니다. 다국어 메뉴판이 있는 매장입니다.",운영중,True,True,풍남동,official_coordinates,https://www.data.go.kr/data/15076735/fileData.do; 2022-04-01,2022-04-01
445819,뺑드파미유,전북특별자치도 전주시 완산구 문학대5길 32,전북특별자치도 전주시 완산구 효자동3가 1616-6,35.8271376,127.1052997,063-228-0076,제과점영업,제과점영업,"전라북도 전주시에서 맛집을 찾으신다면, ""뺑드파미유""를 꼭 방문해보세요. 2019년 07월 29일 SBS 생활의달인 681회에 방영된 유명 매장이랍니다! 다국어 메뉴판이 있는 매장입니다.",운영중,True,True,효자5동,official_coordinates,https://www.data.go.kr/data/15076735/fileData.do; 2022-04-01,2022-04-01
445823,처가집식당,전북특별자치도 전주시 덕진구 사평로 56,전북특별자치도 전주시 덕진구 덕진동1가 1404-14,35.8420488,127.1224013,063-273-5167,한식,일반음식점,"전라북도 전주시에 가신다면 ""처가집식당""에 방문해보세요~ 다국어 메뉴판이 있는 매장입니다.",운영중,True,True,덕진동,official_coordinates,https://www.data.go.kr/data/15076735/fileData.do; 2022-04-01,2022-04-01
445824,추억과낭만,전북특별자치도 전주시 덕진구 시천로 29-6,전북특별자치도 전주시 덕진구 송천동1가 626-76,35.8619941,127.114169,063-241-3050,한식,일반음식점,"어디 가야 할지 고민이시라고요? 그럼 전라북도 전주시 맛집, ""추억과낭만""을 추천합니다! 레드테이블에서 온라인 예약이 가능합니다! 다국어 메뉴판이 있는 매장입니다.",운영중,True,True,송천2동,official_coordinates,https://www.data.go.kr/data/15076735/fileData.do; 2022-04-01,2022-04-01
445829,참맛흑돼지,전북특별자치도 전주시 덕진구 두간10길 4,전북특별자치도 전주시 덕진구 송천동1가 801-8,35.8657671,127.1150935,063-222-0168,한식,일반음식점,"어디 가야 할지 고민이시라고요? 그럼 전라북도 전주시 맛집, ""참맛흑돼지""를 추천합니다! 레드테이블에서 온라인 예약이 가능합니다! 다국어 메뉴판이 있는 매장입니다.",운영중,True,True,송천2동,official_coordinates,https://www.data.go.kr/data/15076735/fileData.do; 2022-04-01,2022-04-01
445832,신포우리만두 동산점,전북특별자치도 전주시 덕진구 편운로 22,전북특별자치도 전주시 완산구 평화동1가 730-1,35.8713761,127.078653,063-211-7501,분식,일반음식점,"무엇을 먹을지 고민되신다고요? 전라북도 전주시에 계시다면 ""신포우리만두(전주동산점)""를 추천합니다! 레드테이블에서 온라인 예약이 가능합니다! 남녀 화장실이 구분되어 있는 매장입니다. 배달 가능한 매장입니다. 다국어 메뉴판, 무선 인터넷이 있는 매장입니다.",운영중,True,True,여의동,official_coordinates,https://www.data.go.kr/data/15076735/fileData.do; 2022-04-01,2022-04-01
445845,얌스 전주송천센트럴점,전북특별자치도 전주시 덕진구 송천로 20,전북특별자치도 전주시 덕진구 송천동1가 349-13,35.8551361,127.1192803,050-4054-4975,분식,일반음식점,"전라북도 전주시에서 식당을 찾으신다면? ""얌스(전주송천센트럴점)""를 방문해보세요! 다국어 메뉴판, 무선 인터넷이 있는 매장입니다.",운영중,True,True,송천2동,official_coordinates,https://www.data.go.kr/data/15076735/fileData.do; 2022-04-01,2022-04-01
445788,이디야 전주마전점,전북특별자치도 전주시 완산구 홍산로 375,전북특별자치도 전주시 완산구 효자동3가 1609-16,35.8273085,127.1056367,063-228-0504,커피숍,휴게음식점,"전라북도 전주시에서 가 볼 만한 식당을 찾으신다면? ""이디야커피(전주마전점)""를 추천합니다! 레드테이블에서 온라인 예약이 가능합니다! 다국어 메뉴판이 있는 매장입니다.",운영중,True,True,효자5동,official_coordinates,https://www.data.go.kr/data/15076735/fileData.do; 2022-04-01,2022-04-01
445785,드롭탑 전주신시가지점,전북특별자치도 전주시 완산구 효자로 161,전북특별자치도 전주시 완산구 효자동3가 1693-5,35.819445,127.1025861,070-8808-2131,커피숍,휴게음식점,"전라북도 전주시에서 가 볼 만한 식당을 찾으신다면? ""카페드롭탑(전주신시가지점)""을 추천합니다! 레드테이블에서 온라인 예약이 가능합니다! 남녀 화장실이 구분되어 있으며, 베리어프리 매장입니다. 배달 가능한 매장입니다. 주차공간, 다국어 메뉴판, 그리고 무선 인터넷이 있는 매장입니다.",운영중,True,True,효자5동,official_coordinates,https://www.data.go.kr/data/15076735/fileData.do; 2022-04-01,2022-04-01
445783,이목대,전북특별자치도 전주시 완산구 한지길 113,전북특별자치도 전주시 완산구 풍남동3가 16-21,35.8152899,127.1541485,063-284-3211,기타 휴게음식점,휴게음식점,"어디 가야 할지 고민이시라고요? 그럼 전라북도 전주시 맛집, ""오목대""를 추천합니다! 레드테이블에서 온라인 예약이 가능합니다! 다국어 메뉴판이 있는 매장입니다.",운영중,True,True,풍남동,official_coordinates,https://www.data.go.kr/data/15076735/fileData.do; 2022-04-01,2022-04-01
445782,와플란다스,전북특별자치도 전주시 완산구 송정2길 25,전북특별자치도 전주시 완산구 삼천동1가 593-1,35.8000119,127.1174584,063-221-2931,기타 휴게음식점,휴게음식점,"무엇을 먹을지 고민되신다고요? 전라북도 전주시에 계시다면 ""와플란다스""를 추천합니다! 레드테이블에서 온라인 예약이 가능합니다! 다국어 메뉴판이 있는 매장입니다.",운영중,True,True,삼천1동,official_coordinates,https://www.data.go.kr/data/15076735/fileData.do; 2022-04-01,2022-04-01
445707,가마,전북특별자치도 전주시 완산구 전주객사4길 74 2층 가마피자,전북특별자치도 전주시 완산구 고사동 172-1,35.8208967,127.1432698,063-285-8521,경양식,일반음식점,"전라북도 전주시에서 어디를 갈지 고민이라면! ""가마""에 가보시는 건 어떨까요? 레드테이블과 네이버에서 온라인 예약이 가능합니다! 남녀 화장실이 구분되어 있는 매장입니다. 주차공간, 다국어 메뉴판, 그리고 무선 인터넷이 있는 매장입니다.",운영중,True,True,중앙동,official_coordinates,https://www.data.go.kr/data/15076735/fileData.do; 2022-04-01,2022-04-01
445712,매드헝그리,전북특별자치도 전주시 완산구 홍산중앙로 42,전북특별자치도 전주시 완산구 효자동3가 1536-1,35.8173184,127.1093266,063-237-3618,한식,일반음식점,"전라북도 전주시에서 맛집을 찾으신다면 ""매드헝그리""를 추천합니다. 남녀 화장실이 구분되어 있는 매장입니다. 다국어 메뉴판, 무선 인터넷이 있는 매장입니다.",운영중,True,True,효자5동,official_coordinates,https://www.data.go.kr/data/15076735/fileData.do; 2022-04-01,2022-04-01
445717,부부콩나물국밥전문점,전북특별자치도 전주시 완산구 쑥고개로 347,전북특별자치도 전주시 완산구 효자동2가 1326-3,35.8034431,127.1031371,063-221-3253,한식,일반음식점,"전라북도 전주시에서 가 볼 만한 식당을 찾으신다면? ""부부콩나물국밥전문점""을 추천합니다! 다국어 메뉴판이 있는 매장입니다.",운영중,True,True,효자4동,official_coordinates,https://www.data.go.kr/data/15076735/fileData.do; 2022-04-01,2022-04-01
445725,금빛통닭 안행점,전북특별자치도 전주시 완산구 안행5길 14,전북특별자치도 전주시 완산구 효자동1가 683-12,35.8023795,127.1324265,063-236-9200,호프/통닭,일반음식점,"""금빛통닭(전주안행점)""을 전라북도 전주시의 가 볼 만한 식당으로 추천합니다! 남녀 화장실이 구분되어 있는 매장입니다. 다국어 메뉴판이 있는 매장입니다.",운영중,True,True,효자1동,official_coordinates,https://www.data.go.kr/data/15076735/fileData.do; 2022-04-01,2022-04-01
445735,못난이꽈배기 전주효자점,전북특별자치도 전주시 완산구 구룡1길 26,전북특별자치도 전주시 완산구 효자동2가 1266-8,35.8114371,127.1046936,063-226-2800,일반조리판매,휴게음식점,"어디 가야 할지 고민이시라고요? 그럼 전라북도 전주시 맛집, ""못난이꽈배기(효자점)""를 추천합니다! 레드테이블에서 온라인 예약이 가능합니다! 다국어 메뉴판이 있는 매장입니다.",운영중,True,True,효자4동,official_coordinates,https://www.data.go.kr/data/15076735/fileData.do; 2022-04-01,2022-04-01
445738,탐앤탐스 전주중앙점,전북특별자치도 전주시 완산구 전주객사4길 74-50 오거리메디컬스파,전북특별자치도 전주시 완산구 고사동 186,35.8208164,127.1443231,063-224-4985,커피숍,휴게음식점,"""탐앤탐스(전주중앙점)""를 전라북도 전주시의 가 볼 만한 식당으로 추천합니다! 다국어 메뉴판이 있는 매장입니다.",운영중,True,True,중앙동,official_coordinates,https://www.data.go.kr/data/15076735/fileData.do; 2022-04-01,2022-04-01
445744,한스델리 전주삼천점,전북특별자치도 전주시 완산구 용리로 45 2층,전북특별자치도 전주시 완산구 효자동1가 669-5,35.7988196,127.1148134,063-236-0057,일반조리판매,휴게음식점,"어디 가야 할지 고민이시라고요? 그럼 전라북도 전주시 맛집, ""한스델리(전주삼천점)""를 추천합니다! 레드테이블에서 온라인 예약이 가능합니다! 배달 가능한 매장입니다. 다국어 메뉴판, 무선 인터넷이 있는 매장입니다.",운영중,True,True,효자3동,official_coordinates,https://www.data.go.kr/data/15076735/fileData.do; 2022-04-01,2022-04-01
445849,봉구스밥버거 송천점,전북특별자치도 전주시 덕진구 천마산로 17,전북특별자치도 전주시 덕진구 송천동2가 193-2,35.8639008,127.1233917,063-905-2675,분식,일반음식점,"전라북도 전주시에서 맛집을 찾으신다면 ""봉구스밥버거(송천점)""를 추천합니다. 다국어 메뉴판이 있는 매장입니다.",운영중,True,True,송천1동,official_coordinates,https://www.data.go.kr/data/15076735/fileData.do; 2022-04-01,2022-04-01
445747,이디야커피 전주삼천중앙점,전북특별자치도 전주시 완산구 용리로 126,전북특별자치도 전주시 완산구 삼천동1가 621-1,35.7977607,127.1234413,063-224-0010,커피숍,휴게음식점,"전라북도 전주시에서 가 볼 만한 식당을 찾으신다면? ""이디야커피(전주삼천중앙점)""를 추천합니다! 레드테이블에서 온라인 예약이 가능합니다! 배달 가능한 매장입니다. 다국어 메뉴판이 있는 매장입니다.",운영중,True,True,삼천2동,official_coordinates,https://www.data.go.kr/data/15076735/fileData.do; 2022-04-01,2022-04-01
445758,네오피자 전주완산점,전북특별자치도 전주시 완산구 신봉3길 35-4,전북특별자치도 전주시 완산구 효자동1가 607-2,35.8120876,127.1144864,050-7987-6313,패스트푸드,휴게음식점,"전라북도 전주시에서 식당을 찾으신다면? ""네오피자(전주완산점)""를 방문해보세요! 레드테이블에서 온라인 예약이 가능합니다! 배달 가능한 매장입니다. 다국어 메뉴판이 있는 매장입니다.",운영중,True,True,효자2동,official_coordinates,https://www.data.go.kr/data/15076735/fileData.do; 2022-04-01,2022-04-01
445761,한옥마을 커피로드,전북특별자치도 전주시 완산구 동문길 33,전북특별자치도 전주시 완산구 풍남동2가 24 한옥마을 커피로드,35.8190129,127.1521242,063-284-4548,커피숍,휴게음식점,"전라북도 전주시에서 식당을 찾으신다면? ""한옥마을커피로드""를 방문해보세요! 레드테이블에서 온라인 예약이 가능합니다! 다국어 메뉴판이 있는 매장입니다.",운영중,True,True,풍남동,official_coordinates,https://www.data.go.kr/data/15076735/fileData.do; 2022-04-01,2022-04-01
445770,모과나무카페,전북특별자치도 전주시 완산구 서학3길 37,전북특별자치도 전주시 완산구 서서학동 276-3,35.8071094,127.1515743,063-288-3253,커피숍,휴게음식점,"""모과나무""를 전라북도 전주시의 가 볼 만한 식당으로 추천합니다! 레드테이블에서 온라인 예약이 가능합니다! 다국어 메뉴판이 있는 매장입니다.",운영중,True,True,서서학동,official_coordinates,https://www.data.go.kr/data/15076735/fileData.do; 2022-04-01,2022-04-01
445771,고릴라커피,전북특별자치도 전주시 완산구 황강서원4길 16-29,전북특별자치도 전주시 완산구 효자동3가 1597-9,35.8266521,127.0988758,,커피숍,휴게음식점,"무엇을 먹을지 고민되신다고요? 전라북도 전주시에 계시다면 ""고릴라커피""를 추천합니다! 다국어 메뉴판이 있는 매장입니다.",운영중,True,True,효자5동,official_coordinates,https://www.data.go.kr/data/15076735/fileData.do; 2022-04-01,2022-04-01
445772,요거프레소 전주대점,전북특별자치도 전주시 완산구 백마산길 22-4 2층,전북특별자치도 전주시 완산구 효자동3가 1172-4,35.817673,127.0908795,063-245-2197,커피숍,휴게음식점,"전라북도 전주시에서 어디를 갈지 고민이라면! ""요거프레소(전주대점)""에 가보시는 건 어떨까요? 레드테이블에서 온라인 예약이 가능합니다! 배달 가능한 매장입니다. 주차공간, 다국어 메뉴판, 그리고 무선 인터넷이 있는 매장입니다.",운영중,True,True,효자4동,official_coordinates,https://www.data.go.kr/data/15076735/fileData.do; 2022-04-01,2022-04-01
445773,프라우스,전북특별자치도 전주시 완산구 효자로 322 1층 프라우스,전북특별자치도 전주시 완산구 중화산동2가 594-1,35.8189787,127.1206173,50713316,커피숍,휴게음식점,"전라북도 전주시에서 어디를 갈지 고민이라면! ""프라우스""에 가보시는 건 어떨까요? 레드테이블에서 온라인 예약이 가능합니다! 남녀 화장실이 구분되어 있는 매장입니다. 배달 가능한 매장입니다. 다국어 메뉴판, 무선 인터넷이 있는 매장입니다.",운영중,True,True,중화산2동,official_coordinates,https://www.data.go.kr/data/15076735/fileData.do; 2022-04-01,2022-04-01
445774,이디야커피 전북도청점,전북특별자치도 전주시 완산구 홍산중앙로 46,전북특별자치도 전주시 완산구 효자동3가 1528-15,35.8176135,127.1093332,02-728-1546,커피숍,휴게음식점,"무엇을 먹을지 고민되신다고요? 전라북도 전주시에 계시다면 ""이디야커피(전북도청점)""를 추천합니다! 레드테이블에서 온라인 예약이 가능합니다! 다국어 메뉴판이 있는 매장입니다.",운영중,True,True,효자5동,official_coordinates,https://www.data.go.kr/data/15076735/fileData.do; 2022-04-01,2022-04-01
445751,블랙내니커피숍,전북특별자치도 전주시 완산구 쑥고개로 343,전북특별자치도 전주시 완산구 효자동2가 1326-2,35.8032825,127.1027237,063-221-8830,커피숍,휴게음식점,"전라북도 전주시에서 식당을 찾으신다면? ""블랙내니커피숍""을 방문해보세요! 다국어 메뉴판이 있는 매장입니다.",운영중,True,True,효자4동,official_coordinates,https://www.data.go.kr/data/15076735/fileData.do; 2022-04-01,2022-04-01
445850,아만두,전북특별자치도 전주시 덕진구 들사평서로 31 아만두,전북특별자치도 전주시 덕진구 덕진동1가 1547-158,35.8385121,127.1195512,063-253-9111,분식,일반음식점,"전라북도 전주시에서 어디를 갈지 고민이라면! ""아만두""에 가보시는 건 어떨까요? 다국어 메뉴판이 있는 매장입니다.",운영중,True,True,덕진동,official_coordinates,https://www.data.go.kr/data/15076735/fileData.do; 2022-04-01,2022-04-01
445863,코누코치킨송천점,전북특별자치도 전주시 덕진구 용소로 101,전북특별자치도 전주시 덕진구 송천동1가 543-62,35.8637644,127.1195041,063-275-3351,,일반음식점,"전라북도 전주시에서 맛집을 찾으신다면 ""코누코치킨(송천점)""을 추천합니다. 다국어 메뉴판이 있는 매장입니다.",운영중,True,True,송천2동,official_coordinates,https://www.data.go.kr/data/15076735/fileData.do; 2022-04-01,2022-04-01
445869,교촌치킨 송천점,전북특별자치도 전주시 덕진구 사근1길 31,전북특별자치도 전주시 덕진구 송천동2가 179-116,35.8666658,127.1305541,063-251-3141,,일반음식점,"""교촌치킨(송천점)""을 전라북도 전주시의 가 볼 만한 식당으로 추천합니다! 다국어 메뉴판이 있는 매장입니다.",운영중,True,True,송천1동,official_coordinates,https://www.data.go.kr/data/15076735/fileData.do; 2022-04-01,2022-04-01
445939,리앤차우,전북특별자치도 전주시 덕진구 가리내10길 12-2,전북특별자치도 전주시 덕진구 덕진동2가 678-7,35.8424085,127.1107699,063-253-2243,중국식,일반음식점,"""리앤차우중화요리""는 전라북도 전주시에 있습니다. 레드테이블에서 온라인 예약이 가능합니다! 배달 가능한 매장입니다. 다국어 메뉴판이 있는 매장입니다.",운영중,True,True,덕진동,official_coordinates,https://www.data.go.kr/data/15076735/fileData.do; 2022-04-01,2022-04-01
445942,부광양념족발구이뼈다귀탕,전북특별자치도 전주시 덕진구 붓내3길 17-25,전북특별자치도 전주시 완산구 풍남동1가 58-10,35.8688851,127.1236035,063-905-5892,일식,일반음식점,"""부광양념족발구이뼈다귀탕(송천점)""은 전라북도 전주시에 있습니다. 레드테이블에서 온라인 예약이 가능합니다! 배달 가능한 매장입니다. 주차공간, 다국어 메뉴판이 있는 매장입니다.",운영중,True,True,송천1동,official_coordinates,https://www.data.go.kr/data/15076735/fileData.do; 2022-04-01,2022-04-01
445952,하서방뚝배기,전북특별자치도 전주시 덕진구 아중로 205,전북특별자치도 전주시 덕진구 우아동2가 918-12,35.8282651,127.1716879,050-7982-5964,한식,일반음식점,"전라북도 전주시에서 어디를 갈지 고민이라면! ""하서방뚝배기(본점)""에 가보시는 건 어떨까요? 레드테이블에서 온라인 예약이 가능합니다! 다국어 메뉴판이 있는 매장입니다.",운영중,True,True,우아2동,official_coordinates,https://www.data.go.kr/data/15076735/fileData.do; 2022-04-01,2022-04-01
445971,비상식량,전북특별자치도 전주시 덕진구 용소로 109-8,전북특별자치도 전주시 덕진구 송천동1가 543-16,35.8642327,127.1204098,,한식,일반음식점,"어디 가야 할지 고민이시라고요? 그럼 전라북도 전주시 맛집, ""비상식량""을 추천합니다! 다국어 메뉴판이 있는 매장입니다.",운영중,True,True,송천2동,official_coordinates,https://www.data.go.kr/data/15076735/fileData.do; 2022-04-01,2022-04-01
445972,다홍연어,전북특별자치도 전주시 덕진구 명륜3길 17 2층,전북특별자치도 전주시 덕진구 덕진동1가 1263-18,35.8427859,127.1277979,063-272-7292,기타,일반음식점,"""다홍연어""를 전라북도 전주시의 가 볼 만한 식당으로 추천합니다! 레드테이블에서 온라인 예약이 가능합니다! 남녀 화장실이 구분되어 있는 매장입니다. 배달 가능한 매장입니다. 다국어 메뉴판, 무선 인터넷이 있는 매장입니다.",운영중,True,True,덕진동,official_coordinates,https://www.data.go.kr/data/15076735/fileData.do; 2022-04-01,2022-04-01
445974,맛본가,전북특별자치도 전주시 덕진구 솔내로 107,전북특별자치도 전주시 덕진구 송천동1가 137-104,35.859646,127.1263716,063-252-5560,한식,일반음식점,"""맛본가""는 전라북도 전주시에 있습니다. 레드테이블에서 온라인 예약이 가능합니다! 다국어 메뉴판이 있는 매장입니다.",운영중,True,True,송천1동,official_coordinates,https://www.data.go.kr/data/15076735/fileData.do; 2022-04-01,2022-04-01
445980,콩심이 양푼김치갈비전골,전북특별자치도 전주시 덕진구 붓내3길 17-15,전북특별자치도 전주시 완산구 삼천동1가 725-5,35.8684975,127.1235049,063-255-7575,한식,일반음식점,"전라북도 전주시에서 식당을 찾으신다면? ""콩심이양푼김치갈비전골""을 방문해보세요! 레드테이블에서 온라인 예약이 가능합니다! 다국어 메뉴판이 있는 매장입니다.",운영중,True,True,송천1동,official_coordinates,https://www.data.go.kr/data/15076735/fileData.do; 2022-04-01,2022-04-01
445935,멕시칸두마리치킨 동산반월점,전북특별자치도 전주시 덕진구 쪽구름2길 3,전북특별자치도 전주시 덕진구 송천동2가 1331-10,35.8732864,127.0754931,063-214-2098,분식,일반음식점,"""멕시칸 치킨(동산반월점)""을 전라북도 전주시의 가 볼 만한 식당으로 추천합니다! 레드테이블에서 온라인 예약이 가능합니다! 배달 가능한 매장입니다. 다국어 메뉴판이 있는 매장입니다.",운영중,True,True,조촌동,official_coordinates,https://www.data.go.kr/data/15076735/fileData.do; 2022-04-01,2022-04-01
445982,신전떡볶이 전북대점,전북특별자치도 전주시 덕진구 명륜4길 10-2,전북특별자치도 전주시 덕진구 덕진동1가 1266-2,35.8425828,127.1266503,063-272-7111,분식,일반음식점,"무엇을 먹을지 고민되신다고요? 전라북도 전주시에 계시다면 ""신전떡볶이(전북대점)""를 추천합니다! 레드테이블에서 온라인 예약이 가능합니다! 배달 가능한 매장입니다. 키오스크, 다국어 메뉴판이 있는 매장입니다.",운영중,True,True,덕진동,official_coordinates,https://www.data.go.kr/data/15076735/fileData.do; 2022-04-01,2022-04-01
445989,양대감600,전북특별자치도 전주시 덕진구 붓내3길 17-1,전북특별자치도 전주시 덕진구 송천동2가 244-25,35.8669369,127.1233693,063-277-6883,한식,일반음식점,"전라북도 전주시에서 어디를 갈지 고민이라면! ""양대감600""에 가보시는 건 어떨까요? 레드테이블에서 온라인 예약이 가능합니다! 다국어 메뉴판이 있는 매장입니다.",운영중,True,True,송천1동,official_coordinates,https://www.data.go.kr/data/15076735/fileData.do; 2022-04-01,2022-04-01
445990,카페 퀜쳐,전북특별자치도 전주시 덕진구 명륜1길 14-11 1층,전북특별자치도 전주시 덕진구 금암동 720-9 1층,35.8405922,127.1302805,050-7130-9129,,일반음식점,"전라북도 전주시에 가신다면 ""카페퀜쳐""에 방문해보세요~ 레드테이블에서 온라인 예약이 가능합니다! 남녀 화장실이 구분되어 있는 매장입니다. 다국어 메뉴판, 무선 인터넷이 있는 매장입니다.",운영중,True,True,금암1동,official_coordinates,https://www.data.go.kr/data/15076735/fileData.do; 2022-04-01,2022-04-01
445997,배스킨라빈스 전주동산,전북특별자치도 전주시 덕진구 편운로 6,전북특별자치도 전주시 덕진구 여의동2가 701,35.8708288,127.0770367,063-211-7300,기타 휴게음식점,휴게음식점,"""배스킨라빈스(전주동산점)""를 전라북도 전주시의 가 볼 만한 식당으로 추천합니다! 레드테이블에서 온라인 예약이 가능합니다! 배달 가능한 매장입니다. 키오스크, 다국어 메뉴판이 있는 매장입니다.",운영중,True,True,여의동,official_coordinates,https://www.data.go.kr/data/15076735/fileData.do; 2022-04-01,2022-04-01
446009,코코호도 송천점,전북특별자치도 전주시 덕진구 송천로 20,전북특별자치도 전주시 덕진구 송천동1가 349-13,35.8551361,127.1192803,063-271-5989,,휴게음식점,"전라북도 전주시에서 맛집을 찾으신다면 ""코코호도(송천점)""를 추천합니다. 다국어 메뉴판이 있는 매장입니다.",운영중,True,True,송천2동,official_coordinates,https://www.data.go.kr/data/15076735/fileData.do; 2022-04-01,2022-04-01
446012,먹자튀김,전북특별자치도 전주시 덕진구 송천4길 47,전북특별자치도 전주시 덕진구 송천동1가 844-2,35.8615804,127.1170301,063-241-5318,일반조리판매,휴게음식점,"무엇을 먹을지 고민되신다고요? 전라북도 전주시에 계시다면 ""먹자튀김""을 추천합니다! 다국어 메뉴판이 있는 매장입니다.",운영중,True,True,송천2동,official_coordinates,https://www.data.go.kr/data/15076735/fileData.do; 2022-04-01,2022-04-01
446013,오늘은뭐먹지,전북특별자치도 전주시 덕진구 천마산로 73,전북특별자치도 전주시 덕진구 송천동2가 179-40,35.8654057,127.1294579,063-277-8068,일반조리판매,휴게음식점,"무엇을 먹을지 고민되신다고요? 전라북도 전주시에 계시다면 ""오늘은뭐먹지""를 추천합니다! 배달 가능한 매장입니다. 다국어 메뉴판이 있는 매장입니다.",운영중,True,True,송천1동,official_coordinates,https://www.data.go.kr/data/15076735/fileData.do; 2022-04-01,2022-04-01
446014,65도 커피,전북특별자치도 전주시 덕진구 건산로 255,전북특별자치도 전주시 덕진구 인후동1가 807-10 롯데슈퍼,35.835475,127.164792,063-241-0808,커피숍,휴게음식점,"어디 가야 할지 고민이시라고요? 그럼 전라북도 전주시 맛집, ""65커피""를 추천합니다! 레드테이블에서 온라인 예약이 가능합니다! 다국어 메뉴판이 있는 매장입니다.",운영중,True,True,인후3동,official_coordinates,https://www.data.go.kr/data/15076735/fileData.do; 2022-04-01,2022-04-01
445988,맘스터치 전북대점,전북특별자치도 전주시 덕진구 명륜4길 4,전북특별자치도 전주시 덕진구 덕진동1가 1266-22,35.8422745,127.1262737,063-252-0054,,일반음식점,"""맘스터치(전북대점)""를 전라북도 전주시의 가 볼 만한 식당으로 추천합니다! 레드테이블에서 온라인 예약이 가능합니다! 배달 가능한 매장입니다. 다국어 메뉴판이 있는 매장입니다.",운영중,True,True,덕진동,official_coordinates,https://www.data.go.kr/data/15076735/fileData.do; 2022-04-01,2022-04-01
445705,돔베초밥 효천점,전북특별자치도 전주시 완산구 장승배기로 2-27,전북특별자치도 전주시 완산구 삼천동1가 417-7,35.7896934,127.1131022,063-228-0015,한식,일반음식점,"""돔베초밥(효천점)""을 전라북도 전주시의 가 볼 만한 식당으로 추천합니다! 위생 수준이 우수하고 친절한 서비스로 지방자치단체의 선정을 받은 모범음식점입니다. 레드테이블에서 온라인 예약이 가능합니다! 남녀 화장실이 구분되어 있으며, 베리어프리 매장입니다. 배달 가능한 매장입니다. 주차공간, 키오스크가 마련되어 있으며 다국어 메뉴판, 무선 인터넷을 제공하는 매장입니다.",운영중,True,True,삼천3동,official_coordinates,https://www.data.go.kr/data/15076735/fileData.do; 2022-04-01,2022-04-01
445934,만나팥죽,전북특별자치도 전주시 덕진구 용소로 92,전북특별자치도 전주시 덕진구 송천동1가 839-2,35.863441,127.1182825,063-232-3345,분식,일반음식점,"어디 가야 할지 고민이시라고요? 그럼 전라북도 전주시 맛집, ""만나팥죽""을 추천합니다! 레드테이블에서 온라인 예약이 가능합니다! 배달 가능한 매장입니다. 다국어 메뉴판이 있는 매장입니다.",운영중,True,True,송천2동,official_coordinates,https://www.data.go.kr/data/15076735/fileData.do; 2022-04-01,2022-04-01
445930,본죽 동산반월점,전북특별자치도 전주시 덕진구 쪽구름로 75,전북특별자치도 전주시 덕진구 송천동2가 1326-12,35.8720698,127.0759188,063-214-6288,한식,일반음식점,"무엇을 먹을지 고민되신다고요? 전라북도 전주시에 계시다면 ""본죽(전주동산점)""을 추천합니다! 레드테이블에서 온라인 예약이 가능합니다! 배달 가능한 매장입니다. 다국어 메뉴판이 있는 매장입니다.",운영중,True,True,조촌동,official_coordinates,https://www.data.go.kr/data/15076735/fileData.do; 2022-04-01,2022-04-01
445870,감탄떡볶이 송천센트럴점,전북특별자치도 전주시 덕진구 송천로 28,전북특별자치도 전주시 덕진구 송천동1가 382-2,35.855812,127.1191029,063-252-8316,분식,일반음식점,"전라북도 전주시에 가신다면 ""감탄떡볶이(송천센트럴점)""에 방문해보세요~ 다국어 메뉴판이 있는 매장입니다.",운영중,True,True,송천2동,official_coordinates,https://www.data.go.kr/data/15076735/fileData.do; 2022-04-01,2022-04-01
445875,남문떡볶이,전북특별자치도 전주시 덕진구 가리내로 30,전북특별자치도 전주시 덕진구 금암동 796-5 전주시외버스공용미널,35.8344331,127.1326898,063-255-0997,분식,일반음식점,"어디 가야 할지 고민이시라고요? 그럼 전라북도 전주시 맛집, ""남문떡볶이""를 추천합니다! 레드테이블에서 온라인 예약이 가능합니다! 다국어 메뉴판이 있는 매장입니다.",운영중,True,True,금암1동,official_coordinates,https://www.data.go.kr/data/15076735/fileData.do; 2022-04-01,2022-04-01
445877,카페다잉,전북특별자치도 전주시 덕진구 사평로 65 1층,전북특별자치도 전주시 덕진구 덕진동1가 1402-29 1층,35.8430288,127.1229106,050-7131-4780,경양식,일반음식점,"어디 가야 할지 고민이시라고요? 그럼 전라북도 전주시 맛집, ""카페다잉""을 추천합니다! 레드테이블에서 온라인 예약이 가능합니다! 남녀 화장실이 구분되어 있는 매장입니다. 다국어 메뉴판, 무선 인터넷이 있는 매장입니다.",운영중,True,True,덕진동,official_coordinates,https://www.data.go.kr/data/15076735/fileData.do; 2022-04-01,2022-04-01
445881,불타는낙지쟁반짜장,전북특별자치도 전주시 덕진구 떡전로 6-1,전북특별자치도 전주시 덕진구 금암동 759-5,35.8359165,127.1285329,063-271-8253,중국식,일반음식점,"무엇을 먹을지 고민되신다고요? 전라북도 전주시에 계시다면 ""김태훈 셰프의 불타는 낙지쟁반짜장""을 추천합니다! 레드테이블에서 온라인 예약이 가능합니다! 배달 가능한 매장입니다. 다국어 메뉴판이 있는 매장입니다.",운영중,True,True,금암1동,official_coordinates,https://www.data.go.kr/data/15076735/fileData.do; 2022-04-01,2022-04-01
445883,다슬기본가,전북특별자치도 전주시 덕진구 용소로 86,전북특별자치도 전주시 덕진구 송천동1가 838-5,35.8633944,127.1176567,063-251-2550,한식,일반음식점,"전라북도 전주시에 가신다면 ""다슬기본가""에 방문해보세요~ 레드테이블에서 온라인 예약이 가능합니다! 다국어 메뉴판이 있는 매장입니다.",운영중,True,True,송천2동,official_coordinates,https://www.data.go.kr/data/15076735/fileData.do; 2022-04-01,2022-04-01
445884,커피홀릭 하가점,전북특별자치도 전주시 덕진구 가리내7길 11,전북특별자치도 전주시 덕진구 덕진동2가 670-2,35.8445133,127.1104447,063-273-3766,,일반음식점,"""커피홀릭(하가점)""을 전라북도 전주시의 가 볼 만한 식당으로 추천합니다! 레드테이블에서 온라인 예약이 가능합니다! 다국어 메뉴판이 있는 매장입니다.",운영중,True,True,덕진동,official_coordinates,https://www.data.go.kr/data/15076735/fileData.do; 2022-04-01,2022-04-01
445889,훈민정음,전북특별자치도 전주시 덕진구 명륜1길 14-8,전북특별자치도 전주시 덕진구 금암동 709-26,35.8404931,127.1301162,063-272-1982,한식,일반음식점,"""훈민정음""을 전라북도 전주시의 가 볼 만한 식당으로 추천합니다! 레드테이블에서 온라인 예약이 가능합니다! 다국어 메뉴판이 있는 매장입니다.",운영중,True,True,금암1동,official_coordinates,https://www.data.go.kr/data/15076735/fileData.do; 2022-04-01,2022-04-01
445933,카페더빌리지,전북특별자치도 전주시 덕진구 명륜3길 11,전북특별자치도 전주시 덕진구 덕진동1가 1263-10,35.8424185,127.1273988,070-8267-4628,,일반음식점,"전라북도 전주시에서 어디를 갈지 고민이라면! ""카페더빌리지""에 가보시는 건 어떨까요? 다국어 메뉴판이 있는 매장입니다.",운영중,True,True,덕진동,official_coordinates,https://www.data.go.kr/data/15076735/fileData.do; 2022-04-01,2022-04-01
445893,자담치킨 전주송천점,전북특별자치도 전주시 덕진구 오송1길 5,전북특별자치도 전주시 덕진구 송천동1가 107-3,35.8631906,127.1276881,050-7964-1313,호프/통닭,일반음식점,"전라북도 전주시에 가신다면 ""자담치킨(전주송천점)""에 방문해보세요~ 다국어 메뉴판이 있는 매장입니다.",운영중,True,True,송천1동,official_coordinates,https://www.data.go.kr/data/15076735/fileData.do; 2022-04-01,2022-04-01
445909,초담 불고기,전북특별자치도 전주시 덕진구 가리내6길 20-12,전북특별자치도 전주시 덕진구 덕진동2가 663-13,35.8456721,127.1096278,063-277-8400,한식,일반음식점,"전라북도 전주시에서 어디를 갈지 고민이라면! ""초담불고기""에 가보시는 건 어떨까요? 지방자치단체 인증을 받은 농림축산식품부 제공 안심식당입니다. 네이버 온라인 예약이 가능합니다! 남녀 화장실이 구분되어 있는 매장입니다. 주차공간, 다국어 메뉴판, 그리고 무선 인터넷이 있는 매장입니다.",운영중,True,True,덕진동,official_coordinates,https://www.data.go.kr/data/15076735/fileData.do; 2022-04-01,2022-04-01
445910,벌크커피아중점,전북특별자치도 전주시 덕진구 석소로 27,전북특별자치도 전주시 덕진구 인후동1가 890-3 아중제일아파트,35.8297226,127.1689167,,한식,일반음식점,"전라북도 전주시에 가신다면 ""벌크커피(아중점)""에 방문해보세요~ 레드테이블에서 온라인 예약이 가능합니다! 남녀 화장실이 구분되어 있는 매장입니다. 배달 가능한 매장입니다. 다국어 메뉴판, 무선 인터넷이 있는 매장입니다.",운영중,True,True,인후3동,official_coordinates,https://www.data.go.kr/data/15076735/fileData.do; 2022-04-01,2022-04-01
445912,으뜸순대,전북특별자치도 전주시 덕진구 솔내9길 2,전북특별자치도 전주시 덕진구 송천동1가 106,35.8624609,127.1262537,063-901-9007,한식,일반음식점,"""으뜸순대""는 전라북도 전주시에 있습니다. 레드테이블에서 온라인 예약이 가능합니다! 다국어 메뉴판이 있는 매장입니다.",운영중,True,True,송천1동,official_coordinates,https://www.data.go.kr/data/15076735/fileData.do; 2022-04-01,2022-04-01
445923,동대문엽기떡볶이 전북대점,전북특별자치도 전주시 덕진구 명륜4길 21-4 2층,전북특별자치도 전주시 덕진구 덕진동1가 1312-58,35.8441339,127.1265639,063-274-8592,분식,일반음식점,"전라북도 전주시에서 가 볼 만한 식당을 찾으신다면? ""불닭발땡초동대문엽기떡볶이(전북대점)""를 추천합니다! 레드테이블에서 온라인 예약이 가능합니다! 배달 가능한 매장입니다. 다국어 메뉴판이 있는 매장입니다.",운영중,True,True,덕진동,official_coordinates,https://www.data.go.kr/data/15076735/fileData.do; 2022-04-01,2022-04-01
445925,하가생구이,전북특별자치도 전주시 덕진구 가리내6길 10-2,전북특별자치도 전주시 덕진구 덕진동2가 665-10,35.8450891,127.1107246,063-253-3392,한식,일반음식점,"전라북도 전주시에서 식당을 찾으신다면? ""하가생구이""를 방문해보세요! 레드테이블에서 온라인 예약이 가능합니다! 남녀 화장실이 구분되어 있는 매장입니다. 다국어 메뉴판, 무선 인터넷이 있는 매장입니다.",운영중,True,True,덕진동,official_coordinates,https://www.data.go.kr/data/15076735/fileData.do; 2022-04-01,2022-04-01
445928,건지포차,전북특별자치도 전주시 덕진구 명륜4길 11-7,전북특별자치도 전주시 덕진구 덕진동1가 1262-6,35.8432428,127.1257752,,호프/통닭,일반음식점,"전라북도 전주시에서 가 볼 만한 식당을 찾으신다면? ""건지포차""를 추천합니다! 다국어 메뉴판이 있는 매장입니다.",운영중,True,True,덕진동,official_coordinates,https://www.data.go.kr/data/15076735/fileData.do; 2022-04-01,2022-04-01
445929,꿀밤,전북특별자치도 전주시 덕진구 명륜5길 14,전북특별자치도 전주시 덕진구 덕진동1가 1261-1,35.8438455,127.1257306,,호프/통닭,일반음식점,"전라북도 전주시에서 식당을 찾으신다면? ""꿀밤""을 방문해보세요! 레드테이블에서 온라인 예약이 가능합니다! 다국어 메뉴판이 있는 매장입니다.",운영중,True,True,덕진동,official_coordinates,https://www.data.go.kr/data/15076735/fileData.do; 2022-04-01,2022-04-01
445895,바게트킹 동산점,전북특별자치도 전주시 덕진구 쪽구름로 71,전북특별자치도 전주시 덕진구 반월동 248-8,35.8717075,127.0761832,063-213-2177,분식,일반음식점,"어디 가야 할지 고민이시라고요? 그럼 전라북도 전주시 맛집, ""바게트킹(동산점)""을 추천합니다! 레드테이블에서 온라인 예약이 가능합니다! 배달 가능한 매장입니다. 다국어 메뉴판이 있는 매장입니다.",운영중,True,True,조촌동,official_coordinates,https://www.data.go.kr/data/15076735/fileData.do; 2022-04-01,2022-04-01
445703,시래청,전북특별자치도 전주시 완산구 홍산3길 9,전북특별자치도 전주시 완산구 효자동3가 1527-6,35.8183063,127.1080071,063-227-0304,한식,일반음식점,"""시래청(도청본점)""은 전라북도 전주시에 있습니다. 레드테이블에서 온라인 예약이 가능합니다! 배달 가능한 매장입니다. 다국어 메뉴판이 있는 매장입니다.",운영중,True,True,효자5동,official_coordinates,https://www.data.go.kr/data/15076735/fileData.do; 2022-04-01,2022-04-01
445701,가정회관 3호점,전북특별자치도 전주시 완산구 장승배기로 401,전북특별자치도 전주시 완산구 동서학동 256-9,35.80627,127.1525013,063-285-0003,한식,일반음식점,"전라북도 전주시에서 어디를 갈지 고민이라면! ""가정회관(3호점)""에 가보시는 건 어떨까요? 레드테이블에서 온라인 예약이 가능합니다! 다국어 메뉴판이 있는 매장입니다.",운영중,True,True,동서학동,official_coordinates,https://www.data.go.kr/data/15076735/fileData.do; 2022-04-01,2022-04-01
445699,오솔길,전북특별자치도 전주시 완산구 현무1길 9-4,전북특별자치도 전주시 완산구 경원동3가 16-7,35.8198069,127.1477233,063-232-1060,한식,일반음식점,"전라북도 전주시에서 맛집을 찾으신다면 ""오솔길""을 추천합니다. 레드테이블에서 온라인 예약이 가능합니다! 다국어 메뉴판이 있는 매장입니다.",운영중,True,True,풍남동,official_coordinates,https://www.data.go.kr/data/15076735/fileData.do; 2022-04-01,2022-04-01
412565,로고스커피숍,전북특별자치도 전주시 덕진구 두간7길 16-10,전북특별자치도 전주시 덕진구 송천동1가 826-12,35.8644469,127.1165677,063-253-2233,커피숍,휴게음식점,"전라북도 전주시에서 어디를 갈지 고민이라면! ""로고스 커피""에 가보시는 건 어떨까요? 다국어 메뉴판이 있는 매장입니다.",운영중,True,True,송천2동,official_coordinates,https://www.data.go.kr/data/15076735/fileData.do; 2022-04-01,2022-04-01
412566,이디야커피 전주송천용소점,전북특별자치도 전주시 덕진구 시천로 50,전북특별자치도 전주시 덕진구 송천동1가 833-5,35.863828,127.1147025,070-7769-4355,커피숍,휴게음식점,"""이디야커피(전주송천용소점)""를 전라북도 전주시의 가 볼 만한 식당으로 추천합니다! 배달 가능한 매장입니다. 주차공간, 다국어 메뉴판이 있는 매장입니다.",운영중,True,True,송천2동,official_coordinates,https://www.data.go.kr/data/15076735/fileData.do; 2022-04-01,2022-04-01
412568,이디야커피 전주아중리점,전북특별자치도 전주시 덕진구 석소로 10,전북특별자치도 전주시 덕진구 우아동2가 909-7,35.8284137,127.1699992,063-241-8802,커피숍,휴게음식점,"어디 가야 할지 고민이시라고요? 그럼 전라북도 전주시 맛집, ""이디야커피(전주아중리점)""를 추천합니다! 다국어 메뉴판이 있는 매장입니다.",운영중,True,True,우아2동,official_coordinates,https://www.data.go.kr/data/15076735/fileData.do; 2022-04-01,2022-04-01
412571,빈앤빈,전북특별자치도 전주시 덕진구 솔내로 170-1,전북특별자치도 전주시 덕진구 송천동2가 202-54,35.8653949,127.127319,063-255-7878,커피숍,휴게음식점,"""빈앤빈""은 전라북도 전주시에 있습니다. 레드테이블에서 온라인 예약이 가능합니다! 다국어 메뉴판이 있는 매장입니다.",운영중,True,True,송천1동,official_coordinates,https://www.data.go.kr/data/15076735/fileData.do; 2022-04-01,2022-04-01
418316,홍루이젠 삼천평화점,전북특별자치도 전주시 완산구 용리로 57-3,전북특별자치도 전주시 완산구 효자동1가 669-13,35.7987847,127.1160262,063-221-2466,샌드위치,,"전라북도 전주시에서 맛집을 찾으신다면 ""홍루이젠 삼천평화점""을 추천합니다.",운영중,True,True,효자3동,official_coordinates,https://www.data.go.kr/data/15076735/fileData.do; 2022-04-01,2022-04-01
865468,카페메이,전북특별자치도 전주시 완산구 강변로 120-1,전북특별자치도 전주시 완산구 효자동1가 660-1 한강아파트,35.8020748,127.1141536,070-7843-2521,카페,,"무엇을 먹을지 고민되신다고요? 전라북도 전주시에 계시다면 ""카페메이""를 추천합니다!",운영중,True,True,효자3동,official_coordinates,https://www.data.go.kr/data/15076735/fileData.do; 2022-04-01,2022-04-01
865458,순간포차,전북특별자치도 전주시 덕진구 명주5길 9-1,전북특별자치도 전주시 덕진구 인후동2가 1574-21,35.8454606,127.150613,063-246-2252,술집,,"전라북도 전주시에서 어디를 갈지 고민이라면! ""순간포차""에 가보시는 건 어떨까요?",운영중,True,True,인후2동,official_coordinates,https://www.data.go.kr/data/15076735/fileData.do; 2022-04-01,2022-04-01
412561,몽소로,전북특별자치도 전주시 덕진구 구총목로 19,전북특별자치도 전주시 덕진구 인후동1가 887-5,35.8282183,127.1623032,063-245-0991,커피숍,휴게음식점,"전라북도 전주시에 가신다면 ""몽소로""에 방문해보세요~ 레드테이블에서 온라인 예약이 가능합니다! 다국어 메뉴판이 있는 매장입니다.",운영중,True,True,인후3동,official_coordinates,https://www.data.go.kr/data/15076735/fileData.do; 2022-04-01,2022-04-01
865428,또또커피,전북특별자치도 전주시 덕진구 삼송3길 11-1 1층,전북특별자치도 전주시 덕진구 금암동 628-73 1층,35.8425153,127.1350808,050-7135-0649,기타,일반음식점,"전라북도 전주시에서 가 볼 만한 식당을 찾으신다면? ""또또커피""를 추천합니다! 레드테이블에서 온라인 예약이 가능합니다! 다국어 메뉴판, 무선 인터넷이 있는 매장입니다.",운영중,True,True,금암1동,official_coordinates,https://www.data.go.kr/data/15076735/fileData.do; 2022-04-01,2022-04-01
445510,손쿡 전주점,전북특별자치도 전주시 완산구 전주객사5길 77,전북특별자치도 전주시 완산구 고사동 217-1,35.8215101,127.1444667,063-275-7985,한식,일반음식점,"전라북도 전주시에서 맛집을 찾으신다면 ""손쿡(전주점)""을 추천합니다. 지방자치단체 인증을 받은 농림축산식품부 제공 안심식당입니다. 레드테이블에서 온라인 예약이 가능합니다! 배달 가능한 매장입니다. 다국어 메뉴판이 있는 매장입니다.",운영중,True,True,중앙동,official_coordinates,https://www.data.go.kr/data/15076735/fileData.do; 2022-04-01,2022-04-01
445533,곰갈비,전북특별자치도 전주시 완산구 고사평2길 17,전북특별자치도 전주시 완산구 서신동 952-7,35.8344352,127.1112984,063-272-9288,한식,일반음식점,"무엇을 먹을지 고민되신다고요? 전라북도 전주시에 계시다면 ""곰갈비""를 추천합니다! 레드테이블에서 온라인 예약이 가능합니다! 주차공간, 다국어 메뉴판이 있는 매장입니다.",운영중,True,True,서신동,official_coordinates,https://www.data.go.kr/data/15076735/fileData.do; 2022-04-01,2022-04-01
445535,어반스테이 전주점,전북특별자치도 전주시 완산구 서곡4길 30-1,전북특별자치도 전주시 완산구 효자동3가 1445-4,35.8338818,127.1034175,063-253-0087,한식,일반음식점,"어디 가야 할지 고민이시라고요? 그럼 전라북도 전주시 맛집, ""어반스테이(전주점)""를 추천합니다! 남녀 화장실이 구분되어 있는 매장입니다. 다국어 메뉴판, 무선 인터넷이 있는 매장입니다.",운영중,True,True,효자5동,official_coordinates,https://www.data.go.kr/data/15076735/fileData.do; 2022-04-01,2022-04-01
445538,이비가짬뽕 전주효자점,전북특별자치도 전주시 완산구 천잠로 261,전북특별자치도 전주시 완산구 효자동3가 1250-15,35.8102485,127.0937343,063-229-8879,한식,일반음식점,"전라북도 전주시에서 어디를 갈지 고민이라면! ""이비가짬뽕(전주효자점)""에 가보시는 건 어떨까요? 다국어 메뉴판이 있는 매장입니다.",운영중,True,True,효자4동,official_coordinates,https://www.data.go.kr/data/15076735/fileData.do; 2022-04-01,2022-04-01
445539,해마루 막회,전북특별자치도 전주시 완산구 유연로 305-1,전북특별자치도 전주시 완산구 서신동 889-4,35.8255705,127.1190605,063-273-8987,회집,일반음식점,"전라북도 전주시에 가신다면 ""해마루싱싱막회(본점)""에 방문해보세요~ 레드테이블에서 온라인 예약이 가능합니다! 배달 가능한 매장입니다. 다국어 메뉴판이 있는 매장입니다.",운영중,True,True,서신동,official_coordinates,https://www.data.go.kr/data/15076735/fileData.do; 2022-04-01,2022-04-01
445545,오술차,전북특별자치도 전주시 완산구 홍산중앙로 41,전북특별자치도 전주시 완산구 효자동3가 1535-1,35.8173192,127.1087633,063-224-5901,한식,일반음식점,"전라북도 전주시에서 가 볼 만한 식당을 찾으신다면? ""오술차(전주신시가지점)""를 추천합니다! 남녀 화장실이 구분되어 있는 매장입니다. 다국어 메뉴판, 무선 인터넷이 있는 매장입니다.",운영중,True,True,효자5동,official_coordinates,https://www.data.go.kr/data/15076735/fileData.do; 2022-04-01,2022-04-01
445546,아리가또맘마 전주신시가지점,전북특별자치도 전주시 완산구 홍산북로 11-3,전북특별자치도 전주시 완산구 효자동2가 1227-2,35.8177255,127.1027991,063-228-8938,한식,일반음식점,"""아리가또맘마(전주신시가지점)""는 전라북도 전주시에 있습니다. 레드테이블에서 온라인 예약이 가능합니다! 배달 가능한 매장입니다. 다국어 메뉴판이 있는 매장입니다.",운영중,True,True,효자5동,official_coordinates,https://www.data.go.kr/data/15076735/fileData.do; 2022-04-01,2022-04-01
865400,라홍방 마라탕 신시가지점	,"전북특별자치도 전주시 완산구 홍산1길 7(1층 129호 효자동2가, 전주효자SKLeadersVIEW)	",전북특별자치도 전주시 완산구 효자동2가 1157-4 전주 효자 SK Leaders VIEW,35.8140433,127.1086523,063-227-0809,,,"""전라북도 전주시에서 가 볼 만한 식당을 찾으신다면? """"라홍방 마라탕 신시가지점""""을 추천합니다!""",운영중,True,True,효자5동,official_coordinates,https://www.data.go.kr/data/15076735/fileData.do; 2022-04-01,2022-04-01
445547,카페미아,전북특별자치도 전주시 완산구 우전2길 67,전북특별자치도 전주시 완산구 효자동2가 1329-4,35.8101427,127.1065937,063-228-7100,한식,일반음식점,"전라북도 전주시에 가신다면 ""카페미아""에 방문해보세요~ 레드테이블에서 온라인 예약이 가능합니다! 반려동물 입장이 가능한 매장입니다. 다국어 메뉴판이 있는 매장입니다.",운영중,True,True,효자4동,official_coordinates,https://www.data.go.kr/data/15076735/fileData.do; 2022-04-01,2022-04-01
412560,이디야커피 전북대2호점,"전북특별자치도 전주시 덕진구 권삼득로 313 2,3층",전북특별자치도 전주시 덕진구 금암동 664-39,35.8436952,127.1277173,050-7133-6577,커피숍,휴게음식점,"전라북도 전주시에서 어디를 갈지 고민이라면! ""이디야커피(전북대구정문점)""에 가보시는 건 어떨까요? 레드테이블에서 온라인 예약이 가능합니다! 배달 가능한 매장입니다. 다국어 메뉴판이 있는 매장입니다.",운영중,True,True,덕진동,official_coordinates,https://www.data.go.kr/data/15076735/fileData.do; 2022-04-01,2022-04-01
412544,이디야커피 전북대점,전북특별자치도 전주시 덕진구 명륜3길 10-1,전북특별자치도 전주시 덕진구 덕진동1가 1264-7,35.8422864,127.1276427,063-277-2227,커피숍,휴게음식점,"전라북도 전주시에서 어디를 갈지 고민이라면! ""이디야커피(전북대점)""에 가보시는 건 어떨까요? 남녀 화장실이 구분되어 있는 매장입니다. 배달 가능한 매장입니다. 다국어 메뉴판, 무선 인터넷이 있는 매장입니다.",운영중,True,True,덕진동,official_coordinates,https://www.data.go.kr/data/15076735/fileData.do; 2022-04-01,2022-04-01
412417,몽레브,전북특별자치도 전주시 덕진구 명륜3길 10-6 ,전북특별자치도 전주시 덕진구 덕진동1가 1265-4,35.8419721,127.1278209,063-714-2994,호프/통닭,일반음식점,"""몽레브""는 전라북도 전주시에 있습니다. 레드테이블과 네이버에서 온라인 예약이 가능합니다! 다국어 메뉴판, 무선 인터넷이 있는 매장입니다.",운영중,True,True,덕진동,official_coordinates,https://www.data.go.kr/data/15076735/fileData.do; 2022-04-01,2022-04-01
412425,성근커피바,전북특별자치도 전주시 덕진구 명륜2길 12,전북특별자치도 전주시 덕진구 금암동 708-1,35.841472,127.1286046,063-252-9653,분식,일반음식점,"전라북도 전주시에서 어디를 갈지 고민이라면! ""성근커피바""에 가보시는 건 어떨까요? 레드테이블에서 온라인 예약이 가능합니다! 다국어 메뉴판이 있는 매장입니다.",운영중,True,True,덕진동,official_coordinates,https://www.data.go.kr/data/15076735/fileData.do; 2022-04-01,2022-04-01
412435,동창갈비,전북특별자치도 전주시 덕진구 송천중앙로 201,전북특별자치도 전주시 덕진구 송천동1가 812-2,35.8649479,127.1212727,063-255-9090,한식,일반음식점,"""동창갈비(본점)""를 전라북도 전주시의 가 볼 만한 식당으로 추천합니다! 위생 수준이 우수하고 친절한 서비스로 지방자치단체의 선정을 받은 모범음식점입니다. 레드테이블에서 온라인 예약이 가능합니다! 다국어 메뉴판이 있는 매장입니다.",운영중,True,True,송천2동,official_coordinates,https://www.data.go.kr/data/15076735/fileData.do; 2022-04-01,2022-04-01
412450,케이스타피자,전북특별자치도 전주시 덕진구 삼송5길 14-18,전북특별자치도 전주시 덕진구 금암동 1546-5,35.8435212,127.1379801,063-255-9549,,일반음식점,"전라북도 전주시에서 맛집을 찾으신다면 ""피자게이트(전북대점)""를 추천합니다. 레드테이블에서 온라인 예약이 가능합니다! 배달 가능한 매장입니다. 다국어 메뉴판이 있는 매장입니다.",운영중,True,True,금암1동,official_coordinates,https://www.data.go.kr/data/15076735/fileData.do; 2022-04-01,2022-04-01
412452,돌돌,전북특별자치도 전주시 덕진구 명륜2길 11-6,전북특별자치도 전주시 덕진구 덕진동1가 1264-15,35.8419392,127.1284184,063-272-4011,경양식,일반음식점,"전라북도 전주시에서 맛집을 찾으신다면 ""돌돌""을 추천합니다. 레드테이블에서 온라인 예약이 가능합니다! 다국어 메뉴판이 있는 매장입니다.",운영중,True,True,덕진동,official_coordinates,https://www.data.go.kr/data/15076735/fileData.do; 2022-04-01,2022-04-01
412457,다미참치,전북특별자치도 전주시 덕진구 두간로 10  ,전북특별자치도 전주시 덕진구 송천동1가 831-3,35.8651921,127.1155447,063-278-8883,일식,일반음식점,"전라북도 전주시에서 어디를 갈지 고민이라면! ""다미참치""에 가보시는 건 어떨까요? 레드테이블에서 온라인 예약이 가능합니다! 반려동물 입장이 가능한 매장입니다. 배달 가능한 매장입니다. 다국어 메뉴판이 있는 매장입니다.",운영중,True,True,송천2동,official_coordinates,https://www.data.go.kr/data/15076735/fileData.do; 2022-04-01,2022-04-01
412481,샤브도둑,전북특별자치도 전주시 덕진구 명륜4길 15 2층,전북특별자치도 전주시 덕진구 덕진동1가 1261-30,35.8432503,127.1265369,063-223-3039,기타,일반음식점,"전라북도 전주시에서 맛집을 찾으신다면 ""샤브도둑(전북대점)""을 추천합니다. 레드테이블에서 온라인 예약이 가능합니다! 다국어 메뉴판이 있는 매장입니다.",운영중,True,True,덕진동,official_coordinates,https://www.data.go.kr/data/15076735/fileData.do; 2022-04-01,2022-04-01
412556,이디야커피 전주안골네거리점,전북특별자치도 전주시 덕진구 안덕원로 248 범양빌딩,전북특별자치도 전주시 덕진구 인후동1가 772-6,35.8362701,127.1540649,063-244-1725,커피숍,휴게음식점,"전라북도 전주시에서 어디를 갈지 고민이라면! ""이디야커피(전주안골네거리점)""에 가보시는 건 어떨까요? 다국어 메뉴판이 있는 매장입니다.",운영중,True,True,인후1동,official_coordinates,https://www.data.go.kr/data/15076735/fileData.do; 2022-04-01,2022-04-01
412485,현대옥 전주하가점,전북특별자치도 전주시 덕진구 가련산로 10,전북특별자치도 전주시 덕진구 덕진동2가 695-2,35.8406886,127.1105499,063-253-9882,한식,일반음식점,"무엇을 먹을지 고민되신다고요? 전라북도 전주시에 계시다면 ""현대옥(전주하가점)""을 추천합니다! 다국어 메뉴판이 있는 매장입니다.",운영중,True,True,덕진동,official_coordinates,https://www.data.go.kr/data/15076735/fileData.do; 2022-04-01,2022-04-01
412501,강변순대,전북특별자치도 전주시 덕진구 가리내8길 10-6,전북특별자치도 전주시 덕진구 덕진동2가 671-11,35.8439035,127.1108022,063-226-5492,한식,일반음식점,"어디 가야 할지 고민이시라고요? 그럼 전라북도 전주시 맛집, ""강변순대""를 추천합니다! 레드테이블에서 온라인 예약이 가능합니다! 다국어 메뉴판이 있는 매장입니다.",운영중,True,True,덕진동,official_coordinates,https://www.data.go.kr/data/15076735/fileData.do; 2022-04-01,2022-04-01
412503,최동민양푼갈비,전북특별자치도 전주시 덕진구 아중중앙로 22,전북특별자치도 전주시 덕진구 우아동2가 919-9,35.8303097,127.1722944,063-245-8545,한식,일반음식점,"무엇을 먹을지 고민되신다고요? 전라북도 전주시에 계시다면 ""최동민양푼갈비(전주아중1호점)""를 추천합니다! 레드테이블에서 온라인 예약이 가능합니다! 남녀 화장실이 구분되어 있는 매장입니다. 주차공간, 다국어 메뉴판이 있는 매장입니다.",운영중,True,True,우아2동,official_coordinates,https://www.data.go.kr/data/15076735/fileData.do; 2022-04-01,2022-04-01
412513,돈데이송천점,전북특별자치도 전주시 덕진구 용소로 65,전북특별자치도 전주시 덕진구 송천동1가 828-7,35.8636405,127.1154591,063-252-3337,한식,일반음식점,"전라북도 전주시에서 식당을 찾으신다면? ""돈데이(송천점)""를 방문해보세요! 레드테이블에서 온라인 예약이 가능합니다! 다국어 메뉴판이 있는 매장입니다.",운영중,True,True,송천2동,official_coordinates,https://www.data.go.kr/data/15076735/fileData.do; 2022-04-01,2022-04-01
412518,번지농장돌판아구찜 송천점,전북특별자치도 전주시 덕진구 솔내8길 23-12,전북특별자치도 전주시 덕진구 송천동1가 113-1,35.8620706,127.1243491,063-254-2626,한식,일반음식점,"""번지농장돌판아구찜(송천점)""은 전라북도 전주시에 있습니다. 레드테이블에서 온라인 예약이 가능합니다! 남녀 화장실이 구분되어 있는 매장입니다. 배달 가능한 매장입니다. 주차공간, 다국어 메뉴판, 그리고 무선 인터넷이 있는 매장입니다.",운영중,True,True,송천1동,official_coordinates,https://www.data.go.kr/data/15076735/fileData.do; 2022-04-01,2022-04-01
325216,파리바게뜨 서전주점,전북특별자치도 전주시 완산구 거마평로 219,전북특별자치도 전주시 완산구 효자동1가 361-3,35.8118037,127.1140314,063-224-8233,제과점영업,제과점영업,"전라북도 전주시에서 식당을 찾으신다면? ""파리바게뜨(전주점)""를 방문해보세요! 레드테이블에서 온라인 예약이 가능합니다! 배달 가능한 매장입니다. 다국어 메뉴판이 있는 매장입니다.",운영중,True,True,효자3동,official_coordinates,https://www.data.go.kr/data/15076735/fileData.do; 2022-04-01,2022-04-01
412538,닭터닭갈비 전북대점,전북특별자치도 전주시 덕진구 명륜3길 18,전북특별자치도 전주시 덕진구 덕진동1가 1264-1,35.8426545,127.1279414,063-252-6669,한식,일반음식점,"전라북도 전주시에서 식당을 찾으신다면? ""닭터닭갈비(전북대점)""를 방문해보세요! 다국어 메뉴판이 있는 매장입니다.",운영중,True,True,덕진동,official_coordinates,https://www.data.go.kr/data/15076735/fileData.do; 2022-04-01,2022-04-01
412500,김가네 부대찌개,전북특별자치도 전주시 덕진구 백제대로 797,전북특별자치도 전주시 완산구 평화동2가 362-2,35.8479534,127.1555744,063-247-3962,한식,일반음식점,"""김가네부대찌개""는 전라북도 전주시에 있습니다. 레드테이블에서 온라인 예약이 가능합니다! 배달 가능한 매장입니다. 다국어 메뉴판이 있는 매장입니다.",운영중,True,True,우아1동,official_coordinates,https://www.data.go.kr/data/15076735/fileData.do; 2022-04-01,2022-04-01
446015,맥도날드 전주덕진DT점,전북특별자치도 전주시 덕진구 기린대로 503,전북특별자치도 전주시 덕진구 덕진동1가 1401-18,35.8438571,127.1230872,070-7017-6858,일반조리판매,휴게음식점,"전라북도 전주시에서 맛집을 찾으신다면 ""맥도날드(전주덕진DT점)""를 추천합니다. 다국어 메뉴판이 있는 매장입니다.",운영중,True,True,덕진동,official_coordinates,https://www.data.go.kr/data/15076735/fileData.do; 2022-04-01,2022-04-01
445548,부여통닭 전주도청점,전북특별자치도 전주시 완산구 홍산남로 53,전북특별자치도 전주시 완산구 효자동3가 1534-4,35.8160147,127.10784,063-236-5577,한식,일반음식점,"전라북도 전주시에서 가 볼 만한 식당을 찾으신다면? ""부여통닭(전주도청점)""을 추천합니다! 레드테이블에서 온라인 예약이 가능합니다! 남녀 화장실이 구분되어 있는 매장입니다. 배달 가능한 매장입니다. 다국어 메뉴판이 있는 매장입니다.",운영중,True,True,효자5동,official_coordinates,https://www.data.go.kr/data/15076735/fileData.do; 2022-04-01,2022-04-01
445557,수울술,전북특별자치도 전주시 완산구 서곡로 67-1,전북특별자치도 전주시 완산구 효자동3가 1435-8,35.8350448,127.1010174,063-273-4986,한식,일반음식점,"""수울술""을 전라북도 전주시의 가 볼 만한 식당으로 추천합니다! 레드테이블에서 온라인 예약이 가능합니다! 다국어 메뉴판이 있는 매장입니다.",운영중,True,True,효자5동,official_coordinates,https://www.data.go.kr/data/15076735/fileData.do; 2022-04-01,2022-04-01
445640,곱창폭식 전주신시가지점,전북특별자치도 전주시 완산구 홍산북로 70-19 ,전북특별자치도 전주시 완산구 효자동3가 1538-1 ,35.816738,127.1097652,063-221-8895,한식,일반음식점,"전라북도 전주시에서 맛집을 찾으신다면 ""곱창폭식(전주신시가지점)""을 추천합니다. 레드테이블에서 온라인 예약이 가능합니다! 남녀 화장실이 구분되어 있는 매장입니다. 배달 가능한 매장입니다. 주차공간, 다국어 메뉴판, 그리고 무선 인터넷이 있는 매장입니다.",운영중,True,True,효자5동,official_coordinates,https://www.data.go.kr/data/15076735/fileData.do; 2022-04-01,2022-04-01
445641,햇살 도청점,전북특별자치도 전주시 완산구 홍산남로 59,전북특별자치도 전주시 완산구 효자동3가 1534-6,35.8160202,127.1083251,063-227-9494,,일반음식점,"어디 가야 할지 고민이시라고요? 그럼 전라북도 전주시 맛집, ""햇살치킨(도청점)""을 추천합니다! 남녀 화장실이 구분되어 있는 매장입니다. 주차공간, 다국어 메뉴판이 있는 매장입니다.",운영중,True,True,효자5동,official_coordinates,https://www.data.go.kr/data/15076735/fileData.do; 2022-04-01,2022-04-01
445659,한옥청정숯불갈비,전북특별자치도 전주시 완산구 팔달로 157-5,전북특별자치도 전주시 완산구 경원동1가 104-26,35.8162906,127.1471678,063-284-9484,한식,일반음식점,"무엇을 먹을지 고민되신다고요? 전라북도 전주시에 계시다면 ""한옥청정숯불갈비""를 추천합니다! 레드테이블에서 온라인 예약이 가능합니다! 남녀 화장실이 구분되어 있는 매장입니다. 다국어 메뉴판이 있는 매장입니다.",운영중,True,True,풍남동,official_coordinates,https://www.data.go.kr/data/15076735/fileData.do; 2022-04-01,2022-04-01
445664,친친,전북특별자치도 전주시 완산구 홍산중앙로 35,전북특별자치도 전주시 완산구 효자동3가 1535-4,35.816728,127.10878,1877-7735,호프/통닭,일반음식점,"""친친하우스앤조커닭(도청본점)""을 전라북도 전주시의 가 볼 만한 식당으로 추천합니다! 남녀 화장실이 구분되어 있는 매장입니다. 다국어 메뉴판, 무선 인터넷이 있는 매장입니다.",운영중,True,True,효자5동,official_coordinates,https://www.data.go.kr/data/15076735/fileData.do; 2022-04-01,2022-04-01
445665,복돼지감자탕,전북특별자치도 전주시 완산구 홍산북로 45-14,전북특별자치도 전주시 완산구 효자동3가 1529-3,35.8178401,127.1073382,063-225-7766,한식,일반음식점,"전라북도 전주시에서 가 볼 만한 식당을 찾으신다면? ""복돼지감자탕""을 추천합니다! 레드테이블에서 온라인 예약이 가능합니다! 배달 가능한 매장입니다. 다국어 메뉴판이 있는 매장입니다.",운영중,True,True,효자5동,official_coordinates,https://www.data.go.kr/data/15076735/fileData.do; 2022-04-01,2022-04-01
445666,한신포차도청점,전북특별자치도 전주시 완산구 홍산중앙로 40,전북특별자치도 전주시 완산구 효자동3가 1536-2,35.8171134,127.1093234,063-223-0410,호프/통닭,일반음식점,"""한신포차(전북도청점)""는 전라북도 전주시에 있습니다. 레드테이블에서 온라인 예약이 가능합니다! 배달 가능한 매장입니다. 다국어 메뉴판이 있는 매장입니다.",운영중,True,True,효자5동,official_coordinates,https://www.data.go.kr/data/15076735/fileData.do; 2022-04-01,2022-04-01
445668,삼광,전북특별자치도 전주시 완산구 소태정3길 5-4,전북특별자치도 전주시 완산구 효자동2가 1211-3,35.803468,127.1004636,063-222-6664,기타,일반음식점,"무엇을 먹을지 고민되신다고요? 전라북도 전주시에 계시다면 ""삼광""을 추천합니다! 다국어 메뉴판이 있는 매장입니다.",운영중,True,True,효자4동,official_coordinates,https://www.data.go.kr/data/15076735/fileData.do; 2022-04-01,2022-04-01
445624,전주가정식백반,전북특별자치도 전주시 완산구 홍산북로 45-24,전북특별자치도 전주시 완산구 효자동3가 1527-19,35.8181654,127.1069655,063-225-9953,한식,일반음식점,"전라북도 전주시에 가신다면 ""전주가정식""에 방문해보세요~ 레드테이블에서 온라인 예약이 가능합니다! 다국어 메뉴판이 있는 매장입니다.",운영중,True,True,효자5동,official_coordinates,https://www.data.go.kr/data/15076735/fileData.do; 2022-04-01,2022-04-01
445678,누룩꽃피는날 중앙점,전북특별자치도 전주시 완산구 전주객사3길 11-7,전북특별자치도 전주시 완산구 중앙동1가 7-1,35.8175414,127.1420192,063-231-4700,정종/대포집/소주방,일반음식점,"전라북도 전주시에서 맛집을 찾으신다면 ""누룩꽃피는날(중앙점)""을 추천합니다. 레드테이블에서 온라인 예약이 가능합니다! 남녀 화장실이 구분되어 있는 매장입니다. 다국어 메뉴판, 무선 인터넷이 있는 매장입니다.",운영중,True,True,중앙동,official_coordinates,https://www.data.go.kr/data/15076735/fileData.do; 2022-04-01,2022-04-01
445682,춘천닭갈비비비리 전주대점,전북특별자치도 전주시 완산구 후곡길 5-18,전북특별자치도 전주시 완산구 효자동2가 1305-20,35.8092172,127.0949638,063-224-9800,한식,일반음식점,"전라북도 전주시에서 맛집을 찾으신다면 ""춘천닭갈비비비리(전주대점)""를 추천합니다. 레드테이블에서 온라인 예약이 가능합니다! 다국어 메뉴판이 있는 매장입니다.",운영중,True,True,효자4동,official_coordinates,https://www.data.go.kr/data/15076735/fileData.do; 2022-04-01,2022-04-01
445684,도싯골도청점,전북특별자치도 전주시 완산구 홍산북로 83-17,전북특별자치도 전주시 완산구 효자동3가 1528-10,35.8181549,127.1104559,063-283-3392,한식,일반음식점,"전라북도 전주시에서 맛집을 찾으신다면 ""도싯골(도청점)""을 추천합니다. 레드테이블에서 온라인 예약이 가능합니다! 다국어 메뉴판이 있는 매장입니다.",운영중,True,True,효자5동,official_coordinates,https://www.data.go.kr/data/15076735/fileData.do; 2022-04-01,2022-04-01
445687,갈매기야,전북특별자치도 전주시 완산구 삼천천변3길 57,전북특별자치도 전주시 완산구 삼천동1가 285-43,35.7980912,127.1160458,063-236-8892,기타,일반음식점,"""갈매기야""를 전라북도 전주시의 가 볼 만한 식당으로 추천합니다! 레드테이블에서 온라인 예약이 가능합니다! 다국어 메뉴판이 있는 매장입니다.",운영중,True,True,삼천3동,official_coordinates,https://www.data.go.kr/data/15076735/fileData.do; 2022-04-01,2022-04-01
445688,진수곱창,전북특별자치도 전주시 완산구 홍산중앙로 41,전북특별자치도 전주시 완산구 효자동3가 1535-1,35.8173192,127.1087633,063-222-5155,분식,일반음식점,"전라북도 전주시에서 어디를 갈지 고민이라면! ""진수곱창(신시가지점)""에 가보시는 건 어떨까요? 레드테이블에서 온라인 예약이 가능합니다! 배달 가능한 매장입니다. 다국어 메뉴판이 있는 매장입니다.",운영중,True,True,효자5동,official_coordinates,https://www.data.go.kr/data/15076735/fileData.do; 2022-04-01,2022-04-01
445689,더리터 전주고사점,전북특별자치도 전주시 완산구 전주객사4길 44-27,전북특별자치도 전주시 완산구 고사동 192,35.8204679,127.1442928,063-282-8825,한식,일반음식점,"""더리터(전주고사점)""를 전라북도 전주시의 가 볼 만한 식당으로 추천합니다! 다국어 메뉴판이 있는 매장입니다.",운영중,True,True,중앙동,official_coordinates,https://www.data.go.kr/data/15076735/fileData.do; 2022-04-01,2022-04-01
445693,예닮가,전북특별자치도 전주시 완산구 홍산중앙로 47,전북특별자치도 전주시 완산구 효자동3가 1527-10,35.8178974,127.1087716,063-237-5910,한식,일반음식점,"전라북도 전주시에서 가 볼 만한 식당을 찾으신다면? ""예닮가(본점)""를 추천합니다! 레드테이블에서 온라인 예약이 가능합니다! 배달 가능한 매장입니다. 다국어 메뉴판이 있는 매장입니다.",운영중,True,True,효자5동,official_coordinates,https://www.data.go.kr/data/15076735/fileData.do; 2022-04-01,2022-04-01
445696,황금옥,전북특별자치도 전주시 완산구 맏내2길 5-4,전북특별자치도 전주시 완산구 평화동2가 851-7,35.7914399,127.1307651,063-226-5115,한식,일반음식점,"무엇을 먹을지 고민되신다고요? 전라북도 전주시에 계시다면 ""황금옥(본점)""을 추천합니다! 레드테이블에서 온라인 예약이 가능합니다! 반려동물 입장이 가능하고, 남녀 화장실이 구분되어 있으며 배리어프리 매장입니다. 주차공간, 다국어 메뉴판, 그리고 무선 인터넷이 있는 매장입니다.",운영중,True,True,평화2동,official_coordinates,https://www.data.go.kr/data/15076735/fileData.do; 2022-04-01,2022-04-01
445679,또봉이통닭 서신점,전북특별자치도 전주시 완산구 고사평2길 10-1,전북특별자치도 전주시 완산구 서신동 958-6,35.8342259,127.1105639,063-253-2390,호프/통닭,일반음식점,"""또봉이통닭(전북전주서신점)""은 전라북도 전주시에 있습니다. 레드테이블에서 온라인 예약이 가능합니다! 배달 가능한 매장입니다. 다국어 메뉴판이 있는 매장입니다.",운영중,True,True,서신동,official_coordinates,https://www.data.go.kr/data/15076735/fileData.do; 2022-04-01,2022-04-01
445554,참국수,전북특별자치도 전주시 완산구 홍산남로 14,전북특별자치도 전주시 완산구 효자동2가 1242-1,35.815573,127.103253,063-236-7923,분식,일반음식점,"전라북도 전주시에서 식당을 찾으신다면? ""참국수(효자점)""를 방문해보세요! 레드테이블에서 온라인 예약이 가능합니다! 다국어 메뉴판이 있는 매장입니다.",운영중,True,True,효자5동,official_coordinates,https://www.data.go.kr/data/15076735/fileData.do; 2022-04-01,2022-04-01
445622,짝태포차,전북특별자치도 전주시 완산구 우전2길 71 1층,전북특별자치도 전주시 완산구 효자동2가 1329-2,35.810478,127.1067512,,호프/통닭,일반음식점,"어디 가야 할지 고민이시라고요? 그럼 전라북도 전주시 맛집, ""짝태포차""를 추천합니다! 레드테이블에서 온라인 예약이 가능합니다! 다국어 메뉴판이 있는 매장입니다.",운영중,True,True,효자4동,official_coordinates,https://www.data.go.kr/data/15076735/fileData.do; 2022-04-01,2022-04-01
445609,엄마밥상,전북특별자치도 전주시 완산구 감나무4길 2-5(서신동),전북특별자치도 전주시 덕진구 만성동 1366-8,35.8317842,127.1221145,063-276-8700,뷔페식,일반음식점,"어디 가야 할지 고민이시라고요? 그럼 전라북도 전주시 맛집, ""엄마밥상""을 추천합니다! 레드테이블에서 온라인 예약이 가능합니다! 다국어 메뉴판이 있는 매장입니다.",운영중,True,True,서신동,official_coordinates,https://www.data.go.kr/data/15076735/fileData.do; 2022-04-01,2022-04-01
445558,써니네집 본점,전북특별자치도 전주시 완산구 홍산4길 10 2층,전북특별자치도 전주시 완산구 효자동3가 1528-3,35.8183075,127.1099654,063-225-1817,한식,일반음식점,"""써니네집(본점)""은 전라북도 전주시에 있습니다. 레드테이블에서 온라인 예약이 가능합니다! 배달 가능한 매장입니다. 다국어 메뉴판이 있는 매장입니다.",운영중,True,True,효자5동,official_coordinates,https://www.data.go.kr/data/15076735/fileData.do; 2022-04-01,2022-04-01
445559,누룩꽃피는날 전주도청점,전북특별자치도 전주시 완산구 홍산중앙로 35 2층,전북특별자치도 전주시 완산구 효자동3가 1535-4,35.8167245,127.1087283,,한식,일반음식점,"무엇을 먹을지 고민되신다고요? 전라북도 전주시에 계시다면 ""누룩꽃피는날(전주도청점)""을 추천합니다! 레드테이블에서 온라인 예약이 가능합니다! 남녀 화장실이 구분되어 있는 매장입니다. 배달 가능한 매장입니다. 주차공간, 다국어 메뉴판이 있는 매장입니다.",운영중,True,True,효자5동,official_coordinates,https://www.data.go.kr/data/15076735/fileData.do; 2022-04-01,2022-04-01
445561,빅맨,전북특별자치도 전주시 완산구 홍산중앙로 35,전북특별자치도 전주시 완산구 효자동3가 1535-4,35.816728,127.10878,063-224-7775,한식,일반음식점,"전라북도 전주시에서 맛집을 찾으신다면 ""빅맨""을 추천합니다. 남녀 화장실이 구분되어 있는 매장입니다. 다국어 메뉴판, 무선 인터넷이 있는 매장입니다.",운영중,True,True,효자5동,official_coordinates,https://www.data.go.kr/data/15076735/fileData.do; 2022-04-01,2022-04-01
445564,돈대박,전북특별자치도 전주시 완산구 천경로 35 1층,전북특별자치도 전주시 완산구 동서학동 86-5 1층,35.8096784,127.1530735,063-231-5607,한식,일반음식점,"무엇을 먹을지 고민되신다고요? 전라북도 전주시에 계시다면 ""돈대박""을 추천합니다! 레드테이블에서 온라인 예약이 가능합니다! 다국어 메뉴판이 있는 매장입니다.",운영중,True,True,동서학동,official_coordinates,https://www.data.go.kr/data/15076735/fileData.do; 2022-04-01,2022-04-01
445568,진주도가,전북특별자치도 전주시 완산구 전라감영3길 13-5,전북특별자치도 전주시 완산구 중앙동1가 61-3,35.8161812,127.1430107,063-287-3392,한식,일반음식점,"전라북도 전주시에서 가 볼 만한 식당을 찾으신다면? ""진주도가""를 추천합니다! 주차공간, 다국어 메뉴판, 그리고 무선 인터넷이 있는 매장입니다.",운영중,True,True,중앙동,official_coordinates,https://www.data.go.kr/data/15076735/fileData.do; 2022-04-01,2022-04-01
445575,현대옥 전주효자홈플러스점,전북특별자치도 전주시 완산구 거마평로 169,전북특별자치도 전주시 완산구 효자동1가 518-69,35.807598,127.1160654,063-227-2626,한식,일반음식점,"전라북도 전주시에서 식당을 찾으신다면? ""현대옥(전주효자홈플러스점)""을 방문해보세요! 레드테이블에서 온라인 예약이 가능합니다! 배달 가능한 매장입니다. 다국어 메뉴판이 있는 매장입니다.",운영중,True,True,효자3동,official_coordinates,https://www.data.go.kr/data/15076735/fileData.do; 2022-04-01,2022-04-01
445578,원조황소곱창,전북특별자치도 전주시 완산구 노송여울1길 57,전북특별자치도 전주시 완산구 태평동 3-3,35.8268114,127.1419389,063-277-4758,한식,일반음식점,"전라북도 전주시에서 식당을 찾으신다면? ""원조황소곱창""을 방문해보세요! 다국어 메뉴판이 있는 매장입니다.",운영중,True,True,노송동,official_coordinates,https://www.data.go.kr/data/15076735/fileData.do; 2022-04-01,2022-04-01
445620,라노타,전북특별자치도 전주시 완산구 충경로 18-55,전북특별자치도 전주시 완산구 중앙동1가 50-8,35.8160962,127.1419099,070-4132-1112,,일반음식점,"""라노타""는 전라북도 전주시에 있습니다. 레드테이블에서 온라인 예약이 가능합니다! 다국어 메뉴판이 있는 매장입니다.",운영중,True,True,중앙동,official_coordinates,https://www.data.go.kr/data/15076735/fileData.do; 2022-04-01,2022-04-01
445588,신포우리만두서곡점,전북특별자치도 전주시 완산구 세내로 534,전북특별자치도 전주시 완산구 효자동3가 1463-3,35.833507,127.1007514,063-272-4222,분식,일반음식점,"전라북도 전주시에서 어디를 갈지 고민이라면! ""신포우리만두(서곡점)""에 가보시는 건 어떨까요? 레드테이블에서 온라인 예약이 가능합니다! 반려동물 입장이 가능한 매장입니다. 배달 가능한 매장입니다. 다국어 메뉴판이 있는 매장입니다.",운영중,True,True,효자5동,official_coordinates,https://www.data.go.kr/data/15076735/fileData.do; 2022-04-01,2022-04-01
445596,봉구스밥버거 경원점,전북특별자치도 전주시 완산구 팔달로 185-1,전북특별자치도 전주시 완산구 경원동1가 56-2,35.8189698,127.1465404,063-231-0888,한식,일반음식점,"전라북도 전주시에 가신다면 ""봉구스밥버거(경원점)""에 방문해보세요~ 배달 가능한 매장입니다. 다국어 메뉴판이 있는 매장입니다.",운영중,True,True,중앙동,official_coordinates,https://www.data.go.kr/data/15076735/fileData.do; 2022-04-01,2022-04-01
445599,송원정,전북특별자치도 전주시 완산구 소태정4길 19-4,전북특별자치도 전주시 완산구 효자동2가 1323-5,35.805269,127.1024083,063-222-6013,한식,일반음식점,"""송원정""을 전라북도 전주시의 가 볼 만한 식당으로 추천합니다! 레드테이블에서 온라인 예약이 가능합니다! 다국어 메뉴판이 있는 매장입니다.",운영중,True,True,효자4동,official_coordinates,https://www.data.go.kr/data/15076735/fileData.do; 2022-04-01,2022-04-01
445601,가막골생국수,전북특별자치도 전주시 완산구 서곡2길 25,전북특별자치도 전주시 완산구 효자동3가 1445-6,35.8336568,127.1032537,,분식,일반음식점,"전라북도 전주시에서 가 볼 만한 식당을 찾으신다면? ""가막골생국수(서곡점)""를 추천합니다! 레드테이블에서 온라인 예약이 가능합니다! 다국어 메뉴판이 있는 매장입니다.",운영중,True,True,효자5동,official_coordinates,https://www.data.go.kr/data/15076735/fileData.do; 2022-04-01,2022-04-01
445602,꽃마차살롱,전북특별자치도 전주시 완산구 척동4길 15-2,전북특별자치도 전주시 완산구 효자동3가 1642-29,35.822325,127.1016598,063-221-5902,경양식,일반음식점,"전라북도 전주시에서 어디를 갈지 고민이라면! ""꽃길포차""에 가보시는 건 어떨까요? 다국어 메뉴판이 있는 매장입니다.",운영중,True,True,효자5동,official_coordinates,https://www.data.go.kr/data/15076735/fileData.do; 2022-04-01,2022-04-01
445605,전주성,전북특별자치도 전주시 완산구 마전1길 18-4,전북특별자치도 전주시 완산구 효자동3가 1647-11,35.8217798,127.102688,063-252-3939,한식,일반음식점,"""전주성""은 전라북도 전주시에 있습니다. 지방자치단체 인증을 받은 농림축산식품부 제공 안심식당입니다. 레드테이블에서 온라인 예약이 가능합니다! 다국어 메뉴판이 있는 매장입니다.",운영중,True,True,효자5동,official_coordinates,https://www.data.go.kr/data/15076735/fileData.do; 2022-04-01,2022-04-01
445606,가장맛있는족발 전주도청점,전북특별자치도 전주시 완산구 홍산북로 84-22,전북특별자치도 전주시 완산구 효자동3가 1538-4,35.8167742,127.1108861,063-226-5849,경양식,일반음식점,"전라북도 전주시에서 가 볼 만한 식당을 찾으신다면? ""가장맛있는족발(전주도청점)""을 추천합니다! 배달 가능한 매장입니다. 다국어 메뉴판이 있는 매장입니다.",운영중,True,True,효자5동,official_coordinates,https://www.data.go.kr/data/15076735/fileData.do; 2022-04-01,2022-04-01
445608,청하반점 신시가지점,전북특별자치도 전주시 완산구 천잠로 253,전북특별자치도 전주시 완산구 효자동2가 1065-12,35.8093638,127.0940235,063-221-6625,중국식,일반음식점,"전라북도 전주시에 가신다면 ""청하반점(신시가지점)""에 방문해보세요~ 레드테이블에서 온라인 예약이 가능합니다! 반려동물 입장이 가능한 매장입니다. 배달 가능한 매장입니다. 다국어 메뉴판이 있는 매장입니다.",운영중,True,True,효자4동,official_coordinates,https://www.data.go.kr/data/15076735/fileData.do; 2022-04-01,2022-04-01
445592,일등낙지 전주본점,전북특별자치도 전주시 완산구 홍산남로 59 일등낙지,전북특별자치도 전주시 완산구 효자동3가 1534-6,35.8160202,127.1083251,063-222-5851,경양식,일반음식점,"전라북도 전주시에서 식당을 찾으신다면? ""일등낙지(전북본점)""를 방문해보세요! 레드테이블에서 온라인 예약이 가능합니다! 남녀 화장실이 구분되어 있는 매장입니다. 주차공간, 다국어 메뉴판, 그리고 무선 인터넷이 있는 매장입니다.",운영중,True,True,효자5동,official_coordinates,https://www.data.go.kr/data/15076735/fileData.do; 2022-04-01,2022-04-01
865358,33떡볶이 전주금암점,전북특별자치도 전주시 덕진구 기린대로 364-31,전북특별자치도 전주시 덕진구 금암동 741-4,35.837602,127.1332358,063-903-3356,기타 휴게음식점,휴게음식점,"전라북도 전주시에서 어디를 갈지 고민이라면! ""33떡볶이(전주금암점)""에 가보시는 건 어떨까요? 레드테이블에서 온라인 예약이 가능합니다! 배달 가능한 매장입니다. 키오스크, 다국어 메뉴판이 있는 매장입니다.",운영중,True,True,금암1동,official_coordinates,https://www.data.go.kr/data/15076735/fileData.do; 2022-04-01,2022-04-01
865293,장충동족발,전북특별자치도 전주시 완산구 따박골2길 9,전북특별자치도 전주시 완산구 중화산동2가 543-1,35.8110282,127.1248118,063-225-5882,,,"전라북도 전주시에서 식당을 찾으신다면? ""장충동족발""을 방문해보세요!",운영중,True,True,중화산1동,official_coordinates,https://www.data.go.kr/data/15076735/fileData.do; 2022-04-01,2022-04-01
455474,익산닭집,전북특별자치도 전주시 완산구 효동2길 13,전북특별자치도 전주시 완산구 효자동1가 203-4,35.8050749,127.1272316,063-224-6545,닭요리,,"어디 가야 할지 고민이시라고요? 그럼 전라북도 전주시 맛집, ""익산닭집""을 추천합니다!",운영중,True,True,효자1동,official_coordinates,https://www.data.go.kr/data/15076735/fileData.do; 2022-04-01,2022-04-01
486162,남경횟집,전북특별자치도 전주시 덕진구 가리내6길 8,전북특별자치도 전주시 덕진구 덕진동2가 665-8,35.8449367,127.1109468,063-901-9555,회집,일반음식점,"어디 가야 할지 고민이시라고요? 그럼 전라북도 전주시 맛집, ""남경횟집""을 추천합니다! 네이버 온라인 예약이 가능합니다! 주차공간, 다국어 메뉴판, 그리고 무선 인터넷이 있는 매장입니다.",운영중,True,True,덕진동,official_coordinates,https://www.data.go.kr/data/15076735/fileData.do; 2022-04-01,2022-04-01
486179,대왕핫도그,전북특별자치도 전주시 덕진구 편운로 13,전북특별자치도 전주시 완산구 서신동 849-6,35.871406,127.0780621,,호프/통닭,일반음식점,"전라북도 전주시에서 맛집을 찾으신다면 ""대왕핫도그""를 추천합니다. 레드테이블에서 온라인 예약이 가능합니다! 다국어 메뉴판이 있는 매장입니다.",운영중,True,True,여의동,official_coordinates,https://www.data.go.kr/data/15076735/fileData.do; 2022-04-01,2022-04-01
486184,조은가맥포차,전북특별자치도 전주시 덕진구 송천로 63,전북특별자치도 전주시 덕진구 송천동1가 429-9,35.8588546,127.1177575,063-252-6058,한식,일반음식점,"""조은가맥포차""를 전라북도 전주시의 가 볼 만한 식당으로 추천합니다! 레드테이블에서 온라인 예약이 가능합니다! 다국어 메뉴판이 있는 매장입니다.",운영중,True,True,송천2동,official_coordinates,https://www.data.go.kr/data/15076735/fileData.do; 2022-04-01,2022-04-01
486186,홍대돈가스,전북특별자치도 전주시 덕진구 가리내10길 10,전북특별자치도 전주시 덕진구 덕진동2가 678-5,35.8424635,127.1110377,063-251-6785,경양식,일반음식점,"전라북도 전주시에서 식당을 찾으신다면? ""홍대돈까스""를 방문해보세요! 레드테이블에서 온라인 예약이 가능합니다! 다국어 메뉴판이 있는 매장입니다.",운영중,True,True,덕진동,official_coordinates,https://www.data.go.kr/data/15076735/fileData.do; 2022-04-01,2022-04-01
486191,국수나무전주동산점,전북특별자치도 전주시 덕진구 편운로 22,전북특별자치도 전주시 완산구 평화동1가 727-5,35.8713761,127.078653,063-214-7711,분식,일반음식점,"전라북도 전주시에서 가 볼 만한 식당을 찾으신다면? ""국수나무(전주동산점)""를 추천합니다! 레드테이블에서 온라인 예약이 가능합니다! 배달 가능한 매장입니다. 주차공간, 다국어 메뉴판이 있는 매장입니다.",운영중,True,True,여의동,official_coordinates,https://www.data.go.kr/data/15076735/fileData.do; 2022-04-01,2022-04-01
486194,황금닭발,전북특별자치도 전주시 덕진구 가리내7길 7,전북특별자치도 전주시 덕진구 덕진동2가 671-2,35.8445462,127.1109796,063-276-6267,식육(숯불구이),일반음식점,"전라북도 전주시에서 가 볼 만한 식당을 찾으신다면? ""황금닭발""을 추천합니다! 레드테이블에서 온라인 예약이 가능합니다! 배달 가능한 매장입니다. 다국어 메뉴판이 있는 매장입니다.",운영중,True,True,덕진동,official_coordinates,https://www.data.go.kr/data/15076735/fileData.do; 2022-04-01,2022-04-01
486195,충만치킨 하가점,전북특별자치도 전주시 덕진구 가리내8길 10-7,전북특별자치도 전주시 덕진구 덕진동2가 670-5,35.8440364,127.1104739,050-4054-4054,,일반음식점,"전라북도 전주시에서 맛집을 찾으신다면 ""충만치킨(하가점)""을 추천합니다. 배달 가능한 매장입니다. 다국어 메뉴판이 있는 매장입니다.",운영중,True,True,덕진동,official_coordinates,https://www.data.go.kr/data/15076735/fileData.do; 2022-04-01,2022-04-01
486158,바다횟집,전북특별자치도 전주시 덕진구 붓내3길 6 2층,전북특별자치도 전주시 덕진구 송천동2가 523-11,35.8665119,127.1220806,063-274-2001,회집,일반음식점,"전라북도 전주시에서 식당을 찾으신다면? ""바다횟집""을 방문해보세요! 위생 수준이 우수하고 친절한 서비스로 지방자치단체의 선정을 받은 모범음식점입니다. 지방자치단체 인증을 받은 농림축산식품부 제공 안심식당입니다. 레드테이블에서 온라인 예약이 가능합니다! 남녀 화장실이 구분되어 있는 매장입니다. 주차공간, 다국어 메뉴판이 있는 매장입니다.",운영중,True,True,송천1동,official_coordinates,https://www.data.go.kr/data/15076735/fileData.do; 2022-04-01,2022-04-01
486199,얌스 전주덕진금암점,전북특별자치도 전주시 덕진구 기린대로 400-5,전북특별자치도 전주시 덕진구 금암동 471-17,35.8381368,127.1324063,063-271-8008,분식,일반음식점,"전라북도 전주시에 가신다면 ""얌스(전주덕진금암점)""에 방문해보세요~ 레드테이블에서 온라인 예약이 가능합니다! 남녀 화장실이 구분되어 있는 매장입니다. 배달 가능한 매장입니다. 다국어 메뉴판, 무선 인터넷이 있는 매장입니다.",운영중,True,True,금암1동,official_coordinates,https://www.data.go.kr/data/15076735/fileData.do; 2022-04-01,2022-04-01
486210,금암동태마을,전북특별자치도 전주시 덕진구 전주천동로 494,전북특별자치도 전주시 덕진구 우아동3가 746-64,35.83626,127.1305555,063-242-5252,한식,일반음식점,"""금암동태마을""은 전라북도 전주시에 있습니다. 위생 수준이 우수하고 친절한 서비스로 지방자치단체의 선정을 받은 모범음식점입니다. 지방자치단체 인증을 받은 농림축산식품부 제공 안심식당입니다. 레드테이블에서 온라인 예약이 가능합니다! 다국어 메뉴판이 있는 매장입니다.",운영중,True,True,금암1동,official_coordinates,https://www.data.go.kr/data/15076735/fileData.do; 2022-04-01,2022-04-01
486220,홍익돈까스 호성점,전북특별자치도 전주시 덕진구 동부대로 849,전북특별자치도 전주시 덕진구 호성동1가 587-26,35.8622443,127.1508792,063-242-9078,경양식,일반음식점,"전라북도 전주시에서 어디를 갈지 고민이라면! ""홍익돈까스(전주호성점)""에 가보시는 건 어떨까요? 레드테이블에서 온라인 예약이 가능합니다! 다국어 메뉴판이 있는 매장입니다.",운영중,True,True,호성동,official_coordinates,https://www.data.go.kr/data/15076735/fileData.do; 2022-04-01,2022-04-01
486222,교동김밥,전북특별자치도 전주시 덕진구 백제대로 829,전북특별자치도 전주시 완산구 평화동1가 730-1,35.8490896,127.158882,063-244-3090,한식,일반음식점,"어디 가야 할지 고민이시라고요? 그럼 전라북도 전주시 맛집, ""교동김밥""을 추천합니다! 레드테이블에서 온라인 예약이 가능합니다! 배달 가능한 매장입니다. 다국어 메뉴판이 있는 매장입니다.",운영중,True,True,우아1동,official_coordinates,https://www.data.go.kr/data/15076735/fileData.do; 2022-04-01,2022-04-01
486231,피자스쿨하가지구점,전북특별자치도 전주시 덕진구 가련산로 17(1동 101호 덕진동2가),전북특별자치도 전주시 완산구 전동3가 2-242,35.8416404,127.1106171,063-255-3853,패스트푸드,휴게음식점,"어디 가야 할지 고민이시라고요? 그럼 전라북도 전주시 맛집, ""피자스쿨(전주하가지구점)""을 추천합니다! 레드테이블에서 온라인 예약이 가능합니다! 배달 가능한 매장입니다. 다국어 메뉴판이 있는 매장입니다.",운영중,True,True,덕진동,official_coordinates,https://www.data.go.kr/data/15076735/fileData.do; 2022-04-01,2022-04-01
486233,드롭탑 전주공항 터미널점,전북특별자치도 전주시 덕진구 가리내로 21,전북특별자치도 전주시 덕진구 금암동 459-4,35.8340428,127.1336052,063-274-1009,커피숍,휴게음식점,"어디 가야 할지 고민이시라고요? 그럼 전라북도 전주시 맛집, ""카페드롭탑(전주공항터미널점)""을 추천합니다! 레드테이블에서 온라인 예약이 가능합니다! 배달 가능한 매장입니다. 다국어 메뉴판이 있는 매장입니다.",운영중,True,True,금암1동,official_coordinates,https://www.data.go.kr/data/15076735/fileData.do; 2022-04-01,2022-04-01
486234,카페 비아노,전북특별자치도 전주시 덕진구 가리내8길 13,전북특별자치도 전주시 덕진구 덕진동2가 673-6,35.8433352,127.1103165,063-274-5125,커피숍,휴게음식점,"전라북도 전주시에서 어디를 갈지 고민이라면! ""카페비아노""에 가보시는 건 어떨까요? 레드테이블에서 온라인 예약이 가능합니다! 배달 가능한 매장입니다. 다국어 메뉴판이 있는 매장입니다.",운영중,True,True,덕진동,official_coordinates,https://www.data.go.kr/data/15076735/fileData.do; 2022-04-01,2022-04-01
486241,설빙 인후점,전북특별자치도 전주시 덕진구 무삼지로 83 2층,전북특별자치도 전주시 덕진구 인후동1가 842-4,35.8328905,127.1625712,063-241-9755,커피숍,휴게음식점,"전라북도 전주시에서 맛집을 찾으신다면 ""설빙(인후점)""을 추천합니다. 레드테이블에서 온라인 예약이 가능합니다! 배달 가능한 매장입니다. 다국어 메뉴판이 있는 매장입니다.",운영중,True,True,인후3동,official_coordinates,https://www.data.go.kr/data/15076735/fileData.do; 2022-04-01,2022-04-01
486205,이비가짬뽕 금암점,전북특별자치도 전주시 덕진구 기린대로 382,전북특별자치도 전주시 덕진구 금암동 470-13,35.8368202,127.1337353,063-277-5111,중국식,일반음식점,"전라북도 전주시에서 가 볼 만한 식당을 찾으신다면? ""이비가짬뽕(금암점)""을 추천합니다! 레드테이블에서 온라인 예약이 가능합니다! 다국어 메뉴판이 있는 매장입니다.",운영중,True,True,금암1동,official_coordinates,https://www.data.go.kr/data/15076735/fileData.do; 2022-04-01,2022-04-01
486242,설빙전주송천점,전북특별자치도 전주시 덕진구 천마산로 73,전북특별자치도 전주시 덕진구 송천동2가 179-40,35.8654057,127.1294579,063-274-6181,커피숍,휴게음식점,"전라북도 전주시에서 식당을 찾으신다면? ""설빙(전주송천점)""을 방문해보세요! 배달 가능한 매장입니다. 다국어 메뉴판이 있는 매장입니다.",운영중,True,True,송천1동,official_coordinates,https://www.data.go.kr/data/15076735/fileData.do; 2022-04-01,2022-04-01
486149,홍익궁중전통육개장 덕진점,전북특별자치도 전주시 덕진구 송천중앙로 12 1층,전북특별자치도 전주시 덕진구 덕진동2가 192-1,35.8484823,127.1192631,063-251-6676,한식,일반음식점,"전라북도 전주시에 가신다면 ""홍익궁중전통육개장(덕진점)""에 방문해보세요~ 배달 가능한 매장입니다. 다국어 메뉴판이 있는 매장입니다.",운영중,True,True,덕진동,official_coordinates,https://www.data.go.kr/data/15076735/fileData.do; 2022-04-01,2022-04-01
486145,달콤떡볶이,전북특별자치도 전주시 덕진구 편운로 6,전북특별자치도 전주시 덕진구 중동 777-3,35.8708288,127.0770367,063-213-8959,분식,일반음식점,"전라북도 전주시에서 가 볼 만한 식당을 찾으신다면? ""달콤 떡볶이""를 추천합니다! 레드테이블에서 온라인 예약이 가능합니다! 배달 가능한 매장입니다. 다국어 메뉴판이 있는 매장입니다.",운영중,True,True,여의동,official_coordinates,https://www.data.go.kr/data/15076735/fileData.do; 2022-04-01,2022-04-01
486014,할리스커피 전주시네마점,전북특별자치도 전주시 완산구 전주객사3길 67 전주시네마타운,전북특별자치도 전주시 완산구 고사동 340-3,35.8202715,127.1413837,063-232-2240,커피숍,휴게음식점,"전라북도 전주시에서 어디를 갈지 고민이라면! ""할리스(전주시네마점)""에 가보시는 건 어떨까요? 레드테이블에서 온라인 예약이 가능합니다! 남녀 화장실이 구분되어 있는 매장입니다. 다국어 메뉴판, 무선 인터넷이 있는 매장입니다.",운영중,True,True,중앙동,official_coordinates,https://www.data.go.kr/data/15076735/fileData.do; 2022-04-01,2022-04-01
486016,로미루미,전북특별자치도 전주시 완산구 풍남문2길 41,전북특별자치도 전주시 완산구 전동 303-3,35.8132334,127.1471342,063-285-8123,기타 휴게음식점,휴게음식점,"전라북도 전주시에서 어디를 갈지 고민이라면! ""로미루미""에 가보시는 건 어떨까요? 레드테이블에서 온라인 예약이 가능합니다! 반려동물 입장이 가능한 매장입니다. 다국어 메뉴판이 있는 매장입니다.",운영중,True,True,풍남동,official_coordinates,https://www.data.go.kr/data/15076735/fileData.do; 2022-04-01,2022-04-01
486020,파오파오 직영점,전북특별자치도 전주시 완산구 거마평로 170,전북특별자치도 전주시 완산구 효자동1가 388,35.8077262,127.1164127,063-222-9198,기타 휴게음식점,휴게음식점,"""파오파오(직영점)""는 전라북도 전주시에 있습니다. 레드테이블에서 온라인 예약이 가능합니다! 배달 가능한 매장입니다. 다국어 메뉴판이 있는 매장입니다.",운영중,True,True,효자2동,official_coordinates,https://www.data.go.kr/data/15076735/fileData.do; 2022-04-01,2022-04-01
486031,BUNKERSCOFFEE,전북특별자치도 전주시 완산구 충경로 22,전북특별자치도 전주시 완산구 중앙동1가 36-13,35.8168678,127.1417835,063-288-7237,커피숍,휴게음식점,"전라북도 전주시에서 가 볼 만한 식당을 찾으신다면? ""벙커스커피""를 추천합니다! 주차공간, 다국어 메뉴판, 그리고 무선 인터넷이 있는 매장입니다.",운영중,True,True,중앙동,official_coordinates,https://www.data.go.kr/data/15076735/fileData.do; 2022-04-01,2022-04-01
486032,유난희김밥,전북특별자치도 전주시 완산구 봉곡1길 4-6,전북특별자치도 전주시 완산구 효자동3가 1734-3,35.8128905,127.0972128,063-222-1445,기타 휴게음식점,휴게음식점,"전라북도 전주시에 가신다면 ""유난희김밥""에 방문해보세요~ 레드테이블에서 온라인 예약이 가능합니다! 다국어 메뉴판이 있는 매장입니다.",운영중,True,True,효자4동,official_coordinates,https://www.data.go.kr/data/15076735/fileData.do; 2022-04-01,2022-04-01
486034,카페띠아모 전주한옥마을점,전북특별자치도 전주시 완산구 풍남문2길 45,전북특별자치도 전주시 완산구 전동 303-7,35.8131825,127.1469239,063-288-8240,커피숍,휴게음식점,"전라북도 전주시에서 어디를 갈지 고민이라면! ""띠아모커피(전주한옥마을점)""에 가보시는 건 어떨까요? 레드테이블에서 온라인 예약이 가능합니다! 다국어 메뉴판이 있는 매장입니다.",운영중,True,True,풍남동,official_coordinates,https://www.data.go.kr/data/15076735/fileData.do; 2022-04-01,2022-04-01
486076,36.5도,전북특별자치도 전주시 덕진구 건지2길 13-3,전북특별자치도 전주시 덕진구 금암동 1592-29,35.8443555,127.1408251,,,일반음식점,"""36.5카페""는 전라북도 전주시에 있습니다. 레드테이블에서 온라인 예약이 가능합니다! 다국어 메뉴판이 있는 매장입니다.",운영중,True,True,금암2동,official_coordinates,https://www.data.go.kr/data/15076735/fileData.do; 2022-04-01,2022-04-01
486146,훈희국수,전북특별자치도 전주시 덕진구 우아8길 8,전북특별자치도 전주시 완산구 삼천동1가 284-6,35.8506398,127.1568474,063-247-1275,중국식,일반음식점,"전라북도 전주시에서 가 볼 만한 식당을 찾으신다면? ""훈희국수""를 추천합니다! 레드테이블에서 온라인 예약이 가능합니다! 다국어 메뉴판이 있는 매장입니다.",운영중,True,True,우아1동,official_coordinates,https://www.data.go.kr/data/15076735/fileData.do; 2022-04-01,2022-04-01
486084,비어스토어,전북특별자치도 전주시 덕진구 가리내7길 9,전북특별자치도 전주시 덕진구 덕진동2가 671-1,35.8445313,127.1107614,,일식,일반음식점,"""비어스토어""를 전라북도 전주시의 가 볼 만한 식당으로 추천합니다! 다국어 메뉴판이 있는 매장입니다.",운영중,True,True,덕진동,official_coordinates,https://www.data.go.kr/data/15076735/fileData.do; 2022-04-01,2022-04-01
486094,로꼬꼬111,전북특별자치도 전주시 덕진구 명륜3길 22,전북특별자치도 전주시 덕진구 금암동 1312-28,35.8424511,127.1287581,063-272-9111,호프/통닭,일반음식점,"무엇을 먹을지 고민되신다고요? 전라북도 전주시에 계시다면 ""로꼬꼬111""을 추천합니다! 레드테이블에서 온라인 예약이 가능합니다! 다국어 메뉴판이 있는 매장입니다.",운영중,True,True,덕진동,official_coordinates,https://www.data.go.kr/data/15076735/fileData.do; 2022-04-01,2022-04-01
486098,초마초마,전북특별자치도 전주시 덕진구 천마산로 63,전북특별자치도 전주시 덕진구 송천동2가 202-60,35.8648425,127.1281112,063-275-2756,중국식,일반음식점,"전라북도 전주시에서 어디를 갈지 고민이라면! ""초마초마""에 가보시는 건 어떨까요? 다국어 메뉴판, 무선 인터넷이 있는 매장입니다.",운영중,True,True,송천1동,official_coordinates,https://www.data.go.kr/data/15076735/fileData.do; 2022-04-01,2022-04-01
486109,걸작떡볶이치킨송천점,전북특별자치도 전주시 덕진구 붓내4길 8,전북특별자치도 전주시 완산구 평화동2가 312-6,35.8676224,127.1221265,063-271-2821,호프/통닭,일반음식점,"전라북도 전주시에서 맛집을 찾으신다면 ""걸작떡볶이치킨(전주송천점)""을 추천합니다. 레드테이블에서 온라인 예약이 가능합니다! 배달 가능한 매장입니다. 다국어 메뉴판이 있는 매장입니다.",운영중,True,True,송천1동,official_coordinates,https://www.data.go.kr/data/15076735/fileData.do; 2022-04-01,2022-04-01
486112,또봉이통닭 전북전주송천점,,전북특별자치도 전주시 덕진구 송천동1가 342,35.8544991,127.1186225,063-275-9971,,일반음식점,"어디 가야 할지 고민이시라고요? 그럼 전라북도 전주시 맛집, ""또봉이통닭(송천점)""을 추천합니다! 다국어 메뉴판이 있는 매장입니다.",운영중,True,True,송천2동,official_coordinates,https://www.data.go.kr/data/15076735/fileData.do; 2022-04-01,2022-04-01
486123,청돈참숯구이,전북특별자치도 전주시 완산구 동문길 36,전북특별자치도 전주시 완산구 풍남동2가 21-4,35.8427722,127.1106064,063-251-1141,분식,일반음식점,"어디 가야 할지 고민이시라고요? 그럼 전라북도 전주시 맛집, ""청돈참숯구이(본점)""를 추천합니다! 레드테이블에서 온라인 예약이 가능합니다! 남녀 화장실이 구분되어 있는 매장입니다. 다국어 메뉴판, 무선 인터넷이 있는 매장입니다.",운영중,True,True,덕진동,official_coordinates,https://www.data.go.kr/data/15076735/fileData.do; 2022-04-01,2022-04-01
486132,연어이야기,전북특별자치도 전주시 덕진구 가리내8길 10-7,전북특별자치도 전주시 덕진구 덕진동2가 670-5,35.8440364,127.1104739,063-272-5567,일식,일반음식점,"어디 가야 할지 고민이시라고요? 그럼 전라북도 전주시 맛집, ""연어이야기(하가점)""를 추천합니다! 레드테이블에서 온라인 예약이 가능합니다! 남녀 화장실이 구분되어 있는 매장입니다. 배달 가능한 매장입니다. 다국어 메뉴판, 무선 인터넷이 있는 매장입니다.",운영중,True,True,덕진동,official_coordinates,https://www.data.go.kr/data/15076735/fileData.do; 2022-04-01,2022-04-01
486138,라라코스트 전주송천점,전북특별자치도 전주시 덕진구 천마산로 54 2층 ,전북특별자치도 전주시 덕진구 송천동1가 107-202,35.8641122,127.1277421,063-251-3230,경양식,일반음식점,"전라북도 전주시에 가신다면 ""라라코스트(전주송천점)""에 방문해보세요~ 레드테이블에서 온라인 예약이 가능합니다! 남녀 화장실이 구분되어 있는 매장입니다. 배달 가능한 매장입니다. 주차공간, 놀이방이 마련되어 있으며 다국어 메뉴판, 무선 인터넷을 제공하는 매장입니다.",운영중,True,True,송천1동,official_coordinates,https://www.data.go.kr/data/15076735/fileData.do; 2022-04-01,2022-04-01
486086,피자스쿨 전주혁신점,전북특별자치도 전주시 덕진구 안전로 197,전북특별자치도 전주시 덕진구 장동 1069-2,35.8415711,127.0578516,063-213-4100,호프/통닭,일반음식점,"전라북도 전주시에서 가 볼 만한 식당을 찾으신다면? ""피자스쿨(전주혁신점)""을 추천합니다! 레드테이블에서 온라인 예약이 가능합니다! 배달 가능한 매장입니다. 다국어 메뉴판이 있는 매장입니다.",운영중,True,True,여의동,official_coordinates,https://www.data.go.kr/data/15076735/fileData.do; 2022-04-01,2022-04-01
486002,꼬꼬마분식,전북특별자치도 전주시 완산구 따박골6길 38,전북특별자치도 전주시 완산구 중화산동2가 46-76,35.8098719,127.128591,063-287-1660,기타 휴게음식점,휴게음식점,"전라북도 전주시에서 가 볼 만한 식당을 찾으신다면? ""꼬꼬마분식""을 추천합니다! 레드테이블에서 온라인 예약이 가능합니다! 다국어 메뉴판이 있는 매장입니다.",운영중,True,True,중화산1동,official_coordinates,https://www.data.go.kr/data/15076735/fileData.do; 2022-04-01,2022-04-01
486247,왕김밥,전북특별자치도 전주시 덕진구 송천2길 5,전북특별자치도 전주시 덕진구 송천동1가 473-6,35.8597542,127.1205855,063-276-7332,일반조리판매,휴게음식점,"어디 가야 할지 고민이시라고요? 그럼 전라북도 전주시 맛집, ""왕김밥""을 추천합니다! 레드테이블에서 온라인 예약이 가능합니다! 다국어 메뉴판이 있는 매장입니다.",운영중,True,True,송천2동,official_coordinates,https://www.data.go.kr/data/15076735/fileData.do; 2022-04-01,2022-04-01
486255,공차아중점,전북특별자치도 전주시 덕진구 무삼지로 84 ,전북특별자치도 전주시 덕진구 인후동1가 851-9,35.8329439,127.162965,063-244-0071,커피숍,휴게음식점,"전라북도 전주시에 가신다면 ""공차(전주아중점)""에 방문해보세요~ 레드테이블에서 온라인 예약이 가능합니다! 배달 가능한 매장입니다. 키오스크, 다국어 메뉴판이 있는 매장입니다.",운영중,True,True,인후3동,official_coordinates,https://www.data.go.kr/data/15076735/fileData.do; 2022-04-01,2022-04-01
511589,크라운호프 전주신시가지점,전북특별자치도 전주시 완산구 홍산중앙로 36,전북특별자치도 전주시 완산구 효자동3가 1536-4,35.8167131,127.1093378,,기타,일반음식점,"전라북도 전주시에 가신다면 ""크라운 호프(전주 신시가지점)""에 방문해보세요~ 남녀 화장실이 구분되어 있는 매장입니다. 배달 가능한 매장입니다. 주차공간, 다국어 메뉴판, 그리고 무선 인터넷이 있는 매장입니다.",운영중,True,True,효자5동,official_coordinates,https://www.data.go.kr/data/15076735/fileData.do; 2022-04-01,2022-04-01
511590,황금마차,전북특별자치도 전주시 완산구 마전3길 12 황금마차,전북특별자치도 전주시 완산구 효자동3가 1632-5,35.8238173,127.1029464,063-229-7770,한식,일반음식점,"무엇을 먹을지 고민되신다고요? 전라북도 전주시에 계시다면 ""황금마차""를 추천합니다! 레드테이블에서 온라인 예약이 가능합니다! 남녀 화장실이 구분되어 있는 매장입니다. 다국어 메뉴판이 있는 매장입니다.",운영중,True,True,효자5동,official_coordinates,https://www.data.go.kr/data/15076735/fileData.do; 2022-04-01,2022-04-01
511598,육회공작소 전북도청점,전북특별자치도 전주시 완산구 홍산중앙로 30,전북특별자치도 전주시 완산구 효자동3가 1536-6,35.8162946,127.1093246,063-229-1688,한식,일반음식점,"전라북도 전주시에서 식당을 찾으신다면? ""육회공작소(전북도청점)""를 방문해보세요! 남녀 화장실이 구분되어 있는 매장입니다. 주차공간, 다국어 메뉴판, 그리고 무선 인터넷이 있는 매장입니다.",운영중,True,True,효자5동,official_coordinates,https://www.data.go.kr/data/15076735/fileData.do; 2022-04-01,2022-04-01
511602,한우마당,전북특별자치도 전주시 완산구 충경로 109,전북특별자치도 전주시 완산구 경원동3가 90-13 동부시장,35.8200604,127.151002,063-288-6492,기타,일반음식점,"""한우마당 정육식당""을 전라북도 전주시의 가 볼 만한 식당으로 추천합니다! 레드테이블에서 온라인 예약이 가능합니다! 다국어 메뉴판이 있는 매장입니다.",운영중,True,True,풍남동,official_coordinates,https://www.data.go.kr/data/15076735/fileData.do; 2022-04-01,2022-04-01
511604,코믹스월드,전북특별자치도 전주시 완산구 전주객사5길 64-12 2층,전북특별자치도 전주시 완산구 고사동 11-4,35.8209009,127.1456446,063-284-0034,한식,일반음식점,"무엇을 먹을지 고민되신다고요? 전라북도 전주시에 계시다면 ""코믹스월드""를 추천합니다! 레드테이블에서 온라인 예약이 가능합니다! 남녀 화장실이 구분되어 있는 매장입니다. 주차공간, 다국어 메뉴판, 그리고 무선 인터넷이 있는 매장입니다.",운영중,True,True,중앙동,official_coordinates,https://www.data.go.kr/data/15076735/fileData.do; 2022-04-01,2022-04-01
511606,베테랑 신시가지점,전북특별자치도 전주시 완산구 우전로 260 ,전북특별자치도 전주시 완산구 효자동2가 1227-3,35.8177646,127.102277,063-229-1977,한식,일반음식점,"""베테랑(신시가지점)""을 전라북도 전주시의 가 볼 만한 식당으로 추천합니다! 레드테이블에서 온라인 예약이 가능합니다! 다국어 메뉴판이 있는 매장입니다.",운영중,True,True,효자5동,official_coordinates,https://www.data.go.kr/data/15076735/fileData.do; 2022-04-01,2022-04-01
511609,충만치킨 전주도청점,전북특별자치도 전주시 완산구 홍산북로 59 3층,전북특별자치도 전주시 완산구 효자동3가 1529-9,35.8176217,127.1083637,063-222-2966,기타,일반음식점,"전라북도 전주시에서 식당을 찾으신다면? ""충만치킨(전주도청점)""을 방문해보세요! 레드테이블에서 온라인 예약이 가능합니다! 배달 가능한 매장입니다. 다국어 메뉴판이 있는 매장입니다.",운영중,True,True,효자5동,official_coordinates,https://www.data.go.kr/data/15076735/fileData.do; 2022-04-01,2022-04-01
511581,홍익돈까스 전주직영점(효자점),전북특별자치도 전주시 완산구 효자로 52,전북특별자치도 전주시 완산구 효자동3가 1134-3,35.8188318,127.0906966,063-221-5050,경양식,일반음식점,"""홍익돈까스(전주직영점)""를 전라북도 전주시의 가 볼 만한 식당으로 추천합니다! 레드테이블에서 온라인 예약이 가능합니다! 다국어 메뉴판이 있는 매장입니다.",운영중,True,True,효자4동,official_coordinates,https://www.data.go.kr/data/15076735/fileData.do; 2022-04-01,2022-04-01
511610,진가추어탕,전북특별자치도 전주시 완산구 태평5길 49-9,전북특별자치도 전주시 완산구 태평동 39-38,35.8247386,127.1429257,063-288-2383,한식,일반음식점,"""진가추어탕""은 전라북도 전주시에 있습니다. 레드테이블에서 온라인 예약이 가능합니다! 다국어 메뉴판이 있는 매장입니다.",운영중,True,True,중앙동,official_coordinates,https://www.data.go.kr/data/15076735/fileData.do; 2022-04-01,2022-04-01
511612,김씨네순대국밥,전북특별자치도 전주시 완산구 바우배기1길 17,전북특별자치도 전주시 완산구 효자동2가 1243-16,35.8149235,127.1036209,063-223-2210,한식,일반음식점,"전라북도 전주시에서 어디를 갈지 고민이라면! ""김씨네순대국밥""에 가보시는 건 어떨까요? 레드테이블에서 온라인 예약이 가능합니다! 배달 가능한 매장입니다. 다국어 메뉴판이 있는 매장입니다.",운영중,True,True,효자5동,official_coordinates,https://www.data.go.kr/data/15076735/fileData.do; 2022-04-01,2022-04-01
511618,원평피순대,전북특별자치도 전주시 완산구 풍남문2길 65,전북특별자치도 전주시 완산구 전동3가 2-244,35.8126483,127.1458794,063-288-9882,한식,일반음식점,"전라북도 전주시에서 식당을 찾으신다면? ""원평 시골피순대""를 방문해보세요! 레드테이블에서 온라인 예약이 가능합니다! 다국어 메뉴판이 있는 매장입니다.",운영중,True,True,풍남동,official_coordinates,https://www.data.go.kr/data/15076735/fileData.do; 2022-04-01,2022-04-01
511623,양식당,전북특별자치도 전주시 완산구 풍남문3길 26 1층,전북특별자치도 전주시 완산구 전동 110-1,35.8149525,127.1471564,063-232-5171,기타,일반음식점,"전라북도 전주시에서 가 볼 만한 식당을 찾으신다면? ""양식당""을 추천합니다! 레드테이블에서 온라인 예약이 가능합니다! 주차공간, 다국어 메뉴판, 그리고 무선 인터넷이 있는 매장입니다.",운영중,True,True,풍남동,official_coordinates,https://www.data.go.kr/data/15076735/fileData.do; 2022-04-01,2022-04-01
511625,히카리 커피,전북특별자치도 전주시 완산구 거마서로 41,전북특별자치도 전주시 완산구 삼천동1가 640-10,35.7962145,127.1192716,063-231-1008,커피숍,휴게음식점,"전라북도 전주시에서 식당을 찾으신다면? ""히카리 커피""를 방문해보세요! 레드테이블에서 온라인 예약이 가능합니다! 다국어 메뉴판이 있는 매장입니다.",운영중,True,True,삼천2동,official_coordinates,https://www.data.go.kr/data/15076735/fileData.do; 2022-04-01,2022-04-01
511626,오색김밥반찬,전북특별자치도 전주시 완산구 거마평로 125,전북특별자치도 전주시 완산구 효자동1가 652,35.8040195,127.1165571,063-284-8282,기타 휴게음식점,휴게음식점,"무엇을 먹을지 고민되신다고요? 전라북도 전주시에 계시다면 ""오색김밥""을 추천합니다! 배달 가능한 매장입니다. 다국어 메뉴판이 있는 매장입니다.",운영중,True,True,효자3동,official_coordinates,https://www.data.go.kr/data/15076735/fileData.do; 2022-04-01,2022-04-01
511631,니하오,전북특별자치도 전주시 완산구 봉곡1길 4,전북특별자치도 전주시 완산구 효자동3가 1734-1,35.8131546,127.0972087,050-4454-8511,기타 휴게음식점,휴게음식점,"전라북도 전주시에서 식당을 찾으신다면? ""니하오""를 방문해보세요! 지방자치단체 인증을 받은 농림축산식품부 제공 안심식당입니다. 레드테이블에서 온라인 예약이 가능합니다! 배달 가능한 매장입니다. 다국어 메뉴판이 있는 매장입니다.",운영중,True,True,효자4동,official_coordinates,https://www.data.go.kr/data/15076735/fileData.do; 2022-04-01,2022-04-01
511632,미스터콩,전북특별자치도 전주시 완산구 평화18길 24-8(평화동1가),전북특별자치도 전주시 덕진구 덕진동2가 670-2,35.7954497,127.1342263,063-224-5600,기타 휴게음식점,휴게음식점,"""카페미스터콩""을 전라북도 전주시의 가 볼 만한 식당으로 추천합니다! 레드테이블에서 온라인 예약이 가능합니다! 반려동물 입장이 가능한 매장입니다. 다국어 메뉴판이 있는 매장입니다.",운영중,True,True,평화2동,official_coordinates,https://www.data.go.kr/data/15076735/fileData.do; 2022-04-01,2022-04-01
511611,연어이야기 서곡점,전북특별자치도 전주시 완산구 서곡1길 1-5,전북특별자치도 전주시 완산구 효자동3가 1458-3,35.8343743,127.100509,063-276-7520,기타,일반음식점,"무엇을 먹을지 고민되신다고요? 전라북도 전주시에 계시다면 ""연어 이야기(서곡 본점)""를 추천합니다! 레드테이블에서 온라인 예약이 가능합니다! 다국어 메뉴판이 있는 매장입니다.",운영중,True,True,효자5동,official_coordinates,https://www.data.go.kr/data/15076735/fileData.do; 2022-04-01,2022-04-01
486251,파이팅,전북특별자치도 전주시 덕진구 붓내1길 10 신동비사벌아파트,전북특별자치도 전주시 덕진구 송천동2가 197-16,35.8642851,127.1230546,,일반조리판매,휴게음식점,"전라북도 전주시에서 가 볼 만한 식당을 찾으신다면? ""파이팅""을 추천합니다! 다국어 메뉴판이 있는 매장입니다.",운영중,True,True,송천1동,official_coordinates,https://www.data.go.kr/data/15076735/fileData.do; 2022-04-01,2022-04-01
511579,마서방진안흑돼지,전북특별자치도 전주시 완산구 홍산북로 59,전북특별자치도 전주시 완산구 효자동3가 1529-9,35.8176217,127.1083637,063-229-0528,한식,일반음식점,"""마서방진안흑돼지""를 전라북도 전주시의 가 볼 만한 식당으로 추천합니다! 레드테이블에서 온라인 예약이 가능합니다! 배달 가능한 매장입니다. 다국어 메뉴판이 있는 매장입니다.",운영중,True,True,효자5동,official_coordinates,https://www.data.go.kr/data/15076735/fileData.do; 2022-04-01,2022-04-01
511566,육장갈비 전주효자점,전북특별자치도 전주시 완산구 소태정로 8,전북특별자치도 전주시 완산구 효자동2가 1196-1,35.8050876,127.097409,063-229-5443,한식,일반음식점,"무엇을 먹을지 고민되신다고요? 전라북도 전주시에 계시다면 ""육장갈비(전주효자점)""를 추천합니다! 레드테이블에서 온라인 예약이 가능합니다! 남녀 화장실이 구분되어 있는 매장입니다. 주차공간, 다국어 메뉴판, 그리고 무선 인터넷이 있는 매장입니다.",운영중,True,True,효자4동,official_coordinates,https://www.data.go.kr/data/15076735/fileData.do; 2022-04-01,2022-04-01
486256,롯데리아 전주 터미널점,전북특별자치도 전주시 덕진구 가리내로 21,전북특별자치도 전주시 덕진구 금암동 459-4,35.8340428,127.1336052,063-273-0750,패스트푸드,휴게음식점,"전라북도 전주시에서 가 볼 만한 식당을 찾으신다면? ""롯데리아(전주터미널점)""를 추천합니다! 레드테이블에서 온라인 예약이 가능합니다! 배달 가능한 매장입니다. 키오스크, 다국어 메뉴판이 있는 매장입니다.",운영중,True,True,금암1동,official_coordinates,https://www.data.go.kr/data/15076735/fileData.do; 2022-04-01,2022-04-01
486269,더착한커피,전북특별자치도 전주시 덕진구 가리내로 38,전북특별자치도 전주시 덕진구 금암동 705-7,35.8342495,127.1319396,063-255-9954,커피숍,휴게음식점,"무엇을 먹을지 고민되신다고요? 전라북도 전주시에 계시다면 ""더착한커피(전주점)""를 추천합니다! 레드테이블에서 온라인 예약이 가능합니다! 배달 가능한 매장입니다. 다국어 메뉴판이 있는 매장입니다.",운영중,True,True,금암1동,official_coordinates,https://www.data.go.kr/data/15076735/fileData.do; 2022-04-01,2022-04-01
486271,요거프레소 전주하가점,전북특별자치도 전주시 덕진구 추탄로 46,전북특별자치도 전주시 덕진구 덕진동2가 667-3  1층,35.8448949,127.1093301,063-276-0088,커피숍,휴게음식점,"전라북도 전주시에 가신다면 ""요거프레소(전주하가점)""에 방문해보세요~ 레드테이블에서 온라인 예약이 가능합니다! 남녀 화장실이 구분되어 있는 매장입니다. 배달 가능한 매장입니다. 주차공간, 놀이방이 마련되어 있으며 다국어 메뉴판, 무선 인터넷을 제공하는 매장입니다.",운영중,True,True,덕진동,official_coordinates,https://www.data.go.kr/data/15076735/fileData.do; 2022-04-01,2022-04-01
486285,맘스브레드 송천점,전북특별자치도 전주시 덕진구 천마산로 73,전북특별자치도 전주시 덕진구 송천동2가 179-40,35.8654057,127.1294579,063-253-1108,제과점영업,제과점영업,"전라북도 전주시에서 식당을 찾으신다면? ""맘스브레드(송천점)""를 방문해보세요! 다국어 메뉴판이 있는 매장입니다.",운영중,True,True,송천1동,official_coordinates,https://www.data.go.kr/data/15076735/fileData.do; 2022-04-01,2022-04-01
865012,다와갈비,전북특별자치도 전주시 덕진구 오송1길 25(송천동1가),전북특별자치도 전주시 덕진구 송천동1가 107-197,35.863142,127.1296111,,,,"전라북도 전주시에 가신다면 ""다와갈비""에 방문해보세요~",운영중,True,True,송천1동,official_coordinates,https://www.data.go.kr/data/15076735/fileData.do; 2022-04-01,2022-04-01
510102,쏠레어마카롱,전북특별자치도 전주시 완산구 우전1길 66-5,전북특별자치도 전주시 완산구 효자동2가 1330-1,35.8095199,127.1057678,,베이커리,,"무엇을 먹을지 고민되신다고요? 전라북도 전주시에 계시다면 ""쏠레어마카롱""을 추천합니다!",운영중,True,True,효자4동,official_coordinates,https://www.data.go.kr/data/15076735/fileData.do; 2022-04-01,2022-04-01
511533,로띠팜,전북특별자치도 전주시 완산구 향교길 27,전북특별자치도 전주시 완산구 교동 243-1,35.8117626,127.1510695,050-7130-1892,,일반음식점,"전라북도 전주시에 가신다면 ""로띠팜""에 방문해보세요~ 레드테이블에서 온라인 예약이 가능합니다! 남녀 화장실이 구분되어 있는 매장입니다. 배달 가능한 매장입니다. 주차공간, 다국어 메뉴판, 그리고 무선 인터넷이 있는 매장입니다.",운영중,True,True,풍남동,official_coordinates,https://www.data.go.kr/data/15076735/fileData.do; 2022-04-01,2022-04-01
511578,로드무비,전북특별자치도 전주시 완산구 홍산남로 73,전북특별자치도 전주시 완산구 효자동3가 1539-2,35.8160091,127.1099879,,기타,일반음식점,"전라북도 전주시에서 가 볼 만한 식당을 찾으신다면? ""로드무비""를 추천합니다! 남녀 화장실이 구분되어 있는 매장입니다. 주차공간, 다국어 메뉴판, 그리고 무선 인터넷이 있는 매장입니다.",운영중,True,True,효자5동,official_coordinates,https://www.data.go.kr/data/15076735/fileData.do; 2022-04-01,2022-04-01
511534,전라감영,전북특별자치도 전주시 완산구 풍남문4길 27,전북특별자치도 전주시 완산구 중앙동4가 40-2,35.814853,127.145108,063-287-5002,한식,일반음식점,"전라북도 전주시에서 가 볼 만한 식당을 찾으신다면? ""전라감영""을 추천합니다! 다국어 메뉴판이 있는 매장입니다.",운영중,True,True,중앙동,official_coordinates,https://www.data.go.kr/data/15076735/fileData.do; 2022-04-01,2022-04-01
511549,구이쟁이,전북특별자치도 전주시 완산구 맏내3길 11 1층 상가,전북특별자치도 전주시 완산구 중화산동2가 774-1,35.7927136,127.1307505,063-228-9272,기타,일반음식점,"""구이쟁이""는 전라북도 전주시에 있습니다. 레드테이블에서 온라인 예약이 가능합니다! 다국어 메뉴판이 있는 매장입니다.",운영중,True,True,평화2동,official_coordinates,https://www.data.go.kr/data/15076735/fileData.do; 2022-04-01,2022-04-01
511552,맛스넥 하우스,전북특별자치도 전주시 완산구 경기전길 15,전북특별자치도 전주시 완산구 풍남동1가 15-1 유니헤어,35.818787,127.1502833,063-286-2860,한식,일반음식점,"전라북도 전주시에서 가 볼 만한 식당을 찾으신다면? ""맛스넥 하우스(전주점)""를 추천합니다! 레드테이블에서 온라인 예약이 가능합니다! 다국어 메뉴판이 있는 매장입니다.",운영중,True,True,풍남동,official_coordinates,https://www.data.go.kr/data/15076735/fileData.do; 2022-04-01,2022-04-01
511553,최가돈,전북특별자치도 전주시 완산구 후곡길 23-24(효자동2가)	,전북특별자치도 전주시 완산구 효자동2가 1306-8,35.8108582,127.094655,063-227-5931,기타,일반음식점,"전라북도 전주시에서 맛집을 찾으신다면 ""최가돈(전주대점)""을 추천합니다. 지방자치단체 인증을 받은 농림축산식품부 제공 안심식당입니다. 레드테이블에서 온라인 예약이 가능합니다! 배달 가능한 매장입니다. 다국어 메뉴판이 있는 매장입니다.",운영중,True,True,효자4동,official_coordinates,https://www.data.go.kr/data/15076735/fileData.do; 2022-04-01,2022-04-01
511558,하나무라,전북특별자치도 전주시 완산구 홍산중앙로 40 2층,전북특별자치도 전주시 완산구 효자동3가 1536-2,35.8171134,127.1093234,063-229-0521,기타,일반음식점,"전라북도 전주시에서 가 볼 만한 식당을 찾으신다면? ""하나무라""를 추천합니다! 레드테이블에서 온라인 예약이 가능합니다! 남녀 화장실이 구분되어 있는 매장입니다. 다국어 메뉴판이 있는 매장입니다.",운영중,True,True,효자5동,official_coordinates,https://www.data.go.kr/data/15076735/fileData.do; 2022-04-01,2022-04-01
511559,전주미당,전북특별자치도 전주시 완산구 홍산로 237,전북특별자치도 전주시 완산구 효자동2가 1244-3,35.8148836,127.1055003,063-225-6403,기타,일반음식점,"무엇을 먹을지 고민되신다고요? 전라북도 전주시에 계시다면 ""전주미당""을 추천합니다! 레드테이블에서 온라인 예약이 가능합니다! 다국어 메뉴판이 있는 매장입니다.",운영중,True,True,효자5동,official_coordinates,https://www.data.go.kr/data/15076735/fileData.do; 2022-04-01,2022-04-01
511561,북촌손만두 전주전북도청점,전북특별자치도 전주시 완산구 홍산로 249,전북특별자치도 전주시 완산구 효자동2가 1239-5,35.8160443,127.1054769,063-225-2279,중국식,일반음식점,"전라북도 전주시에서 식당을 찾으신다면? ""북촌손만두(전북도청점)""를 방문해보세요! 레드테이블에서 온라인 예약이 가능합니다! 남녀 화장실이 구분되어 있는 매장입니다. 배달 가능한 매장입니다. 주차공간, 다국어 메뉴판이 있는 매장입니다.",운영중,True,True,효자5동,official_coordinates,https://www.data.go.kr/data/15076735/fileData.do; 2022-04-01,2022-04-01
511564,가람,전북특별자치도 전주시 완산구 홍산1길 8,전북특별자치도 전주시 완산구 효자동2가 1156-7,35.8149153,127.1081633,063-224-3353,뷔페식,일반음식점,"무엇을 먹을지 고민되신다고요? 전라북도 전주시에 계시다면 ""가람(전주 도청점)""을 추천합니다! 레드테이블에서 온라인 예약이 가능합니다! 남녀 화장실이 구분되어 있는 매장입니다. 주차공간, 다국어 메뉴판, 그리고 무선 인터넷이 있는 매장입니다.",운영중,True,True,효자5동,official_coordinates,https://www.data.go.kr/data/15076735/fileData.do; 2022-04-01,2022-04-01
511537,아구찜&랍스타,전북특별자치도 전주시 완산구 맏내4길 16-40,전북특별자치도 전주시 완산구 평화동1가 633-2,35.7941914,127.1306206,063-229-5695,한식,일반음식점,"전라북도 전주시에 가신다면 ""아구찜&랍스터""에 방문해보세요~ 레드테이블에서 온라인 예약이 가능합니다! 주차공간, 다국어 메뉴판이 있는 매장입니다.",운영중,True,True,평화2동,official_coordinates,https://www.data.go.kr/data/15076735/fileData.do; 2022-04-01,2022-04-01
412415,지지고 전북대점,전북특별자치도 전주시 덕진구 명륜3길 10,전북특별자치도 전주시 덕진구 덕진동1가 1265-1,35.8421805,127.1274114,070-8847-5849,한식,일반음식점,"어디 가야 할지 고민이시라고요? 그럼 전라북도 전주시 맛집, ""지지고(전북대점)""를 추천합니다! 레드테이블에서 온라인 예약이 가능합니다! 배달 가능한 매장입니다. 다국어 메뉴판이 있는 매장입니다.",운영중,True,True,덕진동,official_coordinates,https://www.data.go.kr/data/15076735/fileData.do; 2022-04-01,2022-04-01
485998,앤티앤스 프레즐 전주효자점,전북특별자치도 전주시 완산구 용머리로 45 2층,전북특별자치도 전주시 완산구 효자동1가 434,35.8068906,127.1156286,063-225-2962,기타 휴게음식점,휴게음식점,"무엇을 먹을지 고민되신다고요? 전라북도 전주시에 계시다면 ""앤티앤스(전주효자점)""를 추천합니다! 레드테이블에서 온라인 예약이 가능합니다! 배달 가능한 매장입니다. 다국어 메뉴판이 있는 매장입니다.",운영중,True,True,효자3동,official_coordinates,https://www.data.go.kr/data/15076735/fileData.do; 2022-04-01,2022-04-01
485985,커피방앗간,전북특별자치도 전주시 완산구 전라감영5길 17-29,전북특별자치도 전주시 완산구 중앙동3가 95-4,35.8169367,127.1454925,070-7756-7444,커피숍,휴게음식점,"무엇을 먹을지 고민되신다고요? 전라북도 전주시에 계시다면 ""커피방앗간""을 추천합니다! 레드테이블에서 온라인 예약이 가능합니다! 다국어 메뉴판이 있는 매장입니다.",운영중,True,True,중앙동,official_coordinates,https://www.data.go.kr/data/15076735/fileData.do; 2022-04-01,2022-04-01
485742,고향시래기,전북특별자치도 전주시 완산구 홍산남로 29-7,전북특별자치도 전주시 완산구 효자동2가 1238-8,35.816026,127.1049962,063-226-8009,한식,일반음식점,"전라북도 전주시에서 식당을 찾으신다면? ""고향시래기""를 방문해보세요! 레드테이블에서 온라인 예약이 가능합니다! 다국어 메뉴판이 있는 매장입니다.",운영중,True,True,효자5동,official_coordinates,https://www.data.go.kr/data/15076735/fileData.do; 2022-04-01,2022-04-01
485749,하참치,전북특별자치도 전주시 완산구 고사평4길 11,전북특별자치도 전주시 완산구 서신동 939-1,35.8355225,127.1108504,063-276-3735,일식,일반음식점,"전라북도 전주시에서 맛집을 찾으신다면 ""하참치""를 추천합니다. 레드테이블에서 온라인 예약이 가능합니다! 남녀 화장실이 구분되어 있는 매장입니다. 주차공간, 다국어 메뉴판이 있는 매장입니다.",운영중,True,True,서신동,official_coordinates,https://www.data.go.kr/data/15076735/fileData.do; 2022-04-01,2022-04-01
485752,이지비,전북특별자치도 전주시 완산구 홍산북로 59-11,전북특별자치도 전주시 완산구 효자동3가 1529-6,35.817844,127.1079862,063-226-2568,한식,일반음식점,"전라북도 전주시에서 맛집을 찾으신다면 ""이지비부대찌개""를 추천합니다. 레드테이블에서 온라인 예약이 가능합니다! 배달 가능한 매장입니다. 다국어 메뉴판이 있는 매장입니다.",운영중,True,True,효자5동,official_coordinates,https://www.data.go.kr/data/15076735/fileData.do; 2022-04-01,2022-04-01
485753,착한정육식당,전북특별자치도 전주시 완산구 천경로 17,전북특별자치도 전주시 완산구 동서학동 220-2,35.8080654,127.1530183,063-232-2558,한식,일반음식점,"무엇을 먹을지 고민되신다고요? 전라북도 전주시에 계시다면 ""착한정육식당""을 추천합니다! 레드테이블에서 온라인 예약이 가능합니다! 다국어 메뉴판이 있는 매장입니다.",운영중,True,True,동서학동,official_coordinates,https://www.data.go.kr/data/15076735/fileData.do; 2022-04-01,2022-04-01
485754,교동국수,전북특별자치도 전주시 완산구 안행로 45,전북특별자치도 전주시 완산구 효자동1가 687-10,35.801541,127.1329514,063-223-9082,한식,일반음식점,"어디 가야 할지 고민이시라고요? 그럼 전라북도 전주시 맛집, ""교동국수""를 추천합니다! 레드테이블에서 온라인 예약이 가능합니다! 다국어 메뉴판, 무선 인터넷이 있는 매장입니다.",운영중,True,True,효자1동,official_coordinates,https://www.data.go.kr/data/15076735/fileData.do; 2022-04-01,2022-04-01
485760,아프로,전북특별자치도 전주시 완산구 홍산중앙로 18(102호 효자동3가)	,전북특별자치도 전주시 완산구 효자동3가 1541-9,35.8151482,127.109334,063-227-5799,호프/통닭,일반음식점,"전라북도 전주시에서 가 볼 만한 식당을 찾으신다면? ""아프로""를 추천합니다! 레드테이블에서 온라인 예약이 가능합니다! 남녀 화장실이 구분되어 있는 매장입니다. 배달 가능한 매장입니다. 다국어 메뉴판, 무선 인터넷이 있는 매장입니다.",운영중,True,True,효자5동,official_coordinates,https://www.data.go.kr/data/15076735/fileData.do; 2022-04-01,2022-04-01
485762,전주현대옥 본점,전북특별자치도 전주시 완산구 화산천변2길 7-4,전북특별자치도 전주시 완산구 중화산동2가 757-3,35.8197418,127.117148,063-228-0020,한식,일반음식점,"전라북도 전주시에서 맛집을 찾으신다면, ""현대옥(전주본점)""을 꼭 방문해보세요. 2012년 03월 05일 KBS2 굿모닝대한민국 202회에 방영된 유명 매장이랍니다! 지방자치단체 인증을 받은 농림축산식품부 제공 안심식당입니다. 레드테이블에서 온라인 예약이 가능합니다! 남녀 화장실이 구분되어 있는 매장입니다. 주차공간, 다국어 메뉴판이 있는 매장입니다.",운영중,True,True,중화산2동,official_coordinates,https://www.data.go.kr/data/15076735/fileData.do; 2022-04-01,2022-04-01
485735,이디야 전주교대점,전북특별자치도 전주시 완산구 천경로 40 송산빌딩,전북특별자치도 전주시 완산구 동서학동 89-1 송산빌딩,35.810014,127.1534918,063-231-3650,한식,일반음식점,"""이디야커피(전주교대점)""는 전라북도 전주시에 있습니다. 레드테이블에서 온라인 예약이 가능합니다! 반려동물 입장이 가능한 매장입니다. 배달 가능한 매장입니다. 다국어 메뉴판이 있는 매장입니다.",운영중,True,True,동서학동,official_coordinates,https://www.data.go.kr/data/15076735/fileData.do; 2022-04-01,2022-04-01
485764,더반,전북특별자치도 전주시 완산구 천잠로 259-13,전북특별자치도 전주시 완산구 효자동2가 1066-21,35.8099828,127.0930623,063-236-4664,한식,일반음식점,"전라북도 전주시에서 가 볼 만한 식당을 찾으신다면? ""더반""을 추천합니다! 지방자치단체 인증을 받은 농림축산식품부 제공 안심식당입니다. 레드테이블에서 온라인 예약이 가능합니다! 배달 가능한 매장입니다. 다국어 메뉴판이 있는 매장입니다.",운영중,True,True,효자4동,official_coordinates,https://www.data.go.kr/data/15076735/fileData.do; 2022-04-01,2022-04-01
485771, 가장맛있는족발 혁신점,전북특별자치도 전주시 덕진구 오정1길 14,전북특별자치도 전주시 덕진구 중동 779-7,35.8348264,127.0599899,063-236-5849,한식,일반음식점,"전라북도 전주시에서 어디를 갈지 고민이라면! ""가장맛있는족발(전주혁신점)""에 가보시는 건 어떨까요? 레드테이블에서 온라인 예약이 가능합니다! 반려동물 입장이 가능한 매장입니다. 배달 가능한 매장입니다. 다국어 메뉴판이 있는 매장입니다.",운영중,True,True,혁신동,official_coordinates,https://www.data.go.kr/data/15076735/fileData.do; 2022-04-01,2022-04-01
485773,콩샌 신시가지점,전북특별자치도 전주시 완산구 홍산남로 27,전북특별자치도 전주시 완산구 효자동2가 1238-7,35.815994,127.1046912,063-273-8989,경양식,일반음식점,"전라북도 전주시에 가신다면 ""콩샌(신시가지점)""에 방문해보세요~ 레드테이블에서 온라인 예약이 가능합니다! 반려동물 입장이 가능한 매장입니다. 배달 가능한 매장입니다. 다국어 메뉴판이 있는 매장입니다.",운영중,True,True,효자5동,official_coordinates,https://www.data.go.kr/data/15076735/fileData.do; 2022-04-01,2022-04-01
485775,대관령 동태찌개와 낙지볶음,전북특별자치도 전주시 완산구 용리로 36-19,전북특별자치도 전주시 완산구 삼천동1가 441-1,35.7982292,127.1133811,063-221-1917,한식,일반음식점,"전라북도 전주시에서 맛집을 찾으신다면 ""대관령동태찌개와낙지볶음""을 추천합니다. 레드테이블에서 온라인 예약이 가능합니다! 다국어 메뉴판이 있는 매장입니다.",운영중,True,True,삼천3동,official_coordinates,https://www.data.go.kr/data/15076735/fileData.do; 2022-04-01,2022-04-01
485778,신포집,전북특별자치도 전주시 완산구 용머리로 36 8층,전북특별자치도 전주시 완산구 효자동1가 454-1,35.8054176,127.1144062,063-221-8845,한식,일반음식점,"전라북도 전주시에서 어디를 갈지 고민이라면! ""신포집""에 가보시는 건 어떨까요? 레드테이블에서 온라인 예약이 가능합니다! 다국어 메뉴판이 있는 매장입니다.",운영중,True,True,효자3동,official_coordinates,https://www.data.go.kr/data/15076735/fileData.do; 2022-04-01,2022-04-01
485781,장수농장,전북특별자치도 전주시 완산구 홍산북로 21-7,전북특별자치도 전주시 완산구 효자동2가 1230-8,35.8181341,127.1039615,063-226-5678,한식,일반음식점,"""장수농장""을 전라북도 전주시의 가 볼 만한 식당으로 추천합니다! 레드테이블에서 온라인 예약이 가능합니다! 다국어 메뉴판이 있는 매장입니다.",운영중,True,True,효자5동,official_coordinates,https://www.data.go.kr/data/15076735/fileData.do; 2022-04-01,2022-04-01
485785,역전할머니맥주 전주효자점,전북특별자치도 전주시 완산구 거마평로 192,전북특별자치도 전주시 완산구 효자동1가 622-8,35.8094353,127.1156014,063-221-7624,호프/통닭,일반음식점,"전라북도 전주시에서 어디를 갈지 고민이라면! ""역전할머니맥주(전주효자점)""에 가보시는 건 어떨까요? 레드테이블에서 온라인 예약이 가능합니다! 배달 가능한 매장입니다. 다국어 메뉴판이 있는 매장입니다.",운영중,True,True,효자2동,official_coordinates,https://www.data.go.kr/data/15076735/fileData.do; 2022-04-01,2022-04-01
485787,썸 ,전북특별자치도 전주시 완산구 백제대로 440,전북특별자치도 전주시 완산구 서신동 772,35.8325147,127.1231489,063-903-9013,한식,일반음식점,"""썸""을 전라북도 전주시의 가 볼 만한 식당으로 추천합니다! 레드테이블에서 온라인 예약이 가능합니다! 다국어 메뉴판이 있는 매장입니다.",운영중,True,True,서신동,official_coordinates,https://www.data.go.kr/data/15076735/fileData.do; 2022-04-01,2022-04-01
485767,겐돈소바,전북특별자치도 전주시 완산구 마전2길 11-7,전북특별자치도 전주시 완산구 효자동3가 1646-15,35.8222785,127.1033467,063-237-2535,일식,일반음식점,"무엇을 먹을지 고민되신다고요? 전라북도 전주시에 계시다면 ""겐돈소바(도청점)""를 추천합니다! 레드테이블에서 온라인 예약이 가능합니다! 배달 가능한 매장입니다. 다국어 메뉴판이 있는 매장입니다.",운영중,True,True,효자5동,official_coordinates,https://www.data.go.kr/data/15076735/fileData.do; 2022-04-01,2022-04-01
485788,아웃백스테이크하우스 효자점,전북특별자치도 전주시 완산구 우전로 260,전북특별자치도 전주시 완산구 효자동2가 1227-3,35.8177646,127.102277,063-285-0581,경양식,일반음식점,"어디 가야 할지 고민이시라고요? 그럼 전라북도 전주시 맛집, ""아웃백스테이크하우스(효자점)""를 추천합니다! 네이버 온라인 예약이 가능합니다! 배달 가능한 매장입니다. 다국어 메뉴판이 있는 매장입니다.",운영중,True,True,효자5동,official_coordinates,https://www.data.go.kr/data/15076735/fileData.do; 2022-04-01,2022-04-01
485732,무한리필돼지갈비,전북특별자치도 전주시 완산구 새터로 11,전북특별자치도 전주시 완산구 서신동 932-7,35.8369364,127.1082649,063-252-9258,한식,일반음식점,"전라북도 전주시에서 맛집을 찾으신다면, ""우리고기 무한리필""을 꼭 방문해보세요. 2019년 10월 18일 KBS2 2TV생생정보 921회에 방영된 유명 매장이랍니다! 레드테이블에서 온라인 예약이 가능합니다! 배달 가능한 매장입니다. 다국어 메뉴판이 있는 매장입니다.",운영중,True,True,서신동,official_coordinates,https://www.data.go.kr/data/15076735/fileData.do; 2022-04-01,2022-04-01
485728,전주효자 맛찬들왕소금구이	,전북특별자치도 전주시 완산구 홍산중앙로 29(효자동3가),전북특별자치도 전주시 완산구 효자동3가 1535-7,35.8161334,127.108795,063-225-6692,,일반음식점,"""맛찬들왕소금구이(전주점)""를 전라북도 전주시의 가 볼 만한 식당으로 추천합니다! 레드테이블에서 온라인 예약이 가능합니다! 남녀 화장실이 구분되어 있는 매장입니다. 배달 가능한 매장입니다. 주차공간, 다국어 메뉴판, 그리고 무선 인터넷이 있는 매장입니다.",운영중,True,True,효자5동,official_coordinates,https://www.data.go.kr/data/15076735/fileData.do; 2022-04-01,2022-04-01
865286,이레팥죽,전북특별자치도 전주시 완산구 따박골로 38,전북특별자치도 전주시 완산구 중화산동2가 548-6,35.809462,127.1270917,063-222-3372,죽,,"""이레팥죽""은 전라북도 전주시에 있습니다.",운영중,True,True,중화산1동,official_coordinates,https://www.data.go.kr/data/15076735/fileData.do; 2022-04-01,2022-04-01
865256,커피 41,전북특별자치도 전주시 완산구 호암로 78(1층 102호 일부호 효자동2가)	,전북특별자치도 전주시 완산구 효자동2가 1319-1,35.8084043,127.1027985,,카페,,"""커피 41""을 전라북도 전주시의 가 볼 만한 식당으로 추천합니다!",운영중,True,True,효자4동,official_coordinates,https://www.data.go.kr/data/15076735/fileData.do; 2022-04-01,2022-04-01
865212,공룡닭발,전북특별자치도 전주시 완산구 고사평1길 6,전북특별자치도 전주시 완산구 서신동 946-8,35.8347985,127.1090247,063-909-7717,닭발,,"어디 가야 할지 고민이시라고요? 그럼 전라북도 전주시 맛집, ""공룡닭발""을 추천합니다!",운영중,True,True,서신동,official_coordinates,https://www.data.go.kr/data/15076735/fileData.do; 2022-04-01,2022-04-01
478495,푸드카페김밥천국 오송점,전북특별자치도 전주시 덕진구 오송1길 37-13 1층,전북특별자치도 전주시 덕진구 송천동1가 97-6,35.8637948,127.1308309,063-274-1919,분식,,"전라북도 전주시에서 식당을 찾으신다면? ""푸드카페김밥천국 오송점""을 방문해보세요!",운영중,True,True,송천1동,official_coordinates,https://www.data.go.kr/data/15076735/fileData.do; 2022-04-01,2022-04-01
480292,다와갈비 숯불갈비전문점 송천본점,전북특별자치도 전주시 덕진구 송천중앙로 119 오송1길25,전북특별자치도 전주시 덕진구 송천동1가 474-3,35.8585911,127.1198037,063-273-1031,한식,,"전라북도 전주시에서 식당을 찾으신다면? ""다와갈비 숯불갈비전문점 송천본점""을 방문해보세요!",운영중,True,True,송천2동,official_coordinates,https://www.data.go.kr/data/15076735/fileData.do; 2022-04-01,2022-04-01
481697,층층제과,전북특별자치도 전주시 덕진구 들사평4길 6,전북특별자치도 전주시 덕진구 덕진동1가 1404-9,35.8418901,127.1228305,,베이커리,,"전라북도 전주시에 가신다면 ""층층제과""에 방문해보세요~",운영중,True,True,덕진동,official_coordinates,https://www.data.go.kr/data/15076735/fileData.do; 2022-04-01,2022-04-01
865190,서동빵명가,전북특별자치도 전주시 덕진구 안덕원로 250,전북특별자치도 전주시 덕진구 인후동1가 772-7,35.8362809,127.1542207,063-241-4400,베이커리,,"어디 가야 할지 고민이시라고요? 그럼 전라북도 전주시 맛집, ""서동빵명가""를 추천합니다!",운영중,True,True,인후1동,official_coordinates,https://www.data.go.kr/data/15076735/fileData.do; 2022-04-01,2022-04-01
485729,우미네 등갈비찜,전북특별자치도 전주시 완산구 용리로 30,전북특별자치도 전주시 완산구 삼천동1가 284-32,35.7983341,127.1128952,063-236-8253,한식,일반음식점,"전라북도 전주시에서 식당을 찾으신다면? ""우미네등갈비찜(본점)""을 방문해보세요! 레드테이블에서 온라인 예약이 가능합니다! 다국어 메뉴판이 있는 매장입니다.",운영중,True,True,삼천3동,official_coordinates,https://www.data.go.kr/data/15076735/fileData.do; 2022-04-01,2022-04-01
483200,에스프레소팩토리,전북특별자치도 전주시 완산구 배학4길 10-1 1층,전북특별자치도 전주시 완산구 효자동3가 1682-1,35.8197699,127.098088,,카페,,"전라북도 전주시에서 식당을 찾으신다면? ""에스프레소팩토리""를 방문해보세요!",운영중,True,True,효자5동,official_coordinates,https://www.data.go.kr/data/15076735/fileData.do; 2022-04-01,2022-04-01
485673,춘천닭갈비 비비리 삼천점,전북특별자치도 전주시 완산구 용리로 30,전북특별자치도 전주시 완산구 삼천동1가 284-32,35.7983341,127.1128952,063-224-8900,한식,일반음식점,"무엇을 먹을지 고민되신다고요? 전라북도 전주시에 계시다면 ""춘천닭갈비비비리(삼천점)""를 추천합니다! 레드테이블에서 온라인 예약이 가능합니다! 배달 가능한 매장입니다. 다국어 메뉴판이 있는 매장입니다.",운영중,True,True,삼천3동,official_coordinates,https://www.data.go.kr/data/15076735/fileData.do; 2022-04-01,2022-04-01
485674,꼼앤닭,전북특별자치도 전주시 완산구 홍산중앙로 45,전북특별자치도 전주시 완산구 효자동3가 1527-11,35.8176049,127.1087608,063-237-0535,한식,일반음식점,"""꼼앤닭""은 전라북도 전주시에 있습니다. 레드테이블에서 온라인 예약이 가능합니다! 남녀 화장실이 구분되어 있는 매장입니다. 배달 가능한 매장입니다. 다국어 메뉴판이 있는 매장입니다.",운영중,True,True,효자5동,official_coordinates,https://www.data.go.kr/data/15076735/fileData.do; 2022-04-01,2022-04-01
485675,니어앤디어,전북특별자치도 전주시 완산구 소태정3길 17,전북특별자치도 전주시 완산구 효자동2가 1209-2,35.8030991,127.0992787,063-237-0779,,일반음식점,"전라북도 전주시에서 식당을 찾으신다면? ""니어앤디어""를 방문해보세요! 레드테이블에서 온라인 예약이 가능합니다! 배달 가능한 매장입니다. 다국어 메뉴판, 무선 인터넷이 있는 매장입니다.",운영중,True,True,효자4동,official_coordinates,https://www.data.go.kr/data/15076735/fileData.do; 2022-04-01,2022-04-01
485689,목련을부탁해,전북특별자치도 전주시 완산구 전주객사3길 46-35,전북특별자치도 전주시 완산구 고사동 385-4,35.819901,127.1424829,063-282-4004,기타,일반음식점,"전라북도 전주시에서 맛집을 찾으신다면 ""목련을부탁해""를 추천합니다. 레드테이블에서 온라인 예약이 가능합니다! 다국어 메뉴판, 무선 인터넷이 있는 매장입니다.",운영중,True,True,중앙동,official_coordinates,https://www.data.go.kr/data/15076735/fileData.do; 2022-04-01,2022-04-01
485695,해뜨는마을,전북특별자치도 전주시 완산구 바우배기2길 18-1,전북특별자치도 전주시 완산구 효자동2가 1236-10,35.8167496,127.1039655,063-223-6333,한식,일반음식점,"전라북도 전주시에서 가 볼 만한 식당을 찾으신다면? ""해뜨는마을""을 추천합니다! 레드테이블에서 온라인 예약이 가능합니다! 다국어 메뉴판이 있는 매장입니다.",운영중,True,True,효자5동,official_coordinates,https://www.data.go.kr/data/15076735/fileData.do; 2022-04-01,2022-04-01
485702,본도시락 전주전북도청점,전북특별자치도 전주시 완산구 홍산남로 11-24 103호,전북특별자치도 전주시 완산구 효자동2가 1235-8,35.8163871,127.1032959,063-228-4282,기타,일반음식점,"""본도시락(전북도청점)""은 전라북도 전주시에 있습니다. 레드테이블에서 온라인 예약이 가능합니다! 배달 가능한 매장입니다. 다국어 메뉴판이 있는 매장입니다.",운영중,True,True,효자5동,official_coordinates,https://www.data.go.kr/data/15076735/fileData.do; 2022-04-01,2022-04-01
485725,테이블나인,전북특별자치도 전주시 완산구 홍산3길 21-1 3층,전북특별자치도 전주시 완산구 효자동3가 1527-1,35.8183189,127.1069754,063-229-8439,경양식,일반음식점,"전라북도 전주시에서 가 볼 만한 식당을 찾으신다면? ""테이블나인""을 추천합니다! 레드테이블에서 온라인 예약이 가능합니다! 배달 가능한 매장입니다. 다국어 메뉴판이 있는 매장입니다.",운영중,True,True,효자5동,official_coordinates,https://www.data.go.kr/data/15076735/fileData.do; 2022-04-01,2022-04-01
485671,무로,전북특별자치도 전주시 완산구 후곡길 11-12,전북특별자치도 전주시 완산구 효자동2가 1308-5,35.8100169,127.0951375,063-225-1298,호프/통닭,일반음식점,"""무로(전주효자점)""는 전라북도 전주시에 있습니다. 레드테이블에서 온라인 예약이 가능합니다! 반려동물 입장이 가능한 매장입니다. 다국어 메뉴판이 있는 매장입니다.",운영중,True,True,효자4동,official_coordinates,https://www.data.go.kr/data/15076735/fileData.do; 2022-04-01,2022-04-01
485986,카페 때알,전북특별자치도 전주시 완산구 전주객사3길 26-16,전북특별자치도 전주시 완산구 고사동 426-2,35.818332,127.1430534,063-288-4262,기타 휴게음식점,휴게음식점,"전라북도 전주시에서 식당을 찾으신다면? ""카페때알""을 방문해보세요! 레드테이블에서 온라인 예약이 가능합니다! 배달 가능한 매장입니다. 다국어 메뉴판, 무선 인터넷이 있는 매장입니다.",운영중,True,True,중앙동,official_coordinates,https://www.data.go.kr/data/15076735/fileData.do; 2022-04-01,2022-04-01
485789,가배1896,전북특별자치도 전주시 완산구 홍산북로 29-5 1층,전북특별자치도 전주시 완산구 효자동2가 1231-5,35.8178881,127.104944,,기타,일반음식점,"전라북도 전주시에 가신다면 ""가배1896""에 방문해보세요~ 레드테이블에서 온라인 예약이 가능합니다! 반려동물 입장이 가능한 매장입니다. 다국어 메뉴판이 있는 매장입니다.",운영중,True,True,효자5동,official_coordinates,https://www.data.go.kr/data/15076735/fileData.do; 2022-04-01,2022-04-01
485795,고속식당,전북특별자치도 전주시 완산구 신봉4길 6,전북특별자치도 전주시 완산구 효자동1가 597-16,35.8119561,127.1188198,063-222-5246,한식,일반음식점,"""고속식당""을 전라북도 전주시의 가 볼 만한 식당으로 추천합니다! 레드테이블에서 온라인 예약이 가능합니다! 다국어 메뉴판이 있는 매장입니다.",운영중,True,True,효자2동,official_coordinates,https://www.data.go.kr/data/15076735/fileData.do; 2022-04-01,2022-04-01
485889,충만치킨 전주객사점,전북특별자치도 전주시 완산구 전주객사4길 44-18 고사동 2층,전북특별자치도 전주시 완산구 고사동 142-2,35.8197831,127.1444733,063-282-3468,경양식,일반음식점,"""충만치킨(전주객사점)""을 전라북도 전주시의 가 볼 만한 식당으로 추천합니다! 다국어 메뉴판이 있는 매장입니다.",운영중,True,True,중앙동,official_coordinates,https://www.data.go.kr/data/15076735/fileData.do; 2022-04-01,2022-04-01
485901,쉼표맥주 직영점,전북특별자치도 전주시 완산구 홍산중앙로 38 101호,전북특별자치도 전주시 완산구 효자동3가 1536-3,35.816916,127.1092879,063-226-3999,호프/통닭,일반음식점,"""쉼표맥주(직영점)""를 전라북도 전주시의 가 볼 만한 식당으로 추천합니다! 다국어 메뉴판이 있는 매장입니다.",운영중,True,True,효자5동,official_coordinates,https://www.data.go.kr/data/15076735/fileData.do; 2022-04-01,2022-04-01
485908,경기전막걸리,전북특별자치도 전주시 완산구 전동성당길 78,전북특별자치도 전주시 완산구 전동 34-1,35.8155261,127.1487101,063-283-1114,한식,일반음식점,"무엇을 먹을지 고민되신다고요? 전라북도 전주시에 계시다면 ""경기전막걸리""를 추천합니다! 레드테이블에서 온라인 예약이 가능합니다! 남녀 화장실이 구분되어 있는 매장입니다. 주차공간, 다국어 메뉴판, 그리고 무선 인터넷이 있는 매장입니다.",운영중,True,True,풍남동,official_coordinates,https://www.data.go.kr/data/15076735/fileData.do; 2022-04-01,2022-04-01
485909,88켄터키치킨 한옥마을점,전북특별자치도 전주시 완산구 경기전길 46,전북특별자치도 전주시 완산구 경원동2가 62,35.8174014,127.1503385,063-288-9288,,일반음식점,"어디 가야 할지 고민이시라고요? 그럼 전라북도 전주시 맛집, ""88켄터키치킨(한옥마을점)""을 추천합니다! 레드테이블에서 온라인 예약이 가능합니다! 남녀 화장실이 구분되어 있는 매장입니다. 다국어 메뉴판, 무선 인터넷이 있는 매장입니다.",운영중,True,True,풍남동,official_coordinates,https://www.data.go.kr/data/15076735/fileData.do; 2022-04-01,2022-04-01
485916,해변의꽃게 전주점,전북특별자치도 전주시 완산구 호암로 81 4층,전북특별자치도 전주시 완산구 효자동2가 1318-3,35.8086378,127.1035606,063-902-9900,한식,일반음식점,"전라북도 전주시에서 어디를 갈지 고민이라면! ""해변의꽃게(전주점)""에 가보시는 건 어떨까요? 레드테이블에서 온라인 예약이 가능합니다! 다국어 메뉴판이 있는 매장입니다.",운영중,True,True,효자4동,official_coordinates,https://www.data.go.kr/data/15076735/fileData.do; 2022-04-01,2022-04-01
485922,대구반야월막창중화산점,전북특별자치도 전주시 완산구 중화산로 83,전북특별자치도 전주시 완산구 중화산동2가 778-1,35.8177299,127.1179799,063-237-5911,한식,일반음식점,"전라북도 전주시에서 어디를 갈지 고민이라면! ""대구반야월막창(중화산점)""에 가보시는 건 어떨까요? 레드테이블에서 온라인 예약이 가능합니다! 다국어 메뉴판이 있는 매장입니다.",운영중,True,True,중화산2동,official_coordinates,https://www.data.go.kr/data/15076735/fileData.do; 2022-04-01,2022-04-01
485924,고기한점,전북특별자치도 전주시 완산구 홍산북로 57,전북특별자치도 전주시 완산구 효자동3가 1529-10,35.8176397,127.108174,063-221-3390,호프/통닭,일반음식점,"전라북도 전주시에서 어디를 갈지 고민이라면! ""고기한점(전주 효자점)""에 가보시는 건 어떨까요? 레드테이블에서 온라인 예약이 가능합니다! 다국어 메뉴판이 있는 매장입니다.",운영중,True,True,효자5동,official_coordinates,https://www.data.go.kr/data/15076735/fileData.do; 2022-04-01,2022-04-01
485884,72번가에비뉴커피,전북특별자치도 전주시 완산구 홍산남로 72,전북특별자치도 전주시 완산구 효자동3가 1541-6,35.8155891,127.1097325,063-282-0072,한식,일반음식점,"""72번가에비뉴커피""를 전라북도 전주시의 가 볼 만한 식당으로 추천합니다! 레드테이블에서 온라인 예약이 가능합니다! 다국어 메뉴판이 있는 매장입니다.",운영중,True,True,효자5동,official_coordinates,https://www.data.go.kr/data/15076735/fileData.do; 2022-04-01,2022-04-01
485939,춘천닭갈비비비리,전북특별자치도 전주시 완산구 평화14길 28-7(평화동1가),전북특별자치도 전주시 완산구 평화동1가 734-6,35.7931052,127.1333411,063-225-1300,기타,일반음식점,"전라북도 전주시에 가신다면 ""춘천닭갈비비비리(평화점)""에 방문해보세요~ 레드테이블에서 온라인 예약이 가능합니다! 남녀 화장실이 구분되어 있는 매장입니다. 배달 가능한 매장입니다. 주차공간, 다국어 메뉴판, 그리고 무선 인터넷이 있는 매장입니다.",운영중,True,True,평화2동,official_coordinates,https://www.data.go.kr/data/15076735/fileData.do; 2022-04-01,2022-04-01
485945,이디야커피 케이비에스점,전북특별자치도 전주시 완산구 마전2길 17-8 (효자동3가 1643-5번지),전북특별자치도 전주시 완산구 효자동3가 1643-5,35.8222779,127.1026943,063-227-4684,커피숍,휴게음식점,"전라북도 전주시에서 식당을 찾으신다면? ""이디야커피(케이비에스점)""를 방문해보세요! 레드테이블에서 온라인 예약이 가능합니다! 배달 가능한 매장입니다. 다국어 메뉴판이 있는 매장입니다.",운영중,True,True,효자5동,official_coordinates,https://www.data.go.kr/data/15076735/fileData.do; 2022-04-01,2022-04-01
485946,공차 신시가지점,전북특별자치도 전주시 완산구 홍산남로 62,전북특별자치도 전주시 완산구 효자동2가 1155-7,35.8155535,127.1087755,063-228-1780,커피숍,휴게음식점,"전라북도 전주시에서 맛집을 찾으신다면 ""공차(전주신시가지점)""를 추천합니다. 레드테이블에서 온라인 예약이 가능합니다! 배달 가능한 매장입니다. 키오스크, 다국어 메뉴판이 있는 매장입니다.",운영중,True,True,효자5동,official_coordinates,https://www.data.go.kr/data/15076735/fileData.do; 2022-04-01,2022-04-01
485947,본하우스,전북특별자치도 전주시 완산구 우전2길 58,전북특별자치도 전주시 완산구 효자동2가 141-4,35.8091176,127.1070207,063-228-3378,기타 휴게음식점,휴게음식점,"""본하우스""는 전라북도 전주시에 있습니다. 다국어 메뉴판이 있는 매장입니다.",운영중,True,True,효자4동,official_coordinates,https://www.data.go.kr/data/15076735/fileData.do; 2022-04-01,2022-04-01
485948,이디야커피서부시장점,전북특별자치도 전주시 완산구 용머리로 167,전북특별자치도 전주시 완산구 효자동1가 147-1,35.8066255,127.1284212,063-229-8503,커피숍,휴게음식점,"무엇을 먹을지 고민되신다고요? 전라북도 전주시에 계시다면 ""이디야커피(전주서부시장점)""를 추천합니다! 레드테이블에서 온라인 예약이 가능합니다! 배달 가능한 매장입니다. 주차공간, 다국어 메뉴판, 그리고 무선 인터넷이 있는 매장입니다.",운영중,True,True,효자1동,official_coordinates,https://www.data.go.kr/data/15076735/fileData.do; 2022-04-01,2022-04-01
485959,AWESOME,전북특별자치도 전주시 완산구 마전들로 29 1층,전북특별자치도 전주시 완산구 효자동3가 1668-5,35.8211927,127.0988022,070-8764-2928,커피숍,휴게음식점,"""어썸""을 전라북도 전주시의 가 볼 만한 식당으로 추천합니다! 레드테이블에서 온라인 예약이 가능합니다! 남녀 화장실이 구분되어 있는 매장입니다. 다국어 메뉴판, 무선 인터넷이 있는 매장입니다.",운영중,True,True,효자5동,official_coordinates,https://www.data.go.kr/data/15076735/fileData.do; 2022-04-01,2022-04-01
485964,이디야커피 전주근영여고점,전북특별자치도 전주시 완산구 백제대로 276,전북특별자치도 전주시 완산구 중화산동2가 652,35.817811,127.1233254,063-226-3777,커피숍,휴게음식점,"전라북도 전주시에 가신다면 ""이디야커피(전주근영여고점)""에 방문해보세요~ 레드테이블에서 온라인 예약이 가능합니다! 배달 가능한 매장입니다. 다국어 메뉴판이 있는 매장입니다.",운영중,True,True,중화산2동,official_coordinates,https://www.data.go.kr/data/15076735/fileData.do; 2022-04-01,2022-04-01
485969,달콤커피 전주고사점,전북특별자치도 전주시 완산구 전주객사4길 47,전북특별자치도 전주시 완산구 고사동 155-3,35.8197588,127.1434049,063-288-7266,커피숍,휴게음식점,"전라북도 전주시에서 식당을 찾으신다면? ""달콤커피(전주고사점)""를 방문해보세요! 남녀 화장실이 구분되어 있는 매장입니다. 다국어 메뉴판, 무선 인터넷이 있는 매장입니다.",운영중,True,True,중앙동,official_coordinates,https://www.data.go.kr/data/15076735/fileData.do; 2022-04-01,2022-04-01
485943,루시다레,전북특별자치도 전주시 완산구 백제대로 140,전북특별자치도 전주시 완산구 효자동1가 173-8,35.805427,127.1238833,070-4108-4548,커피숍,휴게음식점,"""루시다레""를 전라북도 전주시의 가 볼 만한 식당으로 추천합니다! 레드테이블에서 온라인 예약이 가능합니다! 다국어 메뉴판이 있는 매장입니다.",운영중,True,True,효자1동,official_coordinates,https://www.data.go.kr/data/15076735/fileData.do; 2022-04-01,2022-04-01
485794,곱창이야기 전북도청점,전북특별자치도 전주시 완산구 홍산북로 75,전북특별자치도 전주시 완산구 효자동3가 1530-8,35.817627,127.1101842,063-229-0292,한식,일반음식점,"전라북도 전주시에서 식당을 찾으신다면? ""곱창이야기(전북 도청점)""를 방문해보세요! 레드테이블에서 온라인 예약이 가능합니다! 남녀 화장실이 구분되어 있는 매장입니다. 주차공간, 다국어 메뉴판이 있는 매장입니다.",운영중,True,True,효자5동,official_coordinates,https://www.data.go.kr/data/15076735/fileData.do; 2022-04-01,2022-04-01
485873,조선옥,전북특별자치도 전주시 완산구 한지길 89,전북특별자치도 전주시 완산구 풍남동3가 24-1 전주한옥마을 전망,35.8163629,127.1540153,063-286-5522,기타,일반음식점,"""조선옥(한옥마을점)""은 전라북도 전주시에 있습니다. 레드테이블에서 온라인 예약이 가능합니다! 다국어 메뉴판이 있는 매장입니다.",운영중,True,True,풍남동,official_coordinates,https://www.data.go.kr/data/15076735/fileData.do; 2022-04-01,2022-04-01
485870,용범이네인계동껍데기 전북도청점,전북특별자치도 전주시 완산구 홍산북로 75 1층 102호,전북특별자치도 전주시 완산구 효자동3가 1530-8,35.817627,127.1101842,063-221-7292,호프/통닭,일반음식점,"""용범이네인계동껍데기(전북도청점)""는 전라북도 전주시에 있습니다. 레드테이블에서 온라인 예약이 가능합니다! 배달 가능한 매장입니다. 다국어 메뉴판이 있는 매장입니다.",운영중,True,True,효자5동,official_coordinates,https://www.data.go.kr/data/15076735/fileData.do; 2022-04-01,2022-04-01
485804,여유,전북특별자치도 전주시 완산구 홍산4길 20-2,전북특별자치도 전주시 완산구 효자동3가 1528-7,35.818306,127.110892,,한식,일반음식점,"어디 가야 할지 고민이시라고요? 그럼 전라북도 전주시 맛집, ""여유""를 추천합니다! 레드테이블에서 온라인 예약이 가능합니다! 다국어 메뉴판이 있는 매장입니다.",운영중,True,True,효자5동,official_coordinates,https://www.data.go.kr/data/15076735/fileData.do; 2022-04-01,2022-04-01
485809,삼양다방,전북특별자치도 전주시 완산구 동문길 94,전북특별자치도 전주시 완산구 경원동2가 7-9,35.8182312,127.1488323,063-231-2238,기타,일반음식점,"2016년 11월 25일 MBC 생방송오늘저녁 492회, 2015년 07월 14일 KBS2 2TV아침 139회 등 많은 방송에 등장한 바로 그 곳! 전라북도 전주시에 가시면 소문난 맛집 ""삼양다방""을 방문해보세요! 레드테이블과 네이버에서 온라인 예약이 가능합니다! 남녀 화장실이 구분되어 있으며, 베리어프리 매장입니다. 주차공간, 다국어 메뉴판, 그리고 무선 인터넷이 있는 매장입니다.",운영중,True,True,풍남동,official_coordinates,https://www.data.go.kr/data/15076735/fileData.do; 2022-04-01,2022-04-01
485815,뚱보집 삼천점,전북특별자치도 전주시 완산구 용리로 35,전북특별자치도 전주시 완산구 삼천동1가 725-13,35.7988366,127.1136687,063-222-5884,한식,일반음식점,"""뚱보집(삼천점)""은 전라북도 전주시에 있습니다. 레드테이블에서 온라인 예약이 가능합니다! 다국어 메뉴판, 무선 인터넷이 있는 매장입니다.",운영중,True,True,삼천3동,official_coordinates,https://www.data.go.kr/data/15076735/fileData.do; 2022-04-01,2022-04-01
485822,바르미샤브샤브&칼국수 전주,전북특별자치도 전주시 완산구 용머리로 45 2층,전북특별자치도 전주시 완산구 효자동1가 434,35.8068906,127.1156286,063-236-7300,한식,일반음식점,"어디 가야 할지 고민이시라고요? 그럼 전라북도 전주시 맛집, ""바르미샤브샤브(전주효자점)""를 추천합니다! 레드테이블에서 온라인 예약이 가능합니다! 다국어 메뉴판이 있는 매장입니다.",운영중,True,True,효자3동,official_coordinates,https://www.data.go.kr/data/15076735/fileData.do; 2022-04-01,2022-04-01
485828,또봉이통닭 중화산점,전북특별자치도 전주시 완산구 한두평1길 17,전북특별자치도 전주시 완산구 중화산동2가 663-8,35.8125078,127.1248925,063-237-2992,한식,일반음식점,"전라북도 전주시에서 어디를 갈지 고민이라면! ""또봉이통닭(전북전주중화산점)""에 가보시는 건 어떨까요? 레드테이블에서 온라인 예약이 가능합니다! 다국어 메뉴판이 있는 매장입니다.",운영중,True,True,중화산1동,official_coordinates,https://www.data.go.kr/data/15076735/fileData.do; 2022-04-01,2022-04-01
485831,홍익궁중전통육개장 전주도청점,전북특별자치도 전주시 완산구 석산2길 5-10,전북특별자치도 전주시 완산구 효자동3가 1696-9,35.819965,127.1046967,063-228-9760,한식,일반음식점,"전라북도 전주시에서 어디를 갈지 고민이라면! ""홍익궁중전통육개장(전주도청점)""에 가보시는 건 어떨까요? 배달 가능한 매장입니다. 다국어 메뉴판이 있는 매장입니다.",운영중,True,True,효자5동,official_coordinates,https://www.data.go.kr/data/15076735/fileData.do; 2022-04-01,2022-04-01
485836,전주부븸온,전북특별자치도 전주시 완산구 현무1길 20,전북특별자치도 전주시 완산구 경원동3가 14-2,35.8205657,127.1482307,063-282-9400,한식,일반음식점,"무엇을 먹을지 고민되신다고요? 전라북도 전주시에 계시다면 ""전주부븸온""을 추천합니다! 위생 수준이 우수하고 친절한 서비스로 지방자치단체의 선정을 받은 모범음식점입니다. 레드테이블에서 온라인 예약이 가능합니다! 배달 가능한 매장입니다. 다국어 메뉴판이 있는 매장입니다.",운영중,True,True,풍남동,official_coordinates,https://www.data.go.kr/data/15076735/fileData.do; 2022-04-01,2022-04-01
485871,동대문엽기떡볶이 전주효자점,전북특별자치도 전주시 완산구 거마평로 169,전북특별자치도 전주시 완산구 효자동1가 518-69,35.807598,127.1160654,050-7460-1552,분식,일반음식점,"전라북도 전주시에 가신다면 ""동대문엽기떡볶이(전주효자점)""에 방문해보세요~ 레드테이블에서 온라인 예약이 가능합니다! 배달 가능한 매장입니다. 다국어 메뉴판이 있는 매장입니다.",운영중,True,True,효자3동,official_coordinates,https://www.data.go.kr/data/15076735/fileData.do; 2022-04-01,2022-04-01
485838,최우영식당,전북특별자치도 전주시 완산구 전주객사3길 67,전북특별자치도 전주시 완산구 고사동 340-3,35.8202715,127.1413837,063-286-2933,한식,일반음식점,"무엇을 먹을지 고민되신다고요? 전라북도 전주시에 계시다면 ""최우영식당""을 추천합니다! 레드테이블에서 온라인 예약이 가능합니다! 남녀 화장실이 구분되어 있는 매장입니다. 배달 가능한 매장입니다. 주차공간, 키오스크, 그리고 다국어 메뉴판이 있는 매장입니다.",운영중,True,True,중앙동,official_coordinates,https://www.data.go.kr/data/15076735/fileData.do; 2022-04-01,2022-04-01
485849,스시다미,전북특별자치도 전주시 완산구 마전로 5,전북특별자치도 전주시 완산구 효자동3가 1645-8 피디빌딩2층,35.8215888,127.1040675,063-228-9785,일식,일반음식점,"""스시다미""를 전라북도 전주시의 가 볼 만한 식당으로 추천합니다! 레드테이블에서 온라인 예약이 가능합니다! 남녀 화장실이 구분되어 있으며, 베리어프리 매장입니다. 배달 가능한 매장입니다. 주차공간, 놀이방이 마련되어 있으며 다국어 메뉴판, 무선 인터넷을 제공하는 매장입니다.",운영중,True,True,효자5동,official_coordinates,https://www.data.go.kr/data/15076735/fileData.do; 2022-04-01,2022-04-01
485851,정가네깐쇼새우,전북특별자치도 전주시 완산구 홍산북로 45-24 2층,전북특별자치도 전주시 완산구 효자동3가 1527-19,35.8181654,127.1069655,063-278-8080,한식,일반음식점,"무엇을 먹을지 고민되신다고요? 전라북도 전주시에 계시다면 ""정가네 깐쇼새우""를 추천합니다! 레드테이블에서 온라인 예약이 가능합니다! 남녀 화장실이 구분되어 있는 매장입니다. 배달 가능한 매장입니다. 다국어 메뉴판이 있는 매장입니다.",운영중,True,True,효자5동,official_coordinates,https://www.data.go.kr/data/15076735/fileData.do; 2022-04-01,2022-04-01
485855,오유,전북특별자치도 전주시 완산구 전동성당길 33-6,전북특별자치도 전주시 완산구 경원동2가 40-31,35.8174392,127.1492365,,기타,일반음식점,"전라북도 전주시에서 어디를 갈지 고민이라면! ""오유""에 가보시는 건 어떨까요? 레드테이블에서 온라인 예약이 가능합니다! 배달 가능한 매장입니다. 다국어 메뉴판이 있는 매장입니다.",운영중,True,True,풍남동,official_coordinates,https://www.data.go.kr/data/15076735/fileData.do; 2022-04-01,2022-04-01
485856,황금손가락,전북특별자치도 전주시 완산구 효자로 178(효자동2가)	,전북특별자치도 전주시 완산구 효자동2가 1228-7,35.8187303,127.1047736,063-226-0911,기타,일반음식점,"전라북도 전주시에 가신다면 ""황금손가락""에 방문해보세요~ 레드테이블에서 온라인 예약이 가능합니다! 배달 가능한 매장입니다. 다국어 메뉴판이 있는 매장입니다.",운영중,True,True,효자5동,official_coordinates,https://www.data.go.kr/data/15076735/fileData.do; 2022-04-01,2022-04-01
485862,라라코스트 전주전북도청점,전북특별자치도 전주시 완산구 홍산남로 73 2층,전북특별자치도 전주시 완산구 효자동3가 1539-2,35.8160091,127.1099879,063-228-3230,기타,일반음식점,"전라북도 전주시에서 식당을 찾으신다면? ""라라코스트(전주전북도청점)""를 방문해보세요! 위생 수준이 우수하고 친절한 서비스로 지방자치단체의 선정을 받은 모범음식점입니다. 지방자치단체 인증을 받은 농림축산식품부 제공 안심식당입니다. 레드테이블에서 온라인 예약이 가능합니다! 남녀 화장실이 구분되어 있는 매장입니다. 배달 가능한 매장입니다. 주차공간, 놀이방이 마련되어 있으며 다국어 메뉴판, 무선 인터넷을 제공하는 매장입니다.",운영중,True,True,효자5동,official_coordinates,https://www.data.go.kr/data/15076735/fileData.do; 2022-04-01,2022-04-01
485863,무진장갈비명가 본점,전북특별자치도 전주시 완산구 석산1길 12,전북특별자치도 전주시 완산구 효자동3가 1698-9,35.8199967,127.1033153,063-236-0092,한식,일반음식점,"전라북도 전주시에서 가 볼 만한 식당을 찾으신다면? ""무진장갈비명가(본점)""를 추천합니다! 다국어 메뉴판이 있는 매장입니다.",운영중,True,True,효자5동,official_coordinates,https://www.data.go.kr/data/15076735/fileData.do; 2022-04-01,2022-04-01
485866,베이크앤칠,전북특별자치도 전주시 완산구 동문길 114,전북특별자치도 전주시 완산구 경원동1가 22-1 엘지텔레콤,35.8178827,127.1478665,,,일반음식점,"전라북도 전주시에 가신다면 ""베이크앤칠""에 방문해보세요~ 레드테이블에서 온라인 예약이 가능합니다! 배달 가능한 매장입니다. 다국어 메뉴판, 무선 인터넷이 있는 매장입니다.",운영중,True,True,풍남동,official_coordinates,https://www.data.go.kr/data/15076735/fileData.do; 2022-04-01,2022-04-01
485839,혜원가,전북특별자치도 전주시 완산구 풍남문3길 25,전북특별자치도 전주시 완산구 전동 146-5,35.814864,127.1469393,063-232-9998,한식,일반음식점,"전라북도 전주시에서 식당을 찾으신다면? ""혜원가""를 방문해보세요! 지방자치단체 인증을 받은 농림축산식품부 제공 안심식당입니다. 레드테이블에서 온라인 예약이 가능합니다! 다국어 메뉴판이 있는 매장입니다.",운영중,True,True,풍남동,official_coordinates,https://www.data.go.kr/data/15076735/fileData.do; 2022-04-01,2022-04-01
412397,뚜레쥬르,전북특별자치도 전주시 완산구 중화산로 71,전북특별자치도 전주시 완산구 중화산동2가 406-15,35.8168132,127.1180071,063-225-8500,제과점영업,제과점영업,"전라북도 전주시에 가신다면 ""뚜레쥬르(전주중산점)""에 방문해보세요~ 레드테이블에서 온라인 예약이 가능합니다! 배달 가능한 매장입니다. 다국어 메뉴판이 있는 매장입니다.",운영중,True,True,중화산2동,official_coordinates,https://www.data.go.kr/data/15076735/fileData.do; 2022-04-01,2022-04-01
412529,S.T카페,"전북특별자치도 전주시 덕진구 권삼득로 348(2, 3층)",전북특별자치도 전주시 덕진구 덕진동1가 1315-4,35.8459741,127.124851,063-255-2826,기타,일반음식점,"전라북도 전주시에 가신다면 ""에스티""에 방문해보세요~ 레드테이블에서 온라인 예약이 가능합니다! 다국어 메뉴판이 있는 매장입니다.",운영중,True,True,덕진동,official_coordinates,https://www.data.go.kr/data/15076735/fileData.do; 2022-04-01,2022-04-01
412376,코펜하겐 전주신시가지점,전북특별자치도 전주시 완산구 문학대6길 11-1,전북특별자치도 전주시 완산구 효자동3가 1608-8,35.8285689,127.1031004,063-228-3030,커피숍,휴게음식점,"전라북도 전주시에서 식당을 찾으신다면? ""코펜하겐(전주신시가지점)""을 방문해보세요! 레드테이블에서 온라인 예약이 가능합니다! 남녀 화장실이 구분되어 있는 매장입니다. 주차공간, 다국어 메뉴판, 그리고 무선 인터넷이 있는 매장입니다.",운영중,True,True,효자5동,official_coordinates,https://www.data.go.kr/data/15076735/fileData.do; 2022-04-01,2022-04-01
352012,카페로이,전북특별자치도 전주시 덕진구 명륜2길 16-6,전북특별자치도 전주시 덕진구 금암동 707-3,35.8415321,127.1290873,063-287-1977,호프/통닭,일반음식점,"전라북도 전주시에서 가 볼 만한 식당을 찾으신다면? ""로이""를 추천합니다! 레드테이블에서 온라인 예약이 가능합니다! 다국어 메뉴판이 있는 매장입니다.",운영중,True,True,덕진동,official_coordinates,https://www.data.go.kr/data/15076735/fileData.do; 2022-04-01,2022-04-01
352013,하남돼지집전주송천점,전북특별자치도 전주시 덕진구 붓내3길 7(송천동2가)	,전북특별자치도 전주시 덕진구 송천동2가 523-14,35.8668857,127.122228,063-278-7766,한식,일반음식점,"전라북도 전주시에서 식당을 찾으신다면? ""하남돼지집(전주송천점)""을 방문해보세요! 위생 수준이 우수하고 친절한 서비스로 지방자치단체의 선정을 받은 모범음식점입니다. 지방자치단체 인증을 받은 농림축산식품부 제공 안심식당입니다. 레드테이블에서 온라인 예약이 가능합니다! 남녀 화장실이 구분되어 있는 매장입니다. 배달 가능한 매장입니다. 주차공간, 다국어 메뉴판이 있는 매장입니다.",운영중,True,True,송천1동,official_coordinates,https://www.data.go.kr/data/15076735/fileData.do; 2022-04-01,2022-04-01
352014,까르네,전북특별자치도 전주시 덕진구 두간2길 3-6,전북특별자치도 전주시 덕진구 송천동1가 808-8,35.8658479,127.1206727,063-276-5116,호프/통닭,일반음식점,"무엇을 먹을지 고민되신다고요? 전라북도 전주시에 계시다면 ""까르네""를 추천합니다! 레드테이블에서 온라인 예약이 가능합니다! 다국어 메뉴판이 있는 매장입니다.",운영중,True,True,송천2동,official_coordinates,https://www.data.go.kr/data/15076735/fileData.do; 2022-04-01,2022-04-01
352022,백세곰탕 본점,전북특별자치도 전주시 덕진구 송천중앙로 100,전북특별자치도 전주시 덕진구 송천동1가 380-9,35.8559527,127.1205299,063-274-8855,한식,일반음식점,"전라북도 전주시에서 맛집을 찾으신다면 ""백세곰탕(본점)""을 추천합니다. 남녀 화장실이 구분되어 있는 매장입니다. 주차공간, 다국어 메뉴판, 그리고 무선 인터넷이 있는 매장입니다.",운영중,True,True,송천1동,official_coordinates,https://www.data.go.kr/data/15076735/fileData.do; 2022-04-01,2022-04-01
352023,오봉도시락 전북대후문점,전북특별자치도 전주시 덕진구 삼송3길 12,전북특별자치도 전주시 덕진구 금암동 1549-8,35.8422163,127.1353328,063-251-2080,김밥(도시락),일반음식점,"어디 가야 할지 고민이시라고요? 그럼 전라북도 전주시 맛집, ""오봉도시락(전북대 후문점)""을 추천합니다! 레드테이블에서 온라인 예약이 가능합니다! 배달 가능한 매장입니다. 다국어 메뉴판이 있는 매장입니다.",운영중,True,True,금암1동,official_coordinates,https://www.data.go.kr/data/15076735/fileData.do; 2022-04-01,2022-04-01
352039,Espresso 822-7,전북특별자치도 전주시 덕진구 두간5길 16-14,전북특별자치도 전주시 덕진구 송천동1가 822-7,35.8642791,127.1172155,063-277-8227,커피숍,휴게음식점,"전라북도 전주시에 가신다면 ""822-7""에 방문해보세요~ 다국어 메뉴판이 있는 매장입니다.",운영중,True,True,송천2동,official_coordinates,https://www.data.go.kr/data/15076735/fileData.do; 2022-04-01,2022-04-01
352046,돈스엔스파 동산점,전북특별자치도 전주시 덕진구 쪽구름로 67,전북특별자치도 전주시 덕진구 반월동 248-11,35.8714103,127.076286,063-211-6655,일반조리판매,휴게음식점,"전라북도 전주시에 가신다면 ""돈스엔스파(동산점)""에 방문해보세요~ 레드테이블에서 온라인 예약이 가능합니다! 다국어 메뉴판이 있는 매장입니다.",운영중,True,True,여의동,official_coordinates,https://www.data.go.kr/data/15076735/fileData.do; 2022-04-01,2022-04-01
352047,커피갤러리,전북특별자치도 전주시 덕진구 동가재미2길 24,전북특별자치도 전주시 덕진구 인후동1가 852-14 예성빌라 1층,35.8335356,127.1633111,063-278-5010,커피숍,휴게음식점,"전라북도 전주시에서 가 볼 만한 식당을 찾으신다면? ""커피갤러리""를 추천합니다! 레드테이블에서 온라인 예약이 가능합니다! 다국어 메뉴판이 있는 매장입니다.",운영중,True,True,인후3동,official_coordinates,https://www.data.go.kr/data/15076735/fileData.do; 2022-04-01,2022-04-01
352050,국수나무 전주송천점,전북특별자치도 전주시 덕진구 솔내로 130,전북특별자치도 전주시 덕진구 송천동1가 104-5,35.8616274,127.1269491,063-275-3380,일반조리판매,휴게음식점,"전라북도 전주시에서 가 볼 만한 식당을 찾으신다면? ""국수나무(전주송천점)""를 추천합니다! 레드테이블에서 온라인 예약이 가능합니다! 배달 가능한 매장입니다. 다국어 메뉴판이 있는 매장입니다.",운영중,True,True,송천1동,official_coordinates,https://www.data.go.kr/data/15076735/fileData.do; 2022-04-01,2022-04-01
352052,노트릭,전북특별자치도 전주시 덕진구 명륜2길 15,전북특별자치도 전주시 덕진구 덕진동1가 1264-22,35.8418241,127.1287818,,커피숍,휴게음식점,"무엇을 먹을지 고민되신다고요? 전라북도 전주시에 계시다면 ""노트릭""을 추천합니다! 레드테이블에서 온라인 예약이 가능합니다! 다국어 메뉴판, 무선 인터넷이 있는 매장입니다.",운영중,True,True,덕진동,official_coordinates,https://www.data.go.kr/data/15076735/fileData.do; 2022-04-01,2022-04-01
352059,미스터 빈 아중점,전북특별자치도 전주시 덕진구 건산로 245,전북특별자치도 전주시 덕진구 인후동1가 806-4 복지신협,35.8348744,127.1637759,050-7130-5363,커피숍,휴게음식점,"전라북도 전주시에서 식당을 찾으신다면? ""미스터빈""을 방문해보세요! 레드테이블에서 온라인 예약이 가능합니다! 배달 가능한 매장입니다. 다국어 메뉴판, 무선 인터넷이 있는 매장입니다.",운영중,True,True,인후3동,official_coordinates,https://www.data.go.kr/data/15076735/fileData.do; 2022-04-01,2022-04-01
352071,파리바게뜨 오송점,전북특별자치도 전주시 덕진구 오송1길 37-17,전북특별자치도 전주시 덕진구 송천동1가 879,35.863741,127.1299748,063-251-8205,제과점영업,제과점영업,"무엇을 먹을지 고민되신다고요? 전라북도 전주시에 계시다면 ""파리바게뜨(전주오송점)""를 추천합니다! 레드테이블에서 온라인 예약이 가능합니다! 배달 가능한 매장입니다. 다국어 메뉴판이 있는 매장입니다.",운영중,True,True,송천1동,official_coordinates,https://www.data.go.kr/data/15076735/fileData.do; 2022-04-01,2022-04-01
352074,뚜레쥬르 전북대 사대부고점,전북특별자치도 전주시 덕진구 조경단로 107,전북특별자치도 전주시 덕진구 금암동 632-144,35.8438407,127.1383348,063-273-8800,제과점영업,제과점영업,"어디 가야 할지 고민이시라고요? 그럼 전라북도 전주시 맛집, ""뚜레쥬르(전북대사대부고점)""를 추천합니다! 레드테이블에서 온라인 예약이 가능합니다! 배달 가능한 매장입니다. 다국어 메뉴판이 있는 매장입니다.",운영중,True,True,금암2동,official_coordinates,https://www.data.go.kr/data/15076735/fileData.do; 2022-04-01,2022-04-01
363440,백번탕횟집,전북특별자치도 전주시 완산구 신봉2길 11,전북특별자치도 전주시 완산구 효자동1가 596-8,35.8108921,127.119401,063-254-4100,일식,,"어디 가야 할지 고민이시라고요? 그럼 전라북도 전주시 맛집, ""백번탕횟집""을 추천합니다!",운영중,True,True,효자2동,official_coordinates,https://www.data.go.kr/data/15076735/fileData.do; 2022-04-01,2022-04-01
363577,전주환영영양돌솥밥,전북특별자치도 전주시 완산구 중산2길 18,전북특별자치도 전주시 완산구 중화산동2가 631-9,35.805883,127.13,063-222-5069,한식,,"전라북도 전주시에서 가 볼 만한 식당을 찾으신다면? ""전주환영영양돌솥밥""을 추천합니다!",운영중,True,True,효자1동,official_coordinates,https://www.data.go.kr/data/15076735/fileData.do; 2022-04-01,2022-04-01
352011,충만치킨 전주전북대점,전북특별자치도 전주시 덕진구 명륜4길 17 4층,전북특별자치도 전주시 덕진구 덕진동1가 1261-4,35.8434587,127.1265534,063-252-7979,호프/통닭,일반음식점,"""충만치킨(전주전북대점)""을 전라북도 전주시의 가 볼 만한 식당으로 추천합니다! 레드테이블에서 온라인 예약이 가능합니다! 다국어 메뉴판이 있는 매장입니다.",운영중,True,True,덕진동,official_coordinates,https://www.data.go.kr/data/15076735/fileData.do; 2022-04-01,2022-04-01
352009,동아리방퓨전소주호프 전북대점,전북특별자치도 전주시 덕진구 명륜5길 16-1 2층,전북특별자치도 전주시 덕진구 덕진동1가 1314-159,35.8439733,127.1260727,063-278-8668,호프/통닭,일반음식점,"전라북도 전주시에 가신다면 ""동아리방퓨전소주호프(전북대 2호점)""에 방문해보세요~ 레드테이블에서 온라인 예약이 가능합니다! 배달 가능한 매장입니다. 다국어 메뉴판이 있는 매장입니다.",운영중,True,True,덕진동,official_coordinates,https://www.data.go.kr/data/15076735/fileData.do; 2022-04-01,2022-04-01
352004,도야생곱창갈비 전북대점,전북특별자치도 전주시 덕진구 권삼득로 346,전북특별자치도 전주시 덕진구 덕진동1가 1315-10,35.8458342,127.1250586,063-272-3392,식육(숯불구이),일반음식점,"""도야생곱창갈비(전북대점)""를 전라북도 전주시의 가 볼 만한 식당으로 추천합니다! 남녀 화장실이 구분되어 있는 매장입니다. 배달 가능한 매장입니다. 주차공간, 다국어 메뉴판, 그리고 무선 인터넷이 있는 매장입니다.",운영중,True,True,덕진동,official_coordinates,https://www.data.go.kr/data/15076735/fileData.do; 2022-04-01,2022-04-01
352001,우리밀동우인후본점,전북특별자치도 전주시 덕진구 백제대로 757,전북특별자치도 전주시 완산구 서신동 933-3,35.8466467,127.151565,063-241-1819,중국식,일반음식점,"전라북도 전주시에서 가 볼 만한 식당을 찾으신다면? ""우리밀동우""를 추천합니다! 레드테이블에서 온라인 예약이 가능합니다! 남녀 화장실이 구분되어 있는 매장입니다. 배달 가능한 매장입니다. 다국어 메뉴판, 무선 인터넷이 있는 매장입니다.",운영중,True,True,인후2동,official_coordinates,https://www.data.go.kr/data/15076735/fileData.do; 2022-04-01,2022-04-01
351892,도마,전북특별자치도 전주시 덕진구 붓내4길 8-23,전북특별자치도 전주시 덕진구 송천동2가 523-16,35.8670554,127.1230969,063-277-4800,식육(숯불구이),일반음식점,"전라북도 전주시에서 어디를 갈지 고민이라면! ""도마(송천점)""에 가보시는 건 어떨까요? 레드테이블에서 온라인 예약이 가능합니다! 다국어 메뉴판이 있는 매장입니다.",운영중,True,True,송천1동,official_coordinates,https://www.data.go.kr/data/15076735/fileData.do; 2022-04-01,2022-04-01
351894,홍춘천 송천1점,전북특별자치도 전주시 덕진구 붓내3길 15,전북특별자치도 전주시 덕진구 송천동2가 247-1,35.8667199,127.1230711,050-4054-4897,호프/통닭,일반음식점,"전라북도 전주시에 가신다면 ""홍춘천치즈닭갈비(송천1호점)""에 방문해보세요~ 다국어 메뉴판이 있는 매장입니다.",운영중,True,True,송천1동,official_coordinates,https://www.data.go.kr/data/15076735/fileData.do; 2022-04-01,2022-04-01
351898,신포우리만두 송천용소점,전북특별자치도 전주시 덕진구 시천로 50,전북특별자치도 전주시 덕진구 송천동1가 833-5,35.863828,127.1147025,050-4054-4474,분식,일반음식점,"전라북도 전주시에 가신다면 ""신포우리만두(용소점)""에 방문해보세요~ 다국어 메뉴판이 있는 매장입니다.",운영중,True,True,송천2동,official_coordinates,https://www.data.go.kr/data/15076735/fileData.do; 2022-04-01,2022-04-01
351907,커피콩볶는샌드위치,전북특별자치도 전주시 덕진구 도당산1길 21-2,전북특별자치도 전주시 덕진구 우아동3가 749-38,35.8451218,127.1536875,063-909-1080,기타,일반음식점,"어디 가야 할지 고민이시라고요? 그럼 전라북도 전주시 맛집, ""콩샌(대자인병원점)""을 추천합니다! 레드테이블에서 온라인 예약이 가능합니다! 배달 가능한 매장입니다. 다국어 메뉴판이 있는 매장입니다.",운영중,True,True,우아1동,official_coordinates,https://www.data.go.kr/data/15076735/fileData.do; 2022-04-01,2022-04-01
351908,등대수산 인후동,전북특별자치도 전주시 덕진구 정언신로 74,전북특별자치도 전주시 덕진구 인후동1가 867-1,35.8304077,127.1620047,063-241-1519,회집,일반음식점,"무엇을 먹을지 고민되신다고요? 전라북도 전주시에 계시다면 ""등대수산""을 추천합니다! 레드테이블에서 온라인 예약이 가능합니다! 다국어 메뉴판이 있는 매장입니다.",운영중,True,True,인후3동,official_coordinates,https://www.data.go.kr/data/15076735/fileData.do; 2022-04-01,2022-04-01
351918,황태도둑 송천점,전북특별자치도 전주시 덕진구 붓내3길 9-7,전북특별자치도 전주시 덕진구 송천동2가 483,35.8673156,127.1222293,063-252-2768,한식,일반음식점,"전라북도 전주시에서 식당을 찾으신다면? ""황태도둑(송천점)""을 방문해보세요! 레드테이블에서 온라인 예약이 가능합니다! 남녀 화장실이 구분되어 있는 매장입니다. 배달 가능한 매장입니다. 다국어 메뉴판이 있는 매장입니다.",운영중,True,True,송천1동,official_coordinates,https://www.data.go.kr/data/15076735/fileData.do; 2022-04-01,2022-04-01
351927,찰스비,전북특별자치도 전주시 덕진구 명륜2길 16-2,전북특별자치도 전주시 덕진구 금암동 707-1,35.8417117,127.1289024,063-253-1544,분식,일반음식점,"전라북도 전주시에서 식당을 찾으신다면? ""찰스비""를 방문해보세요! 레드테이블에서 온라인 예약이 가능합니다! 다국어 메뉴판이 있는 매장입니다.",운영중,True,True,덕진동,official_coordinates,https://www.data.go.kr/data/15076735/fileData.do; 2022-04-01,2022-04-01
363954,만수성,전북특별자치도 전주시 완산구 쑥고개로 399,전북특별자치도 전주시 완산구 효자동2가 218-8,35.804718,127.108531,063-236-8852,중식,,"전라북도 전주시에서 어디를 갈지 고민이라면! ""만수성""에 가보시는 건 어떨까요?",운영중,True,True,효자4동,official_coordinates,https://www.data.go.kr/data/15076735/fileData.do; 2022-04-01,2022-04-01
351933,아리수막걸리,전북특별자치도 전주시 덕진구 송천4길 56-3,전북특별자치도 전주시 덕진구 송천동1가 626-20,35.8616029,127.1154265,063-254-5745,호프/통닭,일반음식점,"전라북도 전주시에서 어디를 갈지 고민이라면! ""아리수막걸리""에 가보시는 건 어떨까요? 레드테이블에서 온라인 예약이 가능합니다! 다국어 메뉴판이 있는 매장입니다.",운영중,True,True,송천2동,official_coordinates,https://www.data.go.kr/data/15076735/fileData.do; 2022-04-01,2022-04-01
351949,명륜진사갈비 전주 송천점,전북특별자치도 전주시 덕진구 두간8길 3,전북특별자치도 전주시 덕진구 송천동1가 801-7,35.8657868,127.1152766,063-251-9651,한식,일반음식점,"전라북도 전주시에서 식당을 찾으신다면? ""명륜진사갈비(전주 송천점)""를 방문해보세요! 레드테이블에서 온라인 예약이 가능합니다! 다국어 메뉴판이 있는 매장입니다.",운영중,True,True,송천2동,official_coordinates,https://www.data.go.kr/data/15076735/fileData.do; 2022-04-01,2022-04-01
351963,맛깔참죽 전주 송천점,전북특별자치도 전주시 덕진구 솔내로 202,전북특별자치도 전주시 덕진구 송천동2가 287-3,35.8680142,127.1275397,063-278-6288,한식,일반음식점,"전라북도 전주시에서 가 볼 만한 식당을 찾으신다면? ""맛깔참죽(송천점)""을 추천합니다! 다국어 메뉴판, 무선 인터넷이 있는 매장입니다.",운영중,True,True,송천1동,official_coordinates,https://www.data.go.kr/data/15076735/fileData.do; 2022-04-01,2022-04-01
351968,육값어치 송천점,전북특별자치도 전주시 덕진구 붓내3길 14,전북특별자치도 전주시 덕진구 송천동2가 247-4,35.8665256,127.1226886,,호프/통닭,일반음식점,"무엇을 먹을지 고민되신다고요? 전라북도 전주시에 계시다면 ""육값어치(송천점)""를 추천합니다! 레드테이블에서 온라인 예약이 가능합니다! 배달 가능한 매장입니다. 다국어 메뉴판이 있는 매장입니다.",운영중,True,True,송천1동,official_coordinates,https://www.data.go.kr/data/15076735/fileData.do; 2022-04-01,2022-04-01
351977,이디야전주금암점,전북특별자치도 전주시 덕진구 기린대로 398,전북특별자치도 전주시 덕진구 금암동 470-3,35.837684,127.1324951,063-277-1367,기타,일반음식점,"전라북도 전주시에서 식당을 찾으신다면? ""이디야커피(전주금암점)""를 방문해보세요! 레드테이블에서 온라인 예약이 가능합니다! 배달 가능한 매장입니다. 다국어 메뉴판이 있는 매장입니다.",운영중,True,True,금암1동,official_coordinates,https://www.data.go.kr/data/15076735/fileData.do; 2022-04-01,2022-04-01
351991,꽃돼지대박났네,전북특별자치도 전주시 덕진구 우아로 25,전북특별자치도 전주시 덕진구 중동 775-2,35.8501612,127.1559768,063-243-2770,호프/통닭,일반음식점,"전라북도 전주시에서 식당을 찾으신다면? ""꽃돼지대박났네""를 방문해보세요! 레드테이블에서 온라인 예약이 가능합니다! 다국어 메뉴판이 있는 매장입니다.",운영중,True,True,우아1동,official_coordinates,https://www.data.go.kr/data/15076735/fileData.do; 2022-04-01,2022-04-01
351998,남다른감자탕 전주송천점,전북특별자치도 전주시 덕진구 시천로 84,전북특별자치도 전주시 덕진구 송천동1가 564-11,35.8667968,127.1147267,063-255-2110,한식,일반음식점,"전라북도 전주시에서 맛집을 찾으신다면 ""남다른감자탕(전주송천점)""을 추천합니다. 남녀 화장실이 구분되어 있는 매장입니다. 배달 가능한 매장입니다. 주차공간, 놀이방이 마련되어 있으며 다국어 메뉴판, 무선 인터넷을 제공하는 매장입니다.",운영중,True,True,송천2동,official_coordinates,https://www.data.go.kr/data/15076735/fileData.do; 2022-04-01,2022-04-01
352000,천사곱창,전북특별자치도 전주시 덕진구 붓내3길 13,전북특별자치도 전주시 덕진구 송천동2가 523-24,35.8669236,127.1229839,063-252-9004,식육(숯불구이),일반음식점,"무엇을 먹을지 고민되신다고요? 전라북도 전주시에 계시다면 ""천사곱창(전주송천점)""을 추천합니다! 레드테이블에서 온라인 예약이 가능합니다! 남녀 화장실이 구분되어 있는 매장입니다. 배달 가능한 매장입니다. 다국어 메뉴판, 무선 인터넷이 있는 매장입니다.",운영중,True,True,송천1동,official_coordinates,https://www.data.go.kr/data/15076735/fileData.do; 2022-04-01,2022-04-01
351943,생고기 제작소,전북특별자치도 전주시 덕진구 송천중앙로 126,전북특별자치도 전주시 덕진구 송천동1가 395-3,35.8580586,127.1211474,063-275-9774,한식,일반음식점,"전라북도 전주시에서 맛집을 찾으신다면 ""생고기제작소(송천점)""를 추천합니다. 레드테이블에서 온라인 예약이 가능합니다! 다국어 메뉴판이 있는 매장입니다.",운영중,True,True,송천1동,official_coordinates,https://www.data.go.kr/data/15076735/fileData.do; 2022-04-01,2022-04-01
351891,해밀,전북특별자치도 전주시 덕진구 들사평로 62,전북특별자치도 전주시 덕진구 덕진동1가 1283-2 전북특별자치도체육회관,35.8407954,127.1261855,063-251-7049,한식,일반음식점,"""해밀""은 전라북도 전주시에 있습니다. 레드테이블에서 온라인 예약이 가능합니다! 다국어 메뉴판이 있는 매장입니다.",운영중,True,True,덕진동,official_coordinates,https://www.data.go.kr/data/15076735/fileData.do; 2022-04-01,2022-04-01
364117,용인백암순대국,전북특별자치도 전주시 완산구 소태정1길 12-3,전북특별자치도 전주시 완산구 효자동2가 1210-4,35.803113,127.100024,063-225-0101,생선회,,"""용인백암순대국""을 전라북도 전주시의 가 볼 만한 식당으로 추천합니다!",운영중,True,True,효자4동,official_coordinates,https://www.data.go.kr/data/15076735/fileData.do; 2022-04-01,2022-04-01
865680,금강초밥 일식,전북특별자치도 전주시 완산구 전라감영5길 25,전북특별자치도 전주시 완산구 중앙동3가 67-13,35.8177601,127.1457991,063-224-4488,,,"어디 가야 할지 고민이시라고요? 그럼 전라북도 전주시 맛집, ""금강초밥 일식""을 추천합니다!",운영중,True,True,중앙동,official_coordinates,https://www.data.go.kr/data/15076735/fileData.do; 2022-04-01,2022-04-01
381320,산촌신쭈꾸미,전북특별자치도 전주시 완산구 계룡산길 11,전북특별자치도 전주시 완산구 삼천동2가 254-6,35.7926115,127.1067357,063-236-9946,한식,일반음식점,"""산촌신쭈꾸미(전주점)""를 전라북도 전주시의 가 볼 만한 식당으로 추천합니다! 지방자치단체 인증을 받은 농림축산식품부 제공 안심식당입니다. 레드테이블에서 온라인 예약이 가능합니다! 남녀 화장실이 구분되어 있는 매장입니다. 배달 가능한 매장입니다. 주차공간, 다국어 메뉴판, 그리고 무선 인터넷이 있는 매장입니다.",운영중,True,True,삼천3동,official_coordinates,https://www.data.go.kr/data/15076735/fileData.do; 2022-04-01,2022-04-01
412396,코코호도 효자점,전북특별자치도 전주시 완산구 거마평로 113 상산타운상가3동111,전북특별자치도 전주시 완산구 효자동1가 652,35.802549,127.1165278,063-224-5585,제과점영업,제과점영업,"어디 가야 할지 고민이시라고요? 그럼 전라북도 전주시 맛집, ""코코호도(효자점)""를 추천합니다! 레드테이블에서 온라인 예약이 가능합니다! 다국어 메뉴판이 있는 매장입니다.",운영중,True,True,효자3동,official_coordinates,https://www.data.go.kr/data/15076735/fileData.do; 2022-04-01,2022-04-01
381337,꿀비,전북특별자치도 전주시 완산구 후곡길 12-6,전북특별자치도 전주시 완산구 효자동2가 1312-2,35.8097174,127.0963515,063-226-5277,호프/통닭,일반음식점,"전라북도 전주시에서 맛집을 찾으신다면 ""꿀비""를 추천합니다. 레드테이블에서 온라인 예약이 가능합니다! 남녀 화장실이 구분되어 있는 매장입니다. 배달 가능한 매장입니다. 다국어 메뉴판, 무선 인터넷이 있는 매장입니다.",운영중,True,True,효자4동,official_coordinates,https://www.data.go.kr/data/15076735/fileData.do; 2022-04-01,2022-04-01
381340,돼지박사전주점,전북특별자치도 전주시 완산구 전주객사3길 49,전북특별자치도 전주시 완산구 고사동 340-4,35.8194062,127.1418862,063-287-8255,한식,일반음식점,"전라북도 전주시에서 가 볼 만한 식당을 찾으신다면? ""돼지박사(전주점)""를 추천합니다! 레드테이블에서 온라인 예약이 가능합니다! 배달 가능한 매장입니다. 다국어 메뉴판이 있는 매장입니다.",운영중,True,True,중앙동,official_coordinates,https://www.data.go.kr/data/15076735/fileData.do; 2022-04-01,2022-04-01
381344,정다운밥상,전북특별자치도 전주시 완산구 삼천천변2길 28,전북특별자치도 전주시 완산구 삼천동1가 421-1,35.7963119,127.1131551,063-224-5423,한식,일반음식점,"전라북도 전주시에서 가 볼 만한 식당을 찾으신다면? ""정다운밥상""을 추천합니다! 레드테이블에서 온라인 예약이 가능합니다! 다국어 메뉴판이 있는 매장입니다.",운영중,True,True,삼천3동,official_coordinates,https://www.data.go.kr/data/15076735/fileData.do; 2022-04-01,2022-04-01
381352,지정환피자 서신진북점,전북특별자치도 전주시 완산구 전룡로 36,전북특별자치도 전주시 덕진구 송천동2가 229-3,35.8263798,127.1170468,063-254-9292,,일반음식점,"어디 가야 할지 고민이시라고요? 그럼 전라북도 전주시 맛집, ""지정환피자(서신점)""를 추천합니다! 레드테이블에서 온라인 예약이 가능합니다! 배달 가능한 매장입니다. 다국어 메뉴판이 있는 매장입니다.",운영중,True,True,서신동,official_coordinates,https://www.data.go.kr/data/15076735/fileData.do; 2022-04-01,2022-04-01
381356,고수닭갈비효자점,전북특별자치도 전주시 완산구 홍산남로 69-7,전북특별자치도 전주시 완산구 효자동3가 1536-5,35.8164516,127.1093656,063-222-9488,한식,일반음식점,"""고수닭갈비(효자점)""는 전라북도 전주시에 있습니다. 레드테이블에서 온라인 예약이 가능합니다! 배달 가능한 매장입니다. 다국어 메뉴판이 있는 매장입니다.",운영중,True,True,효자5동,official_coordinates,https://www.data.go.kr/data/15076735/fileData.do; 2022-04-01,2022-04-01
381360,이조참치,전북특별자치도 전주시 완산구 홍산남로 71,전북특별자치도 전주시 완산구 효자동3가 1539-1,35.81599,127.1097686,063-228-5580,회집,일반음식점,"전라북도 전주시에서 가 볼 만한 식당을 찾으신다면? ""이조참치(신시가지점)""를 추천합니다! 다국어 메뉴판이 있는 매장입니다.",운영중,True,True,효자5동,official_coordinates,https://www.data.go.kr/data/15076735/fileData.do; 2022-04-01,2022-04-01
381364,녹향,전북특별자치도 전주시 완산구 상거마1길 25,전북특별자치도 전주시 완산구 삼천동1가 656-5,35.7949737,127.1216821,063-225-5293,한식,일반음식점,"무엇을 먹을지 고민되신다고요? 전라북도 전주시에 계시다면 ""녹향""을 추천합니다! 레드테이블에서 온라인 예약이 가능합니다! 다국어 메뉴판이 있는 매장입니다.",운영중,True,True,삼천2동,official_coordinates,https://www.data.go.kr/data/15076735/fileData.do; 2022-04-01,2022-04-01
381368,소가담,전북특별자치도 전주시 완산구 마전2길 13 1층,전북특별자치도 전주시 완산구 효자동3가 1647-1,35.8228347,127.1026883,,한식,일반음식점,"전라북도 전주시에서 식당을 찾으신다면? ""소가담""을 방문해보세요! 레드테이블에서 온라인 예약이 가능합니다! 배달 가능한 매장입니다. 다국어 메뉴판이 있는 매장입니다.",운영중,True,True,효자5동,official_coordinates,https://www.data.go.kr/data/15076735/fileData.do; 2022-04-01,2022-04-01
381369,국민각,,전북특별자치도 전주시 완산구 전동 303-34,35.8129984,127.1472287,063-284-5112,한식,일반음식점,"전라북도 전주시에서 가 볼 만한 식당을 찾으신다면? ""국민각""을 추천합니다! 레드테이블에서 온라인 예약이 가능합니다! 남녀 화장실이 구분되어 있는 매장입니다. 다국어 메뉴판이 있는 매장입니다.",운영중,True,True,풍남동,official_coordinates,https://www.data.go.kr/data/15076735/fileData.do; 2022-04-01,2022-04-01
381371,갑기회관 효자점,전북특별자치도 전주시 완산구 홍산남로 59-5,전북특별자치도 전주시 완산구 효자동3가 1533-7,35.8164194,127.1083599,063-221-6265,한식,일반음식점,"전라북도 전주시에 가신다면 ""갑기회관(효자점)""에 방문해보세요~ 지방자치단체 인증을 받은 농림축산식품부 제공 안심식당입니다. 레드테이블에서 온라인 예약이 가능합니다! 다국어 메뉴판이 있는 매장입니다.",운영중,True,True,효자5동,official_coordinates,https://www.data.go.kr/data/15076735/fileData.do; 2022-04-01,2022-04-01
381372,전주돌솥감자탕,전북특별자치도 전주시 완산구 후곡길 23-34,전북특별자치도 전주시 완산구 효자동2가 1305-11,35.8107958,127.0944152,063-226-1711,한식,일반음식점,"전라북도 전주시에서 식당을 찾으신다면? ""전주돌솥감자탕""을 방문해보세요! 레드테이블에서 온라인 예약이 가능합니다! 다국어 메뉴판이 있는 매장입니다.",운영중,True,True,효자4동,official_coordinates,https://www.data.go.kr/data/15076735/fileData.do; 2022-04-01,2022-04-01
381376,고기그리고맛있는솜씨,전북특별자치도 전주시 완산구 우전1길 49-3,전북특별자치도 전주시 완산구 효자동2가 1332-2,35.8080109,127.1055226,063-222-2646,정종/대포집/소주방,일반음식점,"전라북도 전주시에 방문하신다면, ""고기그리고맛있는솜씨""에 가보시는 것은 어떨까요? 2016년 05월 20일 KBS2 2TV생생정보 94회에 방영되었을 만큼 소문난 매장이랍니다! 남녀 화장실이 구분되어 있는 매장입니다. 주차공간, 다국어 메뉴판, 그리고 무선 인터넷이 있는 매장입니다.",운영중,True,True,효자4동,official_coordinates,https://www.data.go.kr/data/15076735/fileData.do; 2022-04-01,2022-04-01
381377,서해바다횟집,전북특별자치도 전주시 완산구 석산1길 18-7 2층,전북특별자치도 전주시 완산구 효자동3가 1694-3,35.8208594,127.1037538,063-221-5751,한식,일반음식점,"전라북도 전주시에 가신다면 ""서해바다""에 방문해보세요~ 지방자치단체 인증을 받은 농림축산식품부 제공 안심식당입니다. 레드테이블에서 온라인 예약이 가능합니다! 남녀 화장실이 구분되어 있는 매장입니다. 배달 가능한 매장입니다. 주차공간, 다국어 메뉴판, 그리고 무선 인터넷이 있는 매장입니다.",운영중,True,True,효자5동,official_coordinates,https://www.data.go.kr/data/15076735/fileData.do; 2022-04-01,2022-04-01
381319,마포갈매기,전북특별자치도 전주시 완산구 고사평4길 16,전북특별자치도 전주시 완산구 서신동 952-1,35.8352148,127.1111593,063-271-9282,한식,일반음식점,"무엇을 먹을지 고민되신다고요? 전라북도 전주시에 계시다면 ""마포갈매기""를 추천합니다! 레드테이블에서 온라인 예약이 가능합니다! 다국어 메뉴판이 있는 매장입니다.",운영중,True,True,서신동,official_coordinates,https://www.data.go.kr/data/15076735/fileData.do; 2022-04-01,2022-04-01
381311,죽이야기 효자휴먼시아점,전북특별자치도 전주시 완산구 호암로 84,전북특별자치도 전주시 완산구 효자동2가 1319-4,35.8081094,127.1036346,063-222-6033,기타,일반음식점,"무엇을 먹을지 고민되신다고요? 전라북도 전주시에 계시다면 ""죽이야기(전주 효자휴먼시아점)""를 추천합니다! 지방자치단체 인증을 받은 농림축산식품부 제공 안심식당입니다. 레드테이블에서 온라인 예약이 가능합니다! 반려동물 입장이 가능한 매장입니다. 배달 가능한 매장입니다. 다국어 메뉴판이 있는 매장입니다.",운영중,True,True,효자4동,official_coordinates,https://www.data.go.kr/data/15076735/fileData.do; 2022-04-01,2022-04-01
381307,납작한슬리퍼,전북특별자치도 전주시 완산구 전주객사2길 24,전북특별자치도 전주시 완산구 고사동 455-2,35.8179588,127.1409522,070-8806-3100,,일반음식점,"전라북도 전주시에서 가 볼 만한 식당을 찾으신다면? ""납작한슬리퍼""를 추천합니다! 다국어 메뉴판이 있는 매장입니다.",운영중,True,True,중앙동,official_coordinates,https://www.data.go.kr/data/15076735/fileData.do; 2022-04-01,2022-04-01
381305,봉구스밥버거 전주대점,전북특별자치도 전주시 완산구 백마산길 21,전북특별자치도 전주시 완산구 효자동3가 1184-3,35.8172807,127.0909038,063-229-1567,,일반음식점,"전라북도 전주시에 가신다면 ""봉구스밥버거(전주대점)""에 방문해보세요~ 배달 가능한 매장입니다. 다국어 메뉴판이 있는 매장입니다.",운영중,True,True,효자4동,official_coordinates,https://www.data.go.kr/data/15076735/fileData.do; 2022-04-01,2022-04-01
371106,롯데리아 롯데마트전주송천점,전북특별자치도 전주시 덕진구 송천중앙로 82 롯데마트 송천점,전북특별자치도 전주시 덕진구 송천동1가 281-1,35.8543821,127.1203125,063-275-0907,햄버거,,"전라북도 전주시에 가신다면 ""롯데리아 롯데마트전주송천점""에 방문해보세요~",운영중,True,True,송천1동,official_coordinates,https://www.data.go.kr/data/15076735/fileData.do; 2022-04-01,2022-04-01
371172,가마골보신탕,전북특별자치도 전주시 덕진구 송천3길 44-10,전북특별자치도 전주시 덕진구 송천동1가 443-35,35.8607342,127.1164928,063-251-3953,"사철,영양탕",,"""가마골보신탕""은 전라북도 전주시에 있습니다.",운영중,True,True,송천2동,official_coordinates,https://www.data.go.kr/data/15076735/fileData.do; 2022-04-01,2022-04-01
865593,모카블라썸,전북특별자치도 전주시 덕진구 권삼득로 305-1,전북특별자치도 전주시 덕진구 금암동 664-48,35.8432058,127.1281563,063-255-7291,카페,,"전라북도 전주시에서 맛집을 찾으신다면 ""모카블라썸""을 추천합니다.",운영중,True,True,덕진동,official_coordinates,https://www.data.go.kr/data/15076735/fileData.do; 2022-04-01,2022-04-01
865590,오가다,전북특별자치도 전주시 완산구 중산10길 17,전북특별자치도 전주시 완산구 중화산동2가 595-11,35.8188274,127.1220041,063-237-0001,차,,"전라북도 전주시에서 식당을 찾으신다면? ""오가다""를 방문해보세요!",운영중,True,True,중화산2동,official_coordinates,https://www.data.go.kr/data/15076735/fileData.do; 2022-04-01,2022-04-01
865585,술꼬,전북특별자치도 전주시 완산구 중산8길 15-8,전북특별자치도 전주시 완산구 중화산동2가 598-6,35.818179,127.122017,063-222-5839,술집,,"전라북도 전주시에서 식당을 찾으신다면? ""술꼬""를 방문해보세요!",운영중,True,True,중화산2동,official_coordinates,https://www.data.go.kr/data/15076735/fileData.do; 2022-04-01,2022-04-01
371411,생생집,전북특별자치도 전주시 덕진구 송천3길 41,전북특별자치도 전주시 덕진구 송천동1가 634-1,35.8598719,127.1172009,063-252-9406,술집,,"무엇을 먹을지 고민되신다고요? 전라북도 전주시에 계시다면 ""생생집""을 추천합니다!",운영중,True,True,송천2동,official_coordinates,https://www.data.go.kr/data/15076735/fileData.do; 2022-04-01,2022-04-01
865567,도이첸전주터미널점,전북특별자치도 전주시 덕진구 가리내로 70,전북특별자치도 전주시 덕진구 금암동 767-2 전주고속버스터미널,35.8344949,127.1292818,063-277-6364,햄버거,,"무엇을 먹을지 고민되신다고요? 전라북도 전주시에 계시다면 ""도이첸전주터미널점""을 추천합니다!",운영중,True,True,금암1동,official_coordinates,https://www.data.go.kr/data/15076735/fileData.do; 2022-04-01,2022-04-01
367663,1993가맥,전북특별자치도 전주시 덕진구 가리내7길 7 1층,전북특별자치도 전주시 덕진구 덕진동2가 671-2,35.84454,127.11097,063-251-0778,맥주,,"전라북도 전주시에 가신다면 ""1993가맥""에 방문해보세요~",운영중,True,True,덕진동,official_coordinates,https://www.data.go.kr/data/15076735/fileData.do; 2022-04-01,2022-04-01
865557,소옥순여사아바이순대,전북특별자치도 전주시 완산구 효자로 321,전북특별자치도 전주시 완산구 중화산동2가 585-15,35.8193027,127.1205033,063-221-8243,순대,,"전라북도 전주시에서 가 볼 만한 식당을 찾으신다면? ""소옥순여사아바이순대""를 추천합니다!",운영중,True,True,중화산2동,official_coordinates,https://www.data.go.kr/data/15076735/fileData.do; 2022-04-01,2022-04-01
381282,화산소국밥,전북특별자치도 전주시 완산구 중화산로 90 1층 화산소국밥,전북특별자치도 전주시 완산구 중화산동2가 592-5,35.8182776,127.118547,063-221-6018,한식,일반음식점,"전라북도 전주시에서 맛집을 찾으신다면 ""화산소국밥""을 추천합니다. 레드테이블에서 온라인 예약이 가능합니다! 남녀 화장실이 구분되어 있는 매장입니다. 배달 가능한 매장입니다. 주차공간, 다국어 메뉴판이 있는 매장입니다.",운영중,True,True,중화산2동,official_coordinates,https://www.data.go.kr/data/15076735/fileData.do; 2022-04-01,2022-04-01
381284,에버빈커피,전북특별자치도 전주시 완산구 홍산3길 21-1,전북특별자치도 전주시 완산구 효자동3가 1527-1,35.8183189,127.1069754,070-4241-9911,기타,일반음식점,"전라북도 전주시에서 식당을 찾으신다면? ""에버빈커피""를 방문해보세요! 레드테이블에서 온라인 예약이 가능합니다! 다국어 메뉴판이 있는 매장입니다.",운영중,True,True,효자5동,official_coordinates,https://www.data.go.kr/data/15076735/fileData.do; 2022-04-01,2022-04-01
381285,레디오스타,전북특별자치도 전주시 완산구 동문길 61,전북특별자치도 전주시 완산구 풍남동1가 42-1 일신한지방,35.8185306,127.1505973,063-236-5880,분식,일반음식점,"어디 가야 할지 고민이시라고요? 그럼 전라북도 전주시 맛집, ""라디오스타""를 추천합니다! 레드테이블에서 온라인 예약이 가능합니다! 다국어 메뉴판, 무선 인터넷이 있는 매장입니다.",운영중,True,True,풍남동,official_coordinates,https://www.data.go.kr/data/15076735/fileData.do; 2022-04-01,2022-04-01
381290,효자동아귀찜,전북특별자치도 전주시 완산구 바우배기2길 23 1층,전북특별자치도 전주시 완산구 효자동2가 1236-4,35.8169859,127.1043031,063-236-4642,한식,일반음식점,"""효자동아귀찜""은 전라북도 전주시에 있습니다. 위생 수준이 우수하고 친절한 서비스로 지방자치단체의 선정을 받은 모범음식점입니다. 레드테이블에서 온라인 예약이 가능합니다! 배달 가능한 매장입니다. 다국어 메뉴판이 있는 매장입니다.",운영중,True,True,효자5동,official_coordinates,https://www.data.go.kr/data/15076735/fileData.do; 2022-04-01,2022-04-01
381293,영광집,전북특별자치도 전주시 완산구 효자로 265,전북특별자치도 전주시 완산구 중화산동2가 767-2,35.8192508,127.1144335,063-222-0878,경양식,일반음식점,"""전주영광집생선구이전문(도청직영점)""은 전라북도 전주시에 있습니다. 레드테이블에서 온라인 예약이 가능합니다! 배달 가능한 매장입니다. 다국어 메뉴판이 있는 매장입니다.",운영중,True,True,중화산2동,official_coordinates,https://www.data.go.kr/data/15076735/fileData.do; 2022-04-01,2022-04-01
381298,떳다청하,전북특별자치도 전주시 완산구 현무3길 86,전북특별자치도 전주시 완산구 다가동4가 83-5,35.8230645,127.1491761,063-231-7484,중국식,일반음식점,"무엇을 먹을지 고민되신다고요? 전라북도 전주시에 계시다면 ""떳다청하""를 추천합니다! 레드테이블에서 온라인 예약이 가능합니다! 배달 가능한 매장입니다. 다국어 메뉴판이 있는 매장입니다.",운영중,True,True,노송동,official_coordinates,https://www.data.go.kr/data/15076735/fileData.do; 2022-04-01,2022-04-01
381302,전주회관,전북특별자치도 전주시 완산구 풍남문3길 6,전북특별자치도 전주시 완산구 전동 92-5,35.814096,127.1475224,063-282-9005,한식,일반음식점,"전라북도 전주시에서 맛집을 찾으신다면 ""전주회관""을 추천합니다. 지방자치단체 인증을 받은 농림축산식품부 제공 안심식당입니다. 다국어 메뉴판이 있는 매장입니다.",운영중,True,True,풍남동,official_coordinates,https://www.data.go.kr/data/15076735/fileData.do; 2022-04-01,2022-04-01
381281,신가네정읍국밥 전주점,전북특별자치도 전주시 완산구 소태정1길 24,전북특별자치도 전주시 완산구 효자동2가 1209-5,35.8029008,127.099189,063-222-6457,한식,일반음식점,"""신가네정읍국밥(효자점)""은 전라북도 전주시에 있습니다. 레드테이블에서 온라인 예약이 가능합니다! 남녀 화장실이 구분되어 있는 매장입니다. 배달 가능한 매장입니다. 주차공간, 다국어 메뉴판이 있는 매장입니다.",운영중,True,True,효자4동,official_coordinates,https://www.data.go.kr/data/15076735/fileData.do; 2022-04-01,2022-04-01
381380,역전할머니맥주 서곡점,전북특별자치도 전주시 완산구 서곡로 71,전북특별자치도 전주시 완산구 효자동3가 1435-5,35.8353235,127.101235,063-273-7624,한식,일반음식점,"전라북도 전주시에서 식당을 찾으신다면? ""역전할머니맥주(서곡점)""를 방문해보세요! 남녀 화장실이 구분되어 있는 매장입니다. 다국어 메뉴판, 무선 인터넷이 있는 매장입니다.",운영중,True,True,효자5동,official_coordinates,https://www.data.go.kr/data/15076735/fileData.do; 2022-04-01,2022-04-01
351877,파리바게뜨 전주휴먼시아점,전북특별자치도 전주시 완산구 호암로 77,전북특별자치도 전주시 완산구 효자동2가 1318-1,35.8088501,127.1030089,063-227-0514,제과점영업,제과점영업,"무엇을 먹을지 고민되신다고요? 전라북도 전주시에 계시다면 ""파리바게뜨(전주휴먼시아점)""를 추천합니다! 레드테이블에서 온라인 예약이 가능합니다! 배달 가능한 매장입니다. 다국어 메뉴판이 있는 매장입니다.",운영중,True,True,효자4동,official_coordinates,https://www.data.go.kr/data/15076735/fileData.do; 2022-04-01,2022-04-01
351853,신포우리만두 효자휴먼시아점,전북특별자치도 전주시 완산구 호암로 77,전북특별자치도 전주시 완산구 효자동2가 1318-1,35.8088501,127.1030089,063-222-0677,일반조리판매,휴게음식점,"""신포우리만두(효자휴먼시아점)""를 전라북도 전주시의 가 볼 만한 식당으로 추천합니다! 레드테이블에서 온라인 예약이 가능합니다! 반려동물 입장이 가능한 매장입니다. 배달 가능한 매장입니다. 다국어 메뉴판이 있는 매장입니다.",운영중,True,True,효자4동,official_coordinates,https://www.data.go.kr/data/15076735/fileData.do; 2022-04-01,2022-04-01
325358,피자써클 전주송천점,전북특별자치도 전주시 덕진구 솔내8길 16 103호 피자써클 송천점,전북특별자치도 전주시 덕진구 송천동1가 484,35.8608807,127.122962,063-276-9991,패스트푸드,휴게음식점,"전라북도 전주시에서 맛집을 찾으신다면 ""피자써클(전주송천점)""을 추천합니다. 주차공간, 다국어 메뉴판이 있는 매장입니다.",운영중,True,True,송천1동,official_coordinates,https://www.data.go.kr/data/15076735/fileData.do; 2022-04-01,2022-04-01
325372,파리바게트 전주어울림점,전북특별자치도 전주시 덕진구 백제대로 744,전북특별자치도 전주시 완산구 평화동2가 339-7,35.8455866,127.150371,063-245-8201,제과점영업,제과점영업,"""파리바게뜨(전주어울림점)""는 전라북도 전주시에 있습니다. 레드테이블에서 온라인 예약이 가능합니다! 배달 가능한 매장입니다. 다국어 메뉴판이 있는 매장입니다.",운영중,True,True,인후2동,official_coordinates,https://www.data.go.kr/data/15076735/fileData.do; 2022-04-01,2022-04-01
865805,낙쭈족,전북특별자치도 전주시 덕진구 권삼득로 252,전북특별자치도 전주시 덕진구 금암동 728-53,35.8400524,127.1327348,063-252-2207,한식,,"어디 가야 할지 고민이시라고요? 그럼 전라북도 전주시 맛집, ""낙쭈족""을 추천합니다!",운영중,True,True,금암1동,official_coordinates,https://www.data.go.kr/data/15076735/fileData.do; 2022-04-01,2022-04-01
340274,영등동골목길,전북특별자치도 전주시 완산구 마전3길 2 1층,전북특별자치도 전주시 완산구 효자동3가 1630-4,35.823849,127.1040265,,한식,,"전라북도 전주시에서 맛집을 찾으신다면 ""영등동골목길""을 추천합니다.",운영중,True,True,효자5동,official_coordinates,https://www.data.go.kr/data/15076735/fileData.do; 2022-04-01,2022-04-01
341865,CAFE샵지금여기,전북특별자치도 전주시 완산구 문학로 19 뿌리빌라 1층,전북특별자치도 전주시 완산구 효자동3가 1604-21,35.8269398,127.1017547,,카페,,"""CAFE샵지금여기""는 전라북도 전주시에 있습니다.",운영중,True,True,효자5동,official_coordinates,https://www.data.go.kr/data/15076735/fileData.do; 2022-04-01,2022-04-01
865797,최재호베이커리 서신점,전북특별자치도 전주시 완산구 전룡로 126,전북특별자치도 전주시 완산구 서신동 5-32,35.8288479,127.1264307,063-255-9096,베이커리,,"전라북도 전주시에서 식당을 찾으신다면? ""최재호베이커리 서신점""을 방문해보세요!",운영중,True,True,서신동,official_coordinates,https://www.data.go.kr/data/15076735/fileData.do; 2022-04-01,2022-04-01
349670,전주제일옥,,전북특별자치도 전주시 덕진구 송천동1가 342,35.8544631,127.1190246,063-275-1991,국밥,,"""전주제일옥""은 전라북도 전주시에 있습니다.",운영중,True,True,송천2동,official_coordinates,https://www.data.go.kr/data/15076735/fileData.do; 2022-04-01,2022-04-01
865781,평화육개장,전북특별자치도 전주시 완산구 충경로 82,전북특별자치도 전주시 완산구 경원동1가 2-10,35.8186632,127.1480585,063-283-6555,한식,일반음식점,"""평화육개장""은 전라북도 전주시에 있습니다. 레드테이블에서 온라인 예약이 가능합니다! 배달 가능한 매장입니다. 다국어 메뉴판이 있는 매장입니다.",운영중,True,True,풍남동,official_coordinates,https://www.data.go.kr/data/15076735/fileData.do; 2022-04-01,2022-04-01
351652,카페지니,전북특별자치도 전주시 완산구 삼천천변3길 32-3,전북특별자치도 전주시 완산구 삼천동1가 449-1,35.7978206,127.1132201,063-221-5258,,일반음식점,"""카페지니""는 전라북도 전주시에 있습니다. 레드테이블에서 온라인 예약이 가능합니다! 다국어 메뉴판이 있는 매장입니다.",운영중,True,True,삼천3동,official_coordinates,https://www.data.go.kr/data/15076735/fileData.do; 2022-04-01,2022-04-01
351655,엉터리 생고기 객사점,"전북특별자치도 전주시 완산구 전주객사4길 44-24 2,3층","전북특별자치도 전주시 완산구 고사동 139 2,3층",35.8195861,127.144641,063-232-8893,기타,일반음식점,"""엉터리생고기(객사점)""를 전라북도 전주시의 가 볼 만한 식당으로 추천합니다! 레드테이블에서 온라인 예약이 가능합니다! 다국어 메뉴판이 있는 매장입니다.",운영중,True,True,중앙동,official_coordinates,https://www.data.go.kr/data/15076735/fileData.do; 2022-04-01,2022-04-01
351660,타이거슈가 전주객사점,전북특별자치도 전주시 완산구 전주객사4길 44-22 1층,전북특별자치도 전주시 완산구 고사동 141-3,35.8196869,127.144593,063-283-5690,한식,일반음식점,"전라북도 전주시에서 가 볼 만한 식당을 찾으신다면? ""타이거슈가(전주객사점)""를 추천합니다! 다국어 메뉴판, 무선 인터넷이 있는 매장입니다.",운영중,True,True,중앙동,official_coordinates,https://www.data.go.kr/data/15076735/fileData.do; 2022-04-01,2022-04-01
351665,부송국수 전주평화점,전북특별자치도 전주시 완산구 평화1길 16-5,전북특별자치도 전주시 완산구 평화동2가 906-5,35.7825616,127.132108,063-236-6523,분식,일반음식점,"전라북도 전주시에서 가 볼 만한 식당을 찾으신다면? ""부송국수(전주 평화점)""를 추천합니다! 레드테이블에서 온라인 예약이 가능합니다! 배달 가능한 매장입니다. 다국어 메뉴판이 있는 매장입니다.",운영중,True,True,평화2동,official_coordinates,https://www.data.go.kr/data/15076735/fileData.do; 2022-04-01,2022-04-01
351668,사위밥상,전북특별자치도 전주시 완산구 거마평로 188-3,전북특별자치도 전주시 완산구 효자동1가 622-6,35.8094469,127.1158788,063-225-3654,한식,일반음식점,"무엇을 먹을지 고민되신다고요? 전라북도 전주시에 계시다면 ""사위밥상""을 추천합니다! 레드테이블에서 온라인 예약이 가능합니다! 배달 가능한 매장입니다. 다국어 메뉴판이 있는 매장입니다.",운영중,True,True,효자2동,official_coordinates,https://www.data.go.kr/data/15076735/fileData.do; 2022-04-01,2022-04-01
351676,동래분식,전북특별자치도 전주시 완산구 풍남문2길 39,전북특별자치도 전주시 완산구 전동 303-238,35.8125984,127.147168,063-288-4607,한식,일반음식점,"2021년 01월 07일 KBS1 6시내고향 7193회, 2019년 10월 02일 KBS2 2TV생생정보 912회, 2019년 02월 14일 SBS 생방송투데이 2268회, 2018년 12월 14일 MBC 생방송오늘아침 3115회 등 많은 방송에 등장한 바로 그 곳! 전라북도 전주시에 가시면 소문난 맛집 ""동래분식""을 방문해보세요! 레드테이블에서 온라인 예약이 가능합니다! 다국어 메뉴판이 있는 매장입니다.",운영중,True,True,풍남동,official_coordinates,https://www.data.go.kr/data/15076735/fileData.do; 2022-04-01,2022-04-01
351678,등마루,전북특별자치도 전주시 완산구 서곡1길 13-6,전북특별자치도 전주시 완산구 효자동3가 1450-4,35.8349722,127.0993517,063-253-3477,한식,일반음식점,"어디 가야 할지 고민이시라고요? 그럼 전라북도 전주시 맛집, ""등마루(본점)""를 추천합니다! 레드테이블에서 온라인 예약이 가능합니다! 배달 가능한 매장입니다. 다국어 메뉴판이 있는 매장입니다.",운영중,True,True,효자5동,official_coordinates,https://www.data.go.kr/data/15076735/fileData.do; 2022-04-01,2022-04-01
325357,카와르,전북특별자치도 전주시 덕진구 삼송3길 42,전북특별자치도 전주시 덕진구 금암동 1543-3,35.8440169,127.1370807,063-271-6244,커피숍,휴게음식점,"""카와르(전북대 본점)""를 전라북도 전주시의 가 볼 만한 식당으로 추천합니다! 레드테이블에서 온라인 예약이 가능합니다! 다국어 메뉴판이 있는 매장입니다.",운영중,True,True,금암1동,official_coordinates,https://www.data.go.kr/data/15076735/fileData.do; 2022-04-01,2022-04-01
325352,롯데리아 전주동산점,전북특별자치도 전주시 덕진구 편운로 6,전북특별자치도 전주시 덕진구 여의동2가 701,35.8708288,127.0770367,063-211-0774,패스트푸드,휴게음식점,"전라북도 전주시에서 식당을 찾으신다면? ""롯데리아(전주동산점)""를 방문해보세요! 레드테이블에서 온라인 예약이 가능합니다! 배달 가능한 매장입니다. 키오스크, 다국어 메뉴판이 있는 매장입니다.",운영중,True,True,여의동,official_coordinates,https://www.data.go.kr/data/15076735/fileData.do; 2022-04-01,2022-04-01
325349,김밥세상,전북특별자치도 전주시 덕진구 권삼득로 238,전북특별자치도 전주시 덕진구 금암동 728-28,35.8389146,127.1337115,063-275-7274,일반조리판매,휴게음식점,"전라북도 전주시에서 맛집을 찾으신다면 ""김밥세상""을 추천합니다. 레드테이블에서 온라인 예약이 가능합니다! 다국어 메뉴판이 있는 매장입니다.",운영중,True,True,금암1동,official_coordinates,https://www.data.go.kr/data/15076735/fileData.do; 2022-04-01,2022-04-01
325345,옛날멸치국시 송천점,전북특별자치도 전주시 덕진구 솔내8길 17,전북특별자치도 전주시 덕진구 송천동1가 114-15,35.8611551,127.123404,063-225-5997,일반조리판매,휴게음식점,"전라북도 전주시에 가신다면 ""옛날멸치국시(송천점)""에 방문해보세요~ 레드테이블에서 온라인 예약이 가능합니다! 다국어 메뉴판이 있는 매장입니다.",운영중,True,True,송천1동,official_coordinates,https://www.data.go.kr/data/15076735/fileData.do; 2022-04-01,2022-04-01
325226,대동국수 동산점,전북특별자치도 전주시 덕진구 편운로 28,전북특별자치도 전주시 덕진구 여의동2가 576 푸른한의원,35.8718721,127.0794504,063-213-1455,한식,일반음식점,"전라북도 전주시에서 가 볼 만한 식당을 찾으신다면? ""대동국수(동산점)""를 추천합니다! 레드테이블에서 온라인 예약이 가능합니다! 다국어 메뉴판이 있는 매장입니다.",운영중,True,True,여의동,official_coordinates,https://www.data.go.kr/data/15076735/fileData.do; 2022-04-01,2022-04-01
325232,무쇠랑 닭갈비,전북특별자치도 전주시 덕진구 용소로 62,전북특별자치도 전주시 덕진구 송천동1가 835-1,35.8633312,127.115103,063-278-9285,한식,일반음식점,"전라북도 전주시에서 맛집을 찾으신다면 ""무쇠랑닭갈비""를 추천합니다. 레드테이블에서 온라인 예약이 가능합니다! 배달 가능한 매장입니다. 다국어 메뉴판이 있는 매장입니다.",운영중,True,True,송천2동,official_coordinates,https://www.data.go.kr/data/15076735/fileData.do; 2022-04-01,2022-04-01
325239,케이치킨앤골뱅이,전북특별자치도 전주시 덕진구 송천3길 43,전북특별자치도 전주시 덕진구 송천동1가 633-1,35.8599461,127.1169933,063-271-7580,호프/통닭,일반음식점,"전라북도 전주시에서 맛집을 찾으신다면 ""케이치킨앤골뱅이""를 추천합니다. 다국어 메뉴판이 있는 매장입니다.",운영중,True,True,송천2동,official_coordinates,https://www.data.go.kr/data/15076735/fileData.do; 2022-04-01,2022-04-01
325245,남원본가추어탕,전북특별자치도 전주시 덕진구 두간2길 3-10,전북특별자치도 전주시 덕진구 송천동1가 808-10,35.8661327,127.1206659,063-255-5382,한식,일반음식점,"전라북도 전주시에 가신다면 ""남원본가추어탕""에 방문해보세요~ 레드테이블에서 온라인 예약이 가능합니다! 다국어 메뉴판이 있는 매장입니다.",운영중,True,True,송천2동,official_coordinates,https://www.data.go.kr/data/15076735/fileData.do; 2022-04-01,2022-04-01
325246,짜장면가,전북특별자치도 전주시 덕진구 한배미로 36,전북특별자치도 전주시 덕진구 인후동1가 952-4,35.824047,127.1688253,063-241-9969,중국식,일반음식점,"전라북도 전주시에서 어디를 갈지 고민이라면! ""짜장면가""에 가보시는 건 어떨까요? 레드테이블에서 온라인 예약이 가능합니다! 다국어 메뉴판이 있는 매장입니다.",운영중,True,True,인후3동,official_coordinates,https://www.data.go.kr/data/15076735/fileData.do; 2022-04-01,2022-04-01
325250,시래기무청감자탕,전북특별자치도 전주시 덕진구 붓내4길 8-3,전북특별자치도 전주시 덕진구 송천동2가 484,35.8673668,127.1225102,063-253-0815,한식,일반음식점,"전라북도 전주시에서 맛집을 찾으신다면 ""무청시래기감자탕""을 추천합니다. 레드테이블에서 온라인 예약이 가능합니다! 배달 가능한 매장입니다. 다국어 메뉴판이 있는 매장입니다.",운영중,True,True,송천1동,official_coordinates,https://www.data.go.kr/data/15076735/fileData.do; 2022-04-01,2022-04-01
325251,마야 복분자왕족발보쌈,전북특별자치도 전주시 덕진구 용소로 77,전북특별자치도 전주시 덕진구 송천동1가 827-5,35.8637123,127.1167592,063-273-0163,한식,일반음식점,"전라북도 전주시에서 식당을 찾으신다면? ""마야 복분자왕족발보쌈""을 방문해보세요! 다국어 메뉴판이 있는 매장입니다.",운영중,True,True,송천2동,official_coordinates,https://www.data.go.kr/data/15076735/fileData.do; 2022-04-01,2022-04-01
351681,김밥천국 효자점,전북특별자치도 전주시 완산구 우전로 206,전북특별자치도 전주시 완산구 효자동2가 1256-3,35.8128734,127.1020597,063-228-7070,분식,일반음식점,"무엇을 먹을지 고민되신다고요? 전라북도 전주시에 계시다면 ""김밥천국(효자점)""을 추천합니다! 레드테이블에서 온라인 예약이 가능합니다! 배달 가능한 매장입니다. 다국어 메뉴판이 있는 매장입니다.",운영중,True,True,효자4동,official_coordinates,https://www.data.go.kr/data/15076735/fileData.do; 2022-04-01,2022-04-01
325256,노랑통닭 전북대점,전북특별자치도 전주시 덕진구 명륜3길 18-3,전북특별자치도 전주시 덕진구 덕진동1가 1314-182,35.8425602,127.1283579,063-253-9283,정종/대포집/소주방,일반음식점,"전라북도 전주시에서 식당을 찾으신다면? ""노랑통닭(전주전북대점)""을 방문해보세요! 레드테이블에서 온라인 예약이 가능합니다! 배달 가능한 매장입니다. 다국어 메뉴판이 있는 매장입니다.",운영중,True,True,덕진동,official_coordinates,https://www.data.go.kr/data/15076735/fileData.do; 2022-04-01,2022-04-01
325269,1250 부산오뎅 송천점,전북특별자치도 전주시 덕진구 붓내3길 16,전북특별자치도 전주시 덕진구 송천동2가 522-6,35.8665136,127.1230444,063-252-2323,정종/대포집/소주방,일반음식점,"전라북도 전주시에서 맛집을 찾으신다면 ""1250(송천점)""을 추천합니다. 레드테이블에서 온라인 예약이 가능합니다! 다국어 메뉴판이 있는 매장입니다.",운영중,True,True,송천1동,official_coordinates,https://www.data.go.kr/data/15076735/fileData.do; 2022-04-01,2022-04-01
325284,용구비어 전주본점,전북특별자치도 전주시 덕진구 덕진광장로 21,전북특별자치도 전주시 덕진구 덕진동1가 1312-29,35.845113,127.1251518,063-275-7209,김밥(도시락),일반음식점,"무엇을 먹을지 고민되신다고요? 전라북도 전주시에 계시다면 ""용구비어(전주본점)""를 추천합니다! 레드테이블에서 온라인 예약이 가능합니다! 다국어 메뉴판이 있는 매장입니다.",운영중,True,True,덕진동,official_coordinates,https://www.data.go.kr/data/15076735/fileData.do; 2022-04-01,2022-04-01
325285,노랑통닭 송천점,전북특별자치도 전주시 덕진구 솔내로 175,전북특별자치도 전주시 덕진구 송천동2가 202-11,35.8657539,127.1268542,063-255-6777,호프/통닭,일반음식점,"무엇을 먹을지 고민되신다고요? 전라북도 전주시에 계시다면 ""노랑통닭(송천점)""을 추천합니다! 남녀 화장실이 구분되어 있는 매장입니다. 주차공간, 다국어 메뉴판이 있는 매장입니다.",운영중,True,True,송천1동,official_coordinates,https://www.data.go.kr/data/15076735/fileData.do; 2022-04-01,2022-04-01
325296, 가장맛있는족발동산반월점 ,전북특별자치도 전주시 덕진구 편운로 26,전북특별자치도 전주시 덕진구 여의동2가 573-7,35.8716596,127.0791224,063-213-5849,한식,일반음식점,"전라북도 전주시에서 가 볼 만한 식당을 찾으신다면? ""가장맛있는족발(전주동산반월점)""을 추천합니다! 레드테이블에서 온라인 예약이 가능합니다! 남녀 화장실이 구분되어 있는 매장입니다. 배달 가능한 매장입니다. 다국어 메뉴판이 있는 매장입니다.",운영중,True,True,여의동,official_coordinates,https://www.data.go.kr/data/15076735/fileData.do; 2022-04-01,2022-04-01
325298,현대옥 아중점,전북특별자치도 전주시 덕진구 무삼지4길 14,전북특별자치도 전주시 덕진구 인후동1가 915-8,35.82612,127.1646207,063-284-0099,한식,일반음식점,"전라북도 전주시에서 맛집을 찾으신다면 ""현대옥(아중점)""을 추천합니다. 위생 수준이 우수하고 친절한 서비스로 지방자치단체의 선정을 받은 모범음식점입니다. 레드테이블에서 온라인 예약이 가능합니다! 남녀 화장실이 구분되어 있는 매장입니다. 다국어 메뉴판이 있는 매장입니다.",운영중,True,True,인후3동,official_coordinates,https://www.data.go.kr/data/15076735/fileData.do; 2022-04-01,2022-04-01
325303,백김치새싹막회우아본점,전북특별자치도 전주시 덕진구 백제대로 781,전북특별자치도 전주시 완산구 풍남동1가 17-1,35.8474398,127.154132,063-246-3456,회집,일반음식점,"""백김치 새싹막회(우아본점)""를 전라북도 전주시의 가 볼 만한 식당으로 추천합니다! 레드테이블에서 온라인 예약이 가능합니다! 배달 가능한 매장입니다. 다국어 메뉴판이 있는 매장입니다.",운영중,True,True,우아1동,official_coordinates,https://www.data.go.kr/data/15076735/fileData.do; 2022-04-01,2022-04-01
325334,꿀돼지삼형제,전북특별자치도 전주시 덕진구 붓내4길 8-5,전북특별자치도 전주시 덕진구 송천동2가 484-8,35.8673367,127.1227462,063-272-3021,한식,일반음식점,"무엇을 먹을지 고민되신다고요? 전라북도 전주시에 계시다면 ""꿀돼지삼형제""를 추천합니다! 레드테이블에서 온라인 예약이 가능합니다! 다국어 메뉴판이 있는 매장입니다.",운영중,True,True,송천1동,official_coordinates,https://www.data.go.kr/data/15076735/fileData.do; 2022-04-01,2022-04-01
325262,중화정 송천점,전북특별자치도 전주시 덕진구 붓내3길 12,전북특별자치도 전주시 덕진구 송천동2가 197-11,35.8662577,127.1226856,063-255-7787,중국식,일반음식점,"전라북도 전주시에서 가 볼 만한 식당을 찾으신다면? ""중화정(송천점)""을 추천합니다! 배달 가능한 매장입니다. 다국어 메뉴판이 있는 매장입니다.",운영중,True,True,송천1동,official_coordinates,https://www.data.go.kr/data/15076735/fileData.do; 2022-04-01,2022-04-01
351854,윤식당,전북특별자치도 전주시 완산구 범안1길 30 102호,전북특별자치도 전주시 완산구 효자동2가 1166-10,35.8114043,127.107289,063-229-3590,일반조리판매,휴게음식점,"""윤식당""은 전라북도 전주시에 있습니다. 레드테이블에서 온라인 예약이 가능합니다! 남녀 화장실이 구분되어 있는 매장입니다. 배달 가능한 매장입니다. 다국어 메뉴판, 무선 인터넷이 있는 매장입니다.",운영중,True,True,효자4동,official_coordinates,https://www.data.go.kr/data/15076735/fileData.do; 2022-04-01,2022-04-01
351688,카페 경우,전북특별자치도 전주시 완산구 전주객사4길 43-6,전북특별자치도 전주시 완산구 고사동 377-4,35.8198224,127.1430878,063-285-2018,기타,일반음식점,"""경우""를 전라북도 전주시의 가 볼 만한 식당으로 추천합니다! 레드테이블에서 온라인 예약이 가능합니다! 반려동물 입장이 가능한 매장입니다. 다국어 메뉴판이 있는 매장입니다.",운영중,True,True,중앙동,official_coordinates,https://www.data.go.kr/data/15076735/fileData.do; 2022-04-01,2022-04-01
351690,교촌치킨 서신점,전북특별자치도 전주시 완산구 고사평4길 7 1층,전북특별자치도 전주시 완산구 서신동 938-5,35.8356977,127.1103225,063-278-0876,,일반음식점,"전라북도 전주시에서 어디를 갈지 고민이라면! ""교촌치킨(서신점)""에 가보시는 건 어떨까요? 레드테이블에서 온라인 예약이 가능합니다! 남녀 화장실이 구분되어 있는 매장입니다. 배달 가능한 매장입니다. 다국어 메뉴판, 무선 인터넷이 있는 매장입니다.",운영중,True,True,서신동,official_coordinates,https://www.data.go.kr/data/15076735/fileData.do; 2022-04-01,2022-04-01
351784,네네치킨 서곡점,전북특별자치도 전주시 완산구 서곡1길 5-12,전북특별자치도 전주시 완산구 효자동3가 1454-6,35.8345641,127.0997458,063-271-4492,,일반음식점,"전라북도 전주시에서 어디를 갈지 고민이라면! ""네네치킨(서곡점)""에 가보시는 건 어떨까요? 레드테이블에서 온라인 예약이 가능합니다! 남녀 화장실이 구분되어 있는 매장입니다. 배달 가능한 매장입니다. 주차공간, 다국어 메뉴판, 그리고 무선 인터넷이 있는 매장입니다.",운영중,True,True,효자5동,official_coordinates,https://www.data.go.kr/data/15076735/fileData.do; 2022-04-01,2022-04-01
351785,양평해장국(삼천점),전북특별자치도 전주시 완산구 용리로 20,전북특별자치도 전주시 완산구 삼천동1가 284-7,35.7983297,127.1120188,063-229-7005,키즈카페,일반음식점,"전라북도 전주시에서 맛집을 찾으신다면 ""양평해장국(삼천점)""을 추천합니다. 위생 수준이 우수하고 친절한 서비스로 지방자치단체의 선정을 받은 모범음식점입니다. 레드테이블에서 온라인 예약이 가능합니다! 배달 가능한 매장입니다. 다국어 메뉴판이 있는 매장입니다.",운영중,True,True,삼천3동,official_coordinates,https://www.data.go.kr/data/15076735/fileData.do; 2022-04-01,2022-04-01
351792,은여우두마리치킨,전북특별자치도 전주시 완산구 우전로 207,전북특별자치도 전주시 완산구 효자동2가 1252-2,35.813003,127.101691,063-221-9252,,일반음식점,"어디 가야 할지 고민이시라고요? 그럼 전라북도 전주시 맛집, ""은여우두마리치킨(효자 본점)""을 추천합니다! 레드테이블에서 온라인 예약이 가능합니다! 반려동물 입장이 가능한 매장입니다. 배달 가능한 매장입니다. 다국어 메뉴판이 있는 매장입니다.",운영중,True,True,효자4동,official_coordinates,https://www.data.go.kr/data/15076735/fileData.do; 2022-04-01,2022-04-01
351800,꽃마름 전북도청점,전북특별자치도 전주시 완산구 효자로 178 2층,전북특별자치도 전주시 완산구 효자동2가 1228-7,35.8187304,127.1047725,063-226-4992,한식,일반음식점,"전라북도 전주시에서 어디를 갈지 고민이라면! ""꽃마름(전북도청점)""에 가보시는 건 어떨까요? 위생 수준이 우수하고 친절한 서비스로 지방자치단체의 선정을 받은 모범음식점입니다. 지방자치단체 인증을 받은 농림축산식품부 제공 안심식당입니다. 레드테이블에서 온라인 예약이 가능합니다! 남녀 화장실이 구분되어 있는 매장입니다. 배달 가능한 매장입니다. 다국어 메뉴판, 무선 인터넷이 있는 매장입니다.",운영중,True,True,효자5동,official_coordinates,https://www.data.go.kr/data/15076735/fileData.do; 2022-04-01,2022-04-01
351810,피자스쿨 중화산점,전북특별자치도 전주시 완산구 유연로 282,전북특별자치도 전주시 완산구 중화산동2가 744-2,35.8251513,127.1162645,063-254-0082,패스트푸드,휴게음식점,"""피자스쿨(중화산점)""을 전라북도 전주시의 가 볼 만한 식당으로 추천합니다! 레드테이블과 네이버에서 온라인 예약이 가능합니다! 배달 가능한 매장입니다. 다국어 메뉴판이 있는 매장입니다.",운영중,True,True,중화산2동,official_coordinates,https://www.data.go.kr/data/15076735/fileData.do; 2022-04-01,2022-04-01
351813,감탄떡볶이 문학점,전북특별자치도 전주시 완산구 문학대4길 31,전북특별자치도 전주시 완산구 효자동3가 1616-7,35.826895,127.1051973,063-242-9228,패스트푸드,휴게음식점,"전라북도 전주시에서 어디를 갈지 고민이라면! ""감탄떡볶이(신시가지문학점)""에 가보시는 건 어떨까요? 네이버 온라인 예약이 가능합니다! 다국어 메뉴판이 있는 매장입니다.",운영중,True,True,효자5동,official_coordinates,https://www.data.go.kr/data/15076735/fileData.do; 2022-04-01,2022-04-01
351820,봉구스밥버거 효자2호점,전북특별자치도 전주시 완산구 문학대3길 1,전북특별자치도 전주시 완산구 효자동3가 1606-1,35.8266254,127.1017362,063-228-0715,일반조리판매,휴게음식점,"어디 가야 할지 고민이시라고요? 그럼 전라북도 전주시 맛집, ""봉구스밥버거(효자2호점)""를 추천합니다! 레드테이블에서 온라인 예약이 가능합니다! 배달 가능한 매장입니다. 다국어 메뉴판이 있는 매장입니다.",운영중,True,True,효자5동,official_coordinates,https://www.data.go.kr/data/15076735/fileData.do; 2022-04-01,2022-04-01
351830,감탄떡볶이 효자2호점,전북특별자치도 전주시 완산구 호암로 23,전북특별자치도 전주시 완산구 효자동2가 1313-5,35.809304,127.0972612,063-221-1600,일반조리판매,휴게음식점,"전라북도 전주시에서 가 볼 만한 식당을 찾으신다면? ""감탄떡볶이(효자2호점)""를 추천합니다! 남녀 화장실이 구분되어 있는 매장입니다. 다국어 메뉴판이 있는 매장입니다.",운영중,True,True,효자4동,official_coordinates,https://www.data.go.kr/data/15076735/fileData.do; 2022-04-01,2022-04-01
351832,피자스쿨 휴먼시아점,전북특별자치도 전주시 완산구 호암로 19,전북특별자치도 전주시 완산구 효자동2가 1313-7,35.8091922,127.0967696,063-226-8877,패스트푸드,휴게음식점,"전라북도 전주시에서 가 볼 만한 식당을 찾으신다면? ""피자스쿨(휴먼시아점)""을 추천합니다! 레드테이블에서 온라인 예약이 가능합니다! 배달 가능한 매장입니다. 다국어 메뉴판이 있는 매장입니다.",운영중,True,True,효자4동,official_coordinates,https://www.data.go.kr/data/15076735/fileData.do; 2022-04-01,2022-04-01
351834,흐엉꾸에하롱베이퍼,전북특별자치도 전주시 완산구 팔달로 201-3 2층,전북특별자치도 전주시 완산구 고사동 42-3,35.8201631,127.1457753,063-232-3340,일반조리판매,휴게음식점,"무엇을 먹을지 고민되신다고요? 전라북도 전주시에 계시다면 ""흐엉꾸에하롱베이퍼""를 추천합니다! 남녀 화장실이 구분되어 있는 매장입니다. 다국어 메뉴판, 무선 인터넷이 있는 매장입니다.",운영중,True,True,중앙동,official_coordinates,https://www.data.go.kr/data/15076735/fileData.do; 2022-04-01,2022-04-01
351835,피자마루 신시가지점,전북특별자치도 전주시 완산구 호암로 19,전북특별자치도 전주시 완산구 효자동2가 1313-7,35.8092277,127.0967578,063-229-8210,패스트푸드,휴게음식점,"""피자마루(전주신시가지점)""는 전라북도 전주시에 있습니다. 레드테이블에서 온라인 예약이 가능합니다! 배달 가능한 매장입니다. 다국어 메뉴판이 있는 매장입니다.",운영중,True,True,효자4동,official_coordinates,https://www.data.go.kr/data/15076735/fileData.do; 2022-04-01,2022-04-01
351840,커피하버,전북특별자치도 전주시 완산구 어은로 21,전북특별자치도 전주시 완산구 중화산동2가 228-1,35.8167634,127.125208,063-225-3702,일반조리판매,휴게음식점,"전라북도 전주시에 가신다면 ""커피하버""에 방문해보세요~ 레드테이블에서 온라인 예약이 가능합니다! 배달 가능한 매장입니다. 다국어 메뉴판이 있는 매장입니다.",운영중,True,True,중화산2동,official_coordinates,https://www.data.go.kr/data/15076735/fileData.do; 2022-04-01,2022-04-01
351841,깨순이김밥 포스코점,전북특별자치도 전주시 완산구 범안1길 30 1층,전북특별자치도 전주시 완산구 효자동2가 1166-10,35.8114043,127.107289,063-224-2010,일반조리판매,휴게음식점,"""깨순이김밥(포스코점)""을 전라북도 전주시의 가 볼 만한 식당으로 추천합니다! 레드테이블에서 온라인 예약이 가능합니다! 남녀 화장실이 구분되어 있는 매장입니다. 다국어 메뉴판, 무선 인터넷이 있는 매장입니다.",운영중,True,True,효자4동,official_coordinates,https://www.data.go.kr/data/15076735/fileData.do; 2022-04-01,2022-04-01
351847,코코씨엘,전북특별자치도 전주시 완산구 현무1길 9-16,전북특별자치도 전주시 완산구 경원동3가 61-3,35.8197392,127.147335,063-232-2232,커피숍,휴게음식점,"""코코씨엘""은 전라북도 전주시에 있습니다. 레드테이블에서 온라인 예약이 가능합니다! 남녀 화장실이 구분되어 있는 매장입니다. 주차공간, 다국어 메뉴판이 있는 매장입니다.",운영중,True,True,풍남동,official_coordinates,https://www.data.go.kr/data/15076735/fileData.do; 2022-04-01,2022-04-01
351849,탐앤탐스커피전주신시가지점,전북특별자치도 전주시 완산구 우전로 208,전북특별자치도 전주시 완산구 효자동2가 1256-2,35.8130031,127.1020628,063-236-7942,커피숍,휴게음식점,"어디 가야 할지 고민이시라고요? 그럼 전라북도 전주시 맛집, ""탐앤탐스(전주신시가지점)""를 추천합니다! 레드테이블에서 온라인 예약이 가능합니다! 배달 가능한 매장입니다. 다국어 메뉴판이 있는 매장입니다.",운영중,True,True,효자4동,official_coordinates,https://www.data.go.kr/data/15076735/fileData.do; 2022-04-01,2022-04-01
351777,본죽 전주효자휴먼시아점,전북특별자치도 전주시 완산구 호암로 91,전북특별자치도 전주시 완산구 효자동2가 1316-4,35.8084983,127.1042646,063-253-6288,한식,일반음식점,"""본죽(전주효자휴먼시아점)""은 전라북도 전주시에 있습니다. 레드테이블에서 온라인 예약이 가능합니다! 배달 가능한 매장입니다. 다국어 메뉴판이 있는 매장입니다.",운영중,True,True,효자4동,official_coordinates,https://www.data.go.kr/data/15076735/fileData.do; 2022-04-01,2022-04-01
351776,이화원,전북특별자치도 전주시 완산구 홍산2길 5-12,전북특별자치도 전주시 완산구 효자동3가 1543-3,35.815162,127.1101846,063-284-1900,중국식,일반음식점,"""이화원""은 전라북도 전주시에 있습니다. 지방자치단체 인증을 받은 농림축산식품부 제공 안심식당입니다. 레드테이블에서 온라인 예약이 가능합니다! 배달 가능한 매장입니다. 다국어 메뉴판이 있는 매장입니다.",운영중,True,True,효자5동,official_coordinates,https://www.data.go.kr/data/15076735/fileData.do; 2022-04-01,2022-04-01
351775,상하이반점,전북특별자치도 전주시 완산구 홍산북로 29-1 1층 102호,전북특별자치도 전주시 완산구 효자동2가 1231-7,35.8175844,127.1049779,063-232-0902,중국식,일반음식점,"전라북도 전주시에서 어디를 갈지 고민이라면! ""상하이반점""에 가보시는 건 어떨까요? 레드테이블에서 온라인 예약이 가능합니다! 다국어 메뉴판이 있는 매장입니다.",운영중,True,True,효자5동,official_coordinates,https://www.data.go.kr/data/15076735/fileData.do; 2022-04-01,2022-04-01
351771,티오피킨,전북특별자치도 전주시 완산구 서학1길 2,전북특별자치도 전주시 완산구 서서학동 172-4,35.8048082,127.1502167,063-909-8249,호프/통닭,일반음식점,"전라북도 전주시에서 가 볼 만한 식당을 찾으신다면? ""티오피킨""을 추천합니다! 레드테이블에서 온라인 예약이 가능합니다! 반려동물 입장이 가능한 매장입니다. 배달 가능한 매장입니다. 다국어 메뉴판이 있는 매장입니다.",운영중,True,True,서서학동,official_coordinates,https://www.data.go.kr/data/15076735/fileData.do; 2022-04-01,2022-04-01
351707,자담치킨 전주송천대명점,전북특별자치도 전주시 덕진구 시천로 31,전북특별자치도 전주시 덕진구 송천동1가 626-55,35.8620044,127.1144137,063-276-9942,,일반음식점,"어디 가야 할지 고민이시라고요? 그럼 전라북도 전주시 맛집, ""자담치킨(전주송천대명점)""을 추천합니다! 배달 가능한 매장입니다. 주차공간, 다국어 메뉴판, 그리고 무선 인터넷이 있는 매장입니다.",운영중,True,True,송천2동,official_coordinates,https://www.data.go.kr/data/15076735/fileData.do; 2022-04-01,2022-04-01
351714,황가네닭발숯불꼼장어 효자휴먼시아점,전북특별자치도 전주시 완산구 후곡길 17,전북특별자치도 전주시 완산구 효자동2가 1309-4,35.810197,127.0955002,063-229-2111,한식,일반음식점,"전라북도 전주시에서 식당을 찾으신다면? ""황가네닭발숯불꼼장어(효자 휴먼시아점)""를 방문해보세요! 레드테이블에서 온라인 예약이 가능합니다! 다국어 메뉴판이 있는 매장입니다.",운영중,True,True,효자4동,official_coordinates,https://www.data.go.kr/data/15076735/fileData.do; 2022-04-01,2022-04-01
351716,본가칼국수,전북특별자치도 전주시 완산구 전라감영3길 13-10,전북특별자치도 전주시 완산구 중앙동1가 22-5,35.8163763,127.1428024,063-284-3301,분식,일반음식점,"""본가칼국수""는 전라북도 전주시에 있습니다. 레드테이블에서 온라인 예약이 가능합니다! 배달 가능한 매장입니다. 다국어 메뉴판이 있는 매장입니다.",운영중,True,True,중앙동,official_coordinates,https://www.data.go.kr/data/15076735/fileData.do; 2022-04-01,2022-04-01
351725,명작,전북특별자치도 전주시 완산구 서곡5길 16,전북특별자치도 전주시 완산구 효자동3가 1405-4,35.8376658,127.101368,063-277-5489,한식,일반음식점,"전라북도 전주시에서 어디를 갈지 고민이라면! ""명작(본점)""에 가보시는 건 어떨까요? 레드테이블에서 온라인 예약이 가능합니다! 다국어 메뉴판이 있는 매장입니다.",운영중,True,True,효자5동,official_coordinates,https://www.data.go.kr/data/15076735/fileData.do; 2022-04-01,2022-04-01
351728,효자원함흥냉면,전북특별자치도 전주시 완산구 홍산2길 5-10,전북특별자치도 전주시 완산구 효자동3가 1543-2,35.8151545,127.1099721,063-283-9292,한식,일반음식점,"전라북도 전주시에서 맛집을 찾으신다면 ""효자원함흥냉면""을 추천합니다. 레드테이블에서 온라인 예약이 가능합니다! 주차공간, 다국어 메뉴판이 있는 매장입니다.",운영중,True,True,효자5동,official_coordinates,https://www.data.go.kr/data/15076735/fileData.do; 2022-04-01,2022-04-01
351729,전주부대찌개,전북특별자치도 전주시 완산구 모악로 4680,전북특별자치도 전주시 완산구 평화동2가 888 약선당한의원,35.7872574,127.1307297,063-285-7800,호프/통닭,일반음식점,"전라북도 전주시에서 어디를 갈지 고민이라면! ""전주부대찌개(전주 평화점)""에 가보시는 건 어떨까요? 레드테이블에서 온라인 예약이 가능합니다! 배달 가능한 매장입니다. 다국어 메뉴판이 있는 매장입니다.",운영중,True,True,평화2동,official_coordinates,https://www.data.go.kr/data/15076735/fileData.do; 2022-04-01,2022-04-01
351731,한우야정육식당,전북특별자치도 전주시 완산구 고사평로 18,전북특별자치도 전주시 완산구 서신동 948-18,35.8355482,127.1096607,063-275-6492,한식,일반음식점,"전라북도 전주시에서 맛집을 찾으신다면 ""한우야""를 추천합니다. 레드테이블에서 온라인 예약이 가능합니다! 다국어 메뉴판이 있는 매장입니다.",운영중,True,True,서신동,official_coordinates,https://www.data.go.kr/data/15076735/fileData.do; 2022-04-01,2022-04-01
351689,교촌치킨 신시가지점,전북특별자치도 전주시 완산구 봉곡로 114,전북특별자치도 전주시 완산구 효자동2가 1327-1,35.810886,127.1062504,063-229-9252,,일반음식점,"""교촌치킨(신시가지점)""은 전라북도 전주시에 있습니다. 레드테이블에서 온라인 예약이 가능합니다! 배달 가능한 매장입니다. 다국어 메뉴판이 있는 매장입니다.",운영중,True,True,효자4동,official_coordinates,https://www.data.go.kr/data/15076735/fileData.do; 2022-04-01,2022-04-01
351732,아그집왕뼈감자탕 본점,전북특별자치도 전주시 완산구 천잠로 255,전북특별자치도 전주시 완산구 효자동2가 1065-1,35.809533,127.0940926,063-224-0079,한식,일반음식점,"전라북도 전주시에서 가 볼 만한 식당을 찾으신다면? ""아그집왕뼈감자탕(본점)""을 추천합니다! 레드테이블에서 온라인 예약이 가능합니다! 배달 가능한 매장입니다. 다국어 메뉴판이 있는 매장입니다.",운영중,True,True,효자4동,official_coordinates,https://www.data.go.kr/data/15076735/fileData.do; 2022-04-01,2022-04-01
351741,대동국수 서신점,전북특별자치도 전주시 완산구 새터로 12-1,전북특별자치도 전주시 완산구 서신동 936-5,35.8366133,127.1081679,063-271-1710,분식,일반음식점,"전라북도 전주시에서 맛집을 찾으신다면 ""대동국수(서신1지구점)""를 추천합니다. 레드테이블에서 온라인 예약이 가능합니다! 다국어 메뉴판이 있는 매장입니다.",운영중,True,True,서신동,official_coordinates,https://www.data.go.kr/data/15076735/fileData.do; 2022-04-01,2022-04-01
351745,곰소항횟집,전북특별자치도 전주시 완산구 신촌4길 21,전북특별자치도 전주시 완산구 중화산동2가 783-1,35.8177047,127.115905,063-221-8882,,일반음식점,"전라북도 전주시에 가신다면 ""곰소항횟집""에 방문해보세요~ 레드테이블에서 온라인 예약이 가능합니다! 다국어 메뉴판이 있는 매장입니다.",운영중,True,True,중화산2동,official_coordinates,https://www.data.go.kr/data/15076735/fileData.do; 2022-04-01,2022-04-01
351747,바글바글부대찌개,전북특별자치도 전주시 완산구 바우배기2길 23(효자동2가),전북특별자치도 전주시 완산구 효자동2가 1236-4,35.8169859,127.1043031,063-255-5050,회집,일반음식점,"""바글바글부대찌개""를 전라북도 전주시의 가 볼 만한 식당으로 추천합니다! 레드테이블에서 온라인 예약이 가능합니다! 남녀 화장실이 구분되어 있는 매장입니다. 배달 가능한 매장입니다. 주차공간, 다국어 메뉴판이 있는 매장입니다.",운영중,True,True,효자5동,official_coordinates,https://www.data.go.kr/data/15076735/fileData.do; 2022-04-01,2022-04-01
351748,다송일식,전북특별자치도 전주시 완산구 석산1길 6-23 3층,전북특별자치도 전주시 완산구 효자동3가 1697-6,35.8196878,127.1039598,063-244-8885,일식,일반음식점,"무엇을 먹을지 고민되신다고요? 전라북도 전주시에 계시다면 ""다송일식""을 추천합니다! 위생 수준이 우수하고 친절한 서비스로 지방자치단체의 선정을 받은 모범음식점입니다. 지방자치단체 인증을 받은 농림축산식품부 제공 안심식당입니다. 레드테이블에서 온라인 예약이 가능합니다! 다국어 메뉴판이 있는 매장입니다.",운영중,True,True,효자5동,official_coordinates,https://www.data.go.kr/data/15076735/fileData.do; 2022-04-01,2022-04-01
351751,장수한우곱창,전북특별자치도 전주시 완산구 후곡길 11-4,전북특별자치도 전주시 완산구 효자동2가 1309-8,35.8097721,127.0954651,063-221-7684,한식,일반음식점,"전라북도 전주시에 가신다면 ""장수한우곱창""에 방문해보세요~ 레드테이블에서 온라인 예약이 가능합니다! 배달 가능한 매장입니다. 다국어 메뉴판이 있는 매장입니다.",운영중,True,True,효자4동,official_coordinates,https://www.data.go.kr/data/15076735/fileData.do; 2022-04-01,2022-04-01
351759,국밥세상&막국수,전북특별자치도 전주시 완산구 한두평2길 7,전북특별자치도 전주시 완산구 중화산동2가 648-6 한강일식,35.8136954,127.1236633,063-226-3312,호프/통닭,일반음식점,"""국밥세상앤막국수(화산점)""를 전라북도 전주시의 가 볼 만한 식당으로 추천합니다! 레드테이블에서 온라인 예약이 가능합니다! 배달 가능한 매장입니다. 다국어 메뉴판이 있는 매장입니다.",운영중,True,True,중화산1동,official_coordinates,https://www.data.go.kr/data/15076735/fileData.do; 2022-04-01,2022-04-01
351764,예향돌솥밥,전북특별자치도 전주시 완산구 소태정4길 23-6,전북특별자치도 전주시 완산구 효자동2가 1321-4,35.8054015,127.1029937,063-221-3451,한식,일반음식점,"전라북도 전주시에서 식당을 찾으신다면? ""예향돌솥밥""을 방문해보세요! 레드테이블에서 온라인 예약이 가능합니다! 배달 가능한 매장입니다. 다국어 메뉴판이 있는 매장입니다.",운영중,True,True,효자4동,official_coordinates,https://www.data.go.kr/data/15076735/fileData.do; 2022-04-01,2022-04-01
351734,문화공간카페12-4,전북특별자치도 전주시 완산구 전주객사2길 12-4,전북특별자치도 전주시 완산구 중앙동1가 32-1,35.8173857,127.1416087,063-286-7479,호프/통닭,일반음식점,"전라북도 전주시에서 식당을 찾으신다면? ""문화공간카페12-4""를 방문해보세요! 레드테이블에서 온라인 예약이 가능합니다! 다국어 메뉴판이 있는 매장입니다.",운영중,True,True,중앙동,official_coordinates,https://www.data.go.kr/data/15076735/fileData.do; 2022-04-01,2022-04-01
381381,321베렌도 객사점,전북특별자치도 전주시 완산구 전주객사3길 32-6,전북특별자치도 전주시 완산구 고사동 428-3,35.8188512,127.1427066,063-231-8822,경양식,일반음식점,"""321베렌도(객사점)""를 전라북도 전주시의 가 볼 만한 식당으로 추천합니다! 레드테이블에서 온라인 예약이 가능합니다! 남녀 화장실이 구분되어 있는 매장입니다. 다국어 메뉴판, 무선 인터넷이 있는 매장입니다.",운영중,True,True,중앙동,official_coordinates,https://www.data.go.kr/data/15076735/fileData.do; 2022-04-01,2022-04-01
381321,빨간맛도리,전북특별자치도 전주시 완산구 후곡길 31-17,전북특별자치도 전주시 완산구 효자동2가 1306-3,35.8112411,127.0946983,063-225-3061,회집,일반음식점,"전라북도 전주시에서 가 볼 만한 식당을 찾으신다면? ""빨간맛도리""를 추천합니다! 레드테이블에서 온라인 예약이 가능합니다! 남녀 화장실이 구분되어 있는 매장입니다. 배달 가능한 매장입니다. 주차공간, 다국어 메뉴판, 그리고 무선 인터넷이 있는 매장입니다.",운영중,True,True,효자4동,official_coordinates,https://www.data.go.kr/data/15076735/fileData.do; 2022-04-01,2022-04-01
381390,전래동화 전주신시가지점,전북특별자치도 전주시 완산구 후곡길 31,전북특별자치도 전주시 완산구 효자동2가 1307-1,35.8114425,127.0949711,063-223-7759,호프/통닭,일반음식점,"전라북도 전주시에서 가 볼 만한 식당을 찾으신다면? ""전래동화(전주신시가지점)""를 추천합니다! 레드테이블에서 온라인 예약이 가능합니다! 배달 가능한 매장입니다. 다국어 메뉴판이 있는 매장입니다.",운영중,True,True,효자4동,official_coordinates,https://www.data.go.kr/data/15076735/fileData.do; 2022-04-01,2022-04-01
412156,송정생구이,전북특별자치도 전주시 완산구 신봉1길 25,전북특별자치도 전주시 완산구 효자동1가 620-1,35.8105912,127.1156081,063-282-7816,한식,일반음식점,"무엇을 먹을지 고민되신다고요? 전라북도 전주시에 계시다면 ""송정생구이""를 추천합니다! 레드테이블에서 온라인 예약이 가능합니다! 다국어 메뉴판이 있는 매장입니다.",운영중,True,True,효자2동,official_coordinates,https://www.data.go.kr/data/15076735/fileData.do; 2022-04-01,2022-04-01
412158,청춘김밥,전북특별자치도 전주시 완산구 백마산길 23 청춘김밥,전북특별자치도 전주시 완산구 효자동3가 1183-11,35.8172089,127.0906712,070-4177-3007,분식,일반음식점,"전라북도 전주시에서 가 볼 만한 식당을 찾으신다면? ""청춘김밥""을 추천합니다! 레드테이블에서 온라인 예약이 가능합니다! 주차공간, 다국어 메뉴판이 있는 매장입니다.",운영중,True,True,효자4동,official_coordinates,https://www.data.go.kr/data/15076735/fileData.do; 2022-04-01,2022-04-01
412161,고젠 일식,전북특별자치도 전주시 완산구 마전2길 5-4 2층,전북특별자치도 전주시 완산구 효자동3가 1646-4,35.8225671,127.1036181,063-223-1770,일식,일반음식점,"""고젠일식""을 전라북도 전주시의 가 볼 만한 식당으로 추천합니다! 지방자치단체 인증을 받은 농림축산식품부 제공 안심식당입니다. 레드테이블에서 온라인 예약이 가능합니다! 다국어 메뉴판이 있는 매장입니다.",운영중,True,True,효자5동,official_coordinates,https://www.data.go.kr/data/15076735/fileData.do; 2022-04-01,2022-04-01
412163,육쌈냉면 전주중앙점,전북특별자치도 전주시 완산구 전주객사4길 20 2층,전북특별자치도 전주시 완산구 고사동 125-3,35.8186034,127.1440902,063-232-6392,한식,일반음식점,"전라북도 전주시에서 식당을 찾으신다면? ""육쌈냉면(전주중앙점)""을 방문해보세요! 다국어 메뉴판이 있는 매장입니다.",운영중,True,True,중앙동,official_coordinates,https://www.data.go.kr/data/15076735/fileData.do; 2022-04-01,2022-04-01
412166,호박촌,전북특별자치도 전주시 완산구 용머리로 15,전북특별자치도 전주시 완산구 효자동1가 411-1,35.8062788,127.1124318,063-228-6492,한식,일반음식점,"전라북도 전주시에서 가 볼 만한 식당을 찾으신다면? ""호박촌""을 추천합니다! 레드테이블에서 온라인 예약이 가능합니다! 배달 가능한 매장입니다. 주차공간, 다국어 메뉴판이 있는 매장입니다.",운영중,True,True,효자3동,official_coordinates,https://www.data.go.kr/data/15076735/fileData.do; 2022-04-01,2022-04-01
412170,설빙 전주효자점,전북특별자치도 전주시 완산구 홍산3길 5 2층,전북특별자치도 전주시 완산구 효자동3가 1527-8,35.8183111,127.1083883,063-221-3988,한식,일반음식점,"전라북도 전주시에서 어디를 갈지 고민이라면! ""설빙(전주효자점)""에 가보시는 건 어떨까요? 레드테이블에서 온라인 예약이 가능합니다! 남녀 화장실이 구분되어 있는 매장입니다. 배달 가능한 매장입니다. 주차공간, 다국어 메뉴판, 그리고 무선 인터넷이 있는 매장입니다.",운영중,True,True,효자5동,official_coordinates,https://www.data.go.kr/data/15076735/fileData.do; 2022-04-01,2022-04-01
412173,전주애항아리보쌈,전북특별자치도 전주시 완산구 바우배기1길 31-9,전북특별자치도 전주시 완산구 효자동2가 1243-8,35.8151513,127.1050056,063-221-5359,한식,일반음식점,"전라북도 전주시에서 가 볼 만한 식당을 찾으신다면? ""전주애항아리보쌈(본점)""을 추천합니다! 레드테이블에서 온라인 예약이 가능합니다! 남녀 화장실이 구분되어 있는 매장입니다. 배달 가능한 매장입니다. 주차공간, 다국어 메뉴판이 있는 매장입니다.",운영중,True,True,효자5동,official_coordinates,https://www.data.go.kr/data/15076735/fileData.do; 2022-04-01,2022-04-01
412180,태평숯불명가,전북특별자치도 전주시 완산구 공북로 79,전북특별자치도 전주시 완산구 태평동 11-4,35.8262862,127.1404717,063-272-9773,한식,일반음식점,"전라북도 전주시에서 맛집을 찾으신다면 ""태평숯불명가""를 추천합니다. 레드테이블에서 온라인 예약이 가능합니다! 다국어 메뉴판이 있는 매장입니다.",운영중,True,True,중앙동,official_coordinates,https://www.data.go.kr/data/15076735/fileData.do; 2022-04-01,2022-04-01
412182,마마셈프레,전북특별자치도 전주시 완산구 홍산로 269,전북특별자치도 전주시 완산구 효자동2가 1232-3,35.8177079,127.1054849,063-228-8220,,일반음식점,"전라북도 전주시에서 가 볼 만한 식당을 찾으신다면? ""마마셈프레""를 추천합니다! 레드테이블에서 온라인 예약이 가능합니다! 다국어 메뉴판이 있는 매장입니다.",운영중,True,True,효자5동,official_coordinates,https://www.data.go.kr/data/15076735/fileData.do; 2022-04-01,2022-04-01
412187,마천루,전북특별자치도 전주시 완산구 서곡2길 14-9,전북특별자치도 전주시 완산구 효자동3가 1464-7,35.8333254,127.1016968,063-255-3168,한식,일반음식점,"전라북도 전주시에서 식당을 찾으신다면? ""마천루""를 방문해보세요! 레드테이블에서 온라인 예약이 가능합니다! 다국어 메뉴판이 있는 매장입니다.",운영중,True,True,효자5동,official_coordinates,https://www.data.go.kr/data/15076735/fileData.do; 2022-04-01,2022-04-01
412193,아이마미따,전북특별자치도 전주시 완산구 전주객사1길 46-7,전북특별자치도 전주시 완산구 다가동4가 90-1,35.8185667,127.1393971,063-282-1585,경양식,일반음식점,"전라북도 전주시에 방문하신다면, ""아이마미따""에 가보시는 것은 어떨까요? 2019년 05월 15일 MBC 생방송오늘아침 3216회에 방영되었을 만큼 소문난 매장이랍니다! 레드테이블에서 온라인 예약이 가능합니다! 반려동물 입장이 가능하고, 남녀 화장실이 구분되어 있는 매장입니다. 주차공간, 다국어 메뉴판, 그리고 무선 인터넷이 있는 매장입니다.",운영중,True,True,중앙동,official_coordinates,https://www.data.go.kr/data/15076735/fileData.do; 2022-04-01,2022-04-01
412202,포차나,전북특별자치도 전주시 완산구 봉곡로 4,전북특별자치도 전주시 완산구 효자동2가 1305-6,35.8116671,127.0941917,063-227-4211,경양식,일반음식점,"""포차나""를 전라북도 전주시의 가 볼 만한 식당으로 추천합니다! 레드테이블에서 온라인 예약이 가능합니다! 다국어 메뉴판, 무선 인터넷이 있는 매장입니다.",운영중,True,True,효자4동,official_coordinates,https://www.data.go.kr/data/15076735/fileData.do; 2022-04-01,2022-04-01
412204,참예우명품프라자 도청점,전북특별자치도 전주시 완산구 효자로 170,전북특별자치도 전주시 완산구 효자동2가 1228-3,35.8187083,127.1037564,063-222-9252,한식,일반음식점,"전라북도 전주시에서 어디를 갈지 고민이라면! ""참예우명품프라자(도청점)""에 가보시는 건 어떨까요? 지방자치단체 인증을 받은 농림축산식품부 제공 안심식당입니다. 레드테이블에서 온라인 예약이 가능합니다! 다국어 메뉴판이 있는 매장입니다.",운영중,True,True,효자5동,official_coordinates,https://www.data.go.kr/data/15076735/fileData.do; 2022-04-01,2022-04-01
412205,넉넉한밥상,전북특별자치도 전주시 완산구 평화18길 21-3(평화동1가),전북특별자치도 전주시 완산구 서신동 939-2,35.7945508,127.1344577,063-222-2855,한식,일반음식점,"""넉넉한밥상""을 전라북도 전주시의 가 볼 만한 식당으로 추천합니다! 레드테이블에서 온라인 예약이 가능합니다! 다국어 메뉴판이 있는 매장입니다.",운영중,True,True,평화2동,official_coordinates,https://www.data.go.kr/data/15076735/fileData.do; 2022-04-01,2022-04-01
412209,암소야 서곡점,전북특별자치도 전주시 완산구 서곡로 72,전북특별자치도 전주시 완산구 효자동3가 1436-6,35.8350881,127.1014426,063-224-3228,한식,일반음식점,"전라북도 전주시에 가신다면 ""암소야돼지야(서곡점)""에 방문해보세요~ 레드테이블에서 온라인 예약이 가능합니다! 배달 가능한 매장입니다. 다국어 메뉴판이 있는 매장입니다.",운영중,True,True,효자5동,official_coordinates,https://www.data.go.kr/data/15076735/fileData.do; 2022-04-01,2022-04-01
412211,효천골,전북특별자치도 전주시 완산구 소태정5길 17-12,전북특별자치도 전주시 완산구 효자동2가 1202-6,35.8034783,127.0988332,063-288-2356,한식,일반음식점,"전라북도 전주시에서 어디를 갈지 고민이라면! ""효천골""에 가보시는 건 어떨까요? 레드테이블에서 온라인 예약이 가능합니다! 다국어 메뉴판이 있는 매장입니다.",운영중,True,True,효자4동,official_coordinates,https://www.data.go.kr/data/15076735/fileData.do; 2022-04-01,2022-04-01
412213,호삼정,전북특별자치도 전주시 완산구 마전2길 13 3층,전북특별자치도 전주시 완산구 효자동3가 1647-1,35.8228347,127.1026883,063-236-0547,한식,일반음식점,"""호삼정""을 전라북도 전주시의 가 볼 만한 식당으로 추천합니다! 지방자치단체 인증을 받은 농림축산식품부 제공 안심식당입니다. 레드테이블에서 온라인 예약이 가능합니다! 다국어 메뉴판이 있는 매장입니다.",운영중,True,True,효자5동,official_coordinates,https://www.data.go.kr/data/15076735/fileData.do; 2022-04-01,2022-04-01
412151,강태하불족발 효자점,전북특별자치도 전주시 완산구 홍산로 160-3 1층,전북특별자치도 전주시 완산구 효자동2가 1332-1,35.808165,127.105093,050-7987-9409,한식,일반음식점,"전라북도 전주시에서 가 볼 만한 식당을 찾으신다면? ""강태하불족발(효자점)""을 추천합니다! 레드테이블에서 온라인 예약이 가능합니다! 반려동물 입장이 가능한 매장입니다. 배달 가능한 매장입니다. 다국어 메뉴판이 있는 매장입니다.",운영중,True,True,효자4동,official_coordinates,https://www.data.go.kr/data/15076735/fileData.do; 2022-04-01,2022-04-01
412214,현미네 두메산골 촌닭,전북특별자치도 전주시 완산구 고사평로 32,전북특별자치도 전주시 완산구 서신동 926-9 경복궁,35.8367111,127.1101404,063-276-2226,한식,일반음식점,"무엇을 먹을지 고민되신다고요? 전라북도 전주시에 계시다면 ""두메산골촌닭""을 추천합니다! 레드테이블에서 온라인 예약이 가능합니다! 배달 가능한 매장입니다. 다국어 메뉴판이 있는 매장입니다.",운영중,True,True,서신동,official_coordinates,https://www.data.go.kr/data/15076735/fileData.do; 2022-04-01,2022-04-01
412150,서유기중화요리,전북특별자치도 전주시 완산구 우전로 204 1층 서유기 중화요리,전북특별자치도 전주시 완산구 효자동2가 1256-4,35.8127444,127.1020644,063-221-1010,중국식,일반음식점,"전라북도 전주시에서 가 볼 만한 식당을 찾으신다면? ""서유기중화요리""를 추천합니다! 레드테이블에서 온라인 예약이 가능합니다! 남녀 화장실이 구분되어 있는 매장입니다. 배달 가능한 매장입니다. 주차공간, 다국어 메뉴판이 있는 매장입니다.",운영중,True,True,효자4동,official_coordinates,https://www.data.go.kr/data/15076735/fileData.do; 2022-04-01,2022-04-01
412137,신포우리만두 서신점,전북특별자치도 전주시 완산구 유연로 283,전북특별자치도 전주시 완산구 서신동 857-1,35.8255762,127.1165107,063-275-2501,분식,일반음식점,"전라북도 전주시에서 어디를 갈지 고민이라면! ""신포우리만두(전주서신점)""에 가보시는 건 어떨까요? 레드테이블에서 온라인 예약이 가능합니다! 배달 가능한 매장입니다. 다국어 메뉴판이 있는 매장입니다.",운영중,True,True,서신동,official_coordinates,https://www.data.go.kr/data/15076735/fileData.do; 2022-04-01,2022-04-01
865493,카페 아리아,전북특별자치도 전주시 덕진구 경동로 40,전북특별자치도 전주시 덕진구 덕진동2가 675-11,35.843063,127.1105459,063-254-2326,카페,,"전라북도 전주시에서 맛집을 찾으신다면 ""카페 아리아""를 추천합니다.",운영중,True,True,덕진동,official_coordinates,https://www.data.go.kr/data/15076735/fileData.do; 2022-04-01,2022-04-01
865473,본커피,전북특별자치도 전주시 덕진구 권삼득로 313,전북특별자치도 전주시 덕진구 금암동 664-39,35.8436895,127.1277185,063-278-5982,카페,,"전라북도 전주시에서 어디를 갈지 고민이라면! ""본커피""에 가보시는 건 어떨까요?",운영중,True,True,덕진동,official_coordinates,https://www.data.go.kr/data/15076735/fileData.do; 2022-04-01,2022-04-01
865469,가마꿉 삼천점,전북특별자치도 전주시 완산구 강변로 98-1,전북특별자치도 전주시 완산구 삼천동1가 723-2 신일강변아파트,35.7999756,127.1138429,063-253-8888,,,"전라북도 전주시에서 식당을 찾으신다면? ""가마꿉 삼천점""을 방문해보세요!",운영중,True,True,삼천3동,official_coordinates,https://www.data.go.kr/data/15076735/fileData.do; 2022-04-01,2022-04-01
412087,연가,전북특별자치도 전주시 완산구 어은로 28,전북특별자치도 전주시 완산구 중화산동2가 199-23,35.8167251,127.1260967,063-228-3301,한식,일반음식점,"전라북도 전주시에서 가 볼 만한 식당을 찾으신다면? ""연가""를 추천합니다! 위생 수준이 우수하고 친절한 서비스로 지방자치단체의 선정을 받은 모범음식점입니다. 지방자치단체 인증을 받은 농림축산식품부 제공 안심식당입니다. 레드테이블에서 온라인 예약이 가능합니다! 다국어 메뉴판이 있는 매장입니다.",운영중,True,True,중화산1동,official_coordinates,https://www.data.go.kr/data/15076735/fileData.do; 2022-04-01,2022-04-01
412098,예궁,전북특별자치도 전주시 완산구 소태정3길 18,전북특별자치도 전주시 완산구 효자동2가 1206-4,35.8033765,127.0991451,063-225-6700,중국식,일반음식점,"무엇을 먹을지 고민되신다고요? 전라북도 전주시에 계시다면 ""예궁""을 추천합니다! 레드테이블에서 온라인 예약이 가능합니다! 반려동물 입장이 가능한 매장입니다. 주차공간, 다국어 메뉴판, 그리고 무선 인터넷이 있는 매장입니다.",운영중,True,True,효자4동,official_coordinates,https://www.data.go.kr/data/15076735/fileData.do; 2022-04-01,2022-04-01
412102,개성집 전주효자점,전북특별자치도 전주시 완산구 석산2길 17-11,전북특별자치도 전주시 완산구 효자동3가 1696-10,35.8202038,127.1047189,063-227-5225,경양식,일반음식점,"전라북도 전주시에서 어디를 갈지 고민이라면! ""개성집(전주효자점)""에 가보시는 건 어떨까요? 레드테이블에서 온라인 예약이 가능합니다! 남녀 화장실이 구분되어 있는 매장입니다. 배달 가능한 매장입니다. 주차공간, 다국어 메뉴판이 있는 매장입니다.",운영중,True,True,효자5동,official_coordinates,https://www.data.go.kr/data/15076735/fileData.do; 2022-04-01,2022-04-01
412105,오봉도시락 전주대점,전북특별자치도 전주시 완산구 서원로 2,전북특별자치도 전주시 완산구 효자동3가 1724-4,35.8133863,127.0946911,063-223-5082,한식,일반음식점,"무엇을 먹을지 고민되신다고요? 전라북도 전주시에 계시다면 ""오봉도시락(전주대점)""을 추천합니다! 레드테이블에서 온라인 예약이 가능합니다! 남녀 화장실이 구분되어 있는 매장입니다. 배달 가능한 매장입니다. 다국어 메뉴판이 있는 매장입니다.",운영중,True,True,효자4동,official_coordinates,https://www.data.go.kr/data/15076735/fileData.do; 2022-04-01,2022-04-01
412107,맛있는술집,전북특별자치도 전주시 완산구 서원로 293,전북특별자치도 전주시 완산구 중화산동2가 106-2,35.8119644,127.126643,063-224-7237,호프/통닭,일반음식점,"전라북도 전주시에서 어디를 갈지 고민이라면! ""미주가맛있는술집(전주본점)""에 가보시는 건 어떨까요? 레드테이블에서 온라인 예약이 가능합니다! 배달 가능한 매장입니다. 다국어 메뉴판이 있는 매장입니다.",운영중,True,True,중화산1동,official_coordinates,https://www.data.go.kr/data/15076735/fileData.do; 2022-04-01,2022-04-01
412112,고여사가맥,전북특별자치도 전주시 완산구 평화3길 21-3,전북특별자치도 전주시 완산구 평화동2가  902-8,35.7830279,127.131055,063-222-2804,정종/대포집/소주방,일반음식점,"전라북도 전주시에서 가 볼 만한 식당을 찾으신다면? ""고여사가맥""을 추천합니다! 레드테이블에서 온라인 예약이 가능합니다! 다국어 메뉴판이 있는 매장입니다.",운영중,True,True,평화2동,official_coordinates,https://www.data.go.kr/data/15076735/fileData.do; 2022-04-01,2022-04-01
381384,외로워도 술퍼도,전북특별자치도 전주시 완산구 평화9길 14,전북특별자치도 전주시 완산구 평화동2가 230-115,35.7882456,127.136394,063-225-0016,호프/통닭,일반음식점,"전라북도 전주시에 가신다면 ""외로워도술퍼도""에 방문해보세요~ 레드테이블에서 온라인 예약이 가능합니다! 다국어 메뉴판이 있는 매장입니다.",운영중,True,True,평화2동,official_coordinates,https://www.data.go.kr/data/15076735/fileData.do; 2022-04-01,2022-04-01
412119,충만치킨 전주대점,전북특별자치도 전주시 완산구 후곡길 11-2,전북특별자치도 전주시 완산구 효자동2가 1309-7,35.8098031,127.0956236,050-4359-3319,한식,일반음식점,"무엇을 먹을지 고민되신다고요? 전라북도 전주시에 계시다면 ""충만치킨(전주대점)""을 추천합니다! 레드테이블에서 온라인 예약이 가능합니다! 반려동물 입장이 가능한 매장입니다. 배달 가능한 매장입니다. 다국어 메뉴판이 있는 매장입니다.",운영중,True,True,효자4동,official_coordinates,https://www.data.go.kr/data/15076735/fileData.do; 2022-04-01,2022-04-01
412122,열빈,전북특별자치도 전주시 완산구 마전2길 5-4,전북특별자치도 전주시 완산구 효자동3가 1646-4,35.8225671,127.1036181,063-271-8855,한식,일반음식점,"전라북도 전주시에서 어디를 갈지 고민이라면! ""열빈""에 가보시는 건 어떨까요? 레드테이블에서 온라인 예약이 가능합니다! 반려동물 입장이 가능한 매장입니다. 다국어 메뉴판이 있는 매장입니다.",운영중,True,True,효자5동,official_coordinates,https://www.data.go.kr/data/15076735/fileData.do; 2022-04-01,2022-04-01
412124,예림식당,전북특별자치도 전주시 완산구 현무2길 67,전북특별자치도 전주시 완산구 경원동3가 199,35.822463,127.1492521,063-287-2800,한식,일반음식점,"전라북도 전주시에서 맛집을 찾으신다면 ""예림식당""을 추천합니다. 레드테이블에서 온라인 예약이 가능합니다! 다국어 메뉴판이 있는 매장입니다.",운영중,True,True,풍남동,official_coordinates,https://www.data.go.kr/data/15076735/fileData.do; 2022-04-01,2022-04-01
412125,고깃집,전북특별자치도 전주시 완산구 마전로 13,전북특별자치도 전주시 완산구 효자동3가 1645-4,35.8223088,127.1040841,063-227-8292,한식,일반음식점,"전라북도 전주시에서 가 볼 만한 식당을 찾으신다면? ""고깃집""을 추천합니다! 레드테이블에서 온라인 예약이 가능합니다! 다국어 메뉴판이 있는 매장입니다.",운영중,True,True,효자5동,official_coordinates,https://www.data.go.kr/data/15076735/fileData.do; 2022-04-01,2022-04-01
412129,커피다빈,전북특별자치도 전주시 완산구 고사평2길 12,전북특별자치도 전주시 완산구 서신동 958-7,35.8342203,127.1107031,070-4007-3169,,일반음식점,"전라북도 전주시에 가신다면 ""다빈갈라테(서신점)""에 방문해보세요~ 레드테이블에서 온라인 예약이 가능합니다! 다국어 메뉴판이 있는 매장입니다.",운영중,True,True,서신동,official_coordinates,https://www.data.go.kr/data/15076735/fileData.do; 2022-04-01,2022-04-01
412130,피자알볼로 전주1호점,전북특별자치도 전주시 완산구 호암로 29,전북특별자치도 전주시 완산구 효자동2가 1313-4,35.8093919,127.0976101,063-228-8495,,일반음식점,"""피자알볼로(전주1호점)""는 전라북도 전주시에 있습니다. 배달 가능한 매장입니다. 다국어 메뉴판이 있는 매장입니다.",운영중,True,True,효자4동,official_coordinates,https://www.data.go.kr/data/15076735/fileData.do; 2022-04-01,2022-04-01
412136,미카도스시 전주전북도청점,전북특별자치도 전주시 완산구 홍산3길 5,전북특별자치도 전주시 완산구 효자동3가  1527-8,35.8183111,127.1083883,063-226-7866,일식,일반음식점,"어디 가야 할지 고민이시라고요? 그럼 전라북도 전주시 맛집, ""미카도스시(전주전북도청점)""를 추천합니다! 레드테이블에서 온라인 예약이 가능합니다! 배달 가능한 매장입니다. 다국어 메뉴판이 있는 매장입니다.",운영중,True,True,효자5동,official_coordinates,https://www.data.go.kr/data/15076735/fileData.do; 2022-04-01,2022-04-01
412140,신포우리만두 전북도청점,전북특별자치도 전주시 완산구 홍산남로 52,전북특별자치도 전주시 완산구 효자동2가 1155-3,35.8155612,127.1075,063-222-7502,분식,일반음식점,"""신포우리만두(전북도청점)""를 전라북도 전주시의 가 볼 만한 식당으로 추천합니다! 레드테이블에서 온라인 예약이 가능합니다! 남녀 화장실이 구분되어 있는 매장입니다. 배달 가능한 매장입니다. 다국어 메뉴판, 무선 인터넷이 있는 매장입니다.",운영중,True,True,효자5동,official_coordinates,https://www.data.go.kr/data/15076735/fileData.do; 2022-04-01,2022-04-01
865522,와플대학 효자문학캠퍼스,전북특별자치도 전주시 완산구 문학대4길 28-4,전북특별자치도 전주시 완산구 효자동3가 1619-2,35.8266183,127.1047024,063-909-8586,,,"""와플대학 효자문학캠퍼스""를 전라북도 전주시의 가 볼 만한 식당으로 추천합니다!",운영중,True,True,효자5동,official_coordinates,https://www.data.go.kr/data/15076735/fileData.do; 2022-04-01,2022-04-01
412215,좋은사람들,전북특별자치도 전주시 완산구 홍산로 160-3,전북특별자치도 전주시 완산구 효자동2가 1332-1,35.808165,127.105093,063-225-2565,한식,일반음식점,"""좋은사람들""을 전라북도 전주시의 가 볼 만한 식당으로 추천합니다! 레드테이블에서 온라인 예약이 가능합니다! 배달 가능한 매장입니다. 다국어 메뉴판이 있는 매장입니다.",운영중,True,True,효자4동,official_coordinates,https://www.data.go.kr/data/15076735/fileData.do; 2022-04-01,2022-04-01
412218,신포우리만두 전주서부신시가지점,전북특별자치도 전주시 완산구 우전로 250,전북특별자치도 전주시 완산구 효자동2가 1234-1,35.8171631,127.1021973,063-222-7796,한식,일반음식점,"전라북도 전주시에서 식당을 찾으신다면? ""신포우리만두(전주서부신시가지점)""를 방문해보세요! 레드테이블에서 온라인 예약이 가능합니다! 배달 가능한 매장입니다. 다국어 메뉴판이 있는 매장입니다.",운영중,True,True,효자5동,official_coordinates,https://www.data.go.kr/data/15076735/fileData.do; 2022-04-01,2022-04-01
412310,두여인생막걸리,전북특별자치도 전주시 완산구 거마산로 9,전북특별자치도 전주시 완산구 삼천동1가 620-1,35.7970843,127.1222896,063-221-0271,한식,일반음식점,"2016년 11월 25일 MBC 생방송오늘저녁 492회, 2012년 08월 24일 KBS2 황금발 8회, 2012년 07월 16일 KBS2 생생정보통 490회 등 많은 방송에 등장한 바로 그 곳! 전라북도 전주시에 가시면 소문난 맛집 ""두여인생막걸리""를 방문해보세요! 레드테이블에서 온라인 예약이 가능합니다! 다국어 메뉴판이 있는 매장입니다.",운영중,True,True,삼천2동,official_coordinates,https://www.data.go.kr/data/15076735/fileData.do; 2022-04-01,2022-04-01
412313,배스킨라빈스 전주 삼천점,전북특별자치도 전주시 완산구 거마남로 1,전북특별자치도 전주시 완산구 삼천동1가 644-4,35.7949303,127.1170666,063-236-3153,커피숍,휴게음식점,"전라북도 전주시에서 식당을 찾으신다면? ""배스킨라빈스(전주삼천점)""를 방문해보세요! 레드테이블에서 온라인 예약이 가능합니다! 배달 가능한 매장입니다. 다국어 메뉴판이 있는 매장입니다.",운영중,True,True,삼천2동,official_coordinates,https://www.data.go.kr/data/15076735/fileData.do; 2022-04-01,2022-04-01
412318,얌스신시가지점,전북특별자치도 전주시 완산구 문학대4길 28-4 1층,전북특별자치도 전주시 완산구 효자동3가 1619-2,35.8266394,127.1047296,063-237-3009,일반조리판매,휴게음식점,"전라북도 전주시에서 가 볼 만한 식당을 찾으신다면? ""얌스(신시가지점)""를 추천합니다! 레드테이블에서 온라인 예약이 가능합니다! 배달 가능한 매장입니다. 다국어 메뉴판이 있는 매장입니다.",운영중,True,True,효자5동,official_coordinates,https://www.data.go.kr/data/15076735/fileData.do; 2022-04-01,2022-04-01
412319,핸즈커피중화산점,전북특별자치도 전주시 완산구 효자로 289,전북특별자치도 전주시 완산구 중화산동2가 755-12,35.8193095,127.1171767,063-224-8118,커피숍,휴게음식점,"어디 가야 할지 고민이시라고요? 그럼 전라북도 전주시 맛집, ""핸즈커피(중화산점)""를 추천합니다! 레드테이블에서 온라인 예약이 가능합니다! 배달 가능한 매장입니다. 주차공간, 다국어 메뉴판, 그리고 무선 인터넷이 있는 매장입니다.",운영중,True,True,중화산2동,official_coordinates,https://www.data.go.kr/data/15076735/fileData.do; 2022-04-01,2022-04-01
412320,이디야커피 전주서신주민센터점,전북특별자치도 전주시 완산구 서신로 47,전북특별자치도 전주시 완산구 서신동 815-2,35.8296692,127.1156072,063-251-1060,커피숍,휴게음식점,"전라북도 전주시에서 어디를 갈지 고민이라면! ""이디야커피(전주서신주민센터점)""에 가보시는 건 어떨까요? 레드테이블에서 온라인 예약이 가능합니다! 배달 가능한 매장입니다. 다국어 메뉴판이 있는 매장입니다.",운영중,True,True,서신동,official_coordinates,https://www.data.go.kr/data/15076735/fileData.do; 2022-04-01,2022-04-01
412324,이디야커피 전주평화사거리점,전북특별자치도 전주시 완산구 모악로 4764 백산한의원,전북특별자치도 전주시 완산구 풍남동3가 16-21,35.794498,127.1327328,063-223-0445,커피숍,휴게음식점,"전라북도 전주시에서 맛집을 찾으신다면 ""이디야커피(평화사거리점)""를 추천합니다. 레드테이블에서 온라인 예약이 가능합니다! 배달 가능한 매장입니다. 다국어 메뉴판이 있는 매장입니다.",운영중,True,True,평화2동,official_coordinates,https://www.data.go.kr/data/15076735/fileData.do; 2022-04-01,2022-04-01
412330,커브커피,전북특별자치도 전주시 완산구 천경로 28,전북특별자치도 전주시 완산구 동서학동 166-12,35.8087971,127.1534419,063-222-2004,커피숍,휴게음식점,"전라북도 전주시에 가신다면 ""커브커피""에 방문해보세요~ 레드테이블에서 온라인 예약이 가능합니다! 다국어 메뉴판이 있는 매장입니다.",운영중,True,True,동서학동,official_coordinates,https://www.data.go.kr/data/15076735/fileData.do; 2022-04-01,2022-04-01
412333,팬도로시 전주대점,전북특별자치도 전주시 완산구 천잠로 303,전북특별자치도 전주시 완산구 효자동2가 1080,35.8141581,127.0901464,063-228-1160,커피숍,휴게음식점,"""팬도로시(전주대점)""는 전라북도 전주시에 있습니다. 레드테이블에서 온라인 예약이 가능합니다! 다국어 메뉴판이 있는 매장입니다.",운영중,True,True,효자4동,official_coordinates,https://www.data.go.kr/data/15076735/fileData.do; 2022-04-01,2022-04-01
412342,이디야커피 전주대점,전북특별자치도 전주시 완산구 백마산길 24 2층,전북특별자치도 전주시 완산구 효자동3가 1172-1,35.8174463,127.0904535,063-223-3133,커피숍,휴게음식점,"전라북도 전주시에서 어디를 갈지 고민이라면! ""이디야커피(전주대점)""에 가보시는 건 어떨까요? 레드테이블에서 온라인 예약이 가능합니다! 배달 가능한 매장입니다. 다국어 메뉴판이 있는 매장입니다.",운영중,True,True,효자4동,official_coordinates,https://www.data.go.kr/data/15076735/fileData.do; 2022-04-01,2022-04-01
412344,산들도시락,전북특별자치도 전주시 완산구 문학대3길 7 1층,전북특별자치도 전주시 완산구 효자동3가 1605-1,35.8267004,127.1011956,063-227-7179,기타 휴게음식점,휴게음식점,"전라북도 전주시에서 식당을 찾으신다면? ""산들도시락""을 방문해보세요! 레드테이블에서 온라인 예약이 가능합니다! 다국어 메뉴판, 무선 인터넷이 있는 매장입니다.",운영중,True,True,효자5동,official_coordinates,https://www.data.go.kr/data/15076735/fileData.do; 2022-04-01,2022-04-01
412350,바라봄,전북특별자치도 전주시 완산구 척동5길 1,전북특별자치도 전주시 완산구 효자동3가 1652-2,35.8230033,127.0998028,063-224-0102,커피숍,휴게음식점,"전라북도 전주시에서 가 볼 만한 식당을 찾으신다면? ""바라봄""을 추천합니다! 다국어 메뉴판이 있는 매장입니다.",운영중,True,True,효자5동,official_coordinates,https://www.data.go.kr/data/15076735/fileData.do; 2022-04-01,2022-04-01
412355,다인,전북특별자치도 전주시 완산구 용호로 101,전북특별자치도 전주시 완산구 효자동3가 1730-7,35.812367,127.0968246,063-223-3312,기타 휴게음식점,휴게음식점,"전라북도 전주시에 가신다면 ""다인""에 방문해보세요~ 레드테이블에서 온라인 예약이 가능합니다! 다국어 메뉴판이 있는 매장입니다.",운영중,True,True,효자4동,official_coordinates,https://www.data.go.kr/data/15076735/fileData.do; 2022-04-01,2022-04-01
412357,달인매콤돈까스,전북특별자치도 전주시 완산구 척동4길 6,전북특별자치도 전주시 완산구 효자동3가 1664-2,35.82213,127.1003057,063-227-7706,일반조리판매,휴게음식점,"전라북도 전주시에서 맛집을 찾으신다면 ""달인매콤돈까스""를 추천합니다. 레드테이블에서 온라인 예약이 가능합니다! 배달 가능한 매장입니다. 주차공간, 다국어 메뉴판이 있는 매장입니다.",운영중,True,True,효자5동,official_coordinates,https://www.data.go.kr/data/15076735/fileData.do; 2022-04-01,2022-04-01
412359,카페테라,전북특별자치도 전주시 완산구 범안1길 12-3,전북특별자치도 전주시 완산구 효자동2가 1163-4,35.8128322,127.10823,063-221-7122,커피숍,휴게음식점,"무엇을 먹을지 고민되신다고요? 전라북도 전주시에 계시다면 ""카페테라""를 추천합니다! 레드테이블에서 온라인 예약이 가능합니다! 반려동물 입장이 가능한 매장입니다. 배달 가능한 매장입니다. 다국어 메뉴판, 무선 인터넷이 있는 매장입니다.",운영중,True,True,효자4동,official_coordinates,https://www.data.go.kr/data/15076735/fileData.do; 2022-04-01,2022-04-01
412365,산티아고,전북특별자치도 전주시 완산구 문학대5길 21-1,전북특별자치도 전주시 완산구 효자동3가 1612-8,35.8275013,127.1041296,070-8774-0868,커피숍,휴게음식점,"전라북도 전주시에 가신다면 ""까미노데산티아고""에 방문해보세요~ 레드테이블에서 온라인 예약이 가능합니다! 다국어 메뉴판이 있는 매장입니다.",운영중,True,True,효자5동,official_coordinates,https://www.data.go.kr/data/15076735/fileData.do; 2022-04-01,2022-04-01
412371,고투커피,전북특별자치도 전주시 완산구 현무3길 77-3,전북특별자치도 전주시 완산구 경원동3가 202,35.8226331,127.1491586,063-903-7020,커피숍,휴게음식점,"무엇을 먹을지 고민되신다고요? 전라북도 전주시에 계시다면 ""고투커피""를 추천합니다! 레드테이블에서 온라인 예약이 가능합니다! 다국어 메뉴판, 무선 인터넷이 있는 매장입니다.",운영중,True,True,풍남동,official_coordinates,https://www.data.go.kr/data/15076735/fileData.do; 2022-04-01,2022-04-01
412373,가빈가배커피,전북특별자치도 전주시 완산구 충경로 66-6,전북특별자치도 전주시 완산구 경원동1가 91,35.8180015,127.1463759,,일반조리판매,휴게음식점,"전라북도 전주시에 가신다면 ""가빈가배커피""에 방문해보세요~ 레드테이블에서 온라인 예약이 가능합니다! 주차공간, 다국어 메뉴판, 그리고 무선 인터넷이 있는 매장입니다.",운영중,True,True,중앙동,official_coordinates,https://www.data.go.kr/data/15076735/fileData.do; 2022-04-01,2022-04-01
412307,이셰프하우스,전북특별자치도 전주시 완산구 전주객사3길 12-29,전북특별자치도 전주시 완산구 고사동 422,35.8181836,127.1435762,070-4203-6096,한식,일반음식점,"어디 가야 할지 고민이시라고요? 그럼 전라북도 전주시 맛집, ""이셰프하우스""를 추천합니다! 다국어 메뉴판, 무선 인터넷이 있는 매장입니다.",운영중,True,True,중앙동,official_coordinates,https://www.data.go.kr/data/15076735/fileData.do; 2022-04-01,2022-04-01
412216,콩샌 서곡점,전북특별자치도 전주시 완산구 서곡로 57,전북특별자치도 전주시 완산구 효자동3가 1458-4,35.8342361,127.1004057,063-275-0007,,일반음식점,"전라북도 전주시에서 어디를 갈지 고민이라면! ""콩샌(서곡점)""에 가보시는 건 어떨까요? 레드테이블에서 온라인 예약이 가능합니다! 배달 가능한 매장입니다. 다국어 메뉴판이 있는 매장입니다.",운영중,True,True,효자5동,official_coordinates,https://www.data.go.kr/data/15076735/fileData.do; 2022-04-01,2022-04-01
412300,푸른달 스물이레,전북특별자치도 전주시 완산구 마전3길 18,전북특별자치도 전주시 완산구 효자동3가 1632-6,35.8238186,127.1027121,,,일반음식점,"무엇을 먹을지 고민되신다고요? 전라북도 전주시에 계시다면 ""푸른달 스물이레""를 추천합니다! 레드테이블에서 온라인 예약이 가능합니다! 반려동물 입장이 가능한 매장입니다. 다국어 메뉴판, 무선 인터넷이 있는 매장입니다.",운영중,True,True,효자5동,official_coordinates,https://www.data.go.kr/data/15076735/fileData.do; 2022-04-01,2022-04-01
412291,모두랑을지로골뱅이족발,전북특별자치도 전주시 완산구 효동3길 10,전북특별자치도 전주시 완산구 효자동1가 106-2,35.8055272,127.12868,063-224-6566,한식,일반음식점,"""모두랑을지로골뱅이부페가맥""은 전라북도 전주시에 있습니다. 레드테이블에서 온라인 예약이 가능합니다! 반려동물 입장이 가능한 매장입니다. 다국어 메뉴판이 있는 매장입니다.",운영중,True,True,효자1동,official_coordinates,https://www.data.go.kr/data/15076735/fileData.do; 2022-04-01,2022-04-01
412228,안심농장,전북특별자치도 전주시 완산구 마전1길 12-3,전북특별자치도 전주시 완산구 효자동3가 1647-9,35.821781,127.1029589,063-221-9233,한식,일반음식점,"""안심농장""을 전라북도 전주시의 가 볼 만한 식당으로 추천합니다! 레드테이블에서 온라인 예약이 가능합니다! 주차공간, 다국어 메뉴판이 있는 매장입니다.",운영중,True,True,효자5동,official_coordinates,https://www.data.go.kr/data/15076735/fileData.do; 2022-04-01,2022-04-01
412230,다온초밥,전북특별자치도 전주시 완산구 거마평로 204-1,전북특별자치도 전주시 완산구 효자동1가 621-12,35.8106364,127.1150204,063-236-4558,한식,일반음식점,"전라북도 전주시에서 가 볼 만한 식당을 찾으신다면? ""다온초밥""을 추천합니다! 레드테이블에서 온라인 예약이 가능합니다! 배달 가능한 매장입니다. 다국어 메뉴판, 무선 인터넷이 있는 매장입니다.",운영중,True,True,효자2동,official_coordinates,https://www.data.go.kr/data/15076735/fileData.do; 2022-04-01,2022-04-01
412234,송송치맥,전북특별자치도 전주시 완산구 마전들로 42,전북특별자치도 전주시 완산구 효자동3가 1686-5,35.8208753,127.1001553,063-229-8592,한식,일반음식점,"전라북도 전주시에서 가 볼 만한 식당을 찾으신다면? ""송송치맥""을 추천합니다! 레드테이블에서 온라인 예약이 가능합니다! 다국어 메뉴판이 있는 매장입니다.",운영중,True,True,효자5동,official_coordinates,https://www.data.go.kr/data/15076735/fileData.do; 2022-04-01,2022-04-01
412235,전주콩나루콩나물국밥 휴먼시아점,전북특별자치도 전주시 완산구 후곡길 6,전북특별자치도 전주시 완산구 효자동2가 1312-7,35.8093958,127.0961211,063-236-1999,한식,일반음식점,"""전주콩나루콩나물국밥(휴먼시아점)""은 전라북도 전주시에 있습니다. 레드테이블에서 온라인 예약이 가능합니다! 다국어 메뉴판이 있는 매장입니다.",운영중,True,True,효자4동,official_coordinates,https://www.data.go.kr/data/15076735/fileData.do; 2022-04-01,2022-04-01
412236,하루사께,전북특별자치도 전주시 완산구 용머리로 9-10,전북특별자치도 전주시 완산구 효자동1가 411-27,35.806466,127.1116849,063-221-1288,일식,일반음식점,"어디 가야 할지 고민이시라고요? 그럼 전라북도 전주시 맛집, ""하루사께""를 추천합니다! 레드테이블에서 온라인 예약이 가능합니다! 다국어 메뉴판이 있는 매장입니다.",운영중,True,True,효자3동,official_coordinates,https://www.data.go.kr/data/15076735/fileData.do; 2022-04-01,2022-04-01
412238,해피돈스,전북특별자치도 전주시 완산구 감나무4길 13(서신동),전북특별자치도 전주시 덕진구 중동 779-3,35.8314947,127.12145,070-4655-8892,한식,일반음식점,"전라북도 전주시에 가신다면 ""해피돈스""에 방문해보세요~ 레드테이블에서 온라인 예약이 가능합니다! 남녀 화장실이 구분되어 있는 매장입니다. 주차공간, 다국어 메뉴판, 그리고 무선 인터넷이 있는 매장입니다.",운영중,True,True,서신동,official_coordinates,https://www.data.go.kr/data/15076735/fileData.do; 2022-04-01,2022-04-01
412244,BHC치킨 효자신도시점,전북특별자치도 전주시 완산구 우전1길 53,전북특별자치도 전주시 완산구 효자동2가 1331-3,35.8084859,127.1056745,063-229-5711,호프/통닭,일반음식점,"무엇을 먹을지 고민되신다고요? 전라북도 전주시에 계시다면 ""비에이치씨치킨(효자신도시점)""을 추천합니다! 레드테이블에서 온라인 예약이 가능합니다! 배달 가능한 매장입니다. 다국어 메뉴판이 있는 매장입니다.",운영중,True,True,효자4동,official_coordinates,https://www.data.go.kr/data/15076735/fileData.do; 2022-04-01,2022-04-01
412251,차이나팬더,전북특별자치도 전주시 완산구 범안1길 7-27,전북특별자치도 전주시 완산구 효자동2가 1165-1,35.8131603,127.1096208,063-225-6883,경양식,일반음식점,"무엇을 먹을지 고민되신다고요? 전라북도 전주시에 계시다면 ""차이나 팬더""를 추천합니다! 레드테이블에서 온라인 예약이 가능합니다! 반려동물 입장이 가능한 매장입니다. 배달 가능한 매장입니다. 다국어 메뉴판이 있는 매장입니다.",운영중,True,True,효자4동,official_coordinates,https://www.data.go.kr/data/15076735/fileData.do; 2022-04-01,2022-04-01
412252,청담일식,전북특별자치도 전주시 완산구 석산2길 5-10,전북특별자치도 전주시 완산구 효자동3가 1696-9,35.819965,127.1046967,063-241-5000,한식,일반음식점,"전라북도 전주시에 가신다면 ""청담일식""에 방문해보세요~ 지방자치단체 인증을 받은 농림축산식품부 제공 안심식당입니다. 레드테이블에서 온라인 예약이 가능합니다! 남녀 화장실이 구분되어 있는 매장입니다. 주차공간, 다국어 메뉴판이 있는 매장입니다.",운영중,True,True,효자5동,official_coordinates,https://www.data.go.kr/data/15076735/fileData.do; 2022-04-01,2022-04-01
412255,윤참치,전북특별자치도 전주시 완산구 홍산중앙로 38 2층,전북특별자치도 전주시 완산구 효자동3가 1536-3,35.816914,127.1093672,063-221-1737,일식,일반음식점,"전라북도 전주시에서 식당을 찾으신다면? ""윤참치(전주본점)""를 방문해보세요! 레드테이블에서 온라인 예약이 가능합니다! 남녀 화장실이 구분되어 있는 매장입니다. 배달 가능한 매장입니다. 주차공간, 다국어 메뉴판, 그리고 무선 인터넷이 있는 매장입니다.",운영중,True,True,효자5동,official_coordinates,https://www.data.go.kr/data/15076735/fileData.do; 2022-04-01,2022-04-01
412257,이지비부대찌개,전북특별자치도 전주시 완산구 소대배기로 17,전북특별자치도 전주시 완산구 평화동2가 338-10,35.787399,127.1321987,063-222-2568,분식,일반음식점,"전라북도 전주시에 가신다면 ""이지비부대찌개(평화점)""에 방문해보세요~ 레드테이블에서 온라인 예약이 가능합니다! 배달 가능한 매장입니다. 다국어 메뉴판이 있는 매장입니다.",운영중,True,True,평화2동,official_coordinates,https://www.data.go.kr/data/15076735/fileData.do; 2022-04-01,2022-04-01
412274,양푼집 효자삼천점,전북특별자치도 전주시 완산구 효자천변1길 26-25,전북특별자치도 전주시 완산구 효자동1가 667-9,35.7990614,127.1146025,063-226-0996,한식,일반음식점,"무엇을 먹을지 고민되신다고요? 전라북도 전주시에 계시다면 ""양푼집(효자삼천점)""을 추천합니다! 다국어 메뉴판이 있는 매장입니다.",운영중,True,True,효자3동,official_coordinates,https://www.data.go.kr/data/15076735/fileData.do; 2022-04-01,2022-04-01
412278,완산성순대국,전북특별자치도 전주시 완산구 후곡길 31-25,전북특별자치도 전주시 완산구 효자동2가 1306-1,35.8114395,127.0944781,063-227-5066,한식,일반음식점,"전라북도 전주시에서 가 볼 만한 식당을 찾으신다면? ""완산성순대국""을 추천합니다! 레드테이블에서 온라인 예약이 가능합니다! 배달 가능한 매장입니다. 다국어 메뉴판이 있는 매장입니다.",운영중,True,True,효자4동,official_coordinates,https://www.data.go.kr/data/15076735/fileData.do; 2022-04-01,2022-04-01
412281,쭈불로드 도청점,전북특별자치도 전주시 완산구 홍산남로 54,전북특별자치도 전주시 완산구 효자동2가 1155-4,35.8155702,127.1078369,063-224-7986,한식,일반음식점,"무엇을 먹을지 고민되신다고요? 전라북도 전주시에 계시다면 ""쭈불로드(도청점)""를 추천합니다! 레드테이블에서 온라인 예약이 가능합니다! 배달 가능한 매장입니다. 다국어 메뉴판이 있는 매장입니다.",운영중,True,True,효자5동,official_coordinates,https://www.data.go.kr/data/15076735/fileData.do; 2022-04-01,2022-04-01
412282,족발타령중화산점,전북특별자치도 전주시 완산구 중산6길 15-6,전북특별자치도 전주시 완산구 중화산동2가 597-8,35.8173897,127.1220213,063-221-6643,한식,일반음식점,"무엇을 먹을지 고민되신다고요? 전라북도 전주시에 계시다면 ""족발타령(중화산점)""을 추천합니다! 레드테이블에서 온라인 예약이 가능합니다! 배달 가능한 매장입니다. 다국어 메뉴판이 있는 매장입니다.",운영중,True,True,중화산2동,official_coordinates,https://www.data.go.kr/data/15076735/fileData.do; 2022-04-01,2022-04-01
412287,소문난고깃집 서곡점,전북특별자치도 전주시 완산구 서곡1길 13-5,전북특별자치도 전주시 완산구 효자동3가 1453-7,35.8348625,127.0995564,063-273-4589,한식,일반음식점,"어디 가야 할지 고민이시라고요? 그럼 전라북도 전주시 맛집, ""소문난고깃집(서곡점)""을 추천합니다! 레드테이블에서 온라인 예약이 가능합니다! 다국어 메뉴판이 있는 매장입니다.",운영중,True,True,효자5동,official_coordinates,https://www.data.go.kr/data/15076735/fileData.do; 2022-04-01,2022-04-01
412290,온다라순대국밥 도청점,전북특별자치도 전주시 완산구 홍산남로 54,전북특별자치도 전주시 완산구 효자동2가 1155-4,35.8155702,127.1078369,063-228-5888,한식,일반음식점,"""온다라순대국밥(도청점)""은 전라북도 전주시에 있습니다. 레드테이블에서 온라인 예약이 가능합니다! 배달 가능한 매장입니다. 주차공간, 다국어 메뉴판이 있는 매장입니다.",운영중,True,True,효자5동,official_coordinates,https://www.data.go.kr/data/15076735/fileData.do; 2022-04-01,2022-04-01
412298,돼지막본점,전북특별자치도 전주시 완산구 서곡1길 16,전북특별자치도 전주시 완산구 효자동3가 1429-7,35.8355264,127.0996201,063-255-6492,한식,일반음식점,"전라북도 전주시에서 어디를 갈지 고민이라면! ""돼지막(본점)""에 가보시는 건 어떨까요? 레드테이블에서 온라인 예약이 가능합니다! 다국어 메뉴판이 있는 매장입니다.",운영중,True,True,효자5동,official_coordinates,https://www.data.go.kr/data/15076735/fileData.do; 2022-04-01,2022-04-01
398481,고향마루송천1호점,전북특별자치도 전주시 덕진구 시천로 82-3,전북특별자치도 전주시 덕진구 송천동1가 560,35.866655,127.115183,,한식,,"어디 가야 할지 고민이시라고요? 그럼 전라북도 전주시 맛집, ""고향마루송천1호점""을 추천합니다!",운영중,True,True,송천2동,official_coordinates,https://www.data.go.kr/data/15076735/fileData.do; 2022-04-01,2022-04-01
412116,김돈이,전북특별자치도 전주시 완산구 중화산로 92,전북특별자치도 전주시 완산구 중화산동2가 592-13 제로존,35.8184755,127.1183274,063-226-2828,한식,일반음식점,"전라북도 전주시에서 식당을 찾으신다면? ""김돈이(중화산점)""를 방문해보세요! 레드테이블에서 온라인 예약이 가능합니다! 다국어 메뉴판이 있는 매장입니다.",운영중,True,True,중화산2동,official_coordinates,https://www.data.go.kr/data/15076735/fileData.do; 2022-04-01,2022-04-01
865524,샌앤잼,전북특별자치도 전주시 덕진구 경동로 38,전북특별자치도 전주시 덕진구 덕진동2가 675-10,35.843025,127.1103401,063-254-2255,카페,,"전라북도 전주시에서 가 볼 만한 식당을 찾으신다면? ""샌앤잼""을 추천합니다!",운영중,True,True,덕진동,official_coordinates,https://www.data.go.kr/data/15076735/fileData.do; 2022-04-01,2022-04-01
381568,충만치킨인후점,전북특별자치도 전주시 덕진구 견훤로 310-1,전북특별자치도 전주시 덕진구 인후동1가 756-20 경희치과,35.8391456,127.1559772,063-243-5535,,일반음식점,"전라북도 전주시에서 맛집을 찾으신다면 ""충만치킨(안골점)""을 추천합니다. 레드테이블에서 온라인 예약이 가능합니다! 배달 가능한 매장입니다. 다국어 메뉴판이 있는 매장입니다.",운영중,True,True,인후1동,official_coordinates,https://www.data.go.kr/data/15076735/fileData.do; 2022-04-01,2022-04-01
865523,촌민2호점,전북특별자치도 전주시 덕진구 가리내8길 11,전북특별자치도 전주시 덕진구 덕진동2가 673-7,35.8433373,127.1105208,063-277-7382,칼국수,,"전라북도 전주시에서 가 볼 만한 식당을 찾으신다면? ""촌민2호점""을 추천합니다!",운영중,True,True,덕진동,official_coordinates,https://www.data.go.kr/data/15076735/fileData.do; 2022-04-01,2022-04-01
381549,하림맥시칸치킨아중2호점,전북특별자치도 전주시 덕진구 가재미로 82,전북특별자치도 전주시 덕진구 인후동1가 838-7,35.8322741,127.1612166,063-245-9599,,일반음식점,"전라북도 전주시에서 가 볼 만한 식당을 찾으신다면? ""맥시칸치킨(아중2점)""을 추천합니다! 레드테이블에서 온라인 예약이 가능합니다! 반려동물 입장이 가능한 매장입니다. 배달 가능한 매장입니다. 다국어 메뉴판이 있는 매장입니다.",운영중,True,True,인후3동,official_coordinates,https://www.data.go.kr/data/15076735/fileData.do; 2022-04-01,2022-04-01
381547,유가네한우곰탕인후점,전북특별자치도 전주시 덕진구 팽나무4길 5,전북특별자치도 전주시 덕진구 인후동1가 783-14,35.8361197,127.154506,063-246-7313,,일반음식점,"전라북도 전주시에서 맛집을 찾으신다면 ""유가네한우곰탕(인후점)""을 추천합니다. 지방자치단체 인증을 받은 농림축산식품부 제공 안심식당입니다. 레드테이블에서 온라인 예약이 가능합니다! 다국어 메뉴판이 있는 매장입니다.",운영중,True,True,인후1동,official_coordinates,https://www.data.go.kr/data/15076735/fileData.do; 2022-04-01,2022-04-01
381540,파리바게뜨 전주라일락점,전북특별자치도 전주시 완산구 거마평로 4,전북특별자치도 전주시 완산구 삼천동1가 697,35.7928055,127.1170748,063-226-8203,제과점영업,제과점영업,"전라북도 전주시에서 식당을 찾으신다면? ""파리바게뜨(전주라일락점)""를 방문해보세요! 레드테이블에서 온라인 예약이 가능합니다! 배달 가능한 매장입니다. 다국어 메뉴판이 있는 매장입니다.",운영중,True,True,삼천2동,official_coordinates,https://www.data.go.kr/data/15076735/fileData.do; 2022-04-01,2022-04-01
381536,파리바게뜨 전주태평점,전북특별자치도 전주시 완산구 공북로 83,전북특별자치도 전주시 완산구 태평동 6-8,35.8263324,127.1409292,063-252-8279,제과점영업,제과점영업,"""파리바게뜨(전주태평점)""는 전라북도 전주시에 있습니다. 레드테이블에서 온라인 예약이 가능합니다! 다국어 메뉴판이 있는 매장입니다.",운영중,True,True,중앙동,official_coordinates,https://www.data.go.kr/data/15076735/fileData.do; 2022-04-01,2022-04-01
381516,비어드파파 전주효자점,전북특별자치도 전주시 완산구 마전들로 77 코오롱스포츠,전북특별자치도 전주시 완산구 효자동3가 1648-6,35.82123,127.1040697,063-282-9393,커피숍,휴게음식점,"전라북도 전주시에서 맛집을 찾으신다면 ""비어드파파(전주효자점)""를 추천합니다. 레드테이블에서 온라인 예약이 가능합니다! 배달 가능한 매장입니다. 다국어 메뉴판이 있는 매장입니다.",운영중,True,True,효자5동,official_coordinates,https://www.data.go.kr/data/15076735/fileData.do; 2022-04-01,2022-04-01
381507,신포우리만두 중화산점,전북특별자치도 전주시 완산구 서원로 281,전북특별자치도 전주시 완산구 중화산동2가 119-13,35.8121266,127.1253716,063-226-7501,일반조리판매,휴게음식점,"전라북도 전주시에서 어디를 갈지 고민이라면! ""신포우리만두(중화산점)""에 가보시는 건 어떨까요? 레드테이블에서 온라인 예약이 가능합니다! 배달 가능한 매장입니다. 다국어 메뉴판, 무선 인터넷이 있는 매장입니다.",운영중,True,True,중화산1동,official_coordinates,https://www.data.go.kr/data/15076735/fileData.do; 2022-04-01,2022-04-01
381505,알베르베로,전북특별자치도 전주시 완산구 봉곡로 115,전북특별자치도 전주시 완산구 효자동2가 1158-30,35.811111,127.1064727,,일반조리판매,휴게음식점,"전라북도 전주시에 가신다면 ""알베르베로""에 방문해보세요~ 레드테이블에서 온라인 예약이 가능합니다! 배달 가능한 매장입니다. 주차공간, 다국어 메뉴판, 그리고 무선 인터넷이 있는 매장입니다.",운영중,True,True,효자4동,official_coordinates,https://www.data.go.kr/data/15076735/fileData.do; 2022-04-01,2022-04-01
381503,역전할머니맥주효자2호점	,전북특별자치도 전주시 완산구 홍산로 160-3(1층 105호 효자동2가)	,전북특별자치도 전주시 완산구 효자동2가 1332-1,35.8081695,127.1051292,063-236-7624,커피숍,휴게음식점,"전라북도 전주시에서 가 볼 만한 식당을 찾으신다면? ""역전할머니맥주(전주효자2호점)""를 추천합니다! 레드테이블에서 온라인 예약이 가능합니다! 다국어 메뉴판이 있는 매장입니다.",운영중,True,True,효자4동,official_coordinates,https://www.data.go.kr/data/15076735/fileData.do; 2022-04-01,2022-04-01
381502,콩샌 문학초점,전북특별자치도 전주시 완산구 문학로 23,전북특별자치도 전주시 완산구 효자동3가 1604-16,35.8272888,127.1017104,063-226-0104,커피숍,휴게음식점,"""콩샌(문학초점)""은 전라북도 전주시에 있습니다. 레드테이블에서 온라인 예약이 가능합니다! 배달 가능한 매장입니다. 다국어 메뉴판이 있는 매장입니다.",운영중,True,True,효자5동,official_coordinates,https://www.data.go.kr/data/15076735/fileData.do; 2022-04-01,2022-04-01
381500,마성떡볶이 홈플러스 전주효자점,전북특별자치도 전주시 완산구 용머리로 31 1층,전북특별자치도 전주시 완산구 효자동1가 431-5,35.8065785,127.1142642,,일반조리판매,휴게음식점,"무엇을 먹을지 고민되신다고요? 전라북도 전주시에 계시다면 ""마성떡볶이(홈플러스 전주효자점)""를 추천합니다! 레드테이블에서 온라인 예약이 가능합니다! 주차공간, 다국어 메뉴판이 있는 매장입니다.",운영중,True,True,효자3동,official_coordinates,https://www.data.go.kr/data/15076735/fileData.do; 2022-04-01,2022-04-01
381494,배스킨라빈스 전주효자홈플러스,전북특별자치도 전주시 완산구 용머리로 31,전북특별자치도 전주시 완산구 효자동1가 431-5,35.8065785,127.1142642,063-223-3130,패스트푸드,휴게음식점,"무엇을 먹을지 고민되신다고요? 전라북도 전주시에 계시다면 ""배스킨라빈스(전주효자홈플러스점)""를 추천합니다! 레드테이블에서 온라인 예약이 가능합니다! 배달 가능한 매장입니다. 키오스크, 다국어 메뉴판이 있는 매장입니다.",운영중,True,True,효자3동,official_coordinates,https://www.data.go.kr/data/15076735/fileData.do; 2022-04-01,2022-04-01
381490,효자분식,전북특별자치도 전주시 완산구 용머리로 165,전북특별자치도 전주시 완산구 효자동1가 193-7 행진수족관,35.8064956,127.1279992,063-225-6103,일반조리판매,휴게음식점,"전라북도 전주시에서 맛집을 찾으신다면 ""효자분식""을 추천합니다. 레드테이블에서 온라인 예약이 가능합니다! 다국어 메뉴판이 있는 매장입니다.",운영중,True,True,효자1동,official_coordinates,https://www.data.go.kr/data/15076735/fileData.do; 2022-04-01,2022-04-01
381571,호성동고깃집 ,전북특별자치도 전주시 덕진구 동부대로 809 ,전북특별자치도 전주시 덕진구 송천동2가 175-31,35.8594714,127.1538249,063-244-2000,식육(숯불구이),일반음식점,"전라북도 전주시에서 가 볼 만한 식당을 찾으신다면? ""호성동고깃집""을 추천합니다! 레드테이블에서 온라인 예약이 가능합니다! 남녀 화장실이 구분되어 있는 매장입니다. 다국어 메뉴판, 무선 인터넷이 있는 매장입니다.",운영중,True,True,호성동,official_coordinates,https://www.data.go.kr/data/15076735/fileData.do; 2022-04-01,2022-04-01
381482,59쌀피자 삼천1호점,전북특별자치도 전주시 완산구 거마평로 25,전북특별자치도 전주시 완산구 삼천동1가 300-3 흥건1차아파트 상가,35.7947327,127.11666,063-236-5999,일반조리판매,휴게음식점,"전라북도 전주시에서 어디를 갈지 고민이라면! ""59쌀피자(삼천1호점)""에 가보시는 건 어떨까요? 레드테이블에서 온라인 예약이 가능합니다! 배달 가능한 매장입니다. 다국어 메뉴판이 있는 매장입니다.",운영중,True,True,삼천3동,official_coordinates,https://www.data.go.kr/data/15076735/fileData.do; 2022-04-01,2022-04-01
381474,노다지,전북특별자치도 전주시 완산구 문학대4길 8,전북특별자치도 전주시 완산구 효자동3가 1623-2,35.8266973,127.1025743,063-228-8255,일반조리판매,휴게음식점,"무엇을 먹을지 고민되신다고요? 전라북도 전주시에 계시다면 ""노다지""를 추천합니다! 다국어 메뉴판이 있는 매장입니다.",운영중,True,True,효자5동,official_coordinates,https://www.data.go.kr/data/15076735/fileData.do; 2022-04-01,2022-04-01
381470,임실치즈피자 신시가지점,전북특별자치도 전주시 완산구 용호로 177,전북특별자치도 전주시 완산구 효자동3가 1679-6,35.8190724,127.0968352,063-251-1333,일반조리판매,휴게음식점,"어디 가야 할지 고민이시라고요? 그럼 전라북도 전주시 맛집, ""임실치즈피자(신시가지점)""를 추천합니다! 배달 가능한 매장입니다. 다국어 메뉴판이 있는 매장입니다.",운영중,True,True,효자5동,official_coordinates,https://www.data.go.kr/data/15076735/fileData.do; 2022-04-01,2022-04-01
381461,이삭토스트 전주효자점,전북특별자치도 전주시 완산구 문학로 19,전북특별자치도 전주시 완산구 효자동3가 1604-21,35.8269346,127.1017387,063-227-4918,일반조리판매,휴게음식점,"전라북도 전주시에서 맛집을 찾으신다면 ""이삭토스트(전주효자점)""를 추천합니다. 레드테이블에서 온라인 예약이 가능합니다! 배달 가능한 매장입니다. 다국어 메뉴판이 있는 매장입니다.",운영중,True,True,효자5동,official_coordinates,https://www.data.go.kr/data/15076735/fileData.do; 2022-04-01,2022-04-01
381459,손으로칼국수,전북특별자치도 전주시 완산구 태평3길 43-9,전북특별자치도 전주시 완산구 태평동 30-4,35.8238699,127.1411509,063-275-1125,분식,일반음식점,"어디 가야 할지 고민이시라고요? 그럼 전라북도 전주시 맛집, ""손으로칼국수""를 추천합니다! 레드테이블에서 온라인 예약이 가능합니다! 다국어 메뉴판이 있는 매장입니다.",운영중,True,True,중앙동,official_coordinates,https://www.data.go.kr/data/15076735/fileData.do; 2022-04-01,2022-04-01
381447,장군,전북특별자치도 전주시 완산구 안터6길 39-1(서신동),전북특별자치도 전주시 완산구 서신동 763-1,35.8300367,127.1165981,063-271-3890,한식,일반음식점,"어디 가야 할지 고민이시라고요? 그럼 전라북도 전주시 맛집, ""장군""을 추천합니다! 레드테이블에서 온라인 예약이 가능합니다! 배달 가능한 매장입니다. 다국어 메뉴판이 있는 매장입니다.",운영중,True,True,서신동,official_coordinates,https://www.data.go.kr/data/15076735/fileData.do; 2022-04-01,2022-04-01
381442,구운통닭 서신점,전북특별자치도 전주시 완산구 당산로 27,전북특별자치도 전주시 완산구 서신동 763-1 신일아파트,35.8323382,127.1114399,063-252-9279,한식,일반음식점,"어디 가야 할지 고민이시라고요? 그럼 전라북도 전주시 맛집, ""구운통닭(서신점)""을 추천합니다! 레드테이블에서 온라인 예약이 가능합니다! 다국어 메뉴판이 있는 매장입니다.",운영중,True,True,서신동,official_coordinates,https://www.data.go.kr/data/15076735/fileData.do; 2022-04-01,2022-04-01
381440,모란객잔,전북특별자치도 전주시 완산구 우전1길 55,전북특별자치도 전주시 완산구 효자동2가 1330-9,35.8087002,127.1057113,063-287-0456,중국식,일반음식점,"""모란객잔""은 전라북도 전주시에 있습니다. 레드테이블에서 온라인 예약이 가능합니다! 배달 가능한 매장입니다. 주차공간, 다국어 메뉴판이 있는 매장입니다.",운영중,True,True,효자4동,official_coordinates,https://www.data.go.kr/data/15076735/fileData.do; 2022-04-01,2022-04-01
381427,빽다방 전북도청타운점,전북특별자치도 전주시 완산구 홍산중앙로 33,전북특별자치도 전주시 완산구 효자동3가 1535-5,35.8164526,127.1087972,063-223-1021,한식,일반음식점,"전라북도 전주시에서 맛집을 찾으신다면 ""빽다방(전북도청타운점)""을 추천합니다. 레드테이블에서 온라인 예약이 가능합니다! 남녀 화장실이 구분되어 있는 매장입니다. 배달 가능한 매장입니다. 다국어 메뉴판, 무선 인터넷이 있는 매장입니다.",운영중,True,True,효자5동,official_coordinates,https://www.data.go.kr/data/15076735/fileData.do; 2022-04-01,2022-04-01
381425,한스델리 중앙점,전북특별자치도 전주시 완산구 전주객사5길 43-18 2층,전북특별자치도 전주시 완산구 고사동 195-2,35.8201432,127.1444611,063-286-1007,한식,일반음식점,"전라북도 전주시 근처로 갈 일정이 있으시다면, 맛집으로 소문난 ""한스델리""를 꼭 방문해보세요. 2019년 10월 25일 MBC 나혼자산다 317회에 방영되었답니다. 레드테이블에서 온라인 예약이 가능합니다! 배달 가능한 매장입니다. 주차공간, 다국어 메뉴판, 그리고 무선 인터넷이 있는 매장입니다.",운영중,True,True,중앙동,official_coordinates,https://www.data.go.kr/data/15076735/fileData.do; 2022-04-01,2022-04-01
381424,마루벌돌구이 호남본점,전북특별자치도 전주시 완산구 후곡길 6-5,전북특별자치도 전주시 완산구 효자동2가 1312-6,35.8095447,127.0964287,063-224-8279,식육(숯불구이),일반음식점,"""마루벌돌구이(호남 본점)""는 전라북도 전주시에 있습니다. 레드테이블에서 온라인 예약이 가능합니다! 배달 가능한 매장입니다. 다국어 메뉴판이 있는 매장입니다.",운영중,True,True,효자4동,official_coordinates,https://www.data.go.kr/data/15076735/fileData.do; 2022-04-01,2022-04-01
381403,보나베띠 전북도청점,전북특별자치도 전주시 완산구 홍산남로 48 2층,전북특별자치도 전주시 완산구 효자동2가 1155-1,35.8155533,127.106995,063-226-0072,경양식,일반음식점,"어디 가야 할지 고민이시라고요? 그럼 전라북도 전주시 맛집, ""보나베띠(전북 도청점)""를 추천합니다! 레드테이블에서 온라인 예약이 가능합니다! 남녀 화장실이 구분되어 있는 매장입니다. 배달 가능한 매장입니다. 주차공간, 다국어 메뉴판, 그리고 무선 인터넷이 있는 매장입니다.",운영중,True,True,효자5동,official_coordinates,https://www.data.go.kr/data/15076735/fileData.do; 2022-04-01,2022-04-01
381402,본죽 전주효자서부시장점,전북특별자치도 전주시 완산구 용머리로 157,전북특별자치도 전주시 완산구 효자동1가 194-2,35.8062703,127.127276,063-254-6288,한식,일반음식점,"전라북도 전주시에서 식당을 찾으신다면? ""본죽(전주효자서부시장점)""을 방문해보세요! 레드테이블에서 온라인 예약이 가능합니다! 배달 가능한 매장입니다. 다국어 메뉴판이 있는 매장입니다.",운영중,True,True,효자1동,official_coordinates,https://www.data.go.kr/data/15076735/fileData.do; 2022-04-01,2022-04-01
381401,오래옥본점,전북특별자치도 전주시 완산구 홍산남로 14,전북특별자치도 전주시 완산구 효자동2가 1242-1,35.815573,127.103253,063-227-9935,한식,일반음식점,"전라북도 전주시에 가신다면 ""오래옥(본점)""에 방문해보세요~ 레드테이블에서 온라인 예약이 가능합니다! 다국어 메뉴판이 있는 매장입니다.",운영중,True,True,효자5동,official_coordinates,https://www.data.go.kr/data/15076735/fileData.do; 2022-04-01,2022-04-01
381399,카페안테나,전북특별자치도 전주시 완산구 하거마1길 11,전북특별자치도 전주시 완산구 삼천동1가 698-6,35.7928385,127.1190339,063-225-6172,경양식,일반음식점,"무엇을 먹을지 고민되신다고요? 전라북도 전주시에 계시다면 ""카페안테나""를 추천합니다! 레드테이블에서 온라인 예약이 가능합니다! 다국어 메뉴판이 있는 매장입니다.",운영중,True,True,삼천2동,official_coordinates,https://www.data.go.kr/data/15076735/fileData.do; 2022-04-01,2022-04-01
381478,카페에레쯔,전북특별자치도 전주시 완산구 장승배기로 22,전북특별자치도 전주시 완산구 삼천동1가 305-51,35.7921955,127.1153674,063-237-5235,커피숍,휴게음식점,"무엇을 먹을지 고민되신다고요? 전라북도 전주시에 계시다면 ""카페에레쯔""를 추천합니다! 레드테이블에서 온라인 예약이 가능합니다! 남녀 화장실이 구분되어 있는 매장입니다. 배달 가능한 매장입니다. 주차공간, 키오스크가 마련되어 있으며 다국어 메뉴판, 무선 인터넷을 제공하는 매장입니다.",운영중,True,True,삼천3동,official_coordinates,https://www.data.go.kr/data/15076735/fileData.do; 2022-04-01,2022-04-01
381572,고씨네 전북대점,전북특별자치도 전주시 덕진구 명륜4길 17,전북특별자치도 전주시 덕진구 덕진동1가 1261-4,35.8434587,127.1265534,063-278-8222,분식,일반음식점,"""고씨네(전북대점)""를 전라북도 전주시의 가 볼 만한 식당으로 추천합니다! 레드테이블에서 온라인 예약이 가능합니다! 배달 가능한 매장입니다. 다국어 메뉴판, 무선 인터넷이 있는 매장입니다.",운영중,True,True,덕진동,official_coordinates,https://www.data.go.kr/data/15076735/fileData.do; 2022-04-01,2022-04-01
381551,가장맛있는족발,전북특별자치도 전주시 덕진구 붓내3길 7,전북특별자치도 전주시 덕진구 송천동2가 523-14,35.8668857,127.122228,063-255-5849,한식,일반음식점,"전라북도 전주시에서 식당을 찾으신다면? ""가장맛있는족발(전주 송천점)""을 방문해보세요! 레드테이블에서 온라인 예약이 가능합니다! 배달 가능한 매장입니다. 다국어 메뉴판이 있는 매장입니다.",운영중,True,True,송천1동,official_coordinates,https://www.data.go.kr/data/15076735/fileData.do; 2022-04-01,2022-04-01
381585,동양닭집,전북특별자치도 전주시 완산구 태평3길 44-6,전북특별자치도 전주시 완산구 태평동 36-8,35.8241197,127.1422759,063-252-5468,백숙,,"무엇을 먹을지 고민되신다고요? 전라북도 전주시에 계시다면 ""동양닭집""을 추천합니다!",운영중,True,True,중앙동,official_coordinates,https://www.data.go.kr/data/15076735/fileData.do; 2022-04-01,2022-04-01
381583,오꾸꼬 송천점,전북특별자치도 전주시 덕진구 붓내3길 19,전북특별자치도 전주시 덕진구 송천동2가 1272,35.8668215,127.1236928,063-904-3392,,일반음식점,"전라북도 전주시에서 가 볼 만한 식당을 찾으신다면? ""오꾸꼬(송천점)""를 추천합니다! 레드테이블에서 온라인 예약이 가능합니다! 남녀 화장실이 구분되어 있는 매장입니다. 배달 가능한 매장입니다. 다국어 메뉴판이 있는 매장입니다.",운영중,True,True,송천1동,official_coordinates,https://www.data.go.kr/data/15076735/fileData.do; 2022-04-01,2022-04-01
381623,송천청마루정육식당,전북특별자치도 전주시 덕진구 두간5길 16,전북특별자치도 전주시 덕진구 송천동1가 820-6,35.8639012,127.1177888,,식육(숯불구이),일반음식점,"""송천청마루정육식당""은 전라북도 전주시에 있습니다. 배달 가능한 매장입니다. 다국어 메뉴판이 있는 매장입니다.",운영중,True,True,송천2동,official_coordinates,https://www.data.go.kr/data/15076735/fileData.do; 2022-04-01,2022-04-01
381628,놀이터,전북특별자치도 전주시 덕진구 정언신로 74,전북특별자치도 전주시 덕진구 인후동1가 867-1,35.8304121,127.1620076,063-244-6864,한식,일반음식점,"전라북도 전주시에서 맛집을 찾으신다면 ""놀이터가맥""을 추천합니다. 레드테이블에서 온라인 예약이 가능합니다! 다국어 메뉴판이 있는 매장입니다.",운영중,True,True,인후3동,official_coordinates,https://www.data.go.kr/data/15076735/fileData.do; 2022-04-01,2022-04-01
381630,조커닭 양궁카페,전북특별자치도 전주시 덕진구 명륜4길 17,전북특별자치도 전주시 덕진구 덕진동1가 1261-4,35.8434587,127.1265534,063-255-0402,호프/통닭,일반음식점,"""조커닭치킨(전북대점)""은 전라북도 전주시에 있습니다. 레드테이블에서 온라인 예약이 가능합니다! 다국어 메뉴판이 있는 매장입니다.",운영중,True,True,덕진동,official_coordinates,https://www.data.go.kr/data/15076735/fileData.do; 2022-04-01,2022-04-01
381643,현대옥전주고속버스터미널점,전북특별자치도 전주시 덕진구 떡전4길 31,전북특별자치도 전주시 덕진구 우아동3가 747-14,35.836899,127.1306125,063-273-9882,한식,일반음식점,"전라북도 전주시에 가신다면 ""현대옥(전주고속버스터미널점)""에 방문해보세요~ 레드테이블에서 온라인 예약이 가능합니다! 배달 가능한 매장입니다. 다국어 메뉴판이 있는 매장입니다.",운영중,True,True,금암1동,official_coordinates,https://www.data.go.kr/data/15076735/fileData.do; 2022-04-01,2022-04-01
381668,강커피,전북특별자치도 전주시 덕진구 편운로 23,전북특별자치도 전주시 덕진구 송천동2가 175-59,35.8718255,127.0788191,063-212-0011,커피숍,휴게음식점,"어디 가야 할지 고민이시라고요? 그럼 전라북도 전주시 맛집, ""강커피""를 추천합니다! 레드테이블에서 온라인 예약이 가능합니다! 반려동물 입장이 가능한 매장입니다. 배달 가능한 매장입니다. 다국어 메뉴판이 있는 매장입니다.",운영중,True,True,여의동,official_coordinates,https://www.data.go.kr/data/15076735/fileData.do; 2022-04-01,2022-04-01
381669,커피스토리,전북특별자치도 전주시 덕진구 쪽구름로 75,전북특별자치도 전주시 덕진구 반월동 248-2,35.8720698,127.0759188,,커피숍,휴게음식점,"""커피스토리""를 전라북도 전주시의 가 볼 만한 식당으로 추천합니다! 레드테이블에서 온라인 예약이 가능합니다! 다국어 메뉴판이 있는 매장입니다.",운영중,True,True,조촌동,official_coordinates,https://www.data.go.kr/data/15076735/fileData.do; 2022-04-01,2022-04-01
381673,캠토우아점,전북특별자치도 전주시 덕진구 석소로 22,전북특별자치도 전주시 덕진구 우아동2가 904-7 우리들빌딩,35.8293519,127.1695104,063-245-2750,커피숍,휴게음식점,"전라북도 전주시에서 어디를 갈지 고민이라면! ""캠토""에 가보시는 건 어떨까요? 레드테이블에서 온라인 예약이 가능합니다! 반려동물 입장이 가능한 매장입니다. 배달 가능한 매장입니다. 다국어 메뉴판이 있는 매장입니다.",운영중,True,True,우아2동,official_coordinates,https://www.data.go.kr/data/15076735/fileData.do; 2022-04-01,2022-04-01
381616,연지닭갈비,전북특별자치도 전주시 덕진구 솔내9길 2,전북특별자치도 전주시 덕진구 송천동1가 106,35.8624924,127.1259842,063-276-7703,한식,일반음식점,"전라북도 전주시에서 어디를 갈지 고민이라면! ""연지닭갈비""에 가보시는 건 어떨까요? 레드테이블에서 온라인 예약이 가능합니다! 남녀 화장실이 구분되어 있는 매장입니다. 배달 가능한 매장입니다. 주차공간, 다국어 메뉴판이 있는 매장입니다.",운영중,True,True,송천1동,official_coordinates,https://www.data.go.kr/data/15076735/fileData.do; 2022-04-01,2022-04-01
381678,커피지,전북특별자치도 전주시 덕진구 호반2길 17,전북특별자치도 전주시 덕진구 덕진동2가 168-25,35.8503604,127.119333,063-275-8708,커피숍,휴게음식점,"어디 가야 할지 고민이시라고요? 그럼 전라북도 전주시 맛집, ""커피지""를 추천합니다! 남녀 화장실이 구분되어 있는 매장입니다. 주차공간, 다국어 메뉴판, 그리고 무선 인터넷이 있는 매장입니다.",운영중,True,True,덕진동,official_coordinates,https://www.data.go.kr/data/15076735/fileData.do; 2022-04-01,2022-04-01
381683,요거프레소 전주센트럴파크점,전북특별자치도 전주시 덕진구 송천로 1 송천동센트럴파크아파트상가 108호,전북특별자치도 전주시 덕진구 송천동1가 292-7,35.8543951,127.1185926,063-273-0448,일반조리판매,휴게음식점,"무엇을 먹을지 고민되신다고요? 전라북도 전주시에 계시다면 ""요거프레소(전주센트럴파크점)""를 추천합니다! 레드테이블에서 온라인 예약이 가능합니다! 다국어 메뉴판이 있는 매장입니다.",운영중,True,True,송천2동,official_coordinates,https://www.data.go.kr/data/15076735/fileData.do; 2022-04-01,2022-04-01
381689,이디야커피송천점,전북특별자치도 전주시 덕진구 송천중앙로 220,전북특별자치도 전주시 완산구 삼천동1가 449-1,35.8667759,127.1217641,070-4412-1066,커피숍,휴게음식점,"전라북도 전주시에 가신다면 ""이디야커피(전주송천점)""에 방문해보세요~ 레드테이블에서 온라인 예약이 가능합니다! 다국어 메뉴판이 있는 매장입니다.",운영중,True,True,송천1동,official_coordinates,https://www.data.go.kr/data/15076735/fileData.do; 2022-04-01,2022-04-01
381696,카페그곳,전북특별자치도 전주시 덕진구 창포길 55,전북특별자치도 전주시 덕진구 덕진동1가 1324-3,35.85036,127.123738,070-7518-9966,커피숍,휴게음식점,"전라북도 전주시에서 식당을 찾으신다면? ""카페그곳""을 방문해보세요! 남녀 화장실이 구분되어 있는 매장입니다. 주차공간, 다국어 메뉴판, 그리고 무선 인터넷이 있는 매장입니다.",운영중,True,True,덕진동,official_coordinates,https://www.data.go.kr/data/15076735/fileData.do; 2022-04-01,2022-04-01
381700,이디야전주동산점,전북특별자치도 전주시 덕진구 편운로 6,전북특별자치도 전주시 덕진구 여의동2가 701,35.8708288,127.0770367,063-212-1249,커피숍,휴게음식점,"무엇을 먹을지 고민되신다고요? 전라북도 전주시에 계시다면 ""이디야커피(전주동산점)""를 추천합니다! 레드테이블에서 온라인 예약이 가능합니다! 배달 가능한 매장입니다. 다국어 메뉴판이 있는 매장입니다.",운영중,True,True,여의동,official_coordinates,https://www.data.go.kr/data/15076735/fileData.do; 2022-04-01,2022-04-01
381702,뜨락,전북특별자치도 전주시 덕진구 두간9길 12,전북특별자치도 전주시 덕진구 송천동1가 829-3,35.8644028,127.1156845,063-276-2666,전통찻집,휴게음식점,"어디 가야 할지 고민이시라고요? 그럼 전라북도 전주시 맛집, ""뜨락""을 추천합니다! 주차공간, 다국어 메뉴판이 있는 매장입니다.",운영중,True,True,송천2동,official_coordinates,https://www.data.go.kr/data/15076735/fileData.do; 2022-04-01,2022-04-01
865556,가비마실,전북특별자치도 전주시 완산구 전주객사2길 73-22 2층,전북특별자치도 전주시 완산구 다가동4가 49-1,35.8199847,127.1392015,063-282-1939,카페,,"""가비마실""을 전라북도 전주시의 가 볼 만한 식당으로 추천합니다!",운영중,True,True,중앙동,official_coordinates,https://www.data.go.kr/data/15076735/fileData.do; 2022-04-01,2022-04-01
383015,흑화당 전주 객사점,전북특별자치도 전주시 완산구 전주객사5길 22,전북특별자치도 전주시 완산구 고사동 65-5,35.8191064,127.145652,063-715-1010,카페,,"전라북도 전주시에서 맛집을 찾으신다면 ""흑화당 전주 객사점""을 추천합니다.",운영중,True,True,중앙동,official_coordinates,https://www.data.go.kr/data/15076735/fileData.do; 2022-04-01,2022-04-01
396292,풍경,전북특별자치도 전주시 완산구 태조로 45 2층,전북특별자치도 전주시 완산구 교동 278-1,35.81396,127.1500288,,차,,"어디 가야 할지 고민이시라고요? 그럼 전라북도 전주시 맛집, ""풍경""을 추천합니다!",운영중,True,True,풍남동,official_coordinates,https://www.data.go.kr/data/15076735/fileData.do; 2022-04-01,2022-04-01
381681,카페유고,전북특별자치도 전주시 덕진구 기린대로 400-4,전북특별자치도 전주시 덕진구 금암동 470-2,35.8378345,127.1325427,063-278-0056,커피숍,휴게음식점,"어디 가야 할지 고민이시라고요? 그럼 전라북도 전주시 맛집, ""카페유고""를 추천합니다! 레드테이블에서 온라인 예약이 가능합니다! 배달 가능한 매장입니다. 다국어 메뉴판이 있는 매장입니다.",운영중,True,True,금암1동,official_coordinates,https://www.data.go.kr/data/15076735/fileData.do; 2022-04-01,2022-04-01
381612,동대문엽기떡볶이 전주송천점,전북특별자치도 전주시 덕진구 솔내로 149,전북특별자치도 전주시 덕진구 송천동1가 107-110,35.8635546,127.1267441,063-247-8592,경양식,일반음식점,"전라북도 전주시에서 가 볼 만한 식당을 찾으신다면? ""불닭발땡초동대문엽기떡볶이(송천점)""를 추천합니다! 레드테이블에서 온라인 예약이 가능합니다! 남녀 화장실이 구분되어 있는 매장입니다. 배달 가능한 매장입니다. 다국어 메뉴판, 무선 인터넷이 있는 매장입니다.",운영중,True,True,송천1동,official_coordinates,https://www.data.go.kr/data/15076735/fileData.do; 2022-04-01,2022-04-01
864497,정갈한 솜씨,전북특별자치도 전주시 완산구 은행로 63,전북특별자치도 전주시 완산구 교동 68-1,35.8144219,127.1528001,,차,,"무엇을 먹을지 고민되신다고요? 전라북도 전주시에 계시다면 ""정갈한 솜씨""를 추천합니다!",운영중,True,True,풍남동,official_coordinates,https://www.data.go.kr/data/15076735/fileData.do; 2022-04-01,2022-04-01
381588,양푼집,전북특별자치도 전주시 덕진구 백제대로 821,전북특별자치도 전주시 덕진구 우아동3가 746-33 이조참치,35.8488391,127.1578501,063-242-6556,한식,일반음식점,"무엇을 먹을지 고민되신다고요? 전라북도 전주시에 계시다면 ""역전 양푼집""을 추천합니다! 레드테이블에서 온라인 예약이 가능합니다! 배달 가능한 매장입니다. 다국어 메뉴판이 있는 매장입니다.",운영중,True,True,우아1동,official_coordinates,https://www.data.go.kr/data/15076735/fileData.do; 2022-04-01,2022-04-01
381605,조선치킨 동산반월점,전북특별자치도 전주시 덕진구 편운로 6,전북특별자치도 전주시 덕진구 중동 775-1,35.8708288,127.0770367,063-214-9901,,일반음식점,"어디 가야 할지 고민이시라고요? 그럼 전라북도 전주시 맛집, ""조선치킨(동산반월점)""을 추천합니다! 레드테이블에서 온라인 예약이 가능합니다! 배달 가능한 매장입니다. 다국어 메뉴판이 있는 매장입니다.",운영중,True,True,여의동,official_coordinates,https://www.data.go.kr/data/15076735/fileData.do; 2022-04-01,2022-04-01
381594,송천참옻닭,전북특별자치도 전주시 덕진구 두간로 46-3,전북특별자치도 전주시 덕진구 송천동1가 814-2,35.8648686,127.1198024,063-252-2252,한식,일반음식점,"2016년 02월 12일 SBS 생방송투데이 1569회에서 소개되었던 맛집, ""송천참옻닭""입니다! 전라북도 전주시 근처라면 방문해보세요. 레드테이블에서 온라인 예약이 가능합니다! 남녀 화장실이 구분되어 있는 매장입니다. 주차공간, 다국어 메뉴판, 그리고 무선 인터넷이 있는 매장입니다.",운영중,True,True,송천2동,official_coordinates,https://www.data.go.kr/data/15076735/fileData.do; 2022-04-01,2022-04-01
954089,은화수식당 전주인후점,전북특별자치도 전주시 덕진구 건산로 224,전북특별자치도 전주시 덕진구 인후동1가 835-2,35.8337846,127.1617984,063-244-1394,,일반음식점,"전라북도 전주시에서 맛집을 찾으신다면 ""은화수식당(전주인후점)""을 추천합니다. 주차공간이 있는 매장입니다.",신규,True,True,인후3동,official_coordinates,https://www.data.go.kr/data/15076735/fileData.do; 2022-04-01,2022-04-01
954190,육빵집,전북특별자치도 전주시 완산구 배학4길 36-1,전북특별자치도 전주시 완산구 효자동3가 1688-1,35.8206466,127.1000913,,,휴게음식점,"전라북도 전주시에서 어디를 갈지 고민이라면! ""육빵집""에 가보시는 건 어떨까요? 배달 가능한 매장입니다. 주차공간이 있는 매장입니다.",신규,True,True,효자5동,official_coordinates,https://www.data.go.kr/data/15076735/fileData.do; 2022-04-01,2022-04-01
954209,행복순대,전북특별자치도 전주시 덕진구 가재미로 35,전북특별자치도 전주시 덕진구 인후동1가 887-4,35.8282464,127.1624449,063-245-9247,,일반음식점,"어디 가야 할지 고민이시라고요? 그럼 전라북도 전주시 맛집, ""행복순대""를 추천합니다! 다국어 메뉴판이 있는 매장입니다.",신규,True,True,인후3동,official_coordinates,https://www.data.go.kr/data/15076735/fileData.do; 2022-04-01,2022-04-01
954261,행복찬구내식당,전북특별자치도 전주시 완산구 서곡1길 19,전북특별자치도 전주시 완산구 효자동3가 1449-1,35.8354899,127.0991679,063-277-5982,,일반음식점,"전라북도 전주시에서 식당을 찾으신다면? ""행복찬구내식당""을 방문해보세요!",신규,True,True,효자5동,official_coordinates,https://www.data.go.kr/data/15076735/fileData.do; 2022-04-01,2022-04-01
954287,이마트24 전주인후점,전북특별자치도 전주시 덕진구 팽나무4길 11,전북특별자치도 전주시 덕진구 인후동1가 781-1,35.8355356,127.1546134,,,휴게음식점,"""이마트24(전주인후점)""를 전라북도 전주시의 가 볼 만한 식당으로 추천합니다!",신규,True,True,인후1동,official_coordinates,https://www.data.go.kr/data/15076735/fileData.do; 2022-04-01,2022-04-01
954794,맵도리탕 전주평화점,전북특별자치도 전주시 완산구 평화로 163,전북특별자치도 전주시 완산구 평화동2가 860-4,35.7911528,127.1357795,063-224-9991,,일반음식점,"전라북도 전주시에 가신다면 ""맵도리탕(전주평화점)""에 방문해보세요~ 남녀 화장실이 구분되어 있는 매장입니다. 배달 가능한 매장입니다. 주차공간이 있는 매장입니다.",신규,True,True,평화2동,official_coordinates,https://www.data.go.kr/data/15076735/fileData.do; 2022-04-01,2022-04-01
954751,명품꽈배기앤핫도그 고려병원점,전북특별자치도 전주시 덕진구 안덕원로 369,전북특별자치도 전주시 덕진구 산정동 853-1,35.8394687,127.167084,063-241-9494,,휴게음식점,"전라북도 전주시에서 식당을 찾으신다면? ""명품꽈배기앤핫도그(고려병원점)""를 방문해보세요!",신규,True,True,우아2동,official_coordinates,https://www.data.go.kr/data/15076735/fileData.do; 2022-04-01,2022-04-01
953995,떡군이네떡볶이 덕진구점,전북특별자치도 전주시 덕진구 조경단로 57,전북특별자치도 전주시 덕진구 금암동 1556-11,35.8395437,127.1381164,063-864-1887,,일반음식점,"전라북도 전주시에서 맛집을 찾으신다면 ""떡군이네떡볶이(덕진구점)""를 추천합니다.",신규,True,True,금암1동,official_coordinates,https://www.data.go.kr/data/15076735/fileData.do; 2022-04-01,2022-04-01
954822,Cafe1221,전북특별자치도 전주시 완산구 유연로 154,전북특별자치도 전주시 완산구 효자동3가 1627-6,35.8248719,127.1022754,,,휴게음식점,"전라북도 전주시에 가신다면 ""Cafe1221""에 방문해보세요~ 남녀 화장실이 구분되어 있는 매장입니다. 주차공간, 무선 인터넷이 있는 매장입니다.",신규,True,True,효자5동,official_coordinates,https://www.data.go.kr/data/15076735/fileData.do; 2022-04-01,2022-04-01
954863,엑시트피자,전북특별자치도 전주시 덕진구 정언신로 80,전북특별자치도 전주시 덕진구 인후동1가 867-5,35.8306222,127.1625663,063-244-1999,,일반음식점,"""엑시트피자""를 전라북도 전주시의 가 볼 만한 식당으로 추천합니다!",신규,True,True,인후3동,official_coordinates,https://www.data.go.kr/data/15076735/fileData.do; 2022-04-01,2022-04-01
954905,냉면쟁이고기꾼 혁신만성점,전북특별자치도 전주시 덕진구 오공로 120,전북특별자치도 전주시 덕진구 만성동 1166-1,35.8353183,127.0686546,063-224-2556,,일반음식점,"무엇을 먹을지 고민되신다고요? 전라북도 전주시에 계시다면 ""냉면쟁이고기꾼(혁신만성점)""을 추천합니다!",신규,True,True,여의동,official_coordinates,https://www.data.go.kr/data/15076735/fileData.do; 2022-04-01,2022-04-01
955087,심리향면가,전북특별자치도 전주시 완산구 팔달로 101-5,전북특별자치도 전주시 완산구 전동 274,35.8118097,127.1490032,063-232-5567,,일반음식점,"""심리향면가""는 전라북도 전주시에 있습니다. 레드테이블에서 온라인 예약이 가능합니다! 다국어 메뉴판이 있는 매장입니다.",신규,True,True,풍남동,official_coordinates,https://www.data.go.kr/data/15076735/fileData.do; 2022-04-01,2022-04-01
955199,중앙동꿀꽈배기,전북특별자치도 전주시 완산구 전주객사5길 77,전북특별자치도 전주시 완산구 고사동 217-1,35.8215101,127.1444667,063-251-8808,,제과점영업,"무엇을 먹을지 고민되신다고요? 전라북도 전주시에 계시다면 ""중앙동꿀꽈배기""를 추천합니다! 주차공간이 있는 매장입니다.",신규,True,True,중앙동,official_coordinates,https://www.data.go.kr/data/15076735/fileData.do; 2022-04-01,2022-04-01
955222,떡볶이참잘하는집 전주중화산점,전북특별자치도 전주시 완산구 서원로 292,전북특별자치도 전주시 완산구 중화산동2가 535-3,35.8116166,127.1262865,063-236-2786,,일반음식점,"""떡볶이참잘하는집(전주중화산점)""은 전라북도 전주시에 있습니다.",신규,True,True,중화산1동,official_coordinates,https://www.data.go.kr/data/15076735/fileData.do; 2022-04-01,2022-04-01
954344,홀리랜드,전북특별자치도 전주시 완산구 문화2길 9-1,전북특별자치도 전주시 완산구 중노송동 476-16,35.8238611,127.1558363,,,휴게음식점,"""홀리랜드""를 전라북도 전주시의 가 볼 만한 식당으로 추천합니다!",신규,True,True,노송동,official_coordinates,https://www.data.go.kr/data/15076735/fileData.do; 2022-04-01,2022-04-01
953979,짱그미김밥 4호점,전북특별자치도 전주시 덕진구 천마산로 68,전북특별자치도 전주시 덕진구 송천동1가 107-16,35.8648178,127.1288501,063-274-8794,,일반음식점,"전라북도 전주시에서 어디를 갈지 고민이라면! ""짱그미김밥(4호점)""에 가보시는 건 어떨까요? 남녀 화장실이 구분되어 있는 매장입니다. 주차공간이 있는 매장입니다.",신규,True,True,송천1동,official_coordinates,https://www.data.go.kr/data/15076735/fileData.do; 2022-04-01,2022-04-01
953639,수수새알심,전북특별자치도 전주시 완산구 태평5길 45,전북특별자치도 전주시 완산구 태평동 39-7,35.8246581,127.1433586,,,휴게음식점,"어디 가야 할지 고민이시라고요? 그럼 전라북도 전주시 맛집, ""수수새알심""을 추천합니다!",신규,True,True,노송동,official_coordinates,https://www.data.go.kr/data/15076735/fileData.do; 2022-04-01,2022-04-01
953693,홈런왕,전북특별자치도 전주시 완산구 평화로 214,전북특별자치도 전주시 완산구 평화동1가 717-6,35.7957428,127.1367067,063-222-9909,,일반음식점,"전라북도 전주시에서 맛집을 찾으신다면 ""홈런왕""을 추천합니다. 다국어 메뉴판이 있는 매장입니다.",신규,True,True,평화1동,official_coordinates,https://www.data.go.kr/data/15076735/fileData.do; 2022-04-01,2022-04-01
952582,꺼구리시장통닭 평화점,전북특별자치도 전주시 완산구 맏내4길 16-20,전북특별자치도 전주시 완산구 평화동1가 643,35.7944993,127.1312165,063-228-1999,,일반음식점,"전라북도 전주시에 가신다면 ""꺼구리시장통닭(평화점)""에 방문해보세요~ 배달 가능한 매장입니다. 주차공간, 무선 인터넷이 있는 매장입니다.",신규,True,True,평화2동,official_coordinates,https://www.data.go.kr/data/15076735/fileData.do; 2022-04-01,2022-04-01
952598,로이드커피하우스,전북특별자치도 전주시 완산구 홍산남로 18,전북특별자치도 전주시 완산구 효자동2가 1242-3,35.8155883,127.1037485,063-278-6086,,휴게음식점,"전라북도 전주시에서 식당을 찾으신다면? ""로이드커피하우스""를 방문해보세요! 남녀 화장실이 구분되어 있는 매장입니다. 배달 가능한 매장입니다. 주차공간이 있는 매장입니다.",신규,True,True,효자5동,official_coordinates,https://www.data.go.kr/data/15076735/fileData.do; 2022-04-01,2022-04-01
952714,구들식탁,전북특별자치도 전주시 덕진구 기지로 82,전북특별자치도 전주시 덕진구 중동 775-2,35.838091,127.0609063,,,일반음식점,"""구들식탁""을 전라북도 전주시의 가 볼 만한 식당으로 추천합니다!",신규,True,True,혁신동,official_coordinates,https://www.data.go.kr/data/15076735/fileData.do; 2022-04-01,2022-04-01
952789,코스타클래식,전북특별자치도 전주시 완산구 홍산3길 11,전북특별자치도 전주시 완산구 효자동3가 1527-5,35.8182787,127.1078106,063-236-6365,,일반음식점,"전라북도 전주시에서 식당을 찾으신다면? ""코스타클래식""을 방문해보세요!",신규,True,True,효자5동,official_coordinates,https://www.data.go.kr/data/15076735/fileData.do; 2022-04-01,2022-04-01
952886,로스터리 마노,전북특별자치도 전주시 완산구 고사평5길 24-6,전북특별자치도 전주시 완산구 서신동 1013-13,35.8374866,127.1076185,063-254-1100,,휴게음식점,"전라북도 전주시에서 가 볼 만한 식당을 찾으신다면? ""로스터리 마노""를 추천합니다!",신규,True,True,서신동,official_coordinates,https://www.data.go.kr/data/15076735/fileData.do; 2022-04-01,2022-04-01
952910,카페하랑,전북특별자치도 전주시 완산구 중산3길 15-6,전북특별자치도 전주시 완산구 중화산동2가 616-10,35.8153641,127.1185811,,,휴게음식점,"""카페하랑""을 전라북도 전주시의 가 볼 만한 식당으로 추천합니다!",신규,True,True,중화산2동,official_coordinates,https://www.data.go.kr/data/15076735/fileData.do; 2022-04-01,2022-04-01
953881,인솔커피 서신점,전북특별자치도 전주시 완산구 백제대로 412,전북특별자치도 전주시 완산구 서신동 40-31,35.8300068,127.1231093,063-903-3536,,일반음식점,"전라북도 전주시에서 식당을 찾으신다면? ""인솔커피(서신점)""를 방문해보세요! 남녀 화장실이 구분되어 있는 매장입니다. 주차공간, 무선 인터넷이 있는 매장입니다.",신규,True,True,서신동,official_coordinates,https://www.data.go.kr/data/15076735/fileData.do; 2022-04-01,2022-04-01
952925,데이미,전북특별자치도 전주시 덕진구 월방1길 6,전북특별자치도 전주시 덕진구 만성동 1175-8,35.833297,127.0700693,063-227-6786,,일반음식점,"전라북도 전주시에서 식당을 찾으신다면? ""데이미""를 방문해보세요! 남녀 화장실이 구분되어 있는 매장입니다. 주차공간, 무선 인터넷이 있는 매장입니다.",신규,True,True,여의동,official_coordinates,https://www.data.go.kr/data/15076735/fileData.do; 2022-04-01,2022-04-01
953291,하니비베이커리 에코점,전북특별자치도 전주시 덕진구 세병로 92,전북특별자치도 전주시 덕진구 송천동2가 1342,35.8725528,127.1343046,063-285-0404,,제과점영업,"""하니비베이커리(에코점)""를 전라북도 전주시의 가 볼 만한 식당으로 추천합니다! 배달 가능한 매장입니다.",신규,True,True,송천1동,official_coordinates,https://www.data.go.kr/data/15076735/fileData.do; 2022-04-01,2022-04-01
953316,무늬과자,전북특별자치도 전주시 완산구 전주천동로 84,전북특별자치도 전주시 완산구 교동 222-7,35.8110708,127.1513958,,,일반음식점,"""무늬과자""는 전라북도 전주시에 있습니다.",신규,True,True,풍남동,official_coordinates,https://www.data.go.kr/data/15076735/fileData.do; 2022-04-01,2022-04-01
953394,카페데이지,전북특별자치도 전주시 덕진구 송천로 25,전북특별자치도 전주시 덕진구 송천동1가 348-2,35.8555443,127.11876,,,휴게음식점,"어디 가야 할지 고민이시라고요? 그럼 전라북도 전주시 맛집, ""카페데이지""를 추천합니다! 주차공간이 있는 매장입니다.",신규,True,True,송천2동,official_coordinates,https://www.data.go.kr/data/15076735/fileData.do; 2022-04-01,2022-04-01
953404,규카츠정 신시가지점,전북특별자치도 전주시 완산구 홍산남로 52,전북특별자치도 전주시 완산구 효자동2가 1155-3,35.8155612,127.1075,070-7514-1548,,일반음식점,"전라북도 전주시에 가신다면 ""규카츠정(신시가지점)""에 방문해보세요~ 남녀 화장실이 구분되어 있는 매장입니다. 무선 인터넷이 있는 매장입니다.",신규,True,True,효자5동,official_coordinates,https://www.data.go.kr/data/15076735/fileData.do; 2022-04-01,2022-04-01
953462,통큰포차,전북특별자치도 전주시 덕진구 정언신로 78,전북특별자치도 전주시 덕진구 인후동1가 867-3,35.830554,127.1623589,,,일반음식점,"무엇을 먹을지 고민되신다고요? 전라북도 전주시에 계시다면 ""통큰포차""를 추천합니다!",신규,True,True,인후3동,official_coordinates,https://www.data.go.kr/data/15076735/fileData.do; 2022-04-01,2022-04-01
953688,이구이구콩나물국밥,전북특별자치도 전주시 완산구 평화로 214,전북특별자치도 전주시 완산구 평화동1가 717-6,35.7957428,127.1367067,,,일반음식점,"전라북도 전주시에서 가 볼 만한 식당을 찾으신다면? ""이구이구콩나물국밥""을 추천합니다!",신규,True,True,평화1동,official_coordinates,https://www.data.go.kr/data/15076735/fileData.do; 2022-04-01,2022-04-01
953177,업텐브로피자 송천점,전북특별자치도 전주시 덕진구 송천로 112-9,전북특별자치도 전주시 덕진구 송천동1가 837-15,35.8630602,127.1167828,063-252-0620,,휴게음식점,"전라북도 전주시에 가신다면 ""업텐브로피자(송천점)""에 방문해보세요~ 무선 인터넷이 있는 매장입니다.",신규,True,True,송천2동,official_coordinates,https://www.data.go.kr/data/15076735/fileData.do; 2022-04-01,2022-04-01
953377,명량짬뽕,전북특별자치도 전주시 완산구 서곡5길 3-5,전북특별자치도 전주시 완산구 효자동3가 1417-4,35.8364822,127.1021271,063-272-1233,,일반음식점,"전라북도 전주시에서 가 볼 만한 식당을 찾으신다면? ""명량짬뽕""을 추천합니다!",신규,True,True,효자5동,official_coordinates,https://www.data.go.kr/data/15076735/fileData.do; 2022-04-01,2022-04-01
947513,오다가다,전북특별자치도 전주시 덕진구 월방3길 8,전북특별자치도 전주시 덕진구 만성동 1170-8,35.8346015,127.0702573,,,일반음식점,"전라북도 전주시에서 가 볼 만한 식당을 찾으신다면? ""오다가다""를 추천합니다!",신규,True,True,여의동,official_coordinates,https://www.data.go.kr/data/15076735/fileData.do; 2022-04-01,2022-04-01
955243,오복식품,전북특별자치도 전주시 완산구 상거마1길 9,전북특별자치도 전주시 완산구 삼천동1가 654-6,35.7955588,127.1203555,,,휴게음식점,"""오복식품""을 전라북도 전주시의 가 볼 만한 식당으로 추천합니다!",신규,True,True,삼천2동,official_coordinates,https://www.data.go.kr/data/15076735/fileData.do; 2022-04-01,2022-04-01
949638,지에스더프레시전주호성점,전북특별자치도 전주시 덕진구 호성3길 16,전북특별자치도 전주시 덕진구 호성동1가 587-43,35.8610338,127.1507398,,,휴게음식점,"""지에스더프레시전주호성점""은 전라북도 전주시에 있습니다.",신규,True,True,호성동,official_coordinates,https://www.data.go.kr/data/15076735/fileData.do; 2022-04-01,2022-04-01
949565,평화132,전북특별자치도 전주시 완산구 평화로 132,전북특별자치도 전주시 완산구 평화동2가 226,35.7881963,127.1352795,,,휴게음식점,"전라북도 전주시에서 어디를 갈지 고민이라면! ""평화132""에 가보시는 건 어떨까요?",신규,True,True,평화2동,official_coordinates,https://www.data.go.kr/data/15076735/fileData.do; 2022-04-01,2022-04-01
949544,육제곱 스테이크&파스타,전북특별자치도 전주시 덕진구 서가재미1길 18-1,전북특별자치도 전주시 덕진구 인후동1가 833-12,35.8311412,127.1610291,063-242-3354,,일반음식점,"전라북도 전주시에서 맛집을 찾으신다면 ""육제곱 스테이크&파스타""를 추천합니다.",신규,True,True,인후3동,official_coordinates,https://www.data.go.kr/data/15076735/fileData.do; 2022-04-01,2022-04-01
949531,속초양자강,전북특별자치도 전주시 완산구 평화로 204,전북특별자치도 전주시 완산구 평화동1가 737-16,35.7946699,127.1366584,063-224-5020,,일반음식점,"""속초양자강""을 전라북도 전주시의 가 볼 만한 식당으로 추천합니다! 남녀 화장실이 구분되어 있는 매장입니다. 배달 가능한 매장입니다. 무선 인터넷이 있는 매장입니다.",신규,True,True,평화1동,official_coordinates,https://www.data.go.kr/data/15076735/fileData.do; 2022-04-01,2022-04-01
949520,도란도란,전북특별자치도 전주시 덕진구 쪽구름로 18,전북특별자치도 전주시 덕진구 여의동2가 565-21,35.8674508,127.0789039,063-211-8688,,일반음식점,"전라북도 전주시에서 가 볼 만한 식당을 찾으신다면? ""도란도란""을 추천합니다!",신규,True,True,여의동,official_coordinates,https://www.data.go.kr/data/15076735/fileData.do; 2022-04-01,2022-04-01
948741,인생딱조와,전북특별자치도 전주시 덕진구 팽나무6길 9,전북특별자치도 전주시 덕진구 인후동1가 452-8,35.8347286,127.1566998,,,일반음식점,"전라북도 전주시에 가신다면 ""인생딱조와""에 방문해보세요~",신규,True,True,인후3동,official_coordinates,https://www.data.go.kr/data/15076735/fileData.do; 2022-04-01,2022-04-01
948721,매미식당,전북특별자치도 전주시 완산구 팔달로 212-5,전북특별자치도 전주시 완산구 경원동3가 33-9,35.8214776,127.1466082,,,휴게음식점,"전라북도 전주시에서 맛집을 찾으신다면 ""매미식당""을 추천합니다.",신규,True,True,풍남동,official_coordinates,https://www.data.go.kr/data/15076735/fileData.do; 2022-04-01,2022-04-01
948594,김가네김밥 혁신점,전북특별자치도 전주시 덕진구 기지로 93,전북특별자치도 전주시 덕진구 장동 1088-4,35.8386881,127.0623968,063-223-3539,,일반음식점,"전라북도 전주시에서 어디를 갈지 고민이라면! ""김가네김밥(혁신점)""에 가보시는 건 어떨까요?",신규,True,True,여의동,official_coordinates,https://www.data.go.kr/data/15076735/fileData.do; 2022-04-01,2022-04-01
948538,크리미케이크,전북특별자치도 전주시 완산구 구룡1길 34,전북특별자치도 전주시 완산구 효자동2가 1264-11,35.8113019,127.1053717,,,제과점영업,"무엇을 먹을지 고민되신다고요? 전라북도 전주시에 계시다면 ""크리미케이크""를 추천합니다! 주차공간이 있는 매장입니다.",신규,True,True,효자4동,official_coordinates,https://www.data.go.kr/data/15076735/fileData.do; 2022-04-01,2022-04-01
948498,리틀베이커리,전북특별자치도 전주시 완산구 화산천변6길 7,전북특별자치도 전주시 완산구 중화산동2가 750-1,35.8212842,127.1154634,,,일반음식점,"""리틀베이커리""는 전라북도 전주시에 있습니다.",신규,True,True,중화산2동,official_coordinates,https://www.data.go.kr/data/15076735/fileData.do; 2022-04-01,2022-04-01
948483,누구나홀딱반한닭 전주송천점,전북특별자치도 전주시 덕진구 붓내3길 18,전북특별자치도 전주시 덕진구 송천동2가 245-1,35.8664183,127.1232812,063-256-3602,,일반음식점,"""누구나홀딱반한닭(전주송천점)""은 전라북도 전주시에 있습니다.",신규,True,True,송천1동,official_coordinates,https://www.data.go.kr/data/15076735/fileData.do; 2022-04-01,2022-04-01
948428,라이크꿀,전북특별자치도 전주시 완산구 기린대로 125,전북특별자치도 전주시 완산구 남노송동 540-2,35.8200657,127.1531546,,,일반음식점,"전라북도 전주시에서 가 볼 만한 식당을 찾으신다면? ""라이크꿀""을 추천합니다!",신규,True,True,노송동,official_coordinates,https://www.data.go.kr/data/15076735/fileData.do; 2022-04-01,2022-04-01
948246,뽀끔뽀끔,전북특별자치도 전주시 완산구 팔달로 267-5,전북특별자치도 전주시 완산구 서노송동 651-34,35.825861,127.1434453,,,일반음식점,"전라북도 전주시에서 가 볼 만한 식당을 찾으신다면? ""뽀끔뽀끔""을 추천합니다!",신규,True,True,노송동,official_coordinates,https://www.data.go.kr/data/15076735/fileData.do; 2022-04-01,2022-04-01
948235,더리터 금상점,전북특별자치도 전주시 덕진구 금상길 2,전북특별자치도 전주시 덕진구 산정동 342-4,35.8415937,127.1731203,063-241-8253,,휴게음식점,"전라북도 전주시에서 어디를 갈지 고민이라면! ""더리터(금상점)""에 가보시는 건 어떨까요? 배달 가능한 매장입니다.",신규,True,True,우아2동,official_coordinates,https://www.data.go.kr/data/15076735/fileData.do; 2022-04-01,2022-04-01
948071,청춘상회,전북특별자치도 전주시 덕진구 두간로 9,전북특별자치도 전주시 덕진구 송천동1가 803-1,35.8655163,127.1155876,063-276-7780,,일반음식점,"전라북도 전주시에서 식당을 찾으신다면? ""청춘상회""를 방문해보세요!",신규,True,True,송천2동,official_coordinates,https://www.data.go.kr/data/15076735/fileData.do; 2022-04-01,2022-04-01
948037,김밥아트,전북특별자치도 전주시 덕진구 가리내8길 1,전북특별자치도 전주시 덕진구 덕진동2가 674-5,35.8433863,127.1116314,063-278-3553,,일반음식점,"어디 가야 할지 고민이시라고요? 그럼 전라북도 전주시 맛집, ""김밥아트""를 추천합니다! 배달 가능한 매장입니다.",신규,True,True,덕진동,official_coordinates,https://www.data.go.kr/data/15076735/fileData.do; 2022-04-01,2022-04-01
948005,엠브레드,전북특별자치도 전주시 덕진구 추탄로 50,전북특별자치도 전주시 덕진구 덕진동2가 667-1,35.8452469,127.1093079,,,휴게음식점,"""엠브레드""를 전라북도 전주시의 가 볼 만한 식당으로 추천합니다! 남녀 화장실이 구분되어 있는 매장입니다. 주차공간이 있는 매장입니다.",신규,True,True,덕진동,official_coordinates,https://www.data.go.kr/data/15076735/fileData.do; 2022-04-01,2022-04-01
947977,김밥세상 삼천점,전북특별자치도 전주시 완산구 용리로 176,전북특별자치도 전주시 완산구 삼천동1가 705-3,35.7984644,127.1279489,063-223-8689,,일반음식점,"전라북도 전주시에서 어디를 갈지 고민이라면! ""김밥세상(삼천점)""에 가보시는 건 어떨까요?",신규,True,True,삼천2동,official_coordinates,https://www.data.go.kr/data/15076735/fileData.do; 2022-04-01,2022-04-01
947952,케렌시아,전북특별자치도 전주시 완산구 평화13길 13-5,전북특별자치도 전주시 완산구 평화동2가 863-3,35.7909026,127.1372795,,,일반음식점,"전라북도 전주시에서 맛집을 찾으신다면 ""케렌시아""를 추천합니다. 남녀 화장실이 구분되어 있는 매장입니다. 무선 인터넷이 있는 매장입니다.",신규,True,True,평화2동,official_coordinates,https://www.data.go.kr/data/15076735/fileData.do; 2022-04-01,2022-04-01
947940,오레시피 전주삼천점,전북특별자치도 전주시 완산구 삼천천변1길 29,전북특별자치도 전주시 완산구 삼천동1가 389-1,35.795229,127.1138667,,,일반음식점,"어디 가야 할지 고민이시라고요? 그럼 전라북도 전주시 맛집, ""오레시피(전주삼천점)""를 추천합니다!",신규,True,True,삼천3동,official_coordinates,https://www.data.go.kr/data/15076735/fileData.do; 2022-04-01,2022-04-01
947913,금커피별빙수 하가점,전북특별자치도 전주시 덕진구 추탄로 18,전북특별자치도 전주시 덕진구 덕진동2가 675-2,35.8422726,127.1096442,070-4065-2002,,일반음식점,"전라북도 전주시에서 가 볼 만한 식당을 찾으신다면? ""금커피별빙수(하가점)""를 추천합니다! 배달 가능한 매장입니다. 주차공간, 무선 인터넷이 있는 매장입니다.",신규,True,True,덕진동,official_coordinates,https://www.data.go.kr/data/15076735/fileData.do; 2022-04-01,2022-04-01
947758,희소식,전북특별자치도 전주시 덕진구 가재미로 56,전북특별자치도 전주시 덕진구 인후동1가 874-6,35.8301062,127.1621112,,,일반음식점,"전라북도 전주시에서 가 볼 만한 식당을 찾으신다면? ""희소식""을 추천합니다!",신규,True,True,인후3동,official_coordinates,https://www.data.go.kr/data/15076735/fileData.do; 2022-04-01,2022-04-01
947566,바다천국,전북특별자치도 전주시 완산구 팔달로 263,전북특별자치도 전주시 완산구 서노송동 643-5,35.8254754,127.1439011,,,일반음식점,"""바다천국""은 전라북도 전주시에 있습니다.",신규,True,True,노송동,official_coordinates,https://www.data.go.kr/data/15076735/fileData.do; 2022-04-01,2022-04-01
949806,림밀,전북특별자치도 전주시 완산구 홍산3길 11,전북특별자치도 전주시 완산구 효자동3가 1527-5,35.8182787,127.1078106,063-715-5292,,일반음식점,"""림밀""을 전라북도 전주시의 가 볼 만한 식당으로 추천합니다! 남녀 화장실이 구분되어 있는 매장입니다. 무선 인터넷이 있는 매장입니다.",신규,True,True,효자5동,official_coordinates,https://www.data.go.kr/data/15076735/fileData.do; 2022-04-01,2022-04-01
950014,피자의생명은치즈다 임연수점,전북특별자치도 전주시 덕진구 기린대로 499,전북특별자치도 전주시 덕진구 덕진동1가 1401-20,35.8436166,127.1232738,063-278-9008,,일반음식점,"전라북도 전주시에서 어디를 갈지 고민이라면! ""피자의생명은치즈다(임연수점)""에 가보시는 건 어떨까요?",신규,True,True,덕진동,official_coordinates,https://www.data.go.kr/data/15076735/fileData.do; 2022-04-01,2022-04-01
950070,펄카페,전북특별자치도 전주시 완산구 거마서로 10,전북특별자치도 전주시 완산구 삼천동1가 676-10,35.7934801,127.1195801,,,일반음식점,"전라북도 전주시에서 가 볼 만한 식당을 찾으신다면? ""펄카페""를 추천합니다!",신규,True,True,삼천2동,official_coordinates,https://www.data.go.kr/data/15076735/fileData.do; 2022-04-01,2022-04-01
950078,수제깐풍기전문점&닭스토리 전주점,전북특별자치도 전주시 완산구 강변로 220-16,전북특별자치도 전주시 완산구 효자동1가 364-3,35.8102218,127.1137636,070-7537-2020,,일반음식점,"어디 가야 할지 고민이시라고요? 그럼 전라북도 전주시 맛집, ""수제깐풍기전문점&닭스토리(전주점)""를 추천합니다! 배달 가능한 매장입니다.",신규,True,True,효자3동,official_coordinates,https://www.data.go.kr/data/15076735/fileData.do; 2022-04-01,2022-04-01
952540,땡스비어,전북특별자치도 전주시 덕진구 오송1길 31,전북특별자치도 전주시 덕진구 송천동1가 98-2,35.8630436,127.1306214,,,일반음식점,"어디 가야 할지 고민이시라고요? 그럼 전라북도 전주시 맛집, ""땡스비어""를 추천합니다!",신규,True,True,송천1동,official_coordinates,https://www.data.go.kr/data/15076735/fileData.do; 2022-04-01,2022-04-01
952479,해물찜바당,전북특별자치도 전주시 덕진구 권삼득로 251-5,전북특별자치도 전주시 덕진구 금암동 728-220,35.8394614,127.1324875,,,일반음식점,"""해물찜바당""을 전라북도 전주시의 가 볼 만한 식당으로 추천합니다!",신규,True,True,금암1동,official_coordinates,https://www.data.go.kr/data/15076735/fileData.do; 2022-04-01,2022-04-01
952316,한입거리과자점,전북특별자치도 전주시 덕진구 무삼지3길 9,전북특별자치도 전주시 덕진구 인후동1가 898-2,35.8274303,127.1617093,,,휴게음식점,"""한입거리과자점""은 전라북도 전주시에 있습니다. 주차공간, 무선 인터넷이 있는 매장입니다.",신규,True,True,인후3동,official_coordinates,https://www.data.go.kr/data/15076735/fileData.do; 2022-04-01,2022-04-01
952242,우드케이크,전북특별자치도 전주시 덕진구 솔내7길 40-9,전북특별자치도 전주시 덕진구 송천동1가 128-11,35.8587819,127.1256912,,,휴게음식점,"""우드케이크""를 전라북도 전주시의 가 볼 만한 식당으로 추천합니다! 주차공간, 무선 인터넷이 있는 매장입니다.",신규,True,True,송천1동,official_coordinates,https://www.data.go.kr/data/15076735/fileData.do; 2022-04-01,2022-04-01
952199,남원추어탕,전북특별자치도 전주시 덕진구 가재미로 56,전북특별자치도 전주시 덕진구 인후동1가 874-6,35.8301062,127.1621112,,,일반음식점,"전라북도 전주시에서 식당을 찾으신다면? ""남원추어탕""을 방문해보세요!",신규,True,True,인후3동,official_coordinates,https://www.data.go.kr/data/15076735/fileData.do; 2022-04-01,2022-04-01
951878,차미라미,전북특별자치도 전주시 완산구 경기전길 51,전북특별자치도 전주시 완산구 풍남동3가 89-3,35.8171512,127.1506905,070-4300-4435,,일반음식점,"""차미라미""는 전라북도 전주시에 있습니다.",신규,True,True,풍남동,official_coordinates,https://www.data.go.kr/data/15076735/fileData.do; 2022-04-01,2022-04-01
951632,강경원달인만두가 서신점,전북특별자치도 전주시 완산구 당산로 39,전북특별자치도 전주시 완산구 서신동 764-2,35.8323463,127.1127264,063-271-8889,,휴게음식점,"전라북도 전주시에서 어디를 갈지 고민이라면! ""강경원달인만두가(서신점)""에 가보시는 건 어떨까요? 배달 가능한 매장입니다.",신규,True,True,서신동,official_coordinates,https://www.data.go.kr/data/15076735/fileData.do; 2022-04-01,2022-04-01
951580,강경원달인만두가,전북특별자치도 전주시 덕진구 견훤로 301,전북특별자치도 전주시 덕진구 인후동1가 767-1,35.8383014,127.1557679,063-244-4996,,휴게음식점,"전라북도 전주시에 가신다면 ""강경원달인만두가""에 방문해보세요~ 배달 가능한 매장입니다.",신규,True,True,인후1동,official_coordinates,https://www.data.go.kr/data/15076735/fileData.do; 2022-04-01,2022-04-01
951379,청년피자 전주도청점,전북특별자치도 전주시 완산구 홍산1길 21,전북특별자치도 전주시 완산구 효자동2가 1157-1,35.8142136,127.1069741,063-223-7482,,일반음식점,"전라북도 전주시에 가신다면 ""청년피자(전주도청점)""에 방문해보세요~ 배달 가능한 매장입니다.",신규,True,True,효자5동,official_coordinates,https://www.data.go.kr/data/15076735/fileData.do; 2022-04-01,2022-04-01
951376,엔튜프,전북특별자치도 전주시 완산구 우전로 225,전북특별자치도 전주시 완산구 효자동2가 1240-8,35.8144294,127.1014742,,,일반음식점,"무엇을 먹을지 고민되신다고요? 전라북도 전주시에 계시다면 ""엔튜프""를 추천합니다! 남녀 화장실이 구분되어 있는 매장입니다. 주차공간, 무선 인터넷이 있는 매장입니다.",신규,True,True,효자5동,official_coordinates,https://www.data.go.kr/data/15076735/fileData.do; 2022-04-01,2022-04-01
951326,컴포즈커피 전주호성점,전북특별자치도 전주시 덕진구 호성3길 22-4,전북특별자치도 전주시 덕진구 호성동1가 587-34,35.8610227,127.1501642,,,휴게음식점,"무엇을 먹을지 고민되신다고요? 전라북도 전주시에 계시다면 ""컴포즈커피(전주호성점)""를 추천합니다! 남녀 화장실이 구분되어 있는 매장입니다. 무선 인터넷이 있는 매장입니다.",신규,True,True,호성동,official_coordinates,https://www.data.go.kr/data/15076735/fileData.do; 2022-04-01,2022-04-01
947481,기와면옥,전북특별자치도 전주시 덕진구 만성중앙로 53-46,전북특별자치도 전주시 덕진구 만성동 1372-6,35.8429384,127.0783429,,,일반음식점,"전라북도 전주시에서 어디를 갈지 고민이라면! ""기와면옥""에 가보시는 건 어떨까요? 배달 가능한 매장입니다.",신규,True,True,여의동,official_coordinates,https://www.data.go.kr/data/15076735/fileData.do; 2022-04-01,2022-04-01
951178,블리스플 마중점,전북특별자치도 전주시 덕진구 우아1길 26,전북특별자치도 전주시 덕진구 우아동3가 731-10,35.8480902,127.1542669,063-715-3300,,휴게음식점,"어디 가야 할지 고민이시라고요? 그럼 전라북도 전주시 맛집, ""블리스플(마중점)""을 추천합니다! 남녀 화장실이 구분되어 있는 매장입니다. 주차공간이 있는 매장입니다.",신규,True,True,우아1동,official_coordinates,https://www.data.go.kr/data/15076735/fileData.do; 2022-04-01,2022-04-01
951104,도깨비떡볶이앤컵밥 서신점,,전북특별자치도 전주시 완산구 서신동 817-7,35.8300159,127.1140585,063-255-2639,,일반음식점,"전라북도 전주시에서 식당을 찾으신다면? ""도깨비떡볶이앤컵밥(서신점)""을 방문해보세요!",신규,True,True,서신동,official_coordinates,https://www.data.go.kr/data/15076735/fileData.do; 2022-04-01,2022-04-01
951039,전주막국수숯불생고기,전북특별자치도 전주시 덕진구 만성북2길 21,전북특별자치도 전주시 덕진구 만성동 1354-8,35.84882,127.0768598,063-212-9298,,일반음식점,"""전주막국수숯불생고기""는 전라북도 전주시에 있습니다. 남녀 화장실이 구분되어 있는 매장입니다. 주차공간, 무선 인터넷이 있는 매장입니다.",신규,True,True,여의동,official_coordinates,https://www.data.go.kr/data/15076735/fileData.do; 2022-04-01,2022-04-01
950891,서전주돌판오징어볶음 평화점,전북특별자치도 전주시 완산구 덕적골3길 51-3,전북특별자치도 전주시 완산구 평화동1가 448-4,35.7959751,127.1437866,063-224-2128,,일반음식점,"""서전주돌판오징어볶음(평화점)""은 전라북도 전주시에 있습니다. 주차공간이 있는 매장입니다.",신규,True,True,평화1동,official_coordinates,https://www.data.go.kr/data/15076735/fileData.do; 2022-04-01,2022-04-01
950861,동산촌,전북특별자치도 전주시 덕진구 여산로 256,전북특별자치도 전주시 덕진구 고랑동 742,35.8749417,127.0848855,063-271-5009,,일반음식점,"전라북도 전주시에서 어디를 갈지 고민이라면! ""동산촌""에 가보시는 건 어떨까요?",신규,True,True,여의동,official_coordinates,https://www.data.go.kr/data/15076735/fileData.do; 2022-04-01,2022-04-01
950568,해피프롬쿠키,전북특별자치도 전주시 완산구 전주객사3길 58,전북특별자치도 전주시 완산구 고사동 390-1,35.8197575,127.1419558,,,휴게음식점,"""해피프롬쿠키""를 전라북도 전주시의 가 볼 만한 식당으로 추천합니다! 배달 가능한 매장입니다.",신규,True,True,중앙동,official_coordinates,https://www.data.go.kr/data/15076735/fileData.do; 2022-04-01,2022-04-01
950557,인크로플 2호점,전북특별자치도 전주시 덕진구 와룡1길 11,전북특별자치도 전주시 덕진구 송천동2가 564-4,35.8652635,127.1133416,080-8833-5261,,휴게음식점,"""인크로플(2호점)""을 전라북도 전주시의 가 볼 만한 식당으로 추천합니다!",신규,True,True,송천2동,official_coordinates,https://www.data.go.kr/data/15076735/fileData.do; 2022-04-01,2022-04-01
950404,디디공감,전북특별자치도 전주시 덕진구 쪽구름로 182,전북특별자치도 전주시 덕진구 반월동 626-10,35.8745997,127.0653025,,,휴게음식점,"전라북도 전주시에 가신다면 ""디디공감""에 방문해보세요~ 남녀 화장실이 구분되어 있는 매장입니다. 주차공간, 무선 인터넷이 있는 매장입니다.",신규,True,True,조촌동,official_coordinates,https://www.data.go.kr/data/15076735/fileData.do; 2022-04-01,2022-04-01
950395,하이가든&냉면 인후점,전북특별자치도 전주시 덕진구 가재미1길 4,전북특별자치도 전주시 덕진구 인후동1가 881-6,35.8286329,127.1620523,063-244-2993,,일반음식점,"전라북도 전주시에서 어디를 갈지 고민이라면! ""하이가든&냉면(인후점)""에 가보시는 건 어떨까요? 배달 가능한 매장입니다. 주차공간, 놀이방, 그리고 무선 인터넷이 있는 매장입니다.",신규,True,True,인후3동,official_coordinates,https://www.data.go.kr/data/15076735/fileData.do; 2022-04-01,2022-04-01
950345,주미담,전북특별자치도 전주시 덕진구 명륜5길 15-5,전북특별자치도 전주시 덕진구 덕진동1가 1277-2,35.8440107,127.1251737,063-254-8988,,일반음식점,"전라북도 전주시에서 가 볼 만한 식당을 찾으신다면? ""주미담""을 추천합니다!",신규,True,True,덕진동,official_coordinates,https://www.data.go.kr/data/15076735/fileData.do; 2022-04-01,2022-04-01
950313,떡볶이참잘하는집 떡참 전주혁신점,전북특별자치도 전주시 덕진구 오공로 33-14,전북특별자치도 전주시 덕진구 중동 776-3,35.8372587,127.0594931,063-221-5876,,일반음식점,"""떡볶이참잘하는집 떡참(전주혁신점)""은 전라북도 전주시에 있습니다. 배달 가능한 매장입니다.",신규,True,True,혁신동,official_coordinates,https://www.data.go.kr/data/15076735/fileData.do; 2022-04-01,2022-04-01
950276,소소한베이커리,전북특별자치도 전주시 완산구 서신로 37,전북특별자치도 전주시 완산구 서신동 831-2,35.828738,127.1156092,,,휴게음식점,"어디 가야 할지 고민이시라고요? 그럼 전라북도 전주시 맛집, ""소소한베이커리""를 추천합니다! 주차공간이 있는 매장입니다.",신규,True,True,서신동,official_coordinates,https://www.data.go.kr/data/15076735/fileData.do; 2022-04-01,2022-04-01
951171,꼬치의품격 전주혁신도시점,전북특별자치도 전주시 덕진구 기지로 77,전북특별자치도 전주시 덕진구 장동 1111,35.8390606,127.0605142,063-225-1133,,일반음식점,"""꼬치의품격(전주혁신도시점)""을 전라북도 전주시의 가 볼 만한 식당으로 추천합니다! 배달 가능한 매장입니다. 무선 인터넷이 있는 매장입니다.",신규,True,True,여의동,official_coordinates,https://www.data.go.kr/data/15076735/fileData.do; 2022-04-01,2022-04-01
955278,그랜드힐스턴호텔5층연회장,전북특별자치도 전주시 완산구 온고을로 211,전북특별자치도 전주시 완산구 효자동3가 1404-3 그랜드힐스턴컨벤션,35.8384947,127.1009474,,,일반음식점,"어디 가야 할지 고민이시라고요? 그럼 전라북도 전주시 맛집, ""그랜드힐스턴호텔5층연회장""을 추천합니다!",신규,True,True,효자5동,official_coordinates,https://www.data.go.kr/data/15076735/fileData.do; 2022-04-01,2022-04-01
963905,서영수산,전북특별자치도 전주시 완산구 계룡산길 56,전북특별자치도 전주시 완산구 삼천동2가 541-1,35.7891428,127.1052198,,,일반음식점,"전라북도 전주시에서 맛집을 찾으신다면 ""서영수산""을 추천합니다.",신규,True,True,삼천3동,official_coordinates,https://www.data.go.kr/data/15076735/fileData.do; 2022-04-01,2022-04-01
955647,33떡볶이&꼬마김밥 송천점,전북특별자치도 전주시 덕진구 시천로 78,전북특별자치도 전주시 덕진구 송천동1가 800-2,35.8662498,127.114739,063-904-3735,,일반음식점,"""33떡볶이&꼬마김밥(송천점)""은 전라북도 전주시에 있습니다. 배달 가능한 매장입니다.",신규,True,True,송천2동,official_coordinates,https://www.data.go.kr/data/15076735/fileData.do; 2022-04-01,2022-04-01
964039,솜리치킨 세병호 에코시티점,전북특별자치도 전주시 덕진구 세병2길 19,전북특별자치도 전주시 덕진구 송천동2가 1327-15,35.8729182,127.126158,063-275-7792,,일반음식점,"어디 가야 할지 고민이시라고요? 그럼 전라북도 전주시 맛집, ""솜리치킨(세병호 에코시티점)""을 추천합니다! 남녀 화장실이 구분되어 있는 매장입니다. 주차공간, 무선 인터넷이 있는 매장입니다.",신규,True,True,송천1동,official_coordinates,https://www.data.go.kr/data/15076735/fileData.do; 2022-04-01,2022-04-01
964088,포레스트모리토키,전북특별자치도 전주시 완산구 홍산남로 11-24,전북특별자치도 전주시 완산구 효자동2가 1235-8,35.8163871,127.1032959,,,제과점영업,"어디 가야 할지 고민이시라고요? 그럼 전라북도 전주시 맛집, ""포레스트모리토키""를 추천합니다! 남녀 화장실이 구분되어 있는 매장입니다. 무선 인터넷이 있는 매장입니다.",신규,True,True,효자5동,official_coordinates,https://www.data.go.kr/data/15076735/fileData.do; 2022-04-01,2022-04-01
964296,청년피자 전주송천점,전북특별자치도 전주시 덕진구 세병서로 43,전북특별자치도 전주시 덕진구 송천동2가 1331-12,35.8719771,127.1270353,063-255-8898,,일반음식점,"전라북도 전주시에 가신다면 ""청년피자(전주송천점)""에 방문해보세요~",신규,True,True,송천1동,official_coordinates,https://www.data.go.kr/data/15076735/fileData.do; 2022-04-01,2022-04-01
964339,스완,전북특별자치도 전주시 완산구 화산천변5길 18,전북특별자치도 전주시 완산구 중화산동2가 755-1,35.820795,127.117927,,,일반음식점,"무엇을 먹을지 고민되신다고요? 전라북도 전주시에 계시다면 ""스완""을 추천합니다! 무선 인터넷이 있는 매장입니다.",신규,True,True,중화산2동,official_coordinates,https://www.data.go.kr/data/15076735/fileData.do; 2022-04-01,2022-04-01
964400,선화식당,전북특별자치도 전주시 덕진구 중동로 104-16,전북특별자치도 전주시 덕진구 장동 1093-1,35.8435859,127.0644943,063-212-3708,,일반음식점,"""선화식당""을 전라북도 전주시의 가 볼 만한 식당으로 추천합니다!",신규,True,True,여의동,official_coordinates,https://www.data.go.kr/data/15076735/fileData.do; 2022-04-01,2022-04-01
964411,엔젤북카페 전주1호점,전북특별자치도 전주시 완산구 홍산북로 11-3,전북특별자치도 전주시 완산구 효자동2가 1227-2,35.8177255,127.1027991,070-4139-4330,,일반음식점,"전라북도 전주시에서 맛집을 찾으신다면 ""엔젤북카페(전주1호점)""를 추천합니다. 남녀 화장실이 구분되어 있는 매장입니다. 무선 인터넷이 있는 매장입니다.",신규,True,True,효자5동,official_coordinates,https://www.data.go.kr/data/15076735/fileData.do; 2022-04-01,2022-04-01
964747,달빛에구운고등어 만성점,전북특별자치도 전주시 덕진구 만성중앙로 54-47,전북특별자치도 전주시 덕진구 만성동 1262-10,35.8416112,127.0772215,063-212-9283,,일반음식점,"무엇을 먹을지 고민되신다고요? 전라북도 전주시에 계시다면 ""달빛에구운고등어(만성점)""를 추천합니다! 지방자치단체 인증을 받은 농림축산식품부 제공 안심식당입니다. 다국어 메뉴판이 있는 매장입니다.",신규,True,True,여의동,official_coordinates,https://www.data.go.kr/data/15076735/fileData.do; 2022-04-01,2022-04-01
947437,믹스커피,전북특별자치도 전주시 완산구 노송여울2길 30,전북특별자치도 전주시 완산구 서노송동 631-29,35.8246084,127.1455417,,,휴게음식점,"""믹스커피""는 전라북도 전주시에 있습니다. 배달 가능한 매장입니다.",신규,True,True,노송동,official_coordinates,https://www.data.go.kr/data/15076735/fileData.do; 2022-04-01,2022-04-01
964954,사천왕마라탕 혁신점,전북특별자치도 전주시 덕진구 안전로 152,전북특별자치도 전주시 덕진구 중동 774-6,35.837498,127.0589984,063-223-4611,,일반음식점,"전라북도 전주시에서 어디를 갈지 고민이라면! ""사천왕마라탕(혁신점)""에 가보시는 건 어떨까요?",신규,True,True,혁신동,official_coordinates,https://www.data.go.kr/data/15076735/fileData.do; 2022-04-01,2022-04-01
965247,라인즈,전북특별자치도 전주시 완산구 중화산로 59,전북특별자치도 전주시 완산구 중화산동2가 402-9,35.815801,127.1180518,,,휴게음식점,"""라인즈""는 전라북도 전주시에 있습니다.",신규,True,True,중화산2동,official_coordinates,https://www.data.go.kr/data/15076735/fileData.do; 2022-04-01,2022-04-01
965258,사이코우 전북대점,전북특별자치도 전주시 덕진구 명륜3길 14,전북특별자치도 전주시 덕진구 덕진동1가 1264-5,35.8424069,127.1277937,,,휴게음식점,"""사이코우(전북대점)""는 전라북도 전주시에 있습니다.",신규,True,True,덕진동,official_coordinates,https://www.data.go.kr/data/15076735/fileData.do; 2022-04-01,2022-04-01
965266,스타푸드,전북특별자치도 전주시 덕진구 거북바우로 42,전북특별자치도 전주시 덕진구 금암동 1571-12,35.8379725,127.142388,,,일반음식점,"어디 가야 할지 고민이시라고요? 그럼 전라북도 전주시 맛집, ""스타푸드""를 추천합니다!",신규,True,True,금암2동,official_coordinates,https://www.data.go.kr/data/15076735/fileData.do; 2022-04-01,2022-04-01
965283,청년핫바,전북특별자치도 전주시 완산구 서곡로 36,전북특별자치도 전주시 완산구 효자동3가 1483-1 서곡청솔아파트 상가,35.8323824,127.0994509,,,일반음식점,"전라북도 전주시에서 가 볼 만한 식당을 찾으신다면? ""청년핫바""를 추천합니다!",신규,True,True,효자5동,official_coordinates,https://www.data.go.kr/data/15076735/fileData.do; 2022-04-01,2022-04-01
965327,양푼집,전북특별자치도 전주시 덕진구 한배미로 64,전북특별자치도 전주시 덕진구 우아동1가 1097-6,35.8257687,127.1710723,063-244-5360,,일반음식점,"무엇을 먹을지 고민되신다고요? 전라북도 전주시에 계시다면 ""양푼집""을 추천합니다!",신규,True,True,우아2동,official_coordinates,https://www.data.go.kr/data/15076735/fileData.do; 2022-04-01,2022-04-01
965338,짬뽕애愛 빠지다,전북특별자치도 전주시 완산구 화산천변3길 7-3,전북특별자치도 전주시 완산구 중화산동2가 761-2,35.8201778,127.1154897,063-227-0707,,일반음식점,"전라북도 전주시에 가신다면 ""짬뽕애愛 빠지다""에 방문해보세요~ 배달 가능한 매장입니다.",신규,True,True,중화산2동,official_coordinates,https://www.data.go.kr/data/15076735/fileData.do; 2022-04-01,2022-04-01
965511,빽다방베이커리 전주기지제호수점,전북특별자치도 전주시 덕진구 중동로 104-16,전북특별자치도 전주시 덕진구 장동 1093-1,35.8435859,127.0644943,063-211-7596,,제과점영업,"어디 가야 할지 고민이시라고요? 그럼 전라북도 전주시 맛집, ""빽다방베이커리(전주기지제호수점)""를 추천합니다!",신규,True,True,여의동,official_coordinates,https://www.data.go.kr/data/15076735/fileData.do; 2022-04-01,2022-04-01
965016,송천색연필,전북특별자치도 전주시 덕진구 천마산로 100,전북특별자치도 전주시 덕진구 송천동1가 12-10 진흥더블파크아파트,35.8637618,127.1324059,,,휴게음식점,"전라북도 전주시에서 맛집을 찾으신다면 ""송천색연필""을 추천합니다.",신규,True,True,송천1동,official_coordinates,https://www.data.go.kr/data/15076735/fileData.do; 2022-04-01,2022-04-01
965520,연어회상 전북대본점,전북특별자치도 전주시 덕진구 삼송3길 42,전북특별자치도 전주시 덕진구 금암동 1543-8,35.8440057,127.1370807,070-4277-9337,,일반음식점,"전라북도 전주시에서 가 볼 만한 식당을 찾으신다면? ""연어회상(전북대본점)""을 추천합니다! 남녀 화장실이 구분되어 있는 매장입니다. 배달 가능한 매장입니다. 주차공간, 무선 인터넷이 있는 매장입니다.",신규,True,True,금암1동,official_coordinates,https://www.data.go.kr/data/15076735/fileData.do; 2022-04-01,2022-04-01
963771,대패가1900 전주대점,전북특별자치도 전주시 완산구 성지산3길 7,전북특별자치도 전주시 완산구 효자동1가 549,35.8052783,127.1228638,063-227-4845,,일반음식점,"전라북도 전주시에서 맛집을 찾으신다면 ""대패가1900(전주대점)""을 추천합니다. 배달 가능한 매장입니다.",신규,True,True,효자2동,official_coordinates,https://www.data.go.kr/data/15076735/fileData.do; 2022-04-01,2022-04-01
963289,화이홍,전북특별자치도 전주시 덕진구 만성북1길 11,전북특별자치도 전주시 덕진구 만성동 1354-3,35.84905,127.0768331,063-213-5677,,일반음식점,"어디 가야 할지 고민이시라고요? 그럼 전라북도 전주시 맛집, ""화이홍""을 추천합니다! 배달 가능한 매장입니다.",신규,True,True,여의동,official_coordinates,https://www.data.go.kr/data/15076735/fileData.do; 2022-04-01,2022-04-01
962207,빵순이빵돌이,전북특별자치도 전주시 덕진구 심방죽로 62,전북특별자치도 전주시 덕진구 인후동1가 565-37,35.8413647,127.1517928,063-243-0250,,제과점영업,"전라북도 전주시에서 가 볼 만한 식당을 찾으신다면? ""빵순이빵돌이""를 추천합니다!",신규,True,True,인후1동,official_coordinates,https://www.data.go.kr/data/15076735/fileData.do; 2022-04-01,2022-04-01
962225,유펍(UPUB),전북특별자치도 전주시 완산구 홍산남로 59-19,전북특별자치도 전주시 완산구 효자동3가 1533-8,35.8163905,127.1081409,,,일반음식점,"전라북도 전주시에서 가 볼 만한 식당을 찾으신다면? ""유펍(UPUB)""을 추천합니다!",신규,True,True,효자5동,official_coordinates,https://www.data.go.kr/data/15076735/fileData.do; 2022-04-01,2022-04-01
962228,장원당,전북특별자치도 전주시 덕진구 초포다리로 129,전북특별자치도 전주시 덕진구 호성동1가 323,35.8676062,127.1600552,063-253-3491,,휴게음식점,"전라북도 전주시에서 가 볼 만한 식당을 찾으신다면? ""장원당""을 추천합니다!",신규,True,True,호성동,official_coordinates,https://www.data.go.kr/data/15076735/fileData.do; 2022-04-01,2022-04-01
962362,찹쌀떡과김밥,전북특별자치도 전주시 완산구 은행로 80,전북특별자치도 전주시 완산구 교동 92-6,35.8128035,127.1527662,,,휴게음식점,"""찹쌀떡과김밥""을 전라북도 전주시의 가 볼 만한 식당으로 추천합니다!",신규,True,True,풍남동,official_coordinates,https://www.data.go.kr/data/15076735/fileData.do; 2022-04-01,2022-04-01
962425,지코바치킨 에코시티점,전북특별자치도 전주시 덕진구 세병남로 29,전북특별자치도 전주시 덕진구 송천동2가 1331-14,35.8722814,127.1272928,063-251-8611,,일반음식점,"전라북도 전주시에서 어디를 갈지 고민이라면! ""지코바치킨(에코시티점)""에 가보시는 건 어떨까요? 배달 가능한 매장입니다.",신규,True,True,송천1동,official_coordinates,https://www.data.go.kr/data/15076735/fileData.do; 2022-04-01,2022-04-01
962678,넘버117,전북특별자치도 전주시 완산구 전주객사4길 11-1,전북특별자치도 전주시 완산구 중앙동2가 2-2,35.8180882,127.143913,,,휴게음식점,"전라북도 전주시에서 어디를 갈지 고민이라면! ""넘버117""에 가보시는 건 어떨까요?",신규,True,True,중앙동,official_coordinates,https://www.data.go.kr/data/15076735/fileData.do; 2022-04-01,2022-04-01
962680,노브랜드PC전주대점,전북특별자치도 전주시 완산구 용호로 73,전북특별자치도 전주시 완산구 효자동2가 1313-3,35.8096027,127.0975771,,,휴게음식점,"전라북도 전주시에서 어디를 갈지 고민이라면! ""노브랜드PC전주대점""에 가보시는 건 어떨까요?",신규,True,True,효자4동,official_coordinates,https://www.data.go.kr/data/15076735/fileData.do; 2022-04-01,2022-04-01
963732,배달앤배달,전북특별자치도 전주시 덕진구 팽나무3길 12,전북특별자치도 전주시 덕진구 인후동1가 771-9,35.835397,127.1530772,,,일반음식점,"""배달앤배달""을 전라북도 전주시의 가 볼 만한 식당으로 추천합니다!",신규,True,True,인후1동,official_coordinates,https://www.data.go.kr/data/15076735/fileData.do; 2022-04-01,2022-04-01
962744,정식당앤우리들만의리그,전북특별자치도 전주시 완산구 솟대1길 45,전북특별자치도 전주시 완산구 삼천동1가 700-4,35.7933414,127.1214687,063-226-0157,,일반음식점,"전라북도 전주시에서 가 볼 만한 식당을 찾으신다면? ""정식당앤우리들만의리그""를 추천합니다!",신규,True,True,삼천2동,official_coordinates,https://www.data.go.kr/data/15076735/fileData.do; 2022-04-01,2022-04-01
962935,노밀빵,전북특별자치도 전주시 덕진구 만성로 85,전북특별자치도 전주시 덕진구 만성동 1277-5,35.839503,127.0738765,070-7585-7211,,휴게음식점,"무엇을 먹을지 고민되신다고요? 전라북도 전주시에 계시다면 ""노밀빵""을 추천합니다!",신규,True,True,여의동,official_coordinates,https://www.data.go.kr/data/15076735/fileData.do; 2022-04-01,2022-04-01
962973,츄러스1500 전주혁신점,전북특별자치도 전주시 덕진구 안전로 197,전북특별자치도 전주시 덕진구 장동 1069-2,35.8415711,127.0578516,063-213-2113,,휴게음식점,"""츄러스1500(전주혁신점)""은 전라북도 전주시에 있습니다. 배달 가능한 매장입니다.",신규,True,True,여의동,official_coordinates,https://www.data.go.kr/data/15076735/fileData.do; 2022-04-01,2022-04-01
962991,달리는커피 아중점,전북특별자치도 전주시 덕진구 석소로 12,전북특별자치도 전주시 덕진구 우아동2가 909-9,35.8286764,127.1698582,063-245-5289,,휴게음식점,"""달리는커피(아중점)""를 전라북도 전주시의 가 볼 만한 식당으로 추천합니다!",신규,True,True,우아2동,official_coordinates,https://www.data.go.kr/data/15076735/fileData.do; 2022-04-01,2022-04-01
963004,못난이꽈배기 서신점,전북특별자치도 전주시 완산구 당산로 38,전북특별자치도 전주시 완산구 서신동 797-1,35.832014,127.1124946,063-255-1700,,휴게음식점,"어디 가야 할지 고민이시라고요? 그럼 전라북도 전주시 맛집, ""못난이꽈배기(서신점)""를 추천합니다!",신규,True,True,서신동,official_coordinates,https://www.data.go.kr/data/15076735/fileData.do; 2022-04-01,2022-04-01
963114,BLC(블릭),전북특별자치도 전주시 완산구 후곡길 23-36,전북특별자치도 전주시 완산구 효자동2가 1305-12,35.810607,127.0944705,,,일반음식점,"무엇을 먹을지 고민되신다고요? 전라북도 전주시에 계시다면 ""BLC(블릭)""을 추천합니다!",신규,True,True,효자4동,official_coordinates,https://www.data.go.kr/data/15076735/fileData.do; 2022-04-01,2022-04-01
963167,황금수산,전북특별자치도 전주시 완산구 우림로 1054,전북특별자치도 전주시 완산구 중인동 60,35.7806329,127.1066041,063-222-3573,,일반음식점,"전라북도 전주시에서 식당을 찾으신다면? ""황금수산""을 방문해보세요!",신규,True,True,삼천3동,official_coordinates,https://www.data.go.kr/data/15076735/fileData.do; 2022-04-01,2022-04-01
963170,13월의 하루,전북특별자치도 전주시 덕진구 견훤왕궁로 249-1,전북특별자치도 전주시 덕진구 인후동2가 1524-31,35.8403756,127.1455704,063-253-7768,,휴게음식점,"""13월의 하루""는 전라북도 전주시에 있습니다. 배달 가능한 매장입니다.",신규,True,True,인후2동,official_coordinates,https://www.data.go.kr/data/15076735/fileData.do; 2022-04-01,2022-04-01
962883,막깡,전북특별자치도 전주시 덕진구 동부대로 803,전북특별자치도 전주시 덕진구 호성동1가 791-1,35.8591407,127.1541247,063-244-0803,,일반음식점,"전라북도 전주시에서 어디를 갈지 고민이라면! ""막깡""에 가보시는 건 어떨까요?",신규,True,True,호성동,official_coordinates,https://www.data.go.kr/data/15076735/fileData.do; 2022-04-01,2022-04-01
965565,유정수산,전북특별자치도 전주시 덕진구 호성2길 20,전북특별자치도 전주시 덕진구 호성동1가 822-1,35.8593282,127.151918,,,일반음식점,"전라북도 전주시에 가신다면 ""유정수산""에 방문해보세요~ 무선 인터넷이 있는 매장입니다.",신규,True,True,호성동,official_coordinates,https://www.data.go.kr/data/15076735/fileData.do; 2022-04-01,2022-04-01
965592,부타유니크,전북특별자치도 전주시 덕진구 만성동로 59,전북특별자치도 전주시 덕진구 만성동 1262-5,35.8414095,127.078076,,,일반음식점,"""부타유니크""를 전라북도 전주시의 가 볼 만한 식당으로 추천합니다!",신규,True,True,여의동,official_coordinates,https://www.data.go.kr/data/15076735/fileData.do; 2022-04-01,2022-04-01
965665,족발야시장 전주서신점,전북특별자치도 전주시 완산구 온고을로 120,전북특별자치도 전주시 완산구 서신동 958-1,35.8343005,127.1096717,063-252-4969,,일반음식점,"전라북도 전주시에 가신다면 ""족발야시장(전주서신점)""에 방문해보세요~",신규,True,True,서신동,official_coordinates,https://www.data.go.kr/data/15076735/fileData.do; 2022-04-01,2022-04-01
969389,매드,전북특별자치도 전주시 덕진구 오공로 131,전북특별자치도 전주시 덕진구 만성동 1256,35.8362129,127.0701454,,,휴게음식점,"어디 가야 할지 고민이시라고요? 그럼 전라북도 전주시 맛집, ""매드""를 추천합니다!",신규,True,True,여의동,official_coordinates,https://www.data.go.kr/data/15076735/fileData.do; 2022-04-01,2022-04-01
969680,좋은시절,전북특별자치도 전주시 완산구 후곡길 5-18,전북특별자치도 전주시 완산구 효자동2가 1305-20,35.8092172,127.0949638,,,일반음식점,"""좋은시절""은 전라북도 전주시에 있습니다.",신규,True,True,효자4동,official_coordinates,https://www.data.go.kr/data/15076735/fileData.do; 2022-04-01,2022-04-01
969807,완산가맥,전북특별자치도 전주시 완산구 권삼득로 75,전북특별자치도 전주시 완산구 서노송동 673-11,35.8281638,127.1454827,,,일반음식점,"전라북도 전주시에서 가 볼 만한 식당을 찾으신다면? ""완산가맥""을 추천합니다!",신규,True,True,노송동,official_coordinates,https://www.data.go.kr/data/15076735/fileData.do; 2022-04-01,2022-04-01
970114,멜티(melty),전북특별자치도 전주시 완산구 전주객사2길 91,전북특별자치도 전주시 완산구 다가동4가 22-3,35.820772,127.139502,,,제과점영업,"무엇을 먹을지 고민되신다고요? 전라북도 전주시에 계시다면 ""멜티(melty)""를 추천합니다!",신규,True,True,중앙동,official_coordinates,https://www.data.go.kr/data/15076735/fileData.do; 2022-04-01,2022-04-01
970124,쉼표,전북특별자치도 전주시 완산구 모악로 4726-1,전북특별자치도 전주시 완산구 평화동2가 230-27 전주평화주공4단지아파트,35.7911207,127.132146,,,일반음식점,"""쉼표""는 전라북도 전주시에 있습니다.",신규,True,True,평화2동,official_coordinates,https://www.data.go.kr/data/15076735/fileData.do; 2022-04-01,2022-04-01
970252,태봉,전북특별자치도 전주시 완산구 신봉5길 5-4,전북특별자치도 전주시 완산구 효자동1가 608-8,35.8116554,127.1150551,,,일반음식점,"""태봉""을 전라북도 전주시의 가 볼 만한 식당으로 추천합니다!",신규,True,True,효자2동,official_coordinates,https://www.data.go.kr/data/15076735/fileData.do; 2022-04-01,2022-04-01
970254,파리바게뜨 전주남도점,전북특별자치도 전주시 덕진구 기린대로 414,전북특별자치도 전주시 덕진구 금암동 710-29,35.8387033,127.1310999,063-252-8212,,제과점영업,"어디 가야 할지 고민이시라고요? 그럼 전라북도 전주시 맛집, ""파리바게뜨(전주남도점)""를 추천합니다!",신규,True,True,금암1동,official_coordinates,https://www.data.go.kr/data/15076735/fileData.do; 2022-04-01,2022-04-01
969092,물고기곳간,전북특별자치도 전주시 덕진구 아중4길 20-3,전북특별자치도 전주시 덕진구 우아동2가 922-3,35.8306327,127.1728869,063-243-5353,,일반음식점,"전라북도 전주시에서 식당을 찾으신다면? ""물고기곳간""을 방문해보세요! 지방자치단체 인증을 받은 농림축산식품부 제공 안심식당입니다.",신규,True,True,우아2동,official_coordinates,https://www.data.go.kr/data/15076735/fileData.do; 2022-04-01,2022-04-01
970305,서민갑부마약육전 2호점,전북특별자치도 전주시 완산구 태조로 21,전북특별자치도 전주시 완산구 교동 69-4,35.8145421,127.1523852,,,휴게음식점,"전라북도 전주시에서 맛집을 찾으신다면 ""서민갑부마약육전(2호점)""을 추천합니다.",신규,True,True,풍남동,official_coordinates,https://www.data.go.kr/data/15076735/fileData.do; 2022-04-01,2022-04-01
970502,다원밥상,전북특별자치도 전주시 완산구 동문길 16,전북특별자치도 전주시 완산구 풍남동2가 4-4,35.8194344,127.1529439,,,일반음식점,"전라북도 전주시에서 가 볼 만한 식당을 찾으신다면? ""다원밥상""을 추천합니다!",신규,True,True,풍남동,official_coordinates,https://www.data.go.kr/data/15076735/fileData.do; 2022-04-01,2022-04-01
970671,티엠씨(TMC),전북특별자치도 전주시 완산구 화산천변3길 16-5,전북특별자치도 전주시 완산구 중화산동2가 818-3,35.8209229,127.1143429,,,일반음식점,"전라북도 전주시에서 어디를 갈지 고민이라면! ""티엠씨(TMC)""에 가보시는 건 어떨까요?",신규,True,True,중화산2동,official_coordinates,https://www.data.go.kr/data/15076735/fileData.do; 2022-04-01,2022-04-01
970889,1도씨맥주 우아점,전북특별자치도 전주시 덕진구 우아3길 18,전북특별자치도 전주시 덕진구 우아동3가 747-9,35.8487811,127.154976,063-247-1977,,일반음식점,"""1도씨맥주(우아점)""를 전라북도 전주시의 가 볼 만한 식당으로 추천합니다!",신규,True,True,우아1동,official_coordinates,https://www.data.go.kr/data/15076735/fileData.do; 2022-04-01,2022-04-01
971250,피자컴퍼니 효자점,전북특별자치도 전주시 완산구 거마평로 147,전북특별자치도 전주시 완산구 효자동1가 444-2,35.805483,127.1164223,063-228-9983,,일반음식점,"전라북도 전주시에서 어디를 갈지 고민이라면! ""피자컴퍼니(효자점)""에 가보시는 건 어떨까요? 배달 가능한 매장입니다.",신규,True,True,효자3동,official_coordinates,https://www.data.go.kr/data/15076735/fileData.do; 2022-04-01,2022-04-01
971407,동쿡,전북특별자치도 전주시 완산구 서신천변9길 3,전북특별자치도 전주시 완산구 서신동 826,35.8296915,127.1138908,,,일반음식점,"""동쿡""은 전라북도 전주시에 있습니다.",신규,True,True,서신동,official_coordinates,https://www.data.go.kr/data/15076735/fileData.do; 2022-04-01,2022-04-01
971435,윤이네낙곱새,전북특별자치도 전주시 덕진구 가리내6길 20-4,전북특별자치도 전주시 덕진구 덕진동2가 663-9,35.8450514,127.1096656,063-255-5028,,일반음식점,"전라북도 전주시에서 어디를 갈지 고민이라면! ""윤이네낙곱새""에 가보시는 건 어떨까요? 남녀 화장실이 구분되어 있는 매장입니다. 주차공간이 있는 매장입니다.",신규,True,True,덕진동,official_coordinates,https://www.data.go.kr/data/15076735/fileData.do; 2022-04-01,2022-04-01
971476,만계치킨 완산구점,전북특별자치도 전주시 완산구 거마산2길 7,전북특별자치도 전주시 완산구 삼천동1가 626-15,35.7968198,127.1242471,063-222-5982,,일반음식점,"어디 가야 할지 고민이시라고요? 그럼 전라북도 전주시 맛집, ""만계치킨(완산구점)""을 추천합니다! 배달 가능한 매장입니다.",신규,True,True,삼천2동,official_coordinates,https://www.data.go.kr/data/15076735/fileData.do; 2022-04-01,2022-04-01
970402,한잔어때 가맥,전북특별자치도 전주시 완산구 평화14길 27-19,전북특별자치도 전주시 완산구 평화동2가 857-3,35.7918818,127.1337005,,,일반음식점,"""한잔어때 가맥""은 전라북도 전주시에 있습니다.",신규,True,True,평화2동,official_coordinates,https://www.data.go.kr/data/15076735/fileData.do; 2022-04-01,2022-04-01
969002,카페아로마,전북특별자치도 전주시 완산구 거마산2길 16,전북특별자치도 전주시 완산구 삼천동1가 625-6,35.7966604,127.1233829,063-901-5745,,휴게음식점,"어디 가야 할지 고민이시라고요? 그럼 전라북도 전주시 맛집, ""카페아로마""를 추천합니다!",신규,True,True,삼천2동,official_coordinates,https://www.data.go.kr/data/15076735/fileData.do; 2022-04-01,2022-04-01
968858,열하루 본점,전북특별자치도 전주시 덕진구 백제대로 790,전북특별자치도 전주시 덕진구 우아동3가 748-9,35.8470374,127.1549907,063-241-3399,,일반음식점,"""열하루(본점)""를 전라북도 전주시의 가 볼 만한 식당으로 추천합니다! 배달 가능한 매장입니다.",신규,True,True,우아1동,official_coordinates,https://www.data.go.kr/data/15076735/fileData.do; 2022-04-01,2022-04-01
968618,하가회수산활어회,전북특별자치도 전주시 덕진구 가련산로 23,전북특별자치도 전주시 덕진구 덕진동2가 681-5,35.841948,127.110978,,,일반음식점,"전라북도 전주시에서 맛집을 찾으신다면 ""하가회수산활어회""를 추천합니다. 배달 가능한 매장입니다.",신규,True,True,덕진동,official_coordinates,https://www.data.go.kr/data/15076735/fileData.do; 2022-04-01,2022-04-01
965694,바나다케이크,전북특별자치도 전주시 덕진구 붓내4길 21,전북특별자치도 전주시 덕진구 송천동2가 263,35.8682838,127.1234704,,,휴게음식점,"어디 가야 할지 고민이시라고요? 그럼 전라북도 전주시 맛집, ""바나다케이크""를 추천합니다!",신규,True,True,송천1동,official_coordinates,https://www.data.go.kr/data/15076735/fileData.do; 2022-04-01,2022-04-01
965823,통통장어,전북특별자치도 전주시 완산구 서신로 30,전북특별자치도 전주시 완산구 서신동 836-1,35.827871,127.1160162,063-717-9288,,일반음식점,"""통통장어""를 전라북도 전주시의 가 볼 만한 식당으로 추천합니다! 배달 가능한 매장입니다.",신규,True,True,서신동,official_coordinates,https://www.data.go.kr/data/15076735/fileData.do; 2022-04-01,2022-04-01
966405,디오니카페 전주 본점,전북특별자치도 전주시 덕진구 원동로 16,전북특별자치도 전주시 덕진구 원동 산189-16,35.8513767,127.0361056,070-4197-9284,,일반음식점,"무엇을 먹을지 고민되신다고요? 전라북도 전주시에 계시다면 ""디오니카페(전주 본점)""를 추천합니다! 남녀 화장실이 구분되어 있는 매장입니다. 주차공간, 무선 인터넷이 있는 매장입니다.",신규,True,True,조촌동,official_coordinates,https://www.data.go.kr/data/15076735/fileData.do; 2022-04-01,2022-04-01
966546,세냇가,전북특별자치도 전주시 완산구 세내로 39,전북특별자치도 전주시 완산구 삼천동2가 774,35.7953716,127.1084291,,,일반음식점,"""세냇가""를 전라북도 전주시의 가 볼 만한 식당으로 추천합니다!",신규,True,True,삼천3동,official_coordinates,https://www.data.go.kr/data/15076735/fileData.do; 2022-04-01,2022-04-01
966587,국보떡볶이,전북특별자치도 전주시 완산구 효자로 161,전북특별자치도 전주시 완산구 효자동3가 1693-5,35.819445,127.1025861,063-222-9596,,일반음식점,"전라북도 전주시에서 어디를 갈지 고민이라면! ""국보떡볶이""에 가보시는 건 어떨까요? 남녀 화장실이 구분되어 있는 매장입니다. 주차공간, 무선 인터넷이 있는 매장입니다.",신규,True,True,효자5동,official_coordinates,https://www.data.go.kr/data/15076735/fileData.do; 2022-04-01,2022-04-01
966609,미공식,전북특별자치도 전주시 덕진구 명륜3길 23,전북특별자치도 전주시 덕진구 금암동 664-49,35.8431214,127.1282951,,,일반음식점,"""미공식""은 전라북도 전주시에 있습니다.",신규,True,True,덕진동,official_coordinates,https://www.data.go.kr/data/15076735/fileData.do; 2022-04-01,2022-04-01
966620,씨랩,전북특별자치도 전주시 덕진구 숲정이2길 28,전북특별자치도 전주시 덕진구 진북동 834-8,35.8309531,127.1306075,063-272-9887,,휴게음식점,"전라북도 전주시에서 가 볼 만한 식당을 찾으신다면? ""씨랩""을 추천합니다!",신규,True,True,진북동,official_coordinates,https://www.data.go.kr/data/15076735/fileData.do; 2022-04-01,2022-04-01
967046,꼬치의품격 전주신시가지점,전북특별자치도 전주시 완산구 홍산남로 59,전북특별자치도 전주시 완산구 효자동3가 1534-6,35.8160202,127.1083251,063-226-9282,,일반음식점,"어디 가야 할지 고민이시라고요? 그럼 전라북도 전주시 맛집, ""꼬치의품격(전주신시가지점)""을 추천합니다! 배달 가능한 매장입니다. 주차공간이 있는 매장입니다.",신규,True,True,효자5동,official_coordinates,https://www.data.go.kr/data/15076735/fileData.do; 2022-04-01,2022-04-01
967084,카페기역,전북특별자치도 전주시 완산구 범안1길 12,전북특별자치도 전주시 완산구 효자동2가 1163-5,35.8127162,127.1084314,,,휴게음식점,"전라북도 전주시에서 맛집을 찾으신다면 ""카페기역""을 추천합니다. 주차공간이 있는 매장입니다.",신규,True,True,효자4동,official_coordinates,https://www.data.go.kr/data/15076735/fileData.do; 2022-04-01,2022-04-01
967171,아주르,전북특별자치도 전주시 덕진구 아중호수길 117,전북특별자치도 전주시 덕진구 우아동1가 산330-2,35.8216034,127.1744741,,,일반음식점,"""아주르""는 전라북도 전주시에 있습니다. 남녀 화장실이 구분되어 있는 매장입니다. 주차공간, 무선 인터넷이 있는 매장입니다.",신규,True,True,우아2동,official_coordinates,https://www.data.go.kr/data/15076735/fileData.do; 2022-04-01,2022-04-01
967311,우프커피,전북특별자치도 전주시 덕진구 만성북2길 10,전북특별자치도 전주시 덕진구 만성동 1355-5,35.8488893,127.0758452,,,일반음식점,"어디 가야 할지 고민이시라고요? 그럼 전라북도 전주시 맛집, ""우프커피""를 추천합니다! 남녀 화장실이 구분되어 있는 매장입니다. 무선 인터넷이 있는 매장입니다.",신규,True,True,여의동,official_coordinates,https://www.data.go.kr/data/15076735/fileData.do; 2022-04-01,2022-04-01
968003,돈쌈냉면 전주대점,전북특별자치도 전주시 완산구 효자로 64,전북특별자치도 전주시 완산구 효자동3가 1167-9,35.8183845,127.0920731,063-277-8008,,일반음식점,"""돈쌈냉면(전주대점)""을 전라북도 전주시의 가 볼 만한 식당으로 추천합니다!",신규,True,True,효자4동,official_coordinates,https://www.data.go.kr/data/15076735/fileData.do; 2022-04-01,2022-04-01
968051,클라쓰케이,전북특별자치도 전주시 완산구 견훤왕궁로 54,전북특별자치도 전주시 완산구 중노송동 465-12,35.8253156,127.153163,,,일반음식점,"어디 가야 할지 고민이시라고요? 그럼 전라북도 전주시 맛집, ""클라쓰케이""를 추천합니다!",신규,True,True,노송동,official_coordinates,https://www.data.go.kr/data/15076735/fileData.do; 2022-04-01,2022-04-01
968089,카페천국 전주점,전북특별자치도 전주시 완산구 중산1길 11,전북특별자치도 전주시 완산구 중화산동2가 635,35.8143243,127.1193062,070-7619-0013,,휴게음식점,"무엇을 먹을지 고민되신다고요? 전라북도 전주시에 계시다면 ""카페천국(전주점)""을 추천합니다! 배달 가능한 매장입니다.",신규,True,True,중화산2동,official_coordinates,https://www.data.go.kr/data/15076735/fileData.do; 2022-04-01,2022-04-01
968137,소담식탁,전북특별자치도 전주시 덕진구 기린대로 398,전북특별자치도 전주시 덕진구 금암동 470-3,35.8376936,127.1324951,,,일반음식점,"전라북도 전주시에서 식당을 찾으신다면? ""소담식탁""을 방문해보세요!",신규,True,True,금암1동,official_coordinates,https://www.data.go.kr/data/15076735/fileData.do; 2022-04-01,2022-04-01
968274,제니러브스젤라또 효자점,전북특별자치도 전주시 완산구 문학로 27,전북특별자치도 전주시 완산구 효자동3가 1604-18,35.8275912,127.1016996,070-4159-9399,,휴게음식점,"무엇을 먹을지 고민되신다고요? 전라북도 전주시에 계시다면 ""제니러브스젤라또(효자점)""를 추천합니다!",신규,True,True,효자5동,official_coordinates,https://www.data.go.kr/data/15076735/fileData.do; 2022-04-01,2022-04-01
968606,자연임실치즈피자 전주1호점,전북특별자치도 전주시 덕진구 백제대로 794,전북특별자치도 전주시 덕진구 우아동3가 748-11,35.8471638,127.1555145,063-242-9500,,일반음식점,"전라북도 전주시에서 가 볼 만한 식당을 찾으신다면? ""자연임실치즈피자(전주1호점)""를 추천합니다!",신규,True,True,우아1동,official_coordinates,https://www.data.go.kr/data/15076735/fileData.do; 2022-04-01,2022-04-01
962127,나무향기,전북특별자치도 전주시 완산구 거마남로 17,전북특별자치도 전주시 완산구 삼천동1가 658-14,35.7949293,127.1187429,063-226-8001,,휴게음식점,"전라북도 전주시에서 어디를 갈지 고민이라면! ""나무향기""에 가보시는 건 어떨까요? 다국어 메뉴판이 있는 매장입니다.",신규,True,True,삼천2동,official_coordinates,https://www.data.go.kr/data/15076735/fileData.do; 2022-04-01,2022-04-01
955638,최강야식,전북특별자치도 전주시 완산구 신봉5길 6-14,전북특별자치도 전주시 완산구 효자동1가 621-4,35.8108345,127.1151386,063-226-7715,,일반음식점,"전라북도 전주시에서 식당을 찾으신다면? ""최강야식""을 방문해보세요! 배달 가능한 매장입니다.",신규,True,True,효자2동,official_coordinates,https://www.data.go.kr/data/15076735/fileData.do; 2022-04-01,2022-04-01
962123,고메이플레이스전북대병원점,전북특별자치도 전주시 덕진구 건지로 20,전북특별자치도 전주시 덕진구 금암동 634-18 전북대학교병원,35.8470974,127.1411626,,,휴게음식점,"무엇을 먹을지 고민되신다고요? 전라북도 전주시에 계시다면 ""고메이플레이스전북대병원점""을 추천합니다!",신규,True,True,금암2동,official_coordinates,https://www.data.go.kr/data/15076735/fileData.do; 2022-04-01,2022-04-01
961715,콩뿔아구촌 중화산점,전북특별자치도 전주시 완산구 효자로 278,전북특별자치도 전주시 완산구 중화산동2가 772-3,35.8188479,127.1156097,063-226-5254,,일반음식점,"전라북도 전주시에서 맛집을 찾으신다면 ""콩뿔아구촌(중화산점)""을 추천합니다. 배달 가능한 매장입니다. 주차공간이 있는 매장입니다.",신규,True,True,중화산2동,official_coordinates,https://www.data.go.kr/data/15076735/fileData.do; 2022-04-01,2022-04-01
957449,수빈이집,전북특별자치도 전주시 완산구 성지산1길 18,전북특별자치도 전주시 완산구 효자동1가 560-5,35.8036484,127.1223383,,,일반음식점,"전라북도 전주시에서 가 볼 만한 식당을 찾으신다면? ""수빈이집""을 추천합니다!",신규,True,True,효자2동,official_coordinates,https://www.data.go.kr/data/15076735/fileData.do; 2022-04-01,2022-04-01
957465,커피면회소 인후점,전북특별자치도 전주시 덕진구 정언신로 40,전북특별자치도 전주시 덕진구 인후동1가 859-3,35.8298786,127.1582919,063-903-2780,,휴게음식점,"전라북도 전주시에서 식당을 찾으신다면? ""커피면회소(인후점)""를 방문해보세요! 무선 인터넷이 있는 매장입니다.",신규,True,True,인후3동,official_coordinates,https://www.data.go.kr/data/15076735/fileData.do; 2022-04-01,2022-04-01
957471,피덴스,전북특별자치도 전주시 완산구 소태정3길 14,전북특별자치도 전주시 완산구 효자동2가 1206-7,35.8035292,127.0994866,,,휴게음식점,"전라북도 전주시에서 맛집을 찾으신다면 ""피덴스""를 추천합니다.",신규,True,True,효자4동,official_coordinates,https://www.data.go.kr/data/15076735/fileData.do; 2022-04-01,2022-04-01
957477,혼밥대왕전주혁신점,전북특별자치도 전주시 덕진구 기지로 77,전북특별자치도 전주시 덕진구 장동 1111 전북혁신도시 더 M city 센텀,35.8390606,127.0605142,,,일반음식점,"전라북도 전주시에 가신다면 ""혼밥대왕전주혁신점""에 방문해보세요~",신규,True,True,여의동,official_coordinates,https://www.data.go.kr/data/15076735/fileData.do; 2022-04-01,2022-04-01
958039,파리바게뜨 전북대점,전북특별자치도 전주시 덕진구 명륜4길 19,전북특별자치도 전주시 덕진구 덕진동1가 1314-169,35.8436626,127.1268772,,,제과점영업,"전라북도 전주시에서 식당을 찾으신다면? ""파리바게뜨(전북대점)""를 방문해보세요!",신규,True,True,덕진동,official_coordinates,https://www.data.go.kr/data/15076735/fileData.do; 2022-04-01,2022-04-01
958251,자담치킨 아중점,전북특별자치도 전주시 덕진구 건산로 204-1,전북특별자치도 전주시 덕진구 인후동1가 819-3,35.8334764,127.1596341,063-245-2340,,일반음식점,"전라북도 전주시에 가신다면 ""자담치킨(아중점)""에 방문해보세요~ 배달 가능한 매장입니다.",신규,True,True,인후3동,official_coordinates,https://www.data.go.kr/data/15076735/fileData.do; 2022-04-01,2022-04-01
958358,그라제,전북특별자치도 전주시 덕진구 중상보로 42,전북특별자치도 전주시 덕진구 우아동2가 893-1,35.8334972,127.1721223,063-242-1240,,일반음식점,"전라북도 전주시에서 어디를 갈지 고민이라면! ""그라제""에 가보시는 건 어떨까요? 배달 가능한 매장입니다.",신규,True,True,우아2동,official_coordinates,https://www.data.go.kr/data/15076735/fileData.do; 2022-04-01,2022-04-01
957414,카페아이엔지전주대학교점,전북특별자치도 전주시 완산구 천잠로 303,전북특별자치도 전주시 완산구 효자동2가 1080 전주대학교,35.8141581,127.0901464,,,휴게음식점,"""카페아이엔지전주대학교점""을 전라북도 전주시의 가 볼 만한 식당으로 추천합니다!",신규,True,True,효자4동,official_coordinates,https://www.data.go.kr/data/15076735/fileData.do; 2022-04-01,2022-04-01
958376,비비하우스케이크,전북특별자치도 전주시 완산구 홍산로 249,전북특별자치도 전주시 완산구 효자동2가 1239-5 대신빌딩,35.8160443,127.1054769,,,제과점영업,"무엇을 먹을지 고민되신다고요? 전라북도 전주시에 계시다면 ""비비하우스케이크""를 추천합니다!",신규,True,True,효자5동,official_coordinates,https://www.data.go.kr/data/15076735/fileData.do; 2022-04-01,2022-04-01
958415,황남택과자점,전북특별자치도 전주시 완산구 강변로 98,전북특별자치도 전주시 완산구 삼천동1가 723-2,35.7998204,127.1125617,063-909-0073,,제과점영업,"전라북도 전주시에서 어디를 갈지 고민이라면! ""황남택과자점""에 가보시는 건 어떨까요? 배달 가능한 매장입니다.",신규,True,True,삼천3동,official_coordinates,https://www.data.go.kr/data/15076735/fileData.do; 2022-04-01,2022-04-01
958432,리에또,전북특별자치도 전주시 완산구 홍산4길 12,전북특별자치도 전주시 완산구 효자동3가 1528-4,35.8183018,127.1101832,063-229-5996,,일반음식점,"무엇을 먹을지 고민되신다고요? 전라북도 전주시에 계시다면 ""리에또""를 추천합니다! 남녀 화장실이 구분되어 있는 매장입니다. 주차공간, 무선 인터넷이 있는 매장입니다.",신규,True,True,효자5동,official_coordinates,https://www.data.go.kr/data/15076735/fileData.do; 2022-04-01,2022-04-01
958454,왕등도횟집,전북특별자치도 전주시 덕진구 오공로 43-32,전북특별자치도 전주시 덕진구 중동 777-6,35.8377017,127.0608538,063-236-0665,,일반음식점,"전라북도 전주시에서 식당을 찾으신다면? ""왕등도횟집""을 방문해보세요!",신규,True,True,혁신동,official_coordinates,https://www.data.go.kr/data/15076735/fileData.do; 2022-04-01,2022-04-01
958461,일만족발 중화산점,전북특별자치도 전주시 완산구 유연로 282,전북특별자치도 전주시 완산구 중화산동2가 744-2,35.8251582,127.1162675,063-225-0352,,일반음식점,"무엇을 먹을지 고민되신다고요? 전라북도 전주시에 계시다면 ""일만족발(중화산점)""을 추천합니다! 배달 가능한 매장입니다.",신규,True,True,중화산2동,official_coordinates,https://www.data.go.kr/data/15076735/fileData.do; 2022-04-01,2022-04-01
958922,뜸들이다 전북대점,전북특별자치도 전주시 덕진구 삼송3길 24,전북특별자치도 전주시 덕진구 금암동 1544-1,35.8431274,127.1361149,063-717-6583,,일반음식점,"전라북도 전주시에서 식당을 찾으신다면? ""뜸들이다(전북대점)""를 방문해보세요!",신규,True,True,금암1동,official_coordinates,https://www.data.go.kr/data/15076735/fileData.do; 2022-04-01,2022-04-01
958958,카메,전북특별자치도 전주시 완산구 효동2길 14-12,전북특별자치도 전주시 완산구 효자동1가 201-65,35.8052238,127.1264405,,,일반음식점,"전라북도 전주시에서 맛집을 찾으신다면 ""카메""를 추천합니다.",신규,True,True,효자1동,official_coordinates,https://www.data.go.kr/data/15076735/fileData.do; 2022-04-01,2022-04-01
959050,반찬팩토리,전북특별자치도 전주시 완산구 영경1길 25,전북특별자치도 전주시 완산구 중화산동2가 256,35.8187149,127.1260255,063-226-4560,,일반음식점,"전라북도 전주시에 가신다면 ""반찬팩토리""에 방문해보세요~ 배달 가능한 매장입니다.",신규,True,True,중화산2동,official_coordinates,https://www.data.go.kr/data/15076735/fileData.do; 2022-04-01,2022-04-01
958406,카페HELLO,전북특별자치도 전주시 완산구 안행로 45,전북특별자치도 전주시 완산구 효자동1가 687-10,35.801541,127.1329514,,,일반음식점,"전라북도 전주시에 가신다면 ""카페HELLO""에 방문해보세요~",신규,True,True,효자1동,official_coordinates,https://www.data.go.kr/data/15076735/fileData.do; 2022-04-01,2022-04-01
959052,버디안,전북특별자치도 전주시 완산구 모악산자락길 37,전북특별자치도 전주시 완산구 중인동 350-4,35.7689041,127.101717,,,일반음식점,"""버디안""을 전라북도 전주시의 가 볼 만한 식당으로 추천합니다! 남녀 화장실이 구분되어 있는 매장입니다. 주차공간, 무선 인터넷이 있는 매장입니다.",신규,True,True,삼천3동,official_coordinates,https://www.data.go.kr/data/15076735/fileData.do; 2022-04-01,2022-04-01
957389,바겟버거 전주대학교점,전북특별자치도 전주시 완산구 천잠로 303,전북특별자치도 전주시 완산구 효자동2가 1080,35.8141581,127.0901464,063-223-2010,,휴게음식점,"전라북도 전주시에서 어디를 갈지 고민이라면! ""바겟버거(전주대학교점)""에 가보시는 건 어떨까요? 주차공간이 있는 매장입니다.",신규,True,True,효자4동,official_coordinates,https://www.data.go.kr/data/15076735/fileData.do; 2022-04-01,2022-04-01
957293,이화숯불갈비 전주점,전북특별자치도 전주시 덕진구 두간로 52,전북특별자치도 전주시 덕진구 송천동1가 815-2,35.8651077,127.1199505,063-277-0092,,일반음식점,"전라북도 전주시에서 어디를 갈지 고민이라면! ""이화숯불갈비(전주점)""에 가보시는 건 어떨까요? 남녀 화장실이 구분되어 있으며, 베리어프리 매장입니다. 무선 인터넷이 있는 매장입니다.",신규,True,True,송천2동,official_coordinates,https://www.data.go.kr/data/15076735/fileData.do; 2022-04-01,2022-04-01
955661,반올림피자샵 전주삼천평화점,전북특별자치도 전주시 완산구 삼천천변1길 28,전북특별자치도 전주시 완산구 삼천동1가 290-8,35.7950018,127.1137357,063-221-2588,,휴게음식점,"어디 가야 할지 고민이시라고요? 그럼 전라북도 전주시 맛집, ""반올림피자샵(전주삼천평화점)""을 추천합니다!",신규,True,True,삼천3동,official_coordinates,https://www.data.go.kr/data/15076735/fileData.do; 2022-04-01,2022-04-01
955682,이리족발 전주평화점,전북특별자치도 전주시 완산구 평화로 148,전북특별자치도 전주시 완산구 평화동2가 872-1,35.7896734,127.1357182,063-226-2258,,일반음식점,"전라북도 전주시에서 가 볼 만한 식당을 찾으신다면? ""이리족발(전주평화점)""을 추천합니다! 무선 인터넷이 있는 매장입니다.",신규,True,True,평화2동,official_coordinates,https://www.data.go.kr/data/15076735/fileData.do; 2022-04-01,2022-04-01
955705,데이데이,전북특별자치도 전주시 완산구 백제대로 354,전북특별자치도 전주시 완산구 중화산동2가 268,35.8246262,127.1232562,063-223-1117,,일반음식점,"전라북도 전주시에서 식당을 찾으신다면? ""데이데이""를 방문해보세요! 남녀 화장실이 구분되어 있는 매장입니다. 주차공간, 무선 인터넷이 있는 매장입니다.",신규,True,True,중화산2동,official_coordinates,https://www.data.go.kr/data/15076735/fileData.do; 2022-04-01,2022-04-01
955857,아우어피자몰,전북특별자치도 전주시 완산구 척동1길 12,전북특별자치도 전주시 완산구 효자동3가 1661-7,35.8214475,127.0987748,063-223-9544,,휴게음식점,"전라북도 전주시에 가신다면 ""아우어피자몰""에 방문해보세요~",신규,True,True,효자5동,official_coordinates,https://www.data.go.kr/data/15076735/fileData.do; 2022-04-01,2022-04-01
955912,입끌림푸드시스템,전북특별자치도 전주시 완산구 맏내2길 19-6,전북특별자치도 전주시 완산구 평화동2가 855-2,35.7918953,127.1293833,070-7724-7500,,일반음식점,"전라북도 전주시에서 어디를 갈지 고민이라면! ""입끌림푸드시스템""에 가보시는 건 어떨까요?",신규,True,True,평화2동,official_coordinates,https://www.data.go.kr/data/15076735/fileData.do; 2022-04-01,2022-04-01
956139,제육대가,전북특별자치도 전주시 완산구 신봉로 39,전북특별자치도 전주시 완산구 효자동1가 618-8,35.8105306,127.1191993,063-227-2247,,일반음식점,"무엇을 먹을지 고민되신다고요? 전라북도 전주시에 계시다면 ""제육대가""를 추천합니다!",신규,True,True,효자2동,official_coordinates,https://www.data.go.kr/data/15076735/fileData.do; 2022-04-01,2022-04-01
956194,스위트조니,전북특별자치도 전주시 완산구 전주객사5길 66,전북특별자치도 전주시 완산구 고사동 15,35.8210524,127.1449737,063-282-0407,,휴게음식점,"전라북도 전주시에서 식당을 찾으신다면? ""스위트조니""를 방문해보세요! 무선 인터넷이 있는 매장입니다.",신규,True,True,중앙동,official_coordinates,https://www.data.go.kr/data/15076735/fileData.do; 2022-04-01,2022-04-01
957384,만권화밥 전주대점,전북특별자치도 전주시 완산구 천잠로 303,전북특별자치도 전주시 완산구 효자동2가 1080,35.8141581,127.0901464,,,휴게음식점,"전라북도 전주시에 가신다면 ""만권화밥(전주대점)""에 방문해보세요~",신규,True,True,효자4동,official_coordinates,https://www.data.go.kr/data/15076735/fileData.do; 2022-04-01,2022-04-01
956266,오늘의샐러드,전북특별자치도 전주시 완산구 용머리로 103-12,전북특별자치도 전주시 완산구 효자동1가 301-15,35.8071651,127.1216874,,,일반음식점,"전라북도 전주시에서 맛집을 찾으신다면 ""오늘의샐러드""를 추천합니다.",신규,True,True,효자2동,official_coordinates,https://www.data.go.kr/data/15076735/fileData.do; 2022-04-01,2022-04-01
956651,학동꼬치,전북특별자치도 전주시 완산구 학봉2길 10,전북특별자치도 전주시 완산구 동서학동 287-2,35.8057306,127.1534174,,,일반음식점,"전라북도 전주시에서 맛집을 찾으신다면 ""학동꼬치""를 추천합니다. 배달 가능한 매장입니다.",신규,True,True,동서학동,official_coordinates,https://www.data.go.kr/data/15076735/fileData.do; 2022-04-01,2022-04-01
956675,소울켄터키치킨,전북특별자치도 전주시 덕진구 오공로 33-4,전북특별자치도 전주시 덕진구 중동 776-6,35.8365021,127.059367,063-221-2209,,일반음식점,"""소울켄터키치킨""을 전라북도 전주시의 가 볼 만한 식당으로 추천합니다! 배달 가능한 매장입니다. 주차공간이 있는 매장입니다.",신규,True,True,혁신동,official_coordinates,https://www.data.go.kr/data/15076735/fileData.do; 2022-04-01,2022-04-01
956690,천변집황칠능이백숙,전북특별자치도 전주시 완산구 세내로 193,전북특별자치도 전주시 완산구 효자동2가 135-6 세느빌아파트,35.8080094,127.1085367,,,일반음식점,"""천변집황칠능이백숙""을 전라북도 전주시의 가 볼 만한 식당으로 추천합니다!",신규,True,True,효자4동,official_coordinates,https://www.data.go.kr/data/15076735/fileData.do; 2022-04-01,2022-04-01
956880,뉴욕쟁이디저트 에코시티점,전북특별자치도 전주시 덕진구 세병서로 41,전북특별자치도 전주시 덕진구 송천동2가 1331-11,35.8719731,127.1267653,070-8778-3252,,일반음식점,"전라북도 전주시에 가신다면 ""뉴욕쟁이디저트(에코시티점)""에 방문해보세요~ 남녀 화장실이 구분되어 있는 매장입니다. 배달 가능한 매장입니다. 주차공간, 무선 인터넷이 있는 매장입니다.",신규,True,True,송천1동,official_coordinates,https://www.data.go.kr/data/15076735/fileData.do; 2022-04-01,2022-04-01
956971,누들보쌈배달만족 전주송천점,전북특별자치도 전주시 덕진구 솔내로 121,전북특별자치도 전주시 덕진구 송천동1가 138-2,35.8610378,127.1263199,,,일반음식점,"어디 가야 할지 고민이시라고요? 그럼 전라북도 전주시 맛집, ""누들보쌈배달만족(전주송천점)""을 추천합니다!",신규,True,True,송천1동,official_coordinates,https://www.data.go.kr/data/15076735/fileData.do; 2022-04-01,2022-04-01
957129,피자런 완산구점,전북특별자치도 전주시 완산구 봉곡3길 36,전북특별자치도 전주시 완산구 효자동2가 1254-3,35.8119395,127.1009151,063-222-8294,,휴게음식점,"전라북도 전주시에서 어디를 갈지 고민이라면! ""피자런(완산구점)""에 가보시는 건 어떨까요? 배달 가능한 매장입니다.",신규,True,True,효자4동,official_coordinates,https://www.data.go.kr/data/15076735/fileData.do; 2022-04-01,2022-04-01
957155,소담꽃돼지,전북특별자치도 전주시 완산구 한두평2길 12,전북특별자치도 전주시 완산구 중화산동2가 664-1 동아안마시술소,35.8134249,127.1242927,,,일반음식점,"""소담꽃돼지""를 전라북도 전주시의 가 볼 만한 식당으로 추천합니다!",신규,True,True,중화산1동,official_coordinates,https://www.data.go.kr/data/15076735/fileData.do; 2022-04-01,2022-04-01
956641,채선당도시락앤샐러드 전북도청점,전북특별자치도 전주시 완산구 홍산로 260,전북특별자치도 전주시 완산구 효자동3가 1531-2,35.8168321,127.1064625,063-221-7727,,일반음식점,"전라북도 전주시에 가신다면 ""채선당도시락앤샐러드(전북도청점)""에 방문해보세요~ 배달 가능한 매장입니다.",신규,True,True,효자5동,official_coordinates,https://www.data.go.kr/data/15076735/fileData.do; 2022-04-01,2022-04-01
959105,마이몽골,전북특별자치도 전주시 완산구 홍산남로 29-25,전북특별자치도 전주시 완산구 효자동2가 1237-7,35.8163831,127.1049626,,,일반음식점,"무엇을 먹을지 고민되신다고요? 전라북도 전주시에 계시다면 ""마이몽골""을 추천합니다! 배달 가능한 매장입니다.",신규,True,True,효자5동,official_coordinates,https://www.data.go.kr/data/15076735/fileData.do; 2022-04-01,2022-04-01
959107,미미구떼,전북특별자치도 전주시 완산구 홍산로 249,전북특별자치도 전주시 완산구 효자동2가 1239-5,35.8160443,127.1054769,,,휴게음식점,"""미미구떼""는 전라북도 전주시에 있습니다. 주차공간이 있는 매장입니다.",신규,True,True,효자5동,official_coordinates,https://www.data.go.kr/data/15076735/fileData.do; 2022-04-01,2022-04-01
959138,귀한족발 도청점,전북특별자치도 전주시 완산구 홍산4길 6,전북특별자치도 전주시 완산구 효자동3가 1528-1,35.8182367,127.1093588,063-288-0034,,일반음식점,"전라북도 전주시에서 맛집을 찾으신다면 ""귀한족발(도청점)""을 추천합니다.",신규,True,True,효자5동,official_coordinates,https://www.data.go.kr/data/15076735/fileData.do; 2022-04-01,2022-04-01
960248,전미명가,전북특별자치도 전주시 덕진구 전미로 277-5,전북특별자치도 전주시 덕진구 전미동2가 75-3,35.8923513,127.1020392,063-273-3005,,일반음식점,"전라북도 전주시에서 가 볼 만한 식당을 찾으신다면? ""전미명가""를 추천합니다!",신규,True,True,송천2동,official_coordinates,https://www.data.go.kr/data/15076735/fileData.do; 2022-04-01,2022-04-01
960259,서민갑부마약 육전 2호점,전북특별자치도 전주시 완산구 태조로 21,전북특별자치도 전주시 완산구 교동 69-4,35.8145421,127.1523852,,,일반음식점,"전라북도 전주시에서 가 볼 만한 식당을 찾으신다면? ""서민갑부마약(육전 2호점)""을 추천합니다!",신규,True,True,풍남동,official_coordinates,https://www.data.go.kr/data/15076735/fileData.do; 2022-04-01,2022-04-01
960388,야채감자탕,전북특별자치도 전주시 덕진구 구총목로 8-1,전북특별자치도 전주시 덕진구 인후동1가 892-4,35.82761,127.1611257,063-247-1515,,일반음식점,"""야채감자탕""은 전라북도 전주시에 있습니다. 배달 가능한 매장입니다.",신규,True,True,인후3동,official_coordinates,https://www.data.go.kr/data/15076735/fileData.do; 2022-04-01,2022-04-01
960568,낙곱새끝판왕 덕진점,전북특별자치도 전주시 덕진구 기린대로 499,전북특별자치도 전주시 덕진구 덕진동1가 1401-20,35.8436166,127.1232738,063-255-2337,,일반음식점,"무엇을 먹을지 고민되신다고요? 전라북도 전주시에 계시다면 ""낙곱새끝판왕(덕진점)""을 추천합니다!",신규,True,True,덕진동,official_coordinates,https://www.data.go.kr/data/15076735/fileData.do; 2022-04-01,2022-04-01
960612,네임드,전북특별자치도 전주시 덕진구 정언신로 76,전북특별자치도 전주시 덕진구 인후동1가 867-2,35.8304897,127.1621728,,,휴게음식점,"전라북도 전주시에서 어디를 갈지 고민이라면! ""네임드""에 가보시는 건 어떨까요?",신규,True,True,인후3동,official_coordinates,https://www.data.go.kr/data/15076735/fileData.do; 2022-04-01,2022-04-01
960641,브루잉 스테이션,전북특별자치도 전주시 완산구 소태정5길 22-4,전북특별자치도 전주시 완산구 효자동2가 1198-7,35.8042014,127.0980588,,,휴게음식점,"전라북도 전주시에서 맛집을 찾으신다면 ""브루잉 스테이션""을 추천합니다. 남녀 화장실이 구분되어 있는 매장입니다. 무선 인터넷이 있는 매장입니다.",신규,True,True,효자4동,official_coordinates,https://www.data.go.kr/data/15076735/fileData.do; 2022-04-01,2022-04-01
960664,중산가맥,전북특별자치도 전주시 완산구 따박골6길 51-4,전북특별자치도 전주시 완산구 중화산동2가 536-6,35.8113127,127.1275686,,,일반음식점,"전라북도 전주시에서 맛집을 찾으신다면 ""중산가맥""을 추천합니다.",신규,True,True,중화산1동,official_coordinates,https://www.data.go.kr/data/15076735/fileData.do; 2022-04-01,2022-04-01
960221,다정회가 송천에코점,전북특별자치도 전주시 덕진구 세병2길 19,전북특별자치도 전주시 덕진구 송천동2가 1327-15,35.8729182,127.126158,063-255-8588,,일반음식점,"어디 가야 할지 고민이시라고요? 그럼 전라북도 전주시 맛집, ""다정회가(송천에코점)""를 추천합니다! 남녀 화장실이 구분되어 있는 매장입니다. 무선 인터넷이 있는 매장입니다.",신규,True,True,송천1동,official_coordinates,https://www.data.go.kr/data/15076735/fileData.do; 2022-04-01,2022-04-01
960735,와플대학 전북대캠퍼스점,전북특별자치도 전주시 덕진구 권삼득로 333,전북특별자치도 전주시 덕진구 덕진동1가 664-6,35.8449363,127.1258928,063-255-1815,,휴게음식점,"무엇을 먹을지 고민되신다고요? 전라북도 전주시에 계시다면 ""와플대학(전북대캠퍼스점)""을 추천합니다!",신규,True,True,덕진동,official_coordinates,https://www.data.go.kr/data/15076735/fileData.do; 2022-04-01,2022-04-01
960854,디저트 담는 꾸미,전북특별자치도 전주시 완산구 문학대6길 15,전북특별자치도 전주시 완산구 효자동3가 1608-10,35.8285639,127.1033918,063-224-5544,,휴게음식점,"전라북도 전주시에 가신다면 ""디저트 담는 꾸미""에 방문해보세요~ 무선 인터넷이 있는 매장입니다.",신규,True,True,효자5동,official_coordinates,https://www.data.go.kr/data/15076735/fileData.do; 2022-04-01,2022-04-01
961021,499통닭,전북특별자치도 전주시 덕진구 아중2길 22,전북특별자치도 전주시 덕진구 우아동2가 928-7,35.829329,127.1733607,063-243-4990,,일반음식점,"전라북도 전주시에서 어디를 갈지 고민이라면! ""499통닭""에 가보시는 건 어떨까요? 무선 인터넷이 있는 매장입니다.",신규,True,True,우아2동,official_coordinates,https://www.data.go.kr/data/15076735/fileData.do; 2022-04-01,2022-04-01
961027,천년누리 전주빵,전북특별자치도 전주시 완산구 현무3길 91,전북특별자치도 전주시 완산구 서노송동 567-9,35.8229043,127.1485824,063-227-4883,,휴게음식점,"어디 가야 할지 고민이시라고요? 그럼 전라북도 전주시 맛집, ""천년누리 전주빵""을 추천합니다! 다국어 메뉴판이 있는 매장입니다.",신규,True,True,노송동,official_coordinates,https://www.data.go.kr/data/15076735/fileData.do; 2022-04-01,2022-04-01
961054,에그존&샌드베이 효자신시가지점,전북특별자치도 전주시 완산구 홍산1길 7,전북특별자치도 전주시 완산구 효자동2가 1157-4,35.8141875,127.108357,063-226-2982,,일반음식점,"전라북도 전주시에서 식당을 찾으신다면? ""에그존&샌드베이(효자신시가지점)""를 방문해보세요! 남녀 화장실이 구분되어 있는 매장입니다. 배달 가능한 매장입니다. 무선 인터넷이 있는 매장입니다.",신규,True,True,효자5동,official_coordinates,https://www.data.go.kr/data/15076735/fileData.do; 2022-04-01,2022-04-01
961309,갑초밥 전주혁신점,전북특별자치도 전주시 덕진구 기지로 77,전북특별자치도 전주시 덕진구 장동 1111,35.8390606,127.0605142,063-909-9525,,일반음식점,"어디 가야 할지 고민이시라고요? 그럼 전라북도 전주시 맛집, ""갑초밥(전주혁신점)""을 추천합니다! 배달 가능한 매장입니다. 주차공간, 무선 인터넷이 있는 매장입니다.",신규,True,True,여의동,official_coordinates,https://www.data.go.kr/data/15076735/fileData.do; 2022-04-01,2022-04-01
961618,수제깐풍기전문점&닭스토리 덕진점,전북특별자치도 전주시 덕진구 솔내5길 7,전북특별자치도 전주시 덕진구 송천동1가 395-16,35.8577693,127.1216505,063-901-2170,,일반음식점,"""수제깐풍기전문점&닭스토리(덕진점)""는 전라북도 전주시에 있습니다. 배달 가능한 매장입니다.",신규,True,True,송천1동,official_coordinates,https://www.data.go.kr/data/15076735/fileData.do; 2022-04-01,2022-04-01
961637,정인가든,전북특별자치도 전주시 덕진구 추천로 47,전북특별자치도 전주시 덕진구 팔복동3가 27,35.8444432,127.1015976,063-222-2230,,일반음식점,"""정인가든""은 전라북도 전주시에 있습니다. 다국어 메뉴판이 있는 매장입니다.",신규,True,True,팔복동,official_coordinates,https://www.data.go.kr/data/15076735/fileData.do; 2022-04-01,2022-04-01
960767,반올림피자샵 전주에코시티점,전북특별자치도 전주시 덕진구 세병로 134,전북특별자치도 전주시 덕진구 송천동2가 1345,35.8757927,127.1365361,063-271-8288,,휴게음식점,"전라북도 전주시에 가신다면 ""반올림피자샵(전주에코시티점)""에 방문해보세요~",신규,True,True,송천1동,official_coordinates,https://www.data.go.kr/data/15076735/fileData.do; 2022-04-01,2022-04-01
960206,지복점,전북특별자치도 전주시 완산구 풍남문4길 15-25,전북특별자치도 전주시 완산구 전동3가 61,35.8143571,127.1441697,,,일반음식점,"""지복점""을 전라북도 전주시의 가 볼 만한 식당으로 추천합니다! 남녀 화장실이 구분되어 있는 매장입니다. 주차공간, 무선 인터넷이 있는 매장입니다.",신규,True,True,풍남동,official_coordinates,https://www.data.go.kr/data/15076735/fileData.do; 2022-04-01,2022-04-01
960189,소풍,전북특별자치도 전주시 덕진구 정여립로 924-9,전북특별자치도 전주시 덕진구 만성동 644-4,35.8336074,127.0754165,063-229-4259,,일반음식점,"전라북도 전주시에 가신다면 ""소풍""에 방문해보세요~ 남녀 화장실이 구분되어 있는 매장입니다. 주차공간, 무선 인터넷이 있는 매장입니다.",신규,True,True,여의동,official_coordinates,https://www.data.go.kr/data/15076735/fileData.do; 2022-04-01,2022-04-01
960171,돈풍,전북특별자치도 전주시 덕진구 정여립로 924-9,전북특별자치도 전주시 덕진구 만성동 644-4,35.8336074,127.0754165,,,일반음식점,"전라북도 전주시에서 맛집을 찾으신다면 ""돈풍""을 추천합니다.",신규,True,True,여의동,official_coordinates,https://www.data.go.kr/data/15076735/fileData.do; 2022-04-01,2022-04-01
959142,더블유바,전북특별자치도 전주시 완산구 고사평2길 7-4,전북특별자치도 전주시 완산구 서신동 950-10,35.8345962,127.1104071,,,일반음식점,"어디 가야 할지 고민이시라고요? 그럼 전라북도 전주시 맛집, ""더블유바""를 추천합니다! 남녀 화장실이 구분되어 있는 매장입니다.",신규,True,True,서신동,official_coordinates,https://www.data.go.kr/data/15076735/fileData.do; 2022-04-01,2022-04-01
959180,네잎클로버,전북특별자치도 전주시 완산구 홍산북로 23-3,전북특별자치도 전주시 완산구 효자동2가 1230-4,35.8178455,127.1043167,063-221-4120,,일반음식점,"""네잎클로버""는 전라북도 전주시에 있습니다. 남녀 화장실이 구분되어 있는 매장입니다. 주차공간, 무선 인터넷이 있는 매장입니다.",신규,True,True,효자5동,official_coordinates,https://www.data.go.kr/data/15076735/fileData.do; 2022-04-01,2022-04-01
959187,커피집 효자점,전북특별자치도 전주시 완산구 소태정3길 19,전북특별자치도 전주시 완산구 효자동2가 1209-1,35.8030024,127.0990697,070-7799-1119,,일반음식점,"전라북도 전주시에서 맛집을 찾으신다면 ""커피집(효자점)""을 추천합니다.",신규,True,True,효자4동,official_coordinates,https://www.data.go.kr/data/15076735/fileData.do; 2022-04-01,2022-04-01
959189,푸라닭 전주에코시티점,전북특별자치도 전주시 덕진구 세병2길 32-4,전북특별자치도 전주시 덕진구 송천동2가 1330-10,35.872317,127.126933,063-277-9206,,일반음식점,"전라북도 전주시에서 맛집을 찾으신다면 ""푸라닭(전주에코시티점)""을 추천합니다. 배달 가능한 매장입니다. 다국어 메뉴판이 있는 매장입니다.",신규,True,True,송천1동,official_coordinates,https://www.data.go.kr/data/15076735/fileData.do; 2022-04-01,2022-04-01
959202,다가양조장 전북대점,전북특별자치도 전주시 덕진구 명륜4길 11-2,전북특별자치도 전주시 덕진구 덕진동1가 1261-32,35.8431793,127.1263619,,,일반음식점,"""다가양조장(전북대점)""을 전라북도 전주시의 가 볼 만한 식당으로 추천합니다!",신규,True,True,덕진동,official_coordinates,https://www.data.go.kr/data/15076735/fileData.do; 2022-04-01,2022-04-01
959498,마라부마라탕,전북특별자치도 전주시 덕진구 안전로 154,전북특별자치도 전주시 덕진구 중동 774-5,35.8377245,127.0589816,063-909-7767,,일반음식점,"무엇을 먹을지 고민되신다고요? 전라북도 전주시에 계시다면 ""마라부마라탕""을 추천합니다! 배달 가능한 매장입니다.",신규,True,True,혁신동,official_coordinates,https://www.data.go.kr/data/15076735/fileData.do; 2022-04-01,2022-04-01
959499,마이니치,전북특별자치도 전주시 덕진구 호성3길 8,전북특별자치도 전주시 덕진구 호성동1가 587-52,35.8616366,127.1511343,063-242-2333,,일반음식점,"어디 가야 할지 고민이시라고요? 그럼 전라북도 전주시 맛집, ""마이니치""를 추천합니다!",신규,True,True,호성동,official_coordinates,https://www.data.go.kr/data/15076735/fileData.do; 2022-04-01,2022-04-01
959539,코리엔탈깻잎두마리치킨 평화점,전북특별자치도 전주시 완산구 평화14길 28-12,전북특별자치도 전주시 완산구 평화동1가 696,35.7934061,127.134227,063-223-6900,,일반음식점,"전라북도 전주시에서 어디를 갈지 고민이라면! ""코리엔탈깻잎두마리치킨(평화점)""에 가보시는 건 어떨까요?",신규,True,True,평화2동,official_coordinates,https://www.data.go.kr/data/15076735/fileData.do; 2022-04-01,2022-04-01
959610,느루식당,전북특별자치도 전주시 완산구 현무1길 35,전북특별자치도 전주시 완산구 경원동3가 32-8,35.8219582,127.1474442,070-4187-0580,,일반음식점,"전라북도 전주시에서 가 볼 만한 식당을 찾으신다면? ""느루식당""을 추천합니다! 남녀 화장실이 구분되어 있는 매장입니다.",신규,True,True,풍남동,official_coordinates,https://www.data.go.kr/data/15076735/fileData.do; 2022-04-01,2022-04-01
959622,복원가맥,전북특별자치도 전주시 완산구 산월2길 26,전북특별자치도 전주시 완산구 중화산동2가 635-6,35.8141855,127.1202394,,,일반음식점,"전라북도 전주시에서 맛집을 찾으신다면 ""복원가맥""을 추천합니다.",신규,True,True,중화산2동,official_coordinates,https://www.data.go.kr/data/15076735/fileData.do; 2022-04-01,2022-04-01
959730,또바기,전북특별자치도 전주시 덕진구 만성중앙로 11,전북특별자치도 전주시 덕진구 만성동 1360-9,35.8444633,127.0734696,063-211-8892,,일반음식점,"전라북도 전주시에서 식당을 찾으신다면? ""또바기""를 방문해보세요!",신규,True,True,여의동,official_coordinates,https://www.data.go.kr/data/15076735/fileData.do; 2022-04-01,2022-04-01
959995,누구나홀딱반한닭 전주반월점,전북특별자치도 전주시 덕진구 쪽구름로 118,전북특별자치도 전주시 덕진구 반월동 422-21,35.8741641,127.0725114,063-275-5339,,일반음식점,"""누구나홀딱반한닭(전주반월점)""은 전라북도 전주시에 있습니다.",신규,True,True,조촌동,official_coordinates,https://www.data.go.kr/data/15076735/fileData.do; 2022-04-01,2022-04-01
960055,골목안베아투스,전북특별자치도 전주시 완산구 삼천천변3길 44-28,전북특별자치도 전주시 완산구 삼천동1가 451-2,35.7973169,127.1135837,063-222-0206,,일반음식점,"무엇을 먹을지 고민되신다고요? 전라북도 전주시에 계시다면 ""골목안베아투스""를 추천합니다!",신규,True,True,삼천3동,official_coordinates,https://www.data.go.kr/data/15076735/fileData.do; 2022-04-01,2022-04-01
960080,아주정푸드,전북특별자치도 전주시 완산구 송정2길 19-6,전북특별자치도 전주시 완산구 삼천동1가 594-3,35.7994508,127.1178691,,,일반음식점,"""아주정푸드""는 전라북도 전주시에 있습니다.",신규,True,True,삼천1동,official_coordinates,https://www.data.go.kr/data/15076735/fileData.do; 2022-04-01,2022-04-01
960083,오월제과,전북특별자치도 전주시 완산구 안행2길 4,전북특별자치도 전주시 완산구 삼천동1가 741-9,35.8006998,127.1303521,,,휴게음식점,"""오월제과""는 전라북도 전주시에 있습니다. 주차공간이 있는 매장입니다.",신규,True,True,삼천1동,official_coordinates,https://www.data.go.kr/data/15076735/fileData.do; 2022-04-01,2022-04-01
960086,자담치킨 전주중화산점,전북특별자치도 전주시 완산구 한두평3길 14-5,전북특별자치도 전주시 완산구 중화산동2가 662-8,35.8143136,127.1246578,062-227-5872,,일반음식점,"전라북도 전주시에 가신다면 ""자담치킨(전주중화산점)""에 방문해보세요~ 무선 인터넷이 있는 매장입니다.",신규,True,True,중화산1동,official_coordinates,https://www.data.go.kr/data/15076735/fileData.do; 2022-04-01,2022-04-01
960089,최사또생선구이,전북특별자치도 전주시 완산구 춘향로 5100,전북특별자치도 전주시 완산구 색장동 419,35.7994613,127.1792606,063-902-9299,,일반음식점,"전라북도 전주시에 가신다면 ""최사또생선구이""에 방문해보세요~",신규,True,True,동서학동,official_coordinates,https://www.data.go.kr/data/15076735/fileData.do; 2022-04-01,2022-04-01
961756,어나더데이,전북특별자치도 전주시 완산구 서신천변4길 1,전북특별자치도 전주시 완산구 서신동 840-15,35.8279609,127.1143326,,,휴게음식점,"무엇을 먹을지 고민되신다고요? 전라북도 전주시에 계시다면 ""어나더데이""를 추천합니다!",신규,True,True,서신동,official_coordinates,https://www.data.go.kr/data/15076735/fileData.do; 2022-04-01,2022-04-01
947384,대패가1900 전북대점,전북특별자치도 전주시 덕진구 권삼득로 190,전북특별자치도 전주시 덕진구 금암동 523-131,35.8356856,127.1369518,,,일반음식점,"""대패가1900(전북대점)""은 전라북도 전주시에 있습니다.",신규,True,True,금암2동,official_coordinates,https://www.data.go.kr/data/15076735/fileData.do; 2022-04-01,2022-04-01
888667,광진식당,,전북특별자치도 전주시 완산구 색장동 192-2  187-1,35.7998965,127.1913737,,,일반음식점,"전라북도 전주시에서 어디를 갈지 고민이라면! ""광진식당""에 가보시는 건 어떨까요?",신규,True,True,동서학동,official_coordinates,https://www.data.go.kr/data/15076735/fileData.do; 2022-04-01,2022-04-01
946916,땡팔이네,전북특별자치도 전주시 완산구 전라감영2길 28-26,전북특별자치도 전주시 완산구 중앙동1가 53-1,35.8159357,127.142411,,,일반음식점,"무엇을 먹을지 고민되신다고요? 전라북도 전주시에 계시다면 ""땡팔이네""를 추천합니다!",신규,True,True,중앙동,official_coordinates,https://www.data.go.kr/data/15076735/fileData.do; 2022-04-01,2022-04-01
881544,광한루 추어탕 2호점,전북특별자치도 전주시 덕진구 가리내6길 10-4,전북특별자치도 전주시 덕진구 덕진동2가 665-11,35.845242,127.1107167,063-277-2999,,일반음식점,"""광한루 추어탕(2호점)""을 전라북도 전주시의 가 볼 만한 식당으로 추천합니다! 배달 가능한 매장입니다.",신규,True,True,덕진동,official_coordinates,https://www.data.go.kr/data/15076735/fileData.do; 2022-04-01,2022-04-01
881281,전설낚곱새 송천점,전북특별자치도 전주시 덕진구 송천1길 19,전북특별자치도 전주시 덕진구 송천동1가 403-1,35.8571571,127.1187812,,,일반음식점,"전라북도 전주시에서 맛집을 찾으신다면 ""전설낚곱새(송천점)""를 추천합니다.",신규,True,True,송천2동,official_coordinates,https://www.data.go.kr/data/15076735/fileData.do; 2022-04-01,2022-04-01
880951,마이야르,전북특별자치도 전주시 덕진구 정언신로 75,전북특별자치도 전주시 덕진구 인후동1가 843-7,35.8308198,127.1621063,063-244-3354,,일반음식점,"전라북도 전주시에서 어디를 갈지 고민이라면! ""마이야르""에 가보시는 건 어떨까요?",신규,True,True,인후3동,official_coordinates,https://www.data.go.kr/data/15076735/fileData.do; 2022-04-01,2022-04-01
880902,대파향육개장,전북특별자치도 전주시 덕진구 만성남4길 3,전북특별자치도 전주시 덕진구 만성동 1272-5,35.8406226,127.0715866,063-714-3310,,일반음식점,"""대파향육개장""은 전라북도 전주시에 있습니다.",신규,True,True,여의동,official_coordinates,https://www.data.go.kr/data/15076735/fileData.do; 2022-04-01,2022-04-01
880899,깨순이김밥 효자안행로점,전북특별자치도 전주시 완산구 안행로 55,전북특별자치도 전주시 완산구 효자동1가 687-3,35.8019601,127.1338854,063-236-7002,,일반음식점,"""깨순이김밥(효자안행로점)""은 전라북도 전주시에 있습니다. 배달 가능한 매장입니다.",신규,True,True,효자1동,official_coordinates,https://www.data.go.kr/data/15076735/fileData.do; 2022-04-01,2022-04-01
880894,강투포차,전북특별자치도 전주시 완산구 홍산중앙로 18,전북특별자치도 전주시 완산구 효자동3가 1541-9,35.8151547,127.1093237,063-229-9111,,일반음식점,"""강투포차""를 전라북도 전주시의 가 볼 만한 식당으로 추천합니다!",신규,True,True,효자5동,official_coordinates,https://www.data.go.kr/data/15076735/fileData.do; 2022-04-01,2022-04-01
880862,매봉커피,전북특별자치도 전주시 덕진구 매봉14길 18,전북특별자치도 전주시 덕진구 금암동 1563-18,35.8389807,127.1401738,,,휴게음식점,"전라북도 전주시에서 맛집을 찾으신다면 ""매봉커피""를 추천합니다. 남녀 화장실이 구분되어 있는 매장입니다. 배달 가능한 매장입니다. 무선 인터넷이 있는 매장입니다.",신규,True,True,금암2동,official_coordinates,https://www.data.go.kr/data/15076735/fileData.do; 2022-04-01,2022-04-01
880849,치킨매니아 인후점,전북특별자치도 전주시 덕진구 동가재미3길 8,전북특별자치도 전주시 덕진구 인후동1가 836-9,35.8334182,127.1614145,063-247-6363,,일반음식점,"전라북도 전주시에서 맛집을 찾으신다면 ""치킨매니아(인후점)""를 추천합니다.",신규,True,True,인후3동,official_coordinates,https://www.data.go.kr/data/15076735/fileData.do; 2022-04-01,2022-04-01
880197,뿔난아지매아구찜전문점,전북특별자치도 전주시 완산구 전룡로 14-1,전북특별자치도 전주시 완산구 서신동 854-2,35.8260165,127.1147173,,,일반음식점,"어디 가야 할지 고민이시라고요? 그럼 전라북도 전주시 맛집, ""뿔난아지매아구찜전문점""을 추천합니다!",신규,True,True,서신동,official_coordinates,https://www.data.go.kr/data/15076735/fileData.do; 2022-04-01,2022-04-01
880161,전주승화원식당및매점,전북특별자치도 전주시 완산구 콩쥐팥쥐로 1705-138,전북특별자치도 전주시 완산구 효자동3가 산170-1,35.8243987,127.0889933,,,휴게음식점,"전라북도 전주시에서 식당을 찾으신다면? ""전주승화원식당및매점""을 방문해보세요!",신규,True,True,효자5동,official_coordinates,https://www.data.go.kr/data/15076735/fileData.do; 2022-04-01,2022-04-01
879708,카페프로포즈,전북특별자치도 전주시 덕진구 견훤로 350,전북특별자치도 전주시 덕진구 우아동3가 755-7,35.8425706,127.1546128,,,일반음식점,"전라북도 전주시에서 어디를 갈지 고민이라면! ""카페프로포즈""에 가보시는 건 어떨까요? 남녀 화장실이 구분되어 있는 매장입니다. 무선 인터넷이 있는 매장입니다.",신규,True,True,우아1동,official_coordinates,https://www.data.go.kr/data/15076735/fileData.do; 2022-04-01,2022-04-01
879691,연그린,전북특별자치도 전주시 완산구 문학로 7,전북특별자치도 전주시 완산구 효자동3가 1606-8,35.8257193,127.1017285,,,휴게음식점,"""연그린""을 전라북도 전주시의 가 볼 만한 식당으로 추천합니다! 남녀 화장실이 구분되어 있는 매장입니다. 주차공간이 있는 매장입니다.",신규,True,True,효자5동,official_coordinates,https://www.data.go.kr/data/15076735/fileData.do; 2022-04-01,2022-04-01
879644,향원,전북특별자치도 전주시 완산구 효자로 283,전북특별자치도 전주시 완산구 중화산동2가 769-1,35.8192914,127.1163754,063-252-3003,,일반음식점,"전라북도 전주시에서 식당을 찾으신다면? ""향원""을 방문해보세요! 남녀 화장실이 구분되어 있는 매장입니다. 배달 가능한 매장입니다.",신규,True,True,중화산2동,official_coordinates,https://www.data.go.kr/data/15076735/fileData.do; 2022-04-01,2022-04-01
879606,덮앤더머 서신점,전북특별자치도 전주시 완산구 서신천변8길 11,전북특별자치도 전주시 완산구 서신동 829-9,35.8286684,127.1153089,070-5143-0307,,일반음식점,"전라북도 전주시에 가신다면 ""덮앤더머(서신점)""에 방문해보세요~ 배달 가능한 매장입니다. 주차공간, 무선 인터넷이 있는 매장입니다.",신규,True,True,서신동,official_coordinates,https://www.data.go.kr/data/15076735/fileData.do; 2022-04-01,2022-04-01
879562,고모네주방,전북특별자치도 전주시 완산구 평화14길 28-12,전북특별자치도 전주시 완산구 평화동1가 696,35.7934061,127.134227,,,일반음식점,"""고모네주방""을 전라북도 전주시의 가 볼 만한 식당으로 추천합니다!",신규,True,True,평화2동,official_coordinates,https://www.data.go.kr/data/15076735/fileData.do; 2022-04-01,2022-04-01
879460,이디야커피 전주휴먼시아점,전북특별자치도 전주시 완산구 봉곡로 29,전북특별자치도 전주시 완산구 효자동3가 1738-1,35.8119657,127.0971992,063-228-1800,,휴게음식점,"전라북도 전주시에서 식당을 찾으신다면? ""이디야커피(전주휴먼시아점)""를 방문해보세요! 배달 가능한 매장입니다.",신규,True,True,효자4동,official_coordinates,https://www.data.go.kr/data/15076735/fileData.do; 2022-04-01,2022-04-01
879360,헉스 216 본점,전북특별자치도 전주시 완산구 서신천변2길 11-5,전북특별자치도 전주시 완산구 서신동 849-7,35.8270689,127.1153012,063-255-0216,,일반음식점,"전라북도 전주시에서 맛집을 찾으신다면 ""헉스 216(본점)""을 추천합니다. 배달 가능한 매장입니다. 무선 인터넷이 있는 매장입니다.",신규,True,True,서신동,official_coordinates,https://www.data.go.kr/data/15076735/fileData.do; 2022-04-01,2022-04-01
879250,피자나라치킨공주 전주혁신도시점,전북특별자치도 전주시 덕진구 오공로 33-14,전북특별자치도 전주시 덕진구 중동 776-3,35.8372587,127.0594931,063-237-4907,,일반음식점,"전라북도 전주시에 가신다면 ""피자나라치킨공주(전주혁신도시점)""에 방문해보세요~",신규,True,True,혁신동,official_coordinates,https://www.data.go.kr/data/15076735/fileData.do; 2022-04-01,2022-04-01
879144,형제수산,전북특별자치도 전주시 덕진구 가리내8길 10,전북특별자치도 전주시 덕진구 덕진동2가 671-9,35.8435938,127.1108206,063-271-8812,,일반음식점,"전라북도 전주시에서 어디를 갈지 고민이라면! ""형제수산""에 가보시는 건 어떨까요? 배달 가능한 매장입니다.",신규,True,True,덕진동,official_coordinates,https://www.data.go.kr/data/15076735/fileData.do; 2022-04-01,2022-04-01
879105,닥치고 떡볶이 전주덕진구점,전북특별자치도 전주시 덕진구 동부대로 1077,전북특별자치도 전주시 덕진구 송천동2가 166-1,35.8691201,127.1292654,,,휴게음식점,"전라북도 전주시에서 가 볼 만한 식당을 찾으신다면? ""닥치고 떡볶이(전주덕진구점)""를 추천합니다!",신규,True,True,송천1동,official_coordinates,https://www.data.go.kr/data/15076735/fileData.do; 2022-04-01,2022-04-01
879062,양푼집플러스,전북특별자치도 전주시 덕진구 쪽구름1길 12,전북특별자치도 전주시 덕진구 여의동2가 688-1,35.8727871,127.0771559,063-213-9998,,일반음식점,"어디 가야 할지 고민이시라고요? 그럼 전라북도 전주시 맛집, ""양푼집플러스""를 추천합니다!",신규,True,True,여의동,official_coordinates,https://www.data.go.kr/data/15076735/fileData.do; 2022-04-01,2022-04-01
878955,빽다방 전주에코시티점,전북특별자치도 전주시 덕진구 세병로 22,전북특별자치도 전주시 덕진구 송천동2가 1326-4,35.8743375,127.1275497,063-275-5632,,휴게음식점,"전라북도 전주시에서 식당을 찾으신다면? ""빽다방(전주에코시티점)""을 방문해보세요! 배달 가능한 매장입니다.",신규,True,True,송천1동,official_coordinates,https://www.data.go.kr/data/15076735/fileData.do; 2022-04-01,2022-04-01
878941,카페청연,전북특별자치도 전주시 완산구 고사평7길 13-6,전북특별자치도 전주시 완산구 서신동 1015-4,35.8374909,127.1086546,,,일반음식점,"무엇을 먹을지 고민되신다고요? 전라북도 전주시에 계시다면 ""카페청연""을 추천합니다!",신규,True,True,서신동,official_coordinates,https://www.data.go.kr/data/15076735/fileData.do; 2022-04-01,2022-04-01
878371,달리는커피 전주서신점,전북특별자치도 전주시 완산구 서신로 35,전북특별자치도 전주시 완산구 서신동 831-3,35.8285514,127.1156045,063-278-5351,,휴게음식점,"전라북도 전주시에서 어디를 갈지 고민이라면! ""달리는커피(전주서신점)""에 가보시는 건 어떨까요?",신규,True,True,서신동,official_coordinates,https://www.data.go.kr/data/15076735/fileData.do; 2022-04-01,2022-04-01
878171,아이언스푼,전북특별자치도 전주시 완산구 중인1길 124,전북특별자치도 전주시 완산구 중인동 544-15,35.7672584,127.0949444,063-222-0521,,일반음식점,"전라북도 전주시에 가신다면 ""아이언스푼""에 방문해보세요~",신규,True,True,삼천3동,official_coordinates,https://www.data.go.kr/data/15076735/fileData.do; 2022-04-01,2022-04-01
878155,효자동키친 전주점,전북특별자치도 전주시 완산구 후곡길 11-8,전북특별자치도 전주시 완산구 효자동2가 1309-9,35.8099173,127.0954181,063-223-7199,,일반음식점,"""효자동키친(전주점)""을 전라북도 전주시의 가 볼 만한 식당으로 추천합니다! 배달 가능한 매장입니다.",신규,True,True,효자4동,official_coordinates,https://www.data.go.kr/data/15076735/fileData.do; 2022-04-01,2022-04-01
878075,설빙 전주에코시티점,전북특별자치도 전주시 덕진구 세병로 174-9,전북특별자치도 전주시 덕진구 송천동2가 1299-6,35.8793843,127.1336303,063-252-7505,,휴게음식점,"어디 가야 할지 고민이시라고요? 그럼 전라북도 전주시 맛집, ""설빙(전주에코시티점)""을 추천합니다!",신규,True,True,송천1동,official_coordinates,https://www.data.go.kr/data/15076735/fileData.do; 2022-04-01,2022-04-01
881545,국수사랑전사랑,전북특별자치도 전주시 덕진구 송천로 25,전북특별자치도 전주시 덕진구 송천동1가 348-2,35.8555443,127.11876,063-272-5292,,일반음식점,"전라북도 전주시에서 맛집을 찾으신다면 ""국수사랑전사랑""을 추천합니다. 배달 가능한 매장입니다. 무선 인터넷이 있는 매장입니다.",신규,True,True,송천2동,official_coordinates,https://www.data.go.kr/data/15076735/fileData.do; 2022-04-01,2022-04-01
881771,이마트24전주공단점,전북특별자치도 전주시 덕진구 신행로 50,전북특별자치도 전주시 덕진구 팔복동3가 189-6,35.8494157,127.0932939,,,휴게음식점,"전라북도 전주시에서 맛집을 찾으신다면 ""이마트24전주공단점""을 추천합니다.",신규,True,True,팔복동,official_coordinates,https://www.data.go.kr/data/15076735/fileData.do; 2022-04-01,2022-04-01
881822,장가네고깃집,전북특별자치도 전주시 덕진구 가리내5길 2,전북특별자치도 전주시 덕진구 덕진동2가 662-5,35.8461499,127.1114365,070-4001-1021,,일반음식점,"전라북도 전주시에서 식당을 찾으신다면? ""장가네고깃집""을 방문해보세요!",신규,True,True,덕진동,official_coordinates,https://www.data.go.kr/data/15076735/fileData.do; 2022-04-01,2022-04-01
882019,비비큐 효자점,전북특별자치도 전주시 완산구 용머리로 142-13,전북특별자치도 전주시 완산구 효자동1가 199-4 주소망교회,35.8052069,127.1259988,,,일반음식점,"전라북도 전주시에서 식당을 찾으신다면? ""비비큐(효자점)""를 방문해보세요!",신규,True,True,효자1동,official_coordinates,https://www.data.go.kr/data/15076735/fileData.do; 2022-04-01,2022-04-01
883471,임떡 곱창떡볶이 전북대점,전북특별자치도 전주시 덕진구 조경단로 42-1,전북특별자치도 전주시 덕진구 금암동 526-37,35.8380541,127.1380693,070-8779-9720,,일반음식점,"전라북도 전주시에서 식당을 찾으신다면? ""임떡 곱창떡볶이(전북대점)""를 방문해보세요! 무선 인터넷이 있는 매장입니다.",신규,True,True,금암2동,official_coordinates,https://www.data.go.kr/data/15076735/fileData.do; 2022-04-01,2022-04-01
883443,딜리버리,전북특별자치도 전주시 완산구 효동3길 23,전북특별자치도 전주시 완산구 효자동1가 104-23 전주새삶교회,35.804509,127.1294108,,,일반음식점,"전라북도 전주시에 가신다면 ""딜리버리""에 방문해보세요~",신규,True,True,효자1동,official_coordinates,https://www.data.go.kr/data/15076735/fileData.do; 2022-04-01,2022-04-01
883362,쏘울,전북특별자치도 전주시 덕진구 진버들6길 8-10,전북특별자치도 전주시 덕진구 우아동2가 863-6,35.8365558,127.167905,,,일반음식점,"전라북도 전주시에 가신다면 ""쏘울""에 방문해보세요~",신규,True,True,우아2동,official_coordinates,https://www.data.go.kr/data/15076735/fileData.do; 2022-04-01,2022-04-01
883263,카페베네 팔복점,전북특별자치도 전주시 덕진구 팔복1길 21,전북특별자치도 전주시 덕진구 팔복동2가 137-39,35.8486737,127.1050426,063-717-0872,,일반음식점,"전라북도 전주시에서 식당을 찾으신다면? ""카페베네(팔복점)""를 방문해보세요! 주차공간, 무선 인터넷이 있는 매장입니다.",신규,True,True,팔복동,official_coordinates,https://www.data.go.kr/data/15076735/fileData.do; 2022-04-01,2022-04-01
883205,오시롬,전북특별자치도 전주시 덕진구 행치길 24-104,전북특별자치도 전주시 덕진구 우아동1가 953-6,35.8311174,127.1778594,,,휴게음식점,"무엇을 먹을지 고민되신다고요? 전라북도 전주시에 계시다면 ""오시롬""을 추천합니다! 남녀 화장실이 구분되어 있는 매장입니다. 주차공간, 무선 인터넷이 있는 매장입니다.",신규,True,True,우아2동,official_coordinates,https://www.data.go.kr/data/15076735/fileData.do; 2022-04-01,2022-04-01
883190,나육회,전북특별자치도 전주시 완산구 중산8길 16-3,전북특별자치도 전주시 완산구 중화산동2가 597-9,35.8175534,127.1220486,063-223-2565,,일반음식점,"전라북도 전주시에 가신다면 ""나육회""에 방문해보세요~",신규,True,True,중화산2동,official_coordinates,https://www.data.go.kr/data/15076735/fileData.do; 2022-04-01,2022-04-01
883132,카페화목,전북특별자치도 전주시 완산구 성지산로 62,전북특별자치도 전주시 완산구 삼천동1가 585,35.8020091,127.1243013,02-258-3698,,휴게음식점,"전라북도 전주시에서 가 볼 만한 식당을 찾으신다면? ""카페화목""을 추천합니다!",신규,True,True,삼천1동,official_coordinates,https://www.data.go.kr/data/15076735/fileData.do; 2022-04-01,2022-04-01
883085,수다,전북특별자치도 전주시 완산구 따박골2길 5,전북특별자치도 전주시 완산구 중화산동2가 544-1,35.811407,127.1247774,,,휴게음식점,"""수다""는 전라북도 전주시에 있습니다.",신규,True,True,중화산1동,official_coordinates,https://www.data.go.kr/data/15076735/fileData.do; 2022-04-01,2022-04-01
883030,성찬우동,전북특별자치도 전주시 덕진구 기지로 77,전북특별자치도 전주시 덕진구 장동 1111,35.8390606,127.0605142,063-236-7299,,일반음식점,"전라북도 전주시에 가신다면 ""성찬우동""에 방문해보세요~ 남녀 화장실이 구분되어 있는 매장입니다. 배달 가능한 매장입니다. 주차공간, 무선 인터넷이 있는 매장입니다.",신규,True,True,여의동,official_coordinates,https://www.data.go.kr/data/15076735/fileData.do; 2022-04-01,2022-04-01
882861,임떡 곱창떡볶이 전주송천점,전북특별자치도 전주시 덕진구 송천2길 30,전북특별자치도 전주시 덕진구 송천동1가 472-5,35.8594814,127.1181193,063-278-0189,,일반음식점,"전라북도 전주시에서 가 볼 만한 식당을 찾으신다면? ""임떡 곱창떡볶이(전주송천점)""를 추천합니다!",신규,True,True,송천2동,official_coordinates,https://www.data.go.kr/data/15076735/fileData.do; 2022-04-01,2022-04-01
882837,비비큐전주덕진점,전북특별자치도 전주시 덕진구 기린대로 499,전북특별자치도 전주시 덕진구 덕진동1가 1401-20,35.8436166,127.1232738,,,일반음식점,"""비비큐전주덕진점""은 전라북도 전주시에 있습니다.",신규,True,True,덕진동,official_coordinates,https://www.data.go.kr/data/15076735/fileData.do; 2022-04-01,2022-04-01
882797,아무튼커피,전북특별자치도 전주시 완산구 용호로 111,전북특별자치도 전주시 완산구 효자동3가 1730-2,35.813026,127.0968469,,,휴게음식점,"전라북도 전주시에서 맛집을 찾으신다면 ""아무튼커피""를 추천합니다. 배달 가능한 매장입니다. 무선 인터넷이 있는 매장입니다.",신규,True,True,효자4동,official_coordinates,https://www.data.go.kr/data/15076735/fileData.do; 2022-04-01,2022-04-01
882795,비비파스타,전북특별자치도 전주시 완산구 효자로 161,전북특별자치도 전주시 완산구 효자동3가 1693-5,35.819445,127.1025861,070-4268-4366,,일반음식점,"""비비파스타""를 전라북도 전주시의 가 볼 만한 식당으로 추천합니다! 배달 가능한 매장입니다.",신규,True,True,효자5동,official_coordinates,https://www.data.go.kr/data/15076735/fileData.do; 2022-04-01,2022-04-01
878034,왓커피 서곡점,전북특별자치도 전주시 완산구 세내로 558,전북특별자치도 전주시 완산구 효자동3가 1452-2,35.8346744,127.0984524,,,일반음식점,"""왓커피(서곡점)""는 전라북도 전주시에 있습니다. 배달 가능한 매장입니다. 주차공간, 무선 인터넷이 있는 매장입니다.",신규,True,True,효자5동,official_coordinates,https://www.data.go.kr/data/15076735/fileData.do; 2022-04-01,2022-04-01
882788,배달공주 중화서신점,전북특별자치도 전주시 완산구 서신천변13길 14-9,전북특별자치도 전주시 완산구 서신동 798-5,35.8311179,127.1124588,,,일반음식점,"""배달공주(중화서신점)""는 전라북도 전주시에 있습니다.",신규,True,True,서신동,official_coordinates,https://www.data.go.kr/data/15076735/fileData.do; 2022-04-01,2022-04-01
882640,채선당도시락앤샐러드전주혁신도시점,전북특별자치도 전주시 덕진구 만성중앙로 51,전북특별자치도 전주시 덕진구 만성동 1373-3,35.8428672,127.0774045,,,휴게음식점,"전라북도 전주시에 가신다면 ""채선당도시락앤샐러드전주혁신도시점""에 방문해보세요~",신규,True,True,여의동,official_coordinates,https://www.data.go.kr/data/15076735/fileData.do; 2022-04-01,2022-04-01
882636,전주지역자활센터우렁각시,전북특별자치도 전주시 완산구 장승배기로 164-2,전북특별자치도 전주시 완산구 평화동1가 636-1,35.7946295,127.1308547,,,일반음식점,"전라북도 전주시에 가신다면 ""전주지역자활센터우렁각시""에 방문해보세요~",신규,True,True,평화2동,official_coordinates,https://www.data.go.kr/data/15076735/fileData.do; 2022-04-01,2022-04-01
882631,수제핫도그,전북특별자치도 전주시 덕진구 붓내3길 27,전북특별자치도 전주시 덕진구 송천동2가 1273,35.8668498,127.1244504,,,휴게음식점,"전라북도 전주시에 가신다면 ""수제핫도그""에 방문해보세요~",신규,True,True,송천1동,official_coordinates,https://www.data.go.kr/data/15076735/fileData.do; 2022-04-01,2022-04-01
882567,나영맛집,전북특별자치도 전주시 덕진구 서가재미3길 5-4,전북특별자치도 전주시 덕진구 인후동1가 820-2,35.8330758,127.158615,,,일반음식점,"""나영맛집""은 전라북도 전주시에 있습니다.",신규,True,True,인후3동,official_coordinates,https://www.data.go.kr/data/15076735/fileData.do; 2022-04-01,2022-04-01
882469,달달케이크,전북특별자치도 전주시 완산구 따박골6길 39,전북특별자치도 전주시 완산구 중화산동2가 550-2,35.8101498,127.1282092,063-224-7236,,제과점영업,"전라북도 전주시에서 식당을 찾으신다면? ""달달케이크""를 방문해보세요!",신규,True,True,중화산1동,official_coordinates,https://www.data.go.kr/data/15076735/fileData.do; 2022-04-01,2022-04-01
882414,무이사회,전북특별자치도 전주시 덕진구 수곡길 22-5,전북특별자치도 전주시 덕진구 금상동 1285-12,35.8429313,127.1846863,,,휴게음식점,"어디 가야 할지 고민이시라고요? 그럼 전라북도 전주시 맛집, ""무이사회""를 추천합니다! 남녀 화장실이 구분되어 있는 매장입니다. 주차공간, 무선 인터넷이 있는 매장입니다.",신규,True,True,우아2동,official_coordinates,https://www.data.go.kr/data/15076735/fileData.do; 2022-04-01,2022-04-01
882393,정담한끼,전북특별자치도 전주시 완산구 척동4길 15-4,전북특별자치도 전주시 완산구 효자동3가 1642-28,35.8224993,127.101639,063-224-0020,,일반음식점,"전라북도 전주시에서 식당을 찾으신다면? ""정담한끼""를 방문해보세요! 배달 가능한 매장입니다.",신규,True,True,효자5동,official_coordinates,https://www.data.go.kr/data/15076735/fileData.do; 2022-04-01,2022-04-01
882112,황금물결해물아구찜,전북특별자치도 전주시 완산구 중화산로 17,전북특별자치도 전주시 완산구 효자동1가 599-2,35.8118679,127.1181285,063-226-6220,,일반음식점,"어디 가야 할지 고민이시라고요? 그럼 전라북도 전주시 맛집, ""황금물결해물아구찜""을 추천합니다! 배달 가능한 매장입니다.",신규,True,True,효자2동,official_coordinates,https://www.data.go.kr/data/15076735/fileData.do; 2022-04-01,2022-04-01
882098,진담덮밥엔소바,전북특별자치도 전주시 완산구 효자로 161,전북특별자치도 전주시 완산구 효자동3가 1693-5,35.819445,127.1025861,,,일반음식점,"전라북도 전주시에서 식당을 찾으신다면? ""진담덮밥엔소바""를 방문해보세요!",신규,True,True,효자5동,official_coordinates,https://www.data.go.kr/data/15076735/fileData.do; 2022-04-01,2022-04-01
882096,족앤도리,전북특별자치도 전주시 완산구 효자로 161,전북특별자치도 전주시 완산구 효자동3가 1693-5,35.819445,127.1025861,,,일반음식점,"무엇을 먹을지 고민되신다고요? 전라북도 전주시에 계시다면 ""족앤도리""를 추천합니다!",신규,True,True,효자5동,official_coordinates,https://www.data.go.kr/data/15076735/fileData.do; 2022-04-01,2022-04-01
882078,서나푸드컴퍼니,전북특별자치도 전주시 완산구 솟대2길 4-1,전북특별자치도 전주시 완산구 삼천동1가 668-9,35.7954012,127.1255225,,,일반음식점,"어디 가야 할지 고민이시라고요? 그럼 전라북도 전주시 맛집, ""서나푸드컴퍼니""를 추천합니다!",신규,True,True,삼천2동,official_coordinates,https://www.data.go.kr/data/15076735/fileData.do; 2022-04-01,2022-04-01
882044,카페아치,전북특별자치도 전주시 완산구 전라감영로 23,전북특별자치도 전주시 완산구 다가동1가 55-3,35.8148169,127.1419793,063-231-5600,,일반음식점,"어디 가야 할지 고민이시라고요? 그럼 전라북도 전주시 맛집, ""카페아치""를 추천합니다!",신규,True,True,중앙동,official_coordinates,https://www.data.go.kr/data/15076735/fileData.do; 2022-04-01,2022-04-01
882641,청춘이즈백,전북특별자치도 전주시 완산구 장승배기로 397,전북특별자치도 전주시 완산구 동서학동 256-11,35.8060905,127.152244,,,일반음식점,"전라북도 전주시에서 어디를 갈지 고민이라면! ""청춘이즈백""에 가보시는 건 어떨까요?",신규,True,True,동서학동,official_coordinates,https://www.data.go.kr/data/15076735/fileData.do; 2022-04-01,2022-04-01
878017,대박간식,전북특별자치도 전주시 덕진구 건산로 252,전북특별자치도 전주시 덕진구 인후동1가 846-5,35.8346759,127.1647179,,,휴게음식점,"""대박간식""은 전라북도 전주시에 있습니다.",신규,True,True,인후3동,official_coordinates,https://www.data.go.kr/data/15076735/fileData.do; 2022-04-01,2022-04-01
877984,엑시트피자 평화점,전북특별자치도 전주시 완산구 평화18길 19,전북특별자치도 전주시 완산구 평화동1가 727-1,35.7948108,127.1344695,063-222-0199,,휴게음식점,"무엇을 먹을지 고민되신다고요? 전라북도 전주시에 계시다면 ""엑시트피자(평화점)""를 추천합니다!",신규,True,True,평화2동,official_coordinates,https://www.data.go.kr/data/15076735/fileData.do; 2022-04-01,2022-04-01
877704,우리할매떡볶이 효자점,전북특별자치도 전주시 완산구 호암로 67,전북특별자치도 전주시 완산구 효자동2가 1317-5,35.8091146,127.1021109,063-227-7889,,휴게음식점,"전라북도 전주시에서 맛집을 찾으신다면 ""우리할매떡볶이(효자점)""를 추천합니다. 배달 가능한 매장입니다. 주차공간이 있는 매장입니다.",신규,True,True,효자4동,official_coordinates,https://www.data.go.kr/data/15076735/fileData.do; 2022-04-01,2022-04-01
874843,어썸그린,전북특별자치도 전주시 완산구 당산로 27,전북특별자치도 전주시 완산구 서신동 763-1 신일아파트,35.8323382,127.1114399,,,휴게음식점,"전라북도 전주시에서 가 볼 만한 식당을 찾으신다면? ""어썸그린""을 추천합니다!",신규,True,True,서신동,official_coordinates,https://www.data.go.kr/data/15076735/fileData.do; 2022-04-01,2022-04-01
874627,카페라이더 효자점,전북특별자치도 전주시 완산구 홍산1길 7,전북특별자치도 전주시 완산구 효자동2가 1157-4,35.8141875,127.108357,,,일반음식점,"전라북도 전주시에 가신다면 ""카페라이더(효자점)""에 방문해보세요~ 남녀 화장실이 구분되어 있는 매장입니다. 주차공간, 무선 인터넷이 있는 매장입니다.",신규,True,True,효자5동,official_coordinates,https://www.data.go.kr/data/15076735/fileData.do; 2022-04-01,2022-04-01
874500,팔당원조칼제비보쌈 전주신시가지점,전북특별자치도 전주시 완산구 홍산북로 19,전북특별자치도 전주시 완산구 효자동2가 1230-6,35.8176066,127.1039636,063-226-8774,,일반음식점,"전라북도 전주시에서 맛집을 찾으신다면 ""팔당원조칼제비보쌈(전주신시가지점)""을 추천합니다. 남녀 화장실이 구분되어 있는 매장입니다. 주차공간, 무선 인터넷이 있는 매장입니다.",신규,True,True,효자5동,official_coordinates,https://www.data.go.kr/data/15076735/fileData.do; 2022-04-01,2022-04-01
874363,당모치,전북특별자치도 전주시 덕진구 안덕원로 250,전북특별자치도 전주시 덕진구 인후동1가 772-7,35.8362775,127.1542373,063-243-0318,,일반음식점,"""당모치""를 전라북도 전주시의 가 볼 만한 식당으로 추천합니다!",신규,True,True,인후1동,official_coordinates,https://www.data.go.kr/data/15076735/fileData.do; 2022-04-01,2022-04-01
873764,활어웨이,전북특별자치도 전주시 덕진구 쪽구름로 23,전북특별자치도 전주시 덕진구 여의동 669,35.8677911,127.0781569,063-212-8222,,일반음식점,"어디 가야 할지 고민이시라고요? 그럼 전라북도 전주시 맛집, ""활어웨이""를 추천합니다!",신규,True,True,여의동,official_coordinates,https://www.data.go.kr/data/15076735/fileData.do; 2022-04-01,2022-04-01
873531,단골때리는집,전북특별자치도 전주시 덕진구 숲정이로 26,전북특별자치도 전주시 덕진구 진북동 1144-23,35.8320229,127.1305771,,,일반음식점,"""단골때리는집""을 전라북도 전주시의 가 볼 만한 식당으로 추천합니다!",신규,True,True,진북동,official_coordinates,https://www.data.go.kr/data/15076735/fileData.do; 2022-04-01,2022-04-01
873437,짬뽕으로 통하다,전북특별자치도 전주시 덕진구 무삼지4길 29,전북특별자치도 전주시 덕진구 인후동1가 909-5,35.8264992,127.1635297,063-244-9807,,일반음식점,"전라북도 전주시에서 맛집을 찾으신다면 ""짬뽕으로 통하다""를 추천합니다. 배달 가능한 매장입니다.",신규,True,True,인후3동,official_coordinates,https://www.data.go.kr/data/15076735/fileData.do; 2022-04-01,2022-04-01
873352,둥과점,전북특별자치도 전주시 덕진구 정언신로 148,전북특별자치도 전주시 덕진구 우아동2가 903-9,35.8304758,127.1698948,063-245-2289,,휴게음식점,"전라북도 전주시에서 식당을 찾으신다면? ""둥과점""을 방문해보세요! 배달 가능한 매장입니다.",신규,True,True,우아2동,official_coordinates,https://www.data.go.kr/data/15076735/fileData.do; 2022-04-01,2022-04-01
873345,굼,전북특별자치도 전주시 덕진구 천마산로 122,전북특별자치도 전주시 덕진구 송천동1가 23-2,35.8647915,127.1345804,,,휴게음식점,"무엇을 먹을지 고민되신다고요? 전라북도 전주시에 계시다면 ""굼""을 추천합니다!",신규,True,True,송천1동,official_coordinates,https://www.data.go.kr/data/15076735/fileData.do; 2022-04-01,2022-04-01
873285,명랑부대찌개 인후점,전북특별자치도 전주시 덕진구 팽나무4길 5,전북특별자치도 전주시 덕진구 인후동1가 783-14,35.8361176,127.1545159,063-245-8858,,일반음식점,"전라북도 전주시에 가신다면 ""명랑부대찌개(인후점)""에 방문해보세요~ 배달 가능한 매장입니다.",신규,True,True,인후1동,official_coordinates,https://www.data.go.kr/data/15076735/fileData.do; 2022-04-01,2022-04-01
873119,카페루앤비 전주팔복점,전북특별자치도 전주시 덕진구 운암로 35-4,전북특별자치도 전주시 덕진구 팔복동2가 832-9,35.8608005,127.0879795,063-903-0270,,일반음식점,"""카페루앤비(전주팔복점)""를 전라북도 전주시의 가 볼 만한 식당으로 추천합니다! 주차공간이 있는 매장입니다.",신규,True,True,팔복동,official_coordinates,https://www.data.go.kr/data/15076735/fileData.do; 2022-04-01,2022-04-01
873111,육희당,전북특별자치도 전주시 덕진구 운암로 35-4,전북특별자치도 전주시 덕진구 팔복동2가 832-9,35.8608005,127.0879795,,,일반음식점,"""육희당""은 전라북도 전주시에 있습니다.",신규,True,True,팔복동,official_coordinates,https://www.data.go.kr/data/15076735/fileData.do; 2022-04-01,2022-04-01
872924,삼천,전북특별자치도 전주시 완산구 성지산로 29,전북특별자치도 전주시 완산구 삼천동1가 573-6,35.8003721,127.1215182,,,일반음식점,"전라북도 전주시에서 맛집을 찾으신다면 ""삼천""을 추천합니다.",신규,True,True,삼천1동,official_coordinates,https://www.data.go.kr/data/15076735/fileData.do; 2022-04-01,2022-04-01
874863,카페체리,전북특별자치도 전주시 덕진구 기린대로 396,전북특별자치도 전주시 덕진구 금암동 470-5,35.8375318,127.132882,063-715-3353,,일반음식점,"""카페체리""를 전라북도 전주시의 가 볼 만한 식당으로 추천합니다! 남녀 화장실이 구분되어 있는 매장입니다. 무선 인터넷이 있는 매장입니다.",신규,True,True,금암1동,official_coordinates,https://www.data.go.kr/data/15076735/fileData.do; 2022-04-01,2022-04-01
872785,낙곱새끝판왕 효자점,전북특별자치도 전주시 완산구 강변로 220-16,전북특별자치도 전주시 완산구 효자동1가 364-3,35.8102218,127.1137636,063-221-2733,,일반음식점,"전라북도 전주시에서 어디를 갈지 고민이라면! ""낙곱새끝판왕(효자점)""에 가보시는 건 어떨까요? 배달 가능한 매장입니다.",신규,True,True,효자3동,official_coordinates,https://www.data.go.kr/data/15076735/fileData.do; 2022-04-01,2022-04-01
872477,전설낙곱새 인후점,전북특별자치도 전주시 덕진구 명주5길 37-3,전북특별자치도 전주시 덕진구 인후동2가 1581-11,35.8429517,127.1518566,063-247-8484,,일반음식점,"어디 가야 할지 고민이시라고요? 그럼 전라북도 전주시 맛집, ""전설낙곱새(인후점)""를 추천합니다! 배달 가능한 매장입니다.",신규,True,True,인후2동,official_coordinates,https://www.data.go.kr/data/15076735/fileData.do; 2022-04-01,2022-04-01
872051,밥풀꽃김밥,전북특별자치도 전주시 덕진구 솔내8길 22,전북특별자치도 전주시 덕진구 송천동1가 115-17,35.8609309,127.1237744,063-278-7279,,일반음식점,"""밥풀꽃김밥""을 전라북도 전주시의 가 볼 만한 식당으로 추천합니다! 배달 가능한 매장입니다.",신규,True,True,송천1동,official_coordinates,https://www.data.go.kr/data/15076735/fileData.do; 2022-04-01,2022-04-01
871949,스시아마루,전북특별자치도 전주시 완산구 홍산북로 46-21,전북특별자치도 전주시 완산구 효자동3가 1533-3,35.8167438,127.1073622,063-224-2229,,일반음식점,"전라북도 전주시에서 식당을 찾으신다면? ""스시아마루""를 방문해보세요! 남녀 화장실이 구분되어 있는 매장입니다. 주차공간, 무선 인터넷이 있는 매장입니다.",신규,True,True,효자5동,official_coordinates,https://www.data.go.kr/data/15076735/fileData.do; 2022-04-01,2022-04-01
871921,호키토키,전북특별자치도 전주시 완산구 후곡길 23-7,전북특별자치도 전주시 완산구 효자동2가 1309-12,35.8103837,127.0952478,063-237-3032,,일반음식점,"전라북도 전주시에서 식당을 찾으신다면? ""호키토키""를 방문해보세요! 주차공간이 있는 매장입니다.",신규,True,True,효자4동,official_coordinates,https://www.data.go.kr/data/15076735/fileData.do; 2022-04-01,2022-04-01
871902,주당의민족,전북특별자치도 전주시 덕진구 붓내3길 18,전북특별자치도 전주시 덕진구 송천동2가 245-1,35.8664183,127.1232812,063-273-1975,,일반음식점,"""주당의민족""은 전라북도 전주시에 있습니다.",신규,True,True,송천1동,official_coordinates,https://www.data.go.kr/data/15076735/fileData.do; 2022-04-01,2022-04-01
871533,하솜식당,전북특별자치도 전주시 완산구 메너머1길 14-15,전북특별자치도 전주시 완산구 중화산동2가 568-6,35.8214429,127.120673,063-223-5525,,일반음식점,"전라북도 전주시에 가신다면 ""하솜식당""에 방문해보세요~",신규,True,True,중화산2동,official_coordinates,https://www.data.go.kr/data/15076735/fileData.do; 2022-04-01,2022-04-01
871529,크라우드피씨 삼천점,전북특별자치도 전주시 완산구 강변로 68,전북특별자치도 전주시 완산구 삼천동1가 286-1,35.7976249,127.1101383,,,휴게음식점,"전라북도 전주시에서 어디를 갈지 고민이라면! ""크라우드피씨(삼천점)""에 가보시는 건 어떨까요?",신규,True,True,삼천3동,official_coordinates,https://www.data.go.kr/data/15076735/fileData.do; 2022-04-01,2022-04-01
871180,푸드테라피,전북특별자치도 전주시 완산구 향교길 12,전북특별자치도 전주시 완산구 전동 240,35.811618,127.150169,,,휴게음식점,"무엇을 먹을지 고민되신다고요? 전라북도 전주시에 계시다면 ""푸드테라피""를 추천합니다!",신규,True,True,풍남동,official_coordinates,https://www.data.go.kr/data/15076735/fileData.do; 2022-04-01,2022-04-01
871044,야미푸드,전북특별자치도 전주시 완산구 배학4길 36-4,전북특별자치도 전주시 완산구 효자동3가 1687-3,35.8205332,127.099807,,,휴게음식점,"전라북도 전주시에서 가 볼 만한 식당을 찾으신다면? ""야미푸드""를 추천합니다!",신규,True,True,효자5동,official_coordinates,https://www.data.go.kr/data/15076735/fileData.do; 2022-04-01,2022-04-01
871020,돼지게티 효자점,전북특별자치도 전주시 완산구 용머리로 29-13,전북특별자치도 전주시 완산구 효자동1가 414,35.806995,127.1134692,070-4488-3378,,일반음식점,"전라북도 전주시에서 어디를 갈지 고민이라면! ""돼지게티(효자점)""에 가보시는 건 어떨까요? 배달 가능한 매장입니다.",신규,True,True,효자3동,official_coordinates,https://www.data.go.kr/data/15076735/fileData.do; 2022-04-01,2022-04-01
870886,일팔카츠,전북특별자치도 전주시 완산구 우전1길 49-3,전북특별자치도 전주시 완산구 효자동2가 1332-2,35.8080109,127.1055226,063-909-3136,,일반음식점,"""일팔카츠""는 전라북도 전주시에 있습니다. 배달 가능한 매장입니다.",신규,True,True,효자4동,official_coordinates,https://www.data.go.kr/data/15076735/fileData.do; 2022-04-01,2022-04-01
870882,에이치컴퍼니,전북특별자치도 전주시 덕진구 만성로 19,전북특별자치도 전주시 덕진구 만성동 1176-2,35.8339114,127.0706284,,,일반음식점,"전라북도 전주시에서 맛집을 찾으신다면 ""에이치컴퍼니""를 추천합니다.",신규,True,True,여의동,official_coordinates,https://www.data.go.kr/data/15076735/fileData.do; 2022-04-01,2022-04-01
971502,일미리 금계찜닭 효자효천점,전북특별자치도 전주시 완산구 후곡길 23-27,전북특별자치도 전주시 완산구 효자동2가 1305-15,35.8101047,127.0946642,063-222-8299,,일반음식점,"전라북도 전주시에서 가 볼 만한 식당을 찾으신다면? ""일미리 금계찜닭(효자효천점)""을 추천합니다! 배달 가능한 매장입니다. 무선 인터넷이 있는 매장입니다.",신규,True,True,효자4동,official_coordinates,https://www.data.go.kr/data/15076735/fileData.do; 2022-04-01,2022-04-01
872676,테판현,전북특별자치도 전주시 덕진구 만성북1길 22,전북특별자치도 전주시 덕진구 만성동 1350-6,35.8496761,127.0761534,063-211-0102,,일반음식점,"""테판현""을 전라북도 전주시의 가 볼 만한 식당으로 추천합니다!",신규,True,True,여의동,official_coordinates,https://www.data.go.kr/data/15076735/fileData.do; 2022-04-01,2022-04-01
883480,해피로피씨,전북특별자치도 전주시 덕진구 시천로 17,전북특별자치도 전주시 덕진구 송천동1가 626-75,35.8607694,127.1144971,,,휴게음식점,"""해피로피씨""를 전라북도 전주시의 가 볼 만한 식당으로 추천합니다!",신규,True,True,송천2동,official_coordinates,https://www.data.go.kr/data/15076735/fileData.do; 2022-04-01,2022-04-01
874903,복길네식당 전주3호점,전북특별자치도 전주시 덕진구 건산로 40,전북특별자치도 전주시 덕진구 진북동 347-1,35.8331116,127.1417537,,,휴게음식점,"어디 가야 할지 고민이시라고요? 그럼 전라북도 전주시 맛집, ""복길네식당(전주3호점)""을 추천합니다!",신규,True,True,금암2동,official_coordinates,https://www.data.go.kr/data/15076735/fileData.do; 2022-04-01,2022-04-01
875036,파운데이 롯데백화점전주점,전북특별자치도 전주시 완산구 온고을로 2,전북특별자치도 전주시 완산구 서신동 971,35.8345049,127.1218933,063-289-2677,,제과점영업,"전라북도 전주시에서 가 볼 만한 식당을 찾으신다면? ""파운데이(롯데백화점전주점)""를 추천합니다!",신규,True,True,서신동,official_coordinates,https://www.data.go.kr/data/15076735/fileData.do; 2022-04-01,2022-04-01
877701,역전뚝배기짬뽕 중화산점,전북특별자치도 전주시 완산구 중화산로 57,전북특별자치도 전주시 완산구 중화산동2가 401-7,35.8156484,127.1180133,063-222-7686,,일반음식점,"""역전뚝배기짬뽕(중화산점)""을 전라북도 전주시의 가 볼 만한 식당으로 추천합니다!",신규,True,True,중화산2동,official_coordinates,https://www.data.go.kr/data/15076735/fileData.do; 2022-04-01,2022-04-01
877656,아이갓에브리띵삼천도서관점,전북특별자치도 전주시 완산구 용리로 107,전북특별자치도 전주시 완산구 삼천동1가 182-1 삼천도서관,35.7989548,127.1216953,,,휴게음식점,"전라북도 전주시에서 가 볼 만한 식당을 찾으신다면? ""아이갓에브리띵삼천도서관점""을 추천합니다!",신규,True,True,삼천1동,official_coordinates,https://www.data.go.kr/data/15076735/fileData.do; 2022-04-01,2022-04-01
877652,솔솔커피 신시가지점,전북특별자치도 전주시 완산구 홍산남로 73,전북특별자치도 전주시 완산구 효자동3가 1539-2,35.8160091,127.1099879,063-236-1358,,휴게음식점,"""솔솔커피(신시가지점)""를 전라북도 전주시의 가 볼 만한 식당으로 추천합니다! 배달 가능한 매장입니다.",신규,True,True,효자5동,official_coordinates,https://www.data.go.kr/data/15076735/fileData.do; 2022-04-01,2022-04-01
877626,점순이호떡 인후점,전북특별자치도 전주시 덕진구 견훤로 265,전북특별자치도 전주시 덕진구 인후동1가 456-10,35.8351362,127.1570419,,,휴게음식점,"전라북도 전주시에서 가 볼 만한 식당을 찾으신다면? ""점순이호떡(인후점)""을 추천합니다! 무선 인터넷이 있는 매장입니다.",신규,True,True,인후3동,official_coordinates,https://www.data.go.kr/data/15076735/fileData.do; 2022-04-01,2022-04-01
877620,올스타피자 전주송천점,전북특별자치도 전주시 덕진구 송천3길 59,전북특별자치도 전주시 덕진구 송천동1가 873,35.8597737,127.115107,063-251-5535,,일반음식점,"""올스타피자(전주송천점)""는 전라북도 전주시에 있습니다. 주차공간이 있는 매장입니다.",신규,True,True,송천2동,official_coordinates,https://www.data.go.kr/data/15076735/fileData.do; 2022-04-01,2022-04-01
877269,자담치킨 전주신시가지점,전북특별자치도 전주시 완산구 우전로 201,전북특별자치도 전주시 완산구 효자동2가 1252-5,35.8125693,127.1016905,063-236-1003,,일반음식점,"전라북도 전주시에서 맛집을 찾으신다면 ""자담치킨(전주신시가지점)""을 추천합니다. 무선 인터넷이 있는 매장입니다.",신규,True,True,효자4동,official_coordinates,https://www.data.go.kr/data/15076735/fileData.do; 2022-04-01,2022-04-01
877240,DT푸드(디티푸드),전북특별자치도 전주시 완산구 신봉로 30,전북특별자치도 전주시 완산구 효자동1가 625-9,35.8102351,127.1180805,,,일반음식점,"무엇을 먹을지 고민되신다고요? 전라북도 전주시에 계시다면 ""DT푸드(디티푸드)""를 추천합니다!",신규,True,True,효자2동,official_coordinates,https://www.data.go.kr/data/15076735/fileData.do; 2022-04-01,2022-04-01
876899,스파게티스토리 송천점,전북특별자치도 전주시 덕진구 솔내로 130,전북특별자치도 전주시 덕진구 송천동1가 104-5,35.8616274,127.1269491,063-277-0428,,일반음식점,"전라북도 전주시에 가신다면 ""스파게티스토리(송천점)""에 방문해보세요~",신규,True,True,송천1동,official_coordinates,https://www.data.go.kr/data/15076735/fileData.do; 2022-04-01,2022-04-01
876779,진안무드기,전북특별자치도 전주시 완산구 선너머로 4,전북특별자치도 전주시 완산구 중화산동2가 186-3,35.8163111,127.1251899,,,일반음식점,"무엇을 먹을지 고민되신다고요? 전라북도 전주시에 계시다면 ""진안무드기""를 추천합니다!",신규,True,True,중화산1동,official_coordinates,https://www.data.go.kr/data/15076735/fileData.do; 2022-04-01,2022-04-01
876683,막이오름 전주 객리단길점,전북특별자치도 전주시 완산구 전주객사2길 59,전북특별자치도 전주시 완산구 다가동4가 80-1,35.8192563,127.1400505,070-7543-9175,,일반음식점,"전라북도 전주시에서 맛집을 찾으신다면 ""막이오름(전주 객리단길점)""을 추천합니다. 남녀 화장실이 구분되어 있는 매장입니다. 무선 인터넷이 있는 매장입니다.",신규,True,True,중앙동,official_coordinates,https://www.data.go.kr/data/15076735/fileData.do; 2022-04-01,2022-04-01
876524,오또,전북특별자치도 전주시 덕진구 건지로 10-8,전북특별자치도 전주시 덕진구 금암동 1595-4,35.8446441,127.1435124,063-232-5661,,휴게음식점,"""오또""는 전라북도 전주시에 있습니다. 남녀 화장실이 구분되어 있는 매장입니다. 무선 인터넷이 있는 매장입니다.",신규,True,True,금암2동,official_coordinates,https://www.data.go.kr/data/15076735/fileData.do; 2022-04-01,2022-04-01
876469,스위트오븐,전북특별자치도 전주시 덕진구 사근1길 10,전북특별자치도 전주시 덕진구 송천동2가 175-52,35.8664095,127.128096,,,제과점영업,"전라북도 전주시에서 맛집을 찾으신다면 ""스위트오븐""을 추천합니다. 주차공간, 무선 인터넷이 있는 매장입니다.",신규,True,True,송천1동,official_coordinates,https://www.data.go.kr/data/15076735/fileData.do; 2022-04-01,2022-04-01
874940,누들보쌈 배달만족 전주효자점,전북특별자치도 전주시 완산구 효자로 161,전북특별자치도 전주시 완산구 효자동3가 1693-5,35.819445,127.1025861,063-226-0122,,일반음식점,"""누들보쌈 배달만족(전주효자점)""은 전라북도 전주시에 있습니다.",신규,True,True,효자5동,official_coordinates,https://www.data.go.kr/data/15076735/fileData.do; 2022-04-01,2022-04-01
876412,광진식당 전주중인동점,,전북특별자치도 전주시 완산구 중인동 531-1,35.7668592,127.0968775,,,일반음식점,"전라북도 전주시에 가신다면 ""광진식당(전주중인동점)""에 방문해보세요~",신규,True,True,삼천3동,official_coordinates,https://www.data.go.kr/data/15076735/fileData.do; 2022-04-01,2022-04-01
876306,쪽갈비는맛있닭,전북특별자치도 전주시 덕진구 전주천동로 416,전북특별자치도 전주시 덕진구 진북동 1154-1,35.8308333,127.1287529,063-251-2826,,일반음식점,"전라북도 전주시에 가신다면 ""쪽갈비는맛있닭""에 방문해보세요~",신규,True,True,진북동,official_coordinates,https://www.data.go.kr/data/15076735/fileData.do; 2022-04-01,2022-04-01
876259,곡주마을,전북특별자치도 전주시 완산구 거마산로 8,전북특별자치도 전주시 완산구 삼천동1가 628,35.796781,127.122399,063-227-4994,,일반음식점,"""곡주마을""은 전라북도 전주시에 있습니다.",신규,True,True,삼천2동,official_coordinates,https://www.data.go.kr/data/15076735/fileData.do; 2022-04-01,2022-04-01
876062,우리할매떡볶이 전주혁신점,전북특별자치도 전주시 덕진구 오공로 43-17,전북특별자치도 전주시 덕진구 중동 776-14,35.8376997,127.059958,063-228-9695,,일반음식점,"전라북도 전주시에서 맛집을 찾으신다면 ""우리할매떡볶이(전주혁신점)""를 추천합니다. 배달 가능한 매장입니다. 주차공간이 있는 매장입니다.",신규,True,True,혁신동,official_coordinates,https://www.data.go.kr/data/15076735/fileData.do; 2022-04-01,2022-04-01
876032,화덕호떡,전북특별자치도 전주시 완산구 거마서로 61,전북특별자치도 전주시 완산구 삼천동1가 614-1,35.7979976,127.1193336,,,일반음식점,"전라북도 전주시에서 식당을 찾으신다면? ""화덕호떡""을 방문해보세요!",신규,True,True,삼천2동,official_coordinates,https://www.data.go.kr/data/15076735/fileData.do; 2022-04-01,2022-04-01
876024,제이비푸드,전북특별자치도 전주시 덕진구 매봉로 37,전북특별자치도 전주시 덕진구 금암동 1587-43,35.841331,127.1408446,,,일반음식점,"무엇을 먹을지 고민되신다고요? 전라북도 전주시에 계시다면 ""제이비푸드""를 추천합니다!",신규,True,True,금암2동,official_coordinates,https://www.data.go.kr/data/15076735/fileData.do; 2022-04-01,2022-04-01
875979,현대식당,전북특별자치도 전주시 완산구 전주객사5길 99,전북특별자치도 전주시 완산구 고사동 227-5,35.8225472,127.1440654,,,일반음식점,"전라북도 전주시에서 식당을 찾으신다면? ""현대식당""을 방문해보세요!",신규,True,True,중앙동,official_coordinates,https://www.data.go.kr/data/15076735/fileData.do; 2022-04-01,2022-04-01
875834,더맨,전북특별자치도 전주시 덕진구 건지3길 10,전북특별자치도 전주시 덕진구 인후동2가 1531-22,35.8450544,127.144188,,,일반음식점,"""더맨""은 전라북도 전주시에 있습니다.",신규,True,True,인후2동,official_coordinates,https://www.data.go.kr/data/15076735/fileData.do; 2022-04-01,2022-04-01
875758,손이가,전북특별자치도 전주시 완산구 효동3길 18,전북특별자치도 전주시 완산구 효자동1가 103-8,35.8050318,127.1288852,,,휴게음식점,"""손이가""를 전라북도 전주시의 가 볼 만한 식당으로 추천합니다!",신규,True,True,효자1동,official_coordinates,https://www.data.go.kr/data/15076735/fileData.do; 2022-04-01,2022-04-01
875719,미과당,전북특별자치도 전주시 완산구 화산천변로 19,전북특별자치도 전주시 완산구 중화산동2가 751-4,35.8207762,127.1159623,,,휴게음식점,"어디 가야 할지 고민이시라고요? 그럼 전라북도 전주시 맛집, ""미과당""을 추천합니다! 배달 가능한 매장입니다.",신규,True,True,중화산2동,official_coordinates,https://www.data.go.kr/data/15076735/fileData.do; 2022-04-01,2022-04-01
875629,신쭈꾸미 전주점,전북특별자치도 전주시 덕진구 세병1길 32,전북특별자치도 전주시 덕진구 송천동2가 1327-4,35.8735261,127.1269753,063-255-5072,,일반음식점,"""신쭈꾸미(전주점)""를 전라북도 전주시의 가 볼 만한 식당으로 추천합니다! 남녀 화장실이 구분되어 있는 매장입니다. 배달 가능한 매장입니다. 주차공간이 있는 매장입니다.",신규,True,True,송천1동,official_coordinates,https://www.data.go.kr/data/15076735/fileData.do; 2022-04-01,2022-04-01
875405,류가중식,전북특별자치도 전주시 덕진구 세병1길 36,전북특별자치도 전주시 덕진구 송천동2가 1327-6,35.8736866,127.127395,070-7543-6967,,일반음식점,"전라북도 전주시에서 맛집을 찾으신다면 ""류가중식""을 추천합니다. 남녀 화장실이 구분되어 있는 매장입니다. 주차공간이 있는 매장입니다.",신규,True,True,송천1동,official_coordinates,https://www.data.go.kr/data/15076735/fileData.do; 2022-04-01,2022-04-01
875344,고기반햄반김치찌개 전주효자점,전북특별자치도 전주시 완산구 문학대4길 32-4,전북특별자치도 전주시 완산구 효자동3가 1618-3,35.8264701,127.1052362,063-223-0582,,휴게음식점,"전라북도 전주시에서 어디를 갈지 고민이라면! ""고기반햄반김치찌개(전주효자점)""에 가보시는 건 어떨까요? 배달 가능한 매장입니다.",신규,True,True,효자5동,official_coordinates,https://www.data.go.kr/data/15076735/fileData.do; 2022-04-01,2022-04-01
875092,초밥만 전주점,전북특별자치도 전주시 완산구 홍산1길 7,전북특별자치도 전주시 완산구 효자동2가 1157-4,35.8141875,127.108357,063-225-2918,,일반음식점,"전라북도 전주시에서 식당을 찾으신다면? ""초밥만(전주점)""을 방문해보세요! 남녀 화장실이 구분되어 있는 매장입니다. 주차공간, 무선 인터넷이 있는 매장입니다.",신규,True,True,효자5동,official_coordinates,https://www.data.go.kr/data/15076735/fileData.do; 2022-04-01,2022-04-01
876314,현장함바집,,전북특별자치도 전주시 완산구 삼천동3가 921,35.7955036,127.070175,,,일반음식점,"전라북도 전주시에서 어디를 갈지 고민이라면! ""현장함바집""에 가보시는 건 어떨까요?",신규,True,True,삼천3동,official_coordinates,https://www.data.go.kr/data/15076735/fileData.do; 2022-04-01,2022-04-01
947195,티나따숨플러스,전북특별자치도 전주시 완산구 메너머1길 18,전북특별자치도 전주시 완산구 중화산동2가 574-8,35.8210782,127.1208216,,,휴게음식점,"전라북도 전주시에서 맛집을 찾으신다면 ""티나따숨플러스""를 추천합니다.",신규,True,True,중화산2동,official_coordinates,https://www.data.go.kr/data/15076735/fileData.do; 2022-04-01,2022-04-01
883487,기브앤케이크,전북특별자치도 전주시 완산구 배학2길 11,전북특별자치도 전주시 완산구 효자동3가 1682-7,35.819125,127.098094,063-222-8581,,휴게음식점,"전라북도 전주시에서 맛집을 찾으신다면 ""기브앤케이크""를 추천합니다. 주차공간, 무선 인터넷이 있는 매장입니다.",신규,True,True,효자5동,official_coordinates,https://www.data.go.kr/data/15076735/fileData.do; 2022-04-01,2022-04-01
883985,몽유도,전북특별자치도 전주시 완산구 전주객사2길 37,전북특별자치도 전주시 완산구 다가동3가 6-1,35.8184062,127.1404981,063-285-5300,,일반음식점,"전라북도 전주시에 가신다면 ""몽유도""에 방문해보세요~ 지방자치단체 인증을 받은 농림축산식품부 제공 안심식당입니다. 남녀 화장실이 구분되어 있는 매장입니다.",신규,True,True,중앙동,official_coordinates,https://www.data.go.kr/data/15076735/fileData.do; 2022-04-01,2022-04-01
944434,오꾸꼬 여의점,전북특별자치도 전주시 덕진구 쪽구름3길 47,전북특별자치도 전주시 덕진구 여의동2가 664-43,35.8731373,127.080785,063-212-9227,,일반음식점,"전라북도 전주시에서 맛집을 찾으신다면 ""오꾸꼬(여의점)""를 추천합니다. 주차공간, 무선 인터넷이 있는 매장입니다.",신규,True,True,여의동,official_coordinates,https://www.data.go.kr/data/15076735/fileData.do; 2022-04-01,2022-04-01
944429,셈프레수제연구소,전북특별자치도 전주시 완산구 문학대6길 20,전북특별자치도 전주시 완산구 효자동3가 1612-1 VIP빌,35.8283314,127.1039253,,,휴게음식점,"전라북도 전주시에서 맛집을 찾으신다면 ""셈프레수제연구소""를 추천합니다.",신규,True,True,효자5동,official_coordinates,https://www.data.go.kr/data/15076735/fileData.do; 2022-04-01,2022-04-01
944406,황금코다리 전주혁신점,전북특별자치도 전주시 덕진구 중동로 104-10,전북특별자치도 전주시 덕진구 장동 1093-4,35.8429625,127.0645417,063-211-0942,,일반음식점,"""황금코다리(전주혁신점)""는 전라북도 전주시에 있습니다. 주차공간이 있는 매장입니다.",신규,True,True,여의동,official_coordinates,https://www.data.go.kr/data/15076735/fileData.do; 2022-04-01,2022-04-01
944396,착한꼬마김밥,전북특별자치도 전주시 덕진구 백석로 147,전북특별자치도 전주시 덕진구 송천동2가 1300,35.8799915,127.1343885,063-276-0600,,일반음식점,"""착한꼬마김밥""은 전라북도 전주시에 있습니다. 배달 가능한 매장입니다.",신규,True,True,송천2동,official_coordinates,https://www.data.go.kr/data/15076735/fileData.do; 2022-04-01,2022-04-01
944362,낭만마라,전북특별자치도 전주시 덕진구 오공로 43-7,전북특별자치도 전주시 덕진구 중동 776-11,35.83695,127.0599578,063-223-1400,,일반음식점,"전라북도 전주시에서 어디를 갈지 고민이라면! ""낭만마라""에 가보시는 건 어떨까요? 남녀 화장실이 구분되어 있는 매장입니다. 주차공간, 무선 인터넷이 있는 매장입니다.",신규,True,True,혁신동,official_coordinates,https://www.data.go.kr/data/15076735/fileData.do; 2022-04-01,2022-04-01
944340,왓더그레이,전북특별자치도 전주시 완산구 전주객사3길 94,전북특별자치도 전주시 완산구 고사동 300-2,35.8213564,127.1414332,,,일반음식점,"어디 가야 할지 고민이시라고요? 그럼 전라북도 전주시 맛집, ""왓더그레이""를 추천합니다!",신규,True,True,중앙동,official_coordinates,https://www.data.go.kr/data/15076735/fileData.do; 2022-04-01,2022-04-01
944336,아가푸드,전북특별자치도 전주시 덕진구 만성로 9,전북특별자치도 전주시 덕진구 만성동 1176-6,35.8332639,127.0703619,,,일반음식점,"전라북도 전주시에서 식당을 찾으신다면? ""아가푸드""를 방문해보세요!",신규,True,True,여의동,official_coordinates,https://www.data.go.kr/data/15076735/fileData.do; 2022-04-01,2022-04-01
944324,달구지까페,전북특별자치도 전주시 덕진구 정여립로 1106,전북특별자치도 전주시 덕진구 만성동 15-8,35.8474439,127.0844871,,,일반음식점,"무엇을 먹을지 고민되신다고요? 전라북도 전주시에 계시다면 ""달구지까페""를 추천합니다!",신규,True,True,여의동,official_coordinates,https://www.data.go.kr/data/15076735/fileData.do; 2022-04-01,2022-04-01
943763,이마트24 R전주대우빌딩점,전북특별자치도 전주시 완산구 기린대로 213,전북특별자치도 전주시 완산구 서노송동 568-95 대우빌딩,35.8257422,127.1463498,,,휴게음식점,"전라북도 전주시에 가신다면 ""이마트24(R전주대우빌딩점)""에 방문해보세요~",신규,True,True,노송동,official_coordinates,https://www.data.go.kr/data/15076735/fileData.do; 2022-04-01,2022-04-01
943549,미코1974,전북특별자치도 전주시 완산구 평화로 162,전북특별자치도 전주시 완산구 평화동2가 861-6,35.7909839,127.1361965,063-222-1974,,일반음식점,"전라북도 전주시에서 맛집을 찾으신다면 ""미코1974""를 추천합니다. 남녀 화장실이 구분되어 있는 매장입니다. 배달 가능한 매장입니다. 주차공간, 무선 인터넷이 있는 매장입니다.",신규,True,True,평화2동,official_coordinates,https://www.data.go.kr/data/15076735/fileData.do; 2022-04-01,2022-04-01
943522,연화다방,전북특별자치도 전주시 완산구 팔달로 101-24,전북특별자치도 전주시 완산구 전동 216-7,35.8122486,127.1488452,063-232-0931,,일반음식점,"전라북도 전주시에서 어디를 갈지 고민이라면! ""연화다방""에 가보시는 건 어떨까요?",신규,True,True,풍남동,official_coordinates,https://www.data.go.kr/data/15076735/fileData.do; 2022-04-01,2022-04-01
943380,이디야커피 전주기지제호수점,전북특별자치도 전주시 덕진구 중동로 104-6,전북특별자치도 전주시 덕진구 장동 1093-5,35.8427563,127.0645018,070-7755-0907,,휴게음식점,"무엇을 먹을지 고민되신다고요? 전라북도 전주시에 계시다면 ""이디야커피(전주기지제호수점)""를 추천합니다! 남녀 화장실이 구분되어 있는 매장입니다. 배달 가능한 매장입니다. 주차공간, 무선 인터넷이 있는 매장입니다.",신규,True,True,여의동,official_coordinates,https://www.data.go.kr/data/15076735/fileData.do; 2022-04-01,2022-04-01
943343,크라우드피씨 인후점,전북특별자치도 전주시 덕진구 안덕원로 254,전북특별자치도 전주시 덕진구 인후동1가 783-2,35.8363075,127.1547583,,,휴게음식점,"무엇을 먹을지 고민되신다고요? 전라북도 전주시에 계시다면 ""크라우드피씨(인후점)""를 추천합니다!",신규,True,True,인후1동,official_coordinates,https://www.data.go.kr/data/15076735/fileData.do; 2022-04-01,2022-04-01
943330,작은언니점빵,전북특별자치도 전주시 덕진구 정언신로 159,전북특별자치도 전주시 덕진구 우아동2가 890-6,35.8312046,127.1709286,,,일반음식점,"전라북도 전주시에서 가 볼 만한 식당을 찾으신다면? ""작은언니점빵""을 추천합니다!",신규,True,True,우아2동,official_coordinates,https://www.data.go.kr/data/15076735/fileData.do; 2022-04-01,2022-04-01
943297,다온담,전북특별자치도 전주시 덕진구 송천로 35-5,전북특별자치도 전주시 덕진구 송천동1가 332-17,35.8564359,127.1180741,,,휴게음식점,"전라북도 전주시에서 어디를 갈지 고민이라면! ""다온담""에 가보시는 건 어떨까요? 주차공간, 무선 인터넷이 있는 매장입니다.",신규,True,True,송천2동,official_coordinates,https://www.data.go.kr/data/15076735/fileData.do; 2022-04-01,2022-04-01
943264,여일식당,전북특별자치도 전주시 완산구 홍산로 263,전북특별자치도 전주시 완산구 효자동2가 1239-1,35.8173005,127.1054984,,,일반음식점,"전라북도 전주시에서 가 볼 만한 식당을 찾으신다면? ""여일식당""을 추천합니다! 남녀 화장실이 구분되어 있는 매장입니다. 배달 가능한 매장입니다. 주차공간, 무선 인터넷이 있는 매장입니다.",신규,True,True,효자5동,official_coordinates,https://www.data.go.kr/data/15076735/fileData.do; 2022-04-01,2022-04-01
943193,엄마찬스,전북특별자치도 전주시 덕진구 만성중앙로 17-123,전북특별자치도 전주시 덕진구 만성동 1361-5,35.8457223,127.0744419,063-212-8437,,휴게음식점,"어디 가야 할지 고민이시라고요? 그럼 전라북도 전주시 맛집, ""엄마찬스""를 추천합니다! 배달 가능한 매장입니다.",신규,True,True,여의동,official_coordinates,https://www.data.go.kr/data/15076735/fileData.do; 2022-04-01,2022-04-01
942931,역전우동0410 전주예수병원점,전북특별자치도 전주시 완산구 서원로 345,전북특별자치도 전주시 완산구 중화산동1가 321-3,35.813291,127.1319784,063-905-1079,,일반음식점,"전라북도 전주시에서 식당을 찾으신다면? ""역전우동0410(전주예수병원점)""을 방문해보세요!",신규,True,True,중화산1동,official_coordinates,https://www.data.go.kr/data/15076735/fileData.do; 2022-04-01,2022-04-01
942829,스시명가,전북특별자치도 전주시 덕진구 만성중앙로 17-57,전북특별자치도 전주시 덕진구 만성동 1363-9,35.8451248,127.0741265,063-213-8245,,일반음식점,"전라북도 전주시에서 맛집을 찾으신다면 ""스시명가""를 추천합니다. 배달 가능한 매장입니다.",신규,True,True,여의동,official_coordinates,https://www.data.go.kr/data/15076735/fileData.do; 2022-04-01,2022-04-01
942820,바른치킨 전주서신점,전북특별자치도 전주시 완산구 당산로 55,전북특별자치도 전주시 완산구 서신동 764-1,35.8331647,127.1148353,063-276-6006,,일반음식점,"전라북도 전주시에서 식당을 찾으신다면? ""바른치킨(전주서신점)""을 방문해보세요!",신규,True,True,서신동,official_coordinates,https://www.data.go.kr/data/15076735/fileData.do; 2022-04-01,2022-04-01
942745,한울정육식당,전북특별자치도 전주시 완산구 중화산로 152,전북특별자치도 전주시 완산구 중화산동2가 732-8,35.8239983,127.1180978,063-231-6663,,일반음식점,"전라북도 전주시에서 맛집을 찾으신다면 ""한울정육식당""을 추천합니다. 남녀 화장실이 구분되어 있는 매장입니다. 주차공간이 있는 매장입니다.",신규,True,True,중화산2동,official_coordinates,https://www.data.go.kr/data/15076735/fileData.do; 2022-04-01,2022-04-01
889770,공차 전주에코시티점,전북특별자치도 전주시 덕진구 세병남로 39,전북특별자치도 전주시 덕진구 송천동2가 1326-11,35.8732778,127.1277996,063-252-0456,,휴게음식점,"전라북도 전주시에서 어디를 갈지 고민이라면! ""공차(전주에코시티점)""에 가보시는 건 어떨까요?",신규,True,True,송천1동,official_coordinates,https://www.data.go.kr/data/15076735/fileData.do; 2022-04-01,2022-04-01
889748,전주초콜릿,전북특별자치도 전주시 덕진구 석소로 9-14,전북특별자치도 전주시 덕진구 인후동1가 921-3,35.827867,127.1684141,,,휴게음식점,"전라북도 전주시에 가신다면 ""전주초콜릿""에 방문해보세요~",신규,True,True,인후3동,official_coordinates,https://www.data.go.kr/data/15076735/fileData.do; 2022-04-01,2022-04-01
889565,종가삼대화로집 아중점,전북특별자치도 전주시 덕진구 아중로 209,전북특별자치도 전주시 덕진구 우아동2가 918-13,35.8284744,127.1719072,063-244-0343,,일반음식점,"전라북도 전주시에서 가 볼 만한 식당을 찾으신다면? ""종가삼대화로집(아중점)""을 추천합니다!",신규,True,True,우아2동,official_coordinates,https://www.data.go.kr/data/15076735/fileData.do; 2022-04-01,2022-04-01
889505,오브젝트유,전북특별자치도 전주시 완산구 봉곡로 81,전북특별자치도 전주시 완산구 효자동2가 1265-5,35.8117879,127.1027005,,,휴게음식점,"""오브젝트유""는 전라북도 전주시에 있습니다.",신규,True,True,효자4동,official_coordinates,https://www.data.go.kr/data/15076735/fileData.do; 2022-04-01,2022-04-01
889499,연남물갈비 만성법조타운점,전북특별자치도 전주시 덕진구 만성중앙로 54-49,전북특별자치도 전주시 덕진구 만성동 1262-8,35.8414769,127.0775777,063-213-1119,,일반음식점,"전라북도 전주시에 가신다면 ""연남물갈비(만성법조타운점)""에 방문해보세요~ 남녀 화장실이 구분되어 있는 매장입니다. 주차공간, 놀이방, 그리고 무선 인터넷이 있는 매장입니다.",신규,True,True,여의동,official_coordinates,https://www.data.go.kr/data/15076735/fileData.do; 2022-04-01,2022-04-01
944440,율러드,전북특별자치도 전주시 덕진구 송천로 1,전북특별자치도 전주시 덕진구 송천동1가 292-7,35.8543951,127.1185926,063-271-8887,,일반음식점,"어디 가야 할지 고민이시라고요? 그럼 전라북도 전주시 맛집, ""율러드""를 추천합니다!",신규,True,True,송천2동,official_coordinates,https://www.data.go.kr/data/15076735/fileData.do; 2022-04-01,2022-04-01
944621,인생닭강정 전주대점,전북특별자치도 전주시 완산구 서원로 2,전북특별자치도 전주시 완산구 효자동3가 1724-4,35.8133863,127.0946911,063-717-7966,,일반음식점,"무엇을 먹을지 고민되신다고요? 전라북도 전주시에 계시다면 ""인생닭강정(전주대점)""을 추천합니다! 배달 가능한 매장입니다.",신규,True,True,효자4동,official_coordinates,https://www.data.go.kr/data/15076735/fileData.do; 2022-04-01,2022-04-01
944655,온식당,전북특별자치도 전주시 덕진구 기린대로 364-35,전북특별자치도 전주시 덕진구 금암동 741-2,35.8378467,127.1330127,063-715-5559,,일반음식점,"전라북도 전주시에서 식당을 찾으신다면? ""온식당""을 방문해보세요! 배달 가능한 매장입니다.",신규,True,True,금암1동,official_coordinates,https://www.data.go.kr/data/15076735/fileData.do; 2022-04-01,2022-04-01
944828,투썸플레이스 전주서곡점,전북특별자치도 전주시 완산구 천잠로 555,전북특별자치도 전주시 완산구 효자동3가 752-4,35.8341168,127.09646,063-272-6269,,휴게음식점,"전라북도 전주시에서 식당을 찾으신다면? ""투썸플레이스(전주서곡점)""를 방문해보세요! 남녀 화장실이 구분되어 있는 매장입니다. 주차공간, 무선 인터넷이 있는 매장입니다.",신규,True,True,효자5동,official_coordinates,https://www.data.go.kr/data/15076735/fileData.do; 2022-04-01,2022-04-01
946913,대성학원,전북특별자치도 전주시 완산구 전동성당길 8,전북특별자치도 전주시 완산구 경원동1가 7,35.8185456,127.1485076,063-714-2892,,일반음식점,"전라북도 전주시에서 맛집을 찾으신다면 ""대성학원""을 추천합니다. 남녀 화장실이 구분되어 있는 매장입니다.",신규,True,True,풍남동,official_coordinates,https://www.data.go.kr/data/15076735/fileData.do; 2022-04-01,2022-04-01
946854,리얼메이드봉봉 에코점,전북특별자치도 전주시 덕진구 세병로 174-10,전북특별자치도 전주시 덕진구 송천동2가 1301-2,35.8790381,127.133993,,,제과점영업,"전라북도 전주시에서 식당을 찾으신다면? ""리얼메이드봉봉(에코점)""을 방문해보세요!",신규,True,True,송천1동,official_coordinates,https://www.data.go.kr/data/15076735/fileData.do; 2022-04-01,2022-04-01
946770,인생참치,전북특별자치도 전주시 완산구 용리로 68,전북특별자치도 전주시 완산구 삼천동1가 603-1,35.7984667,127.11749,063-228-8820,,일반음식점,"전라북도 전주시에서 맛집을 찾으신다면 ""인생참치""를 추천합니다. 배달 가능한 매장입니다.",신규,True,True,삼천2동,official_coordinates,https://www.data.go.kr/data/15076735/fileData.do; 2022-04-01,2022-04-01
946767,온앤미,전북특별자치도 전주시 덕진구 솔내8길 17,전북특별자치도 전주시 덕진구 송천동1가 114-15,35.8611551,127.123404,,,휴게음식점,"어디 가야 할지 고민이시라고요? 그럼 전라북도 전주시 맛집, ""온앤미""를 추천합니다!",신규,True,True,송천1동,official_coordinates,https://www.data.go.kr/data/15076735/fileData.do; 2022-04-01,2022-04-01
946758,샐디치,전북특별자치도 전주시 완산구 용호로 107,전북특별자치도 전주시 완산구 효자동3가 1730-4,35.812782,127.0968499,063-909-9252,,휴게음식점,"""샐디치""는 전라북도 전주시에 있습니다. 주차공간이 있는 매장입니다.",신규,True,True,효자4동,official_coordinates,https://www.data.go.kr/data/15076735/fileData.do; 2022-04-01,2022-04-01
946720,엠엔엠빈체로,전북특별자치도 전주시 덕진구 안덕원로 261-4,전북특별자치도 전주시 덕진구 인후동1가 768-11,35.8370948,127.1557263,,,일반음식점,"""엠엔엠빈체로""는 전라북도 전주시에 있습니다.",신규,True,True,인후1동,official_coordinates,https://www.data.go.kr/data/15076735/fileData.do; 2022-04-01,2022-04-01
946710,발레리노,전북특별자치도 전주시 완산구 현무1길 36,전북특별자치도 전주시 완산구 경원동3가 28-11,35.8220729,127.1476869,,,일반음식점,"어디 가야 할지 고민이시라고요? 그럼 전라북도 전주시 맛집, ""발레리노""를 추천합니다!",신규,True,True,풍남동,official_coordinates,https://www.data.go.kr/data/15076735/fileData.do; 2022-04-01,2022-04-01
946565,아구세상 여의점,전북특별자치도 전주시 덕진구 편운로 12,전북특별자치도 전주시 덕진구 여의동2가 702-1,35.871141,127.0778386,,,일반음식점,"전라북도 전주시에서 어디를 갈지 고민이라면! ""아구세상(여의점)""에 가보시는 건 어떨까요? 배달 가능한 매장입니다.",신규,True,True,여의동,official_coordinates,https://www.data.go.kr/data/15076735/fileData.do; 2022-04-01,2022-04-01
946438,달콤한부부,전북특별자치도 전주시 완산구 서곡4길 12,전북특별자치도 전주시 완산구 효자동3가 1437-6,35.8350732,127.102733,063-253-7770,,제과점영업,"""달콤한부부""는 전라북도 전주시에 있습니다.",신규,True,True,효자5동,official_coordinates,https://www.data.go.kr/data/15076735/fileData.do; 2022-04-01,2022-04-01
946425,하륜일만족발 송천점,전북특별자치도 전주시 덕진구 솔내로 183,전북특별자치도 전주시 덕진구 송천동2가 212-1,35.866443,127.1270354,063-276-5533,,일반음식점,"전라북도 전주시에서 어디를 갈지 고민이라면! ""하륜일만족발(송천점)""에 가보시는 건 어떨까요? 배달 가능한 매장입니다.",신규,True,True,송천1동,official_coordinates,https://www.data.go.kr/data/15076735/fileData.do; 2022-04-01,2022-04-01
946412,악동떡볶이 중화산점,전북특별자치도 전주시 완산구 화산천변7길 5,전북특별자치도 전주시 완산구 중화산동2가 748-1,35.8216857,127.1154703,063-903-2227,,일반음식점,"""악동떡볶이(중화산점)""를 전라북도 전주시의 가 볼 만한 식당으로 추천합니다! 남녀 화장실이 구분되어 있는 매장입니다.",신규,True,True,중화산2동,official_coordinates,https://www.data.go.kr/data/15076735/fileData.do; 2022-04-01,2022-04-01
946149,33떡볶이 송천2호점,전북특별자치도 전주시 덕진구 솔내2길 76,전북특별자치도 전주시 덕진구 송천동1가 127-22,35.8579625,127.1247333,063-277-0012,,일반음식점,"전라북도 전주시에서 맛집을 찾으신다면 ""33떡볶이(송천2호점)""를 추천합니다.",신규,True,True,송천1동,official_coordinates,https://www.data.go.kr/data/15076735/fileData.do; 2022-04-01,2022-04-01
946142,카페밸류,전북특별자치도 전주시 완산구 서곡7길 4,전북특별자치도 전주시 완산구 효자동3가 1479-1,35.8322079,127.1021287,,,휴게음식점,"전라북도 전주시에서 맛집을 찾으신다면 ""카페밸류""를 추천합니다. 네이버 온라인 예약이 가능합니다! 주차공간, 무선 인터넷이 있는 매장입니다.",신규,True,True,효자5동,official_coordinates,https://www.data.go.kr/data/15076735/fileData.do; 2022-04-01,2022-04-01
889470,고래의꿈,전북특별자치도 전주시 완산구 고사평7길 9-3,전북특별자치도 전주시 완산구 서신동 1017-10 로얄빌라,35.8373166,127.1092532,,,일반음식점,"전라북도 전주시에서 어디를 갈지 고민이라면! ""고래의꿈""에 가보시는 건 어떨까요?",신규,True,True,서신동,official_coordinates,https://www.data.go.kr/data/15076735/fileData.do; 2022-04-01,2022-04-01
945900,카페도톨,전북특별자치도 전주시 완산구 선너머3길 49,전북특별자치도 전주시 완산구 중화산동2가 11-8,35.8167007,127.1289189,063-715-5959,,휴게음식점,"""카페도톨""은 전라북도 전주시에 있습니다. 주차공간이 있는 매장입니다.",신규,True,True,중화산1동,official_coordinates,https://www.data.go.kr/data/15076735/fileData.do; 2022-04-01,2022-04-01
945680,랭스터디카페 전북대점,전북특별자치도 전주시 덕진구 명륜4길 19,전북특별자치도 전주시 덕진구 덕진동1가 1314-169,35.8436626,127.1268772,,,휴게음식점,"전라북도 전주시에 가신다면 ""랭스터디카페(전북대점)""에 방문해보세요~",신규,True,True,덕진동,official_coordinates,https://www.data.go.kr/data/15076735/fileData.do; 2022-04-01,2022-04-01
945606,그린,전북특별자치도 전주시 완산구 백마산길 112,전북특별자치도 전주시 완산구 효자동3가 1059-1 노블리안(우신파크원룸),35.8200596,127.0866011,,,휴게음식점,"""그린""은 전라북도 전주시에 있습니다.",신규,True,True,효자4동,official_coordinates,https://www.data.go.kr/data/15076735/fileData.do; 2022-04-01,2022-04-01
945531,독도쭈꾸미 에코시티점,전북특별자치도 전주시 덕진구 세병서로 43,전북특별자치도 전주시 덕진구 송천동2가 1331-12,35.8719771,127.1270353,063-251-8799,,일반음식점,"전라북도 전주시에서 어디를 갈지 고민이라면! ""독도쭈꾸미(에코시티점)""에 가보시는 건 어떨까요? 배달 가능한 매장입니다.",신규,True,True,송천1동,official_coordinates,https://www.data.go.kr/data/15076735/fileData.do; 2022-04-01,2022-04-01
945504,이디야커피 전주만성골드점,전북특별자치도 전주시 덕진구 만성북로 51-5,전북특별자치도 전주시 덕진구 만성동 1345-8,35.8488162,127.0804702,063-213-9960,,휴게음식점,"전라북도 전주시에서 맛집을 찾으신다면 ""이디야커피(전주만성골드점)""를 추천합니다. 배달 가능한 매장입니다.",신규,True,True,여의동,official_coordinates,https://www.data.go.kr/data/15076735/fileData.do; 2022-04-01,2022-04-01
945317,까피콩,전북특별자치도 전주시 완산구 서곡5길 13-24,전북특별자치도 전주시 완산구 효자동3가 1412-1,35.8373007,127.1009685,,,일반음식점,"전라북도 전주시에 가신다면 ""까피콩""에 방문해보세요~ 레드테이블에서 온라인 예약이 가능합니다! 다국어 메뉴판, 무선 인터넷이 있는 매장입니다.",신규,True,True,효자5동,official_coordinates,https://www.data.go.kr/data/15076735/fileData.do; 2022-04-01,2022-04-01
945201,크림베레,전북특별자치도 전주시 완산구 소대배기로 18-21,전북특별자치도 전주시 완산구 평화동2가 893-2,35.7865252,127.1325504,,,휴게음식점,"무엇을 먹을지 고민되신다고요? 전라북도 전주시에 계시다면 ""크림베레""를 추천합니다!",신규,True,True,평화2동,official_coordinates,https://www.data.go.kr/data/15076735/fileData.do; 2022-04-01,2022-04-01
945199,카페고투커피연구소,전북특별자치도 전주시 완산구 문학대6길 20,전북특별자치도 전주시 완산구 효자동3가 1612-1 VIP빌,35.8283314,127.1039253,,,휴게음식점,"전라북도 전주시에서 가 볼 만한 식당을 찾으신다면? ""카페고투커피연구소""를 추천합니다!",신규,True,True,효자5동,official_coordinates,https://www.data.go.kr/data/15076735/fileData.do; 2022-04-01,2022-04-01
945186,아리랑막걸리,전북특별자치도 전주시 덕진구 진버들1길 55,전북특별자치도 전주시 덕진구 인후동1가 530-8,35.8375384,127.1624353,063-244-3032,,일반음식점,"무엇을 먹을지 고민되신다고요? 전라북도 전주시에 계시다면 ""아리랑막걸리""를 추천합니다!",신규,True,True,인후3동,official_coordinates,https://www.data.go.kr/data/15076735/fileData.do; 2022-04-01,2022-04-01
945002,바른 산먹장어,전북특별자치도 전주시 덕진구 아중1길 16,전북특별자치도 전주시 덕진구 우아동2가 917-1,35.8286911,127.1714815,070-8817-8282,,일반음식점,"전라북도 전주시에서 맛집을 찾으신다면 ""바른 산먹장어""를 추천합니다.",신규,True,True,우아2동,official_coordinates,https://www.data.go.kr/data/15076735/fileData.do; 2022-04-01,2022-04-01
944990,꼭대기,전북특별자치도 전주시 완산구 전주객사2길 45-6,전북특별자치도 전주시 완산구 다가동4가 83-6,35.8188341,127.1401315,,,휴게음식점,"전라북도 전주시에서 가 볼 만한 식당을 찾으신다면? ""꼭대기""를 추천합니다!",신규,True,True,중앙동,official_coordinates,https://www.data.go.kr/data/15076735/fileData.do; 2022-04-01,2022-04-01
944964,유레카컴퍼니,전북특별자치도 전주시 완산구 신봉로 13,전북특별자치도 전주시 완산구 효자동1가 620-8,35.8104677,127.1164261,,,일반음식점,"전라북도 전주시에서 가 볼 만한 식당을 찾으신다면? ""유레카컴퍼니""를 추천합니다!",신규,True,True,효자2동,official_coordinates,https://www.data.go.kr/data/15076735/fileData.do; 2022-04-01,2022-04-01
944919,김충기꽃삼겹 전주 효자점,전북특별자치도 전주시 완산구 신봉3길 35-7,전북특별자치도 전주시 완산구 효자동1가 605-7,35.8122793,127.1147502,063-227-5820,,일반음식점,"전라북도 전주시에서 맛집을 찾으신다면 ""김충기꽃삼겹(전주 효자점)""을 추천합니다.",신규,True,True,효자2동,official_coordinates,https://www.data.go.kr/data/15076735/fileData.do; 2022-04-01,2022-04-01
944906,케빠하와,전북특별자치도 전주시 완산구 동문길 31,전북특별자치도 전주시 완산구 풍남동2가 25-2 모아식당,35.8190381,127.1522478,,,일반음식점,"어디 가야 할지 고민이시라고요? 그럼 전라북도 전주시 맛집, ""케빠하와""를 추천합니다!",신규,True,True,풍남동,official_coordinates,https://www.data.go.kr/data/15076735/fileData.do; 2022-04-01,2022-04-01
945696,아리아리팥죽,전북특별자치도 전주시 완산구 성지산로 61-4,전북특별자치도 전주시 완산구 효자동1가 565-3,35.8025457,127.1241688,063-221-8086,,일반음식점,"무엇을 먹을지 고민되신다고요? 전라북도 전주시에 계시다면 ""아리아리팥죽""을 추천합니다!",신규,True,True,효자2동,official_coordinates,https://www.data.go.kr/data/15076735/fileData.do; 2022-04-01,2022-04-01
889443,배떡 혁신도시점,전북특별자치도 전주시 덕진구 오공로 73,전북특별자치도 전주시 덕진구 중동 789,35.8362013,127.0634794,063-717-0742,,일반음식점,"전라북도 전주시에서 가 볼 만한 식당을 찾으신다면? ""배떡(혁신도시점)""을 추천합니다! 무선 인터넷이 있는 매장입니다.",신규,True,True,혁신동,official_coordinates,https://www.data.go.kr/data/15076735/fileData.do; 2022-04-01,2022-04-01
889259,전주승화원식당 및매점,전북특별자치도 전주시 완산구 콩쥐팥쥐로 1705-138,전북특별자치도 전주시 완산구 효자동3가 산170-1,35.8243987,127.0889933,,,일반음식점,"전라북도 전주시에서 식당을 찾으신다면? ""전주승화원식당(및매점)""을 방문해보세요!",신규,True,True,효자5동,official_coordinates,https://www.data.go.kr/data/15076735/fileData.do; 2022-04-01,2022-04-01
888996,피자와치킨의러브레터 금암점,전북특별자치도 전주시 덕진구 매봉5길 17,전북특별자치도 전주시 덕진구 금암동 1599-17,35.841868,127.1426976,063-273-1599,,일반음식점,"전라북도 전주시에서 맛집을 찾으신다면 ""피자와치킨의러브레터(금암점)""를 추천합니다.",신규,True,True,금암2동,official_coordinates,https://www.data.go.kr/data/15076735/fileData.do; 2022-04-01,2022-04-01
886481,투썸플레이스 전주에코호수DT점,전북특별자치도 전주시 덕진구 과학로 147,전북특별자치도 전주시 덕진구 전미동1가 593-7,35.8821576,127.1280314,063-276-8118,,휴게음식점,"전라북도 전주시에 가신다면 ""투썸플레이스(전주에코호수DT점)""에 방문해보세요~ 남녀 화장실이 구분되어 있는 매장입니다. 주차공간, 무선 인터넷이 있는 매장입니다.",신규,True,True,송천2동,official_coordinates,https://www.data.go.kr/data/15076735/fileData.do; 2022-04-01,2022-04-01
886476,카가라멘,전북특별자치도 전주시 덕진구 견훤로 405,전북특별자치도 전주시 덕진구 인후동2가 1572-23,35.8471516,127.1520284,063-715-2500,,일반음식점,"전라북도 전주시에서 맛집을 찾으신다면 ""카가라멘""을 추천합니다.",신규,True,True,인후2동,official_coordinates,https://www.data.go.kr/data/15076735/fileData.do; 2022-04-01,2022-04-01
886441,아중분식 인후점,전북특별자치도 전주시 덕진구 아중6길 24-6,전북특별자치도 전주시 덕진구 우아동2가 895-8,35.8324548,127.1716862,,,일반음식점,"전라북도 전주시에서 맛집을 찾으신다면 ""아중분식(인후점)""을 추천합니다.",신규,True,True,우아2동,official_coordinates,https://www.data.go.kr/data/15076735/fileData.do; 2022-04-01,2022-04-01
886259,카페드모임,전북특별자치도 전주시 덕진구 동부대로 856,전북특별자치도 전주시 덕진구 호성동1가 588,35.8629997,127.1513938,,,일반음식점,"전라북도 전주시에서 식당을 찾으신다면? ""카페드모임""을 방문해보세요!",신규,True,True,호성동,official_coordinates,https://www.data.go.kr/data/15076735/fileData.do; 2022-04-01,2022-04-01
886072,정안한식밥상,전북특별자치도 전주시 완산구 우림로 1054,전북특별자치도 전주시 완산구 중인동 60,35.7806329,127.1066041,,,일반음식점,"어디 가야 할지 고민이시라고요? 그럼 전라북도 전주시 맛집, ""정안한식밥상""을 추천합니다!",신규,True,True,삼천3동,official_coordinates,https://www.data.go.kr/data/15076735/fileData.do; 2022-04-01,2022-04-01
885687,솔빛카페,전북특별자치도 전주시 덕진구 송천1길 3,전북특별자치도 전주시 덕진구 송천동1가 385-5,35.856309,127.119904,,,일반음식점,"전라북도 전주시에 가신다면 ""솔빛카페""에 방문해보세요~",신규,True,True,송천2동,official_coordinates,https://www.data.go.kr/data/15076735/fileData.do; 2022-04-01,2022-04-01
885538,아워스토리,전북특별자치도 전주시 완산구 물왕멀로 26,전북특별자치도 전주시 완산구 중노송동 447-7,35.8257237,127.1506288,063-287-7800,,휴게음식점,"""아워스토리""를 전라북도 전주시의 가 볼 만한 식당으로 추천합니다!",신규,True,True,노송동,official_coordinates,https://www.data.go.kr/data/15076735/fileData.do; 2022-04-01,2022-04-01
885528,문학문구,전북특별자치도 전주시 완산구 문학대5길 11-8,전북특별자치도 전주시 완산구 효자동3가 1613-13,35.8277785,127.1033608,,,휴게음식점,"""문학문구""는 전라북도 전주시에 있습니다.",신규,True,True,효자5동,official_coordinates,https://www.data.go.kr/data/15076735/fileData.do; 2022-04-01,2022-04-01
885421,미르옥,,전북특별자치도 전주시 덕진구 만성동 1340-1,35.8515224,127.0765585,063-212-1656,,일반음식점,"전라북도 전주시에서 맛집을 찾으신다면 ""미르옥""을 추천합니다. 남녀 화장실이 구분되어 있으며, 베리어프리 매장입니다. 배달 가능한 매장입니다. 주차공간, 무선 인터넷이 있는 매장입니다.",신규,True,True,여의동,official_coordinates,https://www.data.go.kr/data/15076735/fileData.do; 2022-04-01,2022-04-01
885331,동네 불막창&닭발 송천호성점,전북특별자치도 전주시 덕진구 천마산로 59-7,전북특별자치도 전주시 덕진구 송천동2가 202-81,35.8652336,127.1276345,063-905-1937,,일반음식점,"""동네 불막창&닭발(송천호성점)""을 전라북도 전주시의 가 볼 만한 식당으로 추천합니다! 배달 가능한 매장입니다.",신규,True,True,송천1동,official_coordinates,https://www.data.go.kr/data/15076735/fileData.do; 2022-04-01,2022-04-01
885309,착한딜리버리킹,전북특별자치도 전주시 완산구 평화16길 9-6,전북특별자치도 전주시 완산구 평화동1가 743-7,35.7930996,127.1376516,,,일반음식점,"어디 가야 할지 고민이시라고요? 그럼 전라북도 전주시 맛집, ""착한딜리버리킹""을 추천합니다!",신규,True,True,평화1동,official_coordinates,https://www.data.go.kr/data/15076735/fileData.do; 2022-04-01,2022-04-01
885291,던킨도너츠 전주대점,전북특별자치도 전주시 완산구 서원로 66,전북특별자치도 전주시 완산구 효자동2가 1246-14,35.8133883,127.1016386,063-902-8700,,휴게음식점,"어디 가야 할지 고민이시라고요? 그럼 전라북도 전주시 맛집, ""던킨도너츠(전주대점)""를 추천합니다!",신규,True,True,효자4동,official_coordinates,https://www.data.go.kr/data/15076735/fileData.do; 2022-04-01,2022-04-01
885143,엔젤북카페 전북대점,전북특별자치도 전주시 덕진구 명륜4길 17,전북특별자치도 전주시 덕진구 덕진동1가 1261-4,35.8434587,127.1265534,063-252-6300,,일반음식점,"무엇을 먹을지 고민되신다고요? 전라북도 전주시에 계시다면 ""엔젤북카페(전북대점)""를 추천합니다! 남녀 화장실이 구분되어 있는 매장입니다. 무선 인터넷이 있는 매장입니다.",신규,True,True,덕진동,official_coordinates,https://www.data.go.kr/data/15076735/fileData.do; 2022-04-01,2022-04-01
886515,배떡 전주에코시티점,전북특별자치도 전주시 덕진구 세병로 92,전북특별자치도 전주시 덕진구 송천동2가 1342,35.8725528,127.1343046,063-252-9125,,휴게음식점,"전라북도 전주시에서 식당을 찾으신다면? ""배떡(전주에코시티점)""을 방문해보세요! 남녀 화장실이 구분되어 있는 매장입니다. 주차공간, 무선 인터넷이 있는 매장입니다.",신규,True,True,송천1동,official_coordinates,https://www.data.go.kr/data/15076735/fileData.do; 2022-04-01,2022-04-01
885035,엠에스푸드,전북특별자치도 전주시 덕진구 중상보로 34,전북특별자치도 전주시 덕진구 우아동2가 892-4,35.8332169,127.1712888,,,일반음식점,"무엇을 먹을지 고민되신다고요? 전라북도 전주시에 계시다면 ""엠에스푸드""를 추천합니다!",신규,True,True,우아2동,official_coordinates,https://www.data.go.kr/data/15076735/fileData.do; 2022-04-01,2022-04-01
884954,니움,전북특별자치도 전주시 덕진구 호반8길 18-5,전북특별자치도 전주시 덕진구 덕진동2가 167-109,35.851854,127.1171125,,,휴게음식점,"전라북도 전주시에서 가 볼 만한 식당을 찾으신다면? ""니움""을 추천합니다!",신규,True,True,덕진동,official_coordinates,https://www.data.go.kr/data/15076735/fileData.do; 2022-04-01,2022-04-01
884949,파,전북특별자치도 전주시 덕진구 들사평1길 44,전북특별자치도 전주시 덕진구 덕진동1가 1439-2,35.8371358,127.1229566,063-278-3658,,일반음식점,"무엇을 먹을지 고민되신다고요? 전라북도 전주시에 계시다면 ""파""를 추천합니다! 남녀 화장실이 구분되어 있는 매장입니다. 무선 인터넷이 있는 매장입니다.",신규,True,True,덕진동,official_coordinates,https://www.data.go.kr/data/15076735/fileData.do; 2022-04-01,2022-04-01
884925,꽈배기친구들,전북특별자치도 전주시 덕진구 솔내로 131,전북특별자치도 전주시 덕진구 송천동1가 116,35.8615955,127.1263956,063-278-8988,,휴게음식점,"전라북도 전주시에 가신다면 ""꽈배기친구들""에 방문해보세요~ 배달 가능한 매장입니다.",신규,True,True,송천1동,official_coordinates,https://www.data.go.kr/data/15076735/fileData.do; 2022-04-01,2022-04-01
884800,데이,전북특별자치도 전주시 덕진구 붓내3길 13,전북특별자치도 전주시 덕진구 송천동2가 523-24,35.866932,127.1229954,,,일반음식점,"전라북도 전주시에서 맛집을 찾으신다면 ""데이""를 추천합니다.",신규,True,True,송천1동,official_coordinates,https://www.data.go.kr/data/15076735/fileData.do; 2022-04-01,2022-04-01
884667,우리할매떡볶이 전주삼천점,전북특별자치도 전주시 완산구 거마평로 36,전북특별자치도 전주시 완산구 삼천동1가 644,35.7955711,127.1170491,063-226-2500,,휴게음식점,"전라북도 전주시에서 가 볼 만한 식당을 찾으신다면? ""우리할매떡볶이(전주삼천점)""를 추천합니다! 배달 가능한 매장입니다. 주차공간이 있는 매장입니다.",신규,True,True,삼천2동,official_coordinates,https://www.data.go.kr/data/15076735/fileData.do; 2022-04-01,2022-04-01
884646,정성을 다하고 사랑을 나누는 따뜻한 밥상,전북특별자치도 전주시 덕진구 신복천변로 42-5,전북특별자치도 전주시 덕진구 팔복동1가 282-4,35.8576025,127.1055511,063-212-6840,,일반음식점,"전라북도 전주시에서 어디를 갈지 고민이라면! ""정성을 다하고 사랑을 나누는 따뜻한 밥상""에 가보시는 건 어떨까요? 남녀 화장실이 구분되어 있는 매장입니다. 주차공간, 무선 인터넷이 있는 매장입니다.",신규,True,True,팔복동,official_coordinates,https://www.data.go.kr/data/15076735/fileData.do; 2022-04-01,2022-04-01
884638,효은과자점,전북특별자치도 전주시 완산구 전라감영4길 5-1,전북특별자치도 전주시 완산구 중앙동4가 10-1,35.8160487,127.1447666,,,휴게음식점,"""효은과자점""을 전라북도 전주시의 가 볼 만한 식당으로 추천합니다!",신규,True,True,중앙동,official_coordinates,https://www.data.go.kr/data/15076735/fileData.do; 2022-04-01,2022-04-01
884628,여유당죽손수제비,전북특별자치도 전주시 덕진구 기지로 77,전북특별자치도 전주시 덕진구 장동 1111 전북혁신도시 더 M city 센텀,35.8390606,127.0605142,,,일반음식점,"""여유당죽손수제비""를 전라북도 전주시의 가 볼 만한 식당으로 추천합니다!",신규,True,True,여의동,official_coordinates,https://www.data.go.kr/data/15076735/fileData.do; 2022-04-01,2022-04-01
884472,덮덮밥 전주 평화점,전북특별자치도 전주시 완산구 평화11길 9,전북특별자치도 전주시 완산구 평화동2가 866-12,35.7897177,127.1364584,063-221-1087,,일반음식점,"전라북도 전주시에서 식당을 찾으신다면? ""덮덮밥 전주(평화점)""를 방문해보세요!",신규,True,True,평화2동,official_coordinates,https://www.data.go.kr/data/15076735/fileData.do; 2022-04-01,2022-04-01
884317,대박이네,전북특별자치도 전주시 완산구 한두평2길 14-3,전북특별자치도 전주시 완산구 중화산동2가 663-12,35.8131826,127.1246046,063-222-1142,,일반음식점,"""대박이네""를 전라북도 전주시의 가 볼 만한 식당으로 추천합니다!",신규,True,True,중화산1동,official_coordinates,https://www.data.go.kr/data/15076735/fileData.do; 2022-04-01,2022-04-01
884296,이재오케이돌판아구찜앤황금날개,전북특별자치도 전주시 완산구 우전2길 7,전북특별자치도 전주시 완산구 효자동2가 197-10,35.8049555,127.1079404,,,일반음식점,"""이재오케이돌판아구찜앤황금날개""를 전라북도 전주시의 가 볼 만한 식당으로 추천합니다!",신규,True,True,효자4동,official_coordinates,https://www.data.go.kr/data/15076735/fileData.do; 2022-04-01,2022-04-01
884009,커튼콜,전북특별자치도 전주시 완산구 전라감영2길 28-14,전북특별자치도 전주시 완산구 중앙동1가 52-6,35.8157163,127.1422327,,,일반음식점,"""커튼콜""을 전라북도 전주시의 가 볼 만한 식당으로 추천합니다!",신규,True,True,중앙동,official_coordinates,https://www.data.go.kr/data/15076735/fileData.do; 2022-04-01,2022-04-01
883987,바른돈가스 아중점,전북특별자치도 전주시 덕진구 인후5길 12,전북특별자치도 전주시 덕진구 인후동1가 816-1,35.8305202,127.1578593,063-902-5132,,일반음식점,"무엇을 먹을지 고민되신다고요? 전라북도 전주시에 계시다면 ""바른돈가스(아중점)""를 추천합니다!",신규,True,True,인후3동,official_coordinates,https://www.data.go.kr/data/15076735/fileData.do; 2022-04-01,2022-04-01
884983,임떡 곱창떡볶이 서신점,전북특별자치도 전주시 완산구 감나무4길 7-3,전북특별자치도 전주시 완산구 서신동 779-11,35.8313251,127.1219916,063-271-8254,,일반음식점,"전라북도 전주시에서 가 볼 만한 식당을 찾으신다면? ""임떡 곱창떡볶이(서신점)""를 추천합니다!",신규,True,True,서신동,official_coordinates,https://www.data.go.kr/data/15076735/fileData.do; 2022-04-01,2022-04-01
883788,카페더나은,전북특별자치도 전주시 덕진구 신복천변로 42-5,전북특별자치도 전주시 덕진구 팔복동1가 282-4,35.8576025,127.1055511,,,휴게음식점,"전라북도 전주시에서 맛집을 찾으신다면 ""카페더나은""을 추천합니다. 주차공간이 있는 매장입니다.",신규,True,True,팔복동,official_coordinates,https://www.data.go.kr/data/15076735/fileData.do; 2022-04-01,2022-04-01
886684,바다담은화덕,전북특별자치도 전주시 덕진구 기린대로 1018-13,전북특별자치도 전주시 덕진구 여의동 639-2,35.8684515,127.0756477,063-214-3339,,일반음식점,"""바다담은화덕""을 전라북도 전주시의 가 볼 만한 식당으로 추천합니다! 배달 가능한 매장입니다.",신규,True,True,여의동,official_coordinates,https://www.data.go.kr/data/15076735/fileData.do; 2022-04-01,2022-04-01
887134,카페코펜하겐 효자점,전북특별자치도 전주시 완산구 세내로 253,전북특별자치도 전주시 완산구 효자동2가 1159-7,35.8130814,127.1107199,063-283-7070,,일반음식점,"전라북도 전주시에서 맛집을 찾으신다면 ""카페코펜하겐(효자점)""을 추천합니다. 다국어 메뉴판, 무선 인터넷이 있는 매장입니다.",신규,True,True,효자4동,official_coordinates,https://www.data.go.kr/data/15076735/fileData.do; 2022-04-01,2022-04-01
888968,모닝식탁,전북특별자치도 전주시 완산구 효자로 161,전북특별자치도 전주시 완산구 효자동3가 1693-5 웨스트빌 오피스텔,35.819445,127.1025861,,,일반음식점,"""모닝식탁""을 전라북도 전주시의 가 볼 만한 식당으로 추천합니다!",신규,True,True,효자5동,official_coordinates,https://www.data.go.kr/data/15076735/fileData.do; 2022-04-01,2022-04-01
888966,만다라중화요리 송천2호점,전북특별자치도 전주시 덕진구 송천로 112-5,전북특별자치도 전주시 덕진구 송천동1가 837-13,35.8630416,127.1165695,063-252-5282,,휴게음식점,"""만다라중화요리(송천2호점)""는 전라북도 전주시에 있습니다. 배달 가능한 매장입니다.",신규,True,True,송천2동,official_coordinates,https://www.data.go.kr/data/15076735/fileData.do; 2022-04-01,2022-04-01
888724,불스피자 에코본점,전북특별자치도 전주시 덕진구 백석로 24-11,전북특별자치도 전주시 덕진구 송천동2가 1359-3,35.8707078,127.1367531,063-909-9123,,휴게음식점,"전라북도 전주시에 가신다면 ""불스피자(에코본점)""에 방문해보세요~ 남녀 화장실이 구분되어 있는 매장입니다. 배달 가능한 매장입니다. 주차공간, 무선 인터넷이 있는 매장입니다.",신규,True,True,송천1동,official_coordinates,https://www.data.go.kr/data/15076735/fileData.do; 2022-04-01,2022-04-01
888630,다원콩나물국밥,전북특별자치도 전주시 덕진구 만성중앙로 37,전북특별자치도 전주시 덕진구 만성동 1366-8,35.8434494,127.07597,063-213-3989,,일반음식점,"전라북도 전주시에서 어디를 갈지 고민이라면! ""다원콩나물국밥""에 가보시는 건 어떨까요?",신규,True,True,여의동,official_coordinates,https://www.data.go.kr/data/15076735/fileData.do; 2022-04-01,2022-04-01
888625,골드파스타&피자,전북특별자치도 전주시 덕진구 만성북로 23,전북특별자치도 전주시 덕진구 만성동 1339-13,35.8495694,127.0778446,063-211-8482,,일반음식점,"전라북도 전주시에서 가 볼 만한 식당을 찾으신다면? ""골드파스타&피자""를 추천합니다! 남녀 화장실이 구분되어 있는 매장입니다. 배달 가능한 매장입니다. 주차공간, 무선 인터넷이 있는 매장입니다.",신규,True,True,여의동,official_coordinates,https://www.data.go.kr/data/15076735/fileData.do; 2022-04-01,2022-04-01
888624,강병장부대찌개,전북특별자치도 전주시 덕진구 권삼득로 248,전북특별자치도 전주시 덕진구 금암동 728-317,35.839659,127.1330016,063-271-9797,,일반음식점,"전라북도 전주시에서 어디를 갈지 고민이라면! ""강병장부대찌개""에 가보시는 건 어떨까요? 배달 가능한 매장입니다.",신규,True,True,금암1동,official_coordinates,https://www.data.go.kr/data/15076735/fileData.do; 2022-04-01,2022-04-01
888580,포차신동 호성점,전북특별자치도 전주시 덕진구 호성1길 14,전북특별자치도 전주시 덕진구 호성동1가 749-2,35.8561617,127.1548575,,,일반음식점,"전라북도 전주시에서 식당을 찾으신다면? ""포차신동(호성점)""을 방문해보세요!",신규,True,True,호성동,official_coordinates,https://www.data.go.kr/data/15076735/fileData.do; 2022-04-01,2022-04-01
888576,짙푸른,전북특별자치도 전주시 덕진구 두간3길 8-7,전북특별자치도 전주시 덕진구 송천동1가 817-8,35.864527,127.1194163,,,휴게음식점,"어디 가야 할지 고민이시라고요? 그럼 전라북도 전주시 맛집, ""짙푸른""을 추천합니다!",신규,True,True,송천2동,official_coordinates,https://www.data.go.kr/data/15076735/fileData.do; 2022-04-01,2022-04-01
888483,핫게이트구구치킨 평화점,전북특별자치도 전주시 완산구 평화19길 14,전북특별자치도 전주시 완산구 평화동1가 739-2,35.7949084,127.1377609,063-221-9920,,일반음식점,"전라북도 전주시에 가신다면 ""핫게이트구구치킨(평화점)""에 방문해보세요~ 남녀 화장실이 구분되어 있는 매장입니다. 배달 가능한 매장입니다. 무선 인터넷이 있는 매장입니다.",신규,True,True,평화1동,official_coordinates,https://www.data.go.kr/data/15076735/fileData.do; 2022-04-01,2022-04-01
888466,교동가,전북특별자치도 전주시 완산구 태조로 25,전북특별자치도 전주시 완산구 교동 70-6,35.8144203,127.1520199,,,일반음식점,"전라북도 전주시에 가신다면 ""교동가""에 방문해보세요~ 지방자치단체 인증을 받은 농림축산식품부 제공 안심식당입니다.",신규,True,True,풍남동,official_coordinates,https://www.data.go.kr/data/15076735/fileData.do; 2022-04-01,2022-04-01
888439,스시 달,전북특별자치도 전주시 완산구 쑥고개로 315,전북특별자치도 전주시 완산구 효자동2가 1214-4,35.8024842,127.0996154,063-229-4334,,일반음식점,"무엇을 먹을지 고민되신다고요? 전라북도 전주시에 계시다면 ""스시 달""을 추천합니다! 남녀 화장실이 구분되어 있는 매장입니다. 배달 가능한 매장입니다. 주차공간, 무선 인터넷이 있는 매장입니다.",신규,True,True,효자4동,official_coordinates,https://www.data.go.kr/data/15076735/fileData.do; 2022-04-01,2022-04-01
888327,오로지아구찜 전주점,전북특별자치도 전주시 덕진구 가리내8길 9,전북특별자치도 전주시 덕진구 덕진동2가 674-1,35.8433555,127.1108202,063-278-7838,,일반음식점,"전라북도 전주시에서 가 볼 만한 식당을 찾으신다면? ""오로지아구찜(전주점)""을 추천합니다! 배달 가능한 매장입니다.",신규,True,True,덕진동,official_coordinates,https://www.data.go.kr/data/15076735/fileData.do; 2022-04-01,2022-04-01
888305,까페히어로,전북특별자치도 전주시 덕진구 기지로 77,전북특별자치도 전주시 덕진구 장동 1111,35.8390606,127.0605142,,,일반음식점,"""까페히어로""를 전라북도 전주시의 가 볼 만한 식당으로 추천합니다! 배달 가능한 매장입니다.",신규,True,True,여의동,official_coordinates,https://www.data.go.kr/data/15076735/fileData.do; 2022-04-01,2022-04-01
887102,강경원달인만두가 호성점,전북특별자치도 전주시 덕진구 견훤로 505,전북특별자치도 전주시 덕진구 우아동3가 594-22,35.8554176,127.1556935,,,휴게음식점,"전라북도 전주시에 가신다면 ""강경원달인만두가(호성점)""에 방문해보세요~",신규,True,True,우아1동,official_coordinates,https://www.data.go.kr/data/15076735/fileData.do; 2022-04-01,2022-04-01
888272,불스떡볶이 송천에코점,전북특별자치도 전주시 덕진구 오송1길 37-5,전북특별자치도 전주시 덕진구 송천동1가 98,35.8632311,127.1305693,063-277-3456,,일반음식점,"전라북도 전주시에서 가 볼 만한 식당을 찾으신다면? ""불스떡볶이(송천에코점)""를 추천합니다!",신규,True,True,송천1동,official_coordinates,https://www.data.go.kr/data/15076735/fileData.do; 2022-04-01,2022-04-01
888225,빵야빵야,전북특별자치도 전주시 완산구 평화7길 22,전북특별자치도 전주시 완산구 평화동2가 943,35.787131,127.1371527,,,제과점영업,"무엇을 먹을지 고민되신다고요? 전라북도 전주시에 계시다면 ""빵야빵야""를 추천합니다!",신규,True,True,평화2동,official_coordinates,https://www.data.go.kr/data/15076735/fileData.do; 2022-04-01,2022-04-01
888146,복만두 본점,전북특별자치도 전주시 완산구 용머리로 59,전북특별자치도 전주시 완산구 효자동1가 436,35.8068978,127.1168581,,,일반음식점,"어디 가야 할지 고민이시라고요? 그럼 전라북도 전주시 맛집, ""복만두(본점)""를 추천합니다!",신규,True,True,효자2동,official_coordinates,https://www.data.go.kr/data/15076735/fileData.do; 2022-04-01,2022-04-01
888114,자담바담떡볶이 중산점,전북특별자치도 전주시 완산구 중화산로 54,전북특별자치도 전주시 완산구 중화산동2가 636-14,35.8150814,127.1183863,063-221-8522,,일반음식점,"전라북도 전주시에서 맛집을 찾으신다면 ""자담바담떡볶이(중산점)""를 추천합니다. 배달 가능한 매장입니다.",신규,True,True,중화산2동,official_coordinates,https://www.data.go.kr/data/15076735/fileData.do; 2022-04-01,2022-04-01
887990,카페메르헨,전북특별자치도 전주시 완산구 서곡7길 3-10,전북특별자치도 전주시 완산구 효자동3가 1481-7,35.8318163,127.1030396,,,일반음식점,"전라북도 전주시에서 맛집을 찾으신다면 ""카페메르헨""을 추천합니다. 레드테이블과 네이버에서 온라인 예약이 가능합니다! 반려동물 입장이 가능한 매장입니다. 주차공간, 다국어 메뉴판, 그리고 무선 인터넷이 있는 매장입니다.",신규,True,True,효자5동,official_coordinates,https://www.data.go.kr/data/15076735/fileData.do; 2022-04-01,2022-04-01
887748,누구나홀딱반한닭 전주혁신점,전북특별자치도 전주시 덕진구 기지로 77,전북특별자치도 전주시 덕진구 장동 1111,35.8390606,127.0605142,063-236-6305,,일반음식점,"전라북도 전주시에서 식당을 찾으신다면? ""누구나홀딱반한닭(전주혁신점)""을 방문해보세요!",신규,True,True,여의동,official_coordinates,https://www.data.go.kr/data/15076735/fileData.do; 2022-04-01,2022-04-01
887709,임떡 효자점,전북특별자치도 전주시 완산구 용머리로 103-8,전북특별자치도 전주시 완산구 효자동1가 301-19,35.8069212,127.1217005,,,일반음식점,"전라북도 전주시에서 가 볼 만한 식당을 찾으신다면? ""임떡(효자점)""을 추천합니다! 배달 가능한 매장입니다. 주차공간이 있는 매장입니다.",신규,True,True,효자2동,official_coordinates,https://www.data.go.kr/data/15076735/fileData.do; 2022-04-01,2022-04-01
887658,비너브로트,전북특별자치도 전주시 완산구 영선로 14,전북특별자치도 전주시 완산구 중화산동2가 261-18,35.8230425,127.1241508,063-223-8111,,일반음식점,"어디 가야 할지 고민이시라고요? 그럼 전라북도 전주시 맛집, ""비너브로트""를 추천합니다! 주차공간, 무선 인터넷이 있는 매장입니다.",신규,True,True,중화산2동,official_coordinates,https://www.data.go.kr/data/15076735/fileData.do; 2022-04-01,2022-04-01
887653,봉봉베이커리,전북특별자치도 전주시 덕진구 천마산로 58,전북특별자치도 전주시 덕진구 송천동1가 107-103,35.8643158,127.1280191,063-252-0450,,제과점영업,"전라북도 전주시에서 가 볼 만한 식당을 찾으신다면? ""봉봉베이커리""를 추천합니다!",신규,True,True,송천1동,official_coordinates,https://www.data.go.kr/data/15076735/fileData.do; 2022-04-01,2022-04-01
887257,하루온찬 상공점,전북특별자치도 전주시 완산구 홍산로 276,전북특별자치도 전주시 완산구 효자동3가 1525-2,35.8182384,127.1064669,063-224-9300,,일반음식점,"전라북도 전주시에서 가 볼 만한 식당을 찾으신다면? ""하루온찬(상공점)""을 추천합니다! 남녀 화장실이 구분되어 있는 매장입니다. 주차공간, 무선 인터넷이 있는 매장입니다.",신규,True,True,효자5동,official_coordinates,https://www.data.go.kr/data/15076735/fileData.do; 2022-04-01,2022-04-01
887158,동명카츠 서곡점,전북특별자치도 전주시 완산구 서곡로 20-1,전북특별자치도 전주시 완산구 효자동3가 1483-2,35.831413,127.0975084,063-901-0109,,일반음식점,"전라북도 전주시에서 가 볼 만한 식당을 찾으신다면? ""동명카츠(서곡점)""를 추천합니다!",신규,True,True,효자5동,official_coordinates,https://www.data.go.kr/data/15076735/fileData.do; 2022-04-01,2022-04-01
887150,길튼김밥,전북특별자치도 전주시 완산구 전주객사1길 101,전북특별자치도 전주시 완산구 다가동4가 149-1,35.8206416,127.1378782,063-231-7300,,일반음식점,"무엇을 먹을지 고민되신다고요? 전라북도 전주시에 계시다면 ""길튼김밥""을 추천합니다! 주차공간, 무선 인터넷이 있는 매장입니다.",신규,True,True,중앙동,official_coordinates,https://www.data.go.kr/data/15076735/fileData.do; 2022-04-01,2022-04-01
887144,거북집막걸리,전북특별자치도 전주시 완산구 흑석로 19-4,전북특별자치도 전주시 완산구 서서학동 281-6,35.8023634,127.1504406,,,일반음식점,"어디 가야 할지 고민이시라고요? 그럼 전라북도 전주시 맛집, ""거북집막걸리""를 추천합니다!",신규,True,True,서서학동,official_coordinates,https://www.data.go.kr/data/15076735/fileData.do; 2022-04-01,2022-04-01
888245,참치담,전북특별자치도 전주시 덕진구 세병로 92,전북특별자치도 전주시 덕진구 송천동2가 1342,35.8725528,127.1343046,070-7576-1793,,일반음식점,"전라북도 전주시에서 가 볼 만한 식당을 찾으신다면? ""참치담""을 추천합니다! 남녀 화장실이 구분되어 있으며, 베리어프리 매장입니다. 주차공간, 무선 인터넷이 있는 매장입니다.",신규,True,True,송천1동,official_coordinates,https://www.data.go.kr/data/15076735/fileData.do; 2022-04-01,2022-04-01
971513,피슈마라홍탕 효자점,전북특별자치도 전주시 완산구 홍산북로 29-3,전북특별자치도 전주시 완산구 효자동2가 1231-6,35.8177605,127.1049493,063-227-8010,,일반음식점,"어디 가야 할지 고민이시라고요? 그럼 전라북도 전주시 맛집, ""피슈마라홍탕(효자점)""을 추천합니다! 남녀 화장실이 구분되어 있는 매장입니다. 배달 가능한 매장입니다. 주차공간이 있는 매장입니다.",신규,True,True,효자5동,official_coordinates,https://www.data.go.kr/data/15076735/fileData.do; 2022-04-01,2022-04-01
