업소명,업소위치,지번주소,도로명주소,전화번호,Longitude,Latitude,행정동,coordinate_status,coordinate_source
탐앤탐스_전주에코시티점,덕진구 송천동,전북특별자치도 전주시 덕진구 송천동2가 1330-14 트윈타워2,전북특별자치도 전주시 덕진구 세병2길 32-18 트윈타워2,063-252-1445,127.1257898,35.87236736,송천1동,exact_official_building_road,기존 주택 CSV의 건물 좌표; 음식점 자체 측량 좌표 아님
유성식당,완산구 중화산동,전북특별자치도 전주시 완산구 중화산동2가 651,전북특별자치도 전주시 완산구 백제대로 270,063-221-8182,127.1234286,35.81717209,중화산2동,exact_official_building_road,기존 주택 CSV의 건물 좌표; 음식점 자체 측량 좌표 아님
해방샐러드,완산구 효자5동,전북특별자치도 전주시 완산구 효자동3가 1611-10 1층,전북특별자치도 전주시 완산구 문학대5길 25 1층,010-6866-9484,127.1047068,35.8273326,효자5동,exact_official_building_road,기존 주택 CSV의 건물 좌표; 음식점 자체 측량 좌표 아님
수미화,완산구 효자5동,전북특별자치도 전주시 완산구 효자동2가 1230-6 201호,전북특별자치도 전주시 완산구 홍산북로 19,063-225-6699,127.1039636,35.8176066,효자5동,exact_official_building_road,기존 주택 CSV의 건물 좌표; 음식점 자체 측량 좌표 아님
도심속의들녘,완산구 중화산동2가,전북특별자치도 전주시 완산구 중화산동2가 752-3 104호,전북특별자치도 전주시 완산구 화산천변로 24,063-226-5558,127.1163616,35.8210909,중화산2동,exact_official_building_road,기존 주택 CSV의 건물 좌표; 음식점 자체 측량 좌표 아님
효미당,완산구 효자4동,전북특별자치도 전주시 완산구 효자동3가 1736-10 101호,전북특별자치도 전주시 완산구 봉곡3길 9 101호,010-5354-8797,127.0980221,35.81217144,효자4동,exact_official_building_road,기존 주택 CSV의 건물 좌표; 음식점 자체 측량 좌표 아님
삿뽀로우동집,덕진구 우아동2가,전북특별자치도 전주시 덕진구 우아동2가 866-5,전북특별자치도 전주시 덕진구 건산로 284,063-245-6970,127.1679874,35.83565872,우아2동,exact_official_building_road,기존 주택 CSV의 건물 좌표; 음식점 자체 측량 좌표 아님
토닥,덕진구 우아동3가,전북특별자치도 전주시 덕진구 우아동3가 748-79,전북특별자치도 전주시 덕진구 도당산4길 60,063-243-5845,127.1550221,35.8462759,우아1동,exact_official_building_road,기존 주택 CSV의 건물 좌표; 음식점 자체 측량 좌표 아님
옛날시골양푼동태,완산구 풍남동,전북특별자치도 전주시 완산구 전동3가 2-244,전북특별자치도 전주시 완산구 풍남문2길 65,063-288-6211,127.1458794,35.8126483,풍남동,exact_official_building_road,기존 주택 CSV의 건물 좌표; 음식점 자체 측량 좌표 아님
푸른술집할라_전주신시가지점,완산구 효자5동,전북특별자치도 전주시 완산구 효자동3가 1536-1 201호,전북특별자치도 전주시 완산구 홍산중앙로 42 201호,010-7324-0580,127.1093266,35.8173184,효자5동,exact_official_building_road,기존 주택 CSV의 건물 좌표; 음식점 자체 측량 좌표 아님
가마치통닭_송천점,덕진구 송천동,전북특별자치도 전주시 덕진구 송천동1가 118-1,전북특별자치도 전주시 덕진구 솔내로 133,063-252-9092,127.1264569,35.8620162,송천1동,exact_official_building_road,기존 주택 CSV의 건물 좌표; 음식점 자체 측량 좌표 아님
예촌소바,완산구 효자동,전북특별자치도 전주시 완산구 효자동2가 1321-5,전북특별자치도 전주시 완산구 소태정4길 23-4,063-224-7707,127.1030031,35.8052195,효자4동,exact_official_building_road,기존 주택 CSV의 건물 좌표; 음식점 자체 측량 좌표 아님
더리터_서신점,완산구 서신동,전북특별자치도 전주시 완산구 서신동 783-1,전북특별자치도 전주시 완산구 당산로 124,063-271-0090,127.1218959,35.831986,서신동,exact_official_building_road,기존 주택 CSV의 건물 좌표; 음식점 자체 측량 좌표 아님
솜리치킨_세병호에코시티점,덕진구 송천1동,전북특별자치도 전주시 덕진구 송천동2가 1327-15 에코타워 1층 101호,전북특별자치도 전주시 덕진구 세병2길 19 에코타워 1층 101호,063-275-7792,127.126158,35.8729182,송천1동,exact_official_building_road,기존 주택 CSV의 건물 좌표; 음식점 자체 측량 좌표 아님
탕화쿵푸마라탕_전북대점,덕진구 덕진동,전북특별자치도 전주시 덕진구 덕진동1가 1314-168,전북특별자치도 전주시 덕진구 명륜4길 21-1,010-7726-1898,127.1267479,35.843789,덕진동,exact_official_building_road,기존 주택 CSV의 건물 좌표; 음식점 자체 측량 좌표 아님
소복가,완산구 서신동,전북특별자치도 전주시 완산구 서신동 761-2,전북특별자치도 전주시 완산구 당산로 11-1,0507-1340-8551,127.1076782,35.8323336,서신동,exact_official_building_road,기존 주택 CSV의 건물 좌표; 음식점 자체 측량 좌표 아님
심씨네,완산구 중화산동,전북특별자치도 전주시 완산구 중화산동2가 663-3,전북특별자치도 전주시 완산구 한두평2길 18-10,063-226-1650,127.1249021,35.81298269,중화산1동,exact_official_building_road,기존 주택 CSV의 건물 좌표; 음식점 자체 측량 좌표 아님
할리스_국민연금공단점,덕진구 혁신동,전북특별자치도 전주시 덕진구 만성동 1252 기금운용본부 사옥 1층,전북특별자치도 전주시 덕진구 기지로 170 기금운용본부 사옥 1층,063-221-5072,127.0704229,35.83802732,여의동,exact_official_building_road,기존 주택 CSV의 건물 좌표; 음식점 자체 측량 좌표 아님
어랑일식,완산구 효자5동,전북특별자치도 전주시 완산구 효자동3가 1541-8 2층,전북특별자치도 전주시 완산구 홍산중앙로 20 2층,063-236-6223,127.1093175,35.81535604,효자5동,exact_official_building_road,기존 주택 CSV의 건물 좌표; 음식점 자체 측량 좌표 아님
옛촌,완산구 중화산동,전북특별자치도 전주시 완산구 중화산동2가 623-4,전북특별자치도 전주시 완산구 중산로 6,063-227-3113,127.1205898,35.8145633,중화산2동,exact_official_building_road,기존 주택 CSV의 건물 좌표; 음식점 자체 측량 좌표 아님
한옥마을_시골집,완산구 풍남동,전북특별자치도 전주시 완산구 경원동1가 12-3,전북특별자치도 전주시 완산구 동문길 102,063-285-6500,127.1484062,35.8180814,풍남동,exact_official_building_road,기존 주택 CSV의 건물 좌표; 음식점 자체 측량 좌표 아님
비사벌반점,완산구 효자동1가,전북특별자치도 전주시 완산구 효자동1가 596-16,전북특별자치도 전주시 완산구 신봉4길 10,050-7982-3319,127.1192015,35.8119132,효자2동,exact_official_building_road,기존 주택 CSV의 건물 좌표; 음식점 자체 측량 좌표 아님
하가감자탕,덕진구 덕진동,전북특별자치도 전주시 덕진구 덕진동2가 660-3,전북특별자치도 전주시 덕진구 가리내3길 5,063-214-7292,127.111019,35.84640069,덕진동,exact_official_building_road,기존 주택 CSV의 건물 좌표; 음식점 자체 측량 좌표 아님
화산능이금닭,완산구 중화산동2가,전북특별자치도 전주시 완산구 중화산동2가 636-8,전북특별자치도 전주시 완산구 산월2길 42,063-228-8883,127.1186077,35.8141955,중화산2동,exact_official_building_road,기존 주택 CSV의 건물 좌표; 음식점 자체 측량 좌표 아님
카페더빌리지,덕진구 덕진동,전북특별자치도 전주시 덕진구 덕진동1가 1263-10,전북특별자치도 전주시 덕진구 명륜3길 11,070-8267-4628,127.1273988,35.8424185,덕진동,exact_official_building_road,기존 주택 CSV의 건물 좌표; 음식점 자체 측량 좌표 아님
똘똘말이김밥,완산구 서신동,전북특별자치도 전주시 완산구 서신동 803-1,전북특별자치도 전주시 완산구 서신천변로 58,063-275-9005,127.1145387,35.8304915,서신동,exact_official_building_road,기존 주택 CSV의 건물 좌표; 음식점 자체 측량 좌표 아님
kuala,완산구 다가동3가,전북특별자치도 전주시 완산구 다가동3가 88,전북특별자치도 전주시 완산구 완산구 충경로 9,010-5906-1350,127.1404741,35.81682629,중앙동,exact_official_building_road,기존 주택 CSV의 건물 좌표; 음식점 자체 측량 좌표 아님
명작_본점,완산구 효자동3가,전북특별자치도 전주시 완산구 효자동3가 1405-4 LIG손해보험,전북특별자치도 전주시 완산구 서곡5길 16 LIG손해보험,063-277-5489,127.101368,35.8376658,효자5동,exact_official_building_road,기존 주택 CSV의 건물 좌표; 음식점 자체 측량 좌표 아님
정가네국수,덕진구 우아동2가,전북특별자치도 전주시 덕진구 우아동2가 905-1,전북특별자치도 전주시 덕진구 아중5길 8,0507-1491-3009,127.1698599,35.8301466,우아2동,exact_official_building_road,기존 주택 CSV의 건물 좌표; 음식점 자체 측량 좌표 아님
참좋은김밥천국,완산구 효자동3가,전북특별자치도 전주시 완산구 효자동3가 1609-15,전북특별자치도 전주시 완산구 홍산로 377,063-223-6325,127.1056378,35.8275082,효자5동,exact_official_building_road,기존 주택 CSV의 건물 좌표; 음식점 자체 측량 좌표 아님
소곰집,완산구 서신동,전북특별자치도 전주시 완산구 서신동 947-3,전북특별자치도 전주시 완산구 고사평로 17,063-251-7444,127.1094154,35.8356351,서신동,exact_official_building_road,기존 주택 CSV의 건물 좌표; 음식점 자체 측량 좌표 아님
케이시원조김밥천국,완산구 서신동,전북특별자치도 전주시 완산구 서신동 963-2,전북특별자치도 전주시 완산구 서신로 111,063-274-5200,127.115626,35.8352494,서신동,exact_official_building_road,기존 주택 CSV의 건물 좌표; 음식점 자체 측량 좌표 아님
커피노블레스,완산구 효자동,전북특별자치도 전주시 완산구 효자동1가 688-8,전북특별자치도 전주시 완산구 안행로 46,063-229-0977,127.1331405,35.80123506,효자1동,exact_official_building_road,기존 주택 CSV의 건물 좌표; 음식점 자체 측량 좌표 아님
청양농장_전북대점,덕진구 덕진동,전북특별자치도 전주시 덕진구 덕진동1가 1261-2,전북특별자치도 전주시 덕진구 명륜5길 16-2,063-254-9282,127.1258794,35.8438448,덕진동,exact_official_building_road,기존 주택 CSV의 건물 좌표; 음식점 자체 측량 좌표 아님
문화공간카페12-4,완산구 중앙동1가,전북특별자치도 전주시 완산구 중앙동1가 32-1,전북특별자치도 전주시 완산구 전주객사2길 12-4,063-286-7479,127.1416087,35.8173857,중앙동,exact_official_building_road,기존 주택 CSV의 건물 좌표; 음식점 자체 측량 좌표 아님
효자동커피집,완산구 효자동3가,전북특별자치도 전주시 완산구 효자동3가 1672-3,전북특별자치도 전주시 완산구 배학6길 10-4,010-2058-5099,127.0977905,35.8205026,효자5동,exact_official_building_road,기존 주택 CSV의 건물 좌표; 음식점 자체 측량 좌표 아님
은희네칼국수,완산구 서신동,전북특별자치도 전주시 완산구 서신동 830-9,전북특별자치도 전주시 완산구 서신천변6길 19,063-275-1505,127.1151714,35.82833301,서신동,exact_official_building_road,기존 주택 CSV의 건물 좌표; 음식점 자체 측량 좌표 아님
피굽남피자,완산구 효자동2가,전북특별자치도 전주시 완산구 효자동2가 1252-2,전북특별자치도 전주시 완산구 우전로 207,0507-0090-7378,127.101691,35.813003,효자4동,exact_official_building_road,기존 주택 CSV의 건물 좌표; 음식점 자체 측량 좌표 아님
곱창파이터_아중점,덕진구 우아동2가,전북특별자치도 전주시 덕진구 우아동2가 566-1,전북특별자치도 전주시 덕진구 석소로 88,010-4703-9888,127.1677008,35.8350249,우아2동,exact_official_building_road,기존 주택 CSV의 건물 좌표; 음식점 자체 측량 좌표 아님
탄탄면공방_전주객사점,완산구 고사동,전북특별자치도 전주시 완산구 고사동 383-6,"전북특별자치도 전주시 완산구 전주객사3길 46-13, 1층",063-232-4613,127.1422812,35.81960621,중앙동,exact_official_building_road,기존 주택 CSV의 건물 좌표; 음식점 자체 측량 좌표 아님
커피니_전주효자점,완산구 효자4동,전북특별자치도 전주시 완산구 효자동2가 1254-4,전북특별자치도 전주시 완산구 봉곡3길 38,063-222-9594,127.101144,35.8119321,효자4동,exact_official_building_road,기존 주택 CSV의 건물 좌표; 음식점 자체 측량 좌표 아님
롯데리아_전주하가점,덕진구 덕진동2가,전북특별자치도 전주시 덕진구 덕진동2가 392-7,전북특별자치도 전주시 덕진구 가련산로 30,0507-1430-2777,127.1118106,35.84191803,덕진동,exact_official_building_road,기존 주택 CSV의 건물 좌표; 음식점 자체 측량 좌표 아님
시골밥상,완산구 효자3동,전북특별자치도 전주시 완산구 효자동3가 1405-5,전북특별자치도 전주시 완산구 서곡5길 18,063-278-3135,127.1011526,35.83781908,효자5동,exact_official_building_road,기존 주택 CSV의 건물 좌표; 음식점 자체 측량 좌표 아님
신불똥,완산구 중화산동2가,전북특별자치도 전주시 완산구 중화산동2가 613-12,전북특별자치도 전주시 완산구 중화산로 70,063-224-3345,127.1184657,35.81664915,중화산2동,exact_official_building_road,기존 주택 CSV의 건물 좌표; 음식점 자체 측량 좌표 아님
더리터_서신바구멀,완산구 서신동,전북특별자치도 전주시 완산구 서신동 5-32 산호빌딩106호,전북특별자치도 전주시 완산구 전룡로 126 산호빌딩106호,0507-1362-7411,127.1264307,35.8288479,서신동,exact_official_building_road,기존 주택 CSV의 건물 좌표; 음식점 자체 측량 좌표 아님
이버시숯불갈비무한리필_아중점,덕진구 우아동1가,전북특별자치도 전주시 덕진구 우아동1가 1088-7,전북특별자치도 전주시 덕진구 아중로 204,063-245-4288,127.1716894,35.8277525,우아2동,exact_official_building_road,기존 주택 CSV의 건물 좌표; 음식점 자체 측량 좌표 아님
족욕천국,완산구 풍남동,전북특별자치도 전주시 완산구 교동 266-3 3층,전북특별자치도 전주시 완산구 경기전길 126 3층,063-231-0759,127.1510158,35.81381,풍남동,exact_official_building_road,기존 주택 CSV의 건물 좌표; 음식점 자체 측량 좌표 아님
초가집가든,덕진구 송천2동,전북특별자치도 전주시 덕진구 송천동2가 359-2,"전북특별자치도 전주시 덕진구 과학로 67-9, 1,2층",063-262-5370,127.1251007,35.87562507,송천2동,exact_official_building_road,기존 주택 CSV의 건물 좌표; 음식점 자체 측량 좌표 아님
꼴통갈매기,완산구 중화산동2가,전북특별자치도 전주시 완산구 중화산동2가 624-12,전북특별자치도 전주시 완산구 중산로 18,063-223-4981,127.1205027,35.81557346,중화산2동,exact_official_building_road,기존 주택 CSV의 건물 좌표; 음식점 자체 측량 좌표 아님
항해,완산구 고사동,전북특별자치도 전주시 완산구 고사동 460-4,전북특별자치도 전주시 완산구 전주객사2길 30,0507-1380-0630,127.1408806,35.81812709,중앙동,exact_official_building_road,기존 주택 CSV의 건물 좌표; 음식점 자체 측량 좌표 아님
신모래내가정식백반,덕진구 송천2동,전북특별자치도 전주시 덕진구 송천동2가 231-1,전북특별자치도 전주시 덕진구 솔내로 173-20,063-253-9421,127.1251811,35.86627912,송천1동,exact_official_building_road,기존 주택 CSV의 건물 좌표; 음식점 자체 측량 좌표 아님
이삭토스트_상산효자점,완산구 효자동,전북특별자치도 전주시 완산구 효자동1가 650-3,"전북특별자치도 전주시 완산구 효자천변2길 10, 1층",063-228-2482,127.1136484,35.80500488,효자3동,exact_official_building_road,기존 주택 CSV의 건물 좌표; 음식점 자체 측량 좌표 아님
칸스_객리단길점,완산구 다가동,전북특별자치도 전주시 완산구 다가동3가 17,"전북특별자치도 전주시 완산구 전주객사2길 19, 1층",0507-1383-0625,127.1408523,35.81767623,중앙동,exact_official_building_road,기존 주택 CSV의 건물 좌표; 음식점 자체 측량 좌표 아님
옛날피순대,완산구 풍남동,전북특별자치도 전주시 완산구 전동3가 2-242,전북특별자치도 전주시 완산구 풍남문2길 63,063-288-0082,127.1466061,35.8124262,풍남동,exact_official_building_road,기존 주택 CSV의 건물 좌표; 음식점 자체 측량 좌표 아님
589coffee,완산구 중화산동,전북특별자치도 전주시 완산구 중화산동2가 591-13,전북특별자치도 전주시 완산구 중화산로 106,010-9943-9758,127.1183778,35.8197516,중화산2동,exact_official_building_road,기존 주택 CSV의 건물 좌표; 음식점 자체 측량 좌표 아님
계륵사지숯불닭갈비_본점,덕진구 송천1동,전북특별자치도 전주시 덕진구 송천동2가 484-7,전북특별자치도 전주시 덕진구 붓내3길 9-4,063-277-9992,127.1225355,35.8671034,송천1동,exact_official_building_road,기존 주택 CSV의 건물 좌표; 음식점 자체 측량 좌표 아님
행원,완산구 풍남동,전북특별자치도 전주시 완산구 전동 96-1,전북특별자치도 전주시 완산구 풍남문3길 12,063-284-6566,127.1475498,35.81433489,풍남동,exact_official_building_road,기존 주택 CSV의 건물 좌표; 음식점 자체 측량 좌표 아님
물빛정원,덕진구 전미동,전북특별자치도 전주시 덕진구 전미동1가 산29-5,전북특별자치도 전주시 덕진구 백석길 7-11,0507-1334-3454,127.1267549,35.88434367,송천2동,exact_official_building_road,기존 주택 CSV의 건물 좌표; 음식점 자체 측량 좌표 아님
삼오소바전주점,덕진구 우아동2가,전북특별자치도 전주시 덕진구 우아동2가 890-9,전북특별자치도 전주시 덕진구 정언신로 153,063-247-0335,127.1704293,35.8310556,우아2동,exact_official_building_road,기존 주택 CSV의 건물 좌표; 음식점 자체 측량 좌표 아님
신포우리만두_서신점,완산구 서신동,전북특별자치도 전주시 완산구 서신동 857-1,전북특별자치도 전주시 완산구 유연로 283,063-275-2501,127.1165107,35.8255762,서신동,exact_official_building_road,기존 주택 CSV의 건물 좌표; 음식점 자체 측량 좌표 아님
마이홈,완산구 다가동4가,전북특별자치도 전주시 완산구 다가동4가 80-1,전북특별자치도 전주시 완산구 전주객사2길 59,063-288-1224,127.1400505,35.8192563,중앙동,exact_official_building_road,기존 주택 CSV의 건물 좌표; 음식점 자체 측량 좌표 아님
초코트리,완산구 효자4동,전북특별자치도 전주시 완산구 효자동2가 1266-2,전북특별자치도 전주시 완산구 구룡1길 16,063-226-2219,127.1036304,35.8116132,효자4동,exact_official_building_road,기존 주택 CSV의 건물 좌표; 음식점 자체 측량 좌표 아님
꽃수니족발,완산구 풍남동,전북특별자치도 전주시 완산구 풍남동2가 15-7 동부상회 1층,전북특별자치도 전주시 완산구 은행로 3 동부상회 1층,063-288-5550,127.1517762,35.81961038,풍남동,exact_official_building_road,기존 주택 CSV의 건물 좌표; 음식점 자체 측량 좌표 아님
교촌치킨_중화산점,완산구 중화산동2가,전북특별자치도 전주시 완산구 중화산동2가 777-6,전북특별자치도 전주시 완산구 신촌4길 4,050-7982-3283,127.1177222,35.8179689,중화산2동,exact_official_building_road,기존 주택 CSV의 건물 좌표; 음식점 자체 측량 좌표 아님
해이루_전북대본점,덕진구 덕진동,전북특별자치도 전주시 덕진구 덕진동1가 1277-14,전북특별자치도 전주시 덕진구 명륜5길 9,063-272-1829,127.1253069,35.84371132,덕진동,exact_official_building_road,기존 주택 CSV의 건물 좌표; 음식점 자체 측량 좌표 아님
현대옥_전주본점,완산구 중화산동,전북특별자치도 전주시 완산구 중화산동2가 757-3,전북특별자치도 전주시 완산구 화산천변2길 7-4,063-228-0020,127.117148,35.8197418,중화산2동,exact_official_building_road,기존 주택 CSV의 건물 좌표; 음식점 자체 측량 좌표 아님
셀렉토커피_전주효자점,완산구 효자동2가,전북특별자치도 전주시 완산구 효자동2가 1317-4,전북특별자치도 전주시 완산구 호암로 65,063-225-5972,127.1018413,35.8092329,효자4동,exact_official_building_road,기존 주택 CSV의 건물 좌표; 음식점 자체 측량 좌표 아님
돼지치마집_효자점,완산구 효자동2가,전북특별자치도 전주시 완산구 효자동2가 1312-3,전북특별자치도 전주시 완산구 후곡길 12-8,0507-1309-7392,127.0966477,35.8097853,효자4동,exact_official_building_road,기존 주택 CSV의 건물 좌표; 음식점 자체 측량 좌표 아님
고기녹소,덕진구 혁신동,전북특별자치도 전주시 덕진구 중동 776-3 202호,전북특별자치도 전주시 덕진구 오공로 33-14 202호,063-228-2266,127.0594931,35.8372587,혁신동,exact_official_building_road,기존 주택 CSV의 건물 좌표; 음식점 자체 측량 좌표 아님
토가돈,완산구 효자동2가,전북특별자치도 전주시 완산구 효자동2가 1156-12,전북특별자치도 전주시 완산구 홍산1길 18,0507-1481-8317,127.1071646,35.81491648,효자5동,exact_official_building_road,기존 주택 CSV의 건물 좌표; 음식점 자체 측량 좌표 아님
국수나무_전북대점,덕진구 덕진동,전북특별자치도 전주시 덕진구 덕진동1가 1314-176,전북특별자치도 전주시 덕진구 명륜3길 19,063-276-0924,127.127937,35.8429571,덕진동,exact_official_building_road,기존 주택 CSV의 건물 좌표; 음식점 자체 측량 좌표 아님
커피바움,덕진구 혁신동,전북특별자치도 전주시 덕진구 중동 776-10,전북특별자치도 전주시 덕진구 오공로 43-5,063-225-4709,127.0599667,35.8367322,혁신동,exact_official_building_road,기존 주택 CSV의 건물 좌표; 음식점 자체 측량 좌표 아님
정성카츠,완산구 고사동,전북특별자치도 전주시 완산구 고사동 371,전북특별자치도 전주시 완산구 전주객사3길 46-41,0507-1488-0616,127.1426544,35.81989729,중앙동,exact_official_building_road,기존 주택 CSV의 건물 좌표; 음식점 자체 측량 좌표 아님
다연,완산구 효자5동,전북특별자치도 전주시 완산구 효자동3가 1405-3,전북특별자치도 전주시 완산구 서곡5길 14-3,063-277-0852,127.1015068,35.83782172,효자5동,exact_official_building_road,기존 주택 CSV의 건물 좌표; 음식점 자체 측량 좌표 아님
어썸케이크,완산구 효자5동,전북특별자치도 전주시 완산구 효자동3가 1678-14 1층,전북특별자치도 전주시 완산구 배학1길 12 1층,010-3661-6540,127.095789,35.81882439,효자5동,exact_official_building_road,기존 주택 CSV의 건물 좌표; 음식점 자체 측량 좌표 아님
스시명장,완산구 효자5동,전북특별자치도 전주시 완산구 효자동3가 1632-5,전북특별자치도 전주시 완산구 마전3길 12,063-255-1800,127.1029464,35.8238173,효자5동,exact_official_building_road,기존 주택 CSV의 건물 좌표; 음식점 자체 측량 좌표 아님
낙곱새끝판왕_전북도청점,완산구 효자5동,전북특별자치도 전주시 완산구 효자동3가 1539-6,전북특별자치도 전주시 완산구 홍산남로 81 104호,0507-1376-9171,127.1108842,35.8160118,효자5동,exact_official_building_road,기존 주택 CSV의 건물 좌표; 음식점 자체 측량 좌표 아님
로가,덕진구 우아1동,전북특별자치도 전주시 덕진구 우아동3가 747-67,전북특별자치도 전주시 덕진구 백제대로 801,0507-1426-6635,127.1559091,35.8480614,우아1동,exact_official_building_road,기존 주택 CSV의 건물 좌표; 음식점 자체 측량 좌표 아님
진수곱창_송천점,덕진구 송천동2가,전북특별자치도 전주시 덕진구 송천동2가 484-7,전북특별자치도 전주시 덕진구 붓내3길 9-4,063-251-2224,127.1225355,35.8671034,송천1동,exact_official_building_road,기존 주택 CSV의 건물 좌표; 음식점 자체 측량 좌표 아님
강경원달인만두가_서신점,완산구 서신동,전북특별자치도 전주시 완산구 서신동 764-2 1층 106호,전북특별자치도 전주시 완산구 당산로 39 1층 106호,0507-1466-8935,127.1127268,35.832345,서신동,exact_official_building_road,기존 주택 CSV의 건물 좌표; 음식점 자체 측량 좌표 아님
지코바치킨_에코시티점,덕진구 송천동,전북특별자치도 전주시 덕진구 송천동2가 1331-14 105호,전북특별자치도 전주시 덕진구 세병남로 29 105호,063-251-8611,127.1272928,35.8722813,송천1동,exact_official_building_road,기존 주택 CSV의 건물 좌표; 음식점 자체 측량 좌표 아님
1979포장마차_서신동본점,완산구 서신동,전북특별자치도 전주시 완산구 서신동 854-7 1층,전북특별자치도 전주시 완산구 전룡로 22-4 1층,063-251-5943,127.1152976,35.82593645,서신동,exact_official_building_road,기존 주택 CSV의 건물 좌표; 음식점 자체 측량 좌표 아님
원조효자소머리곰탕,완산구 효자3동,전북특별자치도 전주시 완산구 효자동1가 618-9,전북특별자치도 전주시 완산구 신봉로 37,063-226-4535,127.1190313,35.81052436,효자2동,exact_official_building_road,기존 주택 CSV의 건물 좌표; 음식점 자체 측량 좌표 아님
카페로웰,완산구 효자동3가,전북특별자치도 전주시 완산구 효자동3가 1698-1,전북특별자치도 전주시 완산구 석산1길 18,063-714-3722,127.1032845,35.82047577,효자5동,exact_official_building_road,기존 주택 CSV의 건물 좌표; 음식점 자체 측량 좌표 아님
청춘김밥,완산구 효자동3가,전북특별자치도 전주시 완산구 효자동3가 1183-11,전북특별자치도 전주시 완산구 백마산길 23,070-4177-3007,127.0906712,35.8172089,효자4동,exact_official_building_road,기존 주택 CSV의 건물 좌표; 음식점 자체 측량 좌표 아님
이서공작소카페,완산구 중앙동,전북특별자치도 전주시 완산구 중앙동1가 46-2,전북특별자치도 전주시 완산구 전라감영2길 28-27,0507-1319-3761,127.1425012,35.8162737,중앙동,exact_official_building_road,기존 주택 CSV의 건물 좌표; 음식점 자체 측량 좌표 아님
중화정_중화산점,완산구 중화산동2가,전북특별자치도 전주시 완산구 중화산동2가 780-1,전북특별자치도 전주시 완산구 신촌4길9,063-226-9959,127.1171697,35.81776629,중화산2동,exact_official_building_parcel,기존 주택 CSV의 건물 좌표; 음식점 자체 측량 좌표 아님
육감만족_서곡점,완산구 효자동,전북특별자치도 전주시 완산구 효자동3가 1472-6,전북특별자치도 전주시 완산구 세내로 506,063-272-1253,127.1034853,35.8322382,효자5동,exact_official_building_road,기존 주택 CSV의 건물 좌표; 음식점 자체 측량 좌표 아님
우연,덕진구 송천2동,전북특별자치도 전주시 덕진구 송천동2가 1331-10 302호,전북특별자치도 전주시 덕진구 세병서로 39 302호,010-5521-3601,127.1265454,35.8719917,송천1동,exact_official_building_road,기존 주택 CSV의 건물 좌표; 음식점 자체 측량 좌표 아님
크라운호프_아중1호점,덕진구 우아동2가,전북특별자치도 전주시 덕진구 우아동2가 561-7,전북특별자치도 전주시 덕진구 석소로 84,0507-1320-6380,127.1677891,35.83450367,우아2동,exact_official_building_road,기존 주택 CSV의 건물 좌표; 음식점 자체 측량 좌표 아님
뼈담,완산구 중화산동2가,전북특별자치도 전주시 완산구 중화산동2가 632,전북특별자치도 전주시 완산구 중산2길 19-7,0507-1382-1180,127.1222152,35.8151611,중화산2동,exact_official_building_road,기존 주택 CSV의 건물 좌표; 음식점 자체 측량 좌표 아님
에그존앤샌드베이_서신점,완산구 서신동,전북특별자치도 전주시 완산구 서신동 969-4,전북특별자치도 전주시 완산구 여울로 17-12,063-273-0004,127.1207812,35.8347951,서신동,exact_official_building_road,기존 주택 CSV의 건물 좌표; 음식점 자체 측량 좌표 아님
다사랑치킨피자_서신점,완산구 서신동,전북특별자치도 전주시 완산구 서신동 931-5,전북특별자치도 전주시 완산구 새터로 51-7,063-255-9992,127.1119855,35.83615094,서신동,exact_official_building_road,기존 주택 CSV의 건물 좌표; 음식점 자체 측량 좌표 아님
순두부전문점오늘,덕진구 만성동,전북특별자치도 전주시 덕진구 만성동 1176-1,전북특별자치도 전주시 덕진구 만성로 21,063-224-1477,127.070723,35.83411797,여의동,exact_official_building_road,기존 주택 CSV의 건물 좌표; 음식점 자체 측량 좌표 아님
맥주공장_서신점,완산구 서신동,전북특별자치도 전주시 완산구 서신동 937-2 1층,전북특별자치도 전주시 완산구 새터로 18 1층,"0507-1321-7517, 063-277-7517",127.1086726,35.83645093,서신동,exact_official_building_road,기존 주택 CSV의 건물 좌표; 음식점 자체 측량 좌표 아님
충만치킨_서곡점,완산구 효자동,전북특별자치도 전주시 완산구 효자동3가 1451 .,전북특별자치도 전주시 완산구 서곡1길 13-22 .,063-277-9898,127.0989156,35.8347616,효자5동,exact_official_building_road,기존 주택 CSV의 건물 좌표; 음식점 자체 측량 좌표 아님
본죽_전주중화산점,완산구 중화산동,전북특별자치도 전주시 완산구 중화산동2가 648-7,전북특별자치도 전주시 완산구 백제대로 230,063-224-6288,127.1234671,35.81366627,중화산1동,exact_official_building_road,기존 주택 CSV의 건물 좌표; 음식점 자체 측량 좌표 아님
우전재자연밥상,완산구 풍남동,전북특별자치도 전주시 완산구 교동 132-2,전북특별자치도 전주시 완산구 향교길 85,0507-1441-2356,127.1541398,35.8120607,풍남동,exact_official_building_road,기존 주택 CSV의 건물 좌표; 음식점 자체 측량 좌표 아님
리앤차우중화요리,덕진구 덕진동,전북특별자치도 전주시 덕진구 덕진동2가 678-7,전북특별자치도 전주시 덕진구 가리내10길 12-2,063-253-2243,127.1107699,35.8424085,덕진동,exact_official_building_road,기존 주택 CSV의 건물 좌표; 음식점 자체 측량 좌표 아님
텐퍼센트커피_전주전북대점,덕진구 금암동,전북특별자치도 전주시 덕진구 금암동 664-49 1층,전북특별자치도 전주시 덕진구 명륜3길 23 1층,063-254-1010,127.1282951,35.8431214,덕진동,exact_official_building_road,기존 주택 CSV의 건물 좌표; 음식점 자체 측량 좌표 아님
그린가맥,완산구 풍남동,전북특별자치도 전주시 완산구 경원동3가 168,전북특별자치도 전주시 완산구 현무2길 34,"010-8642-3759, 063-282-0333",127.1498522,35.8209996,풍남동,exact_official_building_road,기존 주택 CSV의 건물 좌표; 음식점 자체 측량 좌표 아님
탐앤탐스_서부신시가지점,완산구 효자동2가,전북특별자치도 전주시 완산구 효자동2가 1256-2,전북특별자치도 전주시 완산구 우전로 208,063-236-7942,127.1020628,35.8130031,효자4동,exact_official_building_road,기존 주택 CSV의 건물 좌표; 음식점 자체 측량 좌표 아님
그래비티,완산구 중화산동2가,전북특별자치도 전주시 완산구 중화산동2가 656-1,전북특별자치도 전주시 완산구 어은로 9,063-904-0960,127.1241309,35.81670852,중화산2동,exact_official_building_road,기존 주택 CSV의 건물 좌표; 음식점 자체 측량 좌표 아님
영동슈퍼,완산구 풍남동,전북특별자치도 전주시 완산구 경원동3가 15-6,전북특별자치도 전주시 완산구 현무1길 14,063-283-4997,127.1481107,35.8200449,풍남동,exact_official_building_road,기존 주택 CSV의 건물 좌표; 음식점 자체 측량 좌표 아님
와플칸_중화산점,완산구 중화산동2가,전북특별자치도 전주시 완산구 중화산동2가 752-3 1층,전북특별자치도 전주시 완산구 화산천변로 24 1층,"0507-1473-0557, 070-4038-0556",127.1163616,35.8210909,중화산2동,exact_official_building_road,기존 주택 CSV의 건물 좌표; 음식점 자체 측량 좌표 아님
대구반야월막창_아중점,덕진구 우아동1가,전북특별자치도 전주시 덕진구 우아동1가 1091-8,전북특별자치도 전주시 덕진구 한배미로 74,063-241-6421,127.1708241,35.82682739,우아2동,exact_official_building_road,기존 주택 CSV의 건물 좌표; 음식점 자체 측량 좌표 아님
24시전주명가콩나물국밥_송천점,덕진구 송천동,전북특별자치도 전주시 덕진구 송천동2가 202-31,전북특별자치도 전주시 덕진구 천마산로 67,063-272-3939,127.1284017,35.8651461,송천1동,exact_official_building_road,기존 주택 CSV의 건물 좌표; 음식점 자체 측량 좌표 아님
무진장축협장수한우프라자,덕진구 우아동1가,전북특별자치도 전주시 덕진구 우아동1가 742-2,전북특별자치도 전주시 덕진구 아중호수길 96,063-245-0043,127.1750224,35.82004229,우아2동,exact_official_building_road,기존 주택 CSV의 건물 좌표; 음식점 자체 측량 좌표 아님
바글바글부대찌개,완산구 효자동2가,전북특별자치도 전주시 완산구 효자동2가 1236-4,전북특별자치도 전주시 완산구 바우배기2길 23,063-255-5050,127.1043031,35.8169859,효자5동,exact_official_building_road,기존 주택 CSV의 건물 좌표; 음식점 자체 측량 좌표 아님
김밥천국_서신중앙점,완산구 서신동,전북특별자치도 전주시 완산구 서신동 856-3,전북특별자치도 전주시 완산구 서신로 4,063-255-2177,127.1160414,35.825711,서신동,exact_official_building_road,기존 주택 CSV의 건물 좌표; 음식점 자체 측량 좌표 아님
골목다찌,완산구 다가동,전북특별자치도 전주시 완산구 다가동4가 59-1,"전북특별자치도 전주시 완산구 전주객사2길 65-1, 1층",063-288-2522,127.1397244,35.81965106,중앙동,exact_official_building_parcel,기존 주택 CSV의 건물 좌표; 음식점 자체 측량 좌표 아님
커피니_전주서신점,완산구 서신동,전북특별자치도 전주시 완산구 서신동 831 세방빌딩 1층,전북특별자치도 전주시 완산구 서신로 41 세방빌딩 1층,063-277-1325,127.1156014,35.829098,서신동,exact_official_building_road,기존 주택 CSV의 건물 좌표; 음식점 자체 측량 좌표 아님
구월집,완산구 중화산동2가,전북특별자치도 전주시 완산구 중화산동2가 761-5,전북특별자치도 전주시 완산구 화산천변1길 8-4,063-903-9998,127.1154997,35.81967383,중화산2동,exact_official_building_road,기존 주택 CSV의 건물 좌표; 음식점 자체 측량 좌표 아님
술꼬,완산구 중화산동,전북특별자치도 전주시 완산구 중화산동2가 598-6,전북특별자치도 전주시 완산구 중산8길 15-8,063-222-5839,127.122017,35.818179,중화산2동,exact_official_building_road,기존 주택 CSV의 건물 좌표; 음식점 자체 측량 좌표 아님
고기원칙_송천점,덕진구 송천동2가,전북특별자치도 전주시 덕진구 송천동2가 179-116,전북특별자치도 전주시 덕진구 사근1길 31,063-277-1220,127.1305541,35.8666658,송천1동,exact_official_building_road,기존 주택 CSV의 건물 좌표; 음식점 자체 측량 좌표 아님
찰스크라운,완산구 중앙동1가,전북특별자치도 전주시 완산구 중앙동1가 54-1,전북특별자치도 전주시 완산구 전라감영2길 28-36,0507-1308-5853,127.1425539,35.81585869,중앙동,exact_official_building_road,기존 주택 CSV의 건물 좌표; 음식점 자체 측량 좌표 아님
남다른감자탕_전주아중점,덕진구 우아동2가,전북특별자치도 전주시 덕진구 우아동2가 918-10,"전북특별자치도 전주시 덕진구 아중로 211, 1층",063-246-2110,127.1721013,35.82853065,우아2동,exact_official_building_road,기존 주택 CSV의 건물 좌표; 음식점 자체 측량 좌표 아님
스크린야구스킬업_도청점,완산구 효자동,전북특별자치도 전주시 완산구 효자동2가 1155-9,전북특별자치도 전주시 완산구 홍산중앙로 17,0507-1422-7970,127.1087708,35.8151546,효자5동,exact_official_building_road,기존 주택 CSV의 건물 좌표; 음식점 자체 측량 좌표 아님
명륜진사갈비서신점,완산구 서신동,전북특별자치도 전주시 완산구 서신동 970-2 트윈폴리스,전북특별자치도 전주시 완산구 온고을로 26 트윈폴리스,063-276-9292,127.1200982,35.8342006,서신동,exact_official_building_road,기존 주택 CSV의 건물 좌표; 음식점 자체 측량 좌표 아님
부광족발_효자점,완산구 효자동3가,전북특별자치도 전주시 완산구 효자동3가 1692-2,전북특별자치도 전주시 완산구 우전로 291,0507-1340-5339,127.101657,35.8204938,효자5동,exact_official_building_road,기존 주택 CSV의 건물 좌표; 음식점 자체 측량 좌표 아님
커피하룸,완산구 효자4동,전북특별자치도 전주시 완산구 효자동2가 1158-29,전북특별자치도 전주시 완산구 봉곡로 113,063-226-2655,127.1063214,35.81115175,효자4동,exact_official_building_road,기존 주택 CSV의 건물 좌표; 음식점 자체 측량 좌표 아님
완산벌연탄집,덕진구 우아1동,전북특별자치도 전주시 덕진구 우아동3가 746-10 1층,전북특별자치도 전주시 덕진구 우아4길 16 1층,"050-7982-5753, 063-244-0888",127.1581985,35.84969619,우아1동,exact_official_building_road,기존 주택 CSV의 건물 좌표; 음식점 자체 측량 좌표 아님
아중뒷고기,완산구 효자동,전북특별자치도 전주시 완산구 효자동3가 1448-7,전북특별자치도 전주시 완산구 서곡1길 19-12,010-9081-9117,127.0985062,35.83496017,효자5동,exact_official_building_road,기존 주택 CSV의 건물 좌표; 음식점 자체 측량 좌표 아님
구이쟁이_신시가지점,완산구 효자5동,전북특별자치도 전주시 완산구 효자동3가 1527-12 1층,전북특별자치도 전주시 완산구 홍산북로 59-8,063-227-2572,127.10839,35.81815225,효자5동,exact_official_building_road,기존 주택 CSV의 건물 좌표; 음식점 자체 측량 좌표 아님
향유갤러리,완산구 효자5동,전북특별자치도 전주시 완산구 효자동3가 1539-3 승우빌딩 2층,전북특별자치도 전주시 완산구 홍산남로 75 승우빌딩 2층,070-8830-9911,127.1101957,35.816017,효자5동,exact_official_building_road,기존 주택 CSV의 건물 좌표; 음식점 자체 측량 좌표 아님
황박사감자탕피순대,덕진구 우아동2가,전북특별자치도 전주시 덕진구 우아동2가 864-6,전북특별자치도 전주시 덕진구 건산로 287,063-244-2730,127.1681254,35.83621849,우아2동,exact_official_building_road,기존 주택 CSV의 건물 좌표; 음식점 자체 측량 좌표 아님
남원양가네추어탕,완산구 효자동3가,전북특별자치도 전주시 완산구 효자동3가 1441-1,전북특별자치도 전주시 완산구 서곡4길 14,063-254-4111,127.1029669,35.83495744,효자5동,exact_official_building_road,기존 주택 CSV의 건물 좌표; 음식점 자체 측량 좌표 아님
육빵집노매드,완산구 중화산동2가,전북특별자치도 전주시 완산구 중화산동2가 701-2 1층,전북특별자치도 전주시 완산구 중화산로 138-6,063-909-0760,127.1184328,35.82264263,중화산2동,exact_official_building_road,기존 주택 CSV의 건물 좌표; 음식점 자체 측량 좌표 아님
김이수아궁이,덕진구 우아동2가,전북특별자치도 전주시 덕진구 우아동2가 858-9,전북특별자치도 전주시 덕진구 진버들6길 8-5,063-246-4001,127.1674003,35.8366424,우아2동,exact_official_building_road,기존 주택 CSV의 건물 좌표; 음식점 자체 측량 좌표 아님
콩샌_서곡점,완산구 효자5동,전북특별자치도 전주시 완산구 효자동3가 1458-4,전북특별자치도 전주시 완산구 서곡로 57,063-275-0007,127.1004057,35.8342361,효자5동,exact_official_building_road,기존 주택 CSV의 건물 좌표; 음식점 자체 측량 좌표 아님
마마셈프레,완산구 효자5동,전북특별자치도 전주시 완산구 효자동2가 1232-3,"전북특별자치도 전주시 완산구 홍산로 269, 108호",0507-1486-8221,127.1054849,35.8177079,효자5동,exact_official_building_road,기존 주택 CSV의 건물 좌표; 음식점 자체 측량 좌표 아님
요거프레소_전주송천점,덕진구 송천동1가,전북특별자치도 전주시 덕진구 송천동1가 산143-34,전북특별자치도 전주시 덕진구 오송로 17,063-275-1447,127.1281487,35.8600602,송천1동,exact_official_building_road,기존 주택 CSV의 건물 좌표; 음식점 자체 측량 좌표 아님
별따주는부뚜막_전주혁신점,덕진구 혁신동,전북특별자치도 전주시 덕진구 중동 777-6,전북특별자치도 전주시 덕진구 오공로 43-32,063-226-3392,127.0608538,35.8377017,혁신동,exact_official_building_road,기존 주택 CSV의 건물 좌표; 음식점 자체 측량 좌표 아님
이디야커피_전주혁신점,덕진구 혁신동,전북특별자치도 전주시 덕진구 중동 779-2,전북특별자치도 전주시 덕진구 오정1길 4,063-226-1146,127.0601234,35.8356749,혁신동,exact_official_building_road,기존 주택 CSV의 건물 좌표; 음식점 자체 측량 좌표 아님
씨에프오바베큐치킨,완산구 서신동,전북특별자치도 전주시 완산구 서신동 819-9,전북특별자치도 전주시 완산구 서신천변11길 18-1,063-254-0726,127.1122832,35.83028562,서신동,exact_official_building_road,기존 주택 CSV의 건물 좌표; 음식점 자체 측량 좌표 아님
어썸옐로우,완산구 중화산동2가,전북특별자치도 전주시 완산구 중화산동2가 574-7,전북특별자치도 전주시 완산구 메너머1길16,070-7576-4544,127.1209731,35.82109292,중화산2동,exact_official_building_parcel,기존 주택 CSV의 건물 좌표; 음식점 자체 측량 좌표 아님
페리카나_중화산점,완산구 중화산동,전북특별자치도 전주시 완산구 중화산동2가 534-10,전북특별자치도 전주시 완산구 따박골2길 3,063-228-5700,127.1247954,35.81160291,중화산1동,exact_official_building_road,기존 주택 CSV의 건물 좌표; 음식점 자체 측량 좌표 아님
호떡대장,완산구 중화산동2가,전북특별자치도 전주시 완산구 중화산동2가 44-6,전북특별자치도 전주시 완산구 따박골6길 46,063-285-6426,127.1283513,35.8107522,중화산1동,exact_official_building_road,기존 주택 CSV의 건물 좌표; 음식점 자체 측량 좌표 아님
남천마루,완산구 풍남동,전북특별자치도 전주시 완산구 교동 183-2,전북특별자치도 전주시 완산구 전주천동로 66,063-282-3330,127.1534931,35.8112763,풍남동,exact_official_building_road,기존 주택 CSV의 건물 좌표; 음식점 자체 측량 좌표 아님
뚜레쥬르_전주서신점,완산구 서신동,전북특별자치도 전주시 완산구 서신동 796-5,전북특별자치도 전주시 완산구 당산로54,063-273-1117,127.1140572,35.83199315,서신동,exact_official_building_parcel,기존 주택 CSV의 건물 좌표; 음식점 자체 측량 좌표 아님
BHC치킨_전주서신점,완산구 서신동,전북특별자치도 전주시 완산구 서신동 935-7 1층,전북특별자치도 전주시 완산구 새터로 49,063-273-4970,127.1117249,35.83569837,서신동,exact_official_building_road,기존 주택 CSV의 건물 좌표; 음식점 자체 측량 좌표 아님
부타_서신점,완산구 서신동,전북특별자치도 전주시 완산구 서신동 943-3,전북특별자치도 전주시 완산구 고사평3길 13-2,063-273-8900,127.1082464,35.8361755,서신동,exact_official_building_road,기존 주택 CSV의 건물 좌표; 음식점 자체 측량 좌표 아님
더폴,덕진구 송천동,전북특별자치도 전주시 덕진구 송천동1가 97-6,전북특별자치도 전주시 덕진구 오송1길 37-13,070-7723-0976,127.1306685,35.8639102,송천1동,exact_official_building_road,기존 주택 CSV의 건물 좌표; 음식점 자체 측량 좌표 아님
BHC치킨_서부시장점,완산구 효자동,전북특별자치도 전주시 완산구 효자동1가 101-5,전북특별자치도 전주시 완산구 효동3길 28,063-236-7474,127.1293128,35.8041246,효자1동,exact_official_building_road,기존 주택 CSV의 건물 좌표; 음식점 자체 측량 좌표 아님
섬마을,완산구 중화산동,전북특별자치도 전주시 완산구 중화산동2가 658-13,전북특별자치도 전주시 완산구 어은로 12-5,063-228-2777,127.1246013,35.81618918,중화산1동,exact_official_building_road,기존 주택 CSV의 건물 좌표; 음식점 자체 측량 좌표 아님
오버플로우,완산구 효자5동,전북특별자치도 전주시 완산구 효자동3가 1679-3,전북특별자치도 전주시 완산구 배학3길 3-5,063-901-9866,127.0968306,35.819477,효자5동,exact_official_building_road,기존 주택 CSV의 건물 좌표; 음식점 자체 측량 좌표 아님
다빈갈라테_서신점,완산구 서신동,전북특별자치도 전주시 완산구 서신동 958-7,전북특별자치도 전주시 완산구 고사평2길 12,"0507-1330-3165, 070-4007-3165",127.1107031,35.8342203,서신동,exact_official_building_road,기존 주택 CSV의 건물 좌표; 음식점 자체 측량 좌표 아님
히치하이커,완산구 다가동3가,전북특별자치도 전주시 완산구 다가동3가 38-5,전북특별자치도 전주시 완산구 전주객사1길 30,063-284-0079,127.1398325,35.81783118,중앙동,exact_official_building_road,기존 주택 CSV의 건물 좌표; 음식점 자체 측량 좌표 아님
익태원,완산구 다가동4가,전북특별자치도 전주시 완산구 다가동4가 57-3,전북특별자치도 전주시 완산구 전주객사2길 71,0507-1335-3081,127.1397893,35.8198308,중앙동,exact_official_building_road,기존 주택 CSV의 건물 좌표; 음식점 자체 측량 좌표 아님
나무라디오_객사점,완산구 고사동,전북특별자치도 전주시 완산구 고사동 392-4,전북특별자치도 전주시 완산구 전주객사3길 46-5,063-232-7007,127.1421468,35.8195464,중앙동,exact_official_building_road,기존 주택 CSV의 건물 좌표; 음식점 자체 측량 좌표 아님
국밥대장_송천점,덕진구 송천동1가,전북특별자치도 전주시 덕진구 송천동1가 113-25,전북특별자치도 전주시 덕진구 솔내8길 7,063-255-6408,127.1222245,35.86126436,송천1동,exact_official_building_road,기존 주택 CSV의 건물 좌표; 음식점 자체 측량 좌표 아님
황태도둑_아중점,덕진구 우아동1가,전북특별자치도 전주시 덕진구 우아동1가 1091-10,전북특별자치도 전주시 덕진구 한배미로 78,063-244-1114,127.170655,35.82712366,우아2동,exact_official_building_road,기존 주택 CSV의 건물 좌표; 음식점 자체 측량 좌표 아님
더리터_전주고사점,완산구 고사동,전북특별자치도 전주시 완산구 고사동 192,전북특별자치도 전주시 완산구 전주객사4길 44-27,063-282-8825,127.1442928,35.8204679,중앙동,exact_official_building_road,기존 주택 CSV의 건물 좌표; 음식점 자체 측량 좌표 아님
가나안유황오리,완산구 효자동,전북특별자치도 전주시 완산구 효자동2가 799-1,전북특별자치도 전주시 완산구 쑥고개로 284-48,063-222-5291,127.0972201,35.79892516,효자4동,exact_official_building_road,기존 주택 CSV의 건물 좌표; 음식점 자체 측량 좌표 아님
효천농장,완산구 효자동,전북특별자치도 전주시 완산구 효자동2가 1054-3,전북특별자치도 전주시 완산구 천잠로 227-7,063-222-7858,127.0944214,35.8069273,효자4동,exact_official_building_road,기존 주택 CSV의 건물 좌표; 음식점 자체 측량 좌표 아님
하가참치,덕진구 덕진동2가,전북특별자치도 전주시 덕진구 덕진동2가 677-3,전북특별자치도 전주시 덕진구 가리내10길 12-7,063-273-0188,127.1101433,35.84253663,덕진동,exact_official_building_road,기존 주택 CSV의 건물 좌표; 음식점 자체 측량 좌표 아님
스시아시타,완산구 중화산동2가,전북특별자치도 전주시 완산구 중화산동2가 24-15,전북특별자치도 전주시 완산구 선너무2길 26,0507-1324-6735,127.1284846,35.81424347,중화산1동,exact_official_building_parcel,기존 주택 CSV의 건물 좌표; 음식점 자체 측량 좌표 아님
루브,완산구 다가동,전북특별자치도 전주시 완산구 다가동4가 159-20,전북특별자치도 전주시 완산구 전주천동로276,없음,127.1368946,35.8203789,중앙동,exact_official_building_parcel,기존 주택 CSV의 건물 좌표; 음식점 자체 측량 좌표 아님
요리조리,완산구 효자동,전북특별자치도 전주시 완산구 효자동1가 605-2,"전북특별자치도 전주시 완산구 신봉3길 31, 1층",063-224-0285,127.1148604,35.81245864,효자2동,exact_official_building_road,기존 주택 CSV의 건물 좌표; 음식점 자체 측량 좌표 아님
전주닭강정,완산구 효자5동,전북특별자치도 전주시 완산구 효자동2가 1383,전북특별자치도 전주시 완산구 효천중앙로 30,063-225-8489,127.1053743,35.79593056,삼천3동,exact_official_building_road,기존 주택 CSV의 건물 좌표; 음식점 자체 측량 좌표 아님
군계숯불닭갈비,완산구 효자동,전북특별자치도 전주시 완산구 효자동2가 1306-7,전북특별자치도 전주시 완산구 후곡길 23-18,063-225-4893,127.0948048,35.8106987,효자4동,exact_official_building_road,기존 주택 CSV의 건물 좌표; 음식점 자체 측량 좌표 아님
진수성찬깐쇼새우_전주점,완산구 중화산동2가,전북특별자치도 전주시 완산구 중화산동2가 773-3,전북특별자치도 전주시 완산구 신촌4길 20,063-236-8854,127.1160165,35.8179035,중화산2동,exact_official_building_road,기존 주택 CSV의 건물 좌표; 음식점 자체 측량 좌표 아님
옛날국수사랑,덕진구 우아1동,전북특별자치도 전주시 덕진구 우아동3가 750-40,전북특별자치도 전주시 덕진구 도당산4길 59,063-245-4549,127.1551456,35.8460572,우아1동,exact_official_building_road,기존 주택 CSV의 건물 좌표; 음식점 자체 측량 좌표 아님
목련,완산구 다가동4가,전북특별자치도 전주시 완산구 다가동4가 118-6,전북특별자치도 전주시 완산구 전주객사1길 73,0507-1345-0186,127.1384988,35.81939895,중앙동,exact_official_building_road,기존 주택 CSV의 건물 좌표; 음식점 자체 측량 좌표 아님
역전할머니맥주_송천점,덕진구 송천2동,전북특별자치도 전주시 덕진구 송천동1가 832-5,전북특별자치도 전주시 덕진구 시천로 60,063-272-7266,127.1146157,35.8646068,송천2동,exact_official_building_road,기존 주택 CSV의 건물 좌표; 음식점 자체 측량 좌표 아님
도시어부_전주신시가지점,완산구 효자동,전북특별자치도 전주시 완산구 효자동3가 1535-4,전북특별자치도 전주시 완산구 홍산중앙로 35,063-226-8998,127.10878,35.816728,효자5동,exact_official_building_road,기존 주택 CSV의 건물 좌표; 음식점 자체 측량 좌표 아님
만성한정식,완산구 효자동,전북특별자치도 전주시 완산구 효자동2가 1243-8,"전북특별자치도 전주시 완산구 바우배기1길 31-9, 2층",063-232-4141,127.1050056,35.8151513,효자5동,exact_official_building_road,기존 주택 CSV의 건물 좌표; 음식점 자체 측량 좌표 아님
해마루막회,완산구 서신동,전북특별자치도 전주시 완산구 서신동 889-4,전북특별자치도 전주시 완산구 유연로 305-1,063-273-8987,127.1190605,35.8255705,서신동,exact_official_building_road,기존 주택 CSV의 건물 좌표; 음식점 자체 측량 좌표 아님
임실앤치즈피자_송천점,덕진구 송천동,전북특별자치도 전주시 덕진구 송천동2가 193-73,전북특별자치도 전주시 덕진구 천마산로 12,0504-0544-0104,127.1229044,35.8636502,송천1동,exact_official_building_road,기존 주택 CSV의 건물 좌표; 음식점 자체 측량 좌표 아님
티드빗,완산구 서신동,전북특별자치도 전주시 완산구 서신동 800-10 1층,전북특별자치도 전주시 완산구 서신천변13길 8-1 1층,0507-1348-0978,127.1132536,35.83060823,서신동,exact_official_building_road,기존 주택 CSV의 건물 좌표; 음식점 자체 측량 좌표 아님
모미당,완산구 효자동,전북특별자치도 전주시 완산구 효자동3가 1434-5,전북특별자치도 전주시 완산구 서곡1길 4-5,063-255-3227,127.1008277,35.83522089,효자5동,exact_official_building_road,기존 주택 CSV의 건물 좌표; 음식점 자체 측량 좌표 아님
역전양푼집,덕진구 우아1동,전북특별자치도 전주시 덕진구 우아동3가 746-33,전북특별자치도 전주시 덕진구 백제대로 821,063-242-6556,127.1578501,35.8488391,우아1동,exact_official_building_road,기존 주택 CSV의 건물 좌표; 음식점 자체 측량 좌표 아님
촉촉버거_효천점,완산구 효자5동,전북특별자치도 전주시 완산구 효자동2가 1383 1층,전북특별자치도 전주시 완산구 효천중앙로 22 1층,063-225-3302,127.1053743,35.79593056,삼천3동,exact_official_building_parcel,기존 주택 CSV의 건물 좌표; 음식점 자체 측량 좌표 아님
황토보신탕,완산구 서신동,전북특별자치도 전주시 완산구 서신동 965-2,전북특별자치도 전주시 완산구 서신로 102,063-273-5116,127.1169762,35.8352788,서신동,exact_official_building_road,기존 주택 CSV의 건물 좌표; 음식점 자체 측량 좌표 아님
모닝토스트김밥,덕진구 산정동,전북특별자치도 전주시 덕진구 산정동 342-4,전북특별자치도 전주시 덕진구 금상길 2,063-242-2830,127.1731203,35.8415937,우아2동,exact_official_building_road,기존 주택 CSV의 건물 좌표; 음식점 자체 측량 좌표 아님
이씨식당,완산구 효자동,전북특별자치도 전주시 완산구 효자동3가 1533-5,전북특별자치도 전주시 완산구 홍산북로 60-10,063-228-6660,127.1081625,35.81671748,효자5동,exact_official_building_road,기존 주택 CSV의 건물 좌표; 음식점 자체 측량 좌표 아님
바르다김선생_송천점,덕진구 송천동,전북특별자치도 전주시 덕진구 송천동2가 179-40,전북특별자치도 전주시 덕진구 천마산로 73,063-252-7111,127.1294579,35.8654057,송천1동,exact_official_building_road,기존 주택 CSV의 건물 좌표; 음식점 자체 측량 좌표 아님
남노갈비_서부시장점,완산구 효자동,전북특별자치도 전주시 완산구 효자동1가 209-6,"전북특별자치도 전주시 완산구 효동2길 22-1, 1층",063-222-6989,127.1265541,35.80458543,효자1동,exact_official_building_road,기존 주택 CSV의 건물 좌표; 음식점 자체 측량 좌표 아님
꾜돈,완산구 고사동,전북특별자치도 전주시 완산구 고사동 408-8 지하1층,전북특별자치도 전주시 완산구 전주객사4길 25 지하1층,0507-1319-0083,127.143739,35.81885948,중앙동,exact_official_building_road,기존 주택 CSV의 건물 좌표; 음식점 자체 측량 좌표 아님
각시명품한돈정육식당,완산구 효자동1가,전북특별자치도 전주시 완산구 효자동1가 219-5,전북특별자치도 전주시 완산구 효동2길 38,063-225-2980,127.1258936,35.8032472,효자1동,exact_official_building_road,기존 주택 CSV의 건물 좌표; 음식점 자체 측량 좌표 아님
가본집_화산점,완산구 중화산동2가,전북특별자치도 전주시 완산구 중화산동2가 762-6,전북특별자치도 전주시 완산구 화산천변1길 12,063-237-1257,127.1151005,35.819519,중화산2동,exact_official_building_road,기존 주택 CSV의 건물 좌표; 음식점 자체 측량 좌표 아님
일팔카츠,완산구 효자5동,전북특별자치도 전주시 완산구 효자동2가 1332-2 1층 105호,전북특별자치도 전주시 완산구 우전1길 49-3 1층 105호,063-909-3136,127.1055226,35.8080109,효자4동,exact_official_building_road,기존 주택 CSV의 건물 좌표; 음식점 자체 측량 좌표 아님
맛나광장,완산구 중화산동2가,전북특별자치도 전주시 완산구 중화산동2가 783-7,전북특별자치도 전주시 완산구 신촌4길 19,063-714-2885,127.116071,35.8175783,중화산2동,exact_official_building_road,기존 주택 CSV의 건물 좌표; 음식점 자체 측량 좌표 아님
부대통령뚝배기_전주대점,완산구 효자동3가,전북특별자치도 전주시 완산구 효자동3가 1184-8,전북특별자치도 전주시 완산구 백마산길 17,0507-1327-5780,127.0914178,35.8174719,효자4동,exact_official_building_road,기존 주택 CSV의 건물 좌표; 음식점 자체 측량 좌표 아님
커피플로트,덕진구 송천동,전북특별자치도 전주시 덕진구 송천동2가 179-119,전북특별자치도 전주시 덕진구 사근1길 31,063-252-9224,127.1305541,35.8666658,송천1동,exact_official_building_road,기존 주택 CSV의 건물 좌표; 음식점 자체 측량 좌표 아님
부여통닭_전주도청점,완산구 효자동3가,전북특별자치도 전주시 완산구 효자동3가 1534-4,전북특별자치도 전주시 완산구 홍산남로 53,063-236-5577,127.1078429,35.8160215,효자5동,exact_official_building_road,기존 주택 CSV의 건물 좌표; 음식점 자체 측량 좌표 아님
맘스터치_전주송천점,덕진구 송천1동,전북특별자치도 전주시 덕진구 송천동1가 834-1,전북특별자치도 전주시 덕진구 시천로 46,063-253-9295,127.1147943,35.863328,송천2동,exact_official_building_road,기존 주택 CSV의 건물 좌표; 음식점 자체 측량 좌표 아님
황가네꼼장어닭발숯불구이_효자점,완산구 효자동1가,전북특별자치도 전주시 완산구 효자동1가 388,전북특별자치도 전주시 완산구 거마평로 170,050-7987-5218,127.1164127,35.8077262,효자2동,exact_official_building_road,기존 주택 CSV의 건물 좌표; 음식점 자체 측량 좌표 아님
무한도전,완산구 효자동2가,전북특별자치도 전주시 완산구 효자동2가 1329-1,전북특별자치도 전주시 완산구 우전2길 71-5,063-227-4499,127.1065942,35.81050483,효자4동,exact_official_building_road,기존 주택 CSV의 건물 좌표; 음식점 자체 측량 좌표 아님
새마을식당_전북도청점,완산구 효자동,전북특별자치도 전주시 완산구 효자동3가 1536-6,전북특별자치도 전주시 완산구 홍산중앙로 30,063-221-0418,127.1093203,35.8162925,효자5동,exact_official_building_road,기존 주택 CSV의 건물 좌표; 음식점 자체 측량 좌표 아님
권씨네족발_혁신점,덕진구 혁신동,전북특별자치도 전주시 덕진구 혁신동 776-12 서진빌딩6층,전북특별자치도 전주시 덕진구 오공로 43-13 서진빌딩6층,063-223-4177,127.0599496,35.83726099,혁신동,exact_official_building_road,기존 주택 CSV의 건물 좌표; 음식점 자체 측량 좌표 아님
아구명가,완산구 효자5동,전북특별자치도 전주시 완산구 효자동2가 1328-1 1층,전북특별자치도 전주시 완산구 우전2길 71-23 1층,063-221-7795,127.1062388,35.81062838,효자4동,exact_official_building_road,기존 주택 CSV의 건물 좌표; 음식점 자체 측량 좌표 아님
황소알곱창_전주도청점,완산구 효자5동,전북특별자치도 전주시 완산구 효자동3가 1529-8 1층,전북특별자치도 전주시 완산구 홍산북로 59-7 1층,063-225-5031,127.108348,35.8178538,효자5동,exact_official_building_road,기존 주택 CSV의 건물 좌표; 음식점 자체 측량 좌표 아님
작약카페,완산구 효자5동,전북특별자치도 전주시 완산구 효자동2가 1312-4,전북특별자치도 전주시 완산구 후곡길 6-11,063-252-5643,127.0970093,35.80974834,효자4동,exact_official_building_road,기존 주택 CSV의 건물 좌표; 음식점 자체 측량 좌표 아님
하가본참치,덕진구 덕진동,전북특별자치도 전주시 덕진구 덕진동2가 677-9 1동 1층,전북특별자치도 전주시 덕진구 가리내10길 18-6,063-253-3737,127.1102909,35.84220423,덕진동,exact_official_building_road,기존 주택 CSV의 건물 좌표; 음식점 자체 측량 좌표 아님
바른치킨_전주아중점,덕진구 우아동2가,전북특별자치도 전주시 덕진구 우아동2가 902-1,전북특별자치도 전주시 덕진구 정언신로 179,063-246-0334,127.1728619,35.83203298,우아2동,exact_official_building_road,기존 주택 CSV의 건물 좌표; 음식점 자체 측량 좌표 아님
고기_그리고맛있는솜씨,완산구 효자4동,전북특별자치도 전주시 완산구 효자동2가 1332-2,전북특별자치도 전주시 완산구 우전1길 49-3,063-222-2646,127.1055226,35.8080109,효자4동,exact_official_building_road,기존 주택 CSV의 건물 좌표; 음식점 자체 측량 좌표 아님
숲515,완산구 효자5동,전북특별자치도 전주시 완산구 효자동2가 1235-8,전북특별자치도 전주시 완산구 홍산남로 11-24,063-222-0515,127.1032959,35.8163871,효자5동,exact_official_building_road,기존 주택 CSV의 건물 좌표; 음식점 자체 측량 좌표 아님
효자동마카롱,완산구 효자5동,전북특별자치도 전주시 완산구 효자동3가 1669-3,전북특별자치도 전주시 완산구 마전들로 17,010-4655-7332,127.0974885,35.82119857,효자5동,exact_official_building_road,기존 주택 CSV의 건물 좌표; 음식점 자체 측량 좌표 아님
감영75,완산구 전동,전북특별자치도 전주시 완산구 전동 140-1,전북특별자치도 전주시 완산구 전라감영로 75,063-285-0005,127.1475842,35.8161306,풍남동,exact_official_building_road,기존 주택 CSV의 건물 좌표; 음식점 자체 측량 좌표 아님
라스트위크,완산구 중앙동4가,전북특별자치도 전주시 완산구 중앙동4가 31-26 2층,전북특별자치도 전주시 완산구 풍남문4길 25-22 2층,0507-1486-1215,127.1448461,35.81467624,중앙동,exact_official_building_road,기존 주택 CSV의 건물 좌표; 음식점 자체 측량 좌표 아님
누구나홀딱반한닭_전주삼천점,완산구 효자3동,전북특별자치도 전주시 완산구 효자동1가 669-2 1층,전북특별자치도 전주시 완산구 용리로 41,050-7987-8497,127.1143253,35.79883586,효자3동,exact_official_building_road,기존 주택 CSV의 건물 좌표; 음식점 자체 측량 좌표 아님
풍성한짜글이앤삼겹살,완산구 효자동2가,전북특별자치도 전주시 완산구 효자동2가 1305-7,전북특별자치도 전주시 완산구 후곡길 31-35,063-221-0173,127.0941847,35.8114345,효자4동,exact_official_building_road,기존 주택 CSV의 건물 좌표; 음식점 자체 측량 좌표 아님
고자루,완산구 고사동,전북특별자치도 전주시 완산구 고사동 473-9,"전북특별자치도 전주시 완산구 전주객사2길 46-12, 1층",010-7525-3688,127.1412996,35.8189944,중앙동,exact_official_building_road,기존 주택 CSV의 건물 좌표; 음식점 자체 측량 좌표 아님
아리랑숯불갈비,완산구 서신동,전북특별자치도 전주시 완산구 서신동801,전북특별자치도 전주시 완산구 서신천변15길 7,063-254-0606,127.1134952,35.8317727,서신동,exact_official_building_road,기존 주택 CSV의 건물 좌표; 음식점 자체 측량 좌표 아님
참고깃집식당,덕진구 송천2동,전북특별자치도 전주시 덕진구 송천동2가 185-1,"전북특별자치도 전주시 덕진구 사근1길 57, 1층 112호",063-274-5063,127.1336267,35.8665673,송천1동,exact_official_building_road,기존 주택 CSV의 건물 좌표; 음식점 자체 측량 좌표 아님
동서네낙지_전주중동점,덕진구 혁신동,전북특별자치도 전주시 덕진구 혁신동 776-11,전북특별자치도 전주시 덕진구 오공로 43-7,063-223-7442,127.059978,35.8369487,혁신동,exact_official_building_road,기존 주택 CSV의 건물 좌표; 음식점 자체 측량 좌표 아님
흑도리_전주신시가지점,완산구 효자5동,전북특별자치도 전주시 완산구 효자동3가 1693-5 1층,전북특별자치도 전주시 완산구 효자로 161 1층,063-228-9258,127.1025861,35.819445,효자5동,exact_official_building_road,기존 주택 CSV의 건물 좌표; 음식점 자체 측량 좌표 아님
지코바_우아1호점,덕진구 우아동3가,전북특별자치도 전주시 덕진구 우아동3가 762,전북특별자치도 전주시 덕진구 우아로 48,0507-1313-9502,127.1555738,35.85396804,우아1동,exact_official_building_road,기존 주택 CSV의 건물 좌표; 음식점 자체 측량 좌표 아님
강촌떡갈비,완산구 풍남동,전북특별자치도 전주시 완산구 교동 175-3,전북특별자치도 전주시 완산구 전주천동로 56,063-283-0600,127.1545749,35.81134698,풍남동,exact_official_building_road,기존 주택 CSV의 건물 좌표; 음식점 자체 측량 좌표 아님
생생면옥,덕진구 송천동,전북특별자치도 전주시 덕진구 송천동1가 101-30,전북특별자치도 전주시 덕진구 솔내9길 4,063-278-1238,127.1259842,35.8624924,송천1동,exact_official_building_road,기존 주택 CSV의 건물 좌표; 음식점 자체 측량 좌표 아님
여울포레스트,완산구 서신동,전북특별자치도 전주시 완산구 서신동 1010-6,전북특별자치도 전주시 완산구 고사평7길 12,063-252-4046,127.1093472,35.8377414,서신동,exact_official_building_road,기존 주택 CSV의 건물 좌표; 음식점 자체 측량 좌표 아님
블랑제리효모의집,덕진구 장동,전북특별자치도 전주시 덕진구 장동 1087-1,전북특별자치도 전주시 덕진구 출판로 84,0507-1406-7671,127.0618481,35.8393673,여의동,exact_official_building_road,기존 주택 CSV의 건물 좌표; 음식점 자체 측량 좌표 아님
마천루,완산구 효자동3가,전북특별자치도 전주시 완산구 효자동3가 1464-7,전북특별자치도 전주시 완산구 서곡2길 14-9,063-255-3168,127.1016968,35.8333254,효자5동,exact_official_building_road,기존 주택 CSV의 건물 좌표; 음식점 자체 측량 좌표 아님
카페올리브가든,완산구 효자동3가,전북특별자치도 전주시 완산구 효자동3가 1525-2,전북특별자치도 전주시 완산구 홍산로 276,070-7722-0369,127.1064669,35.8182384,효자5동,exact_official_building_road,기존 주택 CSV의 건물 좌표; 음식점 자체 측량 좌표 아님
요거프레소_전주천변점,덕진구 송천동,전북특별자치도 전주시 덕진구 송천동1가 324-5,전북특별자치도 전주시 덕진구 가리내로 508,0507-1419-9980,127.1170144,35.85798,송천2동,exact_official_building_road,기존 주택 CSV의 건물 좌표; 음식점 자체 측량 좌표 아님
정가네깐쇼새우,완산구 효자5동,전북특별자치도 전주시 완산구 효자동3가 1527-19 2층,전북특별자치도 전주시 완산구 홍산북로 45-24,063-278-8080,127.1069655,35.8181654,효자5동,exact_official_building_road,기존 주택 CSV의 건물 좌표; 음식점 자체 측량 좌표 아님
콩나루콩나물국밥_송천점,덕진구 송천1동,전북특별자치도 전주시 덕진구 송천동1가 485-17,전북특별자치도 전주시 덕진구 솔내8길 12,063-277-9011,127.1226223,35.8608877,송천1동,exact_official_building_road,기존 주택 CSV의 건물 좌표; 음식점 자체 측량 좌표 아님
커피홀릭,완산구 서신동,전북특별자치도 전주시 완산구 서신동 938-3,전북특별자치도 전주시 완산구 새터로 32,063-278-3766,127.1100698,35.835827,서신동,exact_official_building_road,기존 주택 CSV의 건물 좌표; 음식점 자체 측량 좌표 아님
서유기중화요리,완산구 효자동2가,전북특별자치도 전주시 완산구 효자동2가 1256-4,전북특별자치도 전주시 완산구 우전로 204,050-7987-1925,127.1019665,35.8127898,효자4동,exact_official_building_road,기존 주택 CSV의 건물 좌표; 음식점 자체 측량 좌표 아님
한신포차_전북대점,덕진구 덕진동,전북특별자치도 전주시 덕진구 덕진동1가 1314-162,전북특별자치도 전주시 덕진구 명륜4길 17-8,063-273-4739,127.1262125,35.84389816,덕진동,exact_official_building_road,기존 주택 CSV의 건물 좌표; 음식점 자체 측량 좌표 아님
한라와라야키,완산구 효자5동,전북특별자치도 전주시 완산구 효자동3가 1533-3 성준빌딩 1층 102호,전북특별자치도 전주시 완산구 홍산북로 46-21 성준빌딩 1층 102호,063-229-3177,127.1073622,35.8167438,효자5동,exact_official_building_road,기존 주택 CSV의 건물 좌표; 음식점 자체 측량 좌표 아님
차차케이크,완산구 효자동,전북특별자치도 전주시 완산구 효자동3가 1668-5,전북특별자치도 전주시 완산구 마전들로 29 1층,010-8120-7492,127.0988022,35.8211927,효자5동,exact_official_building_road,기존 주택 CSV의 건물 좌표; 음식점 자체 측량 좌표 아님
더벤티_전주혁신도시점,덕진구 혁신동,전북특별자치도 전주시 덕진구 혁신동 775-2,전북특별자치도 전주시 덕진구 기지로 82,070-7719-6977,127.0609008,35.8381049,혁신동,exact_official_building_road,기존 주택 CSV의 건물 좌표; 음식점 자체 측량 좌표 아님
신가네정읍국밥_효자점,완산구 효자4동,전북특별자치도 전주시 완산구 효자동2가 1209-5,전북특별자치도 전주시 완산구 소태정1길 24,063-222-6457,127.099189,35.8029008,효자4동,exact_official_building_road,기존 주택 CSV의 건물 좌표; 음식점 자체 측량 좌표 아님
풍미갈비,덕진구 혁신동,전북특별자치도 전주시 덕진구 혁신동 781-2,전북특별자치도 전주시 덕진구 오정1길 3,063-214-9292,127.0606437,35.83566208,혁신동,exact_official_building_road,기존 주택 CSV의 건물 좌표; 음식점 자체 측량 좌표 아님
브리꼴라주,완산구 고사동,전북특별자치도 전주시 완산구 다가동3가 19-1,전북특별자치도 전주시 완산구 전주객사2길 23-7,063-285-0510,127.1404542,35.81764635,중앙동,exact_official_building_road,기존 주택 CSV의 건물 좌표; 음식점 자체 측량 좌표 아님
엄마밥상,덕진구 혁신동,전북특별자치도 전주시 덕진구 만성동 1345-5,전북특별자치도 전주시 덕진구 정여립로 1115,063-211-5100,127.0836063,35.84860158,여의동,exact_official_building_road,기존 주택 CSV의 건물 좌표; 음식점 자체 측량 좌표 아님
본참치_본점,완산구 중화산동2가,전북특별자치도 전주시 완산구 중화산동2가 656-7,전북특별자치도 전주시 완산구 어은로 15,063-222-2050,127.1246179,35.81669404,중화산2동,exact_official_building_road,기존 주택 CSV의 건물 좌표; 음식점 자체 측량 좌표 아님
용이네동태마을,완산구 풍남동,전북특별자치도 전주시 완산구 전동 92-6,전북특별자치도 전주시 완산구 풍남문3길 4,063-232-9007,127.147542,35.81402839,풍남동,exact_official_building_road,기존 주택 CSV의 건물 좌표; 음식점 자체 측량 좌표 아님
장가면옥_전주본점,완산구 중화산동2가,전북특별자치도 전주시 완산구 중화산동2가 728-3,전북특별자치도 전주시 완산구 유연로 296,063-224-0492,127.1178412,35.82509888,중화산2동,exact_official_building_road,기존 주택 CSV의 건물 좌표; 음식점 자체 측량 좌표 아님
초원갈비,덕진구 우아1동,전북특별자치도 전주시 덕진구 우아동3가 257-5,전북특별자치도 전주시 덕진구 동부대로 651,063-242-8811,127.161682,35.84689039,우아1동,exact_official_building_road,기존 주택 CSV의 건물 좌표; 음식점 자체 측량 좌표 아님
보토루,완산구 효자동3가,전북특별자치도 전주시 완산구 효자동3가 1597-16,전북특별자치도 전주시 완산구 문학대1길 10-19,0507-1337-8789,127.0990348,35.82539223,효자5동,exact_official_building_road,기존 주택 CSV의 건물 좌표; 음식점 자체 측량 좌표 아님
강변순대,덕진구 덕진동,전북특별자치도 전주시 덕진구 덕진동2가 671-11,전북특별자치도 전주시 덕진구 가리내8길 10-6,063-226-5492,127.1108022,35.8439035,덕진동,exact_official_building_road,기존 주택 CSV의 건물 좌표; 음식점 자체 측량 좌표 아님
디에떼_송천2호점,덕진구 송천동,전북특별자치도 전주시 덕진구 송천동1가 833-4,전북특별자치도 전주시 덕진구 시천로 52,063-272-1981,127.1146911,35.8639816,송천2동,exact_official_building_road,기존 주택 CSV의 건물 좌표; 음식점 자체 측량 좌표 아님
집엔납작한슬리퍼,완산구 고사동,전북특별자치도 전주시 완산구 고사동 455-2,전북특별자치도 전주시 완산구 전주객사2길 24,070-8806-3100,127.1409522,35.8179588,중앙동,exact_official_building_road,기존 주택 CSV의 건물 좌표; 음식점 자체 측량 좌표 아님
고향시래기,완산구 효자5동,전북특별자치도 전주시 완산구 효자동2가 1238-8,전북특별자치도 전주시 완산구 홍산남로 29-7,063-226-8009,127.1049962,35.816026,효자5동,exact_official_building_road,기존 주택 CSV의 건물 좌표; 음식점 자체 측량 좌표 아님
한상차림,완산구 중화산동2가,전북특별자치도 전주시 완산구 중화산동2가 576-2,전북특별자치도 전주시 완산구 메너머1길 33,0507-1426-2065,127.1192718,35.82081911,중화산2동,exact_official_building_road,기존 주택 CSV의 건물 좌표; 음식점 자체 측량 좌표 아님
아무,완산구 효자4동,전북특별자치도 전주시 완산구 효자동2가 1206-3,전북특별자치도 전주시 완산구 소태정3길 18-1,063-244-0240,127.0990501,35.8033179,효자4동,exact_official_building_road,기존 주택 CSV의 건물 좌표; 음식점 자체 측량 좌표 아님
홍스쭈꾸미_전북혁신점,덕진구 장동,"전북특별자치도 전주시 덕진구 장동 1093-5, 1-501","전북특별자치도 전주시 덕진구 중동로 104-6, 1-501",063-212-9583,127.064469,35.8426594,여의동,exact_official_building_road,기존 주택 CSV의 건물 좌표; 음식점 자체 측량 좌표 아님
들녘추어탕,완산구 서신동,전북특별자치도 전주시 완산구 서신동 786-4,전북특별자치도 전주시 완산구 감나무4길 30,063-277-9591,127.1196935,35.83175509,서신동,exact_official_building_road,기존 주택 CSV의 건물 좌표; 음식점 자체 측량 좌표 아님
빕스_전주점,완산구 서신동,전북특별자치도 전주시 완산구 서신동 997-10,전북특별자치도 전주시 완산구 백제대로 382,063-252-1997,127.1232161,35.82746352,서신동,exact_official_building_road,기존 주택 CSV의 건물 좌표; 음식점 자체 측량 좌표 아님
장미맨숀_다가점,완산구 다가동,전북특별자치도 전주시 완산구 다가동3가 21-1,"전북특별자치도 전주시 완산구 전주객사2길11-2, 1층",063-232-0146,127.1407997,35.81742348,중앙동,exact_official_building_parcel,기존 주택 CSV의 건물 좌표; 음식점 자체 측량 좌표 아님
도예,완산구 효자동,전북특별자치도 전주시 완산구 효자동1가 667-11,전북특별자치도 전주시 완산구 효자천변1길 26-21,063-224-7972,127.1142785,35.79906986,효자3동,exact_official_building_road,기존 주택 CSV의 건물 좌표; 음식점 자체 측량 좌표 아님
조선화로집_서신롯데점,완산구 서신동,전북특별자치도 전주시 완산구 서신동 967-5,전북특별자치도 전주시 완산구 온고을로 30-30,063-288-0092,127.1198289,35.8346118,서신동,exact_official_building_parcel,기존 주택 CSV의 건물 좌표; 음식점 자체 측량 좌표 아님
국수나무_전주에코시티점,덕진구 송천2동,전북특별자치도 전주시 덕진구 송천동2가 1327-8,"전북특별자치도 전주시 덕진구 세병2길 31-7, 1층 107호",063-253-5777,127.127337,35.8733392,송천1동,exact_official_building_road,기존 주택 CSV의 건물 좌표; 음식점 자체 측량 좌표 아님
대관령동태찌개와낚지볶음_송천점,덕진구 송천1동,전북특별자치도 전주시 덕진구 송천동1가 813-8 1층,전북특별자치도 전주시 덕진구 두간3길 7 1층,063-275-5875,127.1202824,35.86468415,송천2동,exact_official_building_road,기존 주택 CSV의 건물 좌표; 음식점 자체 측량 좌표 아님
대성학원,완산구 경원동1가,전북특별자치도 전주시 완산구 경원동1가 7,전북특별자치도 전주시 완산구 전동성당길 8,0507-1366-2892,127.1485076,35.8185456,풍남동,exact_official_building_road,기존 주택 CSV의 건물 좌표; 음식점 자체 측량 좌표 아님
노랑통닭_서신행복점,완산구 서신동,전북특별자치도 전주시 완산구 서신동  854-2,전북특별자치도 전주시 완산구 전룡로 14-1,063-255-9210,127.1147173,35.8260165,서신동,exact_official_building_road,기존 주택 CSV의 건물 좌표; 음식점 자체 측량 좌표 아님
킹스대게_도청점,완산구 효자동,전북특별자치도 전주시 완산구 효자동3가 1539-1 2층,전북특별자치도 전주시 완산구 홍산남로 71 2층,063-224-6998,127.1097686,35.81599,효자5동,exact_official_building_road,기존 주택 CSV의 건물 좌표; 음식점 자체 측량 좌표 아님
전주대한끼마을,완산구 효자동3가,전북특별자치도 전주시 완산구 효자동3가 1277-1,전북특별자치도 전주시 완산구 백마산길 38,0507-1339-8084,127.0893065,35.8170078,효자4동,exact_official_building_road,기존 주택 CSV의 건물 좌표; 음식점 자체 측량 좌표 아님
정담_생구이전문점,덕진구 덕진동,전북특별자치도 전주시 덕진구 덕진동2가 189-25,전북특별자치도 전주시 덕진구 권삼득로 385,063-255-9222,127.1209415,35.8467369,덕진동,exact_official_building_road,기존 주택 CSV의 건물 좌표; 음식점 자체 측량 좌표 아님
다온담,덕진구 송천1동,전북특별자치도 전주시 덕진구 송천동1가 332-17,"전북특별자치도 전주시 덕진구 송천로 35-5, 1층",0507-1362-9768,127.1180741,35.8564359,송천2동,exact_official_building_road,기존 주택 CSV의 건물 좌표; 음식점 자체 측량 좌표 아님
금커피별빙수_효자점,완산구 효자동2가,전북특별자치도 전주시 완산구 효자동2가 1154-3,전북특별자치도 전주시 완산구 홍산로 238,070-5033-2002,127.1064458,35.81487509,효자5동,exact_official_building_road,기존 주택 CSV의 건물 좌표; 음식점 자체 측량 좌표 아님
아무튼커피,완산구 효자4동,전북특별자치도 전주시 완산구 효자동3가 1730-2 101호,전북특별자치도 전주시 완산구 용호로 111 101호,010-4835-2470,127.0968216,35.8130026,효자4동,exact_official_building_road,기존 주택 CSV의 건물 좌표; 음식점 자체 측량 좌표 아님
요거프레소_송천솔내점,덕진구 송천동,전북특별자치도 전주시 덕진구 송천동1가 811-4,전북특별자치도 전주시 덕진구 두간로 60,063-261-3554,127.1209034,35.8651082,송천2동,exact_official_building_road,기존 주택 CSV의 건물 좌표; 음식점 자체 측량 좌표 아님
벌떡_전주대점,완산구 효자동2가,전북특별자치도 전주시 완산구 효자동2가 1307-7,전북특별자치도 전주시 완산구 후곡길 23-6,0504-2015-0664,127.0951133,35.8107665,효자4동,exact_official_building_road,기존 주택 CSV의 건물 좌표; 음식점 자체 측량 좌표 아님
라볼타,완산구 중화산동2가,전북특별자치도 전주시 완산구 중화산동2가 750-2 1층,전북특별자치도 전주시 완산구 화산천변6길 7-3 1층,0507-1328-3314,127.1154731,35.82107968,중화산2동,exact_official_building_road,기존 주택 CSV의 건물 좌표; 음식점 자체 측량 좌표 아님
상왕등도횟집,완산구 서신동,전북특별자치도 전주시 완산구 서신동 947-5,전북특별자치도 전주시 완산구 고사평로 13,063-274-3392,127.109349,35.83535634,서신동,exact_official_building_road,기존 주택 CSV의 건물 좌표; 음식점 자체 측량 좌표 아님
화덕초대파불고기_전주고사점,완산구 고사동,전북특별자치도 전주시 완산구 고사동 232-2,전북특별자치도 전주시 완산구 전주객사4길 74-35,0507-1429-8118,127.1438561,35.82134794,중앙동,exact_official_building_road,기존 주택 CSV의 건물 좌표; 음식점 자체 측량 좌표 아님
보배반점_전주서신점,완산구 서신동,전북특별자치도 전주시 완산구 서신동 832-1 1층,전북특별자치도 전주시 완산구 서신로 40 1층,063-275-2952,127.1160283,35.82890713,서신동,exact_official_building_road,기존 주택 CSV의 건물 좌표; 음식점 자체 측량 좌표 아님
호랑이밥집,완산구 다가동,전북특별자치도 전주시 완산구 다가동3가 64-14,전북특별자치도 전주시 완산구 전주객사1길 13-1,070-4300-3027,127.1400847,35.8170218,중앙동,exact_official_building_road,기존 주택 CSV의 건물 좌표; 음식점 자체 측량 좌표 아님
전주순두부,덕진구 산정동,전북특별자치도 전주시 덕진구 산정동 748-1,전북특별자치도 전주시 덕진구 전진로 9,063-247-3838,127.1697585,35.84096166,우아2동,exact_official_building_road,기존 주택 CSV의 건물 좌표; 음식점 자체 측량 좌표 아님
봉돼지,덕진구 혁신동,전북특별자치도 전주시 덕진구 혁신동 776-10,전북특별자치도 전주시 덕진구 오공로 43-5,063-226-9925,127.0599667,35.8367322,혁신동,exact_official_building_road,기존 주택 CSV의 건물 좌표; 음식점 자체 측량 좌표 아님
요거프레소_전주대점,완산구 효자4동,전북특별자치도 전주시 완산구 효자동3가 1172-4,전북특별자치도 전주시 완산구 백마산길 22-4,063-245-2197,127.0908795,35.817673,효자4동,exact_official_building_road,기존 주택 CSV의 건물 좌표; 음식점 자체 측량 좌표 아님
신전떡볶이_전주대신시가지점,완산구 효자4동,전북특별자치도 전주시 완산구 효자동3가 1724-3 1층 102호,전북특별자치도 전주시 완산구 서원로 6,063-224-0212,127.0949541,35.81340124,효자4동,exact_official_building_road,기존 주택 CSV의 건물 좌표; 음식점 자체 측량 좌표 아님
심플슈가,완산구 고사동,전북특별자치도 전주시 완산구 고사동 436-1 2층,전북특별자치도 전주시 완산구 전주객사3길 16 2층,0507-1366-2117,127.1426864,35.81794167,중앙동,exact_official_building_road,기존 주택 CSV의 건물 좌표; 음식점 자체 측량 좌표 아님
보나베띠_전북도청점,완산구 효자동3가,전북특별자치도 전주시 완산구 효자동2가 1155-1 2층,전북특별자치도 전주시 완산구 홍산남로 48 2층,063-226-0072,127.106995,35.8155533,효자5동,exact_official_building_road,기존 주택 CSV의 건물 좌표; 음식점 자체 측량 좌표 아님
자담치킨_전주효자점,완산구 효자동,전북특별자치도 전주시 완산구 효자동1가 445-13,전북특별자치도 전주시 완산구 거마평로 147-9,063-222-1587,127.1160343,35.80537393,효자3동,exact_official_building_road,기존 주택 CSV의 건물 좌표; 음식점 자체 측량 좌표 아님
장미맨숀_삼천점,완산구 삼천동1가,전북특별자치도 전주시 완산구 삼천동1가 725-3 1층,전북특별자치도 전주시 완산구 강변로 19,0504-2015-2394,127.1121014,35.79885554,삼천3동,exact_official_building_parcel,기존 주택 CSV의 건물 좌표; 음식점 자체 측량 좌표 아님
옛날양푼동태찌게,덕진구 우아동1가,전북특별자치도 전주시 덕진구 우아동1가 1100-7,전북특별자치도 전주시 덕진구 한배미로 54-1,063-253-0324,127.1709318,35.82498044,우아2동,exact_official_building_road,기존 주택 CSV의 건물 좌표; 음식점 자체 측량 좌표 아님
콜리,완산구 효자동,전북특별자치도 전주시 완산구 효자동3가 1627-1,전북특별자치도 전주시 완산구 유연로 170,063-221-2226,127.1040205,35.82490668,효자5동,exact_official_building_road,기존 주택 CSV의 건물 좌표; 음식점 자체 측량 좌표 아님
남문추어탕,완산구 풍남동,전북특별자치도 전주시 완산구 전동 288-1,전북특별자치도 전주시 완산구 풍남문1길 7,063-285-2585,127.1482047,35.81206821,풍남동,exact_official_building_road,기존 주택 CSV의 건물 좌표; 음식점 자체 측량 좌표 아님
아리아랑,완산구 효자동,"전북특별자치도 전주시 완산구 효자동2가 1231-3 2층,3층","전북특별자치도 전주시 완산구 홍산북로 29-9 2층,3층",063-242-2312,127.1049586,35.8182298,효자5동,exact_official_building_road,기존 주택 CSV의 건물 좌표; 음식점 자체 측량 좌표 아님
르시엘커피,덕진구 산정동,전북특별자치도 전주시 덕진구 산정동 860-4,전북특별자치도 전주시 덕진구 산정2길 23,063-247-2744,127.1683255,35.83826585,우아2동,exact_official_building_road,기존 주택 CSV의 건물 좌표; 음식점 자체 측량 좌표 아님
유니버스,완산구 풍남동,전북특별자치도 전주시 완산구 경원동3가 15-5,전북특별자치도 전주시 완산구 현무1길 16,0507-1434-0050,127.1480407,35.8201521,풍남동,exact_official_building_road,기존 주택 CSV의 건물 좌표; 음식점 자체 측량 좌표 아님
배두둑감자탕,완산구 중화산동2가,전북특별자치도 전주시 완산구 중화산동2가 656-5,전북특별자치도 전주시 완산구 영경3길 3,063-222-3885,127.1248272,35.81678569,중화산2동,exact_official_building_road,기존 주택 CSV의 건물 좌표; 음식점 자체 측량 좌표 아님
맘앤타르트,완산구 풍남동,전북특별자치도 전주시 완산구 전동 63,전북특별자치도 전주시 완산구 전동성당길 100,063-232-9582,127.1488088,35.8145437,풍남동,exact_official_building_road,기존 주택 CSV의 건물 좌표; 음식점 자체 측량 좌표 아님
온담,덕진구 우아동2가,전북특별자치도 전주시 덕진구 우아동2가 890-1,전북특별자치도 전주시 덕진구 정언신로 161-13,010-2729-9164,127.170164,35.8311483,우아2동,exact_official_building_road,기존 주택 CSV의 건물 좌표; 음식점 자체 측량 좌표 아님
효자동떠들썩,완산구 효자동,전북특별자치도 전주시 완산구 효자동3가 1667-7,전북특별자치도 전주시 완산구 마전들로 55,010-3657-3421,127.1015205,35.8212261,효자5동,exact_official_building_road,기존 주택 CSV의 건물 좌표; 음식점 자체 측량 좌표 아님
이대연어,덕진구 송천2동,전북특별자치도 전주시 덕진구 송천동2가 1327-4,"전북특별자치도 전주시 덕진구 세병1길 32, 1층 101호",063-716-9585,127.1269752,35.873526,송천1동,exact_official_building_road,기존 주택 CSV의 건물 좌표; 음식점 자체 측량 좌표 아님
수빈티아트,완산구 중앙동4가,전북특별자치도 전주시 완산구 중앙동4가 25-2,전북특별자치도 전주시 완산구 전라감영3길 10,0507-1403-0330,127.1434814,35.81604555,중앙동,exact_official_building_road,기존 주택 CSV의 건물 좌표; 음식점 자체 측량 좌표 아님
청담일식,완산구 효자5동,전북특별자치도 전주시 완산구 효자동3가 1696-9 2층,전북특별자치도 전주시 완산구 석산2길 5-10,063-241-5000,127.1046967,35.819965,효자5동,exact_official_building_road,기존 주택 CSV의 건물 좌표; 음식점 자체 측량 좌표 아님
피자써클_서신점,완산구 서신동,전북특별자치도 전주시 완산구 서신동 798-18,전북특별자치도 전주시 완산구 당산로34-3,063-255-9991,127.1122906,35.8316106,서신동,exact_official_building_parcel,기존 주택 CSV의 건물 좌표; 음식점 자체 측량 좌표 아님
가마꿉_호성점,덕진구 우아동3가,전북특별자치도 전주시 덕진구 우아동3가 594-29,전북특별자치도 전주시 덕진구 호성1길 10,063-245-9279,127.1553193,35.85604828,우아1동,exact_official_building_road,기존 주택 CSV의 건물 좌표; 음식점 자체 측량 좌표 아님
다인찻집,완산구 효자4동,전북특별자치도 전주시 완산구 효자동3가 1730-7 1층,전북특별자치도 전주시 완산구 용호로 101 1층,063-223-3312,127.0968246,35.812367,효자4동,exact_official_building_road,기존 주택 CSV의 건물 좌표; 음식점 자체 측량 좌표 아님
신포우리만두_전주혁신도시점,덕진구 혁신동,전북특별자치도 전주시 덕진구 혁신동 775-3,전북특별자치도 전주시 덕진구 기지로 86,063-228-5582,127.0612766,35.8381016,혁신동,exact_official_building_road,기존 주택 CSV의 건물 좌표; 음식점 자체 측량 좌표 아님
통닭하우스,완산구 효자5동,전북특별자치도 전주시 완산구 효자동2가 1308-6 1층,전북특별자치도 전주시 완산구 후곡길 11-14 1층,063-228-9555,127.095194,35.8098621,효자4동,exact_official_building_road,기존 주택 CSV의 건물 좌표; 음식점 자체 측량 좌표 아님
청하반점_신시가지점,완산구 효자4동,전북특별자치도 전주시 완산구 효자동2가 1065-12,전북특별자치도 전주시 완산구 천잠로 253,063-221-6625,127.0940235,35.8093638,효자4동,exact_official_building_road,기존 주택 CSV의 건물 좌표; 음식점 자체 측량 좌표 아님
착한돼지,덕진구 만성동,전북특별자치도 전주시 덕진구 만성동 1169-7,전북특별자치도 전주시 덕진구 월방3길 12-1,063-226-9294,127.0696422,35.83473152,여의동,exact_official_building_road,기존 주택 CSV의 건물 좌표; 음식점 자체 측량 좌표 아님
주차포차,완산구 고사동,전북특별자치도 전주시 완산구 고사동 473-1 1층,전북특별자치도 전주시 완산구 전주객사3길 39 1층,010-8687-1114,127.1416929,35.8190527,중앙동,exact_official_building_parcel,기존 주택 CSV의 건물 좌표; 음식점 자체 측량 좌표 아님
용진시골아줌씨국수,덕진구 우아동1가,전북특별자치도 전주시 덕진구 우아동1가 1117-3,전북특별자치도 전주시 덕진구 인교9길 49,063-245-8384,127.1759683,35.82704297,우아2동,exact_official_building_road,기존 주택 CSV의 건물 좌표; 음식점 자체 측량 좌표 아님
고코커피,완산구 효자5동,전북특별자치도 전주시 완산구 효자동3가 1665-2,전북특별자치도 전주시 완산구 척동4길 10,010-4494-2153,127.1008203,35.8221158,효자5동,exact_official_building_road,기존 주택 CSV의 건물 좌표; 음식점 자체 측량 좌표 아님
투모로우,완산구 풍남동,전북특별자치도 전주시 완산구 풍남동3가 19-6,전북특별자치도 전주시 완산구 기린대로 71,063-288-6455,127.1544087,35.81555496,풍남동,exact_official_building_road,기존 주택 CSV의 건물 좌표; 음식점 자체 측량 좌표 아님
모모의다락방,덕진구 덕진동,"전북특별자치도 전주시 덕진구 덕진동1가 1314-203 2,3층","전북특별자치도 전주시 덕진구 명륜5길 17 2,3층",010-4881-3355,127.1257862,35.8442103,덕진동,exact_official_building_road,기존 주택 CSV의 건물 좌표; 음식점 자체 측량 좌표 아님
투썸플레이스_하가점,덕진구 덕진동,전북특별자치도 전주시 덕진구 덕진동2가 694-2,전북특별자치도 전주시 덕진구 가련산로 20,063-271-8240,127.1112858,35.84133731,덕진동,exact_official_building_road,기존 주택 CSV의 건물 좌표; 음식점 자체 측량 좌표 아님
미도참치,완산구 중화산동2가,전북특별자치도 전주시 완산구 중화산동2가 770-9,전북특별자치도 전주시 완산구 중화산로 85,"0507-1421-0177, 063-224-0177",127.1179862,35.81798859,중화산2동,exact_official_building_road,기존 주택 CSV의 건물 좌표; 음식점 자체 측량 좌표 아님
일리예,완산구 중앙동,전북특별자치도 전주시 완산구 중앙동4가 10-1,"전북특별자치도 전주시 완산구 전라감영4길 5-1, 1층",070-8803-1749,127.1447666,35.8160487,중앙동,exact_official_building_road,기존 주택 CSV의 건물 좌표; 음식점 자체 측량 좌표 아님
남노명가_중화산점,완산구 중화산동2가,전북특별자치도 전주시 완산구 중화산동2가 732-2,전북특별자치도 전주시 완산구 메너머4길 47,063-223-8852,127.1179878,35.8248566,중화산2동,exact_official_building_road,기존 주택 CSV의 건물 좌표; 음식점 자체 측량 좌표 아님
배떡앤리얼하노이앤최고당돈가스_송천점,덕진구 송천동,전북특별자치도 전주시 덕진구 송천동1가 113-4,전북특별자치도 전주시 덕진구 솔내8길 7,063-253-4560,127.1222245,35.86126436,송천1동,exact_official_building_road,기존 주택 CSV의 건물 좌표; 음식점 자체 측량 좌표 아님
속풀이_아중점,덕진구 우아동2가,전북특별자치도 전주시 덕진구 우아동2가 864-4,전북특별자치도 전주시 덕진구 건산로 283,063-242-1519,127.1677724,35.83610789,우아2동,exact_official_building_road,기존 주택 CSV의 건물 좌표; 음식점 자체 측량 좌표 아님
한스커피,완산구 서신동,전북특별자치도 전주시 완산구 서신동 936-1,전북특별자치도 전주시 완산구 새터로 6,0507-1317-5457,127.1075875,35.8367018,서신동,exact_official_building_road,기존 주택 CSV의 건물 좌표; 음식점 자체 측량 좌표 아님
스시달,완산구 효자5동,전북특별자치도 전주시 완산구 효자동2가 1214-4 1층,전북특별자치도 전주시 완산구 쑥고개로 315 1층,063-229-4334,127.0995649,35.8024612,효자4동,exact_official_building_road,기존 주택 CSV의 건물 좌표; 음식점 자체 측량 좌표 아님
서신동한방족발,완산구 서신동,전북특별자치도 전주시 완산구 서신동 953-2,전북특별자치도 전주시 완산구 고사평4길 22,063-276-2828,127.1116765,35.83507611,서신동,exact_official_building_road,기존 주택 CSV의 건물 좌표; 음식점 자체 측량 좌표 아님
킹스타피자_만성점,덕진구 만성동,전북특별자치도 전주시 덕진구 만성동 1291-1 드림타워 1층,전북특별자치도 전주시 덕진구 만성로 82,063-214-8999,127.0742082,35.8389708,여의동,exact_official_building_road,기존 주택 CSV의 건물 좌표; 음식점 자체 측량 좌표 아님
신가네정읍국밥,덕진구 혁신동,전북특별자치도 전주시 덕진구 장동 1088-4,전북특별자치도 전주시 덕진구 기지로 93,063-228-8592,127.0623968,35.8386881,여의동,exact_official_building_road,기존 주택 CSV의 건물 좌표; 음식점 자체 측량 좌표 아님
육빵집,완산구 효자5동,전북특별자치도 전주시 완산구 효자동3가 1688-1 1층,전북특별자치도 전주시 완산구 배학4길 36-1 1층,010-9221-2003,127.1000913,35.8206466,효자5동,exact_official_building_road,기존 주택 CSV의 건물 좌표; 음식점 자체 측량 좌표 아님
역전할머니맥주_서곡점,완산구 효자동3가,전북특별자치도 전주시 완산구 효자동3가 1435-5,전북특별자치도 전주시 완산구 서곡로 71,063-273-7624,127.101235,35.8353235,효자5동,exact_official_building_road,기존 주택 CSV의 건물 좌표; 음식점 자체 측량 좌표 아님
명성불타는쟁반짜장,완산구 효자동,전북특별자치도 전주시 완산구 효자동3가 1167-5,전북특별자치도 전주시 완산구 백마산길 10,063-224-7249,127.0919953,35.8180615,효자4동,exact_official_building_road,기존 주택 CSV의 건물 좌표; 음식점 자체 측량 좌표 아님
쌈장집_중화산점,완산구 중화산동2가,전북특별자치도 전주시 완산구 중화산동2가 224-2,전북특별자치도 전주시 완산구 어은로 25,063-225-7762,127.1257101,35.8169994,중화산2동,exact_official_building_road,기존 주택 CSV의 건물 좌표; 음식점 자체 측량 좌표 아님
한들김밥,완산구 중화산동,전북특별자치도 전주시 완산구 중화산동2가 760-2,전북특별자치도 전주시 완산구 화산천변로 13,063-904-2700,127.1159586,35.82020897,중화산2동,exact_official_building_road,기존 주택 CSV의 건물 좌표; 음식점 자체 측량 좌표 아님
던킨_전주대점,완산구 효자4동,전북특별자치도 전주시 완산구 효자동2가 1246-14  102호,전북특별자치도 전주시 완산구 서원로 66  102호,063-902-8700,127.1016386,35.8133883,효자4동,exact_official_building_road,기존 주택 CSV의 건물 좌표; 음식점 자체 측량 좌표 아님
위드빅,완산구 중화산동1가,전북특별자치도 전주시 완산구 중화산동1가 300 암센터 지하 1층,전북특별자치도 전주시 완산구 서원로 365 암센터 지하 1층,0507-1441-9889,127.1326112,35.81432735,중화산1동,exact_official_building_road,기존 주택 CSV의 건물 좌표; 음식점 자체 측량 좌표 아님
다가양조장_전북대점,덕진구 덕진동,전북특별자치도 전주시 덕진구 덕진동1가 1261-32 1층,전북특별자치도 전주시 덕진구 명륜4길 11-2 1층,0507-1485-8113,127.1263527,35.8431769,덕진동,exact_official_building_road,기존 주택 CSV의 건물 좌표; 음식점 자체 측량 좌표 아님
오후청제주생선구이백반,완산구 중화산동,전북특별자치도 전주시 완산구 중화산동2가 497-11,전북특별자치도 전주시 완산구 신촌4길 26-7,063-229-3395,127.1152322,35.8184758,중화산2동,exact_official_building_road,기존 주택 CSV의 건물 좌표; 음식점 자체 측량 좌표 아님
샹떼쥬르,완산구 효자동3가,전북특별자치도 전주시 완산구 효자동3가 1631-12,전북특별자치도 전주시 완산구 마전4길 11-3,063-223-7200,127.1033731,35.8243884,효자5동,exact_official_building_road,기존 주택 CSV의 건물 좌표; 음식점 자체 측량 좌표 아님
더게스트,덕진구 혁신동,전북특별자치도 전주시 덕진구 혁신동  776-12,전북특별자치도 전주시 덕진구 오공로 43-13,063-237-1206,127.0599496,35.83726099,혁신동,exact_official_building_road,기존 주택 CSV의 건물 좌표; 음식점 자체 측량 좌표 아님
충만치킨_송천점,덕진구 송천동,전북특별자치도 전주시 덕진구 송천동1가 107-179,전북특별자치도 전주시 덕진구 솔내로 148,063-288-6633,127.1272718,35.8632489,송천1동,exact_official_building_road,기존 주택 CSV의 건물 좌표; 음식점 자체 측량 좌표 아님
번지농장돌판아구찜_아중점,덕진구 우아동3가,전북특별자치도 전주시 덕진구 우아동3가 752-47,전북특별자치도 전주시 덕진구 백제대로 832,063-278-8555,127.159395,35.8483692,우아1동,exact_official_building_road,기존 주택 CSV의 건물 좌표; 음식점 자체 측량 좌표 아님
베로나,완산구 효자5동,전북특별자치도 전주시 완산구 효자동2가1214-4 호화빌딩 7층,"전북특별자치도 전주시 완산구 쑥고개로 315, 7층",063-241-4200,127.0995649,35.8024612,효자4동,exact_official_building_road,기존 주택 CSV의 건물 좌표; 음식점 자체 측량 좌표 아님
장가면옥,완산구 효자동1가,전북특별자치도 전주시 완산구 효자동1가 598-16,전북특별자치도 전주시 완산구 중화산로 20,063-236-0678,127.1184397,35.81198917,효자2동,exact_official_building_road,기존 주택 CSV의 건물 좌표; 음식점 자체 측량 좌표 아님
전주왱이콩나물국밥전문점,완산구 풍남동,전북특별자치도 전주시 완산구 경원동2가  12-1,전북특별자치도 전주시 완산구 동문길 88,063-287-6980,127.1491808,35.8182809,풍남동,exact_official_building_road,기존 주택 CSV의 건물 좌표; 음식점 자체 측량 좌표 아님
치쿠린,덕진구 덕진동,전북특별자치도 전주시 덕진구 덕진동1가 1266-6 지하1층,전북특별자치도 전주시 덕진구 명륜3길 9-1 지하1층,063-277-7703,127.1268283,35.8423358,덕진동,exact_official_building_road,기존 주택 CSV의 건물 좌표; 음식점 자체 측량 좌표 아님
섬진강다슬기마을,완산구 효자동3가,전북특별자치도 전주시 완산구 효자동3가 1697-2,전북특별자치도 전주시 완산구 석산2길 17-15,063-222-1516,127.104341,35.82039,효자5동,exact_official_building_road,기존 주택 CSV의 건물 좌표; 음식점 자체 측량 좌표 아님
나들벌,완산구 풍남동,전북특별자치도 전주시 완산구 풍남동3가 79-1,전북특별자치도 전주시 완산구 최명희길 30-3,063-282-8191,127.1512587,35.8159988,풍남동,exact_official_building_road,기존 주택 CSV의 건물 좌표; 음식점 자체 측량 좌표 아님
팔공티_효천점,완산구 효자동,전북특별자치도 전주시 완산구 효자동2가 1377-3 106호,전북특별자치도 전주시 완산구 효천중앙로 51 106호,0507-1387-7882,127.1075191,35.7989523,효자4동,exact_official_building_road,기존 주택 CSV의 건물 좌표; 음식점 자체 측량 좌표 아님
더리터_중화산점,완산구 중화산동2가,전북특별자치도 전주시 완산구 중화산동2가 729-6,전북특별자치도 전주시 완산구 유연로 308,063-222-5478,127.1191481,35.82501831,중화산2동,exact_official_building_road,기존 주택 CSV의 건물 좌표; 음식점 자체 측량 좌표 아님
한솥도시락_예수병원점,완산구 중화산동1가,전북특별자치도 전주시 완산구 중화산동1가 3000 예수병원 암센터 B04호,전북특별자치도 전주시 완산구 서원로 365 예수병원 암센터 B04호,063-285-1008,127.1326112,35.81432735,중화산1동,exact_official_building_road,기존 주택 CSV의 건물 좌표; 음식점 자체 측량 좌표 아님
오풍미족발전주서곡효자점,완산구 효자동3가,전북특별자치도 전주시 완산구 효자동3가 1597-2,전북특별자치도 전주시 완산구 황강서원로 6,063-225-9222,127.0983322,35.82782952,효자5동,exact_official_building_road,기존 주택 CSV의 건물 좌표; 음식점 자체 측량 좌표 아님
뚱보집_전북대점,덕진구 덕진동,전북특별자치도 전주시 덕진구 덕진동1가 1314-175,전북특별자치도 전주시 덕진구 명륜3길 17-2,063-271-9594,127.1277594,35.8431039,덕진동,exact_official_building_road,기존 주택 CSV의 건물 좌표; 음식점 자체 측량 좌표 아님
고고곱창삼겹살,완산구 서신동,전북특별자치도 전주시 완산구 서신동 933-6,전북특별자치도 전주시 완산구 새터로 21,063-273-8787,127.1092252,35.83652713,서신동,exact_official_building_road,기존 주택 CSV의 건물 좌표; 음식점 자체 측량 좌표 아님
김순례묵은지생등갈비찜,완산구 효자동,전북특별자치도 전주시 완산구 효자동1가 630-6 1층,전북특별자치도 전주시 완산구 밤나무1길 18,063-228-8898,127.1163472,35.80908964,효자2동,exact_official_building_road,기존 주택 CSV의 건물 좌표; 음식점 자체 측량 좌표 아님
도니카츠,완산구 중화산동2가,전북특별자치도 전주시 완산구 중화산동2가 746-1,전북특별자치도 전주시 완산구 화산천변로 55,0507-1338-7047,127.1154395,35.8231164,중화산2동,exact_official_building_road,기존 주택 CSV의 건물 좌표; 음식점 자체 측량 좌표 아님
커피면회소_효자신시가지점,완산구 효자동2가,전북특별자치도 전주시 완산구 효자동2가 1155-10,전북특별자치도 전주시 완산구 홍산중앙로 13,063-224-0222,127.1087421,35.8148744,효자5동,exact_official_building_road,기존 주택 CSV의 건물 좌표; 음식점 자체 측량 좌표 아님
59쌀피자_송천점,덕진구 송천동,전북특별자치도 전주시 덕진구 송천동2가 233-1,전북특별자치도 전주시 덕진구 붓내3길 34,063-255-5979,127.1250987,35.866543,송천1동,exact_official_building_road,기존 주택 CSV의 건물 좌표; 음식점 자체 측량 좌표 아님
엔커피,완산구 효자동,전북특별자치도 전주시 완산구 효자동1가 444-3,"전북특별자치도 전주시 완산구 거마평로 147-5, 1층",063-906-2080,127.1162877,35.80546592,효자3동,exact_official_building_road,기존 주택 CSV의 건물 좌표; 음식점 자체 측량 좌표 아님
로맨티움,덕진구 덕진동,전북특별자치도 전주시 덕진구 덕진동1가 1120-10,전북특별자치도 전주시 덕진구 가리내로 96,0507-1343-1476,127.1256613,35.8350661,덕진동,exact_official_building_road,기존 주택 CSV의 건물 좌표; 음식점 자체 측량 좌표 아님
모먼트로스티드빈스,완산구 효자동3가,전북특별자치도 전주시 완산구 효자동3가 1615-6,전북특별자치도 전주시 완산구 문학대5길 10,010-2463-1722,127.1029996,35.8271163,효자5동,exact_official_building_road,기존 주택 CSV의 건물 좌표; 음식점 자체 측량 좌표 아님
육장갈비_효자점,완산구 효자동2가,전북특별자치도 전주시 완산구 효자동2가 1196-1,전북특별자치도 전주시 완산구 소태정로 8,063-229-5443,127.097409,35.8050876,효자4동,exact_official_building_road,기존 주택 CSV의 건물 좌표; 음식점 자체 측량 좌표 아님
투썸플레이스_전주혁신호수공원점,덕진구 장동,전북특별자치도 전주시 덕진구 장동 1093-3,전북특별자치도 전주시 덕진구 중동로 104-12,063-214-5888,127.0645224,35.8431764,여의동,exact_official_building_road,기존 주택 CSV의 건물 좌표; 음식점 자체 측량 좌표 아님
토브,완산구 고사동,전북특별자치도 전주시 완산구 고사동 428-7,전북특별자치도 전주시 완산구 전주객사3길 34,063-283-7802,127.142609,35.81896862,중앙동,exact_official_building_road,기존 주택 CSV의 건물 좌표; 음식점 자체 측량 좌표 아님
스시다미,완산구 효자5동,전북특별자치도 전주시 완산구 효자동3가 1645-8 피디빌딩2층,전북특별자치도 전주시 완산구 마전로 5,063-228-9758,127.1040675,35.8215888,효자5동,exact_official_building_road,기존 주택 CSV의 건물 좌표; 음식점 자체 측량 좌표 아님
장가네고깃집,덕진구 덕진동,전북특별자치도 전주시 덕진구 덕진동2가 662-5 1층,전북특별자치도 전주시 덕진구 가리내5길 2 1층,"0507-1495-1057, 070-4001-1021",127.1114365,35.8461499,덕진동,exact_official_building_road,기존 주택 CSV의 건물 좌표; 음식점 자체 측량 좌표 아님
땡스비어,덕진구 송천동,전북특별자치도 전주시 덕진구 송천동1가 98-2 102호,전북특별자치도 전주시 덕진구 오송1길 31 102호,010-4848-8367,127.1306214,35.8630436,송천1동,exact_official_building_road,기존 주택 CSV의 건물 좌표; 음식점 자체 측량 좌표 아님
부여통닭_아중점,덕진구 우아동1가,전북특별자치도 전주시 덕진구 우아동1가 1088-2,전북특별자치도 전주시 덕진구 아중로 194,063-242-9982,127.1707736,35.82743093,우아2동,exact_official_building_road,기존 주택 CSV의 건물 좌표; 음식점 자체 측량 좌표 아님
소담사랑방,완산구 중화산동,전북특별자치도 전주시 완산구 중화산동2가 758-7번지,전북특별자치도 전주시 완산구 화산천변2길 7,063-226-8300,127.1168622,35.81955765,중화산2동,exact_official_building_road,기존 주택 CSV의 건물 좌표; 음식점 자체 측량 좌표 아님
상상플러스닭강정_송천점,덕진구 송천동,전북특별자치도 전주시 덕진구 송천동2가 1309,전북특별자치도 전주시 덕진구 세병로 67,063-251-2936,127.1322161,35.87204434,송천1동,exact_official_building_road,기존 주택 CSV의 건물 좌표; 음식점 자체 측량 좌표 아님
대물대숲포차,완산구 중화산동,전북특별자치도 전주시 완산구 중화산동2가 780-7,전북특별자치도 전주시 완산구 신촌4길 5-4,0507-1310-4519,127.1173385,35.81751516,중화산2동,exact_official_building_road,기존 주택 CSV의 건물 좌표; 음식점 자체 측량 좌표 아님
만년닭강정_서신점,완산구 서신동,전북특별자치도 전주시 완산구 서신동 796-1,전북특별자치도 전주시 완산구 당산로 46,063-253-5400,127.1133177,35.832008,서신동,exact_official_building_road,기존 주택 CSV의 건물 좌표; 음식점 자체 측량 좌표 아님
신돈조선별관_본점,덕진구 우아2동,전북특별자치도 전주시 덕진구 우아동2가 866-19,전북특별자치도 전주시 덕진구 석소로 90-9,063-241-5289,127.168243,35.83556134,우아2동,exact_official_building_road,기존 주택 CSV의 건물 좌표; 음식점 자체 측량 좌표 아님
대동국수_서신1지구점,완산구 서신동,전북특별자치도 전주시 완산구 서신동 936-5,전북특별자치도 전주시 완산구 새터로 12-1,063-271-1710,127.1081679,35.8366133,서신동,exact_official_building_road,기존 주택 CSV의 건물 좌표; 음식점 자체 측량 좌표 아님
일등낙지_서신본점,완산구 서신동,전북특별자치도 전주시 완산구 서신동 830-8,전북특별자치도 전주시 완산구 서신천변6길 21,063-276-5851,127.115312,35.8283349,서신동,exact_official_building_road,기존 주택 CSV의 건물 좌표; 음식점 자체 측량 좌표 아님
우리밀누룩꽃빵,덕진구 우아동2가,전북특별자치도 전주시 덕진구 우아동2가 893-3,전북특별자치도 전주시 덕진구 석소5길 17,0507-1316-3031,127.172579,35.83369847,우아2동,exact_official_building_road,기존 주택 CSV의 건물 좌표; 음식점 자체 측량 좌표 아님
장미맨숀_평화점,완산구 평화동1가,전북특별자치도 전주시 완산구 평화동1가 730-5 1층,전북특별자치도 전주시 완산구 평화18길 29-7 1층,0507-1341-1975,127.1331816,35.79438536,평화2동,exact_official_building_road,기존 주택 CSV의 건물 좌표; 음식점 자체 측량 좌표 아님
남노갈비_효자점,완산구 효자동,전북특별자치도 전주시 완산구 효자동2가 1159-3,전북특별자치도 전주시 완산구 서원로 138,063-226-3525,127.1096058,35.8134002,효자4동,exact_official_building_road,기존 주택 CSV의 건물 좌표; 음식점 자체 측량 좌표 아님
옥자네생고기,완산구 효자동,전북특별자치도 전주시 완산구 효자동1가 620-10 1층,전북특별자치도 전주시 완산구 신봉로 9,063-222-8292,127.1160333,35.81045733,효자2동,exact_official_building_road,기존 주택 CSV의 건물 좌표; 음식점 자체 측량 좌표 아님
빈대떡신사_전주본점,완산구 서신동,전북특별자치도 전주시 완산구 서신동 925-6,전북특별자치도 전주시 완산구 고사평로 27,063-273-9925,127.1098007,35.83653138,서신동,exact_official_building_road,기존 주택 CSV의 건물 좌표; 음식점 자체 측량 좌표 아님
엘린스샌드위치_전주효자동점,완산구 효자동,전북특별자치도 전주시 완산구 효자동2가 1210-1,전북특별자치도 전주시 완산구 소태정3길 15,010-6514-3150,127.0996163,35.80326039,효자4동,exact_official_building_road,기존 주택 CSV의 건물 좌표; 음식점 자체 측량 좌표 아님
스타벅스_전주서신점,완산구 서신동,전북특별자치도 전주시 완산구 서신동 964-6,전북특별자치도 전주시 완산구 서신로 104,1522-3232,127.11612,35.83462211,서신동,exact_official_building_road,기존 주택 CSV의 건물 좌표; 음식점 자체 측량 좌표 아님
감탄떡볶이_전주중화산점,완산구 중화산동2가,전북특별자치도 전주시 완산구 중화산동2가 748-3,전북특별자치도 전주시 완산구 화산천벼로 29,063-229-3515,127.1159534,35.82167807,중화산2동,exact_official_building_parcel,기존 주택 CSV의 건물 좌표; 음식점 자체 측량 좌표 아님
스타벅스_전주송천DT,덕진구 송천동2가,전북특별자치도 전주시 덕진구 송천동2가 487,전북특별자치도 전주시 덕진구 송천중앙로 228,1522-3232,127.1219242,35.86741809,송천1동,exact_official_building_road,기존 주택 CSV의 건물 좌표; 음식점 자체 측량 좌표 아님
밥스터,완산구 효자5동,전북특별자치도 전주시 완산구 효자동3가 1645-5,전북특별자치도 전주시 완산구 마전로 11,070-7762-0659,127.1040259,35.8220683,효자5동,exact_official_building_road,기존 주택 CSV의 건물 좌표; 음식점 자체 측량 좌표 아님
조선옥_한옥마을점,완산구 풍남동,전북특별자치도 전주시 완산구 풍남동3가 24-1,전북특별자치도 전주시 완산구 한지길 89,063-286-5522,127.1540153,35.8163629,풍남동,exact_official_building_road,기존 주택 CSV의 건물 좌표; 음식점 자체 측량 좌표 아님
맛있는밥상,완산구 효자동1가,전북특별자치도 전주시 완산구 효자동1가 408-6,전북특별자치도 전주시 완산구 용머리로 9-15,0507-0090-0755,127.1111166,35.8067003,효자3동,exact_official_building_road,기존 주택 CSV의 건물 좌표; 음식점 자체 측량 좌표 아님
태하식당,완산구 서신동,전북특별자치도 전주시 완산구 서신동 799-1,전북특별자치도 전주시 완산구 서신천변15길 13,063-255-3436,127.1128787,35.8317687,서신동,exact_official_building_road,기존 주택 CSV의 건물 좌표; 음식점 자체 측량 좌표 아님
다온초밥,완산구 효자동1가,전북특별자치도 전주시 완산구 효자동1가 621-12,전북특별자치도 전주시 완산구 거마평로 204-1,063-236-4558,127.1150204,35.8106364,효자2동,exact_official_building_road,기존 주택 CSV의 건물 좌표; 음식점 자체 측량 좌표 아님
우가양평해장국_효자점,완산구 효자동,전북특별자치도 전주시 완산구 효자동1가 382,전북특별자치도 전주시 완산구 거마평로 180,"0507-1444-5950, 063-228-5949",127.1163199,35.80855766,효자2동,exact_official_building_road,기존 주택 CSV의 건물 좌표; 음식점 자체 측량 좌표 아님
장가네왕족발,완산구 풍남동,전북특별자치도 전주시 완산구 풍남동2가 6-2,전북특별자치도 전주시 완산구 동문길 24,063-282-7476,127.1525132,35.8193066,풍남동,exact_official_building_road,기존 주택 CSV의 건물 좌표; 음식점 자체 측량 좌표 아님
신이조참치_중화산점,완산구 중화산동2가,전북특별자치도 전주시 완산구 중화산동2가 658-11,전북특별자치도 전주시 완산구 어은로 14,063-228-2537,127.124532,35.81645907,중화산1동,exact_official_building_road,기존 주택 CSV의 건물 좌표; 음식점 자체 측량 좌표 아님
고래짬뽕,덕진구 송천동2가,전북특별자치도 전주시 덕진구 송천동2가 554-1,전북특별자치도 전주시 덕진구 와룡1길 21,063-252-8259,127.1121487,35.86525533,송천2동,exact_official_building_road,기존 주택 CSV의 건물 좌표; 음식점 자체 측량 좌표 아님
오픈프라이빗,완산구 다가동,전북특별자치도 전주시 완산구 다가동4가 125-1 2층,"전북특별자치도 전주시 완산구 전주천동로 264-3, 2층","0507-1363-9903, 063-285-9900",127.1377749,35.81981738,중앙동,exact_official_building_road,기존 주택 CSV의 건물 좌표; 음식점 자체 측량 좌표 아님
돌산복집,완산구 효자4동,전북특별자치도 전주시 완산구 효자동2가 151,전북특별자치도 전주시 완산구 우전1길 58,063-223-5255,127.1060038,35.8088871,효자4동,exact_official_building_road,기존 주택 CSV의 건물 좌표; 음식점 자체 측량 좌표 아님
황금코다리_아중역2호점,덕진구 우아동1가,전북특별자치도 전주시 덕진구 우아동1가 1114-4,전북특별자치도 전주시 덕진구 아중로 240,0507-1336-3330,127.1752735,35.828949,우아2동,exact_official_building_road,기존 주택 CSV의 건물 좌표; 음식점 자체 측량 좌표 아님
현아네등갈비찜_서신점,완산구 서신동,전북특별자치도 전주시 완산구 서신동 958-4,전북특별자치도 전주시 완산구 고사평2길 8,063-278-0809,127.1102799,35.83425461,서신동,exact_official_building_road,기존 주택 CSV의 건물 좌표; 음식점 자체 측량 좌표 아님
가마꿉_전주효자점,완산구 효자동,전북특별자치도 전주시 완산구 효자동2가 541-7,"전북특별자치도 전주시 완산구 우전1길 54, 1층",063-226-8401,127.1060557,35.8083434,효자4동,exact_official_building_road,기존 주택 CSV의 건물 좌표; 음식점 자체 측량 좌표 아님
보글보글부대찌개짜글이,완산구 효자동3가,전북특별자치도 전주시 완산구 효자동3가 1527-18,전북특별자치도 전주시 완산구 홍산북로 45-22,063-236-0722,127.1071697,35.8181574,효자5동,exact_official_building_road,기존 주택 CSV의 건물 좌표; 음식점 자체 측량 좌표 아님
미르밀옥류관_본점,완산구 효자5동,전북특별자치도 전주시 완산구 효자동3가 1648-3,전북특별자치도 전주시 완산구 마전들로 71,063-222-1656,127.1032896,35.8212207,효자5동,exact_official_building_road,기존 주택 CSV의 건물 좌표; 음식점 자체 측량 좌표 아님
리큐,덕진구 혁신동,전북특별자치도 전주시 덕진구 중동 776-12 105호,전북특별자치도 전주시 덕진구 오공로 43-13 105호,0507-1366-3031,127.0599496,35.83726099,혁신동,exact_official_building_road,기존 주택 CSV의 건물 좌표; 음식점 자체 측량 좌표 아님
왕통큰,덕진구 송천동2가,전북특별자치도 전주시 덕진구 송천동2가 551-1,전북특별자치도 전주시 덕진구 와룡로 57,063-273-1233,127.1118448,35.86470329,송천2동,exact_official_building_road,기존 주택 CSV의 건물 좌표; 음식점 자체 측량 좌표 아님
역전할머니맥주_전주중화산점,완산구 중화산동2가,전북특별자치도 전주시 완산구 중화산동2가 755-11,전북특별자치도 전주시 완산구 효자로 291,063-226-7991,127.1174181,35.81932738,중화산2동,exact_official_building_road,기존 주택 CSV의 건물 좌표; 음식점 자체 측량 좌표 아님
홍콩반점0410_전북대점,덕진구 덕진동,전북특별자치도 전주시 덕진구 덕진동1가 1277-1,전북특별자치도 전주시 덕진구 덕진광장로 10,063-255-0410,127.1248994,35.8442061,덕진동,exact_official_building_road,기존 주택 CSV의 건물 좌표; 음식점 자체 측량 좌표 아님
여기야생고기_송천점,덕진구 송천동,전북특별자치도 전주시 덕진구 송천동1가 107-200,전북특별자치도 전주시 덕진구 천마산로 52,063-272-9922,127.1274617,35.863921,송천1동,exact_official_building_road,기존 주택 CSV의 건물 좌표; 음식점 자체 측량 좌표 아님
이디야커피_전주한옥마을점,완산구 풍남동,전북특별자치도 전주시 완산구 전동 65-1,전북특별자치도 전주시 완산구 팔달로 130-1,063-288-8393,127.1486449,35.81436968,풍남동,exact_official_building_road,기존 주택 CSV의 건물 좌표; 음식점 자체 측량 좌표 아님
해적수산,덕진구 송천동,전북특별자치도 전주시 덕진구 송천동2가 54-25,전북특별자치도 전주시 덕진구 동부대로 1029,063-252-9001,127.1346709,35.86931303,송천1동,exact_official_building_road,기존 주택 CSV의 건물 좌표; 음식점 자체 측량 좌표 아님
전통옻닭,완산구 서신동,전북특별자치도 전주시 완산구 서신동 941-5,전북특별자치도 전주시 완산구 고사평3길 21-8,063-254-6669,127.1074261,35.83607216,서신동,exact_official_building_road,기존 주택 CSV의 건물 좌표; 음식점 자체 측량 좌표 아님
카페연교,완산구 중화산동2가,전북특별자치도 전주시 완산구 중화산동2가 764-3,전북특별자치도 전주시 완산구 화산천변3길 19-5,063-222-8385,127.1143895,35.81999915,중화산2동,exact_official_building_road,기존 주택 CSV의 건물 좌표; 음식점 자체 측량 좌표 아님
소옥순여사아바이순대,완산구 중화산동2가,전북특별자치도 전주시 완산구 중화산동2가 585-15,전북특별자치도 전주시 완산구 효자로 321,010-2108-8243,127.1205033,35.8193027,중화산2동,exact_official_building_road,기존 주택 CSV의 건물 좌표; 음식점 자체 측량 좌표 아님
정가네군산막회,덕진구 산정동,전북특별자치도 전주시 덕진구 산정동 876-1,"전북특별자치도 전주시 덕진구 건산로 300, 1층",063-247-3660,127.1697851,35.83627501,우아2동,exact_official_building_road,기존 주택 CSV의 건물 좌표; 음식점 자체 측량 좌표 아님
셀라,완산구 효자동,전북특별자치도 전주시 완산구 효자동가 1432-4,전북특별자치도 전주시 완산구 서곡1길 14-16,0507-1326-7602,127.1005692,35.8354005,효자5동,exact_official_building_road,기존 주택 CSV의 건물 좌표; 음식점 자체 측량 좌표 아님
완도수산이오준야채막회중화산동본부직영,완산구 중화산동2가,전북특별자치도 전주시 완산구 중화산동2가 729-3,전북특별자치도 전주시 완산구 유연로 302,063-221-0093,127.1185172,35.82502271,중화산2동,exact_official_building_road,기존 주택 CSV의 건물 좌표; 음식점 자체 측량 좌표 아님
기왓집,완산구 다가동1가,전북특별자치도 전주시 완산구 다가동1가 46-3,전북특별자치도 전주시 완산구 전라감영2길 11,063-285-3431,127.1420841,35.81529653,중앙동,exact_official_building_road,기존 주택 CSV의 건물 좌표; 음식점 자체 측량 좌표 아님
전주식당,완산구 효자동,전북특별자치도 전주시 완산구 효자동3가 1647-11,전북특별자치도 전주시 완산구 마전1길 18-4,063-221-0046,127.102688,35.8217798,효자5동,exact_official_building_road,기존 주택 CSV의 건물 좌표; 음식점 자체 측량 좌표 아님
맘은콩밭에,완산구 고사동,전북특별자치도 전주시 완산구 고사동 244-2,전북특별자치도 전주시 완산구 전주객사4길 84-2,063-254-0825,127.1432798,35.82143397,중앙동,exact_official_building_road,기존 주택 CSV의 건물 좌표; 음식점 자체 측량 좌표 아님
청년다방_전북도청점,완산구 효자동,전북특별자치도 전주시 완산구 효자동3가 1538-6,전북특별자치도 전주시 완산구 홍산남로 83-19,063-221-2230,127.1106435,35.8164167,효자5동,exact_official_building_road,기존 주택 CSV의 건물 좌표; 음식점 자체 측량 좌표 아님
다가수산,완산구 다가동,전북특별자치도 전주시 완산구 다가동3가 22-1,전북특별자치도 전주시 완산구 전주객사2길 15,0507-1329-9333,127.1408979,35.81755037,중앙동,exact_official_building_road,기존 주택 CSV의 건물 좌표; 음식점 자체 측량 좌표 아님
연와미당_신관,완산구 효자동1가,전북특별자치도 전주시 완산구 효자동1가 223-9,전북특별자치도 전주시 완산구 백제대로 122,063-222-5007,127.1243894,35.80422721,효자1동,exact_official_building_road,기존 주택 CSV의 건물 좌표; 음식점 자체 측량 좌표 아님
백제성_숯불구이_정육식당,완산구 효자동,전북특별자치도 전주시 완산구 효자동3가 1543-1,전북특별자치도 전주시 완산구 홍산2길 5-8,063-221-8592,127.1097521,35.8151641,효자5동,exact_official_building_road,기존 주택 CSV의 건물 좌표; 음식점 자체 측량 좌표 아님
수복회관,덕진구 덕진동,전북특별자치도 전주시 덕진구 덕진동2가 199-3,전북특별자치도 전주시 덕진구 덕진연못3길 8,063-275-5806,127.1206918,35.84663398,덕진동,exact_official_building_road,기존 주택 CSV의 건물 좌표; 음식점 자체 측량 좌표 아님
신독도참치,완산구 중화산동2가,전북특별자치도 전주시 완산구 중화산동2가 655-3,전북특별자치도 전주시 완산구 영경3길 9,063-229-5882,127.1247538,35.81742509,중화산2동,exact_official_building_road,기존 주택 CSV의 건물 좌표; 음식점 자체 측량 좌표 아님
고수닭갈비_영화의거리점,완산구 고사동,전북특별자치도 전주시 완산구 고사동 194,전북특별자치도 전주시 완산구 전주객사4길 44-31,063-231-2342,127.1443769,35.8202598,중앙동,exact_official_building_road,기존 주택 CSV의 건물 좌표; 음식점 자체 측량 좌표 아님
두남자가맥포차,덕진구 송천동,전북특별자치도 전주시 덕진구 송천동1가 98 102호,전북특별자치도 전주시 덕진구 오송1길 37-5 102호,010-9279-6359,127.1305693,35.8632311,송천1동,exact_official_building_road,기존 주택 CSV의 건물 좌표; 음식점 자체 측량 좌표 아님
어반라운지,덕진구 우아동1가,전북특별자치도 전주시 덕진구 우아동1가 1120-5 4층,전북특별자치도 전주시 덕진구 인교9길 35 4층,0507-1385-5202,127.176413,35.82577516,우아2동,exact_official_building_road,기존 주택 CSV의 건물 좌표; 음식점 자체 측량 좌표 아님
모닥,완산구 효자동,전북특별자치도 전주시 완산구 효자동2가 1236-2,전북특별자치도 전주시 완산구 홍산북로 22,010-7161-0644,127.1043063,35.8173461,효자5동,exact_official_building_road,기존 주택 CSV의 건물 좌표; 음식점 자체 측량 좌표 아님
백년족발_송천점,덕진구 송천1동,전북특별자치도 전주시 덕진구 송천동2가 193-34 1층,전북특별자치도 전주시 덕진구 붓내2길 16-1 1층,063-272-5123,127.1235013,35.86497803,송천1동,exact_official_building_road,기존 주택 CSV의 건물 좌표; 음식점 자체 측량 좌표 아님
뽀빠이수산시장,덕진구 송천2동,전북특별자치도 전주시 덕진구 송천동2가 1195 1층,전북특별자치도 전주시 덕진구 동부대로 1267 1층,063-276-6644,127.1083001,35.86977846,송천2동,exact_official_building_road,기존 주택 CSV의 건물 좌표; 음식점 자체 측량 좌표 아님
해와달_전주효자점,완산구 효자동,전북특별자치도 전주시 완산구 효자동1가 411-9,"전북특별자치도 전주시 완산구 용머리로 9-14, 1층",063-224-6021,127.1112978,35.80644768,효자3동,exact_official_building_road,기존 주택 CSV의 건물 좌표; 음식점 자체 측량 좌표 아님
아귀,덕진구 덕진동,전북특별자치도 전주시 덕진구 덕진동2가 675-8,전북특별자치도 전주시 덕진구 경동로 34,063-252-8400,127.1099408,35.843031,덕진동,exact_official_building_road,기존 주택 CSV의 건물 좌표; 음식점 자체 측량 좌표 아님
대동국수_아이파크점,완산구 효자동3가,전북특별자치도 전주시 완산구 효자동3가 1609-14,전북특별자치도 전주시 완산구 홍산로 381,0504-820-0790,127.105627,35.82771268,효자5동,exact_official_building_road,기존 주택 CSV의 건물 좌표; 음식점 자체 측량 좌표 아님
공차_전주혁신도시점,덕진구 혁신동,전북특별자치도 전주시 덕진구 혁신동 774-4,전북특별자치도 전주시 덕진구 기지로 66,063-227-1236,127.0590106,35.8380468,혁신동,exact_official_building_road,기존 주택 CSV의 건물 좌표; 음식점 자체 측량 좌표 아님
카페인테이크,덕진구 혁신동,전북특별자치도 전주시 덕진구 혁신동 779-12,전북특별자치도 전주시 덕진구 오정1길 22,070-7537-0081,127.0597786,35.8341651,혁신동,exact_official_building_road,기존 주택 CSV의 건물 좌표; 음식점 자체 측량 좌표 아님
팸퍼,덕진구 송천1동,전북특별자치도 전주시 덕진구 송천동1가 701-1,"전북특별자치도 전주시 덕진구 가리내로 546, 1층",063-277-0613,127.1132158,35.85990044,송천2동,exact_official_building_road,기존 주택 CSV의 건물 좌표; 음식점 자체 측량 좌표 아님
바이드림,완산구 효자동,전북특별자치도 전주시 완산구 효자동2가 1308-10,전북특별자치도 전주시 완산구 후곡길 11-26,063-236-1105,127.0949657,35.8099911,효자4동,exact_official_building_road,기존 주택 CSV의 건물 좌표; 음식점 자체 측량 좌표 아님
힐스턴커피,완산구 효자동,전북특별자치도 전주시 완산구 효자동3가  1412-4 1층,전북특별자치도 전주시 완산구 서곡5길 13-32 1층,063-277-1302,127.1008966,35.83696092,효자5동,exact_official_building_road,기존 주택 CSV의 건물 좌표; 음식점 자체 측량 좌표 아님
오븐제이,완산구 효자5동,전북특별자치도 전주시 완산구 효자동2가 1324-4,전북특별자치도 전주시 완산구 소태정4길 7,063-222-7176,127.1012588,35.80478686,효자4동,exact_official_building_road,기존 주택 CSV의 건물 좌표; 음식점 자체 측량 좌표 아님
스타벅스_전주백제대로DT,완산구 중화산동2가,전북특별자치도 전주시 완산구 중화산동2가 648,전북특별자치도 전주시 완산구 백제대로 242,1522-3232,127.1234344,35.81463043,중화산1동,exact_official_building_road,기존 주택 CSV의 건물 좌표; 음식점 자체 측량 좌표 아님
서가낙지_전주점,완산구 중화산동,전북특별자치도 전주시 완산구 중화산동2가  732-9,전북특별자치도 전주시 완산구 중화산로 156,063-225-5335,127.1180381,35.82430716,중화산2동,exact_official_building_road,기존 주택 CSV의 건물 좌표; 음식점 자체 측량 좌표 아님
이도생선가,완산구 중화산동2가,전북특별자치도 전주시 완산구 중화산동2가 595-12,전북특별자치도 전주시 완산구 효자로 334,063-223-2076,127.1220364,35.81899161,중화산2동,exact_official_building_road,기존 주택 CSV의 건물 좌표; 음식점 자체 측량 좌표 아님
커피커플,완산구 효자동,전북특별자치도 전주시 완산구 효자동3가 1159-10,전북특별자치도 전주시 완산구 백마산길 3,063-228-9595,127.0928224,35.8179776,효자4동,exact_official_building_road,기존 주택 CSV의 건물 좌표; 음식점 자체 측량 좌표 아님
BBQ치킨_전주효천점,완산구 효자5동,전북특별자치도 전주시 완산구 효자동2가 1377-3 1층 102호,전북특별자치도 전주시 완산구 효천중앙로 51 1층 102호,063-221-4292,127.1075191,35.7989523,효자4동,exact_official_building_road,기존 주택 CSV의 건물 좌표; 음식점 자체 측량 좌표 아님
한솥도시락_전북대정문점,덕진구 덕진동,전북특별자치도 전주시 덕진구 덕진동1가 1312-70,전북특별자치도 전주시 덕진구 명륜5길 20,063-252-8555,127.1261409,35.8443726,덕진동,exact_official_building_road,기존 주택 CSV의 건물 좌표; 음식점 자체 측량 좌표 아님
카프카,완산구 중앙동4가,전북특별자치도 전주시 완산구 중앙동4가 47-1 2층,전북특별자치도 전주시 완산구 풍남분4길 32 2층,0507-1315-7853,127.1453061,35.81512115,중앙동,exact_official_building_parcel,기존 주택 CSV의 건물 좌표; 음식점 자체 측량 좌표 아님
펭귄네구이구이,완산구 중화산동,전북특별자치도 전주시 완산구 중화산동2가  115,전북특별자치도 전주시 완산구 서원로 291,063-222-7970,127.1263625,35.8120236,중화산1동,exact_official_building_road,기존 주택 CSV의 건물 좌표; 음식점 자체 측량 좌표 아님
신포우리만두_전북도청점,완산구 효자4동,전북특별자치도 전주시 완산구 효자동2가 1155-3,전북특별자치도 전주시 완산구 홍산남로 52,063-222-7502,127.1075,35.8155612,효자5동,exact_official_building_road,기존 주택 CSV의 건물 좌표; 음식점 자체 측량 좌표 아님
장모님순대국밥,덕진구 송천1동,전북특별자치도 전주시 덕진구 송천동2가 558-3,전북특별자치도 전주시 덕진구 와룡1길 11-4,063-252-0880,127.1131164,35.86485688,송천2동,exact_official_building_road,기존 주택 CSV의 건물 좌표; 음식점 자체 측량 좌표 아님
솜리뼈다구탕_전주점,완산구 중화산동2가,전북특별자치도 전주시 완산구 중화산동2가 658-6,전북특별자치도 전주시 완산구 한두평4길 17-3,063-229-8777,127.1248031,35.8159563,중화산1동,exact_official_building_road,기존 주택 CSV의 건물 좌표; 음식점 자체 측량 좌표 아님
오시롬,덕진구 우아동1가,전북특별자치도 전주시 덕진구 우아동1가 953-6,전북특별자치도 전주시 덕진구 행치길 24-104,0507-1426-5680,127.1778594,35.8311174,우아2동,exact_official_building_road,기존 주택 CSV의 건물 좌표; 음식점 자체 측량 좌표 아님
맛나손수제비,덕진구 우아동3가,전북특별자치도 전주시 덕진구 우아동3가 744-12,전북특별자치도 전주시 덕진구 우아9길 10,0507-1303-0180,127.1568006,35.85102936,우아1동,exact_official_building_road,기존 주택 CSV의 건물 좌표; 음식점 자체 측량 좌표 아님
다원밥상,완산구 풍남동2가,전북특별자치도 전주시 완산구 풍남동2가 4-4,전북특별자치도 전주시 완산구 동문길 16,010-3445-0149,127.1529439,35.8194344,풍남동,exact_official_building_road,기존 주택 CSV의 건물 좌표; 음식점 자체 측량 좌표 아님
열선수돼지국밥_송천점,덕진구 송천동1가,전북특별자치도 전주시 덕진구 송천동1가 831-4,전북특별자치도 전주시 덕진구 두간로 12,063-271-3008,127.1157486,35.8651889,송천2동,exact_official_building_road,기존 주택 CSV의 건물 좌표; 음식점 자체 측량 좌표 아님
짬뽕한그릇,덕진구 산정동,전북특별자치도 전주시 덕진구 산정동 873-5,전북특별자치도 전주시 덕진구 건산로 299,063-245-9281,127.1695154,35.83666973,우아2동,exact_official_building_road,기존 주택 CSV의 건물 좌표; 음식점 자체 측량 좌표 아님
효자분식,완산구 효자동,전북특별자치도 전주시 완산구 효자동1가 193-7,전북특별자치도 전주시 완산구 용머리로 165,063-225-6103,127.1279932,35.8064977,효자1동,exact_official_building_road,기존 주택 CSV의 건물 좌표; 음식점 자체 측량 좌표 아님
벌크커피_전주중화산점,완산구 중화산동2가,전북특별자치도 전주시 완산구 중화산동2가 659-7,전북특별자치도 전주시 완산구 한두평4길 12-5,063-229-0837,127.1246334,35.81527909,중화산1동,exact_official_building_road,기존 주택 CSV의 건물 좌표; 음식점 자체 측량 좌표 아님
논가마_본점,완산구 효자동,전북특별자치도 전주시 완산구 효자동2가 730,전북특별자치도 전주시 완산구 천잠로 175,063-221-7447,127.0976385,35.8030365,효자4동,exact_official_building_road,기존 주택 CSV의 건물 좌표; 음식점 자체 측량 좌표 아님
굽네치킨_서부신시가지점,완산구 효자동2가,전북특별자치도 전주시 완산구 효자동2가 1308-4,전북특별자치도 전주시 완산구 후곡길 23-11,0504-3143-8180,127.095072,35.8101747,효자4동,exact_official_building_road,기존 주택 CSV의 건물 좌표; 음식점 자체 측량 좌표 아님
뽀글뽀글양푼집,완산구 중화산동2가,전북특별자치도 전주시 완산구 중화산동2가 574-11,전북특별자치도 전주시 완산구 메너머1길 24,063-227-7778,127.1202428,35.82107857,중화산2동,exact_official_building_road,기존 주택 CSV의 건물 좌표; 음식점 자체 측량 좌표 아님
명동쫄면_롯데백화점_전주점,완산구 서신동,전북특별자치도 전주시 완산구 서신동 971 롯데백화점 전주점 지하 1층,전북특별자치도 전주시 완산구 온고을로 2 롯데백화점 전주점 지하 1층,063-289-3054,127.1218933,35.8345049,서신동,exact_official_building_road,기존 주택 CSV의 건물 좌표; 음식점 자체 측량 좌표 아님
국수사랑전사랑,덕진구 송천동,전북특별자치도 전주시 덕진구 송천동1가 348-2 삼정빌딩 1층,전북특별자치도 전주시 덕진구 송천로 25 삼정빌딩 1층,063-272-5292,127.11876,35.8555443,송천2동,exact_official_building_road,기존 주택 CSV의 건물 좌표; 음식점 자체 측량 좌표 아님
겐돈소바_서신점,완산구 서신동,전북특별자치도 전주시 완산구 서신동814-1 지하1층,전북특별자치도 전주시 완산구 서신로 57,063-278-2585,127.1155236,35.83050776,서신동,exact_official_building_road,기존 주택 CSV의 건물 좌표; 음식점 자체 측량 좌표 아님
오솔,덕진구 우아동1가,전북특별자치도 전주시 덕진구 우아동1가 1107-3,전북특별자치도 전주시 덕진구 인교로 43,063-247-2317,127.1729525,35.82542697,우아2동,exact_official_building_road,기존 주택 CSV의 건물 좌표; 음식점 자체 측량 좌표 아님
원조부안집_전주서신점,완산구 서신동,전북특별자치도 전주시 완산구 서신동 933-4,전북특별자치도 전주시 완산구 새터로 17,010-8793-8789,127.1089697,35.83660635,서신동,exact_official_building_road,기존 주택 CSV의 건물 좌표; 음식점 자체 측량 좌표 아님
샐디치,완산구 효자5동,전북특별자치도 전주시 완산구 효자동3가 1730-4,전북특별자치도 전주시 완산구 용호로 107,063-909-9252,127.0968499,35.812782,효자4동,exact_official_building_road,기존 주택 CSV의 건물 좌표; 음식점 자체 측량 좌표 아님
듀숑,완산구 고사동,전북특별자치도 전주시 완산구 고사동 427-6,전북특별자치도 전주시 완산구 전주객사3길 26-7,063-231-4220,127.1428548,35.81875405,중앙동,exact_official_building_road,기존 주택 CSV의 건물 좌표; 음식점 자체 측량 좌표 아님
올소,덕진구 송천동,전북특별자치도 전주시 덕진구 송천동1가 822-3,전북특별자치도 전주시 덕진구 두간5길 4-15,070-7783-9037,127.1172473,35.86478811,송천2동,exact_official_building_road,기존 주택 CSV의 건물 좌표; 음식점 자체 측량 좌표 아님
청년다방_전주송천점,덕진구 송천2동,"전북특별자치도 전주시 덕진구 송천동2가 202-27, 1-101","전북특별자치도 전주시 덕진구 천마산로 55, 1-101",063-251-6565,127.1276227,35.8645502,송천1동,exact_official_building_parcel,기존 주택 CSV의 건물 좌표; 음식점 자체 측량 좌표 아님
이춘봉인생치킨_전주효자점,완산구 효자동,전북특별자치도 전주시 완산구 효자동3가 1538-3 1층 101호,전북특별자치도 전주시 완산구 홍산북로 84-20 1층 101호,063-226-9222,127.110644,35.8167406,효자5동,exact_official_building_road,기존 주택 CSV의 건물 좌표; 음식점 자체 측량 좌표 아님
커피퐁당,완산구 중화산동2가,전북특별자치도 전주시 완산구 중화산동2가 780-4 2층,전북특별자치도 전주시 완산구 신촌3길 10 2층,063-226-3311,127.1171878,35.81713551,중화산2동,exact_official_building_road,기존 주택 CSV의 건물 좌표; 음식점 자체 측량 좌표 아님
메이드,덕진구 혁신동,전북특별자치도 전주시 덕진구 만성동 1353-5 1층 101호,전북특별자치도 전주시 덕진구 만성북2길 7 1층 101호,0507-1330-2499,127.0758608,35.84922735,여의동,exact_official_building_road,기존 주택 CSV의 건물 좌표; 음식점 자체 측량 좌표 아님
송가네생선조림구이,완산구 서신동,전북특별자치도 전주시 완산구 서신동 939-3,전북특별자치도 전주시 완산구 고사평4길 15,063-901-8368,127.1111742,35.83545095,서신동,exact_official_building_road,기존 주택 CSV의 건물 좌표; 음식점 자체 측량 좌표 아님
무지개가든_안행점,완산구 효자동,전북특별자치도 전주시 완산구 효자동1가 687-6,전북특별자치도 전주시 완산구 안행로 53,063-229-8859,127.1335284,35.8017908,효자1동,exact_official_building_road,기존 주택 CSV의 건물 좌표; 음식점 자체 측량 좌표 아님
완산성순대,완산구 효자4동,전북특별자치도 전주시 완산구 효자동2가 1306-1,전북특별자치도 전주시 완산구 후곡길 31-25,063-227-5066,127.0944781,35.8114395,효자4동,exact_official_building_road,기존 주택 CSV의 건물 좌표; 음식점 자체 측량 좌표 아님
차차키친,완산구 효자동3가,전북특별자치도 전주시 완산구 효자동3가 1725-11 누리울 1층,전북특별자치도 전주시 완산구 봉곡2길 27 누리울 1층,0507-1389-6537,127.0947196,35.81261534,효자4동,exact_official_building_road,기존 주택 CSV의 건물 좌표; 음식점 자체 측량 좌표 아님
리틀하노이베트남쌀국수_혁신점,덕진구 혁신동,전북특별자치도 전주시 덕진구 혁신동 776-14,전북특별자치도 전주시 덕진구 오공로 43-17,0507-1442-0926,127.0599579,35.8376957,혁신동,exact_official_building_road,기존 주택 CSV의 건물 좌표; 음식점 자체 측량 좌표 아님
이디야커피_중산점,완산구 중화산동2가,전북특별자치도 전주시 완산구 중화산동2가 613-9,전북특별자치도 전주시 완산구 중산중앙로7,063-229-2824,127.118909,35.8165893,중화산2동,exact_official_building_parcel,기존 주택 CSV의 건물 좌표; 음식점 자체 측량 좌표 아님
택이네조개전골_전주신시가지점,완산구 효자동,전북특별자치도 전주시 완산구 효자동3가 1630-4,전북특별자치도 전주시 완산구 마전3길 2,0507-1483-3852,127.104071,35.8238352,효자5동,exact_official_building_road,기존 주택 CSV의 건물 좌표; 음식점 자체 측량 좌표 아님
춘포집,완산구 서신동,전북특별자치도 전주시 완산구 서신동 1015-10,전북특별자치도 전주시 완산구 고사평5길 18-6,063-246-9031,127.1084406,35.8374046,서신동,exact_official_building_road,기존 주택 CSV의 건물 좌표; 음식점 자체 측량 좌표 아님
태조국수,완산구 중화산동2가,전북특별자치도 전주시 완산구 중화산동2가 753-8,전북특별자치도 전주시 완산구 화산천변4길 3,063-227-0407,127.1163284,35.8206154,중화산2동,exact_official_building_road,기존 주택 CSV의 건물 좌표; 음식점 자체 측량 좌표 아님
홍익궁중전통육개장_전주혁신점,덕진구 혁신동,전북특별자치도 전주시 덕진구 혁신동 779-4,전북특별자치도 전주시 덕진구 오정1길 8,063-237-3690,127.0601252,35.8353153,혁신동,exact_official_building_road,기존 주택 CSV의 건물 좌표; 음식점 자체 측량 좌표 아님
그라비,완산구 서신동,전북특별자치도 전주시 완산구 서신동 840-7 1층,전북특별자치도 전주시 완산구 서신천변6길 20,010-7397-7135,127.1153066,35.82811769,서신동,exact_official_building_road,기존 주택 CSV의 건물 좌표; 음식점 자체 측량 좌표 아님
카페맘마,완산구 효자동2가,전북특별자치도 전주시 완산구 효자동2가 1253-7 1층,전북특별자치도 전주시 완산구 봉곡3길 28-1 1층,0507-1377-9790,127.1000577,35.8119425,효자4동,exact_official_building_road,기존 주택 CSV의 건물 좌표; 음식점 자체 측량 좌표 아님
고하우스,완산구 효자5동,전북특별자치도 전주시 완산구 효자동2가 1229-10,전북특별자치도 전주시 완산구 홍산북로 11-10,063-223-6554,127.1033205,35.8182498,효자5동,exact_official_building_road,기존 주택 CSV의 건물 좌표; 음식점 자체 측량 좌표 아님
소부당카페_효자점,완산구 효자동3가,전북특별자치도 전주시 완산구 효자동3가 1642-24,전북특별자치도 전주시 완산구 우전로 319,063-228-1577,127.1016602,35.82320364,효자5동,exact_official_building_road,기존 주택 CSV의 건물 좌표; 음식점 자체 측량 좌표 아님
한옥마을커피로드,완산구 풍남동,전북특별자치도 전주시 완산구 풍남동2가 24,전북특별자치도 전주시 완산구 동문길 33,063-284-4548,127.1521242,35.8190129,풍남동,exact_official_building_road,기존 주택 CSV의 건물 좌표; 음식점 자체 측량 좌표 아님
엄니김밥,덕진구 덕진동,전북특별자치도 전주시 덕진구 덕진동2가 675-8 1층,"전북특별자치도 전주시 덕진구 경동로 34, 1층",063-272-3352,127.1099408,35.843031,덕진동,exact_official_building_road,기존 주택 CSV의 건물 좌표; 음식점 자체 측량 좌표 아님
피자헛_전주효자점,완산구 효자동,전북특별자치도 전주시 완산구 효자동1가 298-4,전북특별자치도 전주시 완산구 용머리로 105,063-244-1588,127.1217226,35.8062879,효자2동,exact_official_building_road,기존 주택 CSV의 건물 좌표; 음식점 자체 측량 좌표 아님
짜장일번지,완산구 서신동,전북특별자치도 전주시 완산구 서신동 860-8,전북특별자치도 전주시 완산구 전룡로 40,063-255-2164,127.1172967,35.8264273,서신동,exact_official_building_road,기존 주택 CSV의 건물 좌표; 음식점 자체 측량 좌표 아님
가맥에꼬치다,완산구 고사동,전북특별자치도 전주시 완산구 고사동 423-1 1층,"전북특별자치도 전주시 완산구 전주객사3길 12-27, 1층",010-7653-9685,127.1434696,35.81818158,중앙동,exact_official_building_road,기존 주택 CSV의 건물 좌표; 음식점 자체 측량 좌표 아님
신황태가맥,완산구 효자동,전북특별자치도 전주시 완산구 효자동1가 369-21,전북특별자치도 전주시 완산구 거마평로 197,063-224-4222,127.1149315,35.81003463,효자3동,exact_official_building_road,기존 주택 CSV의 건물 좌표; 음식점 자체 측량 좌표 아님
안스카페,덕진구 우아동3가,전북특별자치도 전주시 덕진구 우아동3가 347,전북특별자치도 전주시 덕진구 동부대로 585,063-247-7118,127.1664243,35.84224552,우아2동,exact_official_building_road,기존 주택 CSV의 건물 좌표; 음식점 자체 측량 좌표 아님
데이지,완산구 효자동3가,전북특별자치도 전주시 완산구 효자동3가 1680-1,전북특별자치도 전주시 완산구 배학4길2,0507-1469-8841,127.0972202,35.8197763,효자5동,exact_official_building_parcel,기존 주택 CSV의 건물 좌표; 음식점 자체 측량 좌표 아님
카페인히얼,완산구 중화산동,전북특별자치도 전주시 완산구 중화산동2가 634,전북특별자치도 전주시 완산구 중산2길 2,063-902-4637,127.1205852,35.814352,중화산2동,exact_official_building_road,기존 주택 CSV의 건물 좌표; 음식점 자체 측량 좌표 아님
포차천국_전북대점,덕진구 덕진동,전북특별자치도 전주시 덕진구 덕진동1가 1277-2 1층,전북특별자치도 전주시 덕진구 명륜5길 15-5 1층,063-5413-8493,127.1251737,35.8440107,덕진동,exact_official_building_road,기존 주택 CSV의 건물 좌표; 음식점 자체 측량 좌표 아님
촌댁맥주_효자점,완산구 효자5동,전북특별자치도 전주시 완산구 효자동2가 1332-2 101~2호,전북특별자치도 전주시 완산구 우전1길 49-3 101~2호,010-9887-7001,127.1055226,35.8080109,효자4동,exact_official_building_road,기존 주택 CSV의 건물 좌표; 음식점 자체 측량 좌표 아님
피자컴퍼니_효자점,완산구 효자동,전북특별자치도 전주시 완산구 효자동1가 444-2,전북특별자치도 전주시 완산구 거마평로 147,063-228-9983,127.1165038,35.8055296,효자3동,exact_official_building_road,기존 주택 CSV의 건물 좌표; 음식점 자체 측량 좌표 아님
땡벌정육식당,덕진구 우아동1가,전북특별자치도 전주시 덕진구 우아동1가 1119-7,전북특별자치도 전주시 덕진구 인교9길 21-4,063-241-0706,127.1754785,35.82623745,우아2동,exact_official_building_road,기존 주택 CSV의 건물 좌표; 음식점 자체 측량 좌표 아님
착한낙지_전주점,덕진구 송천1동,전북특별자치도 전주시 덕진구 송천동2가 527-18,전북특별자치도 전주시 덕진구 송천중앙로 193,063-254-5001,127.1211954,35.86422215,송천2동,exact_official_building_road,기존 주택 CSV의 건물 좌표; 음식점 자체 측량 좌표 아님
이삭토스트_에코세병호점,덕진구 송천1동,전북특별자치도 전주시 덕진구 송천동2가 1299-6 어썸빌딩 1층 103호,전북특별자치도 전주시 덕진구 세병로 174-9 어썸빌딩 1층 103호,063-909-8111,127.1336371,35.8793788,송천1동,exact_official_building_road,기존 주택 CSV의 건물 좌표; 음식점 자체 측량 좌표 아님
도원김밥_만성점,덕진구 혁신동,전북특별자치도 전주시 덕진구 만성동 1373-2 1층,전북특별자치도 전주시 덕진구 만성중앙로 49 1층,0507-1385-1330,127.0771326,35.842986,여의동,exact_official_building_road,기존 주택 CSV의 건물 좌표; 음식점 자체 측량 좌표 아님
BHC치킨_효자신도시점,완산구 효자동,전북특별자치도 전주시 완산구 효자동2가 1331-3,전북특별자치도 전주시 완산구 우전1길 53,063-229-5711,127.1056745,35.8084859,효자4동,exact_official_building_road,기존 주택 CSV의 건물 좌표; 음식점 자체 측량 좌표 아님
웰바베큐족발,덕진구 송천1동,전북특별자치도 전주시 덕진구 송천동2가 529-5,전북특별자치도 전주시 덕진구 붓내1길 5,063-255-2233,127.1222109,35.86451798,송천1동,exact_official_building_road,기존 주택 CSV의 건물 좌표; 음식점 자체 측량 좌표 아님
구식커피앤드링스,완산구 중화산동2가,전북특별자치도 전주시 완산구 중화산동2가 734-18,전북특별자치도 전주시 완산구 메너머3길 30-19,063-221-3019,127.1193314,35.82445183,중화산2동,exact_official_building_road,기존 주택 CSV의 건물 좌표; 음식점 자체 측량 좌표 아님
두메산골촌닭,완산구 서신동,전북특별자치도 전주시 완산구 서신동 926-9,전북특별자치도 전주시 완산구 고사평로 32,063-276-2226,127.1101404,35.8367111,서신동,exact_official_building_road,기존 주택 CSV의 건물 좌표; 음식점 자체 측량 좌표 아님
루트120,완산구 효자3동,전북특별자치도 전주시 완산구 효자동1가 222-1,전북특별자치도 전주시 완산구 백제대로 120,063-222-0120,127.1246367,35.8038775,효자1동,exact_official_building_road,기존 주택 CSV의 건물 좌표; 음식점 자체 측량 좌표 아님
독도수산,완산구 효자동,전북특별자치도 전주시 완산구 효자동3가 1480-1,전북특별자치도 전주시 완산구 서곡7길 1,0507-1310-4002,127.1025545,35.83225945,효자5동,exact_official_building_road,기존 주택 CSV의 건물 좌표; 음식점 자체 측량 좌표 아님
변산반도횟집,완산구 중화산동2가,전북특별자치도 전주시 완산구 중화산동2가 597-8,전북특별자치도 전주시 완산구 중산6길 15-6,050-7744-3383,127.1220213,35.8173897,중화산2동,exact_official_building_road,기존 주택 CSV의 건물 좌표; 음식점 자체 측량 좌표 아님
맥주공장_효천점,완산구 효자5동,전북특별자치도 전주시 완산구 효자동2가 1377-3 1층 101호,전북특별자치도 전주시 완산구 효천중앙로 51 1층 101호,063-224-0070,127.1075191,35.7989523,효자4동,exact_official_building_road,기존 주택 CSV의 건물 좌표; 음식점 자체 측량 좌표 아님
태양관,완산구 태평동,전북특별자치도 전주시 완산구 태평동 218-2,전북특별자치도 전주시 완산구 태평1길 41,063-252-0095,127.138702,35.82313184,중앙동,exact_official_building_road,기존 주택 CSV의 건물 좌표; 음식점 자체 측량 좌표 아님
태풍화,완산구 서신동,전북특별자치도 전주시 완산구 서신동 859-7,전북특별자치도 전주시 완산구 전룡2길 9,063-273-2992,127.1172769,35.8260839,서신동,exact_official_building_road,기존 주택 CSV의 건물 좌표; 음식점 자체 측량 좌표 아님
목살집,덕진구 혁신동,전북특별자치도 전주시 덕진구 혁신동 777-5,전북특별자치도 전주시 덕진구 오공로 43-34,0504-2015-1004,127.0608437,35.83747527,혁신동,exact_official_building_road,기존 주택 CSV의 건물 좌표; 음식점 자체 측량 좌표 아님
르뤼땡블랑제리_에코시티점,덕진구 송천동,전북특별자치도 전주시 덕진구 송천동2가 1323-3 1층,전북특별자치도 전주시 덕진구 백석동로 13 1층,063-255-3400,127.1252345,35.87655438,송천2동,exact_official_building_road,기존 주택 CSV의 건물 좌표; 음식점 자체 측량 좌표 아님
롯데리아_전주혁신점,덕진구 혁신동,전북특별자치도 전주시 덕진구 혁신동 774-5,전북특별자치도 전주시 덕진구 안전로 154,063-229-8235,127.0589816,35.8377245,혁신동,exact_official_building_road,기존 주택 CSV의 건물 좌표; 음식점 자체 측량 좌표 아님
오늘나의선물꽃카페,완산구 효자동,전북특별자치도 전주시 완산구 효자동3가 1533-3 6층,전북특별자치도 전주시 완산구 홍산북로 46-21 6층,010-3459-4789,127.1073622,35.8167438,효자5동,exact_official_building_road,기존 주택 CSV의 건물 좌표; 음식점 자체 측량 좌표 아님
일송정,완산구 중화산동2가,전북특별자치도 전주시 완산구 중화산동2가 441-1,전북특별자치도 전주시 완산구 중화산로 49,063-223-9393,127.1179679,35.81463558,중화산2동,exact_official_building_road,기존 주택 CSV의 건물 좌표; 음식점 자체 측량 좌표 아님
다사랑치킨피자_송천2호점,덕진구 송천1동,전북특별자치도 전주시 덕진구 송천동1가 833-1,전북특별자치도 전주시 덕진구 시천로 58,063-277-9233,127.1146164,35.86439024,송천2동,exact_official_building_road,기존 주택 CSV의 건물 좌표; 음식점 자체 측량 좌표 아님
팔공티_전주만성점,덕진구 만성동,전북특별자치도 전주시 덕진구 만성동 1261-1,전북특별자치도 전주시 덕진구 만성중앙로 56,063-212-8088,127.0774776,35.842236,여의동,exact_official_building_road,기존 주택 CSV의 건물 좌표; 음식점 자체 측량 좌표 아님
브루잉스테이션,완산구 효자5동,전북특별자치도 전주시 완산구 효자동2가 1198-7,전북특별자치도 전주시 완산구 소태정5길 22-4,010-2959-7587,127.0980588,35.8042014,효자4동,exact_official_building_road,기존 주택 CSV의 건물 좌표; 음식점 자체 측량 좌표 아님
왓쇼이_우아점,덕진구 우아2동,전북특별자치도 전주시 덕진구 우아동2가 920-3,전북특별자치도 전주시 덕진구 정언신로 178,063-246-6442,127.1729668,35.83152896,우아2동,exact_official_building_road,기존 주택 CSV의 건물 좌표; 음식점 자체 측량 좌표 아님
순정닭발_신시가지점,완산구 효자5동,전북특별자치도 전주시 완산구 효자동2가 1155-4 1층,전북특별자치도 전주시 완산구 홍산남로 54 1층,063-225-3401,127.1078369,35.8155702,효자5동,exact_official_building_road,기존 주택 CSV의 건물 좌표; 음식점 자체 측량 좌표 아님
메가엠지씨커피_전주삼천점,완산구 효자3동,전북특별자치도 전주시 완산구 효자동1가 669-11,전북특별자치도 전주시 완산구 용리로 55,063-222-7933,127.1157526,35.79882832,효자3동,exact_official_building_road,기존 주택 CSV의 건물 좌표; 음식점 자체 측량 좌표 아님
설빙_서신동점,완산구 서신동,"전북특별자치도 전주시 완산구 서신동 784-1, 2층","전북특별자치도 전주시 완산구 당산로114, 2층",063-255-0077,127.1207868,35.83197939,서신동,exact_official_building_parcel,기존 주택 CSV의 건물 좌표; 음식점 자체 측량 좌표 아님
미스터꽉찬만두김밥,덕진구 송천동,전북특별자치도 전주시 덕진구 송천동1가 143-26,전북특별자치도 전주시 덕진구 솔내로 128,063-275-3690,127.1269282,35.8614518,송천1동,exact_official_building_road,기존 주택 CSV의 건물 좌표; 음식점 자체 측량 좌표 아님
청춘당꽈배기_전주대점,완산구 효자5동,전북특별자치도 전주시 완산구 효자동3가 1070,전북특별자치도 전주시 완산구 효자로 6,063-226-1900,127.086715,35.82072977,효자4동,exact_official_building_road,기존 주택 CSV의 건물 좌표; 음식점 자체 측량 좌표 아님
파인트리,완산구 효자동,전북특별자치도 전주시 완산구 효자동2가 156-4,전북특별자치도 전주시 완산구 우전2길 45,063-228-0062,127.1069595,35.8082808,효자4동,exact_official_building_road,기존 주택 CSV의 건물 좌표; 음식점 자체 측량 좌표 아님
본죽&비빔밥cafe_전주솔내점,덕진구 송천2동,전북특별자치도 전주시 덕진구 송천동1가 833-6,전북특별자치도 전주시 덕진구 시천로 48,063-274-6288,127.1147133,35.86364287,송천2동,exact_official_building_road,기존 주택 CSV의 건물 좌표; 음식점 자체 측량 좌표 아님
대복식당,완산구 중화산동2가,전북특별자치도 전주시 완산구 중화산동2가 735-8,전북특별자치도 전주시 완산구 메너머3길 34,063-288-2368,127.1191042,35.82398148,중화산2동,exact_official_building_road,기존 주택 CSV의 건물 좌표; 음식점 자체 측량 좌표 아님
빽다방_전주에코시티점,덕진구 송천1동,전북특별자치도 전주시 덕진구 송천동2가 1326-4,"전북특별자치도 전주시 덕진구 세병로 22, 1층 103호",063-275-5632,127.1275497,35.8743375,송천1동,exact_official_building_road,기존 주택 CSV의 건물 좌표; 음식점 자체 측량 좌표 아님
이쪽저쪽,덕진구 덕진동2가,전북특별자치도 전주시 덕진구 덕진동2가 660-1,전북특별자치도 전주시 덕진구 가리내3길 9,063-252-1919,127.1106321,35.84635277,덕진동,exact_official_building_road,기존 주택 CSV의 건물 좌표; 음식점 자체 측량 좌표 아님
기찻길옆오막살이,덕진구 우아동1가,전북특별자치도 전주시 덕진구 우아동1가 1114-5,전북특별자치도 전주시 덕진구 인교9길 71,0507-1404-5870,127.175364,35.82875133,우아2동,exact_official_building_road,기존 주택 CSV의 건물 좌표; 음식점 자체 측량 좌표 아님
송림일식,완산구 중앙동2가,전북특별자치도 전주시 완산구 중앙동2가 43-3,전북특별자치도 전주시 완산구 전라감영3길 12-9,063-287-0854,127.1435419,35.81659579,중앙동,exact_official_building_road,기존 주택 CSV의 건물 좌표; 음식점 자체 측량 좌표 아님
수타5900,완산구 효자동1가,전북특별자치도 전주시 완산구 효자동1가 667-1,전북특별자치도 전주시 완산구 효자천변1길 26-13,063-225-5911,127.1141173,35.7992177,효자3동,exact_official_building_road,기존 주택 CSV의 건물 좌표; 음식점 자체 측량 좌표 아님
주유소가맥,완산구 효자5동,전북특별자치도 전주시 완산구 효자동2가 1155-3,전북특별자치도 전주시 완산구 홍산남로 52,063-228-2025,127.1075,35.8155612,효자5동,exact_official_building_road,기존 주택 CSV의 건물 좌표; 음식점 자체 측량 좌표 아님
맛스넥하우스_전주점,완산구 풍남동,전북특별자치도 전주시 완산구 풍남동1가 15-1,전북특별자치도 전주시 완산구 경기전길 15,063-286-2860,127.1502833,35.818787,풍남동,exact_official_building_road,기존 주택 CSV의 건물 좌표; 음식점 자체 측량 좌표 아님
60계치킨_송천점,덕진구 송천동,전북특별자치도 전주시 덕진구 송천동1가 98-1 104호,전북특별자치도 전주시 덕진구 오송1길 37-7 104호,063-275-6092,127.1307518,35.8634095,송천1동,exact_official_building_road,기존 주택 CSV의 건물 좌표; 음식점 자체 측량 좌표 아님
복이네고깃집,덕진구 덕진동2가,전북특별자치도 전주시 덕진구 덕진동2가 678-1,전북특별자치도 전주시 덕진구 가리내9길 13,0507-1368-8407,127.1103427,35.8427857,덕진동,exact_official_building_road,기존 주택 CSV의 건물 좌표; 음식점 자체 측량 좌표 아님
아리랑국수,완산구 서신동,전북특별자치도 전주시 완산구 서신동 859-6,전북특별자치도 전주시 완산구 전룡2길 11,063-255-3399,127.1173091,35.82618556,서신동,exact_official_building_road,기존 주택 CSV의 건물 좌표; 음식점 자체 측량 좌표 아님
커피모아,완산구 효자3동,전북특별자치도 전주시 완산구 효자동3가 1727-1,전북특별자치도 전주시 완산구 봉곡2길 12,063-227-6482,127.0957845,35.81336242,효자4동,exact_official_building_road,기존 주택 CSV의 건물 좌표; 음식점 자체 측량 좌표 아님
도현한식당,덕진구 만성동,전북특별자치도 전주시 덕진구 만성동 1169-3,전북특별자치도 전주시 덕진구 월방3길 26-10,063-228-6652,127.0690523,35.83501538,여의동,exact_official_building_road,기존 주택 CSV의 건물 좌표; 음식점 자체 측량 좌표 아님
1964금이정,완산구 효자5동,전북특별자치도 전주시 완산구 효자동3가 1528-10 2층,전북특별자치도 전주시 완산구 홍산북로 83-17 2층,063-236-0303,127.1104559,35.8181549,효자5동,exact_official_building_road,기존 주택 CSV의 건물 좌표; 음식점 자체 측량 좌표 아님
은쟁반커피,완산구 효자5동,전북특별자치도 전주시 완산구 효자동3가 1595-9,전북특별자치도 전주시 완산구 황강서원로 39,063-223-0357,127.1015867,35.8288486,효자5동,exact_official_building_road,기존 주택 CSV의 건물 좌표; 음식점 자체 측량 좌표 아님
역전할머니맥주_전주대점,완산구 효자동2가,전북특별자치도 전주시 완산구 효자동2가 1306-2,전북특별자치도 전주시 완산구 후곡길 31-19,063-232-7624,127.0946333,35.81144299,효자4동,exact_official_building_road,기존 주택 CSV의 건물 좌표; 음식점 자체 측량 좌표 아님
어컵어데이,덕진구 송천동,전북특별자치도 전주시 덕진구 송천동1가 819-7,전북특별자치도 전주시 덕진구 용소로 91,070-8770-5600,127.1182766,35.863731,송천2동,exact_official_building_road,기존 주택 CSV의 건물 좌표; 음식점 자체 측량 좌표 아님
수타피자_서신중화산점,완산구 서신동,전북특별자치도 전주시 완산구 서신동 803-5,전북특별자치도 전주시 완산구 서신천변12길 3,063-278-5924,127.1145393,35.8302949,서신동,exact_official_building_road,기존 주택 CSV의 건물 좌표; 음식점 자체 측량 좌표 아님
파파엘,완산구 서신동,"전북특별자치도 전주시 완산구 서신동 800-5 , 1층",전북특별자치도 전주시 완산구 서신천변15길 7-8,063-277-6889,127.1132687,35.83123926,서신동,exact_official_building_road,기존 주택 CSV의 건물 좌표; 음식점 자체 측량 좌표 아님
스펠바운드,완산구 중앙동2가,전북특별자치도 전주시 완산구 중앙동2가 55-2,전북특별자치도 전주시 완산구 전라감영4길 13,0507-1433-6603,127.1445706,35.81663915,중앙동,exact_official_building_road,기존 주택 CSV의 건물 좌표; 음식점 자체 측량 좌표 아님
엄마손맛집짜글이,완산구 효자동,전북특별자치도 전주시 완산구 효자동3가 1667-7,전북특별자치도 전주시 완산구 마전들로 55,063-222-0166,127.1015205,35.8212261,효자5동,exact_official_building_road,기존 주택 CSV의 건물 좌표; 음식점 자체 측량 좌표 아님
샤브향_송천점,덕진구 송천동2가,전북특별자치도 전주시 덕진구 송천동2가 202-31 2층,전북특별자치도 전주시 덕진구 천마산로 67 2층,0507-1478-3636,127.1284017,35.8651461,송천1동,exact_official_building_road,기존 주택 CSV의 건물 좌표; 음식점 자체 측량 좌표 아님
고기한점_전주효자점,완산구 효자5동,전북특별자치도 전주시 완산구 효자동3가 1529-10,전북특별자치도 전주시 완산구 홍산북로 57,063-221-3390,127.108174,35.8176397,효자5동,exact_official_building_road,기존 주택 CSV의 건물 좌표; 음식점 자체 측량 좌표 아님
메가엠지씨커피전주_에코시티점,덕진구 송천동,전북특별자치도 전주시 덕진구 송천동2가 1299-9,전북특별자치도 전주시 덕진구 세병로 178-4,0507-1319-9121,127.1332324,35.8790273,송천1동,exact_official_building_road,기존 주택 CSV의 건물 좌표; 음식점 자체 측량 좌표 아님
수울술,완산구 효자5동,전북특별자치도 전주시 완산구 효자동3가 1435-8,전북특별자치도 전주시 완산구 서곡로 67-1,063-273-4986,127.1010174,35.8350448,효자5동,exact_official_building_road,기존 주택 CSV의 건물 좌표; 음식점 자체 측량 좌표 아님
킹스타피자_평화점,완산구 평화동,전북특별자치도 전주시 완산구 평화동2가 259-12 상가동 107호,전북특별자치도 전주시 완산구 모악로 4715 상가동 107호,063-236-5006,127.1302922,35.79049788,평화2동,exact_official_building_road,기존 주택 CSV의 건물 좌표; 음식점 자체 측량 좌표 아님
김씨네순대국밥,완산구 효자동,전북특별자치도 전주시 완산구 효자동2가 1243-16,전북특별자치도 전주시 완산구 바우배기1길 17,063-223-2210,127.1036209,35.8149235,효자5동,exact_official_building_road,기존 주택 CSV의 건물 좌표; 음식점 자체 측량 좌표 아님
돼지잔치,완산구 효자동1가,전북특별자치도 전주시 완산구 효자동1가 108-2,전북특별자치도 전주시 완산구 효동3길 9,063-222-2353,127.1289343,35.8056511,효자1동,exact_official_building_road,기존 주택 CSV의 건물 좌표; 음식점 자체 측량 좌표 아님
마타비,완산구 중앙동,전북특별자치도 전주시 완산구 중앙동3가 28-2 2층,전북특별자치도 전주시 완산구 전라감영4길16-1 2층,0507-1342-5343,127.1447558,35.81691086,중앙동,exact_official_building_parcel,기존 주택 CSV의 건물 좌표; 음식점 자체 측량 좌표 아님
뿌사리_전주본점,완산구 효자5동,전북특별자치도 전주시 완산구 효자동3가 1529-8,전북특별자치도 전주시 완산구 홍산북로 59-7,063-227-8690,127.108348,35.8178538,효자5동,exact_official_building_road,기존 주택 CSV의 건물 좌표; 음식점 자체 측량 좌표 아님
굽네치킨_전주서신점,완산구 서신동,전북특별자치도 전주시 완산구 서신동 860-1,전북특별자치도 전주시 완산구 전룡로 28,063-274-9294,127.1164227,35.8262782,서신동,exact_official_building_road,기존 주택 CSV의 건물 좌표; 음식점 자체 측량 좌표 아님
전래동화_전주신시가지점,완산구 효자4동,전북특별자치도 전주시 완산구 효자동2가 1307-1,전북특별자치도 전주시 완산구 후곡길 31,063-223-7759,127.0949711,35.8114425,효자4동,exact_official_building_road,기존 주택 CSV의 건물 좌표; 음식점 자체 측량 좌표 아님
엔엔에프,완산구 다가동4가,전북특별자치도 전주시 완산구 다가동4가 80-2,전북특별자치도 전주시 완산구 전주객사2길 59-3,0507-1444-8486,127.1398843,35.81919254,중앙동,exact_official_building_road,기존 주택 CSV의 건물 좌표; 음식점 자체 측량 좌표 아님
닭튀남,덕진구 우아동2가,전북특별자치도 전주시 덕진구 우아동2가 915-17,전북특별자치도 전주시 덕진구 아중1길 2,063-247-7778,127.1701017,35.8281834,우아2동,exact_official_building_road,기존 주택 CSV의 건물 좌표; 음식점 자체 측량 좌표 아님
명기주막,완산구 효자동1가,전북특별자치도 전주시 완산구 효자동1가 554,전북특별자치도 전주시 완산구 성지산3길 21,063-237-0831,127.1211469,35.8054961,효자2동,exact_official_building_road,기존 주택 CSV의 건물 좌표; 음식점 자체 측량 좌표 아님
사선대또랑장어,덕진구 송천1동,전북특별자치도 전주시 덕진구 송천동1가 814-1,전북특별자치도 전주시 덕진구 두간로 46-1,063-262-0060,127.1196271,35.86486864,송천2동,exact_official_building_road,기존 주택 CSV의 건물 좌표; 음식점 자체 측량 좌표 아님
전주술로시티,완산구 풍남동,전북특별자치도 전주시 완산구 풍남동2가 29-2,전북특별자치도 전주시 완산구 한지길 22,070-4067-3338,127.1530963,35.81931323,풍남동,exact_official_building_road,기존 주택 CSV의 건물 좌표; 음식점 자체 측량 좌표 아님
리빙헛_서신점,완산구 서신동,전북특별자치도 전주시 완산구 서신동 791-3,전북특별자치도 전주시 완산구 감나무로 61-13,063-224-8929,127.1184141,35.8317587,서신동,exact_official_building_road,기존 주택 CSV의 건물 좌표; 음식점 자체 측량 좌표 아님
장원중화요리,덕진구 만성동,전북특별자치도 전주시 덕진구 만성동 1169-5,전북특별자치도 전주시 덕진구 월방3길 26-14,063-236-9991,127.0693847,35.8349819,여의동,exact_official_building_road,기존 주택 CSV의 건물 좌표; 음식점 자체 측량 좌표 아님
채선당_플러스_서신점,완산구 서신동,전북특별자치도 전주시 완산구 서신동 775 삼성전자,전북특별자치도 전주시 완산구 백제대로 422 삼성전자,063-272-2952,127.1231462,35.83079786,서신동,exact_official_building_road,기존 주택 CSV의 건물 좌표; 음식점 자체 측량 좌표 아님
원조뽀글뽀글양푼집,완산구 효자5동,전북특별자치도 전주시 완산구 효자동3가 1450-1,전북특별자치도 전주시 완산구 서곡1길 15,010-6739-8910,127.0994649,35.83533688,효자5동,exact_official_building_road,기존 주택 CSV의 건물 좌표; 음식점 자체 측량 좌표 아님
솜씨,완산구 중화산동,전북특별자치도 전주시 완산구 중화산동1가 303-7 102호,전북특별자치도 전주시 완산구 서원로 356-1 102호,063-285-9933,127.1329875,35.81330256,중화산1동,exact_official_building_road,기존 주택 CSV의 건물 좌표; 음식점 자체 측량 좌표 아님
라멘81번옥,완산구 효자동,전북특별자치도 전주시 완산구 효자동2가 1154-1,전북특별자치도 전주시 완산구 홍산로 246,063-224-8110,127.1064474,35.8155568,효자5동,exact_official_building_road,기존 주택 CSV의 건물 좌표; 음식점 자체 측량 좌표 아님
민들레찐빵만두,완산구 효자동,전북특별자치도 전주시 완산구 효자동1가 445-1,전북특별자치도 전주시 완산구 거마평로 145,063-224-7776,127.1161624,35.8052068,효자3동,exact_official_building_road,기존 주택 CSV의 건물 좌표; 음식점 자체 측량 좌표 아님
도미노피자_전주효자점,완산구 효자동,전북특별자치도 전주시 완산구 효자동1가 549-5,전북특별자치도 전주시 완산구 백제대로 133,063-222-3480,127.1232552,35.80474172,효자2동,exact_official_building_road,기존 주택 CSV의 건물 좌표; 음식점 자체 측량 좌표 아님
명품짬뽕_송천점,덕진구 송천1동,전북특별자치도 전주시 덕진구 송천동2가 468-5,전북특별자치도 전주시 덕진구 송천중앙로 234,063-252-6663,127.121736,35.8679394,송천1동,exact_official_building_road,기존 주택 CSV의 건물 좌표; 음식점 자체 측량 좌표 아님
드롭탑_전주씨지브이점,완산구 효자5동,전북특별자치도 전주시 완산구 효자동3가 1531-2 6층,전북특별자치도 전주시 완산구 홍산로 260 6층,063-228-5242,127.1064661,35.8168412,효자5동,exact_official_building_road,기존 주택 CSV의 건물 좌표; 음식점 자체 측량 좌표 아님
포크패밀리,완산구 효자동,전북특별자치도 전주시 완산구 효자동3가 1527-10 1층,전북특별자치도 전주시 완산구 홍산중앙로 47 1층,063-223-4192,127.1087716,35.8178974,효자5동,exact_official_building_road,기존 주택 CSV의 건물 좌표; 음식점 자체 측량 좌표 아님
Cafe_느그시봄_2호점,덕진구 우아동1가,전북특별자치도 전주시 덕진구 우아동1가 744-4,전북특별자치도 전주시 덕진구 아중호수길 92-1,0507-1340-2020,127.1755518,35.82021717,우아2동,exact_official_building_road,기존 주택 CSV의 건물 좌표; 음식점 자체 측량 좌표 아님
우리할매떡볶이_전주혁신점,덕진구 혁신동,전북특별자치도 전주시 덕진구 중동 776-14,전북특별자치도 전주시 덕진구 오공로 43-17,0507-1353-9695,127.0599579,35.8376957,혁신동,exact_official_building_road,기존 주택 CSV의 건물 좌표; 음식점 자체 측량 좌표 아님
88켄터키치킨_전주효자점,완산구 효자동,전북특별자치도 전주시 완산구 효자동1가 392,전북특별자치도 전주시 완산구 거마평로 177,"0507-1311-8844, 063-285-8844",127.115868,35.8081538,효자3동,exact_official_building_road,기존 주택 CSV의 건물 좌표; 음식점 자체 측량 좌표 아님
왓커피_경찰청점,완산구 효자5동,전북특별자치도 전주시 완산구 효자동3가 1633-7 1층 101호,전북특별자치도 전주시 완산구 마전중앙로 21 1층 101호,063-715-3256,127.1040921,35.8234944,효자5동,exact_official_building_road,기존 주택 CSV의 건물 좌표; 음식점 자체 측량 좌표 아님
꼬꼬영양통닭,완산구 풍남동,전북특별자치도 전주시 완산구 경원동2가 53-5,전북특별자치도 전주시 완산구 경기전길 38-10,063-283-2655,127.1498544,35.8176819,풍남동,exact_official_building_road,기존 주택 CSV의 건물 좌표; 음식점 자체 측량 좌표 아님
우천칡냉면,완산구 중앙동4가,전북특별자치도 전주시 완산구 중앙동4가 31-39,전북특별자치도 전주시 완산구 전라감영로 46-4,063-284-8583,127.1443534,35.81522254,중앙동,exact_official_building_road,기존 주택 CSV의 건물 좌표; 음식점 자체 측량 좌표 아님
감탄떡볶이_효자2호점,완산구 효자4동,전북특별자치도 전주시 완산구 효자동2가 1313-5,전북특별자치도 전주시 완산구 호암로 23,063-221-1600,127.0972612,35.809304,효자4동,exact_official_building_road,기존 주택 CSV의 건물 좌표; 음식점 자체 측량 좌표 아님
오른케이크,완산구 다가동,전북특별자치도 전주시 완산구 다가동4가 39-2,전북특별자치도 전주시 완산구 전주객사1길 80-1,063-284-3999,127.1385845,35.8198378,중앙동,exact_official_building_road,기존 주택 CSV의 건물 좌표; 음식점 자체 측량 좌표 아님
가마꿉_송천점,덕진구 송천동,전북특별자치도 전주시 덕진구 송천동2가 179-116 1층 105호,전북특별자치도 전주시 덕진구 사근1길 31 1층 105호,063-274-9282,127.1305541,35.8666658,송천1동,exact_official_building_road,기존 주택 CSV의 건물 좌표; 음식점 자체 측량 좌표 아님
술반고기반,완산구 서신동,전북특별자치도 전주시 완산구 서신동 801-1,전북특별자치도 전주시 완산구 서신천변15길 5,1577-1142,127.1136584,35.8317696,서신동,exact_official_building_road,기존 주택 CSV의 건물 좌표; 음식점 자체 측량 좌표 아님
더벤티_중화산점,완산구 중화산동,전북특별자치도 전주시 완산구 중화산동2가 770-7,전북특별자치도 전주시 완산구 중화산로 89,063-903-7007,127.1179712,35.81833999,중화산2동,exact_official_building_road,기존 주택 CSV의 건물 좌표; 음식점 자체 측량 좌표 아님
롯데리아_전주에코점,덕진구 송천동2가,전북특별자치도 전주시 덕진구 송천동2가 1331-13,전북특별자치도 전주시 덕진구 세병남로 25,063-254-0907,127.1272879,35.8720042,송천1동,exact_official_building_road,기존 주택 CSV의 건물 좌표; 음식점 자체 측량 좌표 아님
청춘튀겨_전북대점,덕진구 덕진동,전북특별자치도 전주시 덕진구 덕진동1가 1314-176,전북특별자치도 전주시 덕진구 명륜3길 19,063-278-9607,127.127937,35.8429571,덕진동,exact_official_building_road,기존 주택 CSV의 건물 좌표; 음식점 자체 측량 좌표 아님
세인트존,완산구 중앙동1가,전북특별자치도 전주시 완산구 중앙동1가 19-1,전북특별자치도 전주시 완산구 전라감영3길 17,010-4222-1664,127.1429442,35.81660956,중앙동,exact_official_building_road,기존 주택 CSV의 건물 좌표; 음식점 자체 측량 좌표 아님
노랑카페,완산구 서신동,전북특별자치도 전주시 완산구 서신동 966-1,전북특별자치도 전주시 완산구 여울로 35,070-4793-8889,127.1197796,35.8361852,서신동,exact_official_building_road,기존 주택 CSV의 건물 좌표; 음식점 자체 측량 좌표 아님
루담,완산구 효자동2가,전북특별자치도 전주시 완산구 효자동2가 1305-27 1층,전북특별자치도 전주시 완산구 후곡길 5,0507-1322-3991,127.0958902,35.809039,효자4동,exact_official_building_road,기존 주택 CSV의 건물 좌표; 음식점 자체 측량 좌표 아님
빽다방_전주송천오송점,덕진구 송천동,전북특별자치도 전주시 덕진구 송천동1가 107-200,전북특별자치도 전주시 덕진구 천마산로 52,063-251-3255,127.1274617,35.863921,송천1동,exact_official_building_road,기존 주택 CSV의 건물 좌표; 음식점 자체 측량 좌표 아님
카페다복,완산구 효자5동,전북특별자치도 전주시 완산구 효자동3가 1694-6 1층 101호,전북특별자치도 전주시 완산구 마전들로 82 1층 101호,010-4755-1977,127.1045308,35.82085458,효자5동,exact_official_building_road,기존 주택 CSV의 건물 좌표; 음식점 자체 측량 좌표 아님
백김치새싹막회_본점,덕진구 우아동2가,전북특별자치도 전주시 덕진구 우아동2가 934-5,전북특별자치도 전주시 덕진구 아중2길 5,063-242-1288,127.1750783,35.82962365,우아2동,exact_official_building_road,기존 주택 CSV의 건물 좌표; 음식점 자체 측량 좌표 아님
풍남정,완산구 풍남동,전북특별자치도 전주시 완산구 전동 71-1,전북특별자치도 전주시 완산구 태조로 52,063-285-7782,127.1490476,35.81396693,풍남동,exact_official_building_road,기존 주택 CSV의 건물 좌표; 음식점 자체 측량 좌표 아님
마라시대,완산구 효자동3가,전북특별자치도 전주시 완산구 효자동3가 1167-5,전북특별자치도 전주시 완산구 백마산길 10,063-224-9546,127.0919953,35.8180615,효자4동,exact_official_building_road,기존 주택 CSV의 건물 좌표; 음식점 자체 측량 좌표 아님
중화요리성용,완산구 효자동,전북특별자치도 전주시 완산구 효자동1가 665-12,전북특별자치도 전주시 완산구 효자천변1길 32-5,063-226-4033,127.1147985,35.80006513,효자3동,exact_official_building_road,기존 주택 CSV의 건물 좌표; 음식점 자체 측량 좌표 아님
소소떡볶이_효자점,완산구 효자동,전북특별자치도 전주시 완산구 효자동1가 392,"전북특별자치도 전주시 완산구 거마평로 177, 1층",063-225-2368,127.115868,35.8081538,효자3동,exact_official_building_road,기존 주택 CSV의 건물 좌표; 음식점 자체 측량 좌표 아님
바다사냥,완산구 서신동,전북특별자치도 전주시 완산구 서신동 948-17,전북특별자치도 전주시 완산구 고사평로 16,063-274-2478,127.1096662,35.8353997,서신동,exact_official_building_road,기존 주택 CSV의 건물 좌표; 음식점 자체 측량 좌표 아님
수지커피,완산구 효자동1가,전북특별자치도 전주시 완산구 효자동1가 669-8,전북특별자치도 전주시 완산구 용리로 49,063-236-9575,127.1152768,35.7988592,효자3동,exact_official_building_road,기존 주택 CSV의 건물 좌표; 음식점 자체 측량 좌표 아님
야간비행,완산구 풍남동,전북특별자치도 전주시 완산구 풍남동1가 42-1 2층,전북특별자치도 전주시 완산구 동문길 61 2층,0507-1405-3604,127.1505973,35.8185306,풍남동,exact_official_building_road,기존 주택 CSV의 건물 좌표; 음식점 자체 측량 좌표 아님
블레스롤_전주신시가지점,완산구 효자5동,전북특별자치도 전주시 완산구 효자동2가 1155-5 1층,전북특별자치도 전주시 완산구 홍산남로 56 1층,063-227-0070,127.1080974,35.8155758,효자5동,exact_official_building_road,기존 주택 CSV의 건물 좌표; 음식점 자체 측량 좌표 아님
여일식당,완산구 효자동2가,전북특별자치도 전주시 완산구 효자동2가 1239-1,전북특별자치도 전주시 완산구 홍산로 263,0507-1469-2213,127.1054984,35.8173005,효자5동,exact_official_building_parcel,기존 주택 CSV의 건물 좌표; 음식점 자체 측량 좌표 아님
슬기네가맥,덕진구 덕진동,전북특별자치도 전주시 덕진구 덕진동1가 1312-56,전북특별자치도 전주시 덕진구 덕진광장로 22,010-2682-4718,127.125268,35.8449013,덕진동,exact_official_building_road,기존 주택 CSV의 건물 좌표; 음식점 자체 측량 좌표 아님
명랑핫도그_중화산점,완산구 중화산동2가,전북특별자치도 전주시 완산구 중화산동2가 744-2,전북특별자치도 전주시 완산구 유연로 282,063-222-3476,127.1162645,35.8251513,중화산2동,exact_official_building_road,기존 주택 CSV의 건물 좌표; 음식점 자체 측량 좌표 아님
조개주인_중화산본점,완산구 중화산동2가,전북특별자치도 전주시 완산구 중화산동2가  776-6,전북특별자치도 전주시 완산구 신촌4길 8,"0507-1431-8593, 063-222-8592",127.1173225,35.8179657,중화산2동,exact_official_building_road,기존 주택 CSV의 건물 좌표; 음식점 자체 측량 좌표 아님
엑시트피자_송천점,덕진구 송천동,전북특별자치도 전주시 덕진구 송천동1가 405-1,전북특별자치도 전주시 덕진구 송천로 42,0507-1348-7903,127.1186517,35.8570979,송천2동,exact_official_building_road,기존 주택 CSV의 건물 좌표; 음식점 자체 측량 좌표 아님
본죽_전주효자문학점,완산구 효자동3가,전북특별자치도 전주시 완산구 효자동3가 1618-3,전북특별자치도 전주시 완산구 문학대4길 32-4,063-224-8008,127.1052436,35.8264641,효자5동,exact_official_building_road,기존 주택 CSV의 건물 좌표; 음식점 자체 측량 좌표 아님
마성방진안흑돼지,완산구 효자동,전북특별자치도 전주시 완산구 효자동3가 1529-9,전북특별자치도 전주시 완산구 홍산북로 59,063-229-0528,127.1083637,35.8176217,효자5동,exact_official_building_road,기존 주택 CSV의 건물 좌표; 음식점 자체 측량 좌표 아님
봉구스밥버거_신흥점,완산구 중화산동,전북특별자치도 전주시 완산구 중화산동1가 196,전북특별자치도 전주시 완산구 서원로 406,063-287-7676,127.1380853,35.81566455,중화산1동,exact_official_building_road,기존 주택 CSV의 건물 좌표; 음식점 자체 측량 좌표 아님
교촌치킨_하가덕진점,덕진구 덕진동2가,전북특별자치도 전주시 덕진구 덕진동2가 670-1,전북특별자치도 전주시 덕진구 가리내7길 13,063-278-1991,127.1102211,35.84449304,덕진동,exact_official_building_road,기존 주택 CSV의 건물 좌표; 음식점 자체 측량 좌표 아님
돈미당,덕진구 송천2동,전북특별자치도 전주시 덕진구 송천동2가 1304 에코시티 더샵3차상가,"전북특별자치도 전주시 덕진구 세병로 138, 에코시티 더샵3차상가 1층 104호",063-903-0212,127.1362208,35.87649856,송천1동,exact_official_building_road,기존 주택 CSV의 건물 좌표; 음식점 자체 측량 좌표 아님
석화도,완산구 효자동1가,전북특별자치도 전주시 완산구 효자동1가 454-1 8층,전북특별자치도 전주시 완산구 용머리로 36 8층,063-228-8006,127.1144062,35.8054176,효자3동,exact_official_building_road,기존 주택 CSV의 건물 좌표; 음식점 자체 측량 좌표 아님
족떡이네,완산구 풍남동,전북특별자치도 전주시 완산구 교동 64-8,전북특별자치도 전주시 완산구 은행로 65-3,063-285-0198,127.1528629,35.81418311,풍남동,exact_official_building_road,기존 주택 CSV의 건물 좌표; 음식점 자체 측량 좌표 아님
돼지막_본점,완산구 효자5동,전북특별자치도 전주시 완산구 효자동3가 1429-7,전북특별자치도 전주시 완산구 서곡1길 16,063-255-6492,127.0996201,35.8355264,효자5동,exact_official_building_road,기존 주택 CSV의 건물 좌표; 음식점 자체 측량 좌표 아님
우리순대집,덕진구 우아1동,전북특별자치도 전주시 덕진구 우아동3가 594-18,전북특별자치도 전주시 덕진구 호성1길 9,063-242-8077,127.1551342,35.85574955,우아1동,exact_official_building_road,기존 주택 CSV의 건물 좌표; 음식점 자체 측량 좌표 아님
경양카츠_전주객사점,완산구 고사동,전북특별자치도 전주시 완산구 고사동 155-3,전북특별자치도 전주시 완산구 전주객사4길 47,0507-1322-2346,127.1434049,35.8197588,중앙동,exact_official_building_road,기존 주택 CSV의 건물 좌표; 음식점 자체 측량 좌표 아님
가마,완산구 고사동,전북특별자치도 전주시 완산구 고사동 172-1 2층,전북특별자치도 전주시 완산구 전주객사4길 74 2층,0507-1309-8521,127.1432698,35.8208967,중앙동,exact_official_building_road,기존 주택 CSV의 건물 좌표; 음식점 자체 측량 좌표 아님
여유,완산구 효자동,전북특별자치도 전주시 완산구 효자동3가 1528-7,전북특별자치도 전주시 완산구 홍산4길 20-2,0507-1379-7901,127.110892,35.818306,효자5동,exact_official_building_road,기존 주택 CSV의 건물 좌표; 음식점 자체 측량 좌표 아님
베이커리카페0185,완산구 효자동,전북특별자치도 전주시 완산구 효자동1가 113-2,"전북특별자치도 전주시 완산구 효동3길 17-6, 101동",063-236-0185,127.1292995,35.8048111,효자1동,exact_official_building_road,기존 주택 CSV의 건물 좌표; 음식점 자체 측량 좌표 아님
수제국돈,덕진구 송천동1가,전북특별자치도 전주시 덕진구 송천동1가 800-8,전북특별자치도 전주시 덕진구 시천로 70-1,063-277-3247,127.1146913,35.86562557,송천2동,exact_official_building_road,기존 주택 CSV의 건물 좌표; 음식점 자체 측량 좌표 아님
오늘도봄,완산구 효자5동,전북특별자치도 전주시 완산구 효자동3가 1536-3 메가타워 1층,전북특별자치도 전주시 완산구 홍산중앙로 38 메가타워 1층,0507-1352-0213,127.1092879,35.816916,효자5동,exact_official_building_road,기존 주택 CSV의 건물 좌표; 음식점 자체 측량 좌표 아님
이자카야_고양이,완산구 효자동,전북특별자치도 전주시 완산구 효자동2가 1332-1 109호,전북특별자치도 전주시 완산구 홍산로 160-3,063-227-8664,127.105093,35.808165,효자4동,exact_official_building_road,기존 주택 CSV의 건물 좌표; 음식점 자체 측량 좌표 아님
명륜진사갈비_전주아중점,덕진구 우아동2가,전북특별자치도 전주시 덕진구 우아동2가 915-13,전북특별자치도 전주시 덕진구 아중로 197,063-247-9898,127.170724,35.82794433,우아2동,exact_official_building_road,기존 주택 CSV의 건물 좌표; 음식점 자체 측량 좌표 아님
바우네나주곰탕_전주본점,덕진구 덕진동,전북특별자치도 전주시 덕진구 덕진동1가 1276-4,전북특별자치도 전주시 덕진구 덕진광장로 2,063-277-9885,127.1244134,35.8436953,덕진동,exact_official_building_road,기존 주택 CSV의 건물 좌표; 음식점 자체 측량 좌표 아님
커피유럽,완산구 효자3동,전북특별자치도 전주시 완산구 효자동3가 1621-13,전북특별자치도 전주시 완산구 문학대2길 4,063-227-8772,127.102155,35.82546061,효자5동,exact_official_building_road,기존 주택 CSV의 건물 좌표; 음식점 자체 측량 좌표 아님
카페안행,완산구 효자3동,전북특별자치도 전주시 완산구 효자동1가  688-5,전북특별자치도 전주시 완산구 안행6길 7,063-224-9191,127.133377,35.80085821,효자1동,exact_official_building_road,기존 주택 CSV의 건물 좌표; 음식점 자체 측량 좌표 아님
가장맛있는족발_삼천점,완산구 효자동1가,전북특별자치도 전주시 완산구 효자동1가 669-9,전북특별자치도 전주시 완산구 용리로 51,0507-0090-7386,127.1154431,35.79880802,효자3동,exact_official_building_road,기존 주택 CSV의 건물 좌표; 음식점 자체 측량 좌표 아님
돈쌈냉면_전주대점,완산구 효자동3가,전북특별자치도 전주시 완산구 효자동3가 1167-9,전북특별자치도 전주시 완산구 효자로 64,063-277-8008,127.0920731,35.8183845,효자4동,exact_official_building_road,기존 주택 CSV의 건물 좌표; 음식점 자체 측량 좌표 아님
강남칼국수,덕진구 송천1동,전북특별자치도 전주시 덕진구 송천동1가 827-8,전북특별자치도 전주시 덕진구 용소로 71,063-271-6191,127.1160528,35.86367074,송천2동,exact_official_building_road,기존 주택 CSV의 건물 좌표; 음식점 자체 측량 좌표 아님
아이언쉐프,완산구 서신동,전북특별자치도 전주시 완산구 서신동 932-6,전북특별자치도 전주시 완산구 새터로 9-1,0507-1448-3035,127.1081137,35.83694251,서신동,exact_official_building_road,기존 주택 CSV의 건물 좌표; 음식점 자체 측량 좌표 아님
시멘트,덕진구 덕진동,전북특별자치도 전주시 덕진구 덕진동1가 1314-182 2층,전북특별자치도 전주시 덕진구 명륜3길 18-3 2층,010-4240-1513,127.1283579,35.8425602,덕진동,exact_official_building_road,기존 주택 CSV의 건물 좌표; 음식점 자체 측량 좌표 아님
재하로스터리카페,완산구 풍남동,전북특별자치도 전주시 완산구 교동 976-3,전북특별자치도 전주시 완산구 낙수정1길 20,063-247-7247,127.1631449,35.81400263,풍남동,exact_official_building_road,기존 주택 CSV의 건물 좌표; 음식점 자체 측량 좌표 아님
할리스_전주시네마점,완산구 중앙동,전북특별자치도 전주시 완산구 고사동 340-3,전북특별자치도 전주시 완산구 전주객사3길 67,063-232-2240,127.1413837,35.8202715,중앙동,exact_official_building_road,기존 주택 CSV의 건물 좌표; 음식점 자체 측량 좌표 아님
다슬기본가,덕진구 송천2동,전북특별자치도 전주시 덕진구 송천동1가 838-5,전북특별자치도 전주시 덕진구 용소로 86,063-251-2550,127.1176567,35.8633944,송천2동,exact_official_building_road,기존 주택 CSV의 건물 좌표; 음식점 자체 측량 좌표 아님
산이솔이야,덕진구 송천동,전북특별자치도 전주시 덕진구 송천동1가 835-3,전북특별자치도 전주시 덕진구 송천로 111,063-252-1205,127.1158651,35.8629293,송천2동,exact_official_building_road,기존 주택 CSV의 건물 좌표; 음식점 자체 측량 좌표 아님
무모한초밥_전주에코시티점,덕진구 송천동,전북특별자치도 전주시 덕진구 송천동2가 1301-2 1층 101호,전북특별자치도 전주시 덕진구 세병로 174-10 1층 101호,063-715-1500,127.133993,35.8790381,송천1동,exact_official_building_road,기존 주택 CSV의 건물 좌표; 음식점 자체 측량 좌표 아님
이디야커피_전주신시가지점,완산구 효자5동,전북특별자치도 전주시 완산구 효자동2가 1227-2,전북특별자치도 전주시 완산구 홍산북로 11-3,063-224-8503,127.1027991,35.8177255,효자5동,exact_official_building_road,기존 주택 CSV의 건물 좌표; 음식점 자체 측량 좌표 아님
보드게임카페_온앤오프_전주직영점,덕진구 덕진동,전북특별자치도 전주시 덕진구 덕진동1가 1264-5 3층,전북특별자치도 전주시 덕진구 명륜3길 14 3층,"0507-1476-7995, 063-271-7983",127.1276985,35.8424632,덕진동,exact_official_building_road,기존 주택 CSV의 건물 좌표; 음식점 자체 측량 좌표 아님
컴바인커피,완산구 중화산동,전북특별자치도 전주시 완산구 중화산동2가 196-3 나-102,전북특별자치도 전주시 완산구 선너머3길 61 나-102,063-221-0402,127.1277366,35.81686989,중화산1동,exact_official_building_road,기존 주택 CSV의 건물 좌표; 음식점 자체 측량 좌표 아님
설빙_전주한옥마을점,완산구 풍남동,전북특별자치도 전주시 완산구 풍남동3가 36-15,전북특별자치도 전주시 완산구 은행로 33,070-7799-8883,127.1523052,35.8170087,풍남동,exact_official_building_road,기존 주택 CSV의 건물 좌표; 음식점 자체 측량 좌표 아님
시래뜰_전주본점,완산구 서신동,전북특별자치도 전주시 완산구 서신동 970-3,전북특별자치도 전주시 완산구 온고을로 22,063-255-7770,127.1204635,35.83420327,서신동,exact_official_building_road,기존 주택 CSV의 건물 좌표; 음식점 자체 측량 좌표 아님
Espresso_822-7,덕진구 송천동,전북특별자치도 전주시 덕진구 송천동1가 822-7,전북특별자치도 전주시 덕진구 두간5길 16-14,063-277-8227,127.1172155,35.8642791,송천2동,exact_official_building_road,기존 주택 CSV의 건물 좌표; 음식점 자체 측량 좌표 아님
맘스터치_전주대점,완산구 효자4동,전북특별자치도 전주시 완산구 효자동3가 1724-2,전북특별자치도 전주시 완산구 서원로 8,063-225-3600,127.0952307,35.81340332,효자4동,exact_official_building_road,기존 주택 CSV의 건물 좌표; 음식점 자체 측량 좌표 아님
알엘커피,덕진구 덕진동,전북특별자치도 전주시 덕진구 덕진동1가 1266-6,전북특별자치도 전주시 덕진구 명륜3길 9-1,010-4948-7711,127.1268283,35.8423358,덕진동,exact_official_building_road,기존 주택 CSV의 건물 좌표; 음식점 자체 측량 좌표 아님
홀리졸리키즈카페,덕진구 송천동,전북특별자치도 전주시 덕진구 송천동2가 179-116,전북특별자치도 전주시 덕진구 사근1길 31,0507-1325-2025,127.1305541,35.8666658,송천1동,exact_official_building_road,기존 주택 CSV의 건물 좌표; 음식점 자체 측량 좌표 아님
우아한새참,완산구 중화산동2가,전북특별자치도 전주시 완산구 중화산동2가 762-1,전북특별자치도 전주시 완산구 화산천변3길 11,063-221-3011,127.1150826,35.82036477,중화산2동,exact_official_building_road,기존 주택 CSV의 건물 좌표; 음식점 자체 측량 좌표 아님
엘리팝_신시가지점,완산구 효자동,전북특별자치도 전주시 완산구 효자동3가 1534-3 2층,전북특별자치도 전주시 완산구 홍산남로 51 2층,063-221-2018,127.1074916,35.8160146,효자5동,exact_official_building_road,기존 주택 CSV의 건물 좌표; 음식점 자체 측량 좌표 아님
인정식당,완산구 서신동,전북특별자치도 전주시 완산구 서신동 947-6,전북특별자치도 전주시 완산구 고사평로 11-1,063-274-3338,127.1094104,35.8351984,서신동,exact_official_building_road,기존 주택 CSV의 건물 좌표; 음식점 자체 측량 좌표 아님
차이나팬더,완산구 효자동2가,전북특별자치도 전주시 완산구 효자동2가 1165-1,전북특별자치도 전주시 완산구 범안1길 7-27,063-225-6883,127.1096208,35.8131603,효자4동,exact_official_building_road,기존 주택 CSV의 건물 좌표; 음식점 자체 측량 좌표 아님
레이크갤러리,덕진구 우아동1가,전북특별자치도 전주시 덕진구 우아동1가 742-2 2층,전북특별자치도 전주시 덕진구 아중호수길 96 2층,063-241-3498,127.1750224,35.82004229,우아2동,exact_official_building_road,기존 주택 CSV의 건물 좌표; 음식점 자체 측량 좌표 아님
먹으면보신되는한우뼈백프로설렁탕,덕진구 우아동1가,전북특별자치도 전주시 덕진구 우아동1가 1123-2,전북특별자치도 전주시 덕진구 동부대로 393,063-245-9290,127.1766083,35.82722761,우아2동,exact_official_building_road,기존 주택 CSV의 건물 좌표; 음식점 자체 측량 좌표 아님
줄리앤소피,완산구 중화산동2가,전북특별자치도 전주시 완산구 중화산동2가 584-7,전북특별자치도 전주시 완산구 인정로8,070-8633-5117,127.120373,35.8198874,중화산2동,exact_official_building_parcel,기존 주택 CSV의 건물 좌표; 음식점 자체 측량 좌표 아님
한스델리_전주삼천점,완산구 효자3동,전북특별자치도 전주시 완산구 효자동1가 669-5 2층,전북특별자치도 전주시 완산구 용리로 45,063-236-0057,127.1148134,35.7988196,효자3동,exact_official_building_road,기존 주택 CSV의 건물 좌표; 음식점 자체 측량 좌표 아님
진미면막국수,완산구 효자동,전북특별자치도 전주시 완산구 효자동3가 690-9,전북특별자치도 전주시 완산구 천잠로 461,063-243-4955,127.0980669,35.82681806,효자5동,exact_official_building_road,기존 주택 CSV의 건물 좌표; 음식점 자체 측량 좌표 아님
피자마루_전주신시가지점,완산구 효자3동,전북특별자치도 전주시 완산구 효자동2가 1313-7,전북특별자치도 전주시 완산구 호암로 19,0507-0090-0668,127.0967696,35.8091922,효자4동,exact_official_building_road,기존 주택 CSV의 건물 좌표; 음식점 자체 측량 좌표 아님
고릴라커피,완산구 효자5동,전북특별자치도 전주시 완산구 효자동3가 1597-9,전북특별자치도 전주시 완산구 황강서원4길 16-29,010-5510-5511,127.0988758,35.8266521,효자5동,exact_official_building_road,기존 주택 CSV의 건물 좌표; 음식점 자체 측량 좌표 아님
하서방_송천점,덕진구 송천1동,전북특별자치도 전주시 덕진구 송천동2가 582-1,전북특별자치도 전주시 덕진구 시천로 92,063-278-8884,127.1146829,35.86738306,송천2동,exact_official_building_road,기존 주택 CSV의 건물 좌표; 음식점 자체 측량 좌표 아님
가족회관,완산구 중앙동3가,전북특별자치도 전주시 완산구 중앙동3가 80,전북특별자치도 전주시 완산구 전라감영5길 17,063-284-0982,127.1459492,35.81707255,중앙동,exact_official_building_road,기존 주택 CSV의 건물 좌표; 음식점 자체 측량 좌표 아님
이가네짬뽕,완산구 효자동,전북특별자치도 전주시 완산구 효자동1가 552-11,"전북특별자치도 전주시 완산구 완산구 성지산3길 13, 1층",063-222-0330,127.1221556,35.8053598,효자2동,exact_official_building_road,기존 주택 CSV의 건물 좌표; 음식점 자체 측량 좌표 아님
누룩꽃피는날_중화산점,완산구 중화산동2가,전북특별자치도 전주시 완산구 중화산동2가 777-9,전북특별자치도 전주시 완산구 신촌4길 2-9,063-225-5775,127.117725,35.81859056,중화산2동,exact_official_building_road,기존 주택 CSV의 건물 좌표; 음식점 자체 측량 좌표 아님
홍콩반점0410_전주대점,완산구 효자동,전북특별자치도 전주시 완산구 효자동3가 1183-10 2층,전북특별자치도 전주시 완산구 백마산길 25 2층,063-225-0410,127.090443,35.8171148,효자4동,exact_official_building_road,기존 주택 CSV의 건물 좌표; 음식점 자체 측량 좌표 아님
구구양꼬치,덕진구 덕진동1가,전북특별자치도 전주시 덕진구 덕진동1가 1261-2 2층,전북특별자치도 전주시 덕진구 명륜5길 16-2 2층,063-255-9281,127.1258794,35.8438448,덕진동,exact_official_building_road,기존 주택 CSV의 건물 좌표; 음식점 자체 측량 좌표 아님
일루카,덕진구 송천동2가,전북특별자치도 전주시 덕진구 송천동2가 1330-4 4층,전북특별자치도 전주시 덕진구 세병2길 16 4층,0507-1388-2244,127.1255775,35.8728418,송천1동,exact_official_building_road,기존 주택 CSV의 건물 좌표; 음식점 자체 측량 좌표 아님
아쿠아락,완산구 중화산동2가,전북특별자치도 전주시 완산구 중화산동2가 775-1,전북특별자치도 전주시 완산구 신촌4길 14-10,063-228-8307,127.1167286,35.81862832,중화산2동,exact_official_building_road,기존 주택 CSV의 건물 좌표; 음식점 자체 측량 좌표 아님
빅063,완산구 효자5동,전북특별자치도 전주시 완산구 효자동3가 1644-5 코드빌딩 1층,전북특별자치도 전주시 완산구 마전중앙로 16 코드빌딩 1층,063-222-5804,127.1035646,35.8231383,효자5동,exact_official_building_road,기존 주택 CSV의 건물 좌표; 음식점 자체 측량 좌표 아님
오징어촌_오촌,완산구 서신동,전북특별자치도 전주시 완산구 서신동 854-1,전북특별자치도 전주시 완산구 전룡로 14,063-277-0225,127.1145776,35.82599425,서신동,exact_official_building_road,기존 주택 CSV의 건물 좌표; 음식점 자체 측량 좌표 아님
예술공간결,덕진구 우아동1가,전북특별자치도 전주시 덕진구 우아동1가 1119-5 3층,전북특별자치도 전주시 덕진구 인교9길 23 3층,063-247-2205,127.1754809,35.82601214,우아2동,exact_official_building_road,기존 주택 CSV의 건물 좌표; 음식점 자체 측량 좌표 아님
대야순대,완산구 효자5동,전북특별자치도 전주시 완산구 효자동3가 1596-1 1층,전북특별자치도 전주시 완산구 황강서원로 11,063-224-6002,127.0985031,35.82837158,효자5동,exact_official_building_road,기존 주택 CSV의 건물 좌표; 음식점 자체 측량 좌표 아님
온고을맛전_본점,완산구 중화산동2가,전북특별자치도 전주시 완산구 중화산동2가 615-14,전북특별자치도 전주시 완산구 중산중앙로 21,"0507-1404-0014, 063-225-9992",127.1205865,35.8166183,중화산2동,exact_official_building_road,기존 주택 CSV의 건물 좌표; 음식점 자체 측량 좌표 아님
팔공티_에코시티이마트점,덕진구 송천동,전북특별자치도 전주시 덕진구 송천동2가 1333-5,전북특별자치도 전주시 덕진구 세병서로 18,063-244-8080,127.1239815,35.8716602,송천2동,exact_official_building_road,기존 주택 CSV의 건물 좌표; 음식점 자체 측량 좌표 아님
태조면가,완산구 풍남동,전북특별자치도 전주시 완산구 전동 142-15,전북특별자치도 전주시 완산구 풍남문3길 27-8,063-231-8288,127.1464249,35.8150049,중앙동,exact_official_building_road,기존 주택 CSV의 건물 좌표; 음식점 자체 측량 좌표 아님
이대가메밀,완산구 효자동,전북특별자치도 전주시 완산구 효자동2가 1210-2,"전북특별자치도 전주시 완산구 소태정3길 11, 1층","0507-1497-2241, 063-221-2234",127.0998114,35.8033549,효자4동,exact_official_building_road,기존 주택 CSV의 건물 좌표; 음식점 자체 측량 좌표 아님
무진장갈비명가_본점,완산구 효자5동,전북특별자치도 전주시 완산구 효자동3가 1698-9,전북특별자치도 전주시 완산구 석산1길 12,063-236-0092,127.1033153,35.8199967,효자5동,exact_official_building_road,기존 주택 CSV의 건물 좌표; 음식점 자체 측량 좌표 아님
뷰,완산구 풍남동,전북특별자치도 전주시 완산구 풍남동1가 56-3,전북특별자치도 전주시 완산구 은행로 22,063-287-0810,127.1518264,35.8180064,풍남동,exact_official_building_road,기존 주택 CSV의 건물 좌표; 음식점 자체 측량 좌표 아님
엠브레드,덕진구 덕진동,전북특별자치도 전주시 덕진구 덕진동1가 1408-15,전북특별자치도 전주시 덕진구 들사평3길 8,010-8447-0049,127.1219271,35.84100982,덕진동,exact_official_building_road,기존 주택 CSV의 건물 좌표; 음식점 자체 측량 좌표 아님
장어명가청산_송천점,덕진구 송천동,전북특별자치도 전주시 덕진구 송천동1가 828-6,전북특별자치도 전주시 덕진구 용소로 69,063-276-9592,127.1157059,35.8636485,송천2동,exact_official_building_road,기존 주택 CSV의 건물 좌표; 음식점 자체 측량 좌표 아님
리에또,완산구 효자동,전북특별자치도 전주시 완산구 효자동3가 1528-4 준빌딩2층,전북특별자치도 전주시 완산구 홍산4길 12 준빌딩2층,063-229-5996,127.1101868,35.8183041,효자5동,exact_official_building_road,기존 주택 CSV의 건물 좌표; 음식점 자체 측량 좌표 아님
나잇나잇,완산구 다가동,전북특별자치도 전주시 완산구 다가동3가 53-1 다산빌딩3층,"전북특별자치도 전주시 완산구 전주천동로 244, 다산빌딩3층",010-3910-0219,127.1390549,35.81811405,중앙동,exact_official_building_road,기존 주택 CSV의 건물 좌표; 음식점 자체 측량 좌표 아님
우리고기무한리필,완산구 서신동,전북특별자치도 전주시 완산구 서신동 932-7,전북특별자치도 전주시 완산구 새터로 11,063-252-9258,127.1082649,35.8369364,서신동,exact_official_building_road,기존 주택 CSV의 건물 좌표; 음식점 자체 측량 좌표 아님
상하이반점,완산구 효자동2가,전북특별자치도 전주시 완산구 효자동2가 1231-7 1층 102호,전북특별자치도 전주시 완산구 홍산북로 29-1 1층 102호,063-232-0902,127.1049779,35.8175844,효자5동,exact_official_building_road,기존 주택 CSV의 건물 좌표; 음식점 자체 측량 좌표 아님
꺼구리시장통닭_송천점,덕진구 송천동,전북특별자치도 전주시 덕진구 송천동1가 326-2,전북특별자치도 전주시 덕진구 송천로 49,0504-2015-2241,127.1179491,35.8576575,송천2동,exact_official_building_road,기존 주택 CSV의 건물 좌표; 음식점 자체 측량 좌표 아님
객사마요동,완산구 고사동,전북특별자치도 전주시 완산구 고사동 426-2,전북특별자치도 전주시 완산구 전주객사3길 26-16,0507-1419-0907,127.1430534,35.818332,중앙동,exact_official_building_road,기존 주택 CSV의 건물 좌표; 음식점 자체 측량 좌표 아님
고인돌똥돼지,덕진구 송천1동,전북특별자치도 전주시 덕진구 송천동2가 244-8,전북특별자치도 전주시 덕진구 붓내3길 17-3,063-274-7741,127.1234114,35.86711347,송천1동,exact_official_building_road,기존 주택 CSV의 건물 좌표; 음식점 자체 측량 좌표 아님
돈돈_객사점,완산구 고사동,전북특별자치도 전주시 완산구 고사동 186 로니관광호텔,전북특별자치도 전주시 완산구 전주객사4길 74-50 로니관광호텔,063-282-6551,127.1443231,35.8208164,중앙동,exact_official_building_road,기존 주택 CSV의 건물 좌표; 음식점 자체 측량 좌표 아님
채선당도시락엔샐러드_만성혁신점,덕진구 만성동,전북특별자치도 전주시 덕진구 만성동 1373-3,전북특별자치도 전주시 덕진구 만성중앙로 51,063-211-0807,127.0774045,35.8428672,여의동,exact_official_building_road,기존 주택 CSV의 건물 좌표; 음식점 자체 측량 좌표 아님
피콕,완산구 효자5동,전북특별자치도 전주시 완산구 효자동3가 1663-15,전북특별자치도 전주시 완산구 마전들로 37,070-8875-7700,127.0995635,35.821225,효자5동,exact_official_building_road,기존 주택 CSV의 건물 좌표; 음식점 자체 측량 좌표 아님
롤링파스타_전주객사점,완산구 고사동,전북특별자치도 전주시 완산구 고사동 184,전북특별자치도 전주시 완산구 전주객사5길 73-5,"0507-1306-6317, 063-277-6317",127.1443228,35.821171,중앙동,exact_official_building_road,기존 주택 CSV의 건물 좌표; 음식점 자체 측량 좌표 아님
미미마라_전주본점,덕진구 덕진동,전북특별자치도 전주시 덕진구 덕진동1가 1312-59,전북특별자치도 전주시 덕진구 명륜4길 21-2,063-253-9233,127.1266928,35.8440422,덕진동,exact_official_building_road,기존 주택 CSV의 건물 좌표; 음식점 자체 측량 좌표 아님
풍남집,완산구 효자5동,전북특별자치도 전주시 완산구 효자동3가 1460-1,전북특별자치도 전주시 완산구 서곡2길 4,063-252-4622,127.1012573,35.83442193,효자5동,exact_official_building_road,기존 주택 CSV의 건물 좌표; 음식점 자체 측량 좌표 아님
커피니_전주서곡점,완산구 효자동,전북특별자치도 전주시 완산구 효자동3가 1453-6,전북특별자치도 전주시 완산구 서곡1길 13-7,063-903-5325,127.0994501,35.8347235,효자5동,exact_official_building_road,기존 주택 CSV의 건물 좌표; 음식점 자체 측량 좌표 아님
옛날시골찐빵,완산구 서신동,전북특별자치도 전주시 완산구 서신동 948-11,전북특별자치도 전주시 완산구 고사평2길 1,063-271-4242,127.1096643,35.8345943,서신동,exact_official_building_road,기존 주택 CSV의 건물 좌표; 음식점 자체 측량 좌표 아님
풍년제과_전북대점,덕진구 덕진동,전북특별자치도 전주시 덕진구 덕진동1가 1283-2,전북특별자치도 전주시 덕진구 들사평로 62,063-276-0047,127.1261855,35.8407954,덕진동,exact_official_building_road,기존 주택 CSV의 건물 좌표; 음식점 자체 측량 좌표 아님
루어스,완산구 중앙동,전북특별자치도 전주시 완산구 중앙동2가 16-8,"전북특별자치도 전주시 완산구 전라감영4길 17-1, 1층",0507-1493-0132,127.1442905,35.81696163,중앙동,exact_official_building_road,기존 주택 CSV의 건물 좌표; 음식점 자체 측량 좌표 아님
황제보쌈_전북대점,덕진구 덕진동,전북특별자치도 전주시 덕진구 덕진동1가 1264-10,전북특별자치도 전주시 덕진구 명륜3길 18-6,063-277-7893,127.1282202,35.8423694,덕진동,exact_official_building_road,기존 주택 CSV의 건물 좌표; 음식점 자체 측량 좌표 아님
지코바치킨_서신점,완산구 서신동,전북특별자치도 전주시 완산구 서신동 849-6,전북특별자치도 전주시 완산구 서신천변4길 12-10,063-905-2278,127.1153011,35.8271841,서신동,exact_official_building_road,기존 주택 CSV의 건물 좌표; 음식점 자체 측량 좌표 아님
종가삼대화로집,덕진구 우아동2가,전북특별자치도 전주시 덕진구 우아동2가 918-13,전북특별자치도 전주시 덕진구 아중로 209,063-244-0343,127.1719072,35.8284744,우아2동,exact_official_building_road,기존 주택 CSV의 건물 좌표; 음식점 자체 측량 좌표 아님
일흥옥,덕진구 송천동1가,전북특별자치도 전주시 덕진구 송천동1가 101-2,전북특별자치도 전주시 덕진구 솔내9길 10,010-7657-0156,127.1257324,35.8624616,송천1동,exact_official_building_road,기존 주택 CSV의 건물 좌표; 음식점 자체 측량 좌표 아님
에이치플레터,완산구 전동,전북특별자치도 전주시 완산구 전동 110-1,전북특별자치도 전주시 완산구 풍남문3길 26,010-6505-2665,127.1471564,35.8149525,풍남동,exact_official_building_road,기존 주택 CSV의 건물 좌표; 음식점 자체 측량 좌표 아님
메가엠지씨커피_전주대점,완산구 효자5동,전북특별자치도 전주시 완산구 효자동3가 1175-2 1층,전북특별자치도 전주시 완산구 백마산길 36 1층,063-226-4420,127.0894331,35.8170697,효자4동,exact_official_building_road,기존 주택 CSV의 건물 좌표; 음식점 자체 측량 좌표 아님
국민운동식당_전주점,완산구 서신동,전북특별자치도 전주시 완산구 서신동 950-2 1층,전북특별자치도 전주시 완산구 고사평4길 12-2 1층,"0507-1403-1756, 063-272-1756",127.1105444,35.83535617,서신동,exact_official_building_road,기존 주택 CSV의 건물 좌표; 음식점 자체 측량 좌표 아님
카페브리즈,완산구 풍남동,전북특별자치도 전주시 완산구 전동 16-2,전북특별자치도 전주시 완산구 전동성당길 66,063-232-5501,127.1487499,35.8159916,풍남동,exact_official_building_road,기존 주택 CSV의 건물 좌표; 음식점 자체 측량 좌표 아님
토레오,덕진구 만성동,전북특별자치도 전주시 덕진구 만성동 1169-13,전북특별자치도 전주시 덕진구 월방3길 26,063-222-1551,127.0686008,35.8348136,여의동,exact_official_building_road,기존 주택 CSV의 건물 좌표; 음식점 자체 측량 좌표 아님
한얼소,완산구 중화산동2가,전북특별자치도 전주시 완산구 중화산동2가 653-3,"전북특별자치도 전주시 완산구 영경2길 9, 1층",0503-6986-0475,127.123803,35.81734607,중화산2동,exact_official_building_road,기존 주택 CSV의 건물 좌표; 음식점 자체 측량 좌표 아님
깨순이김밥_포스코점,완산구 효자동2가,전북특별자치도 전주시 완산구 효자동2가 1166-10,전북특별자치도 전주시 완산구 범안1길 30,063-224-2010,127.107289,35.8114043,효자4동,exact_official_building_road,기존 주택 CSV의 건물 좌표; 음식점 자체 측량 좌표 아님
전주영화호텔커피숍,완산구 중앙동,전북특별자치도 전주시 완산구 고사동 462-4,전북특별자치도 전주시 완산구 전주객사2길 28-27,063-283-0800,127.1414199,35.81841034,중앙동,exact_official_building_road,기존 주택 CSV의 건물 좌표; 음식점 자체 측량 좌표 아님
달빛,완산구 효자동3가,전북특별자치도 전주시 완산구 효자동3가 1412-10,전북특별자치도 전주시 완산구 서곡5길 13-22,063-273-4636,127.1008758,35.8371585,효자5동,exact_official_building_road,기존 주택 CSV의 건물 좌표; 음식점 자체 측량 좌표 아님
배부른밥상,덕진구 송천2동,전북특별자치도 전주시 덕진구 송천동2가 491-3,전북특별자치도 전주시 덕진구 송천중앙로 233-17,063-255-5544,127.1191534,35.8676502,송천2동,exact_official_building_road,기존 주택 CSV의 건물 좌표; 음식점 자체 측량 좌표 아님
빽다방_전주예수병원점,완산구 중화산동1가,전북특별자치도 전주시 완산구 중화산동1가 321-3,전북특별자치도 전주시 완산구 서원로 345,0507-1389-1011,127.1319784,35.813291,중화산1동,exact_official_building_road,기존 주택 CSV의 건물 좌표; 음식점 자체 측량 좌표 아님
와르르조개구이,덕진구 우아동1가,전북특별자치도 전주시 덕진구 우아동1가 1088-1,전북특별자치도 전주시 덕진구 아중로 192,063-241-8420,127.1705862,35.82735753,우아2동,exact_official_building_road,기존 주택 CSV의 건물 좌표; 음식점 자체 측량 좌표 아님
남원골추어탕_효자점,완산구 효자동1가,전북특별자치도 전주시 완산구 효자동1가 383-2,전북특별자치도 전주시 완산구 밤나무1길 15-15,063-242-3131,127.1166326,35.8084617,효자2동,exact_official_building_road,기존 주택 CSV의 건물 좌표; 음식점 자체 측량 좌표 아님
이디야커피_전주삼천점,완산구 효자3동,전북특별자치도 전주시 완산구 효자동1가 669-4,전북특별자치도 전주시 완산구 용리로 43,063-236-8252,127.1146573,35.79882929,효자3동,exact_official_building_road,기존 주택 CSV의 건물 좌표; 음식점 자체 측량 좌표 아님
가본,완산구 고사동,전북특별자치도 전주시 완산구 고사동 484-2,"전북특별자치도 전주시 완산구 전주객사2길 38-5, 1층",063-284-4842,127.1407532,35.81865795,중앙동,exact_official_building_road,기존 주택 CSV의 건물 좌표; 음식점 자체 측량 좌표 아님
맛드림김밥랜드,덕진구 혁신동,전북특별자치도 전주시 덕진구 중동 775-1,전북특별자치도 전주시 덕진구 기지로 78,063-227-5955,127.0605693,35.8380941,혁신동,exact_official_building_road,기존 주택 CSV의 건물 좌표; 음식점 자체 측량 좌표 아님
대박면옥,덕진구 우아2동,전북특별자치도 전주시 덕진구 우아동1가 1118-5 1층,전북특별자치도 전주시 덕진구 인교9길 17 1층,063-241-7775,127.17486,35.82611604,우아2동,exact_official_building_road,기존 주택 CSV의 건물 좌표; 음식점 자체 측량 좌표 아님
1984세븐어클락,완산구 효자5동,전북특별자치도 전주시 완산구 효자동3가 1184-8 2층,전북특별자치도 전주시 완산구 백마산길 17 2층,010-8293-3680,127.0914178,35.8174719,효자4동,exact_official_building_road,기존 주택 CSV의 건물 좌표; 음식점 자체 측량 좌표 아님
1983돈카츠앤초밥,완산구 효자동3가,전북특별자치도 전주시 완산구 효자동1가 568-7,전북특별자치도 전주시 완산구 송정로 43,"0507-1326-1983, 063-222-1983",127.1215327,35.80240378,효자2동,exact_official_building_road,기존 주택 CSV의 건물 좌표; 음식점 자체 측량 좌표 아님
만금당,완산구 중화산동,전북특별자치도 전주시 완산구 중화산동2가 195-13,전북특별자치도 전주시 완산구 선너머로 26,063-228-0502,127.1276807,35.81591409,중화산1동,exact_official_building_road,기존 주택 CSV의 건물 좌표; 음식점 자체 측량 좌표 아님
효자막창_전주고사본점,완산구 다가동3가,전북특별자치도 전주시 완산구 다가동3가 23-3,전북특별자치도 전주시 완산구 전주객사2길 7,010-9214-3878,127.1410649,35.8171253,중앙동,exact_official_building_road,기존 주택 CSV의 건물 좌표; 음식점 자체 측량 좌표 아님
손수막걸리,완산구 중화산동,전북특별자치도 전주시 완산구 중화산동2가 624-14,전북특별자치도 전주시 완산구 중산로 20,063-225-6237,127.1204969,35.815792,중화산2동,exact_official_building_road,기존 주택 CSV의 건물 좌표; 음식점 자체 측량 좌표 아님
엔젤북카페_전북대1호점,덕진구 덕진동,전북특별자치도 전주시 덕진구 덕진동1가 1261-4,전북특별자치도 전주시 덕진구 명륜4길 17,063-252-6300,127.1265534,35.8434587,덕진동,exact_official_building_road,기존 주택 CSV의 건물 좌표; 음식점 자체 측량 좌표 아님
스타벅스_전북도청점,완산구 효자동3가,전북특별자치도 전주시 완산구 효자동3가 1541-7,전북특별자치도 전주시 완산구 홍산중앙로 22,1522-3232,127.1093147,35.81560839,효자5동,exact_official_building_road,기존 주택 CSV의 건물 좌표; 음식점 자체 측량 좌표 아님
커피블랙워터,완산구 효자5동,전북특별자치도 전주시 완산구 효자동2가 1228-7,전북특별자치도 전주시 완산구 효자로 178,063-228-7148,127.1047736,35.8187303,효자5동,exact_official_building_road,기존 주택 CSV의 건물 좌표; 음식점 자체 측량 좌표 아님
후켄송천,덕진구 송천동2가,전북특별자치도 전주시 덕진구 송천동2가 179-116,전북특별자치도 전주시 덕진구 사근1길 31,063-272-7776,127.1305541,35.8666658,송천1동,exact_official_building_road,기존 주택 CSV의 건물 좌표; 음식점 자체 측량 좌표 아님
한옥마을전주비빔밥_전주효자점,완산구 효자동,전북특별자치도 전주시 완산구 효자동1가 431-5,전북특별자치도 전주시 완산구 용머리로 31,0507-1396-1116,127.1142642,35.8065785,효자3동,exact_official_building_road,기존 주택 CSV의 건물 좌표; 음식점 자체 측량 좌표 아님
마루벌돌구이_호남본점,완산구 효자4동,전북특별자치도 전주시 완산구 효자동2가 1312-6,전북특별자치도 전주시 완산구 후곡길 6-5,063-224-8279,127.0964287,35.8095447,효자4동,exact_official_building_parcel,기존 주택 CSV의 건물 좌표; 음식점 자체 측량 좌표 아님
충만치킨_서신점,완산구 서신동,전북특별자치도 전주시 완산구 서신동 935-6,전북특별자치도 전주시 완산구 새터로 47,063-277-8292,127.1115877,35.8357048,서신동,exact_official_building_road,기존 주택 CSV의 건물 좌표; 음식점 자체 측량 좌표 아님
포멀커피,덕진구 덕진동,전북특별자치도 전주시 덕진구 덕진동1가 1264-18,전북특별자치도 전주시 덕진구 명륜2길 15-1,0507-1377-0413,127.1287137,35.84192439,덕진동,exact_official_building_road,기존 주택 CSV의 건물 좌표; 음식점 자체 측량 좌표 아님
가마솥소머리곰탕,완산구 서신동,전북특별자치도 전주시 완산구 서신동 816-1,전북특별자치도 전주시 완산구 서신천변12길 2,0507-1392-0427,127.1144843,35.8300009,서신동,exact_official_building_road,기존 주택 CSV의 건물 좌표; 음식점 자체 측량 좌표 아님
총각파티,완산구 효자동1가,전북특별자치도 전주시 완산구 효자동1가 369-10,전북특별자치도 전주시 완산구 거마평로 191-6,063-228-6665,127.1149729,35.80929586,효자3동,exact_official_building_road,기존 주택 CSV의 건물 좌표; 음식점 자체 측량 좌표 아님
써브웨이_전북도청점,완산구 효자5동,전북특별자치도 전주시 완산구 효자동3가 1541-7,전북특별자치도 전주시 완산구 홍산중앙로 22,063-903-1191,127.1093147,35.81560839,효자5동,exact_official_building_road,기존 주택 CSV의 건물 좌표; 음식점 자체 측량 좌표 아님
치킨프렌즈_전북대점,덕진구 덕진동1가,전북특별자치도 전주시 덕진구 덕진동1가 1277-10,전북특별자치도 전주시 덕진구 명륜5길 13,063-278-9333,127.1255591,35.84392946,덕진동,exact_official_building_road,기존 주택 CSV의 건물 좌표; 음식점 자체 측량 좌표 아님
치킨이참맛있는집,완산구 효자5동,전북특별자치도 전주시 완산구 효자동2가 1313-7 1층,전북특별자치도 전주시 완산구 호암로 19 1층,063-226-2992,127.0967696,35.8091922,효자4동,exact_official_building_road,기존 주택 CSV의 건물 좌표; 음식점 자체 측량 좌표 아님
본죽&비빔밥cafe_전주효천점,완산구 효자5동,전북특별자치도 전주시 완산구 효자동2가 1377-2 106호,전북특별자치도 전주시 완산구 효천중앙로 55 106호,063-221-0830,127.1078764,35.7989571,효자4동,exact_official_building_road,기존 주택 CSV의 건물 좌표; 음식점 자체 측량 좌표 아님
최가돈,완산구 효자동,전북특별자치도 전주시 완산구 효자동2가 1306-8 101호,전북특별자치도 전주시 완산구 후곡길 23-24 101호,0507-1362-5931,127.094655,35.8108582,효자4동,exact_official_building_road,기존 주택 CSV의 건물 좌표; 음식점 자체 측량 좌표 아님
제니러브스젤라또_효자점,완산구 효자5동,전북특별자치도 전주시 완산구 효자동3가 1604-18 1층,전북특별자치도 전주시 완산구 문학로 27 1층,070-4159-9399,127.1016996,35.8275912,효자5동,exact_official_building_road,기존 주택 CSV의 건물 좌표; 음식점 자체 측량 좌표 아님
미스사이공,덕진구 덕진동,전북특별자치도 전주시 덕진구 덕진동1가 1312-38,전북특별자치도 전주시 덕진구 명륜5길 19,070-8112-6611,127.1259866,35.8444648,덕진동,exact_official_building_road,기존 주택 CSV의 건물 좌표; 음식점 자체 측량 좌표 아님
떡볶이참잘하는집_전북대점,덕진구 덕진동,전북특별자치도 전주시 덕진구 덕진동1가 1262-31 1층,전북특별자치도 전주시 덕진구 명륜4길 11-3 1층,063-909-8787,127.1261511,35.8430116,덕진동,exact_official_building_road,기존 주택 CSV의 건물 좌표; 음식점 자체 측량 좌표 아님
커피니_전주송천점,덕진구 송천동,전북특별자치도 전주시 덕진구 송천동2가 523-7,전북특별자치도 전주시 덕진구 붓내3길 1,0507-1419-8687,127.1218379,35.8667112,송천1동,exact_official_building_road,기존 주택 CSV의 건물 좌표; 음식점 자체 측량 좌표 아님
이파네마소녀,완산구 효자동3가,전북특별자치도 전주시 완산구 효자동3가 1719-4,전북특별자치도 전주시 완산구 용호로 128,010-4798-4722,127.0972271,35.8146888,효자5동,exact_official_building_road,기존 주택 CSV의 건물 좌표; 음식점 자체 측량 좌표 아님
지지미전,완산구 효자5동,전북특별자치도 전주시 완산구 효자동3가 1454-1 1층,전북특별자치도 전주시 완산구 서곡1길 9 1층,063-906-2007,127.1000885,35.83500806,효자5동,exact_official_building_road,기존 주택 CSV의 건물 좌표; 음식점 자체 측량 좌표 아님
마릴린먼로_2호점,완산구 중화산동2가,전북특별자치도 전주시 완산구 중화산동2가 615-8,전북특별자치도 전주시 완산구 중산중앙로 33,063-236-1655,127.1216888,35.8166738,중화산2동,exact_official_building_road,기존 주택 CSV의 건물 좌표; 음식점 자체 측량 좌표 아님
바글바글콩나물국밥,덕진구 우아동2가,전북특별자치도 전주시 덕진구 우아동2가 892-10,전북특별자치도 전주시 덕진구 아중7길 12,063-242-7686,127.1716766,35.83319654,우아2동,exact_official_building_road,기존 주택 CSV의 건물 좌표; 음식점 자체 측량 좌표 아님
박가네해물칼국수,완산구 효자동2가,전북특별자치도 전주시 완산구 효자동2가 1331-6,"전북특별자치도 전주시 완산구 우전1길 49-4, 1층",063-224-3325,127.1053577,35.8084229,효자4동,exact_official_building_road,기존 주택 CSV의 건물 좌표; 음식점 자체 측량 좌표 아님
고려숯불갈비,덕진구 우아동2가,전북특별자치도 전주시 덕진구 우아동2가 932-3,전북특별자치도 전주시 덕진구 동부대로 431,063-243-2222,127.1748485,35.83044227,우아2동,exact_official_building_road,기존 주택 CSV의 건물 좌표; 음식점 자체 측량 좌표 아님
베테랑_칼국수,완산구 풍남동,전북특별자치도 전주시 완산구 교동 84-10,전북특별자치도 전주시 완산구 경기전길 135,063-285-9898,127.1515541,35.81343481,풍남동,exact_official_building_road,기존 주택 CSV의 건물 좌표; 음식점 자체 측량 좌표 아님
전복궁,완산구 서신동,전북특별자치도 전주시 완산구 서신동 829-7,전북특별자치도 전주시 완산구 서신천변8길 11-5,063-252-9995,127.1153094,35.8289274,서신동,exact_official_building_road,기존 주택 CSV의 건물 좌표; 음식점 자체 측량 좌표 아님
능이백숙세미,완산구 효자동,전북특별자치도 전주시 완산구 효자동3가 1645-5,전북특별자치도 전주시 완산구 마전로 11,063-221-9902,127.1040259,35.8220683,효자5동,exact_official_building_road,기존 주택 CSV의 건물 좌표; 음식점 자체 측량 좌표 아님
일루와,완산구 서신동,전북특별자치도 전주시 완산구 서신동 965-3,전북특별자치도 전주시 완산구 새터로 112,0507-1344-0858,127.1180498,35.83426673,서신동,exact_official_building_parcel,기존 주택 CSV의 건물 좌표; 음식점 자체 측량 좌표 아님
600흑돈_송천점,덕진구 송천2동,전북특별자치도 전주시 덕진구 송천동2가 492-1,전북특별자치도 전주시 덕진구 송천중앙로 249,0507-1342-9252,127.1207844,35.8693656,송천2동,exact_official_building_road,기존 주택 CSV의 건물 좌표; 음식점 자체 측량 좌표 아님
빈타이_신시가지점,완산구 효자4동,전북특별자치도 전주시 완산구 효자동2가 1165-2 1층,전북특별자치도 전주시 완산구 범안1길 7-29,063-236-4376,127.1099174,35.81316128,효자4동,exact_official_building_road,기존 주택 CSV의 건물 좌표; 음식점 자체 측량 좌표 아님
성진명가,덕진구 우아동2가,전북특별자치도 전주시 덕진구 우아동2가 894-10,전북특별자치도 전주시 덕진구 아중중앙로 44,0507-1343-1740,127.1713678,35.83202271,우아2동,exact_official_building_road,기존 주택 CSV의 건물 좌표; 음식점 자체 측량 좌표 아님
풍천장어숯불구이,덕진구 우아동1가,전북특별자치도 전주시 덕진구 우아동1가 1092-8,전북특별자치도 전주시 덕진구 인교2길 9-3,063-244-8777,127.1712526,35.82712778,우아2동,exact_official_building_road,기존 주택 CSV의 건물 좌표; 음식점 자체 측량 좌표 아님
지지고_전주대점,완산구 효자동3가,전북특별자치도 전주시 완산구 효자동3가 1159-13,전북특별자치도 전주시 완산구 백마산길 5-5,063-236-2081,127.0926345,35.81790836,효자4동,exact_official_building_parcel,기존 주택 CSV의 건물 좌표; 음식점 자체 측량 좌표 아님
정성호두랑커피랑,완산구 효자5동,전북특별자치도 전주시 완산구 효자동2가 1158-33,전북특별자치도 전주시 완산구 범안1길 36,063-903-7230,127.1069985,35.8110257,효자4동,exact_official_building_road,기존 주택 CSV의 건물 좌표; 음식점 자체 측량 좌표 아님
투썸플레이스_전주송천점,덕진구 송천동,전북특별자치도 전주시 덕진구 송천동2가 454-1,전북특별자치도 전주시 덕진구 동부대로 1145,0507-1444-3351,127.1218026,35.8693946,송천1동,exact_official_building_road,기존 주택 CSV의 건물 좌표; 음식점 자체 측량 좌표 아님
제주의_봄날,덕진구 혁신동,전북특별자치도 전주시 덕진구 만성동 1170-5,전북특별자치도 전주시 덕진구 월방3길 4-7,063-212-2525,127.0706833,35.83467647,여의동,exact_official_building_road,기존 주택 CSV의 건물 좌표; 음식점 자체 측량 좌표 아님
팔공티_전주신시가지점,완산구 효자5동,전북특별자치도 전주시 완산구 효자동3가 1535-8 1층,전북특별자치도 전주시 완산구 홍산중앙로 27 1층,063-226-8088,127.1087461,35.8159627,효자5동,exact_official_building_road,기존 주택 CSV의 건물 좌표; 음식점 자체 측량 좌표 아님
준스시,덕진구 덕진동2가,전북특별자치도 전주시 덕진구 덕진동2가 678-1,전북특별자치도 전주시 덕진구 가리내9길 13,063-273-8088,127.1103427,35.8427857,덕진동,exact_official_building_road,기존 주택 CSV의 건물 좌표; 음식점 자체 측량 좌표 아님
드롭탑_중화산점,완산구 중화산동2가,"전북특별자치도 전주시 완산구 중화산동2가  772, 2층",전북특별자치도 전주시 완산구 효자로2802층,063-227-8250,127.1159517,35.8188411,중화산2동,exact_official_building_parcel,기존 주택 CSV의 건물 좌표; 음식점 자체 측량 좌표 아님
미과당,완산구 중화산동2가,전북특별자치도 전주시 완산구 중화산동2가 751-4,전북특별자치도 전주시 완산구 화산천변로 19,0507-1340-6270,127.1159623,35.8207762,중화산2동,exact_official_building_road,기존 주택 CSV의 건물 좌표; 음식점 자체 측량 좌표 아님
포메인_전주도청점,완산구 효자동,전북특별자치도 전주시 완산구 효자동3가 1527-11,전북특별자치도 전주시 완산구 홍산중앙로 45,063-225-2231,127.1087608,35.8176049,효자5동,exact_official_building_road,기존 주택 CSV의 건물 좌표; 음식점 자체 측량 좌표 아님
평양보신탕,완산구 서신동,전북특별자치도 전주시 완산구 서신동 818-1,전북특별자치도 전주시 완산구 서신천변13길 9,063-271-1517,127.1132886,35.83044625,서신동,exact_official_building_road,기존 주택 CSV의 건물 좌표; 음식점 자체 측량 좌표 아님
청학동버섯전골,완산구 중화산동2가,전북특별자치도 전주시 완산구 중화산동2가 585-8,전북특별자치도 전주시 완산구 효자로 331,063-224-0787,127.1216572,35.81941,중화산2동,exact_official_building_road,기존 주택 CSV의 건물 좌표; 음식점 자체 측량 좌표 아님
감탄떡볶이_하가지구점,덕진구 덕진동2가,전북특별자치도 전주시 덕진구 덕진동2가 675-9 경동빌 101호,전북특별자치도 전주시 덕진구 경동로 36 경동빌 101호,063-717-7770,127.1101416,35.8430274,덕진동,exact_official_building_road,기존 주택 CSV의 건물 좌표; 음식점 자체 측량 좌표 아님
돼지치마집_마전점,완산구 효자5동,전북특별자치도 전주시 완산구 효자동3가 1609-14 102호,전북특별자치도 전주시 완산구 홍산로 381 102호,063-225-7392,127.105627,35.82771268,효자5동,exact_official_building_road,기존 주택 CSV의 건물 좌표; 음식점 자체 측량 좌표 아님
지코바치킨_혁신중동1호점,덕진구 혁신동,전북특별자치도 전주시 덕진구 중동 774-12,전북특별자치도 전주시 덕진구 오공로 33,063-222-2155,127.0589926,35.8362099,혁신동,exact_official_building_road,기존 주택 CSV의 건물 좌표; 음식점 자체 측량 좌표 아님
PUB_PIERROT,완산구 효자5동,전북특별자치도 전주시 완산구 효자동3가 1533-8 1층,전북특별자치도 전주시 완산구 홍산남로 59-19 1층,010-2331-4500,127.1081409,35.8163905,효자5동,exact_official_building_road,기존 주택 CSV의 건물 좌표; 음식점 자체 측량 좌표 아님
가쯔야생돈가스,완산구 서신동,전북특별자치도 전주시 완산구 서신동 849-5,전북특별자치도 전주시 완산구 서신천변4길 12-8,063-273-0569,127.1153046,35.82729749,서신동,exact_official_building_road,기존 주택 CSV의 건물 좌표; 음식점 자체 측량 좌표 아님
더블도어,완산구 전동3가,전북특별자치도 전주시 완산구 전동3가 61,전북특별자치도 전주시 완산구 풍남문4길 15-25,070-8865-1525,127.1441697,35.8143571,풍남동,exact_official_building_road,기존 주택 CSV의 건물 좌표; 음식점 자체 측량 좌표 아님
아중가,덕진구 우아동1가,전북특별자치도 전주시 덕진구 우아동1가 1120-2,전북특별자치도 전주시 덕진구 인교9길 43,0507-1357-7708,127.1761624,35.82645845,우아2동,exact_official_building_road,기존 주택 CSV의 건물 좌표; 음식점 자체 측량 좌표 아님
이지비부대찌개_본점,완산구 효자동,전북특별자치도 전주시 완산구 효자동3가 1529-6,전북특별자치도 전주시 완산구 홍산북로 59-11,063-226-2568,127.1079862,35.817844,효자5동,exact_official_building_road,기존 주택 CSV의 건물 좌표; 음식점 자체 측량 좌표 아님
미가옥본가,완산구 효자5동,전북특별자치도 전주시 완산구 효자동2가 1211-3,전북특별자치도 전주시 완산구 소태정3길 5-4,063-224-7591,127.1004636,35.803468,효자4동,exact_official_building_road,기존 주택 CSV의 건물 좌표; 음식점 자체 측량 좌표 아님
웃을꽃,완산구 효자5동,전북특별자치도 전주시 완산구 효자동3가 1733-1,전북특별자치도 전주시 완산구 봉곡1길 1,063-222-5279,127.0971786,35.81337288,효자4동,exact_official_building_road,기존 주택 CSV의 건물 좌표; 음식점 자체 측량 좌표 아님
더리터_효자점,완산구 효자4동,전북특별자치도 전주시 완산구 효자동2가 1316-4,전북특별자치도 전주시 완산구 호암로 91,070-7767-1000,127.1042646,35.8084983,효자4동,exact_official_building_road,기존 주택 CSV의 건물 좌표; 음식점 자체 측량 좌표 아님
육연식당,덕진구 덕진동,전북특별자치도 전주시 덕진구 덕진동1가 1261-34 1층,전북특별자치도 전주시 덕진구 명륜4길 11-8 1층,063-251-0567,127.1261974,35.84325812,덕진동,exact_official_building_road,기존 주택 CSV의 건물 좌표; 음식점 자체 측량 좌표 아님
바이린,완산구 중화산동2가,전북특별자치도 전주시 완산구 중화산동2가 749-5,전북특별자치도 전주시 완산구 화산천변3길 12,0507-1337-6540,127.1150801,35.82059008,중화산2동,exact_official_building_road,기존 주택 CSV의 건물 좌표; 음식점 자체 측량 좌표 아님
고향전,완산구 서신동,전북특별자치도 전주시 완산구 서신동 817-6,전북특별자치도 전주시 완산구 서신천변11길 3,063-909-7171,127.1139244,35.83000028,서신동,exact_official_building_road,기존 주택 CSV의 건물 좌표; 음식점 자체 측량 좌표 아님
홍대돈까스,덕진구 덕진동2가,전북특별자치도 전주시 덕진구 덕진동2가 678-5,전북특별자치도 전주시 덕진구 가리내10길 10,063-251-6785,127.1110377,35.8424635,덕진동,exact_official_building_road,기존 주택 CSV의 건물 좌표; 음식점 자체 측량 좌표 아님
홍주부순대국밥,완산구 효자5동,전북특별자치도 전주시 완산구 효자동2가 1229-5 1층,전북특별자치도 전주시 완산구 홍산북로 15 1층,063-222-9890,127.10352,35.8175624,효자5동,exact_official_building_road,기존 주택 CSV의 건물 좌표; 음식점 자체 측량 좌표 아님
송촌꼬마김밥,완산구 서신동,전북특별자치도 전주시 완산구 서신동 818-13,전북특별자치도 전주시 완산구 서신천변11길 8-1,063-253-0055,127.113379,35.83027567,서신동,exact_official_building_road,기존 주택 CSV의 건물 좌표; 음식점 자체 측량 좌표 아님
해피돈스,완산구 서신동,전북특별자치도 전주시 완산구 서신동 183-4,전북특별자치도 전주시 완산구 감나무4길 13,070-4655-8892,127.12145,35.8314947,서신동,exact_official_building_road,기존 주택 CSV의 건물 좌표; 음식점 자체 측량 좌표 아님
알베르베로,완산구 효자동2가,전북특별자치도 전주시 완산구 효자동2가 1158-30 102호,"전북특별자치도 전주시 완산구 봉곡로115, 102호",010-8511-4442,127.1064727,35.811111,효자4동,exact_official_building_parcel,기존 주택 CSV의 건물 좌표; 음식점 자체 측량 좌표 아님
앗뽕이다_본점,완산구 중화산동2가,전북특별자치도 전주시 완산구 중화산동2가 578,전북특별자치도 전주시 완산구 메너머1길 7,0507-0090-6979,127.1219272,35.82087456,중화산2동,exact_official_building_road,기존 주택 CSV의 건물 좌표; 음식점 자체 측량 좌표 아님
마중블리스플,덕진구 우아동3가,전북특별자치도 전주시 덕진구 우아동3가 731-10,전북특별자치도 전주시 덕진구 우아1길 26,0507-1446-3300,127.1542669,35.8480902,우아1동,exact_official_building_road,기존 주택 CSV의 건물 좌표; 음식점 자체 측량 좌표 아님
북창동순두부_전주신시가지점,완산구 효자5동,전북특별자치도 전주시 완산구 효자동3가 1527-13,전북특별자치도 전주시 완산구 홍산북로 59-10,063-222-7751,127.1082019,35.81815086,효자5동,exact_official_building_road,기존 주택 CSV의 건물 좌표; 음식점 자체 측량 좌표 아님
칼자비숯불고기,완산구 서신동,전북특별자치도 전주시 완산구 서신동 802-14,전북특별자치도 전주시 완산구 서신천변13길 4-12,063-271-4307,127.1138913,35.83099147,서신동,exact_official_building_road,기존 주택 CSV의 건물 좌표; 음식점 자체 측량 좌표 아님
새벽식탁,덕진구 덕진동,전북특별자치도 전주시 덕진구 덕진동1가 1312-58 지하 1층,전북특별자치도 전주시 덕진구 명륜4길 21-4 지하 1층,063-277-9500,127.1265639,35.8441339,덕진동,exact_official_building_road,기존 주택 CSV의 건물 좌표; 음식점 자체 측량 좌표 아님
아중장어,덕진구 우아2동,전북특별자치도 전주시 덕진구 우아동1가 1117-1,전북특별자치도 전주시 덕진구 인교9길 53,063-244-5392,127.1758216,35.82731236,우아2동,exact_official_building_road,기존 주택 CSV의 건물 좌표; 음식점 자체 측량 좌표 아님
동대문엽기떡볶이_전주효자점,완산구 효자동,전북특별자치도 전주시 완산구 효자동1가 518-69 102호,"전북특별자치도 전주시 완산구 거마평로 169, 102호",063-236-8591,127.1160654,35.807598,효자3동,exact_official_building_road,기존 주택 CSV의 건물 좌표; 음식점 자체 측량 좌표 아님
북경루,완산구 서신동,전북특별자치도 전주시 완산구 서신동 967-1,전북특별자치도 전주시 완산구 새터로 120,063-276-5252,127.1198314,35.8353935,서신동,exact_official_building_road,기존 주택 CSV의 건물 좌표; 음식점 자체 측량 좌표 아님
매란국죽_전주중화산점,완산구 중화산동1가,전북특별자치도 전주시 완산구 중화산동1가 166-9,전북특별자치도 전주시 완산구 선너머로 83,063-284-0829,127.133742,35.81515569,중화산1동,exact_official_building_road,기존 주택 CSV의 건물 좌표; 음식점 자체 측량 좌표 아님
가마솥통닭_하가점,덕진구 덕진동,전북특별자치도 전주시 덕진구 덕진동2가 661-5,전북특별자치도 전주시 덕진구 가리내4길 19,063-255-3001,127.1095502,35.8460924,덕진동,exact_official_building_road,기존 주택 CSV의 건물 좌표; 음식점 자체 측량 좌표 아님
닭터닭갈비_전북대점,덕진구 덕진동,전북특별자치도 전주시 덕진구 덕진동1가 1264-1,전북특별자치도 전주시 덕진구 명륜3길 18,063-252-6669,127.1279414,35.8426545,덕진동,exact_official_building_road,기존 주택 CSV의 건물 좌표; 음식점 자체 측량 좌표 아님
짬뽕지존_도청점,완산구 효자5동,전북특별자치도 전주시 완산구 효자동3가 1528-1 103호,전북특별자치도 전주시 완산구 홍산4길 6 103호,063-237-5161,127.1092384,35.8182277,효자5동,exact_official_building_road,기존 주택 CSV의 건물 좌표; 음식점 자체 측량 좌표 아님
소주집_송천점,덕진구 송천1동,전북특별자치도 전주시 덕진구 송천동2가 484-4,전북특별자치도 전주시 덕진구 붓내3길 9-3,010-2431-8010,127.1222707,35.8671322,송천1동,exact_official_building_road,기존 주택 CSV의 건물 좌표; 음식점 자체 측량 좌표 아님
베테랑_신시가지점,완산구 효자동,전북특별자치도 전주시 완산구 효자동2가 1227-3,전북특별자치도 전주시 완산구 우전로 260,063-229-1977,127.102277,35.8177646,효자5동,exact_official_building_road,기존 주택 CSV의 건물 좌표; 음식점 자체 측량 좌표 아님
돈데이_송천점,덕진구 송천2동,전북특별자치도 전주시 덕진구 송천동1가 828-7,전북특별자치도 전주시 덕진구 용소로 65,063-252-3337,127.1154591,35.8636405,송천2동,exact_official_building_road,기존 주택 CSV의 건물 좌표; 음식점 자체 측량 좌표 아님
석기시대,덕진구 송천1동,전북특별자치도 전주시 덕진구 송천동2가 248-6,전북특별자치도 전주시 덕진구 붓내3길 17-5,063-272-3331,127.1232552,35.8673601,송천1동,exact_official_building_road,기존 주택 CSV의 건물 좌표; 음식점 자체 측량 좌표 아님
에이비씨커피_효자4동점,완산구 효자5동,전북특별자치도 전주시 완산구 효자동2가 1196-9,전북특별자치도 전주시 완산구 천잠로 186,063-229-6777,127.0978343,35.8039457,효자4동,exact_official_building_road,기존 주택 CSV의 건물 좌표; 음식점 자체 측량 좌표 아님
별미순대,덕진구 송천동,전북특별자치도 전주시 덕진구 송천동2가 193-34,전북특별자치도 전주시 덕진구 붓내2길 16-1,063-212-3900,127.1235013,35.86497803,송천1동,exact_official_building_road,기존 주택 CSV의 건물 좌표; 음식점 자체 측량 좌표 아님
크라운호프_전주서신점,완산구 서신동,전북특별자치도 전주시 완산구 서신동 937-7,전북특별자치도 전주시 완산구 새터로 24,0507-1322-7766,127.1093217,35.8361609,서신동,exact_official_building_road,기존 주택 CSV의 건물 좌표; 음식점 자체 측량 좌표 아님
전주애항아리보쌈,완산구 효자5동,전북특별자치도 전주시 완산구 효자동2가 1243-8,전북특별자치도 전주시 완산구 바우배기1길 31-9,0507-1313-5359,127.1050056,35.8151513,효자5동,exact_official_building_road,기존 주택 CSV의 건물 좌표; 음식점 자체 측량 좌표 아님
해산아구찜,덕진구 덕진동,전북특별자치도 전주시 덕진구 덕진동2가 677-11 1동 1층,전북특별자치도 전주시 덕진구 가리내10길 18-10,063-278-7776,127.1100012,35.84237334,덕진동,exact_official_building_road,기존 주택 CSV의 건물 좌표; 음식점 자체 측량 좌표 아님
하나초밥,덕진구 송천2동,전북특별자치도 전주시 덕진구 송천동1가 98,"전북특별자치도 전주시 덕진구 오송1길 37-5, 1층 101호",063-251-2257,127.1305693,35.8632311,송천1동,exact_official_building_road,기존 주택 CSV의 건물 좌표; 음식점 자체 측량 좌표 아님
피자런_완산구점,완산구 효자동2가,전북특별자치도 전주시 완산구 효자동2가 1254-3 1층,전북특별자치도 전주시 완산구 봉곡3길 36 1층,"0507-0090-6961, 063-222-8294",127.1009169,35.8119766,효자4동,exact_official_building_road,기존 주택 CSV의 건물 좌표; 음식점 자체 측량 좌표 아님
공차_전주대점,완산구 효자4동,전북특별자치도 전주시 완산구 효자동3가 1169-10,전북특별자치도 전주시 완산구 백마산길 14,070-7576-0422,127.0914967,35.8178468,효자4동,exact_official_building_road,기존 주택 CSV의 건물 좌표; 음식점 자체 측량 좌표 아님
이삭토스트_전주에코시티점,덕진구 송천2동,전북특별자치도 전주시 덕진구 송천동2가 1331-14 104호,전북특별자치도 전주시 덕진구 세병남로 29 104호,063-253-0814,127.1272928,35.8722813,송천1동,exact_official_building_road,기존 주택 CSV의 건물 좌표; 음식점 자체 측량 좌표 아님
전주생선구이본가,완산구 효자동3가,전북특별자치도 전주시 완산구 효자동3가 1467-5,전북특별자치도 전주시 완산구 서곡4길 42,063-272-3792,127.1027799,35.8330393,효자5동,exact_official_building_road,기존 주택 CSV의 건물 좌표; 음식점 자체 측량 좌표 아님
맘스터치_서신점,완산구 중화산동,전북특별자치도 전주시 완산구 중화산동2가 744-1,전북특별자치도 전주시 완산구 유연로 278,063-224-2220,127.1160254,35.82517569,중화산2동,exact_official_building_road,기존 주택 CSV의 건물 좌표; 음식점 자체 측량 좌표 아님
모토이시_송천점,덕진구 송천동,전북특별자치도 전주시 덕진구 송천동2가 484,전북특별자치도 전주시 덕진구 붓내4길 8-3,010-6863-8388,127.1225102,35.8673668,송천1동,exact_official_building_road,기존 주택 CSV의 건물 좌표; 음식점 자체 측량 좌표 아님
파리몽,완산구 풍남동,전북특별자치도 전주시 완산구 전동 122-1,전북특별자치도 전주시 완산구 팔달로 143,063-221-5392,127.147838,35.81532837,풍남동,exact_official_building_parcel,기존 주택 CSV의 건물 좌표; 음식점 자체 측량 좌표 아님
신포우리만두_효자휴먼시아점,완산구 효자4동,전북특별자치도 전주시 완산구 효자동2가 1318-1,전북특별자치도 전주시 완산구 호암로 77,063-222-0677,127.1030089,35.8088501,효자4동,exact_official_building_road,기존 주택 CSV의 건물 좌표; 음식점 자체 측량 좌표 아님
족발타령_본점,덕진구 송천2동,전북특별자치도 전주시 덕진구 송천동1가 561-1,전북특별자치도 전주시 덕진구 시천로 82-1,0504-2015-1942,127.1150034,35.8666811,송천2동,exact_official_building_road,기존 주택 CSV의 건물 좌표; 음식점 자체 측량 좌표 아님
평화와평화,완산구 중앙동,전북특별자치도 전주시 완산구 중앙동3가 29 3층,전북특별자치도 전주시 완산구 전라감영4길 16-7 3층,0507-1324-9340,127.1448871,35.81704699,중앙동,exact_official_building_road,기존 주택 CSV의 건물 좌표; 음식점 자체 측량 좌표 아님
카페트럼펫,덕진구 덕진동,전북특별자치도 전주시 덕진구 덕진동1가 1314-184,전북특별자치도 전주시 덕진구 명륜3길 18-7,063-252-9990,127.1285315,35.84239176,덕진동,exact_official_building_road,기존 주택 CSV의 건물 좌표; 음식점 자체 측량 좌표 아님
더리터_효자_2호점,완산구 효자3동,전북특별자치도 전주시 완산구 효자동1가 282-6,전북특별자치도 전주시 완산구 거마평로 150,063-901-3115,127.1169782,35.8059253,효자2동,exact_official_building_road,기존 주택 CSV의 건물 좌표; 음식점 자체 측량 좌표 아님
참국수,완산구 서신동,전북특별자치도 전주시 완산구 서신동 1012-1,전북특별자치도 전주시 완산구 고사평7길 23-2,063-255-7923,127.1079104,35.83829297,서신동,exact_official_building_road,기존 주택 CSV의 건물 좌표; 음식점 자체 측량 좌표 아님
동네찻집,완산구 서신동,전북특별자치도 전주시 완산구 서신동 791-2,전북특별자치도 전주시 완산구 감나무로 61-15,0507-1360-5236,127.1182903,35.8317159,서신동,exact_official_building_road,기존 주택 CSV의 건물 좌표; 음식점 자체 측량 좌표 아님
임실엔치즈하우스,완산구 효자동3가,전북특별자치도 전주시 완산구 효자동3가 1541-10,전북특별자치도 전주시 완산구 홍산중앙로 14,010-4540-1817,127.109367,35.81488772,효자5동,exact_official_building_road,기존 주택 CSV의 건물 좌표; 음식점 자체 측량 좌표 아님
이중본,완산구 중화산동2가,전북특별자치도 전주시 완산구 중화산동2가 646-15,전북특별자치도 전주시 완산구 산월2길 9-3,063-224-7171,127.1223611,35.8137017,중화산2동,exact_official_building_road,기존 주택 CSV의 건물 좌표; 음식점 자체 측량 좌표 아님
사랑오리,완산구 효자동2가,전북특별자치도 전주시 완산구 효자동2가,전북특별자치도 전주시 완산구 쑥고개로 241-6,063-229-8877,127.0921292,35.80004958,효자4동,exact_official_building_road,기존 주택 CSV의 건물 좌표; 음식점 자체 측량 좌표 아님
1250_송천점,덕진구 송천1동,전북특별자치도 전주시 덕진구 송천동2가 522-6,전북특별자치도 전주시 덕진구 붓내3길 16,063-252-2323,127.1231042,35.8665299,송천1동,exact_official_building_road,기존 주택 CSV의 건물 좌표; 음식점 자체 측량 좌표 아님
장군김밥,완산구 효자5동,전북특별자치도 전주시 완산구 효자동3가 1622-2,전북특별자치도 전주시 완산구 문학대4길 12,063-236-7642,127.1030709,35.8266842,효자5동,exact_official_building_road,기존 주택 CSV의 건물 좌표; 음식점 자체 측량 좌표 아님
에코해적선,덕진구 송천동2가,전북특별자치도 전주시 덕진구 송천동2가 1327-1,전북특별자치도 전주시 덕진구 세병1길 20,0507-1368-7882,127.1258373,35.87308874,송천1동,exact_official_building_road,기존 주택 CSV의 건물 좌표; 음식점 자체 측량 좌표 아님
바른산먹장어,덕진구 우아동2가,전북특별자치도 전주시 덕진구 우아동2가 917-1,전북특별자치도 전주시 덕진구 아중1길 16,0507-1394-8284,127.1714815,35.8286911,우아2동,exact_official_building_road,기존 주택 CSV의 건물 좌표; 음식점 자체 측량 좌표 아님
신포우리만두_홈플러스점,덕진구 우아동3가,전북특별자치도 전주시 덕진구 우아동3가,전북특별자치도 전주시 덕진구 백제대로 771,063-242-0042,127.1528853,35.84754084,우아1동,exact_official_building_road,기존 주택 CSV의 건물 좌표; 음식점 자체 측량 좌표 아님
술꽃이피다,덕진구 우아동1가,전북특별자치도 전주시 덕진구 우아동1가 1108-1,전북특별자치도 전주시 덕진구 인교로 50,010-9139-6685,127.1729677,35.82609405,우아2동,exact_official_building_road,기존 주택 CSV의 건물 좌표; 음식점 자체 측량 좌표 아님
카페미미랜드_커피_앤_네일,완산구 효자동3가,전북특별자치도 전주시 완산구 효자동3가 1603-6 혜성빌 1층,전북특별자치도 전주시 완산구 황강서원2길 26-1 혜성빌1층,0507-1327-4065,127.1012212,35.82779704,효자5동,exact_official_building_road,기존 주택 CSV의 건물 좌표; 음식점 자체 측량 좌표 아님
도누그릴,완산구 서신동,전북특별자치도 전주시 완산구 서신동 862-4,전북특별자치도 전주시 완산구 전룡2길 6,063-255-1709,127.1176228,35.82583635,서신동,exact_official_building_road,기존 주택 CSV의 건물 좌표; 음식점 자체 측량 좌표 아님
번지농장돌판아구찜_송천점,덕진구 송천동,전북특별자치도 전주시 덕진구 송천동1가 113-1,전북특별자치도 전주시 덕진구 솔내8길 23-12,063-254-2626,127.1243491,35.8620706,송천1동,exact_official_building_road,기존 주택 CSV의 건물 좌표; 음식점 자체 측량 좌표 아님
못난이꽈배기_전주효자점,완산구 효자4동,전북특별자치도 전주시 완산구 효자동2가 1266-8,전북특별자치도 전주시 완산구 구룡1길 26,063-226-2800,127.1046936,35.8114371,효자4동,exact_official_building_road,기존 주택 CSV의 건물 좌표; 음식점 자체 측량 좌표 아님
차이킹,완산구 효자5동,전북특별자치도 전주시 완산구 효자동2가 1242-1 202호,전북특별자치도 전주시 완산구 홍산남로 14 202호,063-221-8383,127.1032155,35.8155483,효자5동,exact_official_building_road,기존 주택 CSV의 건물 좌표; 음식점 자체 측량 좌표 아님
하이트광장_전주대점,완산구 효자동,전북특별자치도 전주시 완산구 효자동3가 1167-5 2층,전북특별자치도 전주시 완산구 백마산길 10 2층,063-223-2723,127.0919953,35.8180615,효자4동,exact_official_building_road,기존 주택 CSV의 건물 좌표; 음식점 자체 측량 좌표 아님
서호순대촌,완산구 서신동,전북특별자치도 전주시 완산구 서신동 965-2 101호,전북특별자치도 전주시 완산구 서신로 102,063-275-1727,127.1169762,35.8352788,서신동,exact_official_building_road,기존 주택 CSV의 건물 좌표; 음식점 자체 측량 좌표 아님
장꼬방,완산구 효자5동,전북특별자치도 전주시 완산구 효자동3가 1674-1,전북특별자치도 전주시 완산구 용호로 195,063-909-3329,127.0968397,35.8206407,효자5동,exact_official_building_road,기존 주택 CSV의 건물 좌표; 음식점 자체 측량 좌표 아님
진미면막국수,덕진구 우아동2가,전북특별자치도 전주시 덕진구 우아동2가 897-5 1층,전북특별자치도 전주시 덕진구 석소5길 13,063-225-2508,127.172903,35.83341227,우아2동,exact_official_building_road,기존 주택 CSV의 건물 좌표; 음식점 자체 측량 좌표 아님
더문,완산구 효자5동,전북특별자치도 전주시 완산구 효자동3가 1691-9,전북특별자치도 전주시 완산구 배학2길 39,010-2484-6307,127.1013377,35.8196689,효자5동,exact_official_building_road,기존 주택 CSV의 건물 좌표; 음식점 자체 측량 좌표 아님
본한우설렁탕,완산구 서신동,전북특별자치도 전주시 완산구 서신동 968-8,전북특별자치도 전주시 완산구 새터로 122-11,063-253-1025,127.1206965,35.83515134,서신동,exact_official_building_road,기존 주택 CSV의 건물 좌표; 음식점 자체 측량 좌표 아님
전주본가,완산구 서신동,전북특별자치도 전주시 완산구 서신동 837-2,전북특별자치도 전주시 완산구 서신로 16,063-254-5645,127.1160817,35.8267086,서신동,exact_official_building_road,기존 주택 CSV의 건물 좌표; 음식점 자체 측량 좌표 아님
몽상블,완산구 풍남동,전북특별자치도 전주시 완산구 전동 136-8,전북특별자치도 전주시 완산구 팔달로 156-2,063-287-9068,127.147916,35.81631136,풍남동,exact_official_building_road,기존 주택 CSV의 건물 좌표; 음식점 자체 측량 좌표 아님
샘물맥주_효자1호점,완산구 효자동,전북특별자치도 전주시 완산구 효자동3가 1667-7,전북특별자치도 전주시 완산구 마전들로 55,063-225-1253,127.1015205,35.8212261,효자5동,exact_official_building_road,기존 주택 CSV의 건물 좌표; 음식점 자체 측량 좌표 아님
전주부븸온,완산구 풍남동,전북특별자치도 전주시 완산구 경원동3가 14-2,전북특별자치도 전주시 완산구 현무1길 20,063-282-9400,127.1482307,35.8205657,풍남동,exact_official_building_road,기존 주택 CSV의 건물 좌표; 음식점 자체 측량 좌표 아님
배스킨라빈스_전주중화산점,완산구 서신동,전북특별자치도 전주시 완산구 서신동 857,전북특별자치도 전주시 완산구 유연로 281,063-253-3030,127.1163379,35.8255472,서신동,exact_official_building_road,기존 주택 CSV의 건물 좌표; 음식점 자체 측량 좌표 아님
이디야커피_전주서신점,완산구 서신동,전북특별자치도 전주시 완산구 서신동 968-7,전북특별자치도 전주시 완산구 여울로 17-8,063-254-1060,127.120929,35.83514403,서신동,exact_official_building_road,기존 주택 CSV의 건물 좌표; 음식점 자체 측량 좌표 아님
형우짬뽕,완산구 서신동,전북특별자치도 전주시 완산구 서신동 941-6,전북특별자치도 전주시 완산구 고사평1길 22-7,063-255-4185,127.1074498,35.83592812,서신동,exact_official_building_road,기존 주택 CSV의 건물 좌표; 음식점 자체 측량 좌표 아님
덮밥만드는남자,완산구 고사동,전북특별자치도 전주시 완산구 고사동 473-9,전북특별자치도 전주시 완산구 전주객사2길 46-12,063-282-8360,127.1412996,35.8189944,중앙동,exact_official_building_road,기존 주택 CSV의 건물 좌표; 음식점 자체 측량 좌표 아님
해오름한식뷔페,완산구 효자5동,전북특별자치도 전주시 완산구 효자동2가 1229-6 수정빌딩 2층,전북특별자치도 전주시 완산구 홍산북로 13 수정빌딩 2층,063-237-2070,127.1033017,35.8175853,효자5동,exact_official_building_road,기존 주택 CSV의 건물 좌표; 음식점 자체 측량 좌표 아님
메가엠지씨커피_전주효자휴먼시아점,완산구 효자5동,전북특별자치도 전주시 완산구 효자동2가 1319-2 성심빌딩 1층,전북특별자치도 전주시 완산구 호암로 80,063-906-2066,127.1028666,35.808452,효자4동,exact_official_building_road,기존 주택 CSV의 건물 좌표; 음식점 자체 측량 좌표 아님
케이빈,덕진구 덕진동1가,전북특별자치도 전주시 덕진구 덕진동1가 1314-195,전북특별자치도 전주시 덕진구 명륜1길 13-24,010-4450-6771,127.1295956,35.8413394,덕진동,exact_official_building_road,기존 주택 CSV의 건물 좌표; 음식점 자체 측량 좌표 아님
홍익궁중전통육개장_서신점,완산구 서신동,전북특별자치도 전주시 완산구 서신동  969-3,전북특별자치도 전주시 완산구 새터로 122-13,063-251-8609,127.1205845,35.8347936,서신동,exact_official_building_road,기존 주택 CSV의 건물 좌표; 음식점 자체 측량 좌표 아님
갓포마츠,완산구 효자동,전북특별자치도 전주시 완산구 효자동2가 1237-1,전북특별자치도 전주시 완산구 바우배기2길 23-6,063-222-2221,127.1046918,35.81734968,효자5동,exact_official_building_road,기존 주택 CSV의 건물 좌표; 음식점 자체 측량 좌표 아님
나무카페,완산구 서신동,전북특별자치도 전주시 완산구 서신동 817 1층,전북특별자치도 전주시 완산구 서신천변11길 11 1층,0507-1301-3163,127.113094,35.83003021,서신동,exact_official_building_road,기존 주택 CSV의 건물 좌표; 음식점 자체 측량 좌표 아님
솔솔커피,완산구 중화산동,전북특별자치도 전주시 완산구 중화산동2가 708-9 1층,전북특별자치도 전주시 완산구 메너머1길 30,063-222-1358,127.1196343,35.82106511,중화산2동,exact_official_building_road,기존 주택 CSV의 건물 좌표; 음식점 자체 측량 좌표 아님
고향숯불에구운족발보쌈_전북본점,완산구 중화산동2가,전북특별자치도 전주시 완산구 중화산동2가 467-1,전북특별자치도 전주시 완산구 중화산로 29,063-229-1048,127.1180405,35.81306783,중화산2동,exact_official_building_road,기존 주택 CSV의 건물 좌표; 음식점 자체 측량 좌표 아님
한솥밥,덕진구 우아동1가,전북특별자치도 전주시 덕진구 우아동1가 1091-3,전북특별자치도 전주시 덕진구 인교2길 9-4,063-241-2761,127.1709664,35.8269816,우아2동,exact_official_building_road,기존 주택 CSV의 건물 좌표; 음식점 자체 측량 좌표 아님
동창국밥,완산구 중화산동2가,전북특별자치도 전주시 완산구 중화산동2가 773-1,전북특별자치도 전주시 완산구 신촌4길 18-9,063-224-1186,127.1155621,35.81804291,중화산2동,exact_official_building_road,기존 주택 CSV의 건물 좌표; 음식점 자체 측량 좌표 아님
막이오름_전북도청점,완산구 효자동3가,전북특별자치도 전주시 완산구 효자동3가 1530-1,전북특별자치도 전주시 완산구 홍산북로 69-6,063-714-2677,127.1097571,35.8178645,효자5동,exact_official_building_road,기존 주택 CSV의 건물 좌표; 음식점 자체 측량 좌표 아님
황가네꼼장어닭발_혁신점,덕진구 혁신동,전북특별자치도 전주시 덕진구 중동 776-5,전북특별자치도 전주시 덕진구 오공로 33-6,063-224-5092,127.0594911,35.83672563,혁신동,exact_official_building_road,기존 주택 CSV의 건물 좌표; 음식점 자체 측량 좌표 아님
본설렁탕_전주전북도청점,완산구 효자동,전북특별자치도 전주시 완산구 효자동2가 1237-7,전북특별자치도 전주시 완산구 홍산남로 29-25,063-227-4282,127.1049626,35.8163831,효자5동,exact_official_building_road,기존 주택 CSV의 건물 좌표; 음식점 자체 측량 좌표 아님
주나루,완산구 다가동4가,"전북특별자치도 전주시 완산구 다가동4가 80-4 1층, 2층","전북특별자치도 전주시 완산구 전주객사2길 55 1층, 2층",0507-1380-7824,127.140095,35.81914898,중앙동,exact_official_building_road,기존 주택 CSV의 건물 좌표; 음식점 자체 측량 좌표 아님
정거장,덕진구 우아동3가,전북특별자치도 전주시 덕진구 우아동3가 746-64,전북특별자치도 전주시 덕진구 백제대로 829,063-242-1717,127.158882,35.8490896,우아1동,exact_official_building_road,기존 주택 CSV의 건물 좌표; 음식점 자체 측량 좌표 아님
열라불라연탄집_송천점,덕진구 송천동1가,전북특별자치도 전주시 덕진구 송천동1가 137-127,전북특별자치도 전주시 덕진구 솔내로 111,063-251-6682,127.1263894,35.86009593,송천1동,exact_official_building_road,기존 주택 CSV의 건물 좌표; 음식점 자체 측량 좌표 아님
더리터_에코시티점,덕진구 송천동,전북특별자치도 전주시 덕진구 송천동2가 1326-7,전북특별자치도 전주시 덕진구 세병로 28,063-255-2342,127.127803,35.8739494,송천1동,exact_official_building_road,기존 주택 CSV의 건물 좌표; 음식점 자체 측량 좌표 아님
로스터리마노,완산구 서신동,전북특별자치도 전주시 완산구 서신동 1013-13,전북특별자치도 전주시 완산구 고사평5길 24-6,063-254-1100,127.1076185,35.8374866,서신동,exact_official_building_road,기존 주택 CSV의 건물 좌표; 음식점 자체 측량 좌표 아님
장미맨숀_송천점,덕진구 송천1동,전북특별자치도 전주시 덕진구 송천동2가 484-7,전북특별자치도 전주시 덕진구 붓내3길 9-4,063-904-9700,127.1225355,35.8671034,송천1동,exact_official_building_road,기존 주택 CSV의 건물 좌표; 음식점 자체 측량 좌표 아님
바르다김선생_전주효자점,완산구 효자5동,전북특별자치도 전주시 완산구 효자동2가 1154-1 105호,전북특별자치도 전주시 완산구 홍산로 246,063-228-4499,127.1064474,35.8155568,효자5동,exact_official_building_road,기존 주택 CSV의 건물 좌표; 음식점 자체 측량 좌표 아님
쌈밥마을고기나라,덕진구 산정동,전북특별자치도 전주시 덕진구 산정동 874-9,전북특별자치도 전주시 덕진구 건산로 305,063-246-4060,127.169956,35.83688007,우아2동,exact_official_building_road,기존 주택 CSV의 건물 좌표; 음식점 자체 측량 좌표 아님
천변집황칠능이백숙,완산구 효자동2가,전북특별자치도 전주시 완산구 효자동2가 135-6,전북특별자치도 전주시 완산구 세내로 193,0507-1463-3471,127.1085367,35.8080094,효자4동,exact_official_building_road,기존 주택 CSV의 건물 좌표; 음식점 자체 측량 좌표 아님
번지농장돌판아귀찜_효자점,완산구 효자동,전북특별자치도 전주시 완산구 효자동3가 1539-4,전북특별자치도 전주시 완산구 홍산남로 77,063-237-1233,127.1104558,35.8160363,효자5동,exact_official_building_road,기존 주택 CSV의 건물 좌표; 음식점 자체 측량 좌표 아님
참치일번가_중화산본점,완산구 중화산동,전북특별자치도 전주시 완산구 중화산동2가  735-7,전북특별자치도 전주시 완산구 메너머3길 32,063-228-5005,127.1193144,35.82398302,중화산2동,exact_official_building_road,기존 주택 CSV의 건물 좌표; 음식점 자체 측량 좌표 아님
무한퓨전,완산구 효자동1가,전북특별자치도 전주시 완산구 효자동1가 664-8,전북특별자치도 전주시 완산구 효자천변1길 30-13,063-228-3051,127.1144715,35.7994227,효자3동,exact_official_building_road,기존 주택 CSV의 건물 좌표; 음식점 자체 측량 좌표 아님
전주회센터3층18호,덕진구 송천1동,전북특별자치도 전주시 덕진구 송천동2가 587-5 전주회센터 3층 18호,전북특별자치도 전주시 덕진구 시천로 96-14 전주회센터 3층 18호,063-278-0794,127.11618,35.86717775,송천2동,exact_official_building_road,기존 주택 CSV의 건물 좌표; 음식점 자체 측량 좌표 아님
현아네등갈비찜_본점,완산구 중화산동,전북특별자치도 전주시 완산구 중화산동2가 592-16,전북특별자치도 전주시 완산구 중화산로 98,063-236-3220,127.1184006,35.8188843,중화산2동,exact_official_building_road,기존 주택 CSV의 건물 좌표; 음식점 자체 측량 좌표 아님
보리보리,완산구 효자동,전북특별자치도 전주시 완산구 효자동3가 1528-4,전북특별자치도 전주시 완산구 홍산4길 12,063-229-9291,127.1101868,35.8183041,효자5동,exact_official_building_road,기존 주택 CSV의 건물 좌표; 음식점 자체 측량 좌표 아님
낙지마쪽갈비,덕진구 송천동,전북특별자치도 전주시 덕진구 송천동2가 179-116 CM빌딩 112호,전북특별자치도 전주시 덕진구 사근1길 31 CM빌딩 112호,063-901-1660,127.1305541,35.8666658,송천1동,exact_official_building_road,기존 주택 CSV의 건물 좌표; 음식점 자체 측량 좌표 아님
맥공_에코시티점,덕진구 송천2동,전북특별자치도 전주시 덕진구 송천동2가 1301-2 대강빌딩2,"전북특별자치도 전주시 덕진구 세병로 174-10, 대강빌딩2 1층 107호",063-278-5600,127.133993,35.8790381,송천1동,exact_official_building_road,기존 주택 CSV의 건물 좌표; 음식점 자체 측량 좌표 아님
황제면가,완산구 풍남동,전북특별자치도 전주시 완산구 교동 232-1,전북특별자치도 전주시 완산구 향교길 22,063-274-7942,127.1507994,35.81156377,풍남동,exact_official_building_road,기존 주택 CSV의 건물 좌표; 음식점 자체 측량 좌표 아님
미장생술집_중화산점,완산구 중화산동,전북특별자치도 전주시 완산구 중화산동2가 755-11,전북특별자치도 전주시 완산구 효자로 291,063-222-0107,127.1174181,35.81932738,중화산2동,exact_official_building_road,기존 주택 CSV의 건물 좌표; 음식점 자체 측량 좌표 아님
시완이네고창민물장어,완산구 중화산동2가,전북특별자치도 전주시 완산구 중화산동2가 627-10,전북특별자치도 전주시 완산구 중산5길 14,063-223-9277,127.1216724,35.8159382,중화산2동,exact_official_building_road,기존 주택 CSV의 건물 좌표; 음식점 자체 측량 좌표 아님
신본참치,완산구 효자5동,전북특별자치도 전주시 완산구 효자동3가 1648-3 2층,전북특별자치도 전주시 완산구 마전들로 71,063-226-7171,127.1032896,35.8212207,효자5동,exact_official_building_road,기존 주택 CSV의 건물 좌표; 음식점 자체 측량 좌표 아님
바른치킨_전주송천점,덕진구 송천동,전북특별자치도 전주시 덕진구 송천동1가 98-1 1층 102호,전북특별자치도 전주시 덕진구 오송1길 37-7 1층 102호,063-255-5154,127.1307518,35.8634095,송천1동,exact_official_building_road,기존 주택 CSV의 건물 좌표; 음식점 자체 측량 좌표 아님
생참치시대_본점,덕진구 혁신동,전북특별자치도 전주시 덕진구 중동 782-6 1층,전북특별자치도 전주시 덕진구 오정2길 12 1층,063-221-3553,127.0610596,35.83511553,혁신동,exact_official_building_road,기존 주택 CSV의 건물 좌표; 음식점 자체 측량 좌표 아님
참좋은갈비,완산구 서신동,전북특별자치도 전주시 완산구 서신동  953-6,전북특별자치도 전주시 완산구 고사평2길 19,063-252-6800,127.1115947,35.83447163,서신동,exact_official_building_road,기존 주택 CSV의 건물 좌표; 음식점 자체 측량 좌표 아님
꿀비,완산구 효자동2가,전북특별자치도 전주시 완산구 효자동2가 1312-2,전북특별자치도 전주시 완산구 후곡길 12-6,063-226-5277,127.0963515,35.8097174,효자4동,exact_official_building_road,기존 주택 CSV의 건물 좌표; 음식점 자체 측량 좌표 아님
풍년제과카페_아중요양병원점,덕진구 우아동2가,전북특별자치도 전주시 덕진구 우아동2가 933-9,전북특별자치도 전주시 덕진구 아중로 225,063-285-9988,127.1737674,35.82902881,우아2동,exact_official_building_road,기존 주택 CSV의 건물 좌표; 음식점 자체 측량 좌표 아님
큰집닭강정,덕진구 송천동,전북특별자치도 전주시 덕진구 송천동1가 107-103,전북특별자치도 전주시 덕진구 천마산로 58,063-255-8225,127.1280191,35.8643158,송천1동,exact_official_building_road,기존 주택 CSV의 건물 좌표; 음식점 자체 측량 좌표 아님
고궁,덕진구 덕진동,전북특별자치도 전주시 덕진구 덕진동2가 168-9,전북특별자치도 전주시 덕진구 송천중앙로 33,063-251-3211,127.1194232,35.850085,덕진동,exact_official_building_road,기존 주택 CSV의 건물 좌표; 음식점 자체 측량 좌표 아님
60계치킨_전주전북대점,덕진구 덕진동,전북특별자치도 전주시 덕진구 덕진동1가 1314-203 1층 1호,전북특별자치도 전주시 덕진구 명륜5길 17 1층 1호,0504-2015-2199,127.1257862,35.8442103,덕진동,exact_official_building_road,기존 주택 CSV의 건물 좌표; 음식점 자체 측량 좌표 아님
남촌칼국수_전주본점,완산구 효자5동,전북특별자치도 전주시 완산구 효자동3가 1696-7 1층,전북특별자치도 전주시 완산구 석산2길 7 1층,063-221-1030,127.1049711,35.819677,효자5동,exact_official_building_road,기존 주택 CSV의 건물 좌표; 음식점 자체 측량 좌표 아님
왕뚜껑삼겹살_중화산점,완산구 중화산동,전북특별자치도 전주시 완산구 중화산동2가  613-13,전북특별자치도 전주시 완산구 중화산로 72,063-288-8892,127.1183749,35.8167754,중화산2동,exact_official_building_road,기존 주택 CSV의 건물 좌표; 음식점 자체 측량 좌표 아님
미스터리초밥집_서신점,완산구 서신동,전북특별자치도 전주시 완산구 서신동 812-4 1층,전북특별자치도 전주시 완산구 서신로 46 1층,063-272-7391,127.1160214,35.8293349,서신동,exact_official_building_road,기존 주택 CSV의 건물 좌표; 음식점 자체 측량 좌표 아님
육회한남자들의달달한밤,완산구 효자5동,전북특별자치도 전주시 완산구 효자동3가 1539-2 1층,전북특별자치도 전주시 완산구 홍산남로 73 1층,0507-1441-5355,127.1099758,35.8159923,효자5동,exact_official_building_road,기존 주택 CSV의 건물 좌표; 음식점 자체 측량 좌표 아님
키즈다쿵,덕진구 송천동,전북특별자치도 전주시 덕진구 송천동2가 1336-1 에이스빌딩 6층,전북특별자치도 전주시 덕진구 세병서로 22 에이스빌딩 6층,063-273-7279,127.1246096,35.8716381,송천1동,exact_official_building_road,기존 주택 CSV의 건물 좌표; 음식점 자체 측량 좌표 아님
진까,완산구 풍남동,전북특별자치도 전주시 완산구 교동 202-2,전북특별자치도 전주시 완산구 향교길 48,010-8772-7017,127.1522341,35.8116336,풍남동,exact_official_building_road,기존 주택 CSV의 건물 좌표; 음식점 자체 측량 좌표 아님
벌크커피_신시가지점,완산구 효자동3가,전북특별자치도 전주시 완산구 효자동3가 1534-1 1층,전북특별자치도 전주시 완산구 홍산남로 45 1층,063-909-5225,127.1070041,35.8160279,효자5동,exact_official_building_road,기존 주택 CSV의 건물 좌표; 음식점 자체 측량 좌표 아님
역전우동0410_전북도청점,완산구 효자동3가,전북특별자치도 전주시 완산구 효자동3가 1534-6,전북특별자치도 전주시 완산구 홍산남로 59,063-909-0098,127.1083251,35.8160202,효자5동,exact_official_building_road,기존 주택 CSV의 건물 좌표; 음식점 자체 측량 좌표 아님
장수한우곱창,완산구 효자동2가,전북특별자치도 전주시 완산구 효자동2가 1309-8,전북특별자치도 전주시 완산구 후곡길 11-4,063-221-7684,127.0954651,35.8097721,효자4동,exact_official_building_road,기존 주택 CSV의 건물 좌표; 음식점 자체 측량 좌표 아님
갑기원_만성점,덕진구 혁신동,"전북특별자치도 전주시 덕진구 만성동 1372-3 301, 302호",전북특별자치도 전주시 덕진구 만성중앙로 53-37,0507-1391-7744,127.0776571,35.8432377,여의동,exact_official_building_road,기존 주택 CSV의 건물 좌표; 음식점 자체 측량 좌표 아님
요거프레소_전주하가점,덕진구 덕진동,전북특별자치도 전주시 덕진구 덕진동2가 667-3,전북특별자치도 전주시 덕진구 추탄로 46,063-276-0088,127.1093301,35.8448949,덕진동,exact_official_building_road,기존 주택 CSV의 건물 좌표; 음식점 자체 측량 좌표 아님
다산가든,덕진구 송천1동,전북특별자치도 전주시 덕진구 송천동1가 543-17,전북특별자치도 전주시 덕진구 용소로 113-7,063-252-4785,127.1205665,35.8642423,송천2동,exact_official_building_road,기존 주택 CSV의 건물 좌표; 음식점 자체 측량 좌표 아님
옛사천성,완산구 서신동,전북특별자치도 전주시 완산구 서신동 806-2,전북특별자치도 전주시 완산구 안터6길 35,0504-0544-2991,127.1171733,35.8303984,서신동,exact_official_building_road,기존 주택 CSV의 건물 좌표; 음식점 자체 측량 좌표 아님
왓커피_서곡점,완산구 효자5동,전북특별자치도 전주시 완산구 효자동3가 1452-2 1층,전북특별자치도 전주시 완산구 세내로 558 1층,010-3164-1882,127.0984606,35.8347275,효자5동,exact_official_building_road,기존 주택 CSV의 건물 좌표; 음식점 자체 측량 좌표 아님
롯데리아_전주도청점,완산구 효자동2가,전북특별자치도 전주시 완산구 효자동2가 1239-4,전북특별자치도 전주시 완산구 홍산로 253,063-221-0661,127.1054918,35.8163784,효자5동,exact_official_building_road,기존 주택 CSV의 건물 좌표; 음식점 자체 측량 좌표 아님
매운손맛,완산구 중화산동,전북특별자치도 전주시 완산구 중화산동2가 776-5,전북특별자치도 전주시 완산구 신촌4길 10,063-224-9998,127.1171732,35.8179515,중화산2동,exact_official_building_road,기존 주택 CSV의 건물 좌표; 음식점 자체 측량 좌표 아님
다미가,완산구 서신동,전북특별자치도 전주시 완산구 서신동 816-2,전북특별자치도 전주시 완산구 서신천변12길 4,063-903-1439,127.1146331,35.8300173,서신동,exact_official_building_road,기존 주택 CSV의 건물 좌표; 음식점 자체 측량 좌표 아님
아젤리아_효자점,완산구 효자4동,전북특별자치도 전주시 완산구 효자동2가 1214-5,전북특별자치도 전주시 완산구 쑥고개로 317,063-222-1448,127.0999226,35.8025466,효자4동,exact_official_building_road,기존 주택 CSV의 건물 좌표; 음식점 자체 측량 좌표 아님
프레드피자_전주1호점,완산구 중화산동2가,전북특별자치도 전주시 완산구 중화산동2가 755-2,전북특별자치도 전주시 완산구 중화산로 113,0507-1472-7280,127.1178794,35.82064668,중화산2동,exact_official_building_road,기존 주택 CSV의 건물 좌표; 음식점 자체 측량 좌표 아님
보리마당,완산구 효자동,전북특별자치도 전주시 완산구 효자동3가 1469-6,전북특별자치도 전주시 완산구 서곡4길 43,0507-1343-0991,127.10298,35.83280341,효자5동,exact_official_building_road,기존 주택 CSV의 건물 좌표; 음식점 자체 측량 좌표 아님
온고을회포차,완산구 중화산동2가,전북특별자치도 전주시 완산구 중화산동2가 663-5,전북특별자치도 전주시 완산구 한두평1길 17-9,063-288-1777,127.1248822,35.81277525,중화산1동,exact_official_building_road,기존 주택 CSV의 건물 좌표; 음식점 자체 측량 좌표 아님
하참치,완산구 서신동,전북특별자치도 전주시 완산구 서신동 939-1,전북특별자치도 전주시 완산구 고사평4길 11,063-276-3735,127.1108504,35.8355225,서신동,exact_official_building_road,기존 주택 CSV의 건물 좌표; 음식점 자체 측량 좌표 아님
청기와뼈해장국감자탕전문점,덕진구 송천동,전북특별자치도 전주시 덕진구 송천동2가 38-2 1층,전북특별자치도 전주시 덕진구 동부대로 962 1층,063-275-1313,127.1418118,35.86944529,송천1동,exact_official_building_road,기존 주택 CSV의 건물 좌표; 음식점 자체 측량 좌표 아님
우리동네커피,완산구 효자동1가,전북특별자치도 전주시 완산구 효자동1가 518-12,전북특별자치도 전주시 완산구 효동2길 4,0507-1486-8885,127.127499,35.8058332,효자1동,exact_official_building_road,기존 주택 CSV의 건물 좌표; 음식점 자체 측량 좌표 아님
부자순대집,완산구 효자동,전북특별자치도 전주시 완산구 효자동1가 664-7,전북특별자치도 전주시 완산구 효자천변1길 32-14,063-223-7504,127.1146065,35.79942378,효자3동,exact_official_building_road,기존 주택 CSV의 건물 좌표; 음식점 자체 측량 좌표 아님
한온,완산구 다가동3가,전북특별자치도 전주시 완산구 다가동3가 24-13,전북특별자치도 전주시 완산구 전주객사1길 12-3,0507-1367-8324,127.140491,35.81731312,중앙동,exact_official_building_road,기존 주택 CSV의 건물 좌표; 음식점 자체 측량 좌표 아님
감동인생족발,덕진구 송천동,전북특별자치도 전주시 덕진구 송천동2가 179-121 2층,전북특별자치도 전주시 덕진구 사근1길 37 2층,063-714-2918,127.1314557,35.8666639,송천1동,exact_official_building_road,기존 주택 CSV의 건물 좌표; 음식점 자체 측량 좌표 아님
강남최부자집_전주신시가지점,완산구 효자5동,전북특별자치도 전주시 완산구 효자동3가 1535-3 1층,전북특별자치도 전주시 완산구 홍산중앙로 37 1층,063-221-1500,127.1087693,35.8169188,효자5동,exact_official_building_road,기존 주택 CSV의 건물 좌표; 음식점 자체 측량 좌표 아님
블리스플_만성점,덕진구 만성동,전북특별자치도 전주시 덕진구 만성동 1365-3 1층 101호,전북특별자치도 전주시 덕진구 만성중앙로 17-16 1층 101호,063-211-9702,127.0747685,35.84509098,여의동,exact_official_building_road,기존 주택 CSV의 건물 좌표; 음식점 자체 측량 좌표 아님
비어드파파_전주효자점,완산구 효자4동,전북특별자치도 전주시 완산구 효자동3가 1648-6,전북특별자치도 전주시 완산구 마전들로 77,063-282-9393,127.1040697,35.82123,효자5동,exact_official_building_parcel,기존 주택 CSV의 건물 좌표; 음식점 자체 측량 좌표 아님
장수농장,완산구 효자동,전북특별자치도 전주시 완산구 효자동2가 1230-8,전북특별자치도 전주시 완산구 홍산북로 21-7,063-226-5678,127.1039615,35.8181341,효자5동,exact_official_building_road,기존 주택 CSV의 건물 좌표; 음식점 자체 측량 좌표 아님
처갓집양념치킨_덕진하가점,덕진구 덕진동2가,전북특별자치도 전주시 덕진구 덕진동2가 661-7,전북특별자치도 전주시 덕진구 가리내5길 16,063-272-9262,127.1099508,35.8461061,덕진동,exact_official_building_road,기존 주택 CSV의 건물 좌표; 음식점 자체 측량 좌표 아님
파스쿠찌_전북도청점,완산구 효자동2가,전북특별자치도 전주시 완산구 효자동2가 1234-2,전북특별자치도 전주시 완산구 바우배기2길 11,063-223-8497,127.1027355,35.8171785,효자5동,exact_official_building_road,기존 주택 CSV의 건물 좌표; 음식점 자체 측량 좌표 아님
역전할머니맥주_전주만성점,덕진구 혁신동,전북특별자치도 전주시 덕진구 만성동 1373-2 1층,전북특별자치도 전주시 덕진구 만성중앙로 49,063-213-6939,127.0771326,35.842986,여의동,exact_official_building_road,기존 주택 CSV의 건물 좌표; 음식점 자체 측량 좌표 아님
카페제이엔젤,덕진구 송천동,전북특별자치도 전주시 덕진구 송천동1가 393-13,전북특별자치도 전주시 덕진구 솔내5길 28,0507-1324-5705,127.1234185,35.856779,송천1동,exact_official_building_road,기존 주택 CSV의 건물 좌표; 음식점 자체 측량 좌표 아님
다미부대찌개,덕진구 송천1동,전북특별자치도 전주시 덕진구 송천동1가 137-69,전북특별자치도 전주시 덕진구 솔내8길 41,063-273-6861,127.1259476,35.86101206,송천1동,exact_official_building_road,기존 주택 CSV의 건물 좌표; 음식점 자체 측량 좌표 아님
씨플랫,완산구 효자5동,전북특별자치도 전주시 완산구 효자동3가 1645-8 1층,전북특별자치도 전주시 완산구 마전로 5 1층,063-287-2226,127.1040675,35.8215888,효자5동,exact_official_building_road,기존 주택 CSV의 건물 좌표; 음식점 자체 측량 좌표 아님
화산국수,완산구 중화산동,전북특별자치도 전주시 완산구 중화산동2가 541-3,전북특별자치도 전주시 완산구 따박골로 57-5,063-232-4940,127.1262378,35.81125286,중화산1동,exact_official_building_road,기존 주택 CSV의 건물 좌표; 음식점 자체 측량 좌표 아님
탕화쿵푸마라탕_효자동점,완산구 효자5동,전북특별자치도 전주시 완산구 효자동3가 1534-2 1층 101호,전북특별자치도 전주시 완산구 홍산남로 47 1층 101호,063-224-8898,127.107253,35.8160436,효자5동,exact_official_building_road,기존 주택 CSV의 건물 좌표; 음식점 자체 측량 좌표 아님
족발야시장_전주혁신도시점,덕진구 혁신동,전북특별자치도 전주시 덕진구 중동 775-3 109호,전북특별자치도 전주시 덕진구 기지로 86 109호,0504-2015-1405,127.0612766,35.8381016,혁신동,exact_official_building_road,기존 주택 CSV의 건물 좌표; 음식점 자체 측량 좌표 아님
탐앤탐스_전주점,완산구 중화산동2가,전북특별자치도 전주시 완산구 중화산동2가 771-3,전북특별자치도 전주시 완산구 효자로 288,063-236-3565,127.1168919,35.81887287,중화산2동,exact_official_building_road,기존 주택 CSV의 건물 좌표; 음식점 자체 측량 좌표 아님
커피콩,완산구 효자4동,전북특별자치도 전주시 완산구 효자동3가 1730-5,전북특별자치도 전주시 완산구 용호로 105,063-224-1128,127.096822,35.8126131,효자4동,exact_official_building_road,기존 주택 CSV의 건물 좌표; 음식점 자체 측량 좌표 아님
블리스플_전라감영점,완산구 중앙동4가,전북특별자치도 전주시 완산구 중앙동4가 31-7,전북특별자치도 전주시 완산구 전라감영로 40,0507-1455-9703,127.1435019,35.81516241,중앙동,exact_official_building_road,기존 주택 CSV의 건물 좌표; 음식점 자체 측량 좌표 아님
예우랑_혁신점,덕진구 혁신동,전북특별자치도 전주시 덕진구 중동 776-7,전북특별자치도 전주시 덕진구 오공로 37,063-905-5577,127.0594921,35.8362827,혁신동,exact_official_building_road,기존 주택 CSV의 건물 좌표; 음식점 자체 측량 좌표 아님
금화왕돈까스_전주산정점,덕진구 산정동,전북특별자치도 전주시 덕진구 산정동 800,전북특별자치도 전주시 덕진구 동부대로 586,063-247-1082,127.1666833,35.84288724,우아2동,exact_official_building_road,기존 주택 CSV의 건물 좌표; 음식점 자체 측량 좌표 아님
한마음고기,덕진구 송천동1가,전북특별자치도 전주시 덕진구 송천동1가 138-2 2층,전북특별자치도 전주시 덕진구 솔내로 121 2층,0507-1490-6070,127.1263995,35.8610404,송천1동,exact_official_building_road,기존 주택 CSV의 건물 좌표; 음식점 자체 측량 좌표 아님
아구나라,덕진구 송천동,전북특별자치도 전주시 덕진구 송천동1가 835-4,전북특별자치도 전주시 덕진구 용소로 68,063-251-4525,127.1156274,35.8633404,송천2동,exact_official_building_road,기존 주택 CSV의 건물 좌표; 음식점 자체 측량 좌표 아님
여수굴세꼬시,덕진구 우아동2가,전북특별자치도 전주시 덕진구 우아동2가 859-6,전북특별자치도 전주시 덕진구 진버들7길 11,063-241-7762,127.1679862,35.83683042,우아2동,exact_official_building_road,기존 주택 CSV의 건물 좌표; 음식점 자체 측량 좌표 아님
빈앤빈,덕진구 송천동,전북특별자치도 전주시 덕진구 송천동2가 202-5,전북특별자치도 전주시 덕진구 솔내로 170-1,063-271-2622,127.127319,35.8653949,송천1동,exact_official_building_road,기존 주택 CSV의 건물 좌표; 음식점 자체 측량 좌표 아님
슈가빌리지,완산구 효자동3가,전북특별자치도 전주시 완산구 효자동3가 1731-1 1층,전북특별자치도 전주시 완산구 봉곡2길 35 1층,010-8892-8618,127.0944864,35.8119546,효자4동,exact_official_building_road,기존 주택 CSV의 건물 좌표; 음식점 자체 측량 좌표 아님
1도씨맥주_에코시티점,덕진구 송천동2가,전북특별자치도 전주시 덕진구 송천동2가 1327-10,전북특별자치도 전주시 덕진구 세병2길 31-3,063-251-2501,127.1270659,35.87314273,송천1동,exact_official_building_road,기존 주택 CSV의 건물 좌표; 음식점 자체 측량 좌표 아님
닭찬들마켓_서신점,완산구 서신동,전북특별자치도 전주시 완산구 서신동 797-1,전북특별자치도 전주시 완산구 당산로 38,063-903-8035,127.1124946,35.832014,서신동,exact_official_building_road,기존 주택 CSV의 건물 좌표; 음식점 자체 측량 좌표 아님
섬진강,완산구 중화산동,전북특별자치도 전주시 완산구 중화산동2가 533-6,전북특별자치도 전주시 완산구 산월1길 5,063-224-8621,127.1223908,35.8125934,중화산2동,exact_official_building_road,기존 주택 CSV의 건물 좌표; 음식점 자체 측량 좌표 아님
태종대조개구이,덕진구 우아동3가,전북특별자치도 전주시 덕진구 우아동3가 747-2,전북특별자치도 전주시 덕진구 우아7길 9-5,0507-1328-4436,127.1550895,35.8495944,우아1동,exact_official_building_road,기존 주택 CSV의 건물 좌표; 음식점 자체 측량 좌표 아님
휴림집앤버거_본점,완산구 효자동2가,전북특별자치도 전주시 완산구 효자동2가 1057-5,전북특별자치도 전주시 완산구 천잠로 227-12,063-225-0312,127.0944634,35.8078214,효자4동,exact_official_building_road,기존 주택 CSV의 건물 좌표; 음식점 자체 측량 좌표 아님
더로스_서신점,완산구 서신동,전북특별자치도 전주시 완산구 서신동 837-3,전북특별자치도 전주시 완산구 서신로 14,063-271-9933,127.1160544,35.8265549,서신동,exact_official_building_road,기존 주택 CSV의 건물 좌표; 음식점 자체 측량 좌표 아님
이삭토스트_서일점,완산구 서신동,전북특별자치도 전주시 완산구 서신동 963-6,전북특별자치도 전주시 완산구 서신로 103,063-277-5689,127.1155992,35.8346195,서신동,exact_official_building_road,기존 주택 CSV의 건물 좌표; 음식점 자체 측량 좌표 아님
버거킹_전주중앙점,완산구 중앙동,전북특별자치도 전주시 완산구 고사동 2-6,전북특별자치도 전주시 완산구 팔달로 225,063-278-1505,127.1452631,35.82224123,노송동,exact_official_building_road,기존 주택 CSV의 건물 좌표; 음식점 자체 측량 좌표 아님
도미노피자_전주송천점,덕진구 송천동,전북특별자치도 전주시 덕진구 송천동1가 270-6,전북특별자치도 전주시 덕진구 송천중앙로 56,063-246-3082,127.1201216,35.85216384,송천1동,exact_official_building_road,기존 주택 CSV의 건물 좌표; 음식점 자체 측량 좌표 아님
경성시장_전북대점,덕진구 덕진동,전북특별자치도 전주시 덕진구 덕진동1가 1261-1 1층,전북특별자치도 전주시 덕진구 명륜5길 14 1층,063-255-6485,127.1257306,35.8438455,덕진동,exact_official_building_road,기존 주택 CSV의 건물 좌표; 음식점 자체 측량 좌표 아님
이공포차,완산구 다가동,전북특별자치도 전주시 완산구 다가동4가 22-1,"전북특별자치도 전주시 완산구 전주객사2길 94, 1층",0507-1337-1675,127.1396688,35.8208511,중앙동,exact_official_building_road,기존 주택 CSV의 건물 좌표; 음식점 자체 측량 좌표 아님
신풍갈비_송천점,덕진구 송천1동,전북특별자치도 전주시 덕진구 송천동1가 821-2,전북특별자치도 전주시 덕진구 두간5길 6,063-278-2337,127.1177536,35.8648956,송천2동,exact_official_building_road,기존 주택 CSV의 건물 좌표; 음식점 자체 측량 좌표 아님
커피쿡_전주본점,완산구 효자5동,전북특별자치도 전주시 완산구 효자동3가 1456-4 1층,전북특별자치도 전주시 완산구 세내로 544 1층,063-902-1002,127.0998235,35.83396957,효자5동,exact_official_building_road,기존 주택 CSV의 건물 좌표; 음식점 자체 측량 좌표 아님
참다인,완산구 효자동,전북특별자치도 전주시 완산구 효자동1가 196-3,전북특별자치도 전주시 완산구 효동2길 3,063-223-2551,127.1278021,35.80580224,효자1동,exact_official_building_road,기존 주택 CSV의 건물 좌표; 음식점 자체 측량 좌표 아님
밀락,완산구 중화산동2가,전북특별자치도 전주시 완산구 중화산동2가 640-4 밀락,전북특별자치도 전주시 완산구 산월2길 25 밀락,063-221-2002,127.1200886,35.8139735,중화산2동,exact_official_building_road,기존 주택 CSV의 건물 좌표; 음식점 자체 측량 좌표 아님
말마니,완산구 효자동3가,전북특별자치도 전주시 완산구 효자동3가 1626-1,전북특별자치도 전주시 완산구 척동10길1,070-7766-8673,127.1000663,35.8248633,효자5동,exact_official_building_parcel,기존 주택 CSV의 건물 좌표; 음식점 자체 측량 좌표 아님
호남성_중화요리,완산구 효자동1가,전북특별자치도 전주시 완산구 효자동1가 668-2,전북특별자치도 전주시 완산구 효자천변1길 36-35,0507-0090-7366,127.1153217,35.7992146,효자3동,exact_official_building_road,기존 주택 CSV의 건물 좌표; 음식점 자체 측량 좌표 아님
김충기꽃삼겹_전주효자점,완산구 효자동,전북특별자치도 전주시 완산구 효자동1가 605-7,"전북특별자치도 전주시 완산구 신봉3길 35-7, 1층",063-227-5820,127.1147502,35.8122793,효자2동,exact_official_building_road,기존 주택 CSV의 건물 좌표; 음식점 자체 측량 좌표 아님
즐거운심야식당,완산구 효자동2가,전북특별자치도 전주시 완산구 효자동2가 1155-9 1층,전북특별자치도 전주시 완산구 홍산중앙로 17,063-223-5798,127.1087708,35.8151546,효자5동,exact_official_building_road,기존 주택 CSV의 건물 좌표; 음식점 자체 측량 좌표 아님
스타벅스_전주경원점,완산구 고사동,전북특별자치도 전주시 완산구 고사동 142-2,전북특별자치도 전주시 완산구 전주객사4길 44-18,1522-3232,127.1444733,35.8197831,중앙동,exact_official_building_road,기존 주택 CSV의 건물 좌표; 음식점 자체 측량 좌표 아님
비레레,완산구 고사동,전북특별자치도 전주시 완산구 고사동 432-1 2층,전북특별자치도 전주시 완산구 전주객사3길 12-17,063-288-3300,127.1430267,35.81820547,중앙동,exact_official_building_road,기존 주택 CSV의 건물 좌표; 음식점 자체 측량 좌표 아님
세렌디프,완산구 서신동,전북특별자치도 전주시 완산구 서신동 850-7,전북특별자치도 전주시 완산구 서신천변2길12,063-909-2033,127.1153018,35.82654938,서신동,exact_official_building_parcel,기존 주택 CSV의 건물 좌표; 음식점 자체 측량 좌표 아님
양푼집,완산구 서신동,전북특별자치도 전주시 완산구 서신동 854-14,전북특별자치도 전주시 완산구 서신천변로 4-5,050-7964-1121,127.1147346,35.82580613,서신동,exact_official_building_road,기존 주택 CSV의 건물 좌표; 음식점 자체 측량 좌표 아님
화산꼼장어숯불구이,완산구 중화산동,전북특별자치도 전주시 완산구 중화산동2가 770-2,전북특별자치도 전주시 완산구 효자로 292,063-228-9255,127.1174226,35.81891281,중화산2동,exact_official_building_road,기존 주택 CSV의 건물 좌표; 음식점 자체 측량 좌표 아님
육값어치,완산구 효자5동,전북특별자치도 전주시 완산구 효자동3가 1538-1 1층 103호,전북특별자치도 전주시 완산구 홍산북로 70-19 1층 103호,010-2474-7995,127.1097652,35.816738,효자5동,exact_official_building_road,기존 주택 CSV의 건물 좌표; 음식점 자체 측량 좌표 아님
페르마타,완산구 고사동,전북특별자치도 전주시 완산구 고사동 147-1,전북특별자치도 전주시 완산구 전주객사4길 24-29,063-231-7179,127.1443293,35.81953065,중앙동,exact_official_building_road,기존 주택 CSV의 건물 좌표; 음식점 자체 측량 좌표 아님
팔복감자탕_중화신시가지점,완산구 효자동,전북특별자치도 전주시 완산구 효자동2가 1235-10,전북특별자치도 전주시 완산구 바우배기2길 14,063-273-2334,127.1032977,35.8167401,효자5동,exact_official_building_road,기존 주택 CSV의 건물 좌표; 음식점 자체 측량 좌표 아님
푸라닭_송천점,덕진구 송천동1가,전북특별자치도 전주시 덕진구 송천동1가 107-44,전북특별자치도 전주시 덕진구 천마산로 32,063-255-9206,127.125057,35.8635106,송천1동,exact_official_building_road,기존 주택 CSV의 건물 좌표; 음식점 자체 측량 좌표 아님
감탄떡볶이_송천3호점,덕진구 송천동,전북특별자치도 전주시 덕진구 송천동1가 138-2,전북특별자치도 전주시 덕진구 솔내로 121,063-255-8020,127.1263995,35.8610404,송천1동,exact_official_building_road,기존 주택 CSV의 건물 좌표; 음식점 자체 측량 좌표 아님
본죽_전주효자휴먼시아점,완산구 효자4동,전북특별자치도 전주시 완산구 효자동2가 1316-4,전북특별자치도 전주시 완산구 호암로 91,063-253-6288,127.1042646,35.8084983,효자4동,exact_official_building_road,기존 주택 CSV의 건물 좌표; 음식점 자체 측량 좌표 아님
카페오월,덕진구 송천동,전북특별자치도 전주시 덕진구 송천동1가 472-7,전북특별자치도 전주시 덕진구 송천2길 24,0507-1335-3379,127.1185675,35.8596355,송천2동,exact_official_building_road,기존 주택 CSV의 건물 좌표; 음식점 자체 측량 좌표 아님
내고향전통설렁탕,덕진구 덕진동2가,전북특별자치도 전주시 덕진구 덕진동2가 678-6,전북특별자치도 전주시 덕진구 가리내10길 12,063-275-4611,127.1108986,35.84230787,덕진동,exact_official_building_road,기존 주택 CSV의 건물 좌표; 음식점 자체 측량 좌표 아님
버거킹_전북도청점,완산구 효자5동,전북특별자치도 전주시 완산구 효자동3가 1525-1,전북특별자치도 전주시 완산구 효자로 194,063-224-0332,127.1062926,35.8185094,효자5동,exact_official_building_road,기존 주택 CSV의 건물 좌표; 음식점 자체 측량 좌표 아님
구미당_아중점,덕진구 우아동2가,전북특별자치도 전주시 덕진구 우아동2가 858-7,전북특별자치도 전주시 덕진구 진버들6길 8-3,063-247-8588,127.1672225,35.8365795,우아2동,exact_official_building_road,기존 주택 CSV의 건물 좌표; 음식점 자체 측량 좌표 아님
육쌈냉면_전주중앙점,완산구 고사동,전북특별자치도 전주시 완산구 고사동 125-3,전북특별자치도 전주시 완산구 전주객사4길 20,063-232-6392,127.1440902,35.8186034,중앙동,exact_official_building_road,기존 주택 CSV의 건물 좌표; 음식점 자체 측량 좌표 아님
이화원,완산구 효자5동,전북특별자치도 전주시 완산구 효자동3가 1543-3,전북특별자치도 전주시 완산구 홍산2길 5-12,063-284-1900,127.1101846,35.815162,효자5동,exact_official_building_road,기존 주택 CSV의 건물 좌표; 음식점 자체 측량 좌표 아님
와룡소바,덕진구 송천2동,전북특별자치도 전주시 덕진구 송천동2가 556-10,전북특별자치도 전주시 덕진구 와룡로 58-7,063-255-6573,127.1128614,35.86489105,송천2동,exact_official_building_road,기존 주택 CSV의 건물 좌표; 음식점 자체 측량 좌표 아님
원조진안흑돼지,덕진구 우아동2가,전북특별자치도 전주시 덕진구 우아동2가 901-10,"전북특별자치도 전주시 덕진구 정언신로 173-1, 1층",063-244-5565,127.1723892,35.83172328,우아2동,exact_official_building_road,기존 주택 CSV의 건물 좌표; 음식점 자체 측량 좌표 아님
이석쇠한판_본점,완산구 중화산동,전북특별자치도 전주시 완산구 중화산동2가 761-4,전북특별자치도 전주시 완산구 화산천변1길 4-5,063-228-3245,127.115542,35.8198544,중화산2동,exact_official_building_road,기존 주택 CSV의 건물 좌표; 음식점 자체 측량 좌표 아님
김삿갓9292,덕진구 우아동2가,전북특별자치도 전주시 덕진구 우아동2가 927-8,전북특별자치도 전주시 덕진구 아중중앙로 14,063-246-7892,127.1726216,35.82958877,우아2동,exact_official_building_road,기존 주택 CSV의 건물 좌표; 음식점 자체 측량 좌표 아님
천객,완산구 다가동,전북특별자치도 전주시 완산구 다가동4가 57-1,전북특별자치도 전주시 완산구 전주객사2길 73-5,010-7630-2377,127.1393351,35.81983756,중앙동,exact_official_building_road,기존 주택 CSV의 건물 좌표; 음식점 자체 측량 좌표 아님
놀부보쌈앤부대찌개_전주중화산점,완산구 중화산동2가,전북특별자치도 전주시 완산구 중화산동2가 533-8,전북특별자치도 전주시 완산구 백제대로 217,063-227-4314,127.122752,35.812567,중화산2동,exact_official_building_road,기존 주택 CSV의 건물 좌표; 음식점 자체 측량 좌표 아님
홍콩살롱,덕진구 덕진동,전북특별자치도 전주시 덕진구 덕진동1가 1264-8,전북특별자치도 전주시 덕진구 명륜3길 10-3,063-275-1387,127.1278096,35.8422067,덕진동,exact_official_building_road,기존 주택 CSV의 건물 좌표; 음식점 자체 측량 좌표 아님
도래지,덕진구 우아1동,전북특별자치도 전주시 덕진구 우아동3가 748-25,전북특별자치도 전주시 덕진구 백제대로 810,063-241-3993,127.1571456,35.84771495,우아1동,exact_official_building_road,기존 주택 CSV의 건물 좌표; 음식점 자체 측량 좌표 아님
흑화당_전주고사점,완산구 고사동,전북특별자치도 전주시 완산구 고사동 65-5,전북특별자치도 전주시 완산구 전주객사5길 22,0507-1371-1043,127.145652,35.8191064,중앙동,exact_official_building_road,기존 주택 CSV의 건물 좌표; 음식점 자체 측량 좌표 아님
세은이네,완산구 풍남동,전북특별자치도 전주시 완산구 전동 165-1,전북특별자치도 전주시 완산구 풍남문2길 42-3,063-283-3376,127.1468499,35.8135548,풍남동,exact_official_building_road,기존 주택 CSV의 건물 좌표; 음식점 자체 측량 좌표 아님
보아네술집프리지아,완산구 서신동,전북특별자치도 전주시 완산구 서신동 951-2 1층,전북특별자치도 전주시 완산구 고사평4길 14 1층,063-255-5822,127.1109329,35.83525088,서신동,exact_official_building_road,기존 주택 CSV의 건물 좌표; 음식점 자체 측량 좌표 아님
1943_전주신시가지점,완산구 효자5동,전북특별자치도 전주시 완산구 효자동3가 1527-11,전북특별자치도 전주시 완산구 홍산중앙로 45,063-227-1943,127.1087608,35.8176049,효자5동,exact_official_building_road,기존 주택 CSV의 건물 좌표; 음식점 자체 측량 좌표 아님
공차_전주중화산점,완산구 서신동,전북특별자치도 전주시 완산구 서신동 857-2,전북특별자치도 전주시 완산구 유연로 285,063-247-0707,127.1166954,35.825536,서신동,exact_official_building_road,기존 주택 CSV의 건물 좌표; 음식점 자체 측량 좌표 아님
배불러,완산구 효자동,전북특별자치도 전주시 완산구 효자동2가 1305-9,전북특별자치도 전주시 완산구 후곡길 31-31,063-237-0288,127.094283,35.81110687,효자4동,exact_official_building_road,기존 주택 CSV의 건물 좌표; 음식점 자체 측량 좌표 아님
맘스터치_객사점,완산구 풍남동,전북특별자치도 전주시 완산구 경원동1가 56-1,전북특별자치도 전주시 완산구 팔달로 187-1,063-288-0085,127.1464429,35.8191414,중앙동,exact_official_building_road,기존 주택 CSV의 건물 좌표; 음식점 자체 측량 좌표 아님
세이토,완산구 효자5동,전북특별자치도 전주시 완산구 효자동3가 1633-4 1층,전북특별자치도 전주시 완산구 마전중앙로 13 1층,010-9534-4322,127.1033,35.8234667,효자5동,exact_official_building_road,기존 주택 CSV의 건물 좌표; 음식점 자체 측량 좌표 아님
피자플래넷_서신점,완산구 서신동,전북특별자치도 전주시 완산구 서신동 803-5 106호,"전북특별자치도 전주시 완산구 서신천변12길 3, 106호",063-255-3132,127.1145393,35.8302949,서신동,exact_official_building_road,기존 주택 CSV의 건물 좌표; 음식점 자체 측량 좌표 아님
카페211,덕진구 송천1동,전북특별자치도 전주시 덕진구 송천동1가 809-4,"전북특별자치도 전주시 덕진구 송천중앙로 211, 1층",063-252-1494,127.1211443,35.86584412,송천2동,exact_official_building_road,기존 주택 CSV의 건물 좌표; 음식점 자체 측량 좌표 아님
교동떡갈비,완산구 풍남동,전북특별자치도 전주시 완산구 풍남동3가 73-2,전북특별자치도 전주시 완산구 은행로 52,"063-288-2282, 063-288-2232",127.1522631,35.8153483,풍남동,exact_official_building_road,기존 주택 CSV의 건물 좌표; 음식점 자체 측량 좌표 아님
카페2-21,완산구 효자동,전북특별자치도 전주시 완산구 효자동2가 1160-2,전북특별자치도 전주시 완산구 범안2길 21,063-225-0221,127.1068076,35.813145,효자4동,exact_official_building_road,기존 주택 CSV의 건물 좌표; 음식점 자체 측량 좌표 아님
신덕일관,덕진구 덕진동,전북특별자치도 전주시 덕진구 덕진동1가 664-38 1층,"전북특별자치도 전주시 덕진구 권삼득로 321-1, 1층",063-272-1429,127.1267043,35.8442059,덕진동,exact_official_building_road,기존 주택 CSV의 건물 좌표; 음식점 자체 측량 좌표 아님
연가,완산구 중화산동2가,전북특별자치도 전주시 완산구 중화산동2가 199-23,전북특별자치도 전주시 완산구 어은로 28,063-228-3301,127.1260967,35.8167251,중화산1동,exact_official_building_road,기존 주택 CSV의 건물 좌표; 음식점 자체 측량 좌표 아님
최태연반반김밥,완산구 중화산동,전북특별자치도 전주시 완산구 중화산동2가 707-8 1층,전북특별자치도 전주시 완산구 메너머2길 25-12 1층,010-3321-2283,127.1196959,35.82149819,중화산2동,exact_official_building_road,기존 주택 CSV의 건물 좌표; 음식점 자체 측량 좌표 아님
고향솥단지삼겹살_우아점,덕진구 우아1동,전북특별자치도 전주시 덕진구 우아동3가 747-49,전북특별자치도 전주시 덕진구 우아1길 14,063-247-5217,127.1556538,35.84849765,우아1동,exact_official_building_road,기존 주택 CSV의 건물 좌표; 음식점 자체 측량 좌표 아님
용성양갈비,완산구 경원동3가,전북특별자치도 전주시 완산구 경원동3가 86-5,전북특별자치도 전주시 완산구 현무2길 11,0507-1418-8991,127.1497318,35.8199935,풍남동,exact_official_building_road,기존 주택 CSV의 건물 좌표; 음식점 자체 측량 좌표 아님
돈백미가,완산구 효자5동,전북특별자치도 전주시 완산구 효자동2가 1234-2 1층,전북특별자치도 전주시 완산구 바우배기2길 11 1층,070-7543-5965,127.1027355,35.8171785,효자5동,exact_official_building_road,기존 주택 CSV의 건물 좌표; 음식점 자체 측량 좌표 아님
국수나무_효자3가점,완산구 효자5동,전북특별자치도 전주시 완산구 효자동3가 1609-16 1층 103호,전북특별자치도 전주시 완산구 홍산로 375 1층 103호,063-222-3691,127.1056394,35.8273212,효자5동,exact_official_building_road,기존 주택 CSV의 건물 좌표; 음식점 자체 측량 좌표 아님
바른생활_하가점,덕진구 덕진동,전북특별자치도 전주시 덕진구 덕진동2가 678-5 1층,전북특별자치도 전주시 덕진구 가리내10길 10,063-277-2239,127.1110377,35.8424635,덕진동,exact_official_building_road,기존 주택 CSV의 건물 좌표; 음식점 자체 측량 좌표 아님
본하우스,완산구 효자4동,전북특별자치도 전주시 완산구 효자동2가 141-4,전북특별자치도 전주시 완산구 우전2길 58,063-228-3378,127.1070207,35.8091176,효자4동,exact_official_building_road,기존 주택 CSV의 건물 좌표; 음식점 자체 측량 좌표 아님
커피숲515_전주대점,완산구 효자4동,전북특별자치도 전주시 완산구 효자동3가 1733-5,전북특별자치도 전주시 완산구 봉곡1길 9,070-7782-3838,127.098003,35.8133721,효자4동,exact_official_building_road,기존 주택 CSV의 건물 좌표; 음식점 자체 측량 좌표 아님
호식이두마리치킨_중화산점,완산구 중화산동2가,전북특별자치도 전주시 완산구 중화산동2가 708-7 1층,"전북특별자치도 전주시 완산구 메너머1길 28, 1층",0507-0090-7695,127.1197892,35.82106625,중화산2동,exact_official_building_road,기존 주택 CSV의 건물 좌표; 음식점 자체 측량 좌표 아님
아프로,완산구 효자5동,전북특별자치도 전주시 완산구 효자동3가 1541-9,전북특별자치도 전주시 완산구 홍산중앙로 18,0507-1424-5799,127.109334,35.8151482,효자5동,exact_official_building_road,기존 주택 CSV의 건물 좌표; 음식점 자체 측량 좌표 아님
조선화로집_송천에코시티점,덕진구 송천2동,전북특별자치도 전주시 덕진구 송천동2가 1331-5,전북특별자치도 전주시 덕진구 세병서로 29,063-271-8899,127.1254482,35.8720826,송천1동,exact_official_building_road,기존 주택 CSV의 건물 좌표; 음식점 자체 측량 좌표 아님
바라봄,완산구 효자3동,전북특별자치도 전주시 완산구 효자동3가 1652-2,전북특별자치도 전주시 완산구 척동5길 1,063-224-0102,127.0998028,35.8230033,효자5동,exact_official_building_road,기존 주택 CSV의 건물 좌표; 음식점 자체 측량 좌표 아님
다래면옥,완산구 서신동,전북특별자치도 전주시 완산구 서신동 40-7,전북특별자치도 전주시 완산구 백제대로 402,063-255-4291,127.1233082,35.82914964,서신동,exact_official_building_road,기존 주택 CSV의 건물 좌표; 음식점 자체 측량 좌표 아님
아중도토리묵촌,덕진구 우아동1가,전북특별자치도 전주시 덕진구 우아동1가 1123-11,전북특별자치도 전주시 덕진구 동부대로 381,063-244-1233,127.1769937,35.82633795,우아2동,exact_official_building_road,기존 주택 CSV의 건물 좌표; 음식점 자체 측량 좌표 아님
고산한우,덕진구 우아동3가,전북특별자치도 전주시 덕진구 우아동3가 746-37,전북특별자치도 전주시 덕진구 우아2길 18,063-247-3077,127.158801,35.84924975,우아1동,exact_official_building_road,기존 주택 CSV의 건물 좌표; 음식점 자체 측량 좌표 아님
가르송,완산구 효자5동,전북특별자치도 전주시 완산구 효자동3가 1719-8,전북특별자치도 전주시 완산구 농소2길 1,070-4062-0946,127.0971588,35.81414786,효자5동,exact_official_building_road,기존 주택 CSV의 건물 좌표; 음식점 자체 측량 좌표 아님
루메,완산구 다가동,전북특별자치도 전주시 완산구 다가동3가 53-1,"전북특별자치도 전주시 완산구 전주천동로 244, 1층",0507-1332-8470,127.1390549,35.81811405,중앙동,exact_official_building_road,기존 주택 CSV의 건물 좌표; 음식점 자체 측량 좌표 아님
23호털보네횟집,덕진구 송천2동,전북특별자치도 전주시 덕진구 송천동2가 587-5 2층 23호,"전북특별자치도 전주시 덕진구 시천로 96-14, 2동 2층 23호",063-254-7129,127.11618,35.86717775,송천2동,exact_official_building_road,기존 주택 CSV의 건물 좌표; 음식점 자체 측량 좌표 아님
영옥이네국수집,완산구 효자3동,전북특별자치도 전주시 완산구 효자동1가 598-8,"전북특별자치도 전주시 완산구 신봉2길 3, 1층",010-3734-9814,127.1186291,35.81087293,효자2동,exact_official_building_road,기존 주택 CSV의 건물 좌표; 음식점 자체 측량 좌표 아님
동서네낙지_아중점,덕진구 우아동1가,전북특별자치도 전주시 덕진구 우아동1가 1100-8,전북특별자치도 전주시 덕진구 한배미로 56,063-241-5585,127.1708091,35.82507874,우아2동,exact_official_building_road,기존 주택 CSV의 건물 좌표; 음식점 자체 측량 좌표 아님
최동민양푼갈비_전주중화산점,완산구 중화산동2가,전북특별자치도 전주시 완산구 중화산동2가 596-10,전북특별자치도 전주시 완산구 중산6길 18,063-903-8546,127.1220823,35.8168288,중화산2동,exact_official_building_road,기존 주택 CSV의 건물 좌표; 음식점 자체 측량 좌표 아님
바푸리_전주효자점,완산구 효자4동,전북특별자치도 전주시 완산구 효자동2가 1317-3,전북특별자치도 전주시 완산구 호암로 63,0504-0999-1264,127.1015399,35.80930453,효자4동,exact_official_building_road,기존 주택 CSV의 건물 좌표; 음식점 자체 측량 좌표 아님
할리스_전주한옥마을점,완산구 풍남동,전북특별자치도 전주시 완산구 풍남동1가 53-3,전북특별자치도 전주시 완산구 은행로 16,063-288-0801,127.1516998,35.8184879,풍남동,exact_official_building_road,기존 주택 CSV의 건물 좌표; 음식점 자체 측량 좌표 아님
또바기나주곰탕,완산구 중화산동,전북특별자치도 전주시 완산구 중화산동2가 618-7,전북특별자치도 전주시 완산구 중산로 19,063-286-2522,127.1201759,35.8158283,중화산2동,exact_official_building_road,기존 주택 CSV의 건물 좌표; 음식점 자체 측량 좌표 아님
상류집,덕진구 우아동1가,전북특별자치도 전주시 덕진구 우아동1가 708-1,전북특별자치도 전주시 덕진구 아중호수길 17,0507-1415-3581,127.1810691,35.81637014,우아2동,exact_official_building_road,기존 주택 CSV의 건물 좌표; 음식점 자체 측량 좌표 아님
펍로이,덕진구 덕진동,전북특별자치도 전주시 덕진구 덕진동1가 664-31 3층,전북특별자치도 전주시 덕진구 권삼득로 323 3층,010-2033-8545,127.1267947,35.84431698,덕진동,exact_official_building_road,기존 주택 CSV의 건물 좌표; 음식점 자체 측량 좌표 아님
그때산집,완산구 태평동,전북특별자치도 전주시 완산구 태평동47-9,전북특별자치도 전주시 완산구 태평5길 13-4,063-277-0492,127.1436692,35.82330246,중앙동,exact_official_building_road,기존 주택 CSV의 건물 좌표; 음식점 자체 측량 좌표 아님
옴그호프,덕진구 덕진동,전북특별자치도 전주시 덕진구 덕진동2가 670-8,전북특별자치도 전주시 덕진구 가리내8길 12,070-8691-0255,127.1105017,35.8435849,덕진동,exact_official_building_road,기존 주택 CSV의 건물 좌표; 음식점 자체 측량 좌표 아님
구들식탁,덕진구 혁신동,전북특별자치도 전주시 덕진구 중동 775-2 대방빌딩 1층,전북특별자치도 전주시 덕진구 기지로 82 대방빌딩 1층,010-9975-4111,127.0609008,35.8381049,혁신동,exact_official_building_road,기존 주택 CSV의 건물 좌표; 음식점 자체 측량 좌표 아님
스토커피,완산구 효자5동,전북특별자치도 전주시 완산구 효자동3가 1615-11,전북특별자치도 전주시 완산구 문학대4길 21,010-5739-0906,127.104142,35.82689948,효자5동,exact_official_building_road,기존 주택 CSV의 건물 좌표; 음식점 자체 측량 좌표 아님
호텔아프리카_객리단길점,완산구 다가동,전북특별자치도 전주시 완산구 다가동4가 90-7,전북특별자치도 전주시 완산구 전주객사1길 48,063-225-8538,127.1392058,35.81848466,중앙동,exact_official_building_road,기존 주택 CSV의 건물 좌표; 음식점 자체 측량 좌표 아님
전주소바,완산구 서신동,전북특별자치도 전주시 완산구 서신동 958-10,전북특별자치도 전주시 완산구 고사평2길 16,063-223-1813,127.1111658,35.83421609,서신동,exact_official_building_road,기존 주택 CSV의 건물 좌표; 음식점 자체 측량 좌표 아님
오리온,완산구 다가동1가,전북특별자치도 전주시 완산구 다가동1가 52-1,전북특별자치도 전주시 완산구 전라감영2길 1,070-4084-0222,127.1423525,35.81502805,중앙동,exact_official_building_road,기존 주택 CSV의 건물 좌표; 음식점 자체 측량 좌표 아님
카페임,완산구 효자5동,전북특별자치도 전주시 완산구 효자동3가 1540-2 신원아침도시펜트 상가 2층,전북특별자치도 전주시 완산구 세내로 299 신원아침도시펜트 2층 202호,010-3924-2499,127.111304,35.8167874,효자5동,exact_official_building_road,기존 주택 CSV의 건물 좌표; 음식점 자체 측량 좌표 아님
아중리낙지마당_본점,덕진구 우아동2가,전북특별자치도 전주시 덕진구 우아동2가 927-4,전북특별자치도 전주시 덕진구 아중중앙로 8,063-247-3647,127.1728906,35.82926614,우아2동,exact_official_building_road,기존 주택 CSV의 건물 좌표; 음식점 자체 측량 좌표 아님
구들장청국장우렁쌈밥,덕진구 우아2동,전북특별자치도 전주시 덕진구 우아동1가 1118-3,전북특별자치도 전주시 덕진구 인교9길 21,063-903-2880,127.1752255,35.82609151,우아2동,exact_official_building_road,기존 주택 CSV의 건물 좌표; 음식점 자체 측량 좌표 아님
강변산장,덕진구 우아2동,전북특별자치도 전주시 덕진구 우아동1가 757-6,전북특별자치도 전주시 덕진구 아중호수길 114,063-242-4791,127.1747219,35.82127503,우아2동,exact_official_building_road,기존 주택 CSV의 건물 좌표; 음식점 자체 측량 좌표 아님
이디야커피_효천우미린점,완산구 효자5동,전북특별자치도 전주시 완산구 효자동2가 1358-1 1층,전북특별자치도 전주시 완산구 효천천변길 20 1층,063-222-2263,127.1024933,35.80224536,효자4동,exact_official_building_road,기존 주택 CSV의 건물 좌표; 음식점 자체 측량 좌표 아님
놀부보쌈_아중점,덕진구 우아동1가,전북특별자치도 전주시 덕진구 우아동1가 1089-3 1층,전북특별자치도 전주시 덕진구 아중로 212,050-7964-0471,127.172483,35.82801052,우아2동,exact_official_building_road,기존 주택 CSV의 건물 좌표; 음식점 자체 측량 좌표 아님
삼첩분식송천점,덕진구 송천1동,전북특별자치도 전주시 덕진구 송천동1가 837-15,"전북특별자치도 전주시 덕진구 송천로 112-9, 1층",063-278-2442,127.1167828,35.8630602,송천2동,exact_official_building_road,기존 주택 CSV의 건물 좌표; 음식점 자체 측량 좌표 아님
자유식당,완산구 풍남동,전북특별자치도 전주시 완산구 전동 146-7,전북특별자치도 전주시 완산구 풍남문3길 25,063-286-1986,127.1469393,35.814864,풍남동,exact_official_building_road,기존 주택 CSV의 건물 좌표; 음식점 자체 측량 좌표 아님
유가반점,덕진구 우아동2가,전북특별자치도 전주시 덕진구 우아동2가 903-11,전북특별자치도 전주시 덕진구 정언신로 144,063-247-1610,127.1695819,35.83027087,우아2동,exact_official_building_road,기존 주택 CSV의 건물 좌표; 음식점 자체 측량 좌표 아님
Gusto9,완산구 중화산동2가,전북특별자치도 전주시 완산구 중화산동2가 266-12,전북특별자치도 전주시 완산구 영선로 21-7,063-717-1234,127.1239141,35.82436809,중화산2동,exact_official_building_road,기존 주택 CSV의 건물 좌표; 음식점 자체 측량 좌표 아님
진국청국장,완산구 서신동,전북특별자치도 전주시 완산구 서신동 952-6,전북특별자치도 전주시 완산구 고사평2길 17-3,063-275-2726,127.1113059,35.83455963,서신동,exact_official_building_road,기존 주택 CSV의 건물 좌표; 음식점 자체 측량 좌표 아님
공차_전주서신점,완산구 서신동,전북특별자치도 전주시 완산구 서신동 796-4 103호,전북특별자치도 전주시 완산구 당산로 52 103호,0507-1320-7335,127.1138579,35.83200069,서신동,exact_official_building_road,기존 주택 CSV의 건물 좌표; 음식점 자체 측량 좌표 아님
홍곱창_전북대점,덕진구 덕진동1가,전북특별자치도 전주시 덕진구 덕진동1가 1264-28,전북특별자치도 전주시 덕진구 명륜2길 11-12,063-232-3204,127.1281037,35.84203715,덕진동,exact_official_building_road,기존 주택 CSV의 건물 좌표; 음식점 자체 측량 좌표 아님
한스델리_전주점,완산구 고사동,전북특별자치도 전주시 완산구 고사동 196-1 2층,전북특별자치도 전주시 완산구 전주객사5길 43-18 2층,063-286-1007,127.1444611,35.8201432,중앙동,exact_official_building_road,기존 주택 CSV의 건물 좌표; 음식점 자체 측량 좌표 아님
이비가짬뽕_전주혁신점,덕진구 혁신동,전북특별자치도 전주시 덕진구 혁신동 787-1,전북특별자치도 전주시 덕진구 안전로 106,063-222-9086,127.0589208,35.83345845,혁신동,exact_official_building_road,기존 주택 CSV의 건물 좌표; 음식점 자체 측량 좌표 아님
소풍참나무통닭구이,완산구 서신동,전북특별자치도 전주시 완산구 서신동 969-4,전북특별자치도 전주시 완산구 여울로 17-12,063-277-9999,127.1207812,35.8347951,서신동,exact_official_building_road,기존 주택 CSV의 건물 좌표; 음식점 자체 측량 좌표 아님
일품대패,덕진구 우아동2가,전북특별자치도 전주시 덕진구 우아동2가 918-8,전북특별자치도 전주시 덕진구 아중로 217,0507-1317-3228,127.172653,35.82869668,우아2동,exact_official_building_road,기존 주택 CSV의 건물 좌표; 음식점 자체 측량 좌표 아님
할미집,완산구 중화산동,전북특별자치도 전주시 완산구 중화산동2가 768-1 1층,전북특별자치도 전주시 완산구 효자로 275 1층,063-902-7892,127.1155374,35.81926852,중화산2동,exact_official_building_road,기존 주택 CSV의 건물 좌표; 음식점 자체 측량 좌표 아님
다사랑치킨_전주혁신점,덕진구 혁신동,전북특별자치도 전주시 덕진구 혁신동 776-4,전북특별자치도 전주시 덕진구 오공로 33-8,063-221-9272,127.0594965,35.8369626,혁신동,exact_official_building_road,기존 주택 CSV의 건물 좌표; 음식점 자체 측량 좌표 아님
전일슈퍼_도청점,완산구 효자동,전북특별자치도 전주시 완산구 효자동3가 1538-3,전북특별자치도 전주시 완산구 홍산북로 84-20,063-229-8892,127.110644,35.8167406,효자5동,exact_official_building_road,기존 주택 CSV의 건물 좌표; 음식점 자체 측량 좌표 아님
마라부마라탕,덕진구 혁신동,전북특별자치도 전주시 덕진구 중동 774-5 1층 103호,전북특별자치도 전주시 덕진구 안전로 154 1층 103호,0507-1488-7836,127.0589816,35.8377245,혁신동,exact_official_building_road,기존 주택 CSV의 건물 좌표; 음식점 자체 측량 좌표 아님
킹콩쥬스앤커피_한옥마을점,완산구 풍남동,전북특별자치도 전주시 완산구 전동 187-10,전북특별자치도 전주시 완산구 팔달로 121-1,063-285-4595,127.1485864,35.8133652,풍남동,exact_official_building_road,기존 주택 CSV의 건물 좌표; 음식점 자체 측량 좌표 아님
김가네김밥_효자점,완산구 효자동,전북특별자치도 전주시 완산구 효자동1가 440-9,전북특별자치도 전주시 완산구 거마평로 147,063-228-1128,127.1165038,35.8055296,효자3동,exact_official_building_road,기존 주택 CSV의 건물 좌표; 음식점 자체 측량 좌표 아님
역전할머니맥주_전주효자3호점,완산구 효자5동,전북특별자치도 전주시 완산구 효자동3가 1694-2 1층 101호,전북특별자치도 전주시 완산구 마전들로 74 1층 101호,063-222-3385,127.1035221,35.8208318,효자5동,exact_official_building_road,기존 주택 CSV의 건물 좌표; 음식점 자체 측량 좌표 아님
푸른수산,완산구 효자5동,전북특별자치도 전주시 완산구 효자동3가 1539-4,전북특별자치도 전주시 완산구 홍산남로 77,063-229-8808,127.1104558,35.8160363,효자5동,exact_official_building_road,기존 주택 CSV의 건물 좌표; 음식점 자체 측량 좌표 아님
족장_전주서신점,완산구 서신동,전북특별자치도 전주시 완산구 서신동 955-1,전북특별자치도 전주시 완산구 새터로 52-10,063-251-5544,127.1119879,35.8346972,서신동,exact_official_building_road,기존 주택 CSV의 건물 좌표; 음식점 자체 측량 좌표 아님
로얄자카르타_전주신시가지점,완산구 효자5동,"전북특별자치도 전주시 완산구 효자동2가 1230-6 1층 102,103","전북특별자치도 전주시 완산구 홍산북로 19 1층 102,103",063-223-0626,127.1039636,35.8176066,효자5동,exact_official_building_road,기존 주택 CSV의 건물 좌표; 음식점 자체 측량 좌표 아님
장수원,완산구 중화산동2가,전북특별자치도 전주시 완산구 중화산동2가 538-12,전북특별자치도 전주시 완산구 따박골5길 60,063-224-8584,127.1273463,35.8111534,중화산1동,exact_official_building_road,기존 주택 CSV의 건물 좌표; 음식점 자체 측량 좌표 아님
참곱다,완산구 효자동3가,전북특별자치도 전주시 완산구 효자동3가 1686-5,전북특별자치도 전주시 완산구 마전들로 42,0507-1406-9242,127.1001553,35.8208753,효자5동,exact_official_building_road,기존 주택 CSV의 건물 좌표; 음식점 자체 측량 좌표 아님
동대문엽기떡볶이_전북도청점,완산구 효자5동,전북특별자치도 전주시 완산구 효자동2가 1155-2 1층 103호,전북특별자치도 전주시 완산구 홍산남로 50 1층 103호,063-224-8591,127.1072544,35.8155757,효자5동,exact_official_building_road,기존 주택 CSV의 건물 좌표; 음식점 자체 측량 좌표 아님
사천마라,완산구 서신동,전북특별자치도 전주시 완산구 서신동 809-3 1층,전북특별자치도 전주시 완산구 안터6길 39 1층,063-228-5008,127.1167482,35.830027,서신동,exact_official_building_road,기존 주택 CSV의 건물 좌표; 음식점 자체 측량 좌표 아님
커피브래드,덕진구 송천동,전북특별자치도 전주시 덕진구 송천동1가 832-1,전북특별자치도 전주시 덕진구 시천로 68,063-255-3926,127.1147421,35.8652312,송천2동,exact_official_building_road,기존 주택 CSV의 건물 좌표; 음식점 자체 측량 좌표 아님
미소식당,덕진구 우아1동,전북특별자치도 전주시 덕진구 우아동3가 602-69,전북특별자치도 전주시 덕진구 호성로 18-7,063-247-3339,127.1527802,35.85430893,우아1동,exact_official_building_road,기존 주택 CSV의 건물 좌표; 음식점 자체 측량 좌표 아님
일층집,완산구 효자동3가,전북특별자치도 전주시 완산구 효자동3가 1536-5,전북특별자치도 전주시 완산구 홍산남로 69-7,063-221-6258,127.1093656,35.8164516,효자5동,exact_official_building_road,기존 주택 CSV의 건물 좌표; 음식점 자체 측량 좌표 아님
이룩,완산구 다가동4가,전북특별자치도 전주시 완산구 다가동4가 149-1,전북특별자치도 전주시 완산구 전주객사1길 101,0507-1483-3125,127.1379478,35.8207606,중앙동,exact_official_building_road,기존 주택 CSV의 건물 좌표; 음식점 자체 측량 좌표 아님
채선당도시락앤샐러드_전북대점,덕진구 덕진동,전북특별자치도 전주시 덕진구 덕진동1가 1275-19,전북특별자치도 전주시 덕진구 기린대로 487,063-273-3300,127.1246751,35.84277838,덕진동,exact_official_building_road,기존 주택 CSV의 건물 좌표; 음식점 자체 측량 좌표 아님
북경반점,완산구 서신동,전북특별자치도 전주시 완산구 서신동 801-19,전북특별자치도 전주시 완산구 서신천변15길 7-1,0503-6986-0321,127.113497,35.83161047,서신동,exact_official_building_road,기존 주택 CSV의 건물 좌표; 음식점 자체 측량 좌표 아님
객리단길오후그리고와인,완산구 다가동,전북특별자치도 전주시 완산구 다가동3가 64-24 지하1층,전북특별자치도 전주시 완산구 전주천동로 232 지하1층,0507-1349-3254,127.1395858,35.81710837,중앙동,exact_official_building_road,기존 주택 CSV의 건물 좌표; 음식점 자체 측량 좌표 아님
나애뜰,완산구 효자5동,전북특별자치도 전주시 완산구 효자동2가 791-4,전북특별자치도 전주시 완산구 쑥고개로 284-32,063-226-8655,127.0962649,35.79926049,효자4동,exact_official_building_road,기존 주택 CSV의 건물 좌표; 음식점 자체 측량 좌표 아님
정돈까스_서신점,완산구 서신동,전북특별자치도 전주시 완산구 서신동 963-6,전북특별자치도 전주시 완산구 서신로 103,063-251-9790,127.1155992,35.8346195,서신동,exact_official_building_road,기존 주택 CSV의 건물 좌표; 음식점 자체 측량 좌표 아님
띠아모커피_전주한옥마을점,완산구 풍남동,전북특별자치도 전주시 완산구 전동 303-7,전북특별자치도 전주시 완산구 풍남문2길 45,063-288-8240,127.1469239,35.8131825,풍남동,exact_official_building_road,기존 주택 CSV의 건물 좌표; 음식점 자체 측량 좌표 아님
달빛옥상,덕진구 송천동2가,전북특별자치도 전주시 덕진구 송천동2가 202-109,전북특별자치도 전주시 덕진구 천마산로 67-1,063-715-6034,127.1286268,35.86508736,송천1동,exact_official_building_road,기존 주택 CSV의 건물 좌표; 음식점 자체 측량 좌표 아님
아구세상_송천점,덕진구 송천동,전북특별자치도 전주시 덕진구 송천동2가 38-2,전북특별자치도 전주시 덕진구 동부대로 962,063-255-6305,127.1418118,35.86944529,송천1동,exact_official_building_road,기존 주택 CSV의 건물 좌표; 음식점 자체 측량 좌표 아님
1박2일광장,완산구 효자동2가,전북특별자치도 전주시 완산구 효자동2가 1329-5,전북특별자치도 전주시 완산구 우전1길 73,063-282-9011,127.1064107,35.8101464,효자4동,exact_official_building_road,기존 주택 CSV의 건물 좌표; 음식점 자체 측량 좌표 아님
도도랑_효자점,완산구 효자동2가,전북특별자치도 전주시 완산구 효자동2가 1330-2,전북특별자치도 전주시 완산구 우전1길 63,063-284-0033,127.1058674,35.8093718,효자4동,exact_official_building_road,기존 주택 CSV의 건물 좌표; 음식점 자체 측량 좌표 아님
Lutz,완산구 고사동,전북특별자치도 전주시 완산구 고사동 320-4 1층,"전북특별자치도 전주시 완산구 전주객사3길 91, 1층",010-3155-3189,127.1410725,35.8211682,중앙동,exact_official_building_road,기존 주택 CSV의 건물 좌표; 음식점 자체 측량 좌표 아님
전주옥_전주역점,덕진구 우아1동,전북특별자치도 전주시 덕진구 우아동3가 746-64,전북특별자치도 전주시 덕진구 백제대로 829,063-247-3090,127.158882,35.8490896,우아1동,exact_official_building_road,기존 주택 CSV의 건물 좌표; 음식점 자체 측량 좌표 아님
치킨마루_전북대점,덕진구 덕진동,전북특별자치도 전주시 덕진구 덕진동1가 1312-36,전북특별자치도 전주시 덕진구 덕진광장로 19,063-271-8592,127.1250413,35.8450048,덕진동,exact_official_building_road,기존 주택 CSV의 건물 좌표; 음식점 자체 측량 좌표 아님
488,완산구 효자동3가,전북특별자치도 전주시 완산구 효자동3가 1609-14 101호,전북특별자치도 전주시 완산구 홍산로 381 101호,0507-1313-4880,127.105627,35.82771268,효자5동,exact_official_building_road,기존 주택 CSV의 건물 좌표; 음식점 자체 측량 좌표 아님
굿베이크샵,완산구 고사동,전북특별자치도 전주시 완산구 고사동 291,전북특별자치도 전주시 완산구 전주객사3길 74-1,063-274-9296,127.1417529,35.820741,중앙동,exact_official_building_road,기존 주택 CSV의 건물 좌표; 음식점 자체 측량 좌표 아님
대게예쁘다,완산구 효자5동,전북특별자치도 전주시 완산구 효자동2가 1227-3 1층,전북특별자치도 전주시 완산구 우전로 260 1층,063-229-1984,127.102277,35.8177646,효자5동,exact_official_building_road,기존 주택 CSV의 건물 좌표; 음식점 자체 측량 좌표 아님
쪼오꼬,완산구 중앙동3가,전북특별자치도 전주시 완산구 중앙동3가 12-6,전북특별자치도 전주시 완산구 전주객사4길 6,063-232-7772,127.1442843,35.8180453,중앙동,exact_official_building_road,기존 주택 CSV의 건물 좌표; 음식점 자체 측량 좌표 아님
투리스타_만성점,덕진구 만성동,전북특별자치도 전주시 덕진구 만성동 1343-8 1층 106~9호,전북특별자치도 전주시 덕진구 만성북로 19 1층 106~9호,063-211-2258,127.0773491,35.84977053,여의동,exact_official_building_road,기존 주택 CSV의 건물 좌표; 음식점 자체 측량 좌표 아님
카페_빈타이_전북대점,덕진구 덕진동,전북특별자치도 전주시 덕진구 덕진동1가 1265-3,전북특별자치도 전주시 덕진구 명륜3길 10-4,063-277-4376,127.1276964,35.8420366,덕진동,exact_official_building_road,기존 주택 CSV의 건물 좌표; 음식점 자체 측량 좌표 아님
굽네치킨_송천에코,덕진구 송천동,전북특별자치도 전주시 덕진구 송천동1가 840-2,전북특별자치도 전주시 덕진구 송천로 112-42,0504-3143-8536,127.1183149,35.8628677,송천2동,exact_official_building_road,기존 주택 CSV의 건물 좌표; 음식점 자체 측량 좌표 아님
풍남수퍼,완산구 효자동3가,전북특별자치도 전주시 완산구 효자동3가 1539-6,전북특별자치도 전주시 완산구 홍산남로 81,063-282-4622,127.1108842,35.8160118,효자5동,exact_official_building_road,기존 주택 CSV의 건물 좌표; 음식점 자체 측량 좌표 아님
카페디테,완산구 효자5동,전북특별자치도 전주시 완산구 효자동3가 1652-7 1층,전북특별자치도 전주시 완산구 척동3길 2 1층,063-904-1667,127.0998,35.82230646,효자5동,exact_official_building_road,기존 주택 CSV의 건물 좌표; 음식점 자체 측량 좌표 아님
공차_전주신시가지점,완산구 효자동2가,전북특별자치도 전주시 완산구 효자동2가 1155-7,전북특별자치도 전주시 완산구 홍산남로62,063-228-1780,127.1087755,35.8155535,효자5동,exact_official_building_parcel,기존 주택 CSV의 건물 좌표; 음식점 자체 측량 좌표 아님
향기나는사람들점핑카페,완산구 효자동1가,전북특별자치도 전주시 완산구 효자동1가 636-2 성원골드맨션 상가,전북특별자치도 전주시 완산구 신봉로 74 성원골드맨션아파트 상가,063-224-7262,127.1222373,35.80877219,효자2동,exact_official_building_parcel,기존 주택 CSV의 건물 좌표; 음식점 자체 측량 좌표 아님
커피타래,덕진구 송천동,전북특별자치도 전주시 덕진구 송천동1가 826-5,전북특별자치도 전주시 덕진구 두간7길 10,063-276-0022,127.1167521,35.86451409,송천2동,exact_official_building_road,기존 주택 CSV의 건물 좌표; 음식점 자체 측량 좌표 아님
서곡세꼬시장어마을,완산구 효자동,전북특별자치도 전주시 완산구 효자동3가 1414-10,전북특별자치도 전주시 완산구 서곡5길 13-7,063-278-4051,127.1011376,35.8368967,효자5동,exact_official_building_road,기존 주택 CSV의 건물 좌표; 음식점 자체 측량 좌표 아님
60계치킨_전주아중인후우아점,덕진구 우아동2가,전북특별자치도 전주시 덕진구 우아동2가 866-1,전북특별자치도 전주시 덕진구 건산로 276,0504-2015-1592,127.1673359,35.835501,우아2동,exact_official_building_road,기존 주택 CSV의 건물 좌표; 음식점 자체 측량 좌표 아님
풍전콩나물국밥,완산구 풍남동,전북특별자치도 전주시 완산구 경원동2가 26-3,전북특별자치도 전주시 완산구 동문길 73,063-231-0730,127.1499909,35.8183298,풍남동,exact_official_building_road,기존 주택 CSV의 건물 좌표; 음식점 자체 측량 좌표 아님
밥맛나는세상_전주예수병원점,완산구 중화산동1가,전북특별자치도 전주시 완산구 중화산동1가 300 예수병원 암센터 1층,전북특별자치도 전주시 완산구 서원로 365 예수병원 암센터 1층,063-232-0077,127.1326112,35.81432735,중화산1동,exact_official_building_road,기존 주택 CSV의 건물 좌표; 음식점 자체 측량 좌표 아님
남문손칼국수,완산구 풍남동,전북특별자치도 전주시 완산구 전동3가 13-2,전북특별자치도 전주시 완산구 풍남문2길 56,063-224-1062,127.1463111,35.81323552,풍남동,exact_official_building_road,기존 주택 CSV의 건물 좌표; 음식점 자체 측량 좌표 아님
시장골목집_송천점,덕진구 송천1동,전북특별자치도 전주시 덕진구 송천동2가 1272,전북특별자치도 전주시 덕진구 붓내3길 19,063-277-9001,127.1236928,35.8668215,송천1동,exact_official_building_road,기존 주택 CSV의 건물 좌표; 음식점 자체 측량 좌표 아님
왕본참치,완산구 효자5동,전북특별자치도 전주시 완산구 효자동3가 1536-5,전북특별자치도 전주시 완산구 홍산남로 69-7,063-221-3792,127.1093656,35.8164516,효자5동,exact_official_building_road,기존 주택 CSV의 건물 좌표; 음식점 자체 측량 좌표 아님
명태항구_전주효자점,완산구 효자5동,전북특별자치도 전주시 완산구 효자동3가 1543-5,전북특별자치도 전주시 완산구 홍산2길 17,063-224-9295,127.1108941,35.81488098,효자5동,exact_official_building_road,기존 주택 CSV의 건물 좌표; 음식점 자체 측량 좌표 아님
구스커피바,완산구 다가동,전북특별자치도 전주시 완산구 다가동3가 83 2층,"전북특별자치도 전주시 완산구 충경로 4, 2층",0507-1385-5986,127.1401135,35.8164001,중앙동,exact_official_building_road,기존 주택 CSV의 건물 좌표; 음식점 자체 측량 좌표 아님
새참국수,완산구 고사동,전북특별자치도 전주시 완산구 고사동 257-5,전북특별자치도 전주시 완산구 전주객사4길 100,063-278-6188,127.142886,35.82203505,중앙동,exact_official_building_road,기존 주택 CSV의 건물 좌표; 음식점 자체 측량 좌표 아님
기브앤케이크,완산구 효자동3가,전북특별자치도 전주시 완산구 효자동3가 1682-7 평화스토리2 1층,전북특별자치도 전주시 완산구 배학2길 11 평화스토리2 1층,063-222-8581,127.098094,35.819125,효자5동,exact_official_building_road,기존 주택 CSV의 건물 좌표; 음식점 자체 측량 좌표 아님
신흥반점,완산구 서신동,전북특별자치도 전주시 완산구 서신동 854-8,전북특별자치도 전주시 완산구 전룡로 22-6,0507-0090-7690,127.1152882,35.82578316,서신동,exact_official_building_road,기존 주택 CSV의 건물 좌표; 음식점 자체 측량 좌표 아님
대승곱창,덕진구 송천2동,전북특별자치도 전주시 덕진구 송천동2가 1330-9,"전북특별자치도 전주시 덕진구 세병2길 30, 1층 103호",063-272-8293,127.1269543,35.8725424,송천1동,exact_official_building_road,기존 주택 CSV의 건물 좌표; 음식점 자체 측량 좌표 아님
맥주의전설_송천점,덕진구 송천2동,전북특별자치도 전주시 덕진구 송천동2가 247-4,전북특별자치도 전주시 덕진구 붓내3길 14,063-903-2604,127.1227033,35.8665272,송천1동,exact_official_building_road,기존 주택 CSV의 건물 좌표; 음식점 자체 측량 좌표 아님
스윗플랜트_신시가지점,완산구 효자5동,전북특별자치도 전주시 완산구 효자동2가 1242-1,전북특별자치도 전주시 완산구 홍산남로 14,063-222-8717,127.1032155,35.8155483,효자5동,exact_official_building_road,기존 주택 CSV의 건물 좌표; 음식점 자체 측량 좌표 아님
이레팥죽,완산구 중화산동,전북특별자치도 전주시 완산구 중화산동2가 548-6,전북특별자치도 전주시 완산구 따박골로 38,063-222-3372,127.1270917,35.809462,중화산1동,exact_official_building_road,기존 주택 CSV의 건물 좌표; 음식점 자체 측량 좌표 아님
한우야정육식당,완산구 서신동,전북특별자치도 전주시 완산구 서신동 948-18,전북특별자치도 전주시 완산구 고사평로 18,063-275-6492,127.1096607,35.8355482,서신동,exact_official_building_road,기존 주택 CSV의 건물 좌표; 음식점 자체 측량 좌표 아님
청년다방_전주에코시티점,덕진구 송천2동,전북특별자치도 전주시 덕진구 송천동2가 1326-12,"전북특별자치도 전주시 덕진구 세병남로 37, 1층 106호",063-253-2030,127.1276561,35.8730761,송천1동,exact_official_building_road,기존 주택 CSV의 건물 좌표; 음식점 자체 측량 좌표 아님
마실밥상,덕진구 우아동2가,전북특별자치도 전주시 덕진구 우아동2가 918-5,전북특별자치도 전주시 덕진구 아중1길 24,063-241-9696,127.1723854,35.82888412,우아2동,exact_official_building_road,기존 주택 CSV의 건물 좌표; 음식점 자체 측량 좌표 아님
완산한우곱창,완산구 효자동1가,전북특별자치도 전주시 완산구 효자동1가 296-119,전북특별자치도 전주시 완산구 오두정길 11,063-223-3075,127.1195883,35.80716654,효자2동,exact_official_building_road,기존 주택 CSV의 건물 좌표; 음식점 자체 측량 좌표 아님
포차나,완산구 효자동2가,전북특별자치도 전주시 완산구 효자동2가 1305-6,"전북특별자치도 전주시 완산구 봉곡로 4, 1층",0507-1319-4211,127.0941917,35.8116671,효자4동,exact_official_building_road,기존 주택 CSV의 건물 좌표; 음식점 자체 측량 좌표 아님
어반다이닝,덕진구 우아동3가,전북특별자치도 전주시 덕진구 우아동3가 750-1,전북특별자치도 전주시 덕진구 도당산4길 65,063-245-8020,127.1545528,35.84584007,우아1동,exact_official_building_road,기존 주택 CSV의 건물 좌표; 음식점 자체 측량 좌표 아님
장미맨숀_하가지구,덕진구 덕진동,전북특별자치도 전주시 덕진구 덕진동2가 672-9,전북특별자치도 전주시 덕진구 가리내8길 4,010-2488-0089,127.1113489,35.84361809,덕진동,exact_official_building_road,기존 주택 CSV의 건물 좌표; 음식점 자체 측량 좌표 아님
갓블랙,완산구 효자동,전북특별자치도 전주시 완산구 효자동3가 1724-4 기정빌딩 101,전북특별자치도 전주시 완산구 서원로 2 기정빌딩 101,063-236-4746,127.0946911,35.8133863,효자4동,exact_official_building_road,기존 주택 CSV의 건물 좌표; 음식점 자체 측량 좌표 아님
백대불고기,완산구 중화산동2가,전북특별자치도 전주시 완산구 중화산동2가 780-5,전북특별자치도 전주시 완산구 신촌3길 8,063-225-9201,127.1173428,35.81712763,중화산2동,exact_official_building_road,기존 주택 CSV의 건물 좌표; 음식점 자체 측량 좌표 아님
벌크커피_효자점,완산구 효자동1가,전북특별자치도 전주시 완산구 효자동1가 663-8,전북특별자치도 전주시 완산구 효자천변1길 26-11,0507-1338-8879,127.1141196,35.79942921,효자3동,exact_official_building_road,기존 주택 CSV의 건물 좌표; 음식점 자체 측량 좌표 아님
황가네닭발숯불꼼장어_효자휴먼시아점,완산구 효자4동,전북특별자치도 전주시 완산구 효자동2가 1309-4,전북특별자치도 전주시 완산구 후곡길 17,063-229-2111,127.0955002,35.810197,효자4동,exact_official_building_road,기존 주택 CSV의 건물 좌표; 음식점 자체 측량 좌표 아님
고기1번지,덕진구 송천2동,전북특별자치도 전주시 덕진구 송천동1가 824-2 1층,전북특별자치도 전주시 덕진구 두간로 16 1층,0507-1344-8624,127.1162332,35.8651883,송천2동,exact_official_building_road,기존 주택 CSV의 건물 좌표; 음식점 자체 측량 좌표 아님
빽다방_전주서신중앙점,완산구 서신동,전북특별자치도 전주시 완산구 서신동 764-2,전북특별자치도 전주시 완산구 당산로 39,0507-1327-2233,127.1127268,35.832345,서신동,exact_official_building_road,기존 주택 CSV의 건물 좌표; 음식점 자체 측량 좌표 아님
마시랑게,완산구 효자5동,전북특별자치도 전주시 완산구 전동 64-1 2층,전북특별자치도 전주시 완산구 전동성당길 100 2층,010-4114-8558,127.1488088,35.8145437,풍남동,exact_official_building_road,기존 주택 CSV의 건물 좌표; 음식점 자체 측량 좌표 아님
돼지막_서신점,완산구 서신동,전북특별자치도 전주시 완산구 서신동  806-12,전북특별자치도 전주시 완산구 안터6길 33,063-277-3392,127.1169726,35.8304657,서신동,exact_official_building_road,기존 주택 CSV의 건물 좌표; 음식점 자체 측량 좌표 아님
곰갈비,완산구 서신동,전북특별자치도 전주시 완산구 서신동 952-7,전북특별자치도 전주시 완산구 고사평2길 17,063-272-9288,127.1112984,35.8344352,서신동,exact_official_building_road,기존 주택 CSV의 건물 좌표; 음식점 자체 측량 좌표 아님
금색돼지,완산구 효자5동,"전북특별자치도 전주시 완산구 효자동3가 1527-10 105호, 106호","전북특별자치도 전주시 완산구 홍산중앙로 47 105호, 106호",063-236-6692,127.1087716,35.8178974,효자5동,exact_official_building_road,기존 주택 CSV의 건물 좌표; 음식점 자체 측량 좌표 아님
1930한잔,완산구 풍남동,전북특별자치도 전주시 완산구 경원동3가 90-6,전북특별자치도 전주시 완산구 현무2길 14-14,063-232-1930,127.1505976,35.82013385,풍남동,exact_official_building_road,기존 주택 CSV의 건물 좌표; 음식점 자체 측량 좌표 아님
가락숯불구이,덕진구 우아동1가,전북특별자치도 전주시 덕진구 우아동1가 1091-1,전북특별자치도 전주시 덕진구 인교2길 11,063-246-5782,127.1708976,35.82721546,우아2동,exact_official_building_road,기존 주택 CSV의 건물 좌표; 음식점 자체 측량 좌표 아님
런드리95,완산구 효자5동,전북특별자치도 전주시 완산구 효자동2가 880-7 1층 101호,전북특별자치도 전주시 완산구 쑥고개로 229 1층 101호,010-3004-9992,127.0913768,35.80005292,효자4동,exact_official_building_road,기존 주택 CSV의 건물 좌표; 음식점 자체 측량 좌표 아님
맛깔참죽_전주병원점,완산구 중화산동2가,전북특별자치도 전주시 완산구 중화산동2가 660-4,전북특별자치도 전주시 완산구 한두평3길 11,063-228-6088,127.1241944,35.81495142,중화산1동,exact_official_building_road,기존 주택 CSV의 건물 좌표; 음식점 자체 측량 좌표 아님
달리는커피_전주효자1호점,완산구 효자동,전북특별자치도 전주시 완산구 효자동2가 131-15,전북특별자치도 전주시 완산구 우전2길 46-1,063-225-7750,127.1071036,35.80848967,효자4동,exact_official_building_road,기존 주택 CSV의 건물 좌표; 음식점 자체 측량 좌표 아님
마이산쌈밥,완산구 중화산동2가,전북특별자치도 전주시 완산구 중화산동2가 597-7,전북특별자치도 전주시 완산구 중산6길 15-4,063-223-0890,127.1220493,35.8172066,중화산2동,exact_official_building_road,기존 주택 CSV의 건물 좌표; 음식점 자체 측량 좌표 아님
메가커피_전주송천점,덕진구 송천동,전북특별자치도 전주시 덕진구 송천동2가 220-8,전북특별자치도 전주시 덕진구 솔내로 184,063-255-5868,127.1274216,35.8663634,송천1동,exact_official_building_road,기존 주택 CSV의 건물 좌표; 음식점 자체 측량 좌표 아님
한쌈_중화산점,완산구 중화산동2가,전북특별자치도 전주시 완산구 중화산동2가 497-2,전북특별자치도 전주시 완산구 효자로 270,0507-1373-3678,127.1150445,35.81881424,중화산2동,exact_official_building_road,기존 주택 CSV의 건물 좌표; 음식점 자체 측량 좌표 아님
김복남맥주1995_신시가지점,완산구 효자동,전북특별자치도 전주시 완산구 효자동3가 1534-3,전북특별자치도 전주시 완산구 홍산남로 51,0507-1359-8558,127.1074916,35.8160146,효자5동,exact_official_building_road,기존 주택 CSV의 건물 좌표; 음식점 자체 측량 좌표 아님
카페리코,완산구 효자5동,전북특별자치도 전주시 완산구 효자동3가 1446-1 1층,전북특별자치도 전주시 완산구 서곡4길 23-2 1층,063-251-5101,127.1038153,35.83431482,효자5동,exact_official_building_road,기존 주택 CSV의 건물 좌표; 음식점 자체 측량 좌표 아님
5.5닭갈비_송천점,덕진구 송천2동,전북특별자치도 전주시 덕진구 송천동2가 486,전북특별자치도 전주시 덕진구 송천중앙로 226,063-255-1123,127.1219601,35.8672228,송천1동,exact_official_building_road,기존 주택 CSV의 건물 좌표; 음식점 자체 측량 좌표 아님
88켄터키치킨_한옥마을점,완산구 풍남동,전북특별자치도 전주시 완산구 경원동2가 62,전북특별자치도 전주시 완산구 경기전길 46,063-288-9288,127.1503385,35.8174014,풍남동,exact_official_building_road,기존 주택 CSV의 건물 좌표; 음식점 자체 측량 좌표 아님
리프커피랩,완산구 효자5동,전북특별자치도 전주시 완산구 효자동2가 1239-1 1층,전북특별자치도 전주시 완산구 홍산로 263 1층,010-7135-6067,127.1054984,35.8173005,효자5동,exact_official_building_parcel,기존 주택 CSV의 건물 좌표; 음식점 자체 측량 좌표 아님
첨단공원국밥_전주혁신점,덕진구 혁신동,전북특별자치도 전주시 덕진구 혁신동  777-3,전북특별자치도 전주시 덕진구 오공로 43-48,063-237-0544,127.0605586,35.8372898,혁신동,exact_official_building_road,기존 주택 CSV의 건물 좌표; 음식점 자체 측량 좌표 아님
한국콩나물국밥,완산구 중화산동2가,전북특별자치도 전주시 완산구 중화산동2가 774-1,전북특별자치도 전주시 완산구 신촌4길 18-10,063-236-3188,127.1163152,35.8186051,중화산2동,exact_official_building_road,기존 주택 CSV의 건물 좌표; 음식점 자체 측량 좌표 아님
할리스_서전주DT점,완산구 효자5동,전북특별자치도 전주시 완산구 효자동3가 1045-50 A동 1~2층,전북특별자치도 전주시 완산구 유연로 5 A동 1~2층,063-901-0802,127.0863603,35.82174555,효자5동,exact_official_building_road,기존 주택 CSV의 건물 좌표; 음식점 자체 측량 좌표 아님
카페메르헨,완산구 효자동3가,전북특별자치도 전주시 완산구 효자동3가 1481-7,전북특별자치도 전주시 완산구 서곡7길 3-10,0507-1315-1639,127.1030396,35.8318163,효자5동,exact_official_building_road,기존 주택 CSV의 건물 좌표; 음식점 자체 측량 좌표 아님
짝태앤노가리_서신점,완산구 서신동,전북특별자치도 전주시 완산구 서신동 937-4,전북특별자치도 전주시 완산구 새터로 22,063-252-5305,127.1089285,35.83633565,서신동,exact_official_building_road,기존 주택 CSV의 건물 좌표; 음식점 자체 측량 좌표 아님
주인테이블,덕진구 덕진동,전북특별자치도 전주시 덕진구 덕진동1가 1312-68 1층,전북특별자치도 전주시 덕진구 명륜5길 19-6 1층,063-252-9232,127.1256611,35.8446195,덕진동,exact_official_building_road,기존 주택 CSV의 건물 좌표; 음식점 자체 측량 좌표 아님
황산벌연탄구이,덕진구 송천1동,전북특별자치도 전주시 덕진구 송천동2가 202-26,전북특별자치도 전주시 덕진구 솔내로 164,063-272-5534,127.1272554,35.8646696,송천1동,exact_official_building_road,기존 주택 CSV의 건물 좌표; 음식점 자체 측량 좌표 아님
수상한커리,완산구 서신동,전북특별자치도 전주시 완산구 서신동  921-6,전북특별자치도 전주시 완산구 고사평7길 6,063-271-8686,127.1099572,35.8374199,서신동,exact_official_building_road,기존 주택 CSV의 건물 좌표; 음식점 자체 측량 좌표 아님
위너분식,완산구 효자5동,전북특별자치도 전주시 완산구 효자동3가 1531-3,"전북특별자치도 전주시 완산구 홍산로 254, 4층 일부",010-4925-9690,127.1064512,35.81637131,효자5동,exact_official_building_road,기존 주택 CSV의 건물 좌표; 음식점 자체 측량 좌표 아님
명륜진사갈비_중화산점,완산구 중화산동,전북특별자치도 전주시 완산구 중화산동2가 729-4,전북특별자치도 전주시 완산구 유연로 304,063-225-4464,127.1187287,35.8251087,중화산2동,exact_official_building_road,기존 주택 CSV의 건물 좌표; 음식점 자체 측량 좌표 아님
성완각,덕진구 산정동,전북특별자치도 전주시 덕진구 산정동 875-4,전북특별자치도 전주시 덕진구 동부대로 517,050-7964-0853,127.1709134,35.83741844,우아2동,exact_official_building_road,기존 주택 CSV의 건물 좌표; 음식점 자체 측량 좌표 아님
남원논두렁추어탕,완산구 중화산동2가,전북특별자치도 전주시 완산구 중화산동2가 571-4,전북특별자치도 전주시 완산구 백제대로 313,063-223-0009,127.1222784,35.8211385,중화산2동,exact_official_building_road,기존 주택 CSV의 건물 좌표; 음식점 자체 측량 좌표 아님
림밀,완산구 효자5동,전북특별자치도 전주시 완산구 효자동3가 1527-5 청담스토리빌딩 1층 101호,전북특별자치도 전주시 완산구 홍산3길 11 청담스토리빌딩 1층 101호,063-715-5292,127.1078106,35.8182787,효자5동,exact_official_building_road,기존 주택 CSV의 건물 좌표; 음식점 자체 측량 좌표 아님
임실엔치즈핫도그,덕진구 혁신동,전북특별자치도 전주시 덕진구 혁신동 774-5,전북특별자치도 전주시 덕진구 안전로 154,0507-1437-7179,127.0589816,35.8377245,혁신동,exact_official_building_road,기존 주택 CSV의 건물 좌표; 음식점 자체 측량 좌표 아님
송원정,완산구 효자동2가,전북특별자치도 전주시 완산구 효자동2가 1323-5,전북특별자치도 전주시 완산구 소태정4길 19-4,063-222-6013,127.1024083,35.805269,효자4동,exact_official_building_road,기존 주택 CSV의 건물 좌표; 음식점 자체 측량 좌표 아님
효천골,완산구 효자동2가,전북특별자치도 전주시 완산구 효자동2가 1202-6,전북특별자치도 전주시 완산구 소태정5길 17-12,063-288-2356,127.0988332,35.8034783,효자4동,exact_official_building_road,기존 주택 CSV의 건물 좌표; 음식점 자체 측량 좌표 아님
피슈마라홍탕_효자점,완산구 효자동2가,전북특별자치도 전주시 완산구 효자동2가 1231-6,전북특별자치도 전주시 완산구 홍산북로 29-3,063-227-8010,127.1049493,35.8177605,효자5동,exact_official_building_road,기존 주택 CSV의 건물 좌표; 음식점 자체 측량 좌표 아님
곰푸드,완산구 효자4동,전북특별자치도 전주시 완산구 효자동2가 1316-4,전북특별자치도 전주시 완산구 호암로 91,063-229-9002,127.1042646,35.8084983,효자4동,exact_official_building_road,기존 주택 CSV의 건물 좌표; 음식점 자체 측량 좌표 아님
불땡고기주는국수집,완산구 효자동3가,전북특별자치도 전주시 완산구 효자동3가 1169-5,전북특별자치도 전주시 완산구 효자로 52-2,063-224-5556,127.091195,35.8182109,효자4동,exact_official_building_road,기존 주택 CSV의 건물 좌표; 음식점 자체 측량 좌표 아님
토지원,완산구 효자3동,전북특별자치도 전주시 완산구 효자동3가 1414-12,전북특별자치도 전주시 완산구 서곡5길 13-3,063-272-1010,127.1013152,35.83714431,효자5동,exact_official_building_road,기존 주택 CSV의 건물 좌표; 음식점 자체 측량 좌표 아님
소담식당,완산구 서신동,전북특별자치도 전주시 완산구 서신동 895-2,전북특별자치도 전주시 완산구 유연로 313,063-903-7733,127.1198069,35.82549181,서신동,exact_official_building_road,기존 주택 CSV의 건물 좌표; 음식점 자체 측량 좌표 아님
냉고르,덕진구 덕진동,전북특별자치도 전주시 덕진구 덕진동1가 1277-14 2층,전북특별자치도 전주시 덕진구 명륜5길 9,063-227-6393,127.1253069,35.84371132,덕진동,exact_official_building_road,기존 주택 CSV의 건물 좌표; 음식점 자체 측량 좌표 아님
"오늘,고기",완산구 효자5동,전북특별자치도 전주시 완산구 효자동3가 1643-9 1층,전북특별자치도 전주시 완산구 우전로 302 1층,063-221-2033,127.1021781,35.82144094,효자5동,exact_official_building_road,기존 주택 CSV의 건물 좌표; 음식점 자체 측량 좌표 아님
남근숯불갈비,완산구 중화산동2가,전북특별자치도 전주시 완산구 중화산동2가 780-3,전북특별자치도 전주시 완산구 신촌3길 10-4,063-226-3500,127.1171747,35.81731567,중화산2동,exact_official_building_road,기존 주택 CSV의 건물 좌표; 음식점 자체 측량 좌표 아님
올웨더쿠키,완산구 효자5동,전북특별자치도 전주시 완산구 효자동3가 1683-2 1층,전북특별자치도 전주시 완산구 배학4길 18 1층,063-228-1110,127.09882,35.8197673,효자5동,exact_official_building_road,기존 주택 CSV의 건물 좌표; 음식점 자체 측량 좌표 아님
신호등연탄구이,완산구 효자동2가,전북특별자치도 전주시 완산구 효자동2가 1238-4,전북특별자치도 전주시 완산구 홍산남로 19,063-229-0911,127.1039778,35.8160215,효자5동,exact_official_building_road,기존 주택 CSV의 건물 좌표; 음식점 자체 측량 좌표 아님
곰소어간장,완산구 중화산동2가,전북특별자치도 전주시 완산구 중화산동2가 755-10,전북특별자치도 전주시 완산구 효자로 293,063-227-0355,127.1176576,35.8192985,중화산2동,exact_official_building_road,기존 주택 CSV의 건물 좌표; 음식점 자체 측량 좌표 아님
전주할매국밥,완산구 고사동,전북특별자치도 전주시 완산구 고사동 81,전북특별자치도 전주시 완산구 전주객사5길 13-4,063-282-8885,127.1451113,35.81885121,중앙동,exact_official_building_road,기존 주택 CSV의 건물 좌표; 음식점 자체 측량 좌표 아님
하루온찬상공점,완산구 효자동3가,전북특별자치도 전주시 완산구 효자동3가 1525-2,전북특별자치도 전주시 완산구 홍산로 276,063-224-9300,127.1064669,35.8182384,효자5동,exact_official_building_road,기존 주택 CSV의 건물 좌표; 음식점 자체 측량 좌표 아님
장미맨숀_본점,완산구 효자동,전북특별자치도 전주시 완산구 효자동3가 1529-8,전북특별자치도 전주시 완산구 홍산북로 59-7,063-228-9769,127.108348,35.8178538,효자5동,exact_official_building_road,기존 주택 CSV의 건물 좌표; 음식점 자체 측량 좌표 아님
민성민물장어,완산구 서신동,전북특별자치도 전주시 완산구 서신동 935-2,전북특별자치도 전주시 완산구 새터로 39-1,063-251-0592,127.1110609,35.8357864,서신동,exact_official_building_road,기존 주택 CSV의 건물 좌표; 음식점 자체 측량 좌표 아님
시원칼국수,완산구 효자동2가,전북특별자치도 전주시 완산구 효자동2가 1165-1,전북특별자치도 전주시 완산구 범안1길 7-27,063-228-2005,127.1096208,35.8131603,효자4동,exact_official_building_road,기존 주택 CSV의 건물 좌표; 음식점 자체 측량 좌표 아님
비화실,완산구 효자동,전북특별자치도 전주시 완산구 효자동1가 630-1 1층,전북특별자치도 전주시 완산구 밤나무1길 8-5,063-909-0188,127.1163421,35.80954927,효자2동,exact_official_building_road,기존 주택 CSV의 건물 좌표; 음식점 자체 측량 좌표 아님
매운상회,덕진구 우아동3가,전북특별자치도 전주시 덕진구 우아동3가 743-1,전북특별자치도 전주시 덕진구 견훤로 510,0507-1365-9914,127.1563982,35.85557815,우아1동,exact_official_building_road,기존 주택 CSV의 건물 좌표; 음식점 자체 측량 좌표 아님
신포우리만두,완산구 고사동,전북특별자치도 전주시 완산구 고사동 132-1,전북특별자치도 전주시 완산구 전주객사4길 24-5,063-288-7428,127.144178,35.8190614,중앙동,exact_official_building_road,기존 주택 CSV의 건물 좌표; 음식점 자체 측량 좌표 아님
목포홍어횟집,완산구 중화산동2가,전북특별자치도 전주시 완산구 중화산동2가 533-2,전북특별자치도 전주시 완산구 산월1길 13,063-225-1519,127.1216629,35.81270674,중화산2동,exact_official_building_road,기존 주택 CSV의 건물 좌표; 음식점 자체 측량 좌표 아님
디핀,완산구 중앙동3가,전북특별자치도 전주시 완산구 중앙동3가 98,전북특별자치도 전주시 완산구 전라감영4길 16-16,070-4063-1997,127.1451667,35.81676957,중앙동,exact_official_building_road,기존 주택 CSV의 건물 좌표; 음식점 자체 측량 좌표 아님
양파링,덕진구 덕진동,전북특별자치도 전주시 덕진구 덕진동1가 1277-2,전북특별자치도 전주시 덕진구 명륜5길 15-5,0507-1337-8618,127.1251737,35.8440107,덕진동,exact_official_building_road,기존 주택 CSV의 건물 좌표; 음식점 자체 측량 좌표 아님
로프,완산구 중화산동,전북특별자치도 전주시 완산구 중화산동2가 764-6,전북특별자치도 전주시 완산구 화산천변1길 18,063-228-2193,127.1143791,35.8194941,중화산2동,exact_official_building_road,기존 주택 CSV의 건물 좌표; 음식점 자체 측량 좌표 아님
만나별미,완산구 효자동1가,전북특별자치도 전주시 완산구 효자동1가  579-1,전북특별자치도 전주시 완산구 거마평로 122,063-224-9529,127.1170026,35.8032676,효자2동,exact_official_building_road,기존 주택 CSV의 건물 좌표; 음식점 자체 측량 좌표 아님
더리터_근영점,완산구 중화산동2가,전북특별자치도 전주시 완산구 중화산동2가 653,전북특별자치도 전주시 완산구 영경2길 15,063-225-1220,127.1238088,35.8178238,중화산2동,exact_official_building_road,기존 주택 CSV의 건물 좌표; 음식점 자체 측량 좌표 아님
충만치킨_전주본병원점,완산구 서신동,전북특별자치도 전주시 완산구 서신동 855,전북특별자치도 전주시 완산구 서신로 9,063-255-6688,127.1155891,35.826125,서신동,exact_official_building_road,기존 주택 CSV의 건물 좌표; 음식점 자체 측량 좌표 아님
누룩_전북대점,덕진구 덕진동,전북특별자치도 전주시 덕진구 덕진동1가 1314-183 1층,전북특별자치도 전주시 덕진구 명륜3길 18-5 1층,0507-1395-3858,127.128431,35.84247215,덕진동,exact_official_building_road,기존 주택 CSV의 건물 좌표; 음식점 자체 측량 좌표 아님
루나세라,완산구 서신동,전북특별자치도 전주시 완산구 서신동 863-5,전북특별자치도 전주시 완산구 전룡2길 4-15,063-252-3697,127.1179007,35.82573023,서신동,exact_official_building_road,기존 주택 CSV의 건물 좌표; 음식점 자체 측량 좌표 아님
자성화맛집코다리네_송천에코점,덕진구 송천동,"전북특별자치도 전주시 덕진구 송천동2가 1327-6 베스트타워 203,204호","전북특별자치도 전주시 덕진구 세병1길 36 베스트타워 203,204호",063-272-7707,127.1274238,35.8737048,송천1동,exact_official_building_road,기존 주택 CSV의 건물 좌표; 음식점 자체 측량 좌표 아님
자금성,덕진구 송천1동,전북특별자치도 전주시 덕진구 송천동2가 485,전북특별자치도 전주시 덕진구 송천중앙로 222,063-277-9966,127.1219725,35.86705792,송천1동,exact_official_building_road,기존 주택 CSV의 건물 좌표; 음식점 자체 측량 좌표 아님
홍참치,덕진구 우아동2가,전북특별자치도 전주시 덕진구 우아동2가 860-6,전북특별자치도 전주시 덕진구 건산로 261,0507-1485-3738,127.1657754,35.83549019,우아2동,exact_official_building_road,기존 주택 CSV의 건물 좌표; 음식점 자체 측량 좌표 아님
효자문식당,완산구 고사동,전북특별자치도 전주시 완산구 고사동 378-5,전북특별자치도 전주시 완산구 전주객사4길 43-24,063-284-4236,127.1429313,35.8196062,중앙동,exact_official_building_road,기존 주택 CSV의 건물 좌표; 음식점 자체 측량 좌표 아님
취팔선객잔,완산구 효자동,전북특별자치도 전주시 완산구 효자동3가 1627-7,전북특별자치도 전주시 완산구 우전로 336,063-224-4798,127.1021651,35.82455937,효자5동,exact_official_building_road,기존 주택 CSV의 건물 좌표; 음식점 자체 측량 좌표 아님
호박촌,완산구 효자동1가,전북특별자치도 전주시 완산구 효자동1가 411-1,전북특별자치도 전주시 완산구 용머리로 15,0507-0090-0838,127.1124318,35.8062788,효자3동,exact_official_building_road,기존 주택 CSV의 건물 좌표; 음식점 자체 측량 좌표 아님
컬러인커피_예수병원점,완산구 중화산동1가,전북특별자치도 전주시 완산구 중화산동1가 300,전북특별자치도 전주시 완산구 서원로 365,063-285-2744,127.1326112,35.81432735,중화산1동,exact_official_building_road,기존 주택 CSV의 건물 좌표; 음식점 자체 측량 좌표 아님
순아곱창,덕진구 송천2동,전북특별자치도 전주시 덕진구 송천동2가 179-116,"전북특별자치도 전주시 덕진구 사근1길 31, 1층 108호",063-251-9091,127.1305541,35.8666658,송천1동,exact_official_building_road,기존 주택 CSV의 건물 좌표; 음식점 자체 측량 좌표 아님
바른치킨_전주에코시티점,덕진구 송천2동,전북특별자치도 전주시 덕진구 송천동2가 1308 103호,전북특별자치도 전주시 덕진구 세병로 111 103호,063-902-5851,127.1352343,35.87454465,송천1동,exact_official_building_road,기존 주택 CSV의 건물 좌표; 음식점 자체 측량 좌표 아님
더스토리프렌즈,완산구 효자4동,전북특별자치도 전주시 완산구 효자동2가 1205-3,전북특별자치도 전주시 완산구 소태정5길 9-12,063-222-5055,127.0994755,35.80397137,효자4동,exact_official_building_road,기존 주택 CSV의 건물 좌표; 음식점 자체 측량 좌표 아님
막이오름_객리단길점,완산구 다가동,전북특별자치도 전주시 완산구 다가동4가 80-1 2층,"전북특별자치도 전주시 완산구 전주객사2길 59, 2층",070-7543-9175,127.1400505,35.8192563,중앙동,exact_official_building_road,기존 주택 CSV의 건물 좌표; 음식점 자체 측량 좌표 아님
햇살_도청점,완산구 효자5동,전북특별자치도 전주시 완산구 효자동3가 1534-6,전북특별자치도 전주시 완산구 홍산남로 59,063-227-9494,127.1083251,35.8160202,효자5동,exact_official_building_road,기존 주택 CSV의 건물 좌표; 음식점 자체 측량 좌표 아님
모두랑_전북대점,덕진구 덕진동,전북특별자치도 전주시 덕진구 덕진동1가 1312-6,전북특별자치도 전주시 덕진구 명륜4길 21-6,063-909-5201,127.1264364,35.8442058,덕진동,exact_official_building_road,기존 주택 CSV의 건물 좌표; 음식점 자체 측량 좌표 아님
할리스_전주아중점,덕진구 우아동2가,전북특별자치도 전주시 덕진구 우아동2가 915-14,전북특별자치도 전주시 덕진구 아중로 193,063-241-2007,127.1704264,35.82782511,우아2동,exact_official_building_road,기존 주택 CSV의 건물 좌표; 음식점 자체 측량 좌표 아님
선뜻카페,완산구 효자4동,전북특별자치도 전주시 완산구 효자동3가 1184-22,전북특별자치도 전주시 완산구 백마산길 19-4,063-236-1324,127.0910165,35.81713906,효자4동,exact_official_building_road,기존 주택 CSV의 건물 좌표; 음식점 자체 측량 좌표 아님
커피에반하다_전주덕진점,덕진구 덕진동,전북특별자치도 전주시 덕진구 덕진동2가 667-1,전북특별자치도 전주시 덕진구 추탄로 50,063-252-1512,127.1093079,35.8452469,덕진동,exact_official_building_road,기존 주택 CSV의 건물 좌표; 음식점 자체 측량 좌표 아님
육쌈냉면_전북대점,덕진구 덕진동,전북특별자치도 전주시 덕진구 덕진동1가 1314-168,전북특별자치도 전주시 덕진구 명륜4길 21-1,063-253-6392,127.1267479,35.843789,덕진동,exact_official_building_road,기존 주택 CSV의 건물 좌표; 음식점 자체 측량 좌표 아님
오술차_전주신시가지점,완산구 효자5동,전북특별자치도 전주시 완산구 효자동3가 1535-1,전북특별자치도 전주시 완산구 홍산중앙로 41,063-224-5901,127.1087633,35.8173192,효자5동,exact_official_building_road,기존 주택 CSV의 건물 좌표; 음식점 자체 측량 좌표 아님
손가네바지락칼국수,덕진구 송천1동,전북특별자치도 전주시 덕진구 송천동1가 485-6,전북특별자치도 전주시 덕진구 솔내8길 8,063-276-1154,127.1221725,35.8610071,송천1동,exact_official_building_road,기존 주택 CSV의 건물 좌표; 음식점 자체 측량 좌표 아님
놀숲_전주신시가지점,완산구 효자동,전북특별자치도 전주시 완산구 효자동2가 1155-4 6층,전북특별자치도 전주시 완산구 홍산남로 54 6층,063-226-1130,127.1078369,35.8155702,효자5동,exact_official_building_road,기존 주택 CSV의 건물 좌표; 음식점 자체 측량 좌표 아님
김돈이_아중점,덕진구 우아동2가,전북특별자치도 전주시 덕진구 우아동2가 862-3,전북특별자치도 전주시 덕진구 건산로 269,063-278-7458,127.1664263,35.83569299,우아2동,exact_official_building_road,기존 주택 CSV의 건물 좌표; 음식점 자체 측량 좌표 아님
돔베초밥,덕진구 우아동2가,전북특별자치도 전주시 덕진구 우아동2가 933-8,전북특별자치도 전주시 덕진구 아중로 231,063-241-5566,127.1741429,35.82910349,우아2동,exact_official_building_road,기존 주택 CSV의 건물 좌표; 음식점 자체 측량 좌표 아님
마당김밥_서신직영점,완산구 서신동,전북특별자치도 전주시 완산구 서신동 1044 서신 아이파크 e-편한세상,전북특별자치도 전주시 완산구 전주천서로 445 서신 아이파크 e-편한세상,063-275-0217,127.1259726,35.83144032,서신동,exact_official_building_road,기존 주택 CSV의 건물 좌표; 음식점 자체 측량 좌표 아님
니하오,완산구 효자4동,전북특별자치도 전주시 완산구 효자동3가 1734-1,전북특별자치도 전주시 완산구 봉곡1길 4,063-225-8582,127.0972087,35.8131546,효자4동,exact_official_building_road,기존 주택 CSV의 건물 좌표; 음식점 자체 측량 좌표 아님
16시간,완산구 효자5동,전북특별자치도 전주시 완산구 효자동2가 884-2 2층,전북특별자치도 전주시 완산구 쑥고개로 245 2층,010-4474-3604,127.0923179,35.79999692,효자4동,exact_official_building_road,기존 주택 CSV의 건물 좌표; 음식점 자체 측량 좌표 아님
힘멜,완산구 효자동3가,전북특별자치도 전주시 완산구 효자동3가 1726-1 1층,전북특별자치도 전주시 완산구 봉곡2길 15 1층,없음,127.0952888,35.8131604,효자4동,exact_official_building_road,기존 주택 CSV의 건물 좌표; 음식점 자체 측량 좌표 아님
한우한돈숯불구이,덕진구 우아동2가,전북특별자치도 전주시 덕진구 우아동2가 916-6,전북특별자치도 전주시 덕진구 아중1길 14,063-245-9291,127.1711822,35.82857841,우아2동,exact_official_building_road,기존 주택 CSV의 건물 좌표; 음식점 자체 측량 좌표 아님
아이갓에브리씽_효자도서관점,완산구 효자5동,전북특별자치도 전주시 완산구 효자동2가 1314-9,전북특별자치도 전주시 완산구 우전로 181,063-225-1988,127.100591,35.81102797,효자4동,exact_official_building_road,기존 주택 CSV의 건물 좌표; 음식점 자체 측량 좌표 아님
다사랑치킨_중화산점,완산구 중화산동2가,전북특별자치도 전주시 완산구 중화산동2가 774-7,전북특별자치도 전주시 완산구 신촌4길 14-3,063-236-4545,127.1164797,35.81812176,중화산2동,exact_official_building_road,기존 주택 CSV의 건물 좌표; 음식점 자체 측량 좌표 아님
교동김밥,덕진구 우아1동,전북특별자치도 전주시 덕진구 우아동3가 746-64,전북특별자치도 전주시 덕진구 백제대로 829,063-244-3090,127.158882,35.8490896,우아1동,exact_official_building_road,기존 주택 CSV의 건물 좌표; 음식점 자체 측량 좌표 아님
진가진설렁탕,덕진구 송천동2가,전북특별자치도 전주시 덕진구 송천동2가 54-3,전북특별자치도 전주시 덕진구 동부대로 1022,063-251-9207,127.1356846,35.86977998,송천1동,exact_official_building_road,기존 주택 CSV의 건물 좌표; 음식점 자체 측량 좌표 아님
감성커피_서곡점,완산구 효자동3가,전북특별자치도 전주시 완산구 효자동3가 1419-1,전북특별자치도 전주시 완산구 서곡로 92,0507-1336-0401,127.102616,35.83663126,효자5동,exact_official_building_road,기존 주택 CSV의 건물 좌표; 음식점 자체 측량 좌표 아님
톰캣,완산구 효자5동,전북특별자치도 전주시 완산구 효자동2가 1327-5 102호,전북특별자치도 전주시 완산구 봉곡로 120 102호,010-4704-2868,127.1068063,35.8107408,효자4동,exact_official_building_road,기존 주택 CSV의 건물 좌표; 음식점 자체 측량 좌표 아님
신전떡볶이_송천점,덕진구 송천동,전북특별자치도 전주시 덕진구 송천동2가 245-1,전북특별자치도 전주시 덕진구 붓내3길 18,063-252-5253,127.1232959,35.8664258,송천1동,exact_official_building_road,기존 주택 CSV의 건물 좌표; 음식점 자체 측량 좌표 아님
돈키호테,완산구 태평동,전북특별자치도 전주시 완산구 태평동 123-14,전북특별자치도 전주시 완산구 물레방아3길 3-25,070-4105-0440,127.1340336,35.82296315,중앙동,exact_official_building_road,기존 주택 CSV의 건물 좌표; 음식점 자체 측량 좌표 아님
우나기,완산구 효자5동,전북특별자치도 전주시 완산구 효자동2가 1236-1 1층 101호,전북특별자치도 전주시 완산구 홍산북로 20 1층 101호,063-236-8881,127.1039617,35.81732622,효자5동,exact_official_building_road,기존 주택 CSV의 건물 좌표; 음식점 자체 측량 좌표 아님
우희,완산구 효자동,전북특별자치도 전주시 완산구 효자동2가 1236-2,"전북특별자치도 전주시 완산구 홍산북로 22, 해송빌딩 1층",063-222-2223,127.1043063,35.8173461,효자5동,exact_official_building_road,기존 주택 CSV의 건물 좌표; 음식점 자체 측량 좌표 아님
아르틱,완산구 다가동,전북특별자치도 전주시 완산구 다가동2가 108-2,전북특별자치도 전주시 완산구 전주천동로 206,010-8574-4928,127.1398215,35.81474861,중앙동,exact_official_building_road,기존 주택 CSV의 건물 좌표; 음식점 자체 측량 좌표 아님
비틀즈커피,완산구 효자5동,전북특별자치도 전주시 완산구 효자동2가 1235-5,전북특별자치도 전주시 완산구 바우배기2길 18,063-236-8802,127.1035587,35.81674639,효자5동,exact_official_building_road,기존 주택 CSV의 건물 좌표; 음식점 자체 측량 좌표 아님
낙지누리,완산구 효자4동,전북특별자치도 전주시 완산구 효자동2가 1328-4,전북특별자치도 전주시 완산구 우전2길 71-15,"0507-1409-8904, 063-225-8889",127.1062207,35.81026772,효자4동,exact_official_building_road,기존 주택 CSV의 건물 좌표; 음식점 자체 측량 좌표 아님
카페밸류,완산구 효자5동,전북특별자치도 전주시 완산구 효자동3가 1479-1 1층,전북특별자치도 전주시 완산구 서곡7길 4 1층,010-2220-4106,127.1021287,35.8322079,효자5동,exact_official_building_road,기존 주택 CSV의 건물 좌표; 음식점 자체 측량 좌표 아님
밥이랑고기랑,덕진구 우아동2가,전북특별자치도 전주시 덕진구 우아동2가 875-1,전북특별자치도 전주시 덕진구 석소로 68,063-242-3090,127.1679727,35.83281949,우아2동,exact_official_building_road,기존 주택 CSV의 건물 좌표; 음식점 자체 측량 좌표 아님
다가연어,완산구 중앙동1가,전북특별자치도 전주시 완산구 중앙동1가 56,전북특별자치도 전주시 완산구 전라감영3길 13-27,063-283-5129,127.142684,35.81610297,중앙동,exact_official_building_road,기존 주택 CSV의 건물 좌표; 음식점 자체 측량 좌표 아님
바인쿡,덕진구 덕진동,전북특별자치도 전주시 덕진구 덕진동1가 1265-2,전북특별자치도 전주시 덕진구 명륜3길 10-2,010-4402-1365,127.1275271,35.8421231,덕진동,exact_official_building_road,기존 주택 CSV의 건물 좌표; 음식점 자체 측량 좌표 아님
백김치새싹막회_우아본점,덕진구 우아1동,전북특별자치도 전주시 덕진구 우아동3가  732-5,전북특별자치도 전주시 덕진구 백제대로 781,063-246-3456,127.154132,35.8474398,우아1동,exact_official_building_road,기존 주택 CSV의 건물 좌표; 음식점 자체 측량 좌표 아님
청마루뼈다귀,덕진구 금상동,전북특별자치도 전주시 덕진구 금상동 524-4,전북특별자치도 전주시 덕진구 삼거1길 60,063-241-7001,127.1939381,35.85372634,우아2동,exact_official_building_road,기존 주택 CSV의 건물 좌표; 음식점 자체 측량 좌표 아님
크리크사이드,덕진구 덕진동,전북특별자치도 전주시 덕진구 덕진동1가 1547-69,전북특별자치도 전주시 덕진구 가리내로 176,"0507-1386-3347, 063-255-3343",127.118155,35.83877404,덕진동,exact_official_building_road,기존 주택 CSV의 건물 좌표; 음식점 자체 측량 좌표 아님
블랙라운지,완산구 효자동2가,전북특별자치도 전주시 완산구 효자동2가 1156-8 4층,전북특별자치도 전주시 완산구 홍산1길 10 4층,063-224-0420,127.1079786,35.8149082,효자5동,exact_official_building_road,기존 주택 CSV의 건물 좌표; 음식점 자체 측량 좌표 아님
호수집,덕진구 우아동1가,전북특별자치도 전주시 덕진구 우아동1가 1120-5,전북특별자치도 전주시 덕진구 인교9길 35,0507-1484-9013,127.176413,35.82577516,우아2동,exact_official_building_road,기존 주택 CSV의 건물 좌표; 음식점 자체 측량 좌표 아님
곱창고_서신점,완산구 서신동,전북특별자치도 전주시 완산구 서신동 934-3,전북특별자치도 전주시 완산구 새터로 29,063-277-7788,127.1101821,35.83608355,서신동,exact_official_building_road,기존 주택 CSV의 건물 좌표; 음식점 자체 측량 좌표 아님
연어이야기_하가점,덕진구 덕진동2가,전북특별자치도 전주시 덕진구 덕진동2가 670-5,전북특별자치도 전주시 덕진구 가리내8길 10-7,063-272-5567,127.1104739,35.8440364,덕진동,exact_official_building_road,기존 주택 CSV의 건물 좌표; 음식점 자체 측량 좌표 아님
청년순대국_서신점,완산구 서신동,전북특별자치도 전주시 완산구 서신동 818-11,전북특별자치도 전주시 완산구 서신천변11길 6,0507-1390-2428,127.1136447,35.83026861,서신동,exact_official_building_road,기존 주택 CSV의 건물 좌표; 음식점 자체 측량 좌표 아님
더리터_송천2호점,덕진구 송천점,전북특별자치도 전주시 덕진구 송천동2가 202-27,전북특별자치도 전주시 덕진구 천마산로 55,063-251-9100,127.1276227,35.8645502,송천1동,exact_official_building_parcel,기존 주택 CSV의 건물 좌표; 음식점 자체 측량 좌표 아님
현대옥_한옥마을점,완산구 풍남동,전북특별자치도 전주시 완산구 교동  92-12,전북특별자치도 전주시 완산구 오목대길 66,063-285-8989,127.1525932,35.813105,풍남동,exact_official_building_road,기존 주택 CSV의 건물 좌표; 음식점 자체 측량 좌표 아님
완산다원,완산구 효자3동,전북특별자치도 전주시 완산구 효자동1가 689-2,전북특별자치도 전주시 완산구 안행8길 10,063-228-1350,127.1341803,35.801517,효자1동,exact_official_building_road,기존 주택 CSV의 건물 좌표; 음식점 자체 측량 좌표 아님
국수나무_전주효천점,완산구 효자5동,전북특별자치도 전주시 완산구 효자동2가 1377-3 1층 104호,전북특별자치도 전주시 완산구 효천중앙로 51 1층 104호,063-221-2200,127.1075191,35.7989523,효자4동,exact_official_building_road,기존 주택 CSV의 건물 좌표; 음식점 자체 측량 좌표 아님
탭하우스40,완산구 효자동,전북특별자치도 전주시 완산구 효자동3가 1533-4,전북특별자치도 전주시 완산구 홍산북로 60-18,0507-1315-8200,127.107941,35.81673387,효자5동,exact_official_building_road,기존 주택 CSV의 건물 좌표; 음식점 자체 측량 좌표 아님
소랑소랑,완산구 서신동,전북특별자치도 전주시 완산구 서신동 895-6,전북특별자치도 전주시 완산구 유연로 317,063-271-3392,127.1203269,35.82550463,서신동,exact_official_building_road,기존 주택 CSV의 건물 좌표; 음식점 자체 측량 좌표 아님
빽다방_전주효자LH점,완산구 효자5동,전북특별자치도 전주시 완산구 효자동2가 1332-1,전북특별자치도 전주시 완산구 홍산로 160-3,063-714-2119,127.105093,35.808165,효자4동,exact_official_building_road,기존 주택 CSV의 건물 좌표; 음식점 자체 측량 좌표 아님
배통시,완산구 서신동,전북특별자치도 전주시 완산구 서신동 816-8,전북특별자치도 전주시 완산구 서신천변10길 11,063-905-7775,127.1153315,35.82986642,서신동,exact_official_building_road,기존 주택 CSV의 건물 좌표; 음식점 자체 측량 좌표 아님
와플대학_전주효자캠퍼스점,완산구 효자3동,전북특별자치도 전주시 완산구 효자동1가 436,전북특별자치도 전주시 완산구 용머리로 59,063-236-9500,127.1168581,35.8068978,효자2동,exact_official_building_road,기존 주택 CSV의 건물 좌표; 음식점 자체 측량 좌표 아님
하루사께,완산구 효자동1가,전북특별자치도 전주시 완산구 효자동1가 411-27,전북특별자치도 전주시 완산구 용머리로 9-10,063-221-1288,127.1116849,35.806466,효자3동,exact_official_building_road,기존 주택 CSV의 건물 좌표; 음식점 자체 측량 좌표 아님
효자물총칼국수,완산구 효자5동,전북특별자치도 전주시 완산구 효자동3가 1645-7 천지목빌딩 1층,전북특별자치도 전주시 완산구 마전로 7 천지목빌딩 1층,063-715-1885,127.104078,35.82175252,효자5동,exact_official_building_road,기존 주택 CSV의 건물 좌표; 음식점 자체 측량 좌표 아님
홍산삼겹살,완산구 효자동2가,전북특별자치도 전주시 완산구 효자동2가 1237-7,전북특별자치도 전주시 완산구 홍산남로 29-25,063-236-8899,127.1049626,35.8163831,효자5동,exact_official_building_road,기존 주택 CSV의 건물 좌표; 음식점 자체 측량 좌표 아님
거북선브루잉,완산구 중화산동2가,전북특별자치도 전주시 완산구 중화산동2가 818-12,전북특별자치도 전주시 완산구 화산천변3길 16,0507-1362-5832,127.1144383,35.82058537,중화산2동,exact_official_building_road,기존 주택 CSV의 건물 좌표; 음식점 자체 측량 좌표 아님
보배정,완산구 풍남동,전북특별자치도 전주시 완산구 전동 92-3,전북특별자치도 전주시 완산구 풍남문3길 8,063-286-7814,127.1474627,35.81419907,풍남동,exact_official_building_road,기존 주택 CSV의 건물 좌표; 음식점 자체 측량 좌표 아님
현대극장,완산구 풍남동2가,전북특별자치도 전주시 완산구 풍남동2가 36-7,전북특별자치도 전주시 완산구 은행로 17,0507-1367-0180,127.1519989,35.81844024,풍남동,exact_official_building_road,기존 주택 CSV의 건물 좌표; 음식점 자체 측량 좌표 아님
팔팔호프_전북대점,덕진구 덕진동,전북특별자치도 전주시 덕진구 덕진동1가 1261-17,전북특별자치도 전주시 덕진구 명륜4길 17-25,010-5169-5586,127.1260055,35.8437823,덕진동,exact_official_building_road,기존 주택 CSV의 건물 좌표; 음식점 자체 측량 좌표 아님
흐노니,완산구 풍남동1가,전북특별자치도 전주시 완산구 풍남동1가 66-3,전북특별자치도 전주시 완산구 경기전길 43,0507-1398-8444,127.1505596,35.81746569,풍남동,exact_official_building_road,기존 주택 CSV의 건물 좌표; 음식점 자체 측량 좌표 아님
도시어부_효자점,완산구 효자동1가,전북특별자치도 전주시 완산구 효자동1가 370-1,전북특별자치도 전주시 완산구 거마평로 203,"0507-1336-8484, 063-224-8484",127.1146958,35.8103832,효자3동,exact_official_building_road,기존 주택 CSV의 건물 좌표; 음식점 자체 측량 좌표 아님
마치래빗_전주신시가지점,완산구 효자동,전북특별자치도 전주시 완산구 효자동2가 1242-8,전북특별자치도 전주시 완산구 홍산남로 30,0507-1416-1074,127.1049976,35.815555,효자5동,exact_official_building_road,기존 주택 CSV의 건물 좌표; 음식점 자체 측량 좌표 아님
큰집,덕진구 송천동2가,전북특별자치도 전주시 덕진구 송천동2가 916-1,전북특별자치도 전주시 덕진구 와룡3길 7,0507-1496-5288,127.1111644,35.86514892,송천2동,exact_official_building_road,기존 주택 CSV의 건물 좌표; 음식점 자체 측량 좌표 아님
우리돈,완산구 중화산동2가,전북특별자치도 전주시 완산구 중화산동2가 663,전북특별자치도 전주시 완산구 한두평2길 18,063-228-8395,127.1248564,35.8133854,중화산1동,exact_official_building_road,기존 주택 CSV의 건물 좌표; 음식점 자체 측량 좌표 아님
미친고기_전주효자점,완산구 효자5동,전북특별자치도 전주시 완산구 효자동3가 1694-2 1층 103호,전북특별자치도 전주시 완산구 마전들로 74 1층 103호,063-714-2588,127.1035221,35.8208318,효자5동,exact_official_building_road,기존 주택 CSV의 건물 좌표; 음식점 자체 측량 좌표 아님
장군,완산구 서신동,전북특별자치도 전주시 완산구 서신동 809-2 1층,전북특별자치도 전주시 완산구 안터6길 43 1층,"0507-1413-3890, 063-271-3890",127.1163042,35.8300437,서신동,exact_official_building_road,기존 주택 CSV의 건물 좌표; 음식점 자체 측량 좌표 아님
코코호도_송천점,덕진구 송천동,전북특별자치도 전주시 덕진구 송천동1가 349-1,전북특별자치도 전주시 덕진구 송천로 20,063-271-5989,127.1192803,35.8551361,송천2동,exact_official_building_road,기존 주택 CSV의 건물 좌표; 음식점 자체 측량 좌표 아님
더벤티_전주송천점,덕진구 송천1동,전북특별자치도 전주시 덕진구 송천동1가 828-9,"전북특별자치도 전주시 덕진구 두간11길 19, 1층",063-909-5803,127.1151432,35.8635793,송천2동,exact_official_building_road,기존 주택 CSV의 건물 좌표; 음식점 자체 측량 좌표 아님
몽리,완산구 다가동3가,전북특별자치도 전주시 완산구 다가동3가 50-2,전북특별자치도 전주시 완산구 전주객사1길 46,010-9452-3299,127.1393319,35.8183392,중앙동,exact_official_building_road,기존 주택 CSV의 건물 좌표; 음식점 자체 측량 좌표 아님
킹스타피자_전주에코시티점,덕진구 송천동2가,전북특별자치도 전주시 덕진구 송천동2가 1331-10,전북특별자치도 전주시 덕진구 세병서로 39,0507-1445-5989,127.1265454,35.8719917,송천1동,exact_official_building_road,기존 주택 CSV의 건물 좌표; 음식점 자체 측량 좌표 아님
티라미수,완산구 중화산동2가,전북특별자치도 전주시 완산구 중화산동2가 751-2,전북특별자치도 전주시 완산구 화산천변로 23,063-229-5600,127.1159598,35.82110128,중화산2동,exact_official_building_road,기존 주택 CSV의 건물 좌표; 음식점 자체 측량 좌표 아님
만계치킨_전북대점,덕진구 덕진동,전북특별자치도 전주시 덕진구 덕진동1가 1314-164 1층,전북특별자치도 전주시 덕진구 명륜4길 21-5 1층,063-271-9229,127.1264622,35.8439697,덕진동,exact_official_building_road,기존 주택 CSV의 건물 좌표; 음식점 자체 측량 좌표 아님
신포우리만두_신시가지점,완산구 효자5동,전북특별자치도 전주시 완산구 효자동2가 1234-1,전북특별자치도 전주시 완산구 우전로 250,063-222-7796,127.1021973,35.8171631,효자5동,exact_official_building_road,기존 주택 CSV의 건물 좌표; 음식점 자체 측량 좌표 아님
어부사시사,완산구 중화산동2가,전북특별자치도 전주시 완산구 중화산동2가 646-13,전북특별자치도 전주시 완산구 산월1길 10-8,063-228-7265,127.1224183,35.81344231,중화산2동,exact_official_building_road,기존 주택 CSV의 건물 좌표; 음식점 자체 측량 좌표 아님
컬러인커피_송천점,덕진구 송천동,전북특별자치도 전주시 덕진구 송천동2가 186-7,전북특별자치도 전주시 덕진구 천마산로 53,063-255-1313,127.1273068,35.8643681,송천1동,exact_official_building_road,기존 주택 CSV의 건물 좌표; 음식점 자체 측량 좌표 아님
바다양푼이동태탕회,덕진구 혁신동,전북특별자치도 전주시 덕진구 혁신동 776-6,전북특별자치도 전주시 덕진구 오공로 33-4,063-228-6104,127.059367,35.8365021,혁신동,exact_official_building_road,기존 주택 CSV의 건물 좌표; 음식점 자체 측량 좌표 아님
용범이네인계동껍데기_전북도청점,완산구 효자동,전북특별자치도 전주시 완산구 효자동3가 1530-8 1층 102호,전북특별자치도 전주시 완산구 홍산북로 75 1층 102호,063-221-7292,127.1101842,35.817627,효자5동,exact_official_building_road,기존 주택 CSV의 건물 좌표; 음식점 자체 측량 좌표 아님
고깃집,완산구 효자5동,전북특별자치도 전주시 완산구 효자동3가 1645-4,전북특별자치도 전주시 완산구 마전로 13,063-227-8292,127.1040841,35.8223088,효자5동,exact_official_building_road,기존 주택 CSV의 건물 좌표; 음식점 자체 측량 좌표 아님
저세상닭발_객사점,완산구 고사동,전북특별자치도 전주시 완산구 고사동 473-9,전북특별자치도 전주시 완산구 전주객사2길 46-12,063-223-1651,127.1412996,35.8189944,중앙동,exact_official_building_road,기존 주택 CSV의 건물 좌표; 음식점 자체 측량 좌표 아님
핸더,덕진구 우아동1가,전북특별자치도 전주시 덕진구 우아동2가 934-10,전북특별자치도 전주시 덕진구 아중로 233,063-909-3200,127.1744846,35.82924103,우아2동,exact_official_building_road,기존 주택 CSV의 건물 좌표; 음식점 자체 측량 좌표 아님
여수돌섬,완산구 서신동,전북특별자치도 전주시 완산구 서신동 937-3,전북특별자치도 전주시 완산구 새터로20,063-272-3290,127.1088061,35.83638883,서신동,exact_official_building_parcel,기존 주택 CSV의 건물 좌표; 음식점 자체 측량 좌표 아님
한옥면옥,덕진구 우아동2가,전북특별자치도 전주시 덕진구 우아동2가 871-6,전북특별자치도 전주시 덕진구 석소5길 39,063-243-5532,127.1706184,35.83491076,우아2동,exact_official_building_road,기존 주택 CSV의 건물 좌표; 음식점 자체 측량 좌표 아님
수미네집밥_아중점,덕진구 우아동1가,전북특별자치도 전주시 덕진구 우아동1가 1116-7,전북특별자치도 전주시 덕진구 인교9길 21-10,063-243-9995,127.1753301,35.82667808,우아2동,exact_official_building_road,기존 주택 CSV의 건물 좌표; 음식점 자체 측량 좌표 아님
국민수육국밥앤막국수_전주대점,완산구 효자동3가,전북특별자치도 전주시 완산구 효자동3가 1175-3,전북특별자치도 전주시 완산구 백마산길 32,063-236-9030,127.0897793,35.8171636,효자4동,exact_official_building_road,기존 주택 CSV의 건물 좌표; 음식점 자체 측량 좌표 아님
미카도스시_전주전북도청점,완산구 효자5동,전북특별자치도 전주시 완산구 효자동3가  1527-8 1층,전북특별자치도 전주시 완산구 홍산3길 5 1층,063-226-7866,127.1083883,35.8183111,효자5동,exact_official_building_road,기존 주택 CSV의 건물 좌표; 음식점 자체 측량 좌표 아님
선이랑,완산구 다가동2가,전북특별자치도 전주시 완산구 다가동2가 117-3,전북특별자치도 전주시 완산구 전라감영로 8,063-282-1173,127.140682,35.8139616,중앙동,exact_official_building_road,기존 주택 CSV의 건물 좌표; 음식점 자체 측량 좌표 아님
육감만족_송천점,덕진구 송천1동,전북특별자치도 전주시 덕진구 송천동2가 202-14,전북특별자치도 전주시 덕진구 솔내로 174,063-255-9212,127.1273356,35.86569991,송천1동,exact_official_building_road,기존 주택 CSV의 건물 좌표; 음식점 자체 측량 좌표 아님
쿠키버니비,덕진구 덕진동,전북특별자치도 전주시 덕진구 덕진동1가 1267-2 2층,전북특별자치도 전주시 덕진구 기린대로 483-1 2층,063-277-1493,127.1248336,35.84245506,덕진동,exact_official_building_road,기존 주택 CSV의 건물 좌표; 음식점 자체 측량 좌표 아님
무청시래기감자탕,덕진구 송천1동,전북특별자치도 전주시 덕진구 송천동2가 484,전북특별자치도 전주시 덕진구 붓내4길 8-3,063-253-0815,127.1225102,35.8673668,송천1동,exact_official_building_road,기존 주택 CSV의 건물 좌표; 음식점 자체 측량 좌표 아님
다이닝스푼,완산구 고사동,전북특별자치도 전주시 완산구 고사동 238,전북특별자치도 전주시 완산구 전주객사4길 74-11,063-255-9636,127.1435223,35.8212797,중앙동,exact_official_building_road,기존 주택 CSV의 건물 좌표; 음식점 자체 측량 좌표 아님
일공공샤브_송천점,덕진구 송천1동,전북특별자치도 전주시 덕진구 송천동1가 374-2,전북특별자치도 전주시 덕진구 송천중앙로 94-1,063-271-2114,127.1206813,35.85561994,송천1동,exact_official_building_road,기존 주택 CSV의 건물 좌표; 음식점 자체 측량 좌표 아님
신시가맥,완산구 효자동,전북특별자치도 전주시 완산구 효자동2가 1155-6 2층,전북특별자치도 전주시 완산구 홍산남로 60 2층,063-222-2356,127.1083599,35.8155698,효자5동,exact_official_building_road,기존 주택 CSV의 건물 좌표; 음식점 자체 측량 좌표 아님
낭만마라,덕진구 혁신동,전북특별자치도 전주시 덕진구 중동 776-11 107호,전북특별자치도 전주시 덕진구 오공로 43-7 107호,0507-1418-1401,127.059978,35.8369487,혁신동,exact_official_building_road,기존 주택 CSV의 건물 좌표; 음식점 자체 측량 좌표 아님
피렌체,완산구 중화산동,전북특별자치도 전주시 완산구 중화산동2가 756-1,전북특별자치도 전주시 완산구 화산천변4길 14,063-223-2279,127.1175282,35.82037371,중화산2동,exact_official_building_road,기존 주택 CSV의 건물 좌표; 음식점 자체 측량 좌표 아님
알지커피숍_우아점,덕진구 우아1동,전북특별자치도 전주시 덕진구 우아동3가 754-1,전북특별자치도 전주시 덕진구 견훤로 366,063-244-1331,127.1540849,35.8438053,우아1동,exact_official_building_road,기존 주택 CSV의 건물 좌표; 음식점 자체 측량 좌표 아님
모가네닭발찜_활어도매시장,덕진구 송천동,전북특별자치도 전주시 덕진구 송천동2가 600-1,전북특별자치도 전주시 덕진구 시천로 96-7,063-251-2427,127.1154621,35.86801069,송천2동,exact_official_building_road,기존 주택 CSV의 건물 좌표; 음식점 자체 측량 좌표 아님
이디야커피_전주하가지구점,덕진구 덕진동,전북특별자치도 전주시 덕진구 덕진동2가 695-2,전북특별자치도 전주시 덕진구 가련산로 10,063-275-3003,127.1105504,35.8406724,덕진동,exact_official_building_road,기존 주택 CSV의 건물 좌표; 음식점 자체 측량 좌표 아님
델리바스켓,덕진구 덕진동,전북특별자치도 전주시 덕진구 덕진동2가 141-12,전북특별자치도 전주시 덕진구 하가2길 9,0507-1353-4292,127.1156128,35.84743498,덕진동,exact_official_building_road,기존 주택 CSV의 건물 좌표; 음식점 자체 측량 좌표 아님
곤이랑대패랑삼겹살,완산구 중화산동2가,전북특별자치도 전주시 완산구 중화산동2가 774-3,전북특별자치도 전주시 완산구 신촌4길 18-6,063-222-3329,127.1163283,35.8182664,중화산2동,exact_official_building_road,기존 주택 CSV의 건물 좌표; 음식점 자체 측량 좌표 아님
에스카페,완산구 효자4동,전북특별자치도 전주시 완산구 효자동3가 1649-8 1층,전북특별자치도 전주시 완산구 척동4길 11 1층,010-9105-9850,127.1011281,35.82229836,효자5동,exact_official_building_road,기존 주택 CSV의 건물 좌표; 음식점 자체 측량 좌표 아님
송천연탄흑돼지,덕진구 송천1동,전북특별자치도 전주시 덕진구 송천동2가 249-7,전북특별자치도 전주시 덕진구 붓내3길 17-11,063-906-2474,127.1234572,35.86797906,송천1동,exact_official_building_road,기존 주택 CSV의 건물 좌표; 음식점 자체 측량 좌표 아님
로고스,덕진구 송천동,전북특별자치도 전주시 덕진구 송천동1가 826-1,전북특별자치도 전주시 덕진구 두간7길 16-10,0507-1373-2238,127.1165677,35.8644469,송천2동,exact_official_building_road,기존 주택 CSV의 건물 좌표; 음식점 자체 측량 좌표 아님
와우호프_전주송천점,덕진구 송천1동,전북특별자치도 전주시 덕진구 송천동2가 523-13,전북특별자치도 전주시 덕진구 붓내3길 5,063-275-2060,127.1221079,35.86682457,송천1동,exact_official_building_road,기존 주택 CSV의 건물 좌표; 음식점 자체 측량 좌표 아님
맥도날드_전주덕진DT점,덕진구 덕진동1가,전북특별자치도 전주시 덕진구 덕진동1가 1401-18,전북특별자치도 전주시 덕진구 기린대로 503,070-7017-6858,127.1230872,35.8438571,덕진동,exact_official_building_road,기존 주택 CSV의 건물 좌표; 음식점 자체 측량 좌표 아님
동명카츠_전주효자점,완산구 효자5동,전북특별자치도 전주시 완산구 효자동2가 1327-4 1층,전북특별자치도 전주시 완산구 봉곡로 118-1 1층,063-226-6655,127.1066693,35.8107789,효자4동,exact_official_building_road,기존 주택 CSV의 건물 좌표; 음식점 자체 측량 좌표 아님
춘천닭갈비비비리_삼천점,완산구 삼천동,전북특별자치도 전주시 완산구 삼천동1가 284-32,전북특별자치도 전주시 완산구 용리로 30,063-224-8900,127.1128896,35.7983654,삼천3동,exact_official_building_road,기존 주택 CSV의 건물 좌표; 음식점 자체 측량 좌표 아님
커피누림,덕진구 송천동,전북특별자치도 전주시 덕진구 송천동1가 807-7,전북특별자치도 전주시 덕진구 두간4길 10,063-275-0022,127.1202368,35.8659754,송천2동,exact_official_building_road,기존 주택 CSV의 건물 좌표; 음식점 자체 측량 좌표 아님
양뜰,완산구 효자동,전북특별자치도 전주시 완산구 효자동2가 1156-3,전북특별자치도 전주시 완산구 홍산1길 4-11,0507-1425-9296,127.107981,35.81513884,효자5동,exact_official_building_road,기존 주택 CSV의 건물 좌표; 음식점 자체 측량 좌표 아님
뿔난황소곱창_에코시티점,덕진구 송천동,전북특별자치도 전주시 덕진구 송천동2가 1327-6 102호 103호,전북특별자치도 전주시 덕진구 세병1길 36 102호 103호,063-275-9955,127.1274238,35.8737048,송천1동,exact_official_building_road,기존 주택 CSV의 건물 좌표; 음식점 자체 측량 좌표 아님
한방가마솥족발_송천점,덕진구 송천동,전북특별자치도 전주시 덕진구 송천동2가 244-25,전북특별자치도 전주시 덕진구 붓내3길 17-1,063-253-0701,127.1233693,35.8669369,송천1동,exact_official_building_road,기존 주택 CSV의 건물 좌표; 음식점 자체 측량 좌표 아님
예궁,완산구 효자동2가,전북특별자치도 전주시 완산구 효자동2가 1206-4,전북특별자치도 전주시 완산구 소태정3길 18,063-225-6700,127.0991451,35.8033765,효자4동,exact_official_building_road,기존 주택 CSV의 건물 좌표; 음식점 자체 측량 좌표 아님
오감짬뽕,덕진구 우아동2가,전북특별자치도 전주시 덕진구 우아동2가 861-3,전북특별자치도 전주시 덕진구 진버들6길 7-7,063-241-7701,127.1661671,35.8359561,우아2동,exact_official_building_road,기존 주택 CSV의 건물 좌표; 음식점 자체 측량 좌표 아님
에루화,완산구 서신동,전북특별자치도 전주시 완산구 서신동 932-10,전북특별자치도 전주시 완산구 고사평5길 25,063-252-9946,127.1073264,35.83707187,서신동,exact_official_building_road,기존 주택 CSV의 건물 좌표; 음식점 자체 측량 좌표 아님
아중리장미맨숀,덕진구 우아동2가,전북특별자치도 전주시 덕진구 우아동2가 927-4,전북특별자치도 전주시 덕진구 아중중앙로 8,0507-1301-5783,127.1728906,35.82926614,우아2동,exact_official_building_road,기존 주택 CSV의 건물 좌표; 음식점 자체 측량 좌표 아님
미가,완산구 효자동2가,전북특별자치도 전주시 완산구 효자동2가 1237-1,전북특별자치도 전주시 완산구 바우배기2길 23-6,0507-1385-0618,127.1046918,35.81734968,효자5동,exact_official_building_road,기존 주택 CSV의 건물 좌표; 음식점 자체 측량 좌표 아님
엔제리너스_전북대점,덕진구 덕진동,전북특별자치도 전주시 덕진구 덕진동1가 664-1,"전북특별자치도 전주시 덕진구 권삼득로 343, 1층,2층 102호,202호",063-225-3099,127.1251477,35.8453962,덕진동,exact_official_building_road,기존 주택 CSV의 건물 좌표; 음식점 자체 측량 좌표 아님
아이것이갈비탕이다,완산구 전동,전북특별자치도 전주시 완산구 전동 296-7,전북특별자치도 전주시 완산구 풍남문1길 15,063-287-1110,127.147955,35.8126523,풍남동,exact_official_building_road,기존 주택 CSV의 건물 좌표; 음식점 자체 측량 좌표 아님
호랭이면옥,덕진구 송천동2가,전북특별자치도 전주시 덕진구 송천동2가 333-1,전북특별자치도 전주시 덕진구 동부대로 1132,0507-1476-5567,127.1232339,35.87015859,송천2동,exact_official_building_road,기존 주택 CSV의 건물 좌표; 음식점 자체 측량 좌표 아님
평화한우전문점,덕진구 송천1동,전북특별자치도 전주시 덕진구 송천동2가 202-11,전북특별자치도 전주시 덕진구 솔내로 175,063-278-2232,127.1268542,35.8657539,송천1동,exact_official_building_road,기존 주택 CSV의 건물 좌표; 음식점 자체 측량 좌표 아님
우리밀동우_본점,완산구 중화산동,전북특별자치도 전주시 완산구 중화산동2가 647,전북특별자치도 전주시 완산구 한두평2길 6,063-224-2255,127.1235476,35.8134098,중화산1동,exact_official_building_road,기존 주택 CSV의 건물 좌표; 음식점 자체 측량 좌표 아님
쭈불로드_도청점,완산구 효자동2가,전북특별자치도 전주시 완산구 효자동2가 1155-4,전북특별자치도 전주시 완산구 홍산남로 54,063-224-7986,127.1078369,35.8155702,효자5동,exact_official_building_road,기존 주택 CSV의 건물 좌표; 음식점 자체 측량 좌표 아님
여덟개의달,완산구 풍남동,전북특별자치도 전주시 완산구 경원동3가 44-2,전북특별자치도 전주시 완산구 팔달로 202-8,010-9915-7151,127.1466441,35.82039432,풍남동,exact_official_building_road,기존 주택 CSV의 건물 좌표; 음식점 자체 측량 좌표 아님
북창동순두부_전주점,완산구 서신동,전북특별자치도 전주시 완산구 서신동 968-9,전북특별자치도 전주시 완산구 새터로 122-9,063-271-2317,127.120453,35.83514957,서신동,exact_official_building_road,기존 주택 CSV의 건물 좌표; 음식점 자체 측량 좌표 아님
실비아팥죽집,완산구 다가동3가,전북특별자치도 전주시 완산구 다가동3가 99-5,"전북특별자치도 전주시 완산구 전라감영2길 32, 1층",063-288-0871,127.1415668,35.81605896,중앙동,exact_official_building_road,기존 주택 CSV의 건물 좌표; 음식점 자체 측량 좌표 아님
데메테르,완산구 중화산동2가,전북특별자치도 전주시 완산구 중화산동2가 574-13,전북특별자치도 전주시 완산구 메너머1길 14-1,063-221-7940,127.1211059,35.82109389,중화산2동,exact_official_building_road,기존 주택 CSV의 건물 좌표; 음식점 자체 측량 좌표 아님
메밀방앗간,완산구 중화산동,전북특별자치도 전주시 완산구 중화산동2가 652-3,전북특별자치도 전주시 완산구 백제대로 272,063-224-9946,127.1234141,35.8173911,중화산2동,exact_official_building_road,기존 주택 CSV의 건물 좌표; 음식점 자체 측량 좌표 아님
조선치킨_신시가지점,완산구 효자동,전북특별자치도 전주시 완산구 효자동2가 93-7 104호,전북특별자치도 전주시 완산구 봉곡로 132 104호,063-225-9982,127.1074471,35.8097984,효자4동,exact_official_building_road,기존 주택 CSV의 건물 좌표; 음식점 자체 측량 좌표 아님
언더커버,덕진구 덕진동,전북특별자치도 전주시 덕진구 덕진동1가 1265-1,전북특별자치도 전주시 덕진구 명륜3길 10,0507-1352-3045,127.1274114,35.8421805,덕진동,exact_official_building_road,기존 주택 CSV의 건물 좌표; 음식점 자체 측량 좌표 아님
전주물망초,완산구 다가동,전북특별자치도 전주시 완산구 다가동3가 23-2,"전북특별자치도 전주시 완산구 전주객사2길 11, 2층",0507-1411-4758,127.14098,35.8172964,중앙동,exact_official_building_road,기존 주택 CSV의 건물 좌표; 음식점 자체 측량 좌표 아님
솔내냉면황태찜,덕진구 송천동1가,전북특별자치도 전주시 덕진구 송천동1가 107-62,전북특별자치도 전주시 덕진구 솔내9길 14,0507-1408-3482,127.1253845,35.8625412,송천1동,exact_official_building_road,기존 주택 CSV의 건물 좌표; 음식점 자체 측량 좌표 아님
나베_롯데백화점전주점,완산구 서신동,전북특별자치도 전주시 완산구 서신동 971,전북특별자치도 전주시 완산구 온고을로2,063-289-3054,127.1218933,35.8345049,서신동,exact_official_building_parcel,기존 주택 CSV의 건물 좌표; 음식점 자체 측량 좌표 아님
도싯골묵은지삼겹살_송천동직영점,덕진구 송천동,전북특별자치도 전주시 덕진구 송천동2가 197-11 1층,전북특별자치도 전주시 덕진구 붓내3길 12 1층,063-255-3392,127.1226856,35.8662577,송천1동,exact_official_building_road,기존 주택 CSV의 건물 좌표; 음식점 자체 측량 좌표 아님
걸작떡볶이치킨_송천점,덕진구 송천동,전북특별자치도 전주시 덕진구 송천동2가 481-1,전북특별자치도 전주시 덕진구 붓내4길 8,063-271-2821,127.1221265,35.8676224,송천1동,exact_official_building_road,기존 주택 CSV의 건물 좌표; 음식점 자체 측량 좌표 아님
토박이식당,덕진구 우아동2가,전북특별자치도 전주시 덕진구 우아동2가 894-9,전북특별자치도 전주시 덕진구 아중중앙로 42,063-246-5675,127.1713689,35.83192357,우아2동,exact_official_building_road,기존 주택 CSV의 건물 좌표; 음식점 자체 측량 좌표 아님
벙커스커피,완산구 중앙동,전북특별자치도 전주시 완산구 중앙동1가 36-13 지하1층,전북특별자치도 전주시 완산구 충경로 22,063-288-7237,127.1417835,35.8168678,중앙동,exact_official_building_road,기존 주택 CSV의 건물 좌표; 음식점 자체 측량 좌표 아님
응급실국물떡볶이_전주송천점,덕진구 송천동1가,전북특별자치도 전주시 덕진구 송천동1가484,전북특별자치도 전주시 덕진구 솔내8길 16,0507-1342-7119,127.122962,35.8608807,송천1동,exact_official_building_road,기존 주택 CSV의 건물 좌표; 음식점 자체 측량 좌표 아님
정원당호두과자_전주본점,완산구 효자5동,전북특별자치도 전주시 완산구 상림동 108-1,전북특별자치도 전주시 완산구 콩쥐팥쥐로 1548,063-228-8822,127.0685536,35.82462848,효자4동,exact_official_building_road,기존 주택 CSV의 건물 좌표; 음식점 자체 측량 좌표 아님
원,완산구 중앙동,전북특별자치도 전주시 완산구 중앙동1가 49-6,"전북특별자치도 전주시 완산구 전라감영2길 28-17, 1층",010-4334-9190,127.1421193,35.816135,중앙동,exact_official_building_road,기존 주택 CSV의 건물 좌표; 음식점 자체 측량 좌표 아님
우에우에테낭고,덕진구 우아1동,전북특별자치도 전주시 덕진구 우아동3가 747-65,전북특별자치도 전주시 덕진구 백제대로 805,063-246-0173,127.1563398,35.8482555,우아1동,exact_official_building_road,기존 주택 CSV의 건물 좌표; 음식점 자체 측량 좌표 아님
굽네치킨_효자중화산2호점,완산구 효자동,"전북특별자치도 전주시 완산구 효자동1가 810 201호, 202호","전북특별자치도 전주시 완산구 용머리로 101 201호, 202호",0504-3143-8602,127.1202459,35.8067297,효자2동,exact_official_building_road,기존 주택 CSV의 건물 좌표; 음식점 자체 측량 좌표 아님
골목집,완산구 효자동2가,전북특별자치도 전주시 완산구 효자동2가 1328-2,전북특별자치도 전주시 완산구 우전2길 71-21,0507-1370-0901,127.1063799,35.8105998,효자4동,exact_official_building_road,기존 주택 CSV의 건물 좌표; 음식점 자체 측량 좌표 아님
천궁,덕진구 덕진동,전북특별자치도 전주시 덕진구 덕진동1가 1263-3 서주빌딩 7층,전북특별자치도 전주시 덕진구 명륜4길 12 서주빌딩 7층,0507-1440-9003,127.1267986,35.84294702,덕진동,exact_official_building_road,기존 주택 CSV의 건물 좌표; 음식점 자체 측량 좌표 아님
라따블데뤼뗑,완산구 효자동,전북특별자치도 전주시 완산구 효자동2가 1324-1 1층,전북특별자치도 전주시 완산구 소태정4길 11-3,063-227-1026,127.1015148,35.805009,효자4동,exact_official_building_road,기존 주택 CSV의 건물 좌표; 음식점 자체 측량 좌표 아님
고창해성수산장어왕새우직판장,덕진구 우아동2가,전북특별자치도 전주시 덕진구 우아동2가 866-13,전북특별자치도 전주시 덕진구 석소5길 57,010-5683-6513,127.1691368,35.83581988,우아2동,exact_official_building_road,기존 주택 CSV의 건물 좌표; 음식점 자체 측량 좌표 아님
바오,덕진구 우아동3가,전북특별자치도 전주시 덕진구 우아동3가 749-57,전북특별자치도 전주시 덕진구 견훤로 368,0507-1359-8596,127.1539879,35.8441228,우아1동,exact_official_building_road,기존 주택 CSV의 건물 좌표; 음식점 자체 측량 좌표 아님
일등낙지_전주본점,완산구 효자동3가,전북특별자치도 전주시 완산구 효자동3가 1534-6,전북특별자치도 전주시 완산구 홍산남로 59,063-222-5851,127.1083251,35.8160202,효자5동,exact_official_building_road,기존 주택 CSV의 건물 좌표; 음식점 자체 측량 좌표 아님
아마스빈_전북도청점,완산구 효자5동,전북특별자치도 전주시 완산구 효자동2가 1155-6,전북특별자치도 전주시 완산구 홍산남로 60,063-221-7111,127.1083599,35.8155698,효자5동,exact_official_building_road,기존 주택 CSV의 건물 좌표; 음식점 자체 측량 좌표 아님
피자써클_혁식중동점,덕진구 혁신동,전북특별자치도 전주시 덕진구 중동 777-1,전북특별자치도 전주시 덕진구 오공로 43-52,0507-990-2444,127.0605622,35.8377165,혁신동,exact_official_building_road,기존 주택 CSV의 건물 좌표; 음식점 자체 측량 좌표 아님
역전할머니맥주_서신2호점,완산구 서신동,전북특별자치도 전주시 완산구 서신동 843-17,전북특별자치도 전주시 완산구 서신천변로 9,063-271-7624,127.1140997,35.826171,서신동,exact_official_building_road,기존 주택 CSV의 건물 좌표; 음식점 자체 측량 좌표 아님
생선맛집,덕진구 우아동2가,전북특별자치도 전주시 덕진구 우아동2가 858-4,전북특별자치도 전주시 덕진구 진버들6길 12-8,0507-1366-2260,127.1675324,35.83682728,우아2동,exact_official_building_road,기존 주택 CSV의 건물 좌표; 음식점 자체 측량 좌표 아님
우가양평해장국_중화산점,완산구 중화산동2가,전북특별자치도 전주시 완산구 중화산동2가 758-7,전북특별자치도 전주시 완산구 화산천변2길 7,063-221-5995,127.1168622,35.81955765,중화산2동,exact_official_building_road,기존 주택 CSV의 건물 좌표; 음식점 자체 측량 좌표 아님
소옽,완산구 다가동,"전북특별자치도 전주시 완산구 다가동4가 129-5 1, 2층","전북특별자치도 전주시 완산구 전주객사1길 89 1, 2층",010-7335-2754,127.1381589,35.82012658,중앙동,exact_official_building_road,기존 주택 CSV의 건물 좌표; 음식점 자체 측량 좌표 아님
수지킴델리_롯데백화점전주점,완산구 서신동,전북특별자치도 전주시 완산구 서신동 971,전북특별자치도 전주시 완산구 온고을로2,없음,127.1218933,35.8345049,서신동,exact_official_building_parcel,기존 주택 CSV의 건물 좌표; 음식점 자체 측량 좌표 아님
반야돌솥밥_본점,완산구 효자5동,전북특별자치도 전주시 완산구 효자동2가 1156-6,전북특별자치도 전주시 완산구 홍산1길 6,063-288-3174,127.1083511,35.8148963,효자5동,exact_official_building_road,기존 주택 CSV의 건물 좌표; 음식점 자체 측량 좌표 아님
콤마,완산구 효자동3가,전북특별자치도 전주시 완산구 효자동3가 1646-15 2층,전북특별자치도 전주시 완산구 마전2길 11-7 2층,0507-1340-2514,127.1033467,35.8222785,효자5동,exact_official_building_road,기존 주택 CSV의 건물 좌표; 음식점 자체 측량 좌표 아님
다사랑치킨_신시가지점,완산구 효자동2가,전북특별자치도 전주시 완산구 효자동2가 93-1,전북특별자치도 전주시 완산구 우전2길 72,0507-0090-0749,127.1070365,35.8103896,효자4동,exact_official_building_road,기존 주택 CSV의 건물 좌표; 음식점 자체 측량 좌표 아님
셀렉토커피_전주혁신도시점,덕진구 혁신동,전북특별자치도 전주시 덕진구 만성동 1170-7,전북특별자치도 전주시 덕진구 월방3길 6,063-226-1638,127.0704192,35.83453924,여의동,exact_official_building_road,기존 주택 CSV의 건물 좌표; 음식점 자체 측량 좌표 아님
전라도음식이야기,덕진구 우아동2가,전북특별자치도 전주시 덕진구 우아동2가 899-1,전북특별자치도 전주시 덕진구 아중6길 14-6,063-244-4477,127.1728868,35.83283532,우아2동,exact_official_building_road,기존 주택 CSV의 건물 좌표; 음식점 자체 측량 좌표 아님
하루_작은술집,덕진구 덕진동,전북특별자치도 전주시 덕진구 덕진동2가 671-14 1층,전북특별자치도 전주시 덕진구 가리내8길 10-12 1층,0507-1372-4844,127.1107736,35.8443478,덕진동,exact_official_building_road,기존 주택 CSV의 건물 좌표; 음식점 자체 측량 좌표 아님
흐엉꾸에하롱베이퍼,완산구 중앙동,전북특별자치도 전주시 완산구 고사동 42-3 2층,전북특별자치도 전주시 완산구 팔달로 201-3 2층,063-232-3340,127.1457753,35.8201631,중앙동,exact_official_building_road,기존 주택 CSV의 건물 좌표; 음식점 자체 측량 좌표 아님
크리스피크림_롯데전주점,완산구 서신동,전북특별자치도 전주시 완산구 서신동 971 롯데백화점 전주점 B1,전북특별자치도 전주시 완산구 온고을로 2 롯데백화점 전주점 B1,063-289-3011,127.1218933,35.8345049,서신동,exact_official_building_road,기존 주택 CSV의 건물 좌표; 음식점 자체 측량 좌표 아님
한솥도시락_전주송천점,덕진구 송천1동,전북특별자치도 전주시 덕진구 송천동1가 101-15,전북특별자치도 전주시 덕진구 솔내로 141,063-278-8289,127.1264765,35.8627887,송천1동,exact_official_building_road,기존 주택 CSV의 건물 좌표; 음식점 자체 측량 좌표 아님
충만치킨_객사점,완산구 고사동,전북특별자치도 전주시 완산구 고사동 142-2 2층,전북특별자치도 전주시 완산구 전주객사4길 44-18 2층,0507-1417-3468,127.1444733,35.8197831,중앙동,exact_official_building_road,기존 주택 CSV의 건물 좌표; 음식점 자체 측량 좌표 아님
작은카페,완산구 풍남동,전북특별자치도 전주시 완산구 전동 64-4,전북특별자치도 전주시 완산구 전동성당길 106,063-283-1949,127.1489606,35.814284,풍남동,exact_official_building_road,기존 주택 CSV의 건물 좌표; 음식점 자체 측량 좌표 아님
이맛콩나물국밥,완산구 서신동,전북특별자치도 전주시 완산구 서신동 791-6,전북특별자치도 전주시 완산구 감나무로 61-5,063-272-0086,127.118775,35.83174837,서신동,exact_official_building_road,기존 주택 CSV의 건물 좌표; 음식점 자체 측량 좌표 아님
이치아더포라이프,완산구 다가동,전북특별자치도 전주시 완산구 다가동3가 53-1 다산빌딩,"전북특별자치도 전주시 완산구 전주천동로 244, 다산빌딩",063-901-5000,127.1390549,35.81811405,중앙동,exact_official_building_road,기존 주택 CSV의 건물 좌표; 음식점 자체 측량 좌표 아님
그리즐리,덕진구 덕진동,전북특별자치도 전주시 덕진구 덕진동1가  1314-172 2층,전북특별자치도 전주시 덕진구 명륜4길 18-3 2층,0507-1458-5254,127.1274668,35.8433093,덕진동,exact_official_building_road,기존 주택 CSV의 건물 좌표; 음식점 자체 측량 좌표 아님
가장맛있는족발_객사점,완산구 다가동,전북특별자치도 전주시 완산구 고사동 300-2 1층 101호,전북특별자치도 전주시 완산구 전주객사3길 94 1층 101호,063-231-5849,127.1414332,35.8213564,중앙동,exact_official_building_road,기존 주택 CSV의 건물 좌표; 음식점 자체 측량 좌표 아님
올스타피자_전주완산점,완산구 중화산동2가,전북특별자치도 전주시 완산구 중화산동2가 587-11,전북특별자치도 전주시 완산구 인정로 13,063-222-3811,127.1200528,35.82024798,중화산2동,exact_official_building_road,기존 주택 CSV의 건물 좌표; 음식점 자체 측량 좌표 아님
골든트리,완산구 태평동,전북특별자치도 전주시 완산구 태평동 6-10,"전북특별자치도 전주시 완산구 공북로 86, 1층",063-255-2670,127.1410935,35.82611424,중앙동,exact_official_building_road,기존 주택 CSV의 건물 좌표; 음식점 자체 측량 좌표 아님
명품꽈배기앤핫도그_중화산점,완산구 중화산동2가,전북특별자치도 전주시 완산구 중화산동2가 759-2,전북특별자치도 전주시 완산구 화산천변로 14,063-224-6001,127.1163186,35.8202144,중화산2동,exact_official_building_road,기존 주택 CSV의 건물 좌표; 음식점 자체 측량 좌표 아님
대국민찜닭_서신중화산점,완산구 서신동,전북특별자치도 전주시 완산구 서신동 855-2,전북특별자치도 전주시 완산구 서신로 5,063-254-0601,127.1155873,35.82575832,서신동,exact_official_building_road,기존 주택 CSV의 건물 좌표; 음식점 자체 측량 좌표 아님
우장군참숯화로구이,완산구 중화산동,전북특별자치도 전주시 완산구 중화산동2가 777-9,전북특별자치도 전주시 완산구 신촌4길 2-9,010-5686-3800,127.117725,35.81859056,중화산2동,exact_official_building_road,기존 주택 CSV의 건물 좌표; 음식점 자체 측량 좌표 아님
피싱빌리지630_신시가지점,완산구 효자5동,전북특별자치도 전주시 완산구 효자동3가 1529-7 2층,전북특별자치도 전주시 완산구 홍산북로 59-9,0507-1427-0630,127.1081609,35.81785312,효자5동,exact_official_building_road,기존 주택 CSV의 건물 좌표; 음식점 자체 측량 좌표 아님
푸드카페김밥천국_오송점,덕진구 송천동,전북특별자치도 전주시 덕진구 송천동1가 97-6,전북특별자치도 전주시 덕진구 오송1길 37-13,063-274-1919,127.1306685,35.8639102,송천1동,exact_official_building_road,기존 주택 CSV의 건물 좌표; 음식점 자체 측량 좌표 아님
상무초밥_전주_송천직영점,덕진구 송천동1가,전북특별자치도 전주시 덕진구 송천동1가 809-1,전북특별자치도 전주시 덕진구 송천중앙로 217,063-251-9003,127.121222,35.8663702,송천2동,exact_official_building_road,기존 주택 CSV의 건물 좌표; 음식점 자체 측량 좌표 아님
커피집_효자점,완산구 효자5동,전북특별자치도 전주시 완산구 효자동2가 1209-1 1층,전북특별자치도 전주시 완산구 소태정3길 19 1층,070-7799-1119,127.0990697,35.8030024,효자4동,exact_official_building_road,기존 주택 CSV의 건물 좌표; 음식점 자체 측량 좌표 아님
걸작떡볶이치킨_전주아중점,덕진구 우아동2가,전북특별자치도 전주시 덕진구 우아동2가 909-11,전북특별자치도 전주시 덕진구 석소로 18,063-242-2821,127.1696935,35.829017,우아2동,exact_official_building_road,기존 주택 CSV의 건물 좌표; 음식점 자체 측량 좌표 아님
감탄떡볶이_송천센트럴점,덕진구 송천2동,전북특별자치도 전주시 덕진구 송천동1가 382-2,전북특별자치도 전주시 덕진구 송천로 28,063-252-8316,127.1191029,35.855812,송천2동,exact_official_building_road,기존 주택 CSV의 건물 좌표; 음식점 자체 측량 좌표 아님
마음의온도37.5도씨,덕진구 혁신동,전북특별자치도 전주시 덕진구 만성동 1281-4 1층,전북특별자치도 전주시 덕진구 만성남6길 8 1층,010-3840-0999,127.0718566,35.83942639,여의동,exact_official_building_road,기존 주택 CSV의 건물 좌표; 음식점 자체 측량 좌표 아님
초밥장이,완산구 중앙동,전북특별자치도 전주시 완산구 중앙동1가 59-2 1층,전북특별자치도 전주시 완산구 전라감영3길 13 1층,063-288-4944,127.1431644,35.8162182,중앙동,exact_official_building_road,기존 주택 CSV의 건물 좌표; 음식점 자체 측량 좌표 아님
다인촌,완산구 서신동,전북특별자치도 전주시 완산구 서신동 849-9,전북특별자치도 전주시 완산구 서신천변2길 11-3,063-274-2516,127.1152975,35.82694592,서신동,exact_official_building_road,기존 주택 CSV의 건물 좌표; 음식점 자체 측량 좌표 아님
BHC치킨_전주중화산2호점,완산구 중화산동2가,전북특별자치도 전주시 완산구 중화산동2가 576-5,전북특별자치도 전주시 완산구 메너머1길 27,063-236-7333,127.1199027,35.82081471,중화산2동,exact_official_building_road,기존 주택 CSV의 건물 좌표; 음식점 자체 측량 좌표 아님
파스텔디,덕진구 우아동3가,전북특별자치도 전주시 덕진구 우아동3가 743-105,전북특별자치도 전주시 덕진구 우아10길 22,0507-1311-4762,127.1576616,35.85231525,우아1동,exact_official_building_road,기존 주택 CSV의 건물 좌표; 음식점 자체 측량 좌표 아님
드림박스샐러드카페,덕진구 혁신동,전북특별자치도 전주시 덕진구 중동 774-2 1층 101호,전북특별자치도 전주시 덕진구 기지로 70 1층 101호,0507-1349-6900,127.0596511,35.8380944,혁신동,exact_official_building_road,기존 주택 CSV의 건물 좌표; 음식점 자체 측량 좌표 아님
엔젤북카페_전주1호점,완산구 효자동2가,전북특별자치도 전주시 완산구 효자동2가 1227-2 4층,전북특별자치도 전주시 완산구 홍산북로 11-3 4층,070-4139-4330,127.1027991,35.8177255,효자5동,exact_official_building_road,기존 주택 CSV의 건물 좌표; 음식점 자체 측량 좌표 아님
만복감자탕,완산구 중화산동2가,전북특별자치도 전주시 완산구 중화산동2가 663-7,전북특별자치도 전주시 완산구 한두평1길 17-5,063-237-1100,127.1249031,35.8125982,중화산1동,exact_official_building_road,기존 주택 CSV의 건물 좌표; 음식점 자체 측량 좌표 아님
커피팀버_전북도청점,완산구 효자동,전북특별자치도 전주시 완산구 효자동3가 1527-2 1층,"전북특별자치도 전주시 완산구 홍산3길 17, 1층",063-221-9113,127.1071402,35.8183334,효자5동,exact_official_building_road,기존 주택 CSV의 건물 좌표; 음식점 자체 측량 좌표 아님
전복과돌솥밥,완산구 중화산동,전북특별자치도 전주시 완산구 중화산동2가 485-94 1층,전북특별자치도 전주시 완산구 강변로 284 1층,063-255-0380,127.1136963,35.81564973,중화산2동,exact_official_building_road,기존 주택 CSV의 건물 좌표; 음식점 자체 측량 좌표 아님
구운통닭_서신점,완산구 서신동,전북특별자치도 전주시 완산구 서신동 763-1 상가115동 113호,전북특별자치도 전주시 완산구 당산로 27 상가115동 113호,063-252-9279,127.111435,35.8323483,서신동,exact_official_building_road,기존 주택 CSV의 건물 좌표; 음식점 자체 측량 좌표 아님
도나돈아_서신점,완산구 서신동,전북특별자치도 전주시 완산구 서신동 829-5,전북특별자치도 전주시 완산구 서신천변10길 12-8,063-255-9299,127.1153172,35.82916329,서신동,exact_official_building_road,기존 주택 CSV의 건물 좌표; 음식점 자체 측량 좌표 아님
효자회관_전주객사점,완산구 중앙동,전북특별자치도 전주시 완산구 중앙동1가 31-1 2층,전북특별자치도 전주시 완산구 전주객사2길 10 2층,063-286-4490,127.1414429,35.8173614,중앙동,exact_official_building_road,기존 주택 CSV의 건물 좌표; 음식점 자체 측량 좌표 아님
통파이브_전주서신점,완산구 서신동,전북특별자치도 전주시 완산구 서신동 938-6 101호,전북특별자치도 전주시 완산구 새터로 36,063-275-0799,127.1104638,35.83563498,서신동,exact_official_building_road,기존 주택 CSV의 건물 좌표; 음식점 자체 측량 좌표 아님
일품한우곱창,완산구 중화산동2가,전북특별자치도 전주시 완산구 중화산동2가 657-13 1층,전북특별자치도 전주시 완산구 어은로 12 1층,063-906-2300,127.1241667,35.81646543,중화산1동,exact_official_building_road,기존 주택 CSV의 건물 좌표; 음식점 자체 측량 좌표 아님
이탈리돈,완산구 풍남동3가,전북특별자치도 전주시 완산구 풍남동3가 7-7,전북특별자치도 전주시 완산구 간납로 4,1661-8418,127.1551611,35.81660576,풍남동,exact_official_building_road,기존 주택 CSV의 건물 좌표; 음식점 자체 측량 좌표 아님
릴리스코브,완산구 서신동,전북특별자치도 전주시 완산구 서신동 774,전북특별자치도 전주시 완산구 백제대로 424-8,063-252-0774,127.1234442,35.83088115,서신동,exact_official_building_road,기존 주택 CSV의 건물 좌표; 음식점 자체 측량 좌표 아님
성연횟집,완산구 효자5동,전북특별자치도 전주시 완산구 효자동2가 93-1,"전북특별자치도 전주시 완산구 우전2길 72, 효정빌딩 1층",010-4629-3587,127.1070365,35.8103896,효자4동,exact_official_building_road,기존 주택 CSV의 건물 좌표; 음식점 자체 측량 좌표 아님
감성커피_전주케이비에스점,완산구 효자5동,전북특별자치도 전주시 완산구 효자동3가 1633-4 101호,전북특별자치도 전주시 완산구 마전중앙로 13,063-222-5552,127.1033,35.8234667,효자5동,exact_official_building_road,기존 주택 CSV의 건물 좌표; 음식점 자체 측량 좌표 아님
호떡집,덕진구 송천동1가,전북특별자치도 전주시 덕진구 송천동1가 137-135,전북특별자치도 전주시 덕진구 솔내로 103,063-253-1212,127.1263434,35.85923936,송천1동,exact_official_building_road,기존 주택 CSV의 건물 좌표; 음식점 자체 측량 좌표 아님
카페옛날사람,완산구 중화산동2가,전북특별자치도 전주시 완산구 중화산동2가 765-1,전북특별자치도 전주시 완산구 화산천변3길 19-2,010-8858-5483,127.1140754,35.82038441,중화산2동,exact_official_building_road,기존 주택 CSV의 건물 좌표; 음식점 자체 측량 좌표 아님
한라맥주,덕진구 덕진동,전북특별자치도 전주시 덕진구 덕진동1가 1277-2,전북특별자치도 전주시 덕진구 명륜5길 15-5,010-2647-4541,127.1251737,35.8440107,덕진동,exact_official_building_road,기존 주택 CSV의 건물 좌표; 음식점 자체 측량 좌표 아님
청정한우미고,완산구 서신동,전북특별자치도 전주시 완산구 서신동 941-3,전북특별자치도 전주시 완산구 고사평3길 21-4,063-273-7747,127.1074231,35.83634253,서신동,exact_official_building_road,기존 주택 CSV의 건물 좌표; 음식점 자체 측량 좌표 아님
전일갑오,완산구 풍남동,전북특별자치도 전주시 완산구 경원동3가 13-12,전북특별자치도 전주시 완산구 현무2길 16,063-284-0793,127.149966,35.82021051,풍남동,exact_official_building_road,기존 주택 CSV의 건물 좌표; 음식점 자체 측량 좌표 아님
느릿느린커피,완산구 중화산동2가,전북특별자치도 전주시 완산구 중화산동2가 266-49,전북특별자치도 전주시 완산구 영선로 7,010-5870-0645,127.1236375,35.8233476,중화산2동,exact_official_building_road,기존 주택 CSV의 건물 좌표; 음식점 자체 측량 좌표 아님
참맛장어,덕진구 우아동1가,전북특별자치도 전주시 덕진구 우아동1가 1113-2,전북특별자치도 전주시 덕진구 아중로 228,063-246-1058,127.1741484,35.82858076,우아2동,exact_official_building_road,기존 주택 CSV의 건물 좌표; 음식점 자체 측량 좌표 아님
콩시밥상,완산구 풍남동,전북특별자치도 전주시 완산구 전동3가 144-2,전북특별자치도 전주시 완산구 풍남문2길 71,010-8644-8847,127.1453862,35.81280534,풍남동,exact_official_building_road,기존 주택 CSV의 건물 좌표; 음식점 자체 측량 좌표 아님
향토한우,완산구 중화산동,전북특별자치도 전주시 완산구 중화산동2가 750-6,전북특별자치도 전주시 완산구 화산천변3길 6,063-226-9922,127.1156224,35.82059407,중화산2동,exact_official_building_road,기존 주택 CSV의 건물 좌표; 음식점 자체 측량 좌표 아님
장어야놀자_송천점,덕진구 송천1동,전북특별자치도 전주시 덕진구 송천동1가 811-1,전북특별자치도 전주시 덕진구 두간로 54,063-271-0592,127.120312,35.8651055,송천2동,exact_official_building_road,기존 주택 CSV의 건물 좌표; 음식점 자체 측량 좌표 아님
유어글라스,완산구 다가동3가,전북특별자치도 전주시 완산구 다가동3가 24-1,전북특별자치도 전주시 완산구 전주객사1길 12-7,0507-1415-7100,127.1406665,35.81745859,중앙동,exact_official_building_road,기존 주택 CSV의 건물 좌표; 음식점 자체 측량 좌표 아님
사계절시장골목집,완산구 서신동,전북특별자치도 전주시 완산구 서신동 936-6,전북특별자치도 전주시 완산구 새터로 14,063-274-7944,127.1082728,35.83657415,서신동,exact_official_building_road,기존 주택 CSV의 건물 좌표; 음식점 자체 측량 좌표 아님
원조사계절칡냉면_본점,완산구 효자동,전북특별자치도 전주시 완산구 효자동1가 667-10,전북특별자치도 전주시 완산구 효자천변1길 26-23,063-226-7999,127.1144445,35.79906207,효자3동,exact_official_building_road,기존 주택 CSV의 건물 좌표; 음식점 자체 측량 좌표 아님
오유민동태마을_본점,완산구 중화산동,전북특별자치도 전주시 완산구 중화산동2가 780-4,전북특별자치도 전주시 완산구 신촌3길 10,063-225-5252,127.1171878,35.81713551,중화산2동,exact_official_building_road,기존 주택 CSV의 건물 좌표; 음식점 자체 측량 좌표 아님
송천궁,덕진구 송천1동,전북특별자치도 전주시 덕진구 송천동1가 137-70,전북특별자치도 전주시 덕진구 솔내8길 44,063-902-2008,127.1261525,35.8607082,송천1동,exact_official_building_road,기존 주택 CSV의 건물 좌표; 음식점 자체 측량 좌표 아님
대동국수_아중점,덕진구 우아2동,전북특별자치도 전주시 덕진구 우아동2가 918-1,전북특별자치도 전주시 덕진구 아중로 205-1,063-245-3233,127.1716047,35.82839204,우아2동,exact_official_building_road,기존 주택 CSV의 건물 좌표; 음식점 자체 측량 좌표 아님
가루랑키즈카페,덕진구 혁신동,전북특별자치도 전주시 덕진구 만성동 1372-1 7층,전북특별자치도 전주시 덕진구 만성로 140 7층,063-213-1123,127.0770598,35.8434852,여의동,exact_official_building_road,기존 주택 CSV의 건물 좌표; 음식점 자체 측량 좌표 아님
꼬무아,덕진구 우아동2가,전북특별자치도 전주시 덕진구 우아동2가 878-8,전북특별자치도 전주시 덕진구 석소2길 14-2,0507-1396-0981,127.1691136,35.83380078,우아2동,exact_official_building_road,기존 주택 CSV의 건물 좌표; 음식점 자체 측량 좌표 아님
코앤타베_신시가지점,완산구 효자5동,전북특별자치도 전주시 완산구 효자동3가 1535-1 2층,전북특별자치도 전주시 완산구 홍산중앙로 41 2층,063-717-1734,127.1087633,35.8173192,효자5동,exact_official_building_road,기존 주택 CSV의 건물 좌표; 음식점 자체 측량 좌표 아님
경아분식_서신점,완산구 서신동,전북특별자치도 전주시 완산구 서신동 815,전북특별자치도 전주시 완산구 서신로 51,063-273-1135,127.1156067,35.83000363,서신동,exact_official_building_road,기존 주택 CSV의 건물 좌표; 음식점 자체 측량 좌표 아님
이선자떡카페,완산구 풍남동,전북특별자치도 전주시 완산구 전동 161-2,전북특별자치도 전주시 완산구 풍남문2길 30,063-288-4210,127.1471795,35.81378246,풍남동,exact_official_building_road,기존 주택 CSV의 건물 좌표; 음식점 자체 측량 좌표 아님
씨에나뷔페,완산구 중화산동2가,전북특별자치도 전주시 완산구 중화산동2가 261-14 3층,전북특별자치도 전주시 완산구 백제대로 332 3층,063-247-6868,127.1232355,35.82266869,중화산2동,exact_official_building_road,기존 주택 CSV의 건물 좌표; 음식점 자체 측량 좌표 아님
피플레이트,완산구 효자동,전북특별자치도 전주시 완산구 효자동3가 1689-5,전북특별자치도 전주시 완산구 마전들로 52,063-224-6540,127.1014112,35.8208546,효자5동,exact_official_building_road,기존 주택 CSV의 건물 좌표; 음식점 자체 측량 좌표 아님
빽다방_전주KBS점,완산구 효자5동,전북특별자치도 전주시 완산구 효자동3가 1645-7 1동 1층,전북특별자치도 전주시 완산구 마전로 7 1동 1층,063-222-1021,127.104078,35.82175252,효자5동,exact_official_building_road,기존 주택 CSV의 건물 좌표; 음식점 자체 측량 좌표 아님
떡볶이참잘하는집_전주대점,완산구 효자4동,전북특별자치도 전주시 완산구 효자동3가 1172-1,전북특별자치도 전주시 완산구 백마산길 24,063-901-0052,127.0904535,35.8174463,효자4동,exact_official_building_road,기존 주택 CSV의 건물 좌표; 음식점 자체 측량 좌표 아님
곱창이야기_전북도청점,완산구 효자5동,전북특별자치도 전주시 완산구 효자동3가 1530-8,전북특별자치도 전주시 완산구 홍산북로 75,063-229-0292,127.1101842,35.817627,효자5동,exact_official_building_road,기존 주택 CSV의 건물 좌표; 음식점 자체 측량 좌표 아님
구_전주성,완산구 효자5동,전북특별자치도 전주시 완산구 효자동3가 1647-11,전북특별자치도 전주시 완산구 마전1길 18-4,063-252-3939,127.102688,35.8217798,효자5동,exact_official_building_road,기존 주택 CSV의 건물 좌표; 음식점 자체 측량 좌표 아님
삼도리식당,완산구 다가동,전북특별자치도 전주시 완산구 다가동4가 36-8,전북특별자치도 전주시 완산구 전주객사1길 90,063-287-8034,127.1384019,35.82017338,중앙동,exact_official_building_road,기존 주택 CSV의 건물 좌표; 음식점 자체 측량 좌표 아님
우로,완산구 다가동,전북특별자치도 전주시 완산구 다가동4가 61-3,전북특별자치도 전주시 완산구 전주객사2길 73-7,010-2869-1155,127.139236,35.81979178,중앙동,exact_official_building_road,기존 주택 CSV의 건물 좌표; 음식점 자체 측량 좌표 아님
일미리금계찜닭_효자효천점,완산구 효자동2가,전북특별자치도 전주시 완산구 효자동2가 1305-15,전북특별자치도 전주시 완산구 후곡길 23-27,063-222-8299,127.0946642,35.8101047,효자4동,exact_official_building_road,기존 주택 CSV의 건물 좌표; 음식점 자체 측량 좌표 아님
스타벅스_전주한옥마을점,완산구 전동,전북특별자치도 전주시 완산구 전동 187-9,전북특별자치도 전주시 완산구 팔달로 123,1522-3232,127.148522,35.81344045,풍남동,exact_official_building_road,기존 주택 CSV의 건물 좌표; 음식점 자체 측량 좌표 아님
육회야수육아,완산구 서신동,전북특별자치도 전주시 완산구 서신동 931-4,전북특별자치도 전주시 완산구 새터로 51-9,063-902-3041,127.1119621,35.83626794,서신동,exact_official_building_road,기존 주택 CSV의 건물 좌표; 음식점 자체 측량 좌표 아님
사드락사드락,완산구 효자5동,전북특별자치도 전주시 완산구 효자동2가 1312-4,전북특별자치도 전주시 완산구 후곡길 6-11,063-252-7691,127.0970093,35.80974834,효자4동,exact_official_building_road,기존 주택 CSV의 건물 좌표; 음식점 자체 측량 좌표 아님
마포선장_전주신시가지점,완산구 효자동3가,전북특별자치도 전주시 완산구 효자동3가 1528-13 1층,전북특별자치도 전주시 완산구 홍산북로 69-7 1층,"0507-1335-0345, 063-222-0345",127.1097213,35.8181642,효자5동,exact_official_building_road,기존 주택 CSV의 건물 좌표; 음식점 자체 측량 좌표 아님
달토끼의떡볶이흡입구역_신시가지점,완산구 효자5동,전북특별자치도 전주시 완산구 효자동3가 1604-23 1층,전북특별자치도 전주시 완산구 문학대3길 6,063-227-0708,127.101397,35.82692409,효자5동,exact_official_building_road,기존 주택 CSV의 건물 좌표; 음식점 자체 측량 좌표 아님
더리터_서곡점,완산구 효자동3가,전북특별자치도 전주시 완산구 효자동3가 1452-4,전북특별자치도 전주시 완산구 세내로 554,063-278-0048,127.0988965,35.834456,효자5동,exact_official_building_road,기존 주택 CSV의 건물 좌표; 음식점 자체 측량 좌표 아님
팔공티_하가점,덕진구 덕진동,전북특별자치도 전주시 덕진구 덕진동2가 693-3 103호,전북특별자치도 전주시 덕진구 가련산로 7  103호,063-277-5484,127.1098623,35.84093923,덕진동,exact_official_building_road,기존 주택 CSV의 건물 좌표; 음식점 자체 측량 좌표 아님
필스너하우스,완산구 고사동,전북특별자치도 전주시 완산구 고사동 461-1,전북특별자치도 전주시 완산구 전주객사2길 38-4,063-231-8259,127.140869,35.8184523,중앙동,exact_official_building_road,기존 주택 CSV의 건물 좌표; 음식점 자체 측량 좌표 아님
하오츠,덕진구 송천동,전북특별자치도 전주시 덕진구 송천동1가 406-6,전북특별자치도 전주시 덕진구 송천로 34,063-251-8177,127.1191012,35.85633844,송천2동,exact_official_building_road,기존 주택 CSV의 건물 좌표; 음식점 자체 측량 좌표 아님
김밥천국_휴먼시아점,완산구 효자5동,전북특별자치도 전주시 완산구 효자동2가 1319-1,전북특별자치도 전주시 완산구 호암로 78,063-227-0110,127.1027985,35.8084043,효자4동,exact_official_building_road,기존 주택 CSV의 건물 좌표; 음식점 자체 측량 좌표 아님
두부키친_전북대점,덕진구 덕진동,전북특별자치도 전주시 덕진구 덕진동1가 1314-161 2층,전북특별자치도 전주시 덕진구 명륜4길 21-7 2층,0507-1354-9491,127.1263217,35.84403415,덕진동,exact_official_building_road,기존 주택 CSV의 건물 좌표; 음식점 자체 측량 좌표 아님
더리터_전주대점,완산구 효자동3가,전북특별자치도 전주시 완산구 효자동3가 1167-9,전북특별자치도 전주시 완산구 효자로 64,063-221-0028,127.0920731,35.8183845,효자4동,exact_official_building_road,기존 주택 CSV의 건물 좌표; 음식점 자체 측량 좌표 아님
춘천닭갈비비비리_평화점,덕진구 덕진동,전북특별자치도 전주시 완산구 평화동1가 734-6,전북특별자치도 전주시 완산구 평화14길 28-7,0507-415-3927,127.1333411,35.7931052,평화2동,exact_official_building_road,기존 주택 CSV의 건물 좌표; 음식점 자체 측량 좌표 아님
비스트로_찬,덕진구 송천동,전북특별자치도 전주시 덕진구 송천동1가 474-27,전북특별자치도 전주시 덕진구 송천2길 3-15,063-255-0524,127.1206547,35.8585939,송천2동,exact_official_building_road,기존 주택 CSV의 건물 좌표; 음식점 자체 측량 좌표 아님
초밥대통령_전주효자점,완산구 효자동2가,전북특별자치도 전주시 완산구 효자동2가 1318-4,전북특별자치도 전주시 완산구 호암로 85,0507-1407-7858,127.1038576,35.8085454,효자4동,exact_official_building_road,기존 주택 CSV의 건물 좌표; 음식점 자체 측량 좌표 아님
오대양세꼬시회,완산구 중화산동2가,전북특별자치도 전주시 완산구 중화산동2가 653-10,전북특별자치도 전주시 완산구 영경1길 6-3,063-221-4114,127.1236341,35.81760622,중화산2동,exact_official_building_road,기존 주택 CSV의 건물 좌표; 음식점 자체 측량 좌표 아님
썬데이칠,완산구 다가동,전북특별자치도 전주시 완산구 다가동4가  90-6 1층,전북특별자치도 전주시 완산구 전주객사1길 46-3 1층,010-4028-2433,127.1393131,35.8185412,중앙동,exact_official_building_road,기존 주택 CSV의 건물 좌표; 음식점 자체 측량 좌표 아님
백탄참숯불구이,완산구 효자동,전북특별자치도 전주시 완산구 효자동1가 667-7,전북특별자치도 전주시 완산구 효자천변1길 26-33,063-236-1161,127.1149358,35.799064,효자3동,exact_official_building_road,기존 주택 CSV의 건물 좌표; 음식점 자체 측량 좌표 아님
다온정,덕진구 송천동,전북특별자치도 전주시 덕진구 송천동1가 835-2 1층,전북특별자치도 전주시 덕진구 용소로 64 1층,063-252-9899,127.1152592,35.86334044,송천2동,exact_official_building_road,기존 주택 CSV의 건물 좌표; 음식점 자체 측량 좌표 아님
플로리아,완산구 효자동3가,전북특별자치도 전주시 완산구 효자동3가 1539-3,"전북특별자치도 전주시 완산구 홍산남로75, 103호",063-221-3999,127.1101957,35.816017,효자5동,exact_official_building_parcel,기존 주택 CSV의 건물 좌표; 음식점 자체 측량 좌표 아님
인생한잔,덕진구 우아동2가,전북특별자치도 전주시 덕진구 우아동1가 1097-10,전북특별자치도 전주시 덕진구 한배미로 68,010-6256-3556,127.1710181,35.8262609,우아2동,exact_official_building_road,기존 주택 CSV의 건물 좌표; 음식점 자체 측량 좌표 아님
솔솔커피_신시가지점,완산구 효자동3가,전북특별자치도 전주시 완산구 효자동3가 1539-2 1층 솔솔커피,전북특별자치도 전주시 완산구 홍산남로 73,063-236-1358,127.1099758,35.8159923,효자5동,exact_official_building_road,기존 주택 CSV의 건물 좌표; 음식점 자체 측량 좌표 아님
청춘연가_1992_전주신시가지점,완산구 효자5동,전북특별자치도 전주시 완산구 효자동3가 1534-3 201호,전북특별자치도 전주시 완산구 홍산남로 51 201호,063-221-1992,127.1074916,35.8160146,효자5동,exact_official_building_road,기존 주택 CSV의 건물 좌표; 음식점 자체 측량 좌표 아님
카페코펜하겐_서곡점,완산구 효자5동,전북특별자치도 전주시 완산구 효자동3가 1459-1,전북특별자치도 전주시 완산구 서곡로 64,063-283-8080,127.1010059,35.8345286,효자5동,exact_official_building_road,기존 주택 CSV의 건물 좌표; 음식점 자체 측량 좌표 아님
카페기역,완산구 효자4동,전북특별자치도 전주시 완산구 효자동2가 1163-5,전북특별자치도 전주시 완산구 범안1길 12,010-8541-1603,127.1084314,35.8127162,효자4동,exact_official_building_road,기존 주택 CSV의 건물 좌표; 음식점 자체 측량 좌표 아님
달리는커피_전주서신점,완산구 서신동,전북특별자치도 전주시 완산구 서신동 831-3,전북특별자치도 전주시 완산구 서신로 35,063-278-5351,127.1156045,35.8285514,서신동,exact_official_building_road,기존 주택 CSV의 건물 좌표; 음식점 자체 측량 좌표 아님
명동소바,완산구 중화산동,전북특별자치도 전주시 완산구 중화산동2가 748-6,전북특별자치도 전주시 완산구 화산천변6길 4,063-224-7292,127.1158003,35.82151471,중화산2동,exact_official_building_road,기존 주택 CSV의 건물 좌표; 음식점 자체 측량 좌표 아님
콩샌_휴먼시아점,완산구 효자4동,전북특별자치도 전주시 완산구 효자동2가 1312-4,전북특별자치도 전주시 완산구 후곡길 6-11,063-229-0007,127.0970093,35.80974834,효자4동,exact_official_building_road,기존 주택 CSV의 건물 좌표; 음식점 자체 측량 좌표 아님
옻닭매니아,완산구 중화산동2가,전북특별자치도 전주시 완산구 중화산동2가 531-2,전북특별자치도 전주시 완산구 산월1길 12,063-222-5022,127.1218155,35.81291516,중화산2동,exact_official_building_road,기존 주택 CSV의 건물 좌표; 음식점 자체 측량 좌표 아님
자매떡볶이_효자점,완산구 효자동3가,전북특별자치도 전주시 완산구 효자동3가 1732-3,전북특별자치도 전주시 완산구 봉곡로 19,063-237-0900,127.0960772,35.81194054,효자4동,exact_official_building_road,기존 주택 CSV의 건물 좌표; 음식점 자체 측량 좌표 아님
탕화쿵푸마라탕_객사점,완산구 고사동,전북특별자치도 전주시 완산구 고사동 232-4,전북특별자치도 전주시 완산구 전주객사5길 73-26,0507-1427-8886,127.1439427,35.8213938,중앙동,exact_official_building_road,기존 주택 CSV의 건물 좌표; 음식점 자체 측량 좌표 아님
서신홍탁,완산구 서신동,전북특별자치도 전주시 완산구 서신동 843-5,전북특별자치도 전주시 완산구 서신천변1길 11,063-255-1771,127.1134544,35.8264727,서신동,exact_official_building_road,기존 주택 CSV의 건물 좌표; 음식점 자체 측량 좌표 아님
이디야커피_전주고사점,완산구 중앙동,전북특별자치도 전주시 완산구 고사동 55-6,전북특별자치도 전주시 완산구 전주객사5길 32,063-288-1725,127.1454455,35.8196178,중앙동,exact_official_building_road,기존 주택 CSV의 건물 좌표; 음식점 자체 측량 좌표 아님
모퉁이케이크,덕진구 우아동2가,전북특별자치도 전주시 덕진구 우아동2가 884-10,전북특별자치도 전주시 덕진구 중상보로 17,010-2648-7500,127.1695875,35.83292978,우아2동,exact_official_building_road,기존 주택 CSV의 건물 좌표; 음식점 자체 측량 좌표 아님
이디야커피_전주서곡지구점,완산구 효자5동,전북특별자치도 전주시 완산구 효자동3가 1450-5,전북특별자치도 전주시 완산구 서곡1길 13-8,063-271-1000,127.099261,35.8348325,효자5동,exact_official_building_road,기존 주택 CSV의 건물 좌표; 음식점 자체 측량 좌표 아님
천안당호두과자_전주에코점,덕진구 송천동2가,전북특별자치도 전주시 덕진구 송천동2가 38-2 101-105,전북특별자치도 전주시 덕진구 동부대로 962 101-105,063-255-0190,127.1418118,35.86944529,송천1동,exact_official_building_road,기존 주택 CSV의 건물 좌표; 음식점 자체 측량 좌표 아님
신뱅이,완산구 풍남동,전북특별자치도 전주시 완산구 교동 98-1,전북특별자치도 전주시 완산구 경기전길 153-9,063-282-3030,127.1518364,35.8126119,풍남동,exact_official_building_road,기존 주택 CSV의 건물 좌표; 음식점 자체 측량 좌표 아님
마싣다한상,완산구 효자동,전북특별자치도 전주시 완산구 효자동3가 1544-2,전북특별자치도 전주시 완산구 홍산2길 10,063-229-9090,127.1101124,35.814414,효자5동,exact_official_building_road,기존 주택 CSV의 건물 좌표; 음식점 자체 측량 좌표 아님
장가육고기,완산구 중화산동2가,전북특별자치도 전주시 완산구 중화산동2가 576-2,전북특별자치도 전주시 완산구 메너머1길 33,0507-1343-1933,127.1192718,35.82081911,중화산2동,exact_official_building_road,기존 주택 CSV의 건물 좌표; 음식점 자체 측량 좌표 아님
팔공티_전주대점,완산구 효자동3가,전북특별자치도 전주시 완산구 효자동3가 1184-6,전북특별자치도 전주시 완산구 백마산길 19,0507-1338-8421,127.0911674,35.8173821,효자4동,exact_official_building_road,기존 주택 CSV의 건물 좌표; 음식점 자체 측량 좌표 아님
돈앤김,덕진구 송천동1가,전북특별자치도 전주시 덕진구 송천동1가 46-6,전북특별자치도 전주시 덕진구 사근1길 71,0507-1340-2383,127.1350341,35.86645851,송천1동,exact_official_building_road,기존 주택 CSV의 건물 좌표; 음식점 자체 측량 좌표 아님
이디야커피_전주송천점,덕진구 송천1동,전북특별자치도 전주시 덕진구 송천동2가 516-4,전북특별자치도 전주시 덕진구 송천중앙로 220,070-4412-1066,127.1217641,35.8667759,송천1동,exact_official_building_road,기존 주택 CSV의 건물 좌표; 음식점 자체 측량 좌표 아님
효자동그집,완산구 효자동,전북특별자치도 전주시 완산구 효자동3가 1656-13,전북특별자치도 전주시 완산구 마전들로 9,063-223-0022,127.0967027,35.82121071,효자5동,exact_official_building_road,기존 주택 CSV의 건물 좌표; 음식점 자체 측량 좌표 아님
고선생한접시참치_송천점,덕진구 송천동,전북특별자치도 전주시 덕진구 송천동2가 176-31 1층,전북특별자치도 전주시 덕진구 사근1길 19,063-288-0114,127.1293513,35.8666789,송천1동,exact_official_building_road,기존 주택 CSV의 건물 좌표; 음식점 자체 측량 좌표 아님
인생극장쪽갈비,완산구 효자동,전북특별자치도 전주시 완산구 효자동3가 1689-4,전북특별자치도 전주시 완산구 마전들로 50,063-221-8292,127.1011156,35.8208738,효자5동,exact_official_building_road,기존 주택 CSV의 건물 좌표; 음식점 자체 측량 좌표 아님
종로곱창,완산구 태평동,전북특별자치도 전주시 완산구 태평동 3-4,전북특별자치도 전주시 완산구 노송여울1길 57,063-276-3376,127.1419389,35.8268114,노송동,exact_official_building_road,기존 주택 CSV의 건물 좌표; 음식점 자체 측량 좌표 아님
이삭토스트_전주신시가지점,완산구 효자5동,전북특별자치도 전주시 완산구 효자동2가 1256-1,전북특별자치도 전주시 완산구 우전로 210,063-221-2421,127.1020735,35.8131329,효자4동,exact_official_building_road,기존 주택 CSV의 건물 좌표; 음식점 자체 측량 좌표 아님
소문난대구왕뽈찜탕,완산구 효자동1가,전북특별자치도 전주시 완산구 효자동1가 393-4,전북특별자치도 전주시 완산구 거마평로 179,063-222-4455,127.1156473,35.80834542,효자3동,exact_official_building_road,기존 주택 CSV의 건물 좌표; 음식점 자체 측량 좌표 아님
하랑카페,완산구 중화산동2가,전북특별자치도 전주시 완산구 중화산동2가  616-10,전북특별자치도 전주시 완산구 중산3길 15-6,063-229-5456,127.1185811,35.8153641,중화산2동,exact_official_building_road,기존 주택 CSV의 건물 좌표; 음식점 자체 측량 좌표 아님
추노네가맥,덕진구 송천동2가,전북특별자치도 전주시 덕진구 송천동2가 179-119,전북특별자치도 전주시 덕진구 사근1길 31,010-5096-1981,127.1305541,35.8666658,송천1동,exact_official_building_road,기존 주택 CSV의 건물 좌표; 음식점 자체 측량 좌표 아님
야키니쿠우연,완산구 서신동,전북특별자치도 전주시 완산구 서신동 933-8 1층,전북특별자치도 전주시 완산구 고사평5길 3 1층,010-7413-9203,127.1094698,35.83642979,서신동,exact_official_building_road,기존 주택 CSV의 건물 좌표; 음식점 자체 측량 좌표 아님
멕시칸치킨_한일동아점,완산구 서신동,전북특별자치도 전주시 완산구 서신동 961,전북특별자치도 전주시 완산구 새터로 95,063-278-2929,127.1192691,35.83611432,서신동,exact_official_building_parcel,기존 주택 CSV의 건물 좌표; 음식점 자체 측량 좌표 아님
KFC_전북도청점,완산구 효자동,전북특별자치도 전주시 완산구 효자동3가 1525-1,전북특별자치도 전주시 완산구 효자로 194,063-221-2920,127.1062926,35.8185094,효자5동,exact_official_building_road,기존 주택 CSV의 건물 좌표; 음식점 자체 측량 좌표 아님
진상,완산구 다가동3가,전북특별자치도 전주시 완산구 다가동3가 47-2,전북특별자치도 전주시 완산구 전주객사1길 46-8,010-6484-3570,127.1394793,35.818388,중앙동,exact_official_building_road,기존 주택 CSV의 건물 좌표; 음식점 자체 측량 좌표 아님
처가집양념치킨_전주혁신,덕진구 혁신동,전북특별자치도 전주시 덕진구 중동 785-2,전북특별자치도 전주시 덕진구 오정2길 3,063-222-9283,127.0613628,35.83568572,혁신동,exact_official_building_road,기존 주택 CSV의 건물 좌표; 음식점 자체 측량 좌표 아님
공간하나줌,덕진구 혁신동,전북특별자치도 전주시 덕진구 혁신동 774-6 4층,전북특별자치도 전주시 덕진구 안전로 152 4층,063-226-7020,127.0589984,35.837498,혁신동,exact_official_building_road,기존 주택 CSV의 건물 좌표; 음식점 자체 측량 좌표 아님
파,덕진구 덕진동,전북특별자치도 전주시 덕진구 덕진동1가 1439-2,전북특별자치도 전주시 덕진구 들사평1길 44,063-278-3658,127.1229566,35.8371358,덕진동,exact_official_building_road,기존 주택 CSV의 건물 좌표; 음식점 자체 측량 좌표 아님
개똥이네,완산구 효자동3가,전북특별자치도 전주시 완산구 효자동3가 1159-12,전북특별자치도 전주시 완산구 백마산길7,063-228-9998,127.0924429,35.8178318,효자4동,exact_official_building_parcel,기존 주택 CSV의 건물 좌표; 음식점 자체 측량 좌표 아님
마루벌돌구이_효자점,완산구 효자동,전북특별자치도 전주시 완산구 효자동1가 395-2,전북특별자치도 전주시 완산구 거마평로 171-5,063-225-8579,127.1152239,35.80761225,효자3동,exact_official_building_road,기존 주택 CSV의 건물 좌표; 음식점 자체 측량 좌표 아님
짱닭치킨_전주서신점,완산구 서신동,전북특별자치도 전주시 완산구 서신동 921-7,전북특별자치도 전주시 완산구 고사평7길 8,063-272-1532,127.1098453,35.83749611,서신동,exact_official_building_road,기존 주택 CSV의 건물 좌표; 음식점 자체 측량 좌표 아님
역전우동0410_전북대점,덕진구 덕진동,전북특별자치도 전주시 덕진구 덕진동1가 1314-169,전북특별자치도 전주시 덕진구 명륜4길 19,063-251-3235,127.1268772,35.8436626,덕진동,exact_official_building_road,기존 주택 CSV의 건물 좌표; 음식점 자체 측량 좌표 아님
몽유도,완산구 다가동,전북특별자치도 전주시 완산구 다가동 3가 6-1,전북특별자치도 전주시 완산구 전주객사2길 37,063-285-5300,127.1404981,35.8184062,중앙동,exact_official_building_road,기존 주택 CSV의 건물 좌표; 음식점 자체 측량 좌표 아님
오원집_전주대직영점,완산구 효자동2가,전북특별자치도 전주시 완산구 효자동2가 1312-3,전북특별자치도 전주시 완산구 후곡길 12-8,063-232-1123,127.0966477,35.8097853,효자4동,exact_official_building_road,기존 주택 CSV의 건물 좌표; 음식점 자체 측량 좌표 아님
헤리티지,완산구 중화산동2가,전북특별자치도 전주시 완산구 중화산동2가 686-1,전북특별자치도 전주시 완산구 유연로 328,063-227-7485,127.1213388,35.82507037,중화산2동,exact_official_building_road,기존 주택 CSV의 건물 좌표; 음식점 자체 측량 좌표 아님
제이키즈클럽,완산구 효자동,전북특별자치도 전주시 완산구 효자동1가 173-8 효자메디컬프라자 2층,"전북특별자치도 전주시 완산구 백제대로 140, 효자메디컬프라자 2층",063-222-8700,127.1238833,35.805427,효자1동,exact_official_building_road,기존 주택 CSV의 건물 좌표; 음식점 자체 측량 좌표 아님
피자스쿨_서부점,완산구 효자동1가,전북특별자치도 전주시 완산구 효자동1가 193-2,전북특별자치도 전주시 완산구 용머리로 157,063-908-8255,127.1272803,35.8062963,효자1동,exact_official_building_road,기존 주택 CSV의 건물 좌표; 음식점 자체 측량 좌표 아님
공차_에코시티점,덕진구 송천1동,전북특별자치도 전주시 덕진구 송천동2가 1326-11 청동빌딩,"전북특별자치도 전주시 덕진구 세병남로 39, 1층 105,106호",063-252-0456,127.1277996,35.8732778,송천1동,exact_official_building_road,기존 주택 CSV의 건물 좌표; 음식점 자체 측량 좌표 아님
남원본가추어탕,완산구 중화산동2가,전북특별자치도 전주시 완산구 중화산동2가 774-5,전북특별자치도 전주시 완산구 신촌4길 18,063-225-3357,127.1163461,35.8179521,중화산2동,exact_official_building_road,기존 주택 CSV의 건물 좌표; 음식점 자체 측량 좌표 아님
암소야돼지야_서곡점,완산구 효자동3가,전북특별자치도 전주시 완산구 효자동3가 1436-6,전북특별자치도 전주시 완산구 서곡로 72,063-224-3228,127.1014426,35.8350881,효자5동,exact_official_building_road,기존 주택 CSV의 건물 좌표; 음식점 자체 측량 좌표 아님
하가뷔페,덕진구 덕진동,전북특별자치도 전주시 덕진구 덕진동2가 675-3,전북특별자치도 전주시 덕진구 추탄로 20,063-255-0491,127.1095581,35.84240612,덕진동,exact_official_building_road,기존 주택 CSV의 건물 좌표; 음식점 자체 측량 좌표 아님
얌스_전주송천센트럴점,덕진구 송천동,전북특별자치도 전주시 덕진구 송천동1가 349-13,전북특별자치도 전주시 덕진구 송천로 20,063-254-9933,127.1192803,35.8551361,송천2동,exact_official_building_road,기존 주택 CSV의 건물 좌표; 음식점 자체 측량 좌표 아님
일미식당,덕진구 송천1동,전북특별자치도 전주시 덕진구 송천동2가 492-51,전북특별자치도 전주시 덕진구 송천중앙로 241,063-276-1138,127.1210935,35.86844852,송천2동,exact_official_building_road,기존 주택 CSV의 건물 좌표; 음식점 자체 측량 좌표 아님
고수라김밥_중화산점,완산구 중화산동,전북특별자치도 전주시 완산구 중화산동2가 654,전북특별자치도 전주시 완산구 영경1길 14,063-905-6000,127.1243066,35.81783644,중화산2동,exact_official_building_road,기존 주택 CSV의 건물 좌표; 음식점 자체 측량 좌표 아님
포차이즈백_두꺼비집_전주신시가지점,완산구 효자동3가,전북특별자치도 전주시 완산구 효자동3가 1536-2,전북특별자치도 전주시 완산구 홍산중앙로 40,1877-3132,127.1093248,35.8171145,효자5동,exact_official_building_road,기존 주택 CSV의 건물 좌표; 음식점 자체 측량 좌표 아님
부엉이돈가스_전주중화산점,완산구 중화산동,전북특별자치도 전주시 완산구 중화산동2가 268,전북특별자치도 전주시 완산구 백제대로 354,063-227-1284,127.1232562,35.8246262,중화산2동,exact_official_building_road,기존 주택 CSV의 건물 좌표; 음식점 자체 측량 좌표 아님
장수청정삼겹살,완산구 서신동,전북특별자치도 전주시 완산구 서신동 862,전북특별자치도 전주시 완산구 전룡2길 12-4,063-251-6500,127.1176403,35.82626009,서신동,exact_official_building_road,기존 주택 CSV의 건물 좌표; 음식점 자체 측량 좌표 아님
보리먹은한우,덕진구 송천동,전북특별자치도 전주시 덕진구 송천동1가 808-7,전북특별자치도 전주시 덕진구 두간2길 3-4,063-276-6700,127.1206652,35.8656857,송천2동,exact_official_building_road,기존 주택 CSV의 건물 좌표; 음식점 자체 측량 좌표 아님
장수촌마을,완산구 중화산동2가,전북특별자치도 전주시 완산구 중화산동2가 530-1,전북특별자치도 전주시 완산구 산월1길 22 ),063-225-5403,127.1208227,35.8129941,중화산2동,exact_official_building_road,기존 주택 CSV의 건물 좌표; 음식점 자체 측량 좌표 아님
라화쿵부_전북대점,덕진구 덕진동1가,전북특별자치도 전주시 덕진구 덕진동1가 664-8 2층,전북특별자치도 전주시 덕진구 명륜4길 23 2층,063-272-8666,127.1271207,35.843943,덕진동,exact_official_building_road,기존 주택 CSV의 건물 좌표; 음식점 자체 측량 좌표 아님
한우물바지락죽,완산구 중화산동2가,전북특별자치도 전주시 완산구 중화산동2가 654-11,전북특별자치도 전주시 완산구 영경2길 14,063-225-5166,127.12413,35.8177991,중화산2동,exact_official_building_road,기존 주택 CSV의 건물 좌표; 음식점 자체 측량 좌표 아님
독도쭈꾸미,완산구 서신동,전북특별자치도 전주시 완산구 서신동 830-7,전북특별자치도 전주시 완산구 서신천변8길 12,063-272-2280,127.1153151,35.8284957,서신동,exact_official_building_road,기존 주택 CSV의 건물 좌표; 음식점 자체 측량 좌표 아님
레릿비미_전주본점,완산구 서신동,전북특별자치도 전주시 완산구 서신동802-4,전북특별자치도 전주시 완산구 서신천변로 67,063-276-5010,127.1140641,35.8313713,서신동,exact_official_building_road,기존 주택 CSV의 건물 좌표; 음식점 자체 측량 좌표 아님
미친짝태앤노가리,덕진구 덕진동,전북특별자치도 전주시 덕진구 덕진동2가 670-6,전북특별자치도 전주시 덕진구 가리내8길 10-5,063-253-1288,127.1104824,35.84389109,덕진동,exact_official_building_road,기존 주택 CSV의 건물 좌표; 음식점 자체 측량 좌표 아님
전주새알팥죽,덕진구 우아동1가,전북특별자치도 전주시 덕진구 우아동1가 1101-9,전북특별자치도 전주시 덕진구 인교6길 9,063-243-3735,127.1719879,35.82559159,우아2동,exact_official_building_road,기존 주택 CSV의 건물 좌표; 음식점 자체 측량 좌표 아님
교동시래청,완산구 풍남동,전북특별자치도 전주시 완산구 풍남동3가 76-12,전북특별자치도 전주시 완산구 은행로 40,063-273-9171,127.1519768,35.81634904,풍남동,exact_official_building_road,기존 주택 CSV의 건물 좌표; 음식점 자체 측량 좌표 아님
김밥이좋다,덕진구 송천1동,전북특별자치도 전주시 덕진구 송천동1가 543-62 성원무지개아파트 1층 105호,"전북특별자치도 전주시 덕진구 용소로 101, 성원무지개아파트 A동 1층 105호",063-277-0704,127.1195041,35.8637644,송천2동,exact_official_building_road,기존 주택 CSV의 건물 좌표; 음식점 자체 측량 좌표 아님
더팟틀럭,완산구 효자동,전북특별자치도 전주시 완산구 효자동2가 1255-3,전북특별자치도 전주시 완산구 구룡2길 7,063-237-4280,127.1026411,35.8133956,효자4동,exact_official_building_road,기존 주택 CSV의 건물 좌표; 음식점 자체 측량 좌표 아님
안녕다가동,완산구 고사동,전북특별자치도 전주시 완산구 고사동 462-8,전북특별자치도 전주시 완산구 전주객사2길 28-7,0507-1475-0014,127.1412693,35.8182115,중앙동,exact_official_building_road,기존 주택 CSV의 건물 좌표; 음식점 자체 측량 좌표 아님
부부파스타,덕진구 송천동,전북특별자치도 전주시 덕진구 송천동1가 98-2 원재빌딩 104호,전북특별자치도 전주시 덕진구 오송1길 31 원재빌딩 104호,063-278-9003,127.1306214,35.8630436,송천1동,exact_official_building_road,기존 주택 CSV의 건물 좌표; 음식점 자체 측량 좌표 아님
카페테라,완산구 효자4동,전북특별자치도 전주시 완산구 효자동2가 1163-4,전북특별자치도 전주시 완산구 범안1길 12-3,063-221-7122,127.10823,35.8128322,효자4동,exact_official_building_road,기존 주택 CSV의 건물 좌표; 음식점 자체 측량 좌표 아님
아줌마순대국밥,완산구 서신동,전북특별자치도 전주시 완산구 서신동 801-10,전북특별자치도 전주시 완산구 서신천변13길 6,063-275-8659,127.113652,35.83061116,서신동,exact_official_building_road,기존 주택 CSV의 건물 좌표; 음식점 자체 측량 좌표 아님
살롱드노체,완산구 효자동,전북특별자치도 전주시 완산구 효자동1가 669-11,"전북특별자치도 전주시 완산구 용리로 55, 1층","0507-1485-6655, 010-7245-6655",127.1157526,35.79882832,효자3동,exact_official_building_road,기존 주택 CSV의 건물 좌표; 음식점 자체 측량 좌표 아님
굴리,완산구 중앙동,"전북특별자치도 전주시 완산구 중앙동1가 38-1, 1층","전북특별자치도 전주시 완산구 충경로 24, 1층",010-9125-3173,127.1420001,35.81693632,중앙동,exact_official_building_road,기존 주택 CSV의 건물 좌표; 음식점 자체 측량 좌표 아님
독도쭈꾸미_에코시티점,덕진구 송천동,전북특별자치도 전주시 덕진구 송천동2가 1331-12 1층 105호,전북특별자치도 전주시 덕진구 세병서로 43 1층 105호,063-251-8799,127.1270353,35.8719771,송천1동,exact_official_building_road,기존 주택 CSV의 건물 좌표; 음식점 자체 측량 좌표 아님
동래분식,완산구 풍남동,전북특별자치도 전주시 완산구 전동 303-238,전북특별자치도 전주시 완산구 풍남문2길 39,063-288-4607,127.147168,35.8125984,풍남동,exact_official_building_road,기존 주택 CSV의 건물 좌표; 음식점 자체 측량 좌표 아님
개성삼계탕닭한마리,완산구 효자5동,전북특별자치도 전주시 완산구 효자동3가 1528-5,"전북특별자치도 전주시 완산구 홍산4길 14, 1~3층",063-222-2415,127.1104688,35.81829381,효자5동,exact_official_building_road,기존 주택 CSV의 건물 좌표; 음식점 자체 측량 좌표 아님
피자헛_전주송천점,덕진구 송천동,전북특별자치도 전주시 덕진구 송천동1가 107-202,전북특별자치도 전주시 덕진구 천마산로 54,063-276-9915,127.1277421,35.8641122,송천1동,exact_official_building_road,기존 주택 CSV의 건물 좌표; 음식점 자체 측량 좌표 아님
아중리퓨전가맥,덕진구 우아동1가,전북특별자치도 전주시 덕진구 우아동1가 1102-4,전북특별자치도 전주시 덕진구 한배미로 48,063-244-8736,127.1701733,35.82448851,우아2동,exact_official_building_road,기존 주택 CSV의 건물 좌표; 음식점 자체 측량 좌표 아님
인생닭강정_전주대점,완산구 효자5동,전북특별자치도 전주시 완산구 효자동3가 1724-4 1층,전북특별자치도 전주시 완산구 서원로 2 1층,063-717-7966,127.0946911,35.8133863,효자4동,exact_official_building_road,기존 주택 CSV의 건물 좌표; 음식점 자체 측량 좌표 아님
닭대갈이_본점,완산구 효자5동,전북특별자치도 전주시 완산구 효자동3가 1670-1,전북특별자치도 전주시 완산구 마전들로 12,063-836-8210,127.0968179,35.8208803,효자5동,exact_official_building_road,기존 주택 CSV의 건물 좌표; 음식점 자체 측량 좌표 아님
그룸,완산구 다가동3가,전북특별자치도 전주시 완산구 다가동3가 96-2,전북특별자치도 전주시 완산구 전라감영2길 36,0507-1425-1450,127.1413512,35.8162634,중앙동,exact_official_building_road,기존 주택 CSV의 건물 좌표; 음식점 자체 측량 좌표 아님
참숯한우천국_전주점,덕진구 송천동,전북특별자치도 전주시 덕진구 송천동1가 809-2,전북특별자치도 전주시 덕진구 송천중앙로 215,063-272-5399,127.1212071,35.86617806,송천2동,exact_official_building_road,기존 주택 CSV의 건물 좌표; 음식점 자체 측량 좌표 아님
뵈레,완산구 효자동1가,전북특별자치도 전주시 완산구 효자동1가 408-1,전북특별자치도 전주시 완산구 강변로 212-6,010-4349-0624,127.1106169,35.80698344,효자3동,exact_official_building_road,기존 주택 CSV의 건물 좌표; 음식점 자체 측량 좌표 아님
누룩꽃피는날_아중점,덕진구 우아동2가,전북특별자치도 전주시 덕진구 우아동2가 918-7,전북특별자치도 전주시 덕진구 아중중앙로 5,063-242-1331,127.1726071,35.8288586,우아2동,exact_official_building_road,기존 주택 CSV의 건물 좌표; 음식점 자체 측량 좌표 아님
교동국수_안행점,완산구 효자동1가,전북특별자치도 전주시 완산구 효자동1가 687-10,전북특별자치도 전주시 완산구 안행로 45,063-223-9082,127.1329514,35.801541,효자1동,exact_official_building_road,기존 주택 CSV의 건물 좌표; 음식점 자체 측량 좌표 아님
투데이커피,완산구 효자동,전북특별자치도 전주시 완산구 효자동1가 428-5,전북특별자치도 전주시 완산구 용머리로 44,없음,127.1151196,35.8060432,효자3동,exact_official_building_road,기존 주택 CSV의 건물 좌표; 음식점 자체 측량 좌표 아님
동대문엽기떡볶이_전주혁신도시점,덕진구 혁신동,전북특별자치도 전주시 덕진구 혁신동 776-12,전북특별자치도 전주시 덕진구 오공로 43-13,063-287-8592,127.0599496,35.83726099,혁신동,exact_official_building_road,기존 주택 CSV의 건물 좌표; 음식점 자체 측량 좌표 아님
역전뚝배기짬뽕_본점,덕진구 송천2동,전북특별자치도 전주시 덕진구 송천동1가 833-1 1층,전북특별자치도 전주시 덕진구 시천로 58,063-276-7686,127.1146164,35.86439024,송천2동,exact_official_building_road,기존 주택 CSV의 건물 좌표; 음식점 자체 측량 좌표 아님
독도막회,완산구 서신동,전북특별자치도 전주시 완산구 서신동 935-4 1층,전북특별자치도 전주시 완산구 새터로 43 1층,063-255-3563,127.1113166,35.8357304,서신동,exact_official_building_road,기존 주택 CSV의 건물 좌표; 음식점 자체 측량 좌표 아님
청록원가든,덕진구 송천1동,전북특별자치도 전주시 덕진구 송천동2가 690-1,전북특별자치도 전주시 덕진구 전미로 37-8,063-252-2074,127.1130595,35.87295918,송천2동,exact_official_building_road,기존 주택 CSV의 건물 좌표; 음식점 자체 측량 좌표 아님
해성수산,완산구 서신동,전북특별자치도 전주시 완산구 서신동 832-3 1층,"전북특별자치도 전주시 완산구 서신로 36, 1층",063-223-8282,127.1160322,35.82855565,서신동,exact_official_building_road,기존 주택 CSV의 건물 좌표; 음식점 자체 측량 좌표 아님
수도회관,완산구 중앙동4가,전북특별자치도 전주시 완산구 중앙동4가 49-17,전북특별자치도 전주시 완산구 풍남문4길 26-3,063-286-5104,127.1455639,35.81481654,중앙동,exact_official_building_road,기존 주택 CSV의 건물 좌표; 음식점 자체 측량 좌표 아님
참삼겹살,완산구 중화산동2가,전북특별자치도 전주시 완산구 중화산동2가 577,전북특별자치도 전주시 완산구 인정로 20,063-226-7794,127.120334,35.82083589,중화산2동,exact_official_building_road,기존 주택 CSV의 건물 좌표; 음식점 자체 측량 좌표 아님
셀렉토커피_전주대점,완산구 효자5동,전북특별자치도 전주시 완산구 효자동3가 1718-3,전북특별자치도 전주시 완산구 용호로 129-1,063-278-5575,127.0968195,35.81479425,효자5동,exact_official_building_road,기존 주택 CSV의 건물 좌표; 음식점 자체 측량 좌표 아님
호남각,덕진구 송천1동,전북특별자치도 전주시 덕진구 송천동2가 558-3,전북특별자치도 전주시 덕진구 와룡1길 11-4,063-278-8150,127.1131164,35.86485688,송천2동,exact_official_building_road,기존 주택 CSV의 건물 좌표; 음식점 자체 측량 좌표 아님
서도분식,완산구 효자동1가,전북특별자치도 전주시 완산구 효자동1가 454-1,전북특별자치도 전주시 완산구 용머리로 36,063-224-3878,127.1144062,35.8054176,효자3동,exact_official_building_road,기존 주택 CSV의 건물 좌표; 음식점 자체 측량 좌표 아님
두레박,완산구 서신동,전북특별자치도 전주시 완산구 서신동 958-9,전북특별자치도 전주시 완산구 고사평2길 14-1,063-273-2532,127.1109999,35.83420586,서신동,exact_official_building_road,기존 주택 CSV의 건물 좌표; 음식점 자체 측량 좌표 아님
미가옥_송천점,덕진구 송천동,전북특별자치도 전주시 덕진구 송천동2가  1221,전북특별자치도 전주시 덕진구 와룡로 100,063-277-7720,127.1123252,35.86829403,송천2동,exact_official_building_road,기존 주택 CSV의 건물 좌표; 음식점 자체 측량 좌표 아님
예그리나,덕진구 덕진동,전북특별자치도 전주시 덕진구 덕진동1가 1261-30 3층,전북특별자치도 전주시 덕진구 명륜4길 15 3층,070-4237-0019,127.1265369,35.8432503,덕진동,exact_official_building_road,기존 주택 CSV의 건물 좌표; 음식점 자체 측량 좌표 아님
맘스터치_전북대점,덕진구 덕진동1가,전북특별자치도 전주시 덕진구 덕진동1가 1266-22 2층,전북특별자치도 전주시 덕진구 명륜4길 4 2층,063-252-0054,127.1262737,35.8422745,덕진동,exact_official_building_road,기존 주택 CSV의 건물 좌표; 음식점 자체 측량 좌표 아님
킹마니치킨앤찜닭_송천점,덕진구 송천동1가,전북특별자치도 전주시 덕진구 송천동1가 832-2,전북특별자치도 전주시 덕진구 시천로 66,0504-2015-0868,127.1146419,35.86508443,송천2동,exact_official_building_road,기존 주택 CSV의 건물 좌표; 음식점 자체 측량 좌표 아님
원평피순대_남부시장점,완산구 풍남동,전북특별자치도 전주시 완산구 전동3가 2-244,전북특별자치도 전주시 완산구 풍남문2길 65,063-288-9882,127.1458794,35.8126483,풍남동,exact_official_building_road,기존 주택 CSV의 건물 좌표; 음식점 자체 측량 좌표 아님
달콤커피_전주고사점,완산구 중앙동,전북특별자치도 전주시 완산구 고사동 155-3,전북특별자치도 전주시 완산구 전주객사4길 47,063-288-7266,127.1434049,35.8197588,중앙동,exact_official_building_road,기존 주택 CSV의 건물 좌표; 음식점 자체 측량 좌표 아님
마루김밥_서부신시가지점,완산구 효자동2가,"전북특별자치도 전주시 완산구 효자동2가 1238-8, 1동 105호","전북특별자치도 전주시 완산구 홍산남로29-7, 1동 105호",063-226-2955,127.1049962,35.816026,효자5동,exact_official_building_parcel,기존 주택 CSV의 건물 좌표; 음식점 자체 측량 좌표 아님
동창갈비_본점,덕진구 송천2동,전북특별자치도 전주시 덕진구 송천동1가 812-2,전북특별자치도 전주시 덕진구 송천중앙로 201,063-255-9090,127.1212727,35.8649479,송천2동,exact_official_building_road,기존 주택 CSV의 건물 좌표; 음식점 자체 측량 좌표 아님
포레스트,완산구 효자5동,전북특별자치도 전주시 완산구 효자동3가 1480-6 2층,전북특별자치도 전주시 완산구 세내로 505 2층,063-901-8019,127.1032552,35.83194922,효자5동,exact_official_building_road,기존 주택 CSV의 건물 좌표; 음식점 자체 측량 좌표 아님
장어명가청산_전주직영점,완산구 중화산동,전북특별자치도 전주시 완산구 중화산동2가 247-1,전북특별자치도 전주시 완산구 백제대로 294,063-229-9592,127.1233713,35.81937088,중화산2동,exact_official_building_road,기존 주택 CSV의 건물 좌표; 음식점 자체 측량 좌표 아님
포이스트_전주본점,완산구 효자동,전북특별자치도 전주시 완산구 효자동3가 1531-1 117호,전북특별자치도 전주시 완산구 홍산로 262 117호,063-224-9400,127.1064362,35.817218,효자5동,exact_official_building_road,기존 주택 CSV의 건물 좌표; 음식점 자체 측량 좌표 아님
달인매콤돈까스,완산구 효자동3가,전북특별자치도 전주시 완산구 효자동3가 1664-2,전북특별자치도 전주시 완산구 척동4길6,050-7987-5845,127.1003057,35.82213,효자5동,exact_official_building_parcel,기존 주택 CSV의 건물 좌표; 음식점 자체 측량 좌표 아님
전풍손칼국수,완산구 서신동,전북특별자치도 전주시 완산구 서신동 950-4,전북특별자치도 전주시 완산구 고사평4길 12-6,063-285-5200,127.1105572,35.8350579,서신동,exact_official_building_road,기존 주택 CSV의 건물 좌표; 음식점 자체 측량 좌표 아님
맥도날드_전주송천DT점,덕진구 송천동2가,전북특별자치도 전주시 덕진구 송천동2가 527,전북특별자치도 전주시 덕진구 송천중앙로 200,070-7017-4551,127.121962,35.86499385,송천1동,exact_official_building_road,기존 주택 CSV의 건물 좌표; 음식점 자체 측량 좌표 아님
이태리부대찌개_전주혁신점,덕진구 혁신동,전북특별자치도 전주시 덕진구 중동 776-7,전북특별자치도 전주시 덕진구 오공로 37,063-229-9998,127.0594921,35.8362827,혁신동,exact_official_building_road,기존 주택 CSV의 건물 좌표; 음식점 자체 측량 좌표 아님
스타벅스_전주덕진광장DT,덕진구 덕진동1가,전북특별자치도 전주시 덕진구 덕진동1가 1275-22,전북특별자치도 전주시 덕진구 기린대로 491,1522-3232,127.1242747,35.84294671,덕진동,exact_official_building_road,기존 주택 CSV의 건물 좌표; 음식점 자체 측량 좌표 아님
돈벗,완산구 서신동,전북특별자치도 전주시 완산구 서신동 967-5 106호,전북특별자치도 전주시 완산구 온고을로 30-30 106호,063-211-7942,127.1198289,35.8346118,서신동,exact_official_building_parcel,기존 주택 CSV의 건물 좌표; 음식점 자체 측량 좌표 아님
더키마클럽,완산구 다가동,전북특별자치도 전주시 완산구 다가동4가 90-6 2층,전북특별자치도 전주시 완산구 전주객사1길 46-3 2층,0507-1377-4619,127.1393131,35.8185412,중앙동,exact_official_building_road,기존 주택 CSV의 건물 좌표; 음식점 자체 측량 좌표 아님
청담동말자싸롱_전주중화산점,완산구 중화산동2가,전북특별자치도 전주시 완산구 중화산동2가 774-8,전북특별자치도 전주시 완산구 신촌4길 14-5,063-222-2653,127.116489,35.81828406,중화산2동,exact_official_building_road,기존 주택 CSV의 건물 좌표; 음식점 자체 측량 좌표 아님
중국성_송천점,덕진구 송천1동,전북특별자치도 전주시 덕진구 송천동1가  812-4,전북특별자치도 전주시 덕진구 송천중앙로 199,063-255-7738,127.1211945,35.8646771,송천2동,exact_official_building_road,기존 주택 CSV의 건물 좌표; 음식점 자체 측량 좌표 아님
맘스케익앤커피_전주점,덕진구 송천1동,전북특별자치도 전주시 덕진구 송천동1가 137-3,"전북특별자치도 전주시 덕진구 솔내로 108, 1동 107호",063-252-0904,127.1268079,35.8596482,송천1동,exact_official_building_road,기존 주택 CSV의 건물 좌표; 음식점 자체 측량 좌표 아님
경기전길45,완산구 풍남동1가,전북특별자치도 전주시 완산구 풍남동1가 66-9,전북특별자치도 전주시 완산구 경기전길45,0507-1385-0566,127.1505721,35.81733058,풍남동,exact_official_building_parcel,기존 주택 CSV의 건물 좌표; 음식점 자체 측량 좌표 아님
카페샵지금여기,완산구 효자5동,전북특별자치도 전주시 완산구 효자동3가 1604-21 뿌리빌라 1층,전북특별자치도 전주시 완산구 문학로 19 뿌리빌라 1층,010-5800-9679,127.1017547,35.8269398,효자5동,exact_official_building_road,기존 주택 CSV의 건물 좌표; 음식점 자체 측량 좌표 아님
도마_송천점,덕진구 송천동,전북특별자치도 전주시 덕진구 송천동2가 523-16,전북특별자치도 전주시 덕진구 붓내4길 8-23,063-277-4800,127.1230969,35.8670554,송천1동,exact_official_building_road,기존 주택 CSV의 건물 좌표; 음식점 자체 측량 좌표 아님
논오피스,완산구 다가동,전북특별자치도 전주시 완산구 다가동3가 43-5 2층,전북특별자치도 전주시 완산구 전주객사1길 42 2층,010-4116-5544,127.139452,35.81823406,중앙동,exact_official_building_road,기존 주택 CSV의 건물 좌표; 음식점 자체 측량 좌표 아님
강호,완산구 중화산동2가,전북특별자치도 전주시 완산구 중화산동2가 467-1,전북특별자치도 전주시 완산구 중화산로 29,063-247-5007,127.1180405,35.81306783,중화산2동,exact_official_building_road,기존 주택 CSV의 건물 좌표; 음식점 자체 측량 좌표 아님
문학분식,완산구 효자5동,전북특별자치도 전주시 완산구 효자동3가 1624-1,전북특별자치도 전주시 완산구 문학대4길 2,063-229-1964,127.102075,35.82666776,효자5동,exact_official_building_road,기존 주택 CSV의 건물 좌표; 음식점 자체 측량 좌표 아님
갑기회관_효자점,완산구 효자동,전북특별자치도 전주시 완산구 효자동3가 1533-7,전북특별자치도 전주시 완산구 홍산남로 59-5,063-221-6265,127.1083599,35.8164194,효자5동,exact_official_building_road,기존 주택 CSV의 건물 좌표; 음식점 자체 측량 좌표 아님
에스프레소팩토리_효자점,완산구 효자5동,전북특별자치도 전주시 완산구 효자동3가 1682-1 1층,전북특별자치도 전주시 완산구 배학4길 10-1 1층,070-8824-1575,127.098088,35.8197699,효자5동,exact_official_building_road,기존 주택 CSV의 건물 좌표; 음식점 자체 측량 좌표 아님
리즈카페,완산구 효자동2가,전북특별자치도 전주시 완산구 효자동2가 1213-2,전북특별자치도 전주시 완산구 우전로 96,010-8765-5004,127.1012527,35.8038276,효자4동,exact_official_building_road,기존 주택 CSV의 건물 좌표; 음식점 자체 측량 좌표 아님
사천왕마라탕,덕진구 혁신동,전북특별자치도 전주시 덕진구 중동 774-6,전북특별자치도 전주시 덕진구 안전로 152,0504-2015-1590,127.0589984,35.837498,혁신동,exact_official_building_road,기존 주택 CSV의 건물 좌표; 음식점 자체 측량 좌표 아님
BHC치킨_덕진하가점,덕진구 덕진동,전북특별자치도 전주시 덕진구 덕진동2가 676-2,전북특별자치도 전주시 덕진구 가리내9길 8,063-271-8292,127.1110412,35.8430792,덕진동,exact_official_building_road,기존 주택 CSV의 건물 좌표; 음식점 자체 측량 좌표 아님
스시아마루,완산구 효자동3가,전북특별자치도 전주시 완산구 효자동3가 1533-3,전북특별자치도 전주시 완산구 홍산북로 46-21,0507-1392-2249,127.1073622,35.8167438,효자5동,exact_official_building_road,기존 주택 CSV의 건물 좌표; 음식점 자체 측량 좌표 아님
천씨씨커피_에코시티점,덕진구 송천동,전북특별자치도 전주시 덕진구 송천동2가 1311 에코시티네시앙4블럭 B206호,전북특별자치도 전주시 덕진구 세병로35 에코시티데시앙4블럭 B206호,063-251-1123,127.1298428,35.87439763,송천1동,exact_official_building_parcel,기존 주택 CSV의 건물 좌표; 음식점 자체 측량 좌표 아님
카페레드브릭스,완산구 효자5동,전북특별자치도 전주시 완산구 효자동2가 1202-2 1층,전북특별자치도 전주시 완산구 소태정5길 19 1층,063-904-5658,127.0984541,35.8039778,효자4동,exact_official_building_road,기존 주택 CSV의 건물 좌표; 음식점 자체 측량 좌표 아님
돈젠,완산구 중화산동,전북특별자치도 전주시 완산구 중화산동2가 760-5,전북특별자치도 전주시 완산구 화산천변로 5,063-229-1433,127.115943,35.81962301,중화산2동,exact_official_building_road,기존 주택 CSV의 건물 좌표; 음식점 자체 측량 좌표 아님
달금목장,덕진구 송천동1가,전북특별자치도 전주시 덕진구 송천동1가 137-1,전북특별자치도 전주시 덕진구 솔내로 115,063-276-1229,127.1264439,35.8604093,송천1동,exact_official_building_road,기존 주택 CSV의 건물 좌표; 음식점 자체 측량 좌표 아님
모란객잔,완산구 효자4동,전북특별자치도 전주시 완산구 효자동2가 1330-9,전북특별자치도 전주시 완산구 우전1길 55,0507-987-6735,127.1057113,35.8087002,효자4동,exact_official_building_road,기존 주택 CSV의 건물 좌표; 음식점 자체 측량 좌표 아님
명가등심,완산구 효자동,전북특별자치도 전주시 완산구 효자동3가 1698-6,전북특별자치도 전주시 완산구 석산1길 6-7,063-223-1122,127.1035256,35.81970244,효자5동,exact_official_building_road,기존 주택 CSV의 건물 좌표; 음식점 자체 측량 좌표 아님
단골손님,완산구 효자5동,전북특별자치도 전주시 완산구 효자동3가1539-1 1층,"전북특별자치도 전주시 완산구 홍산남로 71, 1층 139호",063-227-0808,127.1097686,35.81599,효자5동,exact_official_building_road,기존 주택 CSV의 건물 좌표; 음식점 자체 측량 좌표 아님
모퉁이,덕진구 송천2동,전북특별자치도 전주시 덕진구 송천동2가 1330-10,"전북특별자치도 전주시 덕진구 세병2길 32-4, 1층 105호",0507-1313-5556,127.126933,35.872317,송천1동,exact_official_building_road,기존 주택 CSV의 건물 좌표; 음식점 자체 측량 좌표 아님
팬텀팬피그_전북대점,덕진구 덕진동,전북특별자치도 전주시 덕진구 덕진동1가 1314-174,전북특별자치도 전주시 덕진구 명륜4길 18-9,063-255-9555,127.1276373,35.84317843,덕진동,exact_official_building_road,기존 주택 CSV의 건물 좌표; 음식점 자체 측량 좌표 아님
봉주르밥상,완산구 서신동,전북특별자치도 전주시 완산구 서신동 802-2,전북특별자치도 전주시 완산구 서신천변로 71,063-273-5595,127.1140632,35.8316235,서신동,exact_official_building_road,기존 주택 CSV의 건물 좌표; 음식점 자체 측량 좌표 아님
써니김밥_효자점,완산구 효자동2가,전북특별자치도 전주시 완산구 효자동2가 1266-5,전북특별자치도 전주시 완산구 봉곡로 93,063-223-3512,127.1039542,35.8115588,효자4동,exact_official_building_road,기존 주택 CSV의 건물 좌표; 음식점 자체 측량 좌표 아님
다래성,완산구 효자동,전북특별자치도 전주시 완산구 효자동1가 201-2,전북특별자치도 전주시 완산구 효동2길 18,0507-0090-0839,127.1266096,35.8049493,효자1동,exact_official_building_road,기존 주택 CSV의 건물 좌표; 음식점 자체 측량 좌표 아님
청담김밥,완산구 효자동2가,전북특별자치도 전주시 완산구 효자동2가 1316-4 1층,전북특별자치도 전주시 완산구 호암로 91,063-227-2001,127.1042646,35.8084983,효자4동,exact_official_building_road,기존 주택 CSV의 건물 좌표; 음식점 자체 측량 좌표 아님
역전우동0410_전주객사점,완산구 고사동,전북특별자치도 전주시 완산구 고사동 155-3,전북특별자치도 전주시 완산구 전주객사4길 47,063-288-0410,127.1434049,35.8197588,중앙동,exact_official_building_road,기존 주택 CSV의 건물 좌표; 음식점 자체 측량 좌표 아님
피콜로,완산구 다가동3가,전북특별자치도 전주시 완산구 다가동3가 43-5,전북특별자치도 전주시 완산구 전주객사1길 42,0507-1388-5252,127.139452,35.81823406,중앙동,exact_official_building_road,기존 주택 CSV의 건물 좌표; 음식점 자체 측량 좌표 아님
길거리야_본점,완산구 풍남동,전북특별자치도 전주시 완산구 교동 267-2,전북특별자치도 전주시 완산구 경기전길 124,063-286-5533,127.15109,35.8139495,풍남동,exact_official_building_road,기존 주택 CSV의 건물 좌표; 음식점 자체 측량 좌표 아님
장미맨숀_서신점,완산구 서신동,전북특별자치도 전주시 완산구 서신동 938-2,전북특별자치도 전주시 완산구 새터로 30,0507-1321-6039,127.1099521,35.8358699,서신동,exact_official_building_road,기존 주택 CSV의 건물 좌표; 음식점 자체 측량 좌표 아님
보듬,완산구 효자동2가,전북특별자치도 전주시 완산구 효자동2가 1323-9,전북특별자치도 전주시 완산구 소태정4길 21,063-225-5577,127.10263,35.805132,효자4동,exact_official_building_road,기존 주택 CSV의 건물 좌표; 음식점 자체 측량 좌표 아님
얌스롯데점,완산구 서신동,전북특별자치도 전주시 완산구 서신동 969-9,전북특별자치도 전주시 완산구 새터로 122-23,063-255-8281,127.1202148,35.8345931,서신동,exact_official_building_road,기존 주택 CSV의 건물 좌표; 음식점 자체 측량 좌표 아님
엔제리너스_전주송천신도시점,덕진구 송천동,전북특별자치도 전주시 덕진구 송천동2가 561-5,전북특별자치도 전주시 덕진구 시천로 59,063-272-1177,127.114149,35.86460311,송천2동,exact_official_building_road,기존 주택 CSV의 건물 좌표; 음식점 자체 측량 좌표 아님
이차돌_전주서신점,완산구 서신동,전북특별자치도 전주시 완산구 서신동 933-9,전북특별자치도 전주시 완산구 고사평5길 1,063-273-8253,127.1095811,35.83637654,서신동,exact_official_building_road,기존 주택 CSV의 건물 좌표; 음식점 자체 측량 좌표 아님
문어스토리해천_전주점,완산구 효자5동,전북특별자치도 전주시 완산구 효자동3가 1529-5 1층,전북특별자치도 전주시 완산구 홍산북로 59-13 1층,063-229-5563,127.107818,35.81784157,효자5동,exact_official_building_road,기존 주택 CSV의 건물 좌표; 음식점 자체 측량 좌표 아님
카페다잉,덕진구 덕진동,전북특별자치도 전주시 덕진구 덕진동1가 1402-29 1층,전북특별자치도 전주시 덕진구 사평로 65 1층,0507-1314-7804,127.1229106,35.8430288,덕진동,exact_official_building_road,기존 주택 CSV의 건물 좌표; 음식점 자체 측량 좌표 아님
코코루스시,완산구 중화산동,전북특별자치도 전주시 완산구 중화산동2가 652-1,전북특별자치도 전주시 완산구 백제대로 274,063-227-3921,127.1233569,35.81765828,중화산2동,exact_official_building_road,기존 주택 CSV의 건물 좌표; 음식점 자체 측량 좌표 아님
안심농장,완산구 효자동,전북특별자치도 전주시 완산구 효자동3가 1647-9,전북특별자치도 전주시 완산구 마전1길 12-3,063-221-9233,127.1029589,35.821781,효자5동,exact_official_building_road,기존 주택 CSV의 건물 좌표; 음식점 자체 측량 좌표 아님
황가네닭발꼼장어참숯구이_송천점,덕진구 송천1동,전북특별자치도 전주시 덕진구 송천동2가 522-6,전북특별자치도 전주시 덕진구 붓내3길 16,063-274-5473,127.1231042,35.8665299,송천1동,exact_official_building_road,기존 주택 CSV의 건물 좌표; 음식점 자체 측량 좌표 아님
마살라,완산구 중화산동,전북특별자치도 전주시 완산구 중화산동2가 261-16 1층 101,전북특별자치도 전주시 완산구 영선로 10 1층 101,063-286-1226,127.1238181,35.82302444,중화산2동,exact_official_building_road,기존 주택 CSV의 건물 좌표; 음식점 자체 측량 좌표 아님
김재완원조돼지김치구이_전주점,완산구 효자5동,전북특별자치도 전주시 완산구 효자동3가 1535-8 1층 105호,전북특별자치도 전주시 완산구 홍산중앙로 27 1층 105호,063-236-2246,127.1087461,35.8159627,효자5동,exact_official_building_road,기존 주택 CSV의 건물 좌표; 음식점 자체 측량 좌표 아님
덕이네한식뷔페,완산구 효자4동,전북특별자치도 전주시 완산구 효자동3가 1735-2,전북특별자치도 전주시 완산구 봉곡1길 8,063-224-1600,127.0977345,35.8131427,효자4동,exact_official_building_road,기존 주택 CSV의 건물 좌표; 음식점 자체 측량 좌표 아님
만성초밥,덕진구 만성동,전북특별자치도 전주시 덕진구 만성동 1175-12,전북특별자치도 전주시 덕진구 월방3길 3-6,063-226-5777,127.0703264,35.83395267,여의동,exact_official_building_road,기존 주택 CSV의 건물 좌표; 음식점 자체 측량 좌표 아님
교촌치킨_에코시티점,덕진구 송천2동,전북특별자치도 전주시 덕진구 송천동2가 1298 KCC스위첸 13블럭 상가,"전북특별자치도 전주시 덕진구 세병로 182, KCC스위첸 13블럭 상가 1층 102,103,104호",063-909-9111,127.1311193,35.88123874,송천2동,exact_official_building_road,기존 주택 CSV의 건물 좌표; 음식점 자체 측량 좌표 아님
플레잉빈커피,덕진구 덕진동,전북특별자치도 전주시 덕진구 덕진동1가 1314-170,전북특별자치도 전주시 덕진구 명륜4길 20,063-276-0010,127.1271989,35.8434937,덕진동,exact_official_building_road,기존 주택 CSV의 건물 좌표; 음식점 자체 측량 좌표 아님
일구팔팔,완산구 효자동,전북특별자치도 전주시 완산구 효자동2가 1308-7,전북특별자치도 전주시 완산구 후곡길 11-18,063-225-2360,127.0952398,35.8097232,효자4동,exact_official_building_road,기존 주택 CSV의 건물 좌표; 음식점 자체 측량 좌표 아님
두거리우신탕_효천점,완산구 효자4동,전북특별자치도 전주시 완산구 효자동2가 1212-3 1층,전북특별자치도 전주시 완산구 우전로 93 1층,063-222-1592,127.10095,35.803483,효자4동,exact_official_building_road,기존 주택 CSV의 건물 좌표; 음식점 자체 측량 좌표 아님
킹마니치킨_신시가지점,완산구 효자5동,전북특별자치도 전주시 완산구 효자동3가 1642-24 1층,전북특별자치도 전주시 완산구 우전로 319 1층,063-227-5882,127.1016602,35.82320364,효자5동,exact_official_building_road,기존 주택 CSV의 건물 좌표; 음식점 자체 측량 좌표 아님
진곱창연탄구이,완산구 서신동,전북특별자치도 전주시 완산구 서신동  949-1,전북특별자치도 전주시 완산구 고사평4길 6,063-272-1191,127.1100331,35.83554166,서신동,exact_official_building_road,기존 주택 CSV의 건물 좌표; 음식점 자체 측량 좌표 아님
전주엔스시,덕진구 우아동2가,전북특별자치도 전주시 덕진구 우아동2가 917-1,전북특별자치도 전주시 덕진구 아중1길 16,0507-1324-5758,127.1714815,35.8286911,우아2동,exact_official_building_road,기존 주택 CSV의 건물 좌표; 음식점 자체 측량 좌표 아님
고향통닭신서방,완산구 효자5동,전북특별자치도 전주시 완산구 효자동3가 1427-6 1층,전북특별자치도 전주시 완산구 서곡1길 22 1층,063-276-0280,127.0991501,35.8357679,효자5동,exact_official_building_road,기존 주택 CSV의 건물 좌표; 음식점 자체 측량 좌표 아님
이시키닭발_전주혁신점,덕진구 혁신동,전북특별자치도 전주시 덕진구 중동 776-6 101호,전북특별자치도 전주시 덕진구 오공로 33-4 101호,063-226-5382,127.059367,35.8365021,혁신동,exact_official_building_road,기존 주택 CSV의 건물 좌표; 음식점 자체 측량 좌표 아님
신함지박,완산구 서신동,전북특별자치도 전주시 완산구 서신동 924-6,전북특별자치도 전주시 완산구 고사평5길 6,063-251-9002,127.1094997,35.83672744,서신동,exact_official_building_road,기존 주택 CSV의 건물 좌표; 음식점 자체 측량 좌표 아님
COORONGC,완산구 중앙동,"전북특별자치도 전주시 완산구 중앙동1가 4-1, 2층","전북특별자치도 전주시 완산구 충경로 29, 2층",010-2388-8648,127.1424637,35.817432,중앙동,exact_official_building_road,기존 주택 CSV의 건물 좌표; 음식점 자체 측량 좌표 아님
돈쌈냉면_송천점,덕진구 송천동2가,전북특별자치도 전주시 덕진구 송천동2가 166-1,전북특별자치도 전주시 덕진구 동부대로 1077,063-242-7000,127.1292654,35.8691201,송천1동,exact_official_building_road,기존 주택 CSV의 건물 좌표; 음식점 자체 측량 좌표 아님
노랑통닭_효자점,완산구 효자동,전북특별자치도 전주시 완산구 효자동1가 451 삼성효자타운,전북특별자치도 전주시 완산구 거마평로 139 삼성효자타운,0507-0090-7370,127.1156393,35.80507359,효자3동,exact_official_building_road,기존 주택 CSV의 건물 좌표; 음식점 자체 측량 좌표 아님
번지농장돌판아구찜_혁신점,덕진구 혁신동,전북특별자치도 전주시 덕진구 혁신동 774-3 2층 202호,전북특별자치도 전주시 덕진구 기지로 68 2층202호,063-237-5977,127.0593368,35.8381051,혁신동,exact_official_building_road,기존 주택 CSV의 건물 좌표; 음식점 자체 측량 좌표 아님
서유구와_빙허각,완산구 풍남동,전북특별자치도 전주시 완산구 교동 141-1,전북특별자치도 전주시 완산구 향교길 104,063-291-2583,127.1552804,35.8118579,풍남동,exact_official_building_road,기존 주택 CSV의 건물 좌표; 음식점 자체 측량 좌표 아님
퐁당스윗,완산구 효자동3가,전북특별자치도 전주시 완산구 효자동3가 1718-2 1층,전북특별자치도 전주시 완산구 용호로 131 1층,"0507-1309-6576, 063-222-6576",127.0968107,35.8149275,효자5동,exact_official_building_road,기존 주택 CSV의 건물 좌표; 음식점 자체 측량 좌표 아님
프라이빗도어,완산구 효자5동,전북특별자치도 전주시 완산구 효자동3가 741-3,전북특별자치도 전주시 완산구 천잠로 539,010-9677-6757,127.0956745,35.83284789,효자5동,exact_official_building_road,기존 주택 CSV의 건물 좌표; 음식점 자체 측량 좌표 아님
카페드솔레,완산구 효자동,전북특별자치도 전주시 완산구 효자동2가 1242-8,전북특별자치도 전주시 완산구 홍산남로 30,063-226-0078,127.1049976,35.815555,효자5동,exact_official_building_road,기존 주택 CSV의 건물 좌표; 음식점 자체 측량 좌표 아님
스시백프로,완산구 서신동,전북특별자치도 전주시 완산구 서신동 932-5,전북특별자치도 전주시 완산구 새터로 9,063-252-7712,127.1079694,35.83697749,서신동,exact_official_building_road,기존 주택 CSV의 건물 좌표; 음식점 자체 측량 좌표 아님
피코엘로,덕진구 송천동,전북특별자치도 전주시 덕진구 송천동1가 137-3 301호,전북특별자치도 전주시 덕진구 솔내로 108 301호,063-275-1008,127.1268079,35.8596482,송천1동,exact_official_building_road,기존 주택 CSV의 건물 좌표; 음식점 자체 측량 좌표 아님
소막창숯불구이_중화산점,완산구 중화산동,전북특별자치도 전주시 완산구 중화산동2가 628-13,전북특별자치도 전주시 완산구 중산로 24,063-222-7641,127.1204627,35.81618606,중화산2동,exact_official_building_road,기존 주택 CSV의 건물 좌표; 음식점 자체 측량 좌표 아님
두찜_전주중화산점,완산구 중화산동2가,전북특별자치도 전주시 완산구 중화산동2가 615-14,전북특별자치도 전주시 완산구 중산중앙로 21,063-225-3711,127.1205865,35.8166183,중화산2동,exact_official_building_road,기존 주택 CSV의 건물 좌표; 음식점 자체 측량 좌표 아님
또봉이통닭_서신점,완산구 서신동,전북특별자치도 전주시 완산구 서신동 958-6 1층,전북특별자치도 전주시 완산구 고사평2길 10-1 1층,063-253-2390,127.1105639,35.8342259,서신동,exact_official_building_road,기존 주택 CSV의 건물 좌표; 음식점 자체 측량 좌표 아님
스시미아카,덕진구 혁신동,전북특별자치도 전주시 덕진구 장동 1088-4,전북특별자치도 전주시 덕진구 기지로 93,063-225-8492,127.0623968,35.8386881,여의동,exact_official_building_road,기존 주택 CSV의 건물 좌표; 음식점 자체 측량 좌표 아님
서울양꼬치,완산구 효자동2가,전북특별자치도 전주시 완산구 효자동2가 1307-3,전북특별자치도 전주시 완산구 후곡길 29,063-221-8883,127.09514,35.811195,효자4동,exact_official_building_road,기존 주택 CSV의 건물 좌표; 음식점 자체 측량 좌표 아님
군산아구탕,완산구 효자동1가,전북특별자치도 전주시 완산구 효자동1가 387-2,전북특별자치도 전주시 완산구 거마평로 178,0507-1398-6890,127.1162341,35.8082809,효자2동,exact_official_building_road,기존 주택 CSV의 건물 좌표; 음식점 자체 측량 좌표 아님
따볼로,완산구 중앙동1가,전북특별자치도 전주시 완산구 중앙동1가 49-2,전북특별자치도 전주시 완산구 전라감영2길 28-19,0507-1303-1485,127.1421946,35.8161708,중앙동,exact_official_building_road,기존 주택 CSV의 건물 좌표; 음식점 자체 측량 좌표 아님
이삭토스트_전주송천점,덕진구 송천1동,전북특별자치도 전주시 덕진구 송천동1가 116 열방빌딩 103호,전북특별자치도 전주시 덕진구 솔내로 131 열방빌딩 103호,063-904-0605,127.1263956,35.8615955,송천1동,exact_official_building_road,기존 주택 CSV의 건물 좌표; 음식점 자체 측량 좌표 아님
김미숙부대찌개보쌈_본점,완산구 중화산동,전북특별자치도 전주시 완산구 중화산동2가 647-1,전북특별자치도 전주시 완산구 백제대로 226,063-226-8864,127.1236207,35.8132807,중화산1동,exact_official_building_road,기존 주택 CSV의 건물 좌표; 음식점 자체 측량 좌표 아님
돈마니석쇠불고기,완산구 서신동,전북특별자치도 전주시 완산구 서신동 958-8,전북특별자치도 전주시 완산구 고사평2길 14,063-277-9888,127.1108531,35.8342096,서신동,exact_official_building_road,기존 주택 CSV의 건물 좌표; 음식점 자체 측량 좌표 아님
육값,완산구 중앙동,전북특별자치도 전주시 완산구 중앙동1가 31-1,"전북특별자치도 전주시 완산구 전주객사2길 10, 1층",010-4097-3160,127.1414429,35.8173614,중앙동,exact_official_building_road,기존 주택 CSV의 건물 좌표; 음식점 자체 측량 좌표 아님
청춘당꽈배기_전주하가지구점,덕진구 덕진동2가,전북특별자치도 전주시 덕진구 덕진동2가 695-4,전북특별자치도 전주시 덕진구 가련산로 6,063-251-7999,127.1102421,35.840525,덕진동,exact_official_building_road,기존 주택 CSV의 건물 좌표; 음식점 자체 측량 좌표 아님
대동집,덕진구 혁신동,전북특별자치도 전주시 덕진구 중동 776-5,전북특별자치도 전주시 덕진구 오공로 33-6,063-224-2975,127.0594911,35.83672563,혁신동,exact_official_building_road,기존 주택 CSV의 건물 좌표; 음식점 자체 측량 좌표 아님
오구본가_신시가지점,완산구 효자동3가,전북특별자치도 전주시 완산구 효자동3가 1616-9,전북특별자치도 전주시 완산구 문학대4길 29,063-228-5982,127.1049571,35.8269063,효자5동,exact_official_building_road,기존 주택 CSV의 건물 좌표; 음식점 자체 측량 좌표 아님
해미별궁,덕진구 송천동,전북특별자치도 전주시 덕진구 송천동1가 814-6,전북특별자치도 전주시 덕진구 두간3길 8-6,063-276-5011,127.1196169,35.8647196,송천2동,exact_official_building_road,기존 주택 CSV의 건물 좌표; 음식점 자체 측량 좌표 아님
명랑맥가,완산구 효자동3가,전북특별자치도 전주시 완산구 효자동3가 1642-5,전북특별자치도 전주시 완산구 우전로 321,0507-1484-0810,127.1016783,35.8233977,효자5동,exact_official_building_road,기존 주택 CSV의 건물 좌표; 음식점 자체 측량 좌표 아님
소피즈테이블,완산구 효자5동,전북특별자치도 전주시 완산구 효자동3가 1697-2 2층,전북특별자치도 전주시 완산구 석산2길 17-15 2층,063-221-1997,127.104341,35.82039,효자5동,exact_official_building_road,기존 주택 CSV의 건물 좌표; 음식점 자체 측량 좌표 아님
신안수산,덕진구 덕진동,전북특별자치도 전주시 덕진구 덕진동1가 1438-18,전북특별자치도 전주시 덕진구 들사평로 12,063-272-8002,127.1219931,35.83802697,덕진동,exact_official_building_road,기존 주택 CSV의 건물 좌표; 음식점 자체 측량 좌표 아님
소막창숯불구이,완산구 태평동,전북특별자치도 전주시 완산구 태평동 8-9,전북특별자치도 전주시 완산구 공북로 95,063-255-3977,127.1421411,35.82647322,노송동,exact_official_building_road,기존 주택 CSV의 건물 좌표; 음식점 자체 측량 좌표 아님
마실,덕진구 덕진동,전북특별자치도 전주시 덕진구 덕진동1가 664-48 3층,전북특별자치도 전주시 덕진구 권삼득로 327 3층,063-251-8406,127.1264063,35.84440429,덕진동,exact_official_building_road,기존 주택 CSV의 건물 좌표; 음식점 자체 측량 좌표 아님
신포우리만두_전북대점,덕진구 덕진동,전북특별자치도 전주시 덕진구 덕진동1가 1314-160,전북특별자치도 전주시 덕진구 명륜5길 20-2,063-273-2266,127.1261772,35.84409619,덕진동,exact_official_building_road,기존 주택 CSV의 건물 좌표; 음식점 자체 측량 좌표 아님
e석쇠한판,완산구 서신동,전북특별자치도 전주시 완산구 서신동 935-5,전북특별자치도 전주시 완산구 새터로 45,063-277-3245,127.1114591,35.83571443,서신동,exact_official_building_road,기존 주택 CSV의 건물 좌표; 음식점 자체 측량 좌표 아님
길거리야,완산구 효자동3가,전북특별자치도 전주시 완산구 효자동3가 1173-1,전북특별자치도 전주시 완산구 백마산길 28,063-229-3735,127.0901389,35.8173826,효자4동,exact_official_building_road,기존 주택 CSV의 건물 좌표; 음식점 자체 측량 좌표 아님
미가옥,덕진구 만성동,전북특별자치도 전주시 덕진구 만성동 1166-1,전북특별자치도 전주시 덕진구 오공로 120,063-222-4742,127.0686546,35.8353183,여의동,exact_official_building_road,기존 주택 CSV의 건물 좌표; 음식점 자체 측량 좌표 아님
플랫,덕진구 덕진동,전북특별자치도 전주시 덕진구 덕진동1가 1408-15,전북특별자치도 전주시 덕진구 들사평3길 8,없음,127.1219271,35.84100982,덕진동,exact_official_building_road,기존 주택 CSV의 건물 좌표; 음식점 자체 측량 좌표 아님
대파생곱창_서신본점,완산구 서신동,전북특별자치도 전주시 완산구 서신동 933-5,전북특별자치도 전주시 완산구 새터로 19,063-277-8004,127.1091029,35.8365803,서신동,exact_official_building_road,기존 주택 CSV의 건물 좌표; 음식점 자체 측량 좌표 아님
누룩꽃피는날_중앙점,완산구 중앙동1가,전북특별자치도 전주시 완산구 중앙동1가 7-1,전북특별자치도 전주시 완산구 전주객사3길 11-7,0507-1423-4701,127.1420192,35.8175414,중앙동,exact_official_building_road,기존 주택 CSV의 건물 좌표; 음식점 자체 측량 좌표 아님
첫마중부잣집,덕진구 우아1동,전북특별자치도 전주시 덕진구 우아동3가 752-65,전북특별자치도 전주시 덕진구 도당산로 70,063-244-5656,127.1575482,35.8478511,우아1동,exact_official_building_road,기존 주택 CSV의 건물 좌표; 음식점 자체 측량 좌표 아님
청년다방_전주대점,완산구 효자동,전북특별자치도 전주시 완산구 효자동3가 1275-3,전북특별자치도 전주시 완산구 속거길 11-5,050-7987-1915,127.0883304,35.8154639,효자4동,exact_official_building_road,기존 주택 CSV의 건물 좌표; 음식점 자체 측량 좌표 아님
요가파이어매운갈비찜_전주점,완산구 효자5동,전북특별자치도 전주시 완산구 효자동3가 1527-11 1층 102호,전북특별자치도 전주시 완산구 홍산중앙로 45 1층 102호,063-229-0930,127.1087608,35.8176049,효자5동,exact_official_building_road,기존 주택 CSV의 건물 좌표; 음식점 자체 측량 좌표 아님
향차이나,완산구 효자5동,전북특별자치도 전주시 완산구 효자동3가 1665-1,전북특별자치도 전주시 완산구 척동4길 8,063-229-8330,127.1006101,35.82211423,효자5동,exact_official_building_road,기존 주택 CSV의 건물 좌표; 음식점 자체 측량 좌표 아님
이디야커피_중화산동점,완산구 중화산동2가,전북특별자치도 전주시 완산구 중화산동2가 119-14,전북특별자치도 전주시 완산구 서원로 283,063-227-7277,127.1255907,35.812211,중화산1동,exact_official_building_road,기존 주택 CSV의 건물 좌표; 음식점 자체 측량 좌표 아님
엘피카페소리,완산구 풍남동,전북특별자치도 전주시 완산구 경원동3가 86-9,전북특별자치도 전주시 완산구 현무2길 13-7,0507-1421-9802,127.1492722,35.81989015,풍남동,exact_official_building_road,기존 주택 CSV의 건물 좌표; 음식점 자체 측량 좌표 아님
아중막꽐리,덕진구 우아동2가,전북특별자치도 전주시 덕진구 우아동2가 918-10 2층,전북특별자치도 전주시 덕진구 아중로 211 2층,0507-1333-9962,127.1721013,35.82853065,우아2동,exact_official_building_road,기존 주택 CSV의 건물 좌표; 음식점 자체 측량 좌표 아님
카페_엔튜프,완산구 효자5동,전북특별자치도 전주시 완산구 효자동2가 1240-8 1층,전북특별자치도 전주시 완산구 우전로 225 1층,010-2068-7833,127.1014742,35.8144294,효자5동,exact_official_building_road,기존 주택 CSV의 건물 좌표; 음식점 자체 측량 좌표 아님
오리사랑,완산구 중화산동2가,전북특별자치도 전주시 완산구 중화산동2가 739-1,전북특별자치도 전주시 완산구 메너머4길 17,063-225-5292,127.1209341,35.82463479,중화산2동,exact_official_building_road,기존 주택 CSV의 건물 좌표; 음식점 자체 측량 좌표 아님
전주연갈비,완산구 효자동1가,전북특별자치도 전주시 완산구 효자동1가 451,전북특별자치도 전주시 완산구 거마평로 147-11,063-282-6565,127.1156393,35.80507359,효자3동,exact_official_building_road,기존 주택 CSV의 건물 좌표; 음식점 자체 측량 좌표 아님
만나리정육회관,완산구 풍남동,전북특별자치도 전주시 완산구 전동3가 140-1,전북특별자치도 전주시 완산구 풍남문2길 89-3,063-284-1412,127.1445323,35.81297954,풍남동,exact_official_building_road,기존 주택 CSV의 건물 좌표; 음식점 자체 측량 좌표 아님
가배1896,완산구 효자동,전북특별자치도 전주시 완산구 효자동2가 1231-5 1층,전북특별자치도 전주시 완산구 홍산북로 29-5 1층,1811-9786,127.104944,35.8178881,효자5동,exact_official_building_road,기존 주택 CSV의 건물 좌표; 음식점 자체 측량 좌표 아님
가장맛있는족발_중화산점,완산구 중화산동2가,전북특별자치도 전주시 완산구 중화산동2가 103-7,전북특별자치도 전주시 완산구 서원로 307,063-227-5848,127.1281354,35.81176234,중화산1동,exact_official_building_road,기존 주택 CSV의 건물 좌표; 음식점 자체 측량 좌표 아님
신참떡볶이_호성점,덕진구 우아동3가,전북특별자치도 전주시 덕진구 우아동3가 594-29,전북특별자치도 전주시 덕진구 호선1길 10,0507-1430-2447,127.1553193,35.85604828,우아1동,exact_official_building_parcel,기존 주택 CSV의 건물 좌표; 음식점 자체 측량 좌표 아님
아트커피,완산구 중앙동,전북특별자치도 전주시 완산구 태평동 291 전주 태평 SK VIEW,전북특별자치도 전주시 완산구 태평2길 21 전주 태평 SK VIEW,063-273-8932,127.1398585,35.82467233,중앙동,exact_official_building_road,기존 주택 CSV의 건물 좌표; 음식점 자체 측량 좌표 아님
비스트로준,완산구 경원동3가,전북특별자치도 전주시 완산구 경원동3가 32-16,전북특별자치도 전주시 완산구 현무1길 33,0507-1323-6286,127.1475142,35.8217589,풍남동,exact_official_building_road,기존 주택 CSV의 건물 좌표; 음식점 자체 측량 좌표 아님
강촌식당_전주혁신점,덕진구 혁신동,전북특별자치도 전주시 덕진구 중동 775-4,전북특별자치도 전주시 덕진구 오공로 43-28,063-227-7692,127.0613269,35.8378035,혁신동,exact_official_building_road,기존 주택 CSV의 건물 좌표; 음식점 자체 측량 좌표 아님
배스킨라빈스_전주송천점,덕진구 송천동,전북특별자치도 전주시 덕진구 송천동1가 478-3,전북특별자치도 전주시 덕진구 송천중앙로 146,063-274-5655,127.1215177,35.8599523,송천1동,exact_official_building_road,기존 주택 CSV의 건물 좌표; 음식점 자체 측량 좌표 아님
홍짜장_홈플러스전주효자점,완산구 효자동,전북특별자치도 전주시 완산구 효자동1가 431-5,"전북특별자치도 전주시 완산구 용머리로 31, 1층",070-7755-8282,127.1142642,35.8065785,효자3동,exact_official_building_road,기존 주택 CSV의 건물 좌표; 음식점 자체 측량 좌표 아님
두밥,완산구 서신동,전북특별자치도 전주시 완산구 서신동 895-4,전북특별자치도 전주시 완산구 유연로 315,010-3652-0429,127.1200388,35.82553857,서신동,exact_official_building_road,기존 주택 CSV의 건물 좌표; 음식점 자체 측량 좌표 아님
감자탕나라,덕진구 산정동,전북특별자치도 전주시 덕진구 산정동873-4,전북특별자치도 전주시 덕진구 건산로 301,063-241-8999,127.169703,35.8367251,우아2동,exact_official_building_road,기존 주택 CSV의 건물 좌표; 음식점 자체 측량 좌표 아님
라쿵푸마라탕_전주점,완산구 고사동,전북특별자치도 전주시 완산구 고사동 81 2층,전북특별자치도 전주시 완산구 전주객사5길 13-4 2층,063-288-7821,127.1451113,35.81885121,중앙동,exact_official_building_road,기존 주택 CSV의 건물 좌표; 음식점 자체 측량 좌표 아님
오몽,완산구 다가동4가,전북특별자치도 전주시 완산구 다가동4가 22-11,전북특별자치도 전주시 완산구 전주객사2길 84,010-9474-6449,127.1397935,35.82042669,중앙동,exact_official_building_road,기존 주택 CSV의 건물 좌표; 음식점 자체 측량 좌표 아님
해담아구찜_전주본점,완산구 효자5동,전북특별자치도 전주시 완산구 효자동3가 1633-4 1층,전북특별자치도 전주시 완산구 마전중앙로 13 1층,063-222-3808,127.1033,35.8234667,효자5동,exact_official_building_road,기존 주택 CSV의 건물 좌표; 음식점 자체 측량 좌표 아님
명륜진사갈비_효자점,완산구 효자동,전북특별자치도 전주시 완산구 효자동2가 541-1,전북특별자치도 전주시 완산구 우전1길 52,063-226-2914,127.1060083,35.8080904,효자4동,exact_official_building_road,기존 주택 CSV의 건물 좌표; 음식점 자체 측량 좌표 아님
이비가짬뽕_전주효자점,완산구 효자4동,전북특별자치도 전주시 완산구 효자동3가 1250-15,전북특별자치도 전주시 완산구 천잠로 261,063-229-8879,127.0937343,35.8102485,효자4동,exact_official_building_road,기존 주택 CSV의 건물 좌표; 음식점 자체 측량 좌표 아님
짬뽕신화,완산구 서신동,전북특별자치도 전주시 완산구 서신동 817-7 1층,전북특별자치도 전주시 완산구 서신천변11길 1 1층,063-224-3316,127.114057,35.83001928,서신동,exact_official_building_road,기존 주택 CSV의 건물 좌표; 음식점 자체 측량 좌표 아님
설빙_전주혁신점,덕진구 혁신동,전북특별자치도 전주시 덕진구 혁신동 774-6,전북특별자치도 전주시 덕진구 안전로 152,070-8812-3877,127.0589984,35.837498,혁신동,exact_official_building_road,기존 주택 CSV의 건물 좌표; 음식점 자체 측량 좌표 아님
묵은지김치독,완산구 중화산동,전북특별자치도 전주시 완산구 중화산동2가 773-4,전북특별자치도 전주시 완산구 신촌4길 22,063-227-9974,127.1157744,35.8179246,중화산2동,exact_official_building_road,기존 주택 CSV의 건물 좌표; 음식점 자체 측량 좌표 아님
7번가피자_송천점,덕진구 송천동,전북특별자치도 전주시 덕진구 송천동1가 97-6,전북특별자치도 전주시 덕진구 오송1길 37-13,0507-1404-7759,127.1306685,35.8639102,송천1동,exact_official_building_road,기존 주택 CSV의 건물 좌표; 음식점 자체 측량 좌표 아님
노다지,완산구 효자동3가,전북특별자치도 전주시 완산구 효자동3가 1623-2,전북특별자치도 전주시 완산구 문학대4길 8,063-228-8255,127.1025743,35.8266973,효자5동,exact_official_building_road,기존 주택 CSV의 건물 좌표; 음식점 자체 측량 좌표 아님
하누야,덕진구 송천동,전북특별자치도 전주시 덕진구 송천동2가 653,전북특별자치도 전주시 덕진구 발단길 10,063-275-0092,127.115429,35.87099376,송천2동,exact_official_building_road,기존 주택 CSV의 건물 좌표; 음식점 자체 측량 좌표 아님
홍산김밥,완산구 효자동3가,전북특별자치도 전주시 완산구 효자동3가 1686-1,전북특별자치도 전주시 완산구 마전들로 36,0507-1355-7121,127.099514,35.8208689,효자5동,exact_official_building_road,기존 주택 CSV의 건물 좌표; 음식점 자체 측량 좌표 아님
탄광맥주_전북도청점,완산구 효자5동,전북특별자치도 전주시 완산구 효자동3가 1538-2 한승빌딩 1층,전북특별자치도 전주시 완산구 홍산북로 70-17 한승빌딩 1층,070-4647-2460,127.1100192,35.8167462,효자5동,exact_official_building_road,기존 주택 CSV의 건물 좌표; 음식점 자체 측량 좌표 아님
바다나라_서신본점,완산구 서신동,전북특별자치도 전주시 완산구 서신동 951-9,전북특별자치도 전주시 완산구 고사평2길 11,063-255-9292,127.110787,35.83443862,서신동,exact_official_building_road,기존 주택 CSV의 건물 좌표; 음식점 자체 측량 좌표 아님
천사곱창_전주송천점,덕진구 송천동,전북특별자치도 전주시 덕진구 송천동2가 523-24,전북특별자치도 전주시 덕진구 붓내3길 13,063-252-9004,127.1229839,35.8669236,송천1동,exact_official_building_road,기존 주택 CSV의 건물 좌표; 음식점 자체 측량 좌표 아님
주당공선생,완산구 효자동,전북특별자치도 전주시 완산구 효자동3가 1536-2 2층,전북특별자치도 전주시 완산구 홍산중앙로 40 2층,010-9365-7876,127.1093248,35.8171145,효자5동,exact_official_building_road,기존 주택 CSV의 건물 좌표; 음식점 자체 측량 좌표 아님
라미,완산구 중앙동,전북특별자치도 전주시 완산구 중앙동2가 16-6,전북특별자치도 전주시 완산구 전라감영4길 15,063-282-7670,127.1444798,35.81684581,중앙동,exact_official_building_road,기존 주택 CSV의 건물 좌표; 음식점 자체 측량 좌표 아님
고래술상,덕진구 덕진동,전북특별자치도 전주시 덕진구 덕진동1가 1314-157,전북특별자치도 전주시 덕진구 명륜5길 18,010-9109-6430,127.1260411,35.8441943,덕진동,exact_official_building_road,기존 주택 CSV의 건물 좌표; 음식점 자체 측량 좌표 아님
파이브페이스,완산구 효자5동,전북특별자치도 전주시 완산구 효자동3가 1536-1 402호,전북특별자치도 전주시 완산구 홍산중앙로 42 402호,010-2634-3542,127.1093266,35.8173184,효자5동,exact_official_building_road,기존 주택 CSV의 건물 좌표; 음식점 자체 측량 좌표 아님
량량,완산구 다가동,전북특별자치도 전주시 완산구 다가동4가 125-1 1층,"전북특별자치도 전주시 완산구 전주천동로 264-13, 1층",070-7543-7965,127.1377749,35.81981738,중앙동,exact_official_building_parcel,기존 주택 CSV의 건물 좌표; 음식점 자체 측량 좌표 아님
누룩_송천점,덕진구 송천동,전북특별자치도 전주시 덕진구 송천동2가 523-11,전북특별자치도 전주시 덕진구 붓내3길 6,010-7104-2916,127.1220806,35.8665119,송천1동,exact_official_building_road,기존 주택 CSV의 건물 좌표; 음식점 자체 측량 좌표 아님
김정훈,덕진구 덕진동,전북특별자치도 전주시 덕진구 덕진동2가 671-9,전북특별자치도 전주시 덕진구 가리내8길 10,063-252-2009,127.1108206,35.8435938,덕진동,exact_official_building_road,기존 주택 CSV의 건물 좌표; 음식점 자체 측량 좌표 아님
신쭈꾸미_전주점,덕진구 송천동,전북특별자치도 전주시 덕진구 송천동2가 1327-4 동화빌딩 106호,전북특별자치도 전주시 덕진구 세병1길 32 동화빌딩 106호,063-255-5072,127.1269752,35.873526,송천1동,exact_official_building_road,기존 주택 CSV의 건물 좌표; 음식점 자체 측량 좌표 아님
투썸플레이스_전주에코호수DT점,덕진구 전미동,전북특별자치도 전주시 덕진구 전미동1가 593-11,전북특별자치도 전주시 덕진구 과학로 147,063-276-8118,127.1280314,35.8821576,송천2동,exact_official_building_road,기존 주택 CSV의 건물 좌표; 음식점 자체 측량 좌표 아님
전주미당,완산구 효자5동,전북특별자치도 전주시 완산구 효자동2가 1244-3,전북특별자치도 전주시 완산구 홍산로 237,063-225-6403,127.1055003,35.8148836,효자5동,exact_official_building_road,기존 주택 CSV의 건물 좌표; 음식점 자체 측량 좌표 아님
이너프샐러드,덕진구 덕진동,전북특별자치도 전주시 덕진구 덕진동1가 1314-168,전북특별자치도 전주시 덕진구 명륜4길 21-1,063-255-4546,127.1267479,35.843789,덕진동,exact_official_building_road,기존 주택 CSV의 건물 좌표; 음식점 자체 측량 좌표 아님
돌돌,덕진구 덕진동,전북특별자치도 전주시 덕진구 덕진동1가 1264-15,전북특별자치도 전주시 덕진구 명륜2길 11-6,063-272-4011,127.1284184,35.8419392,덕진동,exact_official_building_road,기존 주택 CSV의 건물 좌표; 음식점 자체 측량 좌표 아님
산오징어바지락칼국수,완산구 효자5동,전북특별자치도 전주시 완산구 효자동3가 1689-3 1층,전북특별자치도 전주시 완산구 마전들로 48 1층,010-2441-7702,127.1009382,35.8208759,효자5동,exact_official_building_road,기존 주택 CSV의 건물 좌표; 음식점 자체 측량 좌표 아님
에그드랍_전북도청점,완산구 효자동2가,전북특별자치도 전주시 완산구 효자동2가 1155-7 1층 105호,전북특별자치도 전주시 완산구 홍산남로 62 1층 105호,0507-1346-2922,127.1087755,35.8155535,효자5동,exact_official_building_road,기존 주택 CSV의 건물 좌표; 음식점 자체 측량 좌표 아님
근영목우촌삼겹살전문점,완산구 중화산동2가,전북특별자치도 전주시 완산구 중화산동2가 653-5,전북특별자치도 전주시 완산구 영경2길 5,063-225-2140,127.1238434,35.8170636,중화산2동,exact_official_building_road,기존 주택 CSV의 건물 좌표; 음식점 자체 측량 좌표 아님
파티오,완산구 서신동,전북특별자치도 전주시 완산구 서신동 250-2,전북특별자치도 전주시 완산구 안터1길 8-5,063-285-6833,127.1173921,35.82768234,서신동,exact_official_building_road,기존 주택 CSV의 건물 좌표; 음식점 자체 측량 좌표 아님
산쪼메_전북대점,덕진구 덕진동,전북특별자치도 전주시 덕진구 덕진동1가 1264-11,전북특별자치도 전주시 덕진구 명륜3길 18-8,063-277-7677,127.1283259,35.8422931,덕진동,exact_official_building_road,기존 주택 CSV의 건물 좌표; 음식점 자체 측량 좌표 아님
더벤티_송천현대점,덕진구 송천1동,전북특별자치도 전주시 덕진구 송천동1가 138-13 1층 일부,"전북특별자치도 전주시 덕진구 솔내로 118, 1층",070-8691-3024,127.1268481,35.8606761,송천1동,exact_official_building_road,기존 주택 CSV의 건물 좌표; 음식점 자체 측량 좌표 아님
한옥집,덕진구 금상동,전북특별자치도 전주시 덕진구 금상동222-6,전북특별자치도 전주시 덕진구 삼거1길 67,063-244-8131,127.1945868,35.85417232,우아2동,exact_official_building_road,기존 주택 CSV의 건물 좌표; 음식점 자체 측량 좌표 아님
B1,완산구 다가동,전북특별자치도 전주시 완산구 다가동4가 125-8 지하 1층,전북특별자치도 전주시 완산구 전주천동로 266 지하1층,010-6394-9091,127.1377432,35.81968196,중앙동,exact_official_building_road,기존 주택 CSV의 건물 좌표; 음식점 자체 측량 좌표 아님
피자플래넷_효자효천점,완산구 효자5동,전북특별자치도 전주시 완산구 효자동3가 1671-2 1층,전북특별자치도 전주시 완산구 마전들로 16 1층,063-223-0181,127.0973594,35.82087313,효자5동,exact_official_building_road,기존 주택 CSV의 건물 좌표; 음식점 자체 측량 좌표 아님
꽃담집,완산구 풍남동,전북특별자치도 전주시 완산구 풍남동3가 76-23,전북특별자치도 전주시 완산구 은행로 38,0507-1358-3393,127.1521303,35.81648532,풍남동,exact_official_building_road,기존 주택 CSV의 건물 좌표; 음식점 자체 측량 좌표 아님
더스토리,완산구 풍남동,전북특별자치도 전주시 완산구 풍남동3가 67-18,전북특별자치도 전주시 완산구 경기전길 87,063-282-9247,127.1509488,35.81562,풍남동,exact_official_building_road,기존 주택 CSV의 건물 좌표; 음식점 자체 측량 좌표 아님
명륜진사갈비_혁신점,덕진구 혁신동,전북특별자치도 전주시 덕진구 중동 774-3,전북특별자치도 전주시 덕진구 기지로 68,063-225-2488,127.0593368,35.8381051,혁신동,exact_official_building_road,기존 주택 CSV의 건물 좌표; 음식점 자체 측량 좌표 아님
메종드쁘띠푸르_전주점,완산구 효자동2가,전북특별자치도 전주시 완산구 효자동2가 1238-5,전북특별자치도 전주시 완산구 홍산남로 29-15,063-227-0919,127.1042775,35.8160264,효자5동,exact_official_building_road,기존 주택 CSV의 건물 좌표; 음식점 자체 측량 좌표 아님
양심치킨가맥,완산구 효자5동,전북특별자치도 전주시 완산구 효자동2가 1312-2,전북특별자치도 전주시 완산구 후곡길 12-6,063-228-6755,127.0963515,35.8097174,효자4동,exact_official_building_road,기존 주택 CSV의 건물 좌표; 음식점 자체 측량 좌표 아님
60계치킨_전주중화산점,완산구 중화산동2가,전북특별자치도 전주시 완산구 중화산동2가 615-10 1층,전북특별자치도 전주시 완산구 중산중앙로 27 1층,063-222-1160,127.1212042,35.8166547,중화산2동,exact_official_building_road,기존 주택 CSV의 건물 좌표; 음식점 자체 측량 좌표 아님
둥과점,덕진구 우아동2가,전북특별자치도 전주시 덕진구 우아동2가 903-9,전북특별자치도 전주시 덕진구 정언신로 148,063-245-2289,127.1698948,35.8304758,우아2동,exact_official_building_road,기존 주택 CSV의 건물 좌표; 음식점 자체 측량 좌표 아님
일레븐시즈,완산구 중화산동2가,전북특별자치도 전주시 완산구 서신동 802-7,전북특별자치도 전주시 완산구 서신천변로 61,070-8803-2111,127.1140574,35.83098368,서신동,exact_official_building_road,기존 주택 CSV의 건물 좌표; 음식점 자체 측량 좌표 아님
설빙_전주효자점,완산구 효자5동,전북특별자치도 전주시 완산구 효자동3가 1527-8,전북특별자치도 전주시 완산구 홍산3길 5,063-221-3988,127.1083883,35.8183111,효자5동,exact_official_building_road,기존 주택 CSV의 건물 좌표; 음식점 자체 측량 좌표 아님
붕붕돼지뽈집,덕진구 우아동1가,전북특별자치도 전주시 덕진구 우아동1가 1091-10,전북특별자치도 전주시 덕진구 한배미로 78,063-241-8880,127.170655,35.82712366,우아2동,exact_official_building_road,기존 주택 CSV의 건물 좌표; 음식점 자체 측량 좌표 아님
명품찹쌀꽈배기앤핫도그,완산구 효자5동,전북특별자치도 전주시 완산구 효자동2가 1313-7,전북특별자치도 전주시 완산구 호암로 19,063-226-8228,127.0967696,35.8091922,효자4동,exact_official_building_road,기존 주택 CSV의 건물 좌표; 음식점 자체 측량 좌표 아님
족발명가_설래,완산구 중화산동,전북특별자치도 전주시 완산구 중화산동2가 628-1,전북특별자치도 전주시 완산구 중산중앙로 24,063-228-7787,127.1207268,35.81632318,중화산2동,exact_official_building_road,기존 주택 CSV의 건물 좌표; 음식점 자체 측량 좌표 아님
이태리부대찌개_전주효자점,완산구 효자동,전북특별자치도 전주시 완산구 효자동1가 651-2 1층,전북특별자치도 전주시 완산구 효자천변2길 17 1층,063-227-0125,127.114339,35.8044574,효자3동,exact_official_building_road,기존 주택 CSV의 건물 좌표; 음식점 자체 측량 좌표 아님
김영희강남동태찜,완산구 서신동,전북특별자치도 전주시 완산구 서신동 816-6,전북특별자치도 전주시 완산구 서신천변12길 10,063-278-7333,127.1151817,35.8299848,서신동,exact_official_building_road,기존 주택 CSV의 건물 좌표; 음식점 자체 측량 좌표 아님
온정,완산구 효자동,전북특별자치도 전주시 완산구 효자동3가 1697-6,전북특별자치도 전주시 완산구 석산1길 6-23,063-282-0907,127.1039598,35.8196878,효자5동,exact_official_building_road,기존 주택 CSV의 건물 좌표; 음식점 자체 측량 좌표 아님
술술가맥,완산구 중화산동2가,전북특별자치도 전주시 완산구 중화산동2가 640-2,전북특별자치도 전주시 완산구 산월2길 29,063-225-3565,127.1198127,35.81391901,중화산2동,exact_official_building_road,기존 주택 CSV의 건물 좌표; 음식점 자체 측량 좌표 아님
겐돈소바_도청점,완산구 효자5동,전북특별자치도 전주시 완산구 효자동3가 1646-15,전북특별자치도 전주시 완산구 마전2길 11-7,063-237-2535,127.1033467,35.8222785,효자5동,exact_official_building_road,기존 주택 CSV의 건물 좌표; 음식점 자체 측량 좌표 아님
신대도회관,완산구 전동,전북특별자치도 전주시 완산구 전동 126-9,전북특별자치도 전주시 완산구 팔달로 147-2,063-283-8689,127.1476683,35.81566967,풍남동,exact_official_building_road,기존 주택 CSV의 건물 좌표; 음식점 자체 측량 좌표 아님
효자전집,완산구 효자5동,전북특별자치도 전주시 완산구 효자동2가 1312-2 1층,전북특별자치도 전주시 완산구 후곡길 12-6 1층,063-225-4005,127.0963515,35.8097174,효자4동,exact_official_building_road,기존 주택 CSV의 건물 좌표; 음식점 자체 측량 좌표 아님
팔팔호프_객사점,완산구 다가동,전북특별자치도 전주시 완산구 다가동3가 23-2 1층,"전북특별자치도 전주시 완산구 전주객사2길 11, 1층",070-4085-0428,127.14098,35.8172964,중앙동,exact_official_building_road,기존 주택 CSV의 건물 좌표; 음식점 자체 측량 좌표 아님
맥도날드_효자DT점,완산구 효자동1가,전북특별자치도 전주시 완산구 효자동1가 411-5,전북특별자치도 전주시 완산구 용머리로 13,070-7017-6859,127.1117478,35.80578403,효자3동,exact_official_building_road,기존 주택 CSV의 건물 좌표; 음식점 자체 측량 좌표 아님
배스킨라빈스_전북도청점,완산구 효자5동,전북특별자치도 전주시 완산구 효자동3가 1535-8 백악빌딩 1층 102호,전북특별자치도 전주시 완산구 홍산중앙로 27,063-226-3142,127.1087461,35.8159627,효자5동,exact_official_building_road,기존 주택 CSV의 건물 좌표; 음식점 자체 측량 좌표 아님
신지네전집,덕진구 송천동2가,전북특별자치도 전주시 덕진구 송천동2가 196,전북특별자치도 전주시 덕진구 붓내3길 18-9,010-2448-6103,127.1236452,35.86598854,송천1동,exact_official_building_road,기존 주택 CSV의 건물 좌표; 음식점 자체 측량 좌표 아님
닭찬들마켓_효자점,완산구 효자동2가,전북특별자치도 전주시 완산구 효자동2가 1318-2,전북특별자치도 전주시 완산구 호암로 79,0507-1307-5186,127.1032887,35.8087353,효자4동,exact_official_building_road,기존 주택 CSV의 건물 좌표; 음식점 자체 측량 좌표 아님
리얼커피,완산구 고사동,전북특별자치도 전주시 완산구 고사동 251-1,전북특별자치도 전주시 완산구 전주객사4길 84-1,070-8884-1660,127.143212,35.82155968,중앙동,exact_official_building_road,기존 주택 CSV의 건물 좌표; 음식점 자체 측량 좌표 아님
오리흙갈비,완산구 효자동1가,전북특별자치도 전주시 완산구 효자동1가 688-4,전북특별자치도 전주시 완산구 안행8길 18,063-221-5292,127.133553,35.80094961,효자1동,exact_official_building_road,기존 주택 CSV의 건물 좌표; 음식점 자체 측량 좌표 아님
두부키친,완산구 중앙동1가,전북특별자치도 전주시 완산구 중앙동1가 53-5,전북특별자치도 전주시 완산구 전라감영2길 28-24,070-4229-6680,127.1422209,35.81594645,중앙동,exact_official_building_road,기존 주택 CSV의 건물 좌표; 음식점 자체 측량 좌표 아님
초마초마,덕진구 송천동,전북특별자치도 전주시 덕진구 송천동2가 202-60,전북특별자치도 전주시 덕진구 천마산로 63,063-275-2756,127.1281112,35.8648425,송천1동,exact_official_building_road,기존 주택 CSV의 건물 좌표; 음식점 자체 측량 좌표 아님
명품짬뽕각,덕진구 우아동3가,전북특별자치도 전주시 덕진구 우아동3가 456-10,전북특별자치도 전주시 덕진구 진버들1길 75,063-244-2770,127.1645191,35.83813134,우아2동,exact_official_building_road,기존 주택 CSV의 건물 좌표; 음식점 자체 측량 좌표 아님
부송국수_전주_천마지구점,덕진구 송천동,전북특별자치도 전주시 덕진구 송천동2가 181-2,전북특별자치도 전주시 덕진구 사근1길 49,063-271-2999,127.1327745,35.86652336,송천1동,exact_official_building_road,기존 주택 CSV의 건물 좌표; 음식점 자체 측량 좌표 아님
커피베이_중화산점,완산구 중화산동2가,전북특별자치도 전주시 완산구 중화산동2가 596-13 1층,전북특별자치도 전주시 완산구 백제대로 265 1층,0507-1363-4500,127.1225613,35.816844,중화산2동,exact_official_building_road,기존 주택 CSV의 건물 좌표; 음식점 자체 측량 좌표 아님
최가네낙지마당,완산구 효자동2가,전북특별자치도 전주시 완산구 효자동2가 1243-2,전북특별자치도 전주시 완산구 바우배기1길 13-14,0507-1375-4545,127.10375,35.8151858,효자5동,exact_official_building_road,기존 주택 CSV의 건물 좌표; 음식점 자체 측량 좌표 아님
칸스_서곡점,완산구 효자5동,전북특별자치도 전주시 완산구 효자동3가 1435-7 1층,전북특별자치도 전주시 완산구 서곡1길 4-6 1층,010-8883-8766,127.1010942,35.83514176,효자5동,exact_official_building_road,기존 주택 CSV의 건물 좌표; 음식점 자체 측량 좌표 아님
추억과낭만,덕진구 송천2동,전북특별자치도 전주시 덕진구 송천동1가 626-76,전북특별자치도 전주시 덕진구 시천로 29-6,063-241-3050,127.114169,35.8619941,송천2동,exact_official_building_road,기존 주택 CSV의 건물 좌표; 음식점 자체 측량 좌표 아님
커피지,덕진구 덕진동,전북특별자치도 전주시 덕진구 덕진동2가 168-25,전북특별자치도 전주시 덕진구 호반2길 17,0507-1389-2901,127.119333,35.8503604,덕진동,exact_official_building_road,기존 주택 CSV의 건물 좌표; 음식점 자체 측량 좌표 아님
국수랑김밥,덕진구 우아동2가,전북특별자치도 전주시 덕진구 우아동2가 558-11,전북특별자치도 전주시 덕진구 석소로 80,0507-1324-1533,127.167857,35.8340464,우아2동,exact_official_building_road,기존 주택 CSV의 건물 좌표; 음식점 자체 측량 좌표 아님
우리동네국수빈대떡,덕진구 송천1동,전북특별자치도 전주시 덕진구 송천동2가 523-1,전북특별자치도 전주시 덕진구 붓내3길 9,063-251-9602,127.1226379,35.8667531,송천1동,exact_official_building_road,기존 주택 CSV의 건물 좌표; 음식점 자체 측량 좌표 아님
전주회센터_흑산도13호횟집,덕진구 송천1동,전북특별자치도 전주시 덕진구 송천동2가 587-5 전주회센터 3층 13호,전북특별자치도 전주시 덕진구 시천로 96-14 전주회센터 3층 13호,063-255-3888,127.11618,35.86717775,송천2동,exact_official_building_road,기존 주택 CSV의 건물 좌표; 음식점 자체 측량 좌표 아님
신풍갈비,완산구 효자4동,전북특별자치도 전주시 완산구 효자동2가 785-6,전북특별자치도 전주시 완산구 쑥고개로 284-10,063-237-0222,127.0963624,35.80042392,효자4동,exact_official_building_road,기존 주택 CSV의 건물 좌표; 음식점 자체 측량 좌표 아님
맷돌순두부,덕진구 덕진동2가,전북특별자치도 전주시 덕진구 덕진동2가 677-2,전북특별자치도 전주시 덕진구 가리내9길 17,063-211-3253,127.1100412,35.8427612,덕진동,exact_official_building_road,기존 주택 CSV의 건물 좌표; 음식점 자체 측량 좌표 아님
전주콩나루콩나물국밥_휴먼시아점,완산구 효자4동,전북특별자치도 전주시 완산구 효자동2가 1312-7,전북특별자치도 전주시 완산구 후곡길 6,063-236-1999,127.0961211,35.8093958,효자4동,exact_official_building_road,기존 주택 CSV의 건물 좌표; 음식점 자체 측량 좌표 아님
부부상회,완산구 풍남동,전북특별자치도 전주시 완산구 경원동3가 86-16,전북특별자치도 전주시 완산구 현무2길 13-5,0507-1306-7409,127.1494326,35.8199741,풍남동,exact_official_building_road,기존 주택 CSV의 건물 좌표; 음식점 자체 측량 좌표 아님
오래옥본점,완산구 효자5동,전북특별자치도 전주시 완산구 효자동2가 1242-1,전북특별자치도 전주시 완산구 홍산남로 14,063-227-9935,127.1032155,35.8155483,효자5동,exact_official_building_road,기존 주택 CSV의 건물 좌표; 음식점 자체 측량 좌표 아님
요거프레소_전주에코시티점,덕진구 송천동,전북특별자치도 전주시 덕진구 송천동2가 1326-11,전북특별자치도 전주시 덕진구 세병남로 39,063-272-1117,127.1277996,35.8732778,송천1동,exact_official_building_road,기존 주택 CSV의 건물 좌표; 음식점 자체 측량 좌표 아님
구룸,완산구 고사동,전북특별자치도 전주시 완산구 고사동 436-1 1층,전북특별자치도 전주시 완산구 전주객사3길 16 1층,0507-1378-4924,127.1426864,35.81794167,중앙동,exact_official_building_road,기존 주택 CSV의 건물 좌표; 음식점 자체 측량 좌표 아님
우리할매떡볶이_송천점,덕진구 송천1동,전북특별자치도 전주시 덕진구 송천동1가 107-179,"전북특별자치도 전주시 덕진구 솔내로 148, 나동 1층 102호",063-278-7899,127.1272718,35.8632489,송천1동,exact_official_building_road,기존 주택 CSV의 건물 좌표; 음식점 자체 측량 좌표 아님
건밤,완산구 효자5동,전북특별자치도 전주시 완산구 효자동3가 1656-13 1층,전북특별자치도 전주시 완산구 마전들로 9 1층,없음,127.0967027,35.82121071,효자5동,exact_official_building_road,기존 주택 CSV의 건물 좌표; 음식점 자체 측량 좌표 아님
무한리필김대호_아중점,덕진구 우아동2가,전북특별자치도 전주시 덕진구 우아동2가 890-4 1층,전북특별자치도 전주시 덕진구 정언신로 157 1층,063-244-9252,127.1707677,35.83119838,우아2동,exact_official_building_road,기존 주택 CSV의 건물 좌표; 음식점 자체 측량 좌표 아님
블랙내니커피숍,완산구 효자동1가,전북특별자치도 전주시 완산구 효자동2가 1326-2 1층,전북특별자치도 전주시 완산구 용머리로31,063-221-8830,127.1027237,35.8032825,효자4동,exact_official_building_parcel,기존 주택 CSV의 건물 좌표; 음식점 자체 측량 좌표 아님
오빠네가맥,완산구 서신동,전북특별자치도 전주시 완산구 서신동 826-3,전북특별자치도 전주시 완산구 서신천변로 47,010-2675-4882,127.1140526,35.82941537,서신동,exact_official_building_road,기존 주택 CSV의 건물 좌표; 음식점 자체 측량 좌표 아님
초담불고기,덕진구 덕진동,전북특별자치도 전주시 덕진구 덕진동2가 663-13 1층,전북특별자치도 전주시 덕진구 가리내6길 20-12 1층,063-277-8400,127.1096278,35.8456721,덕진동,exact_official_building_road,기존 주택 CSV의 건물 좌표; 음식점 자체 측량 좌표 아님
명랑핫도그_효자문학점,완산구 효자동3가,전북특별자치도 전주시 완산구 효자동3가 1618-1,전북특별자치도 전주시 완산구 문학대4길 28,063-226-0399,127.1051528,35.8266884,효자5동,exact_official_building_road,기존 주택 CSV의 건물 좌표; 음식점 자체 측량 좌표 아님
공룡닭발,완산구 서신동,전북특별자치도 전주시 완산구 서신동 946-8,전북특별자치도 전주시 완산구 고사평1길 6,063-909-7717,127.1090247,35.8347985,서신동,exact_official_building_road,기존 주택 CSV의 건물 좌표; 음식점 자체 측량 좌표 아님
피스비,덕진구 덕진동,전북특별자치도 전주시 덕진구 덕진동1가 664-34,전북특별자치도 전주시 덕진구 권삼득로 319-1,063-714-3033,127.1269863,35.84400291,덕진동,exact_official_building_road,기존 주택 CSV의 건물 좌표; 음식점 자체 측량 좌표 아님
삼백집,완산구 고사동,전북특별자치도 전주시 완산구 고사동 454-1,전북특별자치도 전주시 완산구 전주객사2길 22,063-284-2227,127.1411375,35.8179126,중앙동,exact_official_building_road,기존 주택 CSV의 건물 좌표; 음식점 자체 측량 좌표 아님
주미담,덕진구 덕진동,전북특별자치도 전주시 덕진구 덕진동1가 1277-2 105호,전북특별자치도 전주시 덕진구 명륜5길 15-5 105호,"0507-1429-8988, 063-254-8988",127.1251737,35.8440107,덕진동,exact_official_building_road,기존 주택 CSV의 건물 좌표; 음식점 자체 측량 좌표 아님
브라더아구찜,완산구 효자동,전북특별자치도 전주시 완산구 효자동3가 1670-32 1층,전북특별자치도 전주시 완산구 배학1길 1-1,063-717-0167,127.0967097,35.81863301,효자5동,exact_official_building_road,기존 주택 CSV의 건물 좌표; 음식점 자체 측량 좌표 아님
더술집,덕진구 송천2동,전북특별자치도 전주시 덕진구 송천동2가 265-4,전북특별자치도 전주시 덕진구 붓내3길 17-21,063-251-1381,127.1234827,35.86868226,송천1동,exact_official_building_road,기존 주택 CSV의 건물 좌표; 음식점 자체 측량 좌표 아님
원조1958생두부_풍남점,덕진구 우아동3가,전북특별자치도 전주시 덕진구 우아동3가 732-2,전북특별자치도 전주시 덕진구 우아1길 29,063-245-1958,127.1540338,35.8475784,우아1동,exact_official_building_road,기존 주택 CSV의 건물 좌표; 음식점 자체 측량 좌표 아님
배스킨라빈스_전주서부점,완산구 효자3동,전북특별자치도 전주시 완산구 효자동2가 1316-4,전북특별자치도 전주시 완산구 호암로 91,063-228-3142,127.1042646,35.8084983,효자4동,exact_official_building_road,기존 주택 CSV의 건물 좌표; 음식점 자체 측량 좌표 아님
카페오아,덕진구 장동,전북특별자치도 전주시 덕진구 장동 1093-3 5층 5층,전북특별자치도 전주시 덕진구 중동로 104-12 5층,063-211-4948,127.0645224,35.8431764,여의동,exact_official_building_road,기존 주택 CSV의 건물 좌표; 음식점 자체 측량 좌표 아님
배스킨라빈스_전주서신점,완산구 서신동,전북특별자치도 전주시 완산구 서신동965-1,전북특별자치도 전주시 완산구 온고을로 62,063-276-3131,127.1161464,35.83423474,서신동,exact_official_building_road,기존 주택 CSV의 건물 좌표; 음식점 자체 측량 좌표 아님
쿼드,완산구 고사동,전북특별자치도 전주시 완산구 고사동 227-18,전북특별자치도 전주시 완산구 전주객사5길 95,0507-1451-1219,127.1442004,35.82226973,중앙동,exact_official_building_road,기존 주택 CSV의 건물 좌표; 음식점 자체 측량 좌표 아님
쭈불로드_객사점,완산구 고사동,전북특별자치도 전주시 완산구 고사동 199,전북특별자치도 전주시 완산구 전주객사5길 43-3,063-282-5690,127.1448274,35.8199309,중앙동,exact_official_building_road,기존 주택 CSV의 건물 좌표; 음식점 자체 측량 좌표 아님
꼬꼬리그_삼천점,완산구 효자동,전북특별자치도 전주시 완산구 효자동1가669-7,전북특별자치도 전주시 완산구 용리로 47-1,063-236-9299,127.115131,35.7988207,효자3동,exact_official_building_road,기존 주택 CSV의 건물 좌표; 음식점 자체 측량 좌표 아님
광어랑아구랑,완산구 중화산동2가,전북특별자치도 전주시 완산구 중화산동2가 616-3 1층,전북특별자치도 전주시 완산구 중산중앙로 8,063-224-9701,127.1189413,35.8163163,중화산2동,exact_official_building_road,기존 주택 CSV의 건물 좌표; 음식점 자체 측량 좌표 아님
자매밥상,덕진구 덕진동,전북특별자치도 전주시 덕진구 덕진동1가 1267-2,전북특별자치도 전주시 덕진구 기린대로 483-1,063-272-0920,127.1248336,35.84245506,덕진동,exact_official_building_road,기존 주택 CSV의 건물 좌표; 음식점 자체 측량 좌표 아님
알마마테르,완산구 효자4동,전북특별자치도 전주시 완산구 효자동2가 1257-11,전북특별자치도 전주시 완산구 구룡1길 5,063-252-5482,127.1024229,35.8121098,효자4동,exact_official_building_road,기존 주택 CSV의 건물 좌표; 음식점 자체 측량 좌표 아님
식껍전주_서신점,완산구 서신동,전북특별자치도 전주시 완산구 서신동 934-4,전북특별자치도 전주시 완산구 새터로 31,0507-1484-2408,127.1103162,35.8360253,서신동,exact_official_building_road,기존 주택 CSV의 건물 좌표; 음식점 자체 측량 좌표 아님
오꾸꼬_송천점,덕진구 송천2동,전북특별자치도 전주시 덕진구 송천동2가 1272 1층 105호,전북특별자치도 전주시 덕진구 붓내3길 19 1층 105호,0504-2015-1394,127.1236928,35.8668215,송천1동,exact_official_building_road,기존 주택 CSV의 건물 좌표; 음식점 자체 측량 좌표 아님
뉴욕쟁이디저트_에코시티점,덕진구 송천동,전북특별자치도 전주시 덕진구 송천동2가 1331-11,전북특별자치도 전주시 덕진구 세병서로 41,070-8778-3252,127.1267653,35.8719731,송천1동,exact_official_building_road,기존 주택 CSV의 건물 좌표; 음식점 자체 측량 좌표 아님
네네치킨_송천점,덕진구 송천1동,전북특별자치도 전주시 덕진구 송천동2가 193-73,전북특별자치도 전주시 덕진구 천마산로 12,050-7964-1206,127.1229044,35.8636502,송천1동,exact_official_building_road,기존 주택 CSV의 건물 좌표; 음식점 자체 측량 좌표 아님
엄마손해물파전,완산구 서신동,전북특별자치도 전주시 완산구 서신동  798-8,전북특별자치도 전주시 완산구 서신천변13길 14-3,063-254-4844,127.1124662,35.83074664,서신동,exact_official_building_road,기존 주택 CSV의 건물 좌표; 음식점 자체 측량 좌표 아님
메가엠지씨커피_전북도청점,완산구 효자5동,전북특별자치도 전주시 완산구 효자동2가 1155-2 104호,전북특별자치도 전주시 완산구 홍산남로 50 104호,063-222-8859,127.1072544,35.8155757,효자5동,exact_official_building_road,기존 주택 CSV의 건물 좌표; 음식점 자체 측량 좌표 아님
웰덤치킨_송천전북대점,덕진구 송천동,전북특별자치도 전주시 덕진구 송천동1가 171-5,전북특별자치도 전주시 덕진구 솔내2길 63,063-273-8283,127.1237503,35.85743592,송천1동,exact_official_building_road,기존 주택 CSV의 건물 좌표; 음식점 자체 측량 좌표 아님
촌댁맥주_서신점,완산구 서신동,전북특별자치도 전주시 완산구 서신동 933-3,전북특별자치도 전주시 완산구 고사평5길 9,010-6348-8351,127.1088722,35.8366845,서신동,exact_official_building_road,기존 주택 CSV의 건물 좌표; 음식점 자체 측량 좌표 아님
에버빈,완산구 효자5동,전북특별자치도 전주시 완산구 효자동3가 1527-1,전북특별자치도 전주시 완산구 홍산3길 21-1,070-4241-9911,127.1069754,35.8183189,효자5동,exact_official_building_road,기존 주택 CSV의 건물 좌표; 음식점 자체 측량 좌표 아님
카페_유,완산구 풍남동,전북특별자치도 전주시 완산구 교동 118-3,전북특별자치도 전주시 완산구 은행로 86,063-284-6100,127.1528147,35.81247027,풍남동,exact_official_building_road,기존 주택 CSV의 건물 좌표; 음식점 자체 측량 좌표 아님
용소루,덕진구 송천1동,전북특별자치도 전주시 덕진구 송천동1가 626-33,전북특별자치도 전주시 덕진구 송천4길 56-7,063-272-5857,127.115237,35.8618386,송천2동,exact_official_building_road,기존 주택 CSV의 건물 좌표; 음식점 자체 측량 좌표 아님
달곰,완산구 효자동3가,전북특별자치도 전주시 완산구 효자동3가 1527-5 청담빌딩2층,전북특별자치도 전주시 완산구 홍산3길 11 청담빌딩2층,063-223-5887,127.1078106,35.8182787,효자5동,exact_official_building_road,기존 주택 CSV의 건물 좌표; 음식점 자체 측량 좌표 아님
솔래촌,덕진구 송천동1가,전북특별자치도 전주시 덕진구 송천동1가 823-2,전북특별자치도 전주시 덕진구 두간로 26,063-252-4171,127.1172324,35.8651305,송천2동,exact_official_building_road,기존 주택 CSV의 건물 좌표; 음식점 자체 측량 좌표 아님
프랭크커피인바,완산구 다가동,전북특별자치도 전주시 완산구 다가동3가 44-2,"전북특별자치도 전주시 완산구 전주객사1길 46-12, 1층",010-2180-0527,127.1397973,35.8184485,중앙동,exact_official_building_road,기존 주택 CSV의 건물 좌표; 음식점 자체 측량 좌표 아님
푸라닭_전주혁신도시점,덕진구 혁신동,전북특별자치도 전주시 덕진구 중동 774-2 하모니시티 105호,전북특별자치도 전주시 덕진구 기지로 70 하모니시티 105호,063-221-9206,127.0596511,35.8380944,혁신동,exact_official_building_road,기존 주택 CSV의 건물 좌표; 음식점 자체 측량 좌표 아님
싸움의고수_전주도청점,완산구 효자3동,전북특별자치도 전주시 완산구 효자동3가 1669-3 1층 101호,전북특별자치도 전주시 완산구 마전들로 17 1층 101호,063-223-3100,127.0974885,35.82119857,효자5동,exact_official_building_road,기존 주택 CSV의 건물 좌표; 음식점 자체 측량 좌표 아님
금커피별빙수앤과일_하가점,덕진구 덕진동,전북특별자치도 전주시 덕진구 덕진동2가 675-2 1층,전북특별자치도 전주시 덕진구 추탄로 18,070-4065-2002,127.1096442,35.8422726,덕진동,exact_official_building_road,기존 주택 CSV의 건물 좌표; 음식점 자체 측량 좌표 아님
마이마이치킨_전북대점,덕진구 덕진동,전북특별자치도 전주시 덕진구 덕진동1가 1263-11 1층,전북특별자치도 전주시 덕진구 명륜3길 13 1층,063-905-6262,127.1275098,35.8425278,덕진동,exact_official_building_road,기존 주택 CSV의 건물 좌표; 음식점 자체 측량 좌표 아님
소문난가맥,완산구 중화산동,전북특별자치도 전주시 완산구 중화산동2가 782-4,전북특별자치도 전주시 완산구 신촌3길 18,063-236-5454,127.116346,35.81720144,중화산2동,exact_official_building_road,기존 주택 CSV의 건물 좌표; 음식점 자체 측량 좌표 아님
드롭탑_전주아중점,덕진구 우아동2가,전북특별자치도 전주시 덕진구 우아동2가 915-7,전북특별자치도 전주시 덕진구 아중로 203,063-242-4645,127.1713304,35.82816482,우아2동,exact_official_building_road,기존 주택 CSV의 건물 좌표; 음식점 자체 측량 좌표 아님
광수네짜장,완산구 중화산동,전북특별자치도 전주시 완산구 중화산동2가 660-3,전북특별자치도 전주시 완산구 한두평3길 11-3,063-229-0083,127.1242817,35.81506021,중화산1동,exact_official_building_road,기존 주택 CSV의 건물 좌표; 음식점 자체 측량 좌표 아님
뉴타입,완산구 태평동,전북특별자치도 전주시 완산구 태평동 31-7,전북특별자치도 전주시 완산구 태평3길 43-11,0507-1368-1269,127.1409078,35.82383259,중앙동,exact_official_building_road,기존 주택 CSV의 건물 좌표; 음식점 자체 측량 좌표 아님
하루텐,완산구 중앙동,전북특별자치도 전주시 완산구 중앙동1가 22-4,"전북특별자치도 전주시 완산구 전라감영3길 13-8, 1층",063-284-2050,127.1428691,35.81639271,중앙동,exact_official_building_road,기존 주택 CSV의 건물 좌표; 음식점 자체 측량 좌표 아님
고수닭갈비_혁신점,덕진구 혁신동,전북특별자치도 전주시 덕진구 혁신동 774-1,전북특별자치도 전주시 덕진구 기지로 72,063-223-9488,127.0599733,35.83807234,혁신동,exact_official_building_road,기존 주택 CSV의 건물 좌표; 음식점 자체 측량 좌표 아님
카페아치,완산구 다가동,전북특별자치도 전주시 완산구 다가동1가 55-3,전북특별자치도 전주시 완산구 전라감영로 23,063-231-5600,127.1419793,35.8148169,중앙동,exact_official_building_road,기존 주택 CSV의 건물 좌표; 음식점 자체 측량 좌표 아님
피자플래넷_만성혁신점,덕진구 혁신동,전북특별자치도 전주시 덕진구 만성동 1366-9,전북특별자치도 전주시 덕진구 만성중앙로 39,063-909-1113,127.0762708,35.8433413,여의동,exact_official_building_road,기존 주택 CSV의 건물 좌표; 음식점 자체 측량 좌표 아님
계경목장_전주본점,덕진구 송천1동,전북특별자치도 전주시 덕진구 송천동1가 406-1,전북특별자치도 전주시 덕진구 송천로 36,063-278-9533,127.1189189,35.8565372,송천2동,exact_official_building_road,기존 주택 CSV의 건물 좌표; 음식점 자체 측량 좌표 아님
피자오래_효자점,완산구 효자5동,전북특별자치도 전주시 완산구 효자동3가 1636-2 1층,전북특별자치도 전주시 완산구 척동10길 4 1층,063-226-6667,127.100305,35.82463562,효자5동,exact_official_building_road,기존 주택 CSV의 건물 좌표; 음식점 자체 측량 좌표 아님
청혜참치,덕진구 우아동1가,전북특별자치도 전주시 덕진구 우아동1가 1120-10,전북특별자치도 전주시 덕진구 인교9길 27-2,063-227-8211,127.1760344,35.8259979,우아2동,exact_official_building_road,기존 주택 CSV의 건물 좌표; 음식점 자체 측량 좌표 아님
옴그냉삼,덕진구 덕진동,전북특별자치도 전주시 덕진구 덕진동2가 671-12 1층,전북특별자치도 전주시 덕진구 가리내8길 10-8 1층,"0507-1339-5970, 063-252-5065",127.1108017,35.84404668,덕진동,exact_official_building_road,기존 주택 CSV의 건물 좌표; 음식점 자체 측량 좌표 아님
삼바리,덕진구 송천2동,전북특별자치도 전주시 덕진구 송천동2가 523-14,"전북특별자치도 전주시 덕진구 붓내3길 7, 1층",0507-1335-6970,127.122228,35.8668857,송천1동,exact_official_building_road,기존 주택 CSV의 건물 좌표; 음식점 자체 측량 좌표 아님
코나,완산구 서신동,전북특별자치도 전주시 완산구 서신동 937-7,전북특별자치도 전주시 완산구 새터로 24,0507-1407-7531,127.1093217,35.8361609,서신동,exact_official_building_road,기존 주택 CSV의 건물 좌표; 음식점 자체 측량 좌표 아님
끄터리,완산구 다가동,전북특별자치도 전주시 완산구 다가동4가 125-8,전북특별자치도 전주시 완산구 전주천동로 266,0507-1327-4124,127.1377432,35.81968196,중앙동,exact_official_building_road,기존 주택 CSV의 건물 좌표; 음식점 자체 측량 좌표 아님
스시앤후라이,덕진구 우아동2가,전북특별자치도 전주시 덕진구 우아동2가 890-9 2충,전북특별자치도 전주시 덕진구 정언신로 153 2층,050-7744-2104,127.1704293,35.8310556,우아2동,exact_official_building_road,기존 주택 CSV의 건물 좌표; 음식점 자체 측량 좌표 아님
카페31,덕진구 송천동,전북특별자치도 전주시 덕진구 송천동1가 626-55,전북특별자치도 전주시 덕진구 시천로 31,063-277-3231,127.1144137,35.8620044,송천2동,exact_official_building_road,기존 주택 CSV의 건물 좌표; 음식점 자체 측량 좌표 아님
하츠야,완산구 중화산동,전북특별자치도 전주시 완산구 중화산동2가 616,전북특별자치도 전주시 완산구 중화산로 68,063-225-0520,127.1184654,35.8162435,중화산2동,exact_official_building_road,기존 주택 CSV의 건물 좌표; 음식점 자체 측량 좌표 아님
촌댁맥주_송천점,덕진구 송천동2가,전북특별자치도 전주시 덕진구 송천동2가 523-11,전북특별자치도 전주시 덕진구 붓내3길 6,0507-1322-5598,127.1220806,35.8665119,송천1동,exact_official_building_road,기존 주택 CSV의 건물 좌표; 음식점 자체 측량 좌표 아님
다온하루,덕진구 우아동1가,전북특별자치도 전주시 덕진구 우아동1가 1103-14,전북특별자치도 전주시 덕진구 인교로 9,063-244-9811,127.1700989,35.82419056,우아2동,exact_official_building_road,기존 주택 CSV의 건물 좌표; 음식점 자체 측량 좌표 아님
어가,완산구 효자5동,전북특별자치도 전주시 완산구 효자동3가 1656-14,전북특별자치도 전주시 완산구 마전들로 11,010-4383-9203,127.0969019,35.82120319,효자5동,exact_official_building_road,기존 주택 CSV의 건물 좌표; 음식점 자체 측량 좌표 아님
가맥아저씨,완산구 서신동,전북특별자치도 전주시 완산구 서신동 829-2,전북특별자치도 전주시 완산구 서신천변10길 12-2,"0507-1329-2540, 063-278-2540",127.1153019,35.82954173,서신동,exact_official_building_road,기존 주택 CSV의 건물 좌표; 음식점 자체 측량 좌표 아님
신진미감자탕,완산구 효자동,전북특별자치도 전주시 완산구 효자동1가 445-6,전북특별자치도 전주시 완산구 거마평로 145,063-224-9229,127.1161624,35.8052068,효자3동,exact_official_building_road,기존 주택 CSV의 건물 좌표; 음식점 자체 측량 좌표 아님
전복가,완산구 서신동,전북특별자치도 전주시 완산구 서신동 1007-2,전북특별자치도 전주시 완산구 고사평9길 21,063-271-8503,127.1089457,35.8387603,서신동,exact_official_building_road,기존 주택 CSV의 건물 좌표; 음식점 자체 측량 좌표 아님
라디오가든_전주객사점,완산구 다가동,전북특별자치도 전주시 완산구 다가동3가 53-3 2층,"전북특별자치도 전주시 완산구 전주객사1길 45, 2층",010-6692-0039,127.1391319,35.8182207,중앙동,exact_official_building_road,기존 주택 CSV의 건물 좌표; 음식점 자체 측량 좌표 아님
이등병부대찌개_전북대점,덕진구 덕진동,전북특별자치도 전주시 덕진구 덕진동1가 1264-5 1층,전북특별자치도 전주시 덕진구 명륜3길 14 1층,063-255-8889,127.1276985,35.8424632,덕진동,exact_official_building_road,기존 주택 CSV의 건물 좌표; 음식점 자체 측량 좌표 아님
모리커피전주에코시티점,덕진구 송천1동,전북특별자치도 전주시 덕진구 송천동2가 1326-2 1동 1층 103호,"전북특별자치도 전주시 덕진구 세병로 18, 1동 1층 103호",064-254-7711,127.1274154,35.87459636,송천1동,exact_official_building_road,기존 주택 CSV의 건물 좌표; 음식점 자체 측량 좌표 아님
경우,완산구 고사동,전북특별자치도 전주시 완산구 고사동 377-4,전북특별자치도 전주시 완산구 전주객사4길 43-6,063-285-2018,127.1430878,35.8198224,중앙동,exact_official_building_road,기존 주택 CSV의 건물 좌표; 음식점 자체 측량 좌표 아님
대아성,완산구 중화산동,전북특별자치도 전주시 완산구 중화산동2가 658-10,전북특별자치도 전주시 완산구 어은로 12-3,063-229-7774,127.1245999,35.81632437,중화산1동,exact_official_building_road,기존 주택 CSV의 건물 좌표; 음식점 자체 측량 좌표 아님
채식주의자의무화과,완산구 중화산동2가,전북특별자치도 전주시 완산구 중화산동2가 20-10 맥디자인 빌딩 1층,전북특별자치도 전주시 완산구 선너머로 36 맥디자인 빌딩 1층,0507-1423-8258,127.1284572,35.81573946,중화산1동,exact_official_building_road,기존 주택 CSV의 건물 좌표; 음식점 자체 측량 좌표 아님
뚱보집_하가지구점,덕진구 덕진동2가,전북특별자치도 전주시 덕진구 덕진동2가 673-3,전북특별자치도 전주시 덕진구 가리내8길 19,063-278-3007,127.1097128,35.8433058,덕진동,exact_official_building_road,기존 주택 CSV의 건물 좌표; 음식점 자체 측량 좌표 아님
더리터_전주신시가지점,완산구 효자5동,전북특별자치도 전주시 완산구 효자동3가 1694-5,전북특별자치도 전주시 완산구 마전들로 80,063-227-1181,127.1042883,35.82076265,효자5동,exact_official_building_road,기존 주택 CSV의 건물 좌표; 음식점 자체 측량 좌표 아님
사천향손짜장,완산구 중화산동,전북특별자치도 전주시 완산구 중화산동2가 256,전북특별자치도 전주시 완산구 영경1길 25,063-227-5543,127.1260255,35.8187149,중화산2동,exact_official_building_road,기존 주택 CSV의 건물 좌표; 음식점 자체 측량 좌표 아님
예향돌솥밥,완산구 효자동2가,전북특별자치도 전주시 완산구 효자동2가 1321-4,전북특별자치도 전주시 완산구 소태정4길 23-6,0507-0090-7372,127.1029937,35.8054015,효자4동,exact_official_building_road,기존 주택 CSV의 건물 좌표; 음식점 자체 측량 좌표 아님
달빛든솔,덕진구 산정동,전북특별자치도 전주시 덕진구 산정동 422-1,전북특별자치도 전주시 덕진구 해이길 26,063-241-6786,127.1763208,35.83148886,우아2동,exact_official_building_parcel,기존 주택 CSV의 건물 좌표; 음식점 자체 측량 좌표 아님
미휘월,완산구 효자5동,전북특별자치도 전주시 완산구 효자동3가 1680-2 1층,전북특별자치도 전주시 완산구 배학4길 4-4 1층,010-5695-0604,127.0972227,35.8196415,효자5동,exact_official_building_road,기존 주택 CSV의 건물 좌표; 음식점 자체 측량 좌표 아님
볼드,완산구 풍남동,전북특별자치도 전주시 완산구 경원동3가 34-1,전북특별자치도 전주시 완산구 현무1길 31-7,010-9647-0863,127.1469329,35.82132472,풍남동,exact_official_building_road,기존 주택 CSV의 건물 좌표; 음식점 자체 측량 좌표 아님
차이차이,완산구 중화산동2가,전북특별자치도 전주시 완산구 중화산동2가 775-5,전북특별자치도 전주시 완산구 신촌4길 10-9,063-222-3994,127.1168835,35.81862945,중화산2동,exact_official_building_road,기존 주택 CSV의 건물 좌표; 음식점 자체 측량 좌표 아님
플뢰르,완산구 풍남동,전북특별자치도 전주시 완산구 경원동3가 6-16,전북특별자치도 전주시 완산구 현무2길 14-23,063-909-5015,127.1502311,35.82025745,풍남동,exact_official_building_road,기존 주택 CSV의 건물 좌표; 음식점 자체 측량 좌표 아님
고을돌솥밥,완산구 중앙동4가,전북특별자치도 전주시 완산구 중앙동4가 80-2,전북특별자치도 전주시 완산구 풍남문4길 25,063-223-8740,127.1451907,35.81453448,중앙동,exact_official_building_road,기존 주택 CSV의 건물 좌표; 음식점 자체 측량 좌표 아님
스테디에스프레소,완산구 효자5동,전북특별자치도 전주시 완산구 효자동3가 1648-5,전북특별자치도 전주시 완산구 마전들로 75,063-227-4608,127.1038019,35.8212192,효자5동,exact_official_building_road,기존 주택 CSV의 건물 좌표; 음식점 자체 측량 좌표 아님
인생역전,덕진구 송천동,전북특별자치도 전주시 덕진구 송천동2가 179-121 센텀시티 1층 101호,전북특별자치도 전주시 덕진구 사근1길 37 센텀시티 1층 101호,063-274-0777,127.1314557,35.8666639,송천1동,exact_official_building_road,기존 주택 CSV의 건물 좌표; 음식점 자체 측량 좌표 아님
전주보리밥,덕진구 혁신동,전북특별자치도 전주시 덕진구 중동 774-5 2층 중동),전북특별자치도 전주시 덕진구 안전로 154 2층 중동),063-225-8822,127.0589816,35.8377245,혁신동,exact_official_building_road,기존 주택 CSV의 건물 좌표; 음식점 자체 측량 좌표 아님
한울상회,완산구 중화산동2가,전북특별자치도 전주시 완산구 중화산동2가  775-4,전북특별자치도 전주시 완산구 신촌4길 10-7,063-227-1587,127.1168858,35.81842217,중화산2동,exact_official_building_road,기존 주택 CSV의 건물 좌표; 음식점 자체 측량 좌표 아님
써니네집_혁신점,덕진구 장동,전북특별자치도 전주시 덕진구 장동 1093-2 3층,전북특별자치도 전주시 덕진구 중동로 104-14 3층,063-213-9777,127.0645956,35.8433852,여의동,exact_official_building_road,기존 주택 CSV의 건물 좌표; 음식점 자체 측량 좌표 아님
우아한가맥앤치킨,덕진구 우아동3가,전북특별자치도 전주시 덕진구 우아동3가 726-1,전북특별자치도 전주시 덕진구 견훤로 428,0507-1415-2665,127.152436,35.84919609,우아1동,exact_official_building_road,기존 주택 CSV의 건물 좌표; 음식점 자체 측량 좌표 아님
청돈참숯구이,덕진구 덕진동2가,전북특별자치도 전주시 덕진구 덕진동2가 678-2,전북특별자치도 전주시 덕진구 가리내9길 11,063-251-1141,127.1105945,35.8427743,덕진동,exact_official_building_road,기존 주택 CSV의 건물 좌표; 음식점 자체 측량 좌표 아님
중앙포차,완산구 태평동,전북특별자치도 전주시 완산구 태평동 3-3,전북특별자치도 전주시 완산구 노송여울1길 57,063-286-7630,127.1419389,35.8268114,노송동,exact_official_building_road,기존 주택 CSV의 건물 좌표; 음식점 자체 측량 좌표 아님
용담식당,완산구 중화산동,전북특별자치도 전주시 완산구 중화산동2가 628-12,전북특별자치도 전주시 완산구 중산5길 3,063-224-4121,127.1207396,35.81616104,중화산2동,exact_official_building_road,기존 주택 CSV의 건물 좌표; 음식점 자체 측량 좌표 아님
건지산도토리,덕진구 송천2동,전북특별자치도 전주시 덕진구 송천동2가 159-17,"전북특별자치도 전주시 덕진구 동부대로 1051, 1층",063-255-1415,127.1320246,35.86929397,송천1동,exact_official_building_road,기존 주택 CSV의 건물 좌표; 음식점 자체 측량 좌표 아님
흐엉꾸에하롱베이퍼_본점,덕진구 덕진동,전북특별자치도 전주시 덕진구 덕진동1가 1277-2,전북특별자치도 전주시 덕진구 명륜5길 15-5,063-253-3340,127.1251737,35.8440107,덕진동,exact_official_building_road,기존 주택 CSV의 건물 좌표; 음식점 자체 측량 좌표 아님
메가커피_전주서신점,완산구 서신동,전북특별자치도 전주시 완산구 서신동 856-3,전북특별자치도 전주시 완산구 서신로 4,063-271-5292,127.1160414,35.825711,서신동,exact_official_building_road,기존 주택 CSV의 건물 좌표; 음식점 자체 측량 좌표 아님
볼몬드,완산구 효자동,전북특별자치도 전주시 완산구 효자동3가 1528-4 준빌딩 3층,전북특별자치도 전주시 완산구 홍산4길 12 준빌딩 3층,010-8080-5194,127.1101868,35.8183041,효자5동,exact_official_building_road,기존 주택 CSV의 건물 좌표; 음식점 자체 측량 좌표 아님
고기데이,덕진구 덕진동,전북특별자치도 전주시 덕진구 덕진동1가 1314-166 1층,전북특별자치도 전주시 덕진구 명륜4길 17-4 1층,063-253-9253,127.1265179,35.8437659,덕진동,exact_official_building_road,기존 주택 CSV의 건물 좌표; 음식점 자체 측량 좌표 아님
이든식당,완산구 경원동3가,전북특별자치도 전주시 완산구 경원동3가 13-9,전북특별자치도 전주시 완산구 현무2길 22,0507-1366-6617,127.1498749,35.82045322,풍남동,exact_official_building_road,기존 주택 CSV의 건물 좌표; 음식점 자체 측량 좌표 아님
자성화맛집코다리네_전주혁신점,덕진구 혁신동,전북특별자치도 전주시 덕진구 혁신동 776-7 2층,전북특별자치도 전주시 덕진구 오공로 37 2층,063-221-9294,127.0594921,35.8362827,혁신동,exact_official_building_road,기존 주택 CSV의 건물 좌표; 음식점 자체 측량 좌표 아님
홍루이젠_아중점,덕진구 우아동2가,전북특별자치도 전주시 덕진구 우아동2가 904-8,전북특별자치도 전주시 덕진구 석소로 24,063-244-3003,127.1694652,35.8294949,우아2동,exact_official_building_road,기존 주택 CSV의 건물 좌표; 음식점 자체 측량 좌표 아님
풍년순대,완산구 중화산동,전북특별자치도 전주시 완산구 중화산동2가 755-7,전북특별자치도 전주시 완산구 중화산로 103,063-229-0117,127.117956,35.81971889,중화산2동,exact_official_building_road,기존 주택 CSV의 건물 좌표; 음식점 자체 측량 좌표 아님
강정원초밥,완산구 서신동,전북특별자치도 전주시 완산구 서신동 949-12,전북특별자치도 전주시 완산구 고사평2길 3-6,063-272-5523,127.1100304,35.83479356,서신동,exact_official_building_road,기존 주택 CSV의 건물 좌표; 음식점 자체 측량 좌표 아님
송천정육식당,덕진구 송천동2가,전북특별자치도 전주시 덕진구 송천동2가 531-10,전북특별자치도 전주시 덕진구 시천로 55,063-273-2757,127.1140638,35.86429604,송천2동,exact_official_building_road,기존 주택 CSV의 건물 좌표; 음식점 자체 측량 좌표 아님
춘하추동,덕진구 송천2동,전북특별자치도 전주시 덕진구 송천동1가 386-1,전북특별자치도 전주시 덕진구 송천1길 3-1,063-714-3558,127.1196848,35.8562802,송천2동,exact_official_building_road,기존 주택 CSV의 건물 좌표; 음식점 자체 측량 좌표 아님
물고기세마리초밥,완산구 다가동4가,전북특별자치도 전주시 완산구 다가동4가 83-5,전북특별자치도 전주시 완산구 전주객사2길 45-4,063-288-0442,127.1401978,35.81885228,중앙동,exact_official_building_road,기존 주택 CSV의 건물 좌표; 음식점 자체 측량 좌표 아님
권씨네족발_서곡점,완산구 효자동3가,전북특별자치도 전주시 완산구 효자동3가 1438-7,전북특별자치도 전주시 완산구 서곡2길 5,"0507-1325-4177, 063-254-4177",127.1015217,35.8345482,효자5동,exact_official_building_road,기존 주택 CSV의 건물 좌표; 음식점 자체 측량 좌표 아님
남쪽나라,덕진구 우아동2가,전북특별자치도 전주시 덕진구 우아동2가 859-4,전북특별자치도 전주시 덕진구 진버들6길 12-9,063-245-8878,127.1677516,35.8370361,우아2동,exact_official_building_road,기존 주택 CSV의 건물 좌표; 음식점 자체 측량 좌표 아님
포스트레,완산구 효자동,전북특별자치도 전주시 완산구 효자동3가 1533-12,전북특별자치도 전주시 완산구 홍산남로 45-28,0507-1428-1218,127.1069723,35.8164275,효자5동,exact_official_building_road,기존 주택 CSV의 건물 좌표; 음식점 자체 측량 좌표 아님
다사랑치킨피자_송천1호점,덕진구 송천1동,전북특별자치도 전주시 덕진구 송천동2가 522-1,전북특별자치도 전주시 덕진구 송천중앙로 216,063-255-9235,127.1218437,35.8662043,송천1동,exact_official_building_road,기존 주택 CSV의 건물 좌표; 음식점 자체 측량 좌표 아님
불스떡볶이_송천에코점,덕진구 송천동,전북특별자치도 전주시 덕진구 송천동1가 98 104호,전북특별자치도 전주시 덕진구 오송1길 37-5 104호,063-277-3456,127.1305693,35.8632311,송천1동,exact_official_building_road,기존 주택 CSV의 건물 좌표; 음식점 자체 측량 좌표 아님
서울소바,완산구 중앙동1가,전북특별자치도 전주시 완산구 중앙동1가 17-1,전북특별자치도 전주시 완산구 전라감영3길 17-2,063-284-3879,127.1429201,35.81678965,중앙동,exact_official_building_road,기존 주택 CSV의 건물 좌표; 음식점 자체 측량 좌표 아님
신마포갈매기_전북대점,덕진구 덕진동,전북특별자치도 전주시 덕진구 덕진동1가 1314-205,전북특별자치도 전주시 덕진구 명륜5길 15,063-255-2627,127.125701,35.84411076,덕진동,exact_official_building_road,기존 주택 CSV의 건물 좌표; 음식점 자체 측량 좌표 아님
정가네양평해장국_아중직영점,덕진구 우아동2가,전북특별자치도 전주시 덕진구 우아동2가 860-5,전북특별자치도 전주시 덕진구 건산로 259,063-244-4411,127.1655527,35.8354137,우아2동,exact_official_building_road,기존 주택 CSV의 건물 좌표; 음식점 자체 측량 좌표 아님
발레리노,완산구 경원동3가,전북특별자치도 전주시 완산구 경원동3가 28-11,전북특별자치도 전주시 완산구 현무1길 36,0507-1353-0257,127.1476684,35.8220583,풍남동,exact_official_building_road,기존 주택 CSV의 건물 좌표; 음식점 자체 측량 좌표 아님
개성비당,완산구 풍남동,전북특별자치도 전주시 완산구 풍남동3가 65-4,전북특별자치도 전주시 완산구 태조로 22-1,010-8075-4864,127.1522045,35.81471025,풍남동,exact_official_building_road,기존 주택 CSV의 건물 좌표; 음식점 자체 측량 좌표 아님
오원집_서신점,완산구 서신동,전북특별자치도 전주시 완산구 서신동 836-2,전북특별자치도 전주시 완산구 서신로 26,063-254-0990,127.1160821,35.827687,서신동,exact_official_building_road,기존 주택 CSV의 건물 좌표; 음식점 자체 측량 좌표 아님
소담가,완산구 중앙동3가,전북특별자치도 전주시 완산구 중앙동3가 32-9,전북특별자치도 전주시 완산구 전라감영5길 17-20,063-288-9595,127.1456487,35.81723266,중앙동,exact_official_building_road,기존 주택 CSV의 건물 좌표; 음식점 자체 측량 좌표 아님
더도리칼국수,덕진구 덕진동,전북특별자치도 전주시 덕진구 덕진동1가 1314-165,전북특별자치도 전주시 덕진구 명륜4길 21-3,063-272-4446,127.1266049,35.8438807,덕진동,exact_official_building_road,기존 주택 CSV의 건물 좌표; 음식점 자체 측량 좌표 아님
황금코다리_전주송천점,덕진구 송천1동,전북특별자치도 전주시 덕진구 송천동1가 813-1,전북특별자치도 전주시 덕진구 두간3길 5,063-277-8886,127.1203208,35.8648365,송천2동,exact_official_building_road,기존 주택 CSV의 건물 좌표; 음식점 자체 측량 좌표 아님
쌈가_송천직영점,덕진구 송천2동,전북특별자치도 전주시 덕진구 송천동1가 821-3,전북특별자치도 전주시 덕진구 두간5길 8,063-228-2040,127.1177353,35.86471959,송천2동,exact_official_building_road,기존 주택 CSV의 건물 좌표; 음식점 자체 측량 좌표 아님
오유민동태마을_아중점,덕진구 우아동2가,전북특별자치도 전주시 덕진구 우아동2가 862-4,전북특별자치도 전주시 덕진구 건산로 271,063-241-6655,127.1665919,35.8357392,우아2동,exact_official_building_road,기존 주택 CSV의 건물 좌표; 음식점 자체 측량 좌표 아님
홍가네꼼장어_아중2호점,덕진구 우아동2가,전북특별자치도 전주시 덕진구 우아동2가 915-8,전북특별자치도 전주시 덕진구 아중로 203-1,063-242-0228,127.17134,35.8283091,우아2동,exact_official_building_road,기존 주택 CSV의 건물 좌표; 음식점 자체 측량 좌표 아님
김형제고기의철학_전주효자점,완산구 효자동,전북특별자치도 전주시 완산구 효자동3가 1539-3,전북특별자치도 전주시 완산구 홍산남로 75,063-236-1633,127.1101957,35.816017,효자5동,exact_official_building_road,기존 주택 CSV의 건물 좌표; 음식점 자체 측량 좌표 아님
푸라닭_전주서신점,완산구 서신동,전북특별자치도 전주시 완산구 서신동 854-16,전북특별자치도 전주시 완산구 서신천변로 6,063-278-9206,127.1144606,35.8258049,서신동,exact_official_building_road,기존 주택 CSV의 건물 좌표; 음식점 자체 측량 좌표 아님
빽다방_전주서신롯데점,완산구 서신동,전북특별자치도 전주시 완산구 서신동 969-9,전북특별자치도 전주시 완산구 새터로 122-23,063-251-8989,127.1202148,35.8345931,서신동,exact_official_building_road,기존 주택 CSV의 건물 좌표; 음식점 자체 측량 좌표 아님
늘푸른밥상,완산구 서신동,전북특별자치도 전주시 완산구 서신동 799,전북특별자치도 전주시 완산구 서신천변15길 15,0507-1419-2456,127.1127094,35.83176691,서신동,exact_official_building_road,기존 주택 CSV의 건물 좌표; 음식점 자체 측량 좌표 아님
카페빈타이_서신점,완산구 서신동,전북특별자치도 전주시 완산구 서신동 959-1,전북특별자치도 전주시 완산구 온고을로 104,063-271-4376,127.1115319,35.83414669,서신동,exact_official_building_road,기존 주택 CSV의 건물 좌표; 음식점 자체 측량 좌표 아님
피자스쿨_서신점,완산구 서신동,전북특별자치도 전주시 완산구 서신동 764-2,전북특별자치도 전주시 완산구 당산로 39,063-272-0202,127.1127268,35.832345,서신동,exact_official_building_road,기존 주택 CSV의 건물 좌표; 음식점 자체 측량 좌표 아님
에이바우트커피_전주하가점,덕진구 덕진동,전북특별자치도 전주시 덕진구 덕진동2가 681-3 1층,전북특별자치도 전주시 덕진구 가련산로 27,063-253-6667,127.1113199,35.84224789,덕진동,exact_official_building_road,기존 주택 CSV의 건물 좌표; 음식점 자체 측량 좌표 아님
화룡반점,완산구 효자5동,전북특별자치도 전주시 완산구 효자동3가 1419-7,전북특별자치도 전주시 완산구 서곡로 84,063-251-6364,127.1021907,35.83606026,효자5동,exact_official_building_road,기존 주택 CSV의 건물 좌표; 음식점 자체 측량 좌표 아님
카페오푸스,완산구 효자4동,전북특별자치도 전주시 완산구 효자동3가 1734-4,전북특별자치도 전주시 완산구 봉곡1길 4-8,010-3737-3183,127.0971922,35.8127517,효자4동,exact_official_building_road,기존 주택 CSV의 건물 좌표; 음식점 자체 측량 좌표 아님
포코포코,덕진구 우아동1가,전북특별자치도 전주시 덕진구 우아동1가 742-8 2층,전북특별자치도 전주시 덕진구 아중호수길 98 2층,063-245-8789,127.1747568,35.82004047,우아2동,exact_official_building_road,기존 주택 CSV의 건물 좌표; 음식점 자체 측량 좌표 아님
명가포차,완산구 효자4동,전북특별자치도 전주시 완산구 효자동2가 1256-3,전북특별자치도 전주시 완산구 우전로 206,063-225-7088,127.1020597,35.8128734,효자4동,exact_official_building_road,기존 주택 CSV의 건물 좌표; 음식점 자체 측량 좌표 아님
오븐어클락,완산구 효자4동,전북특별자치도 전주시 완산구 효자동2가 1246-10,전북특별자치도 전주시 완산구 봉곡1길 35,063-229-2292,127.100742,35.81334547,효자4동,exact_official_building_road,기존 주택 CSV의 건물 좌표; 음식점 자체 측량 좌표 아님
현대옥_홈플러스점,완산구 효자동3가,전북특별자치도 전주시 완산구 효자동1가 518-69,전북특별자치도 전주시 완산구 거마평로 169,063-227-2626,127.1160654,35.807598,효자3동,exact_official_building_road,기존 주택 CSV의 건물 좌표; 음식점 자체 측량 좌표 아님
형제수산,덕진구 덕진동,전북특별자치도 전주시 덕진구 덕진동2가 671-9,전북특별자치도 전주시 덕진구 가리내8길 10,063-271-8812,127.1108206,35.8435938,덕진동,exact_official_building_road,기존 주택 CSV의 건물 좌표; 음식점 자체 측량 좌표 아님
감성커피_전주효천점,완산구 효자5동,전북특별자치도 전주시 완산구 효자동2가 1377-3 효림빌딩 103호,전북특별자치도 전주시 완산구 효천중앙로 51 효림빌딩 103호,063-227-7306,127.1075191,35.7989523,효자4동,exact_official_building_road,기존 주택 CSV의 건물 좌표; 음식점 자체 측량 좌표 아님
배불뚝집_효자점,완산구 효자5동,전북특별자치도 전주시 완산구 효자동3가 1541-2,전북특별자치도 전주시 완산구 홍산남로 80,063-236-7000,127.1106733,35.8155575,효자5동,exact_official_building_road,기존 주택 CSV의 건물 좌표; 음식점 자체 측량 좌표 아님
돈올레,덕진구 덕진동,전북특별자치도 전주시 덕진구 덕진동2가 678-3,전북특별자치도 전주시 덕진구 가리내10길 8-5,063-255-3009,127.1107685,35.8426363,덕진동,exact_official_building_road,기존 주택 CSV의 건물 좌표; 음식점 자체 측량 좌표 아님
스타벅스_전주홍산로점,완산구 효자동2가,전북특별자치도 전주시 완산구 효자동2가 1154-3,전북특별자치도 전주시 완산구 홍산로 238,1522-3232,127.1064458,35.81487509,효자5동,exact_official_building_road,기존 주택 CSV의 건물 좌표; 음식점 자체 측량 좌표 아님
소호,완산구 서신동,전북특별자치도 전주시 완산구 서신동 782-1,전북특별자치도 전주시 완산구 감나무4길 10-8,063-255-1253,127.1218754,35.8317889,서신동,exact_official_building_road,기존 주택 CSV의 건물 좌표; 음식점 자체 측량 좌표 아님
현대옥_서곡점,완산구 효자동3가,전북특별자치도 전주시 완산구 효자동3가 1419-3,전북특별자치도 전주시 완산구 서곡6길 4-4,063-271-6767,127.1024746,35.8364295,효자5동,exact_official_building_road,기존 주택 CSV의 건물 좌표; 음식점 자체 측량 좌표 아님
조선치킨_중화산점,완산구 중화산동2가,전북특별자치도 전주시 완산구 중화산동2가  773-5,전북특별자치도 전주시 완산구 신촌4길 24,063-229-9993,127.1155237,35.8179222,중화산2동,exact_official_building_road,기존 주택 CSV의 건물 좌표; 음식점 자체 측량 좌표 아님
멕시카나치킨_전주혁신도시점,덕진구 혁신동,전북특별자치도 전주시 덕진구 혁신동 784-8,전북특별자치도 전주시 덕진구 오정2길 26,063-226-4999,127.0610473,35.83427722,혁신동,exact_official_building_road,기존 주택 CSV의 건물 좌표; 음식점 자체 측량 좌표 아님
맨날술이야,완산구 효자동,전북특별자치도 전주시 완산구 효자동3가 1686-5,전북특별자치도 전주시 완산구 마전들로 42,0507-1376-0950,127.1001553,35.8208753,효자5동,exact_official_building_road,기존 주택 CSV의 건물 좌표; 음식점 자체 측량 좌표 아님
중앙상가가든,완산구 태평동,전북특별자치도 전주시 완산구 태평동 36-1,전북특별자치도 전주시 완산구 태평3길 70,063-252-9882,127.1424533,35.82522262,중앙동,exact_official_building_road,기존 주택 CSV의 건물 좌표; 음식점 자체 측량 좌표 아님
고매드비,덕진구 덕진동,전북특별자치도 전주시 덕진구 덕진동1가 1314-191,전북특별자치도 전주시 덕진구 명륜2길 16-5,0507-1303-7062,127.1291733,35.8417131,덕진동,exact_official_building_road,기존 주택 CSV의 건물 좌표; 음식점 자체 측량 좌표 아님
소리막걸리,덕진구 송천동,전북특별자치도 전주시 덕진구 송천동2가 196,전북특별자치도 전주시 덕진구 붓내3길 18-9,010-5667-3079,127.1236452,35.86598854,송천1동,exact_official_building_road,기존 주택 CSV의 건물 좌표; 음식점 자체 측량 좌표 아님
전대전,완산구 풍남동,전북특별자치도 전주시 완산구 풍남동2가 27 1층,전북특별자치도 전주시 완산구 동문길 21 1층,0507-1460-7800,127.1526788,35.8191705,풍남동,exact_official_building_road,기존 주택 CSV의 건물 좌표; 음식점 자체 측량 좌표 아님
오박사동태탕아구찜,덕진구 송천1동,전북특별자치도 전주시 덕진구 송천동2가 489-1,전북특별자치도 전주시 덕진구 송천중앙로 230,063-274-2727,127.1218927,35.8676091,송천1동,exact_official_building_road,기존 주택 CSV의 건물 좌표; 음식점 자체 측량 좌표 아님
한양소바,완산구 고사동,전북특별자치도 전주시 완산구 고사동 286-2,전북특별자치도 전주시 완산구 전주객사4길 83,063-251-1377,127.1428719,35.82128686,중앙동,exact_official_building_road,기존 주택 CSV의 건물 좌표; 음식점 자체 측량 좌표 아님
노매딕,완산구 풍남동,전북특별자치도 전주시 완산구 교동 110-1,전북특별자치도 전주시 완산구 향교길 57,063-288-2298,127.1526782,35.8119183,풍남동,exact_official_building_road,기존 주택 CSV의 건물 좌표; 음식점 자체 측량 좌표 아님
별따주는부뚜막,완산구 효자동3가,전북특별자치도 전주시 완산구 효자동3가 1529-2,전북특별자치도 전주시 완산구 홍산북로 45-12,0507-1406-9925,127.1071461,35.8178667,효자5동,exact_official_building_road,기존 주택 CSV의 건물 좌표; 음식점 자체 측량 좌표 아님
이디야커피_전주효자점,완산구 효자3동,전북특별자치도 전주시 완산구 효자동1가 457-1 1층,전북특별자치도 전주시 완산구 효자천변2길 11 1층,063-221-1205,127.1140128,35.80507065,효자3동,exact_official_building_road,기존 주택 CSV의 건물 좌표; 음식점 자체 측량 좌표 아님
할매국수_본점,완산구 중화산동2가,전북특별자치도 전주시 완산구 중화산동2가 578-3,전북특별자치도 전주시 완산구 메너머1길 5,063-222-2227,127.1221156,35.82084889,중화산2동,exact_official_building_road,기존 주택 CSV의 건물 좌표; 음식점 자체 측량 좌표 아님
충만치킨_전주전북대점,덕진구 덕진동,전북특별자치도 전주시 덕진구 덕진동1가 1261-4,전북특별자치도 전주시 덕진구 명륜4길 17,063-252-7979,127.1265534,35.8434587,덕진동,exact_official_building_road,기존 주택 CSV의 건물 좌표; 음식점 자체 측량 좌표 아님
초밥집,완산구 고사동,전북특별자치도 전주시 완산구 고사동 242-1,전북특별자치도 전주시 완산구 전주객사4길 74-1,063-271-0741,127.1432166,35.82112708,중앙동,exact_official_building_road,기존 주택 CSV의 건물 좌표; 음식점 자체 측량 좌표 아님
모조,완산구 효자동,전북특별자치도 전주시 완산구 효자동2가 1229-5,전북특별자치도 전주시 완산구 홍산북로 15,063-226-2204,127.10352,35.8175624,효자5동,exact_official_building_road,기존 주택 CSV의 건물 좌표; 음식점 자체 측량 좌표 아님
72번가에비뉴커피,완산구 효자5동,전북특별자치도 전주시 완산구 효자동3가 1541-6,전북특별자치도 전주시 완산구 홍산남로 72,063-282-0072,127.1097325,35.8155891,효자5동,exact_official_building_road,기존 주택 CSV의 건물 좌표; 음식점 자체 측량 좌표 아님
신포우리만두_효자직영점,완산구 효자동1가,전북특별자치도 전주시 완산구 효자동1가 284-4,전북특별자치도 전주시 완산구 거마평로 152,063-229-7502,127.1169428,35.8060842,효자2동,exact_official_building_road,기존 주택 CSV의 건물 좌표; 음식점 자체 측량 좌표 아님
설빙_전주송천점,덕진구 송천동,전북특별자치도 전주시 덕진구 송천동2가 179-40 백두산빌딩 2층,전북특별자치도 전주시 덕진구 천마산로 73 2층,063-274-6181,127.1294579,35.8654057,송천1동,exact_official_building_road,기존 주택 CSV의 건물 좌표; 음식점 자체 측량 좌표 아님
무이사회,덕진구 금상동,전북특별자치도 전주시 덕진구 금상동 1285-12,전북특별자치도 전주시 덕진구 수곡길 22-5,0507-1354-4422,127.1846863,35.8429313,우아2동,exact_official_building_road,기존 주택 CSV의 건물 좌표; 음식점 자체 측량 좌표 아님
아웃닭_전북대점,덕진구 덕진동,전북특별자치도 전주시 덕진구 덕진동1가 1264-24 1층,전북특별자치도 전주시 덕진구 명륜3길 18-2 1층,063-255-9418,127.1280252,35.8425436,덕진동,exact_official_building_road,기존 주택 CSV의 건물 좌표; 음식점 자체 측량 좌표 아님
꽃마차,완산구 중화산동,전북특별자치도 전주시 완산구 중화산동2가 658-4,전북특별자치도 전주시 완산구 어은로 18-12,063-236-7183,127.1248233,35.8161277,중화산1동,exact_official_building_road,기존 주택 CSV의 건물 좌표; 음식점 자체 측량 좌표 아님
보쌈다온,완산구 효자동,전북특별자치도 전주시 완산구 효자동2가 1237-6,전북특별자치도 전주시 완산구 홍산남로 29-29,063-229-6776,127.1049441,35.8165584,효자5동,exact_official_building_road,기존 주택 CSV의 건물 좌표; 음식점 자체 측량 좌표 아님
돼지코생곱창갈비_에코시티송천점,덕진구 송천동,전북특별자치도 전주시 덕진구 송천동2가 1327-13 1층 102호,전북특별자치도 전주시 덕진구 세병2길 25 1층 102호,063-252-8930,127.1265603,35.87279656,송천1동,exact_official_building_road,기존 주택 CSV의 건물 좌표; 음식점 자체 측량 좌표 아님
유성식당순대국밥_서신점,완산구 서신동,전북특별자치도 전주시 완산구 서신동 802,전북특별자치도 전주시 완산구 서신천변15길 3,063-275-5599,127.1139048,35.8317667,서신동,exact_official_building_road,기존 주택 CSV의 건물 좌표; 음식점 자체 측량 좌표 아님
미카도스시_전주객사점,완산구 고사동,전북특별자치도 전주시 완산구 고사동 212-1 1층,"전북특별자치도 전주시 완산구 전주객사5길 63, 1층",063-232-7866,127.1445956,35.8209349,중앙동,exact_official_building_road,기존 주택 CSV의 건물 좌표; 음식점 자체 측량 좌표 아님
육회랑낙지랑,덕진구 우아1동,전북특별자치도 전주시 덕진구 우아동3가 747-46,전북특별자치도 전주시 덕진구 우아3길 9,063-244-6411,127.1558655,35.8488462,우아1동,exact_official_building_road,기존 주택 CSV의 건물 좌표; 음식점 자체 측량 좌표 아님
미각,덕진구 송천동1가,전북특별자치도 전주시 덕진구 송천동1가 818-8,전북특별자치도 전주시 덕진구 용소로 93,010-4460-1052,127.1185103,35.86372482,송천2동,exact_official_building_road,기존 주택 CSV의 건물 좌표; 음식점 자체 측량 좌표 아님
자판기술집,완산구 다가동3가,전북특별자치도 전주시 완산구 다가동3가 66-1,전북특별자치도 전주시 완산구 전주객사1길 9,063-282-4564,127.140273,35.81700512,중앙동,exact_official_building_road,기존 주택 CSV의 건물 좌표; 음식점 자체 측량 좌표 아님
수플레,완산구 중화산동2가,전북특별자치도 전주시 완산구 중화산동2가 749-7,전북특별자치도 전주시 완산구 화산천변3길 8-3,063-236-0246,127.1152332,35.82076246,중화산2동,exact_official_building_road,기존 주택 CSV의 건물 좌표; 음식점 자체 측량 좌표 아님
착한낙지_전주완산점,완산구 효자동,전북특별자치도 전주시 완산구 효자동2가 1065-11,전북특별자치도 전주시 천잠로 245,063-286-5678,127.0942567,35.8087388,효자4동,exact_official_building_parcel,기존 주택 CSV의 건물 좌표; 음식점 자체 측량 좌표 아님
탁사발,덕진구 우아동1가,전북특별자치도 전주시 덕진구 우아동1가 1097-8,전북특별자치도 전주시 덕진구 한배미로 66,0507-1309-0523,127.1710655,35.82596379,우아2동,exact_official_building_road,기존 주택 CSV의 건물 좌표; 음식점 자체 측량 좌표 아님
삼광,완산구 효자동,전북특별자치도 전주시 완산구 효자동2가 1211-3,전북특별자치도 전주시 완산구 소태정3길 5-4,063-222-6664,127.1004636,35.803468,효자4동,exact_official_building_road,기존 주택 CSV의 건물 좌표; 음식점 자체 측량 좌표 아님
고구려막걸리,완산구 효자동,전북특별자치도 전주시 완산구 효자동3가 1453-2,전북특별자치도 전주시 완산구 서곡1길 11,063-255-9033,127.0998993,35.83509678,효자5동,exact_official_building_road,기존 주택 CSV의 건물 좌표; 음식점 자체 측량 좌표 아님
연안식당_전주송천점,덕진구 송천동2가,전북특별자치도 전주시 덕진구 송천동2가 179-119,전북특별자치도 전주시 덕진구 사근1길 31,063-274-2952,127.1305541,35.8666658,송천1동,exact_official_building_road,기존 주택 CSV의 건물 좌표; 음식점 자체 측량 좌표 아님
어나더데이,완산구 서신동,전북특별자치도 전주시 완산구 서신동 840-15 1층,전북특별자치도 전주시 완산구 서신천변4길 1 1층,0507-1382-6355,127.1143326,35.8279609,서신동,exact_official_building_road,기존 주택 CSV의 건물 좌표; 음식점 자체 측량 좌표 아님
거기커피,덕진구 덕진동,전북특별자치도 전주시 덕진구 덕진동1가 1312-77,전북특별자치도 전주시 덕진구 명륜4길 21,063-273-0428,127.1269558,35.8438835,덕진동,exact_official_building_road,기존 주택 CSV의 건물 좌표; 음식점 자체 측량 좌표 아님
얌스,완산구 효자5동,전북특별자치도 전주시 완산구 효자동3가 1619-2,전북특별자치도 전주시 완산구 문학대4길 28-4,063-237-3009,127.1047024,35.8266183,효자5동,exact_official_building_road,기존 주택 CSV의 건물 좌표; 음식점 자체 측량 좌표 아님
더불우키친,완산구 효자동,전북특별자치도 전주시 완산구 효자동2가 1330-2,전북특별자치도 전주시 완산구 우전1길 63,0507-1444-6769,127.1058674,35.8093718,효자4동,exact_official_building_road,기존 주택 CSV의 건물 좌표; 음식점 자체 측량 좌표 아님
본죽&비빔밥cafe_전주서신점,완산구 서신동,전북특별자치도 전주시 완산구 서신동 838-2,전북특별자치도 전주시 완산구 서신로 11,063-251-5060,127.1155895,35.8265605,서신동,exact_official_building_road,기존 주택 CSV의 건물 좌표; 음식점 자체 측량 좌표 아님
1층포장마차,완산구 효자5동,전북특별자치도 전주시 완산구 효자동3가 1529-4 이룸빌딩 1층,전북특별자치도 전주시 완산구 홍산북로 45-16 이룸빌딩 1층,063-227-0917,127.1075198,35.8178561,효자5동,exact_official_building_road,기존 주택 CSV의 건물 좌표; 음식점 자체 측량 좌표 아님
라화쿵부_도청점,완산구 효자동,전북특별자치도 전주시 완산구 효자동3가 1534-4,전북특별자치도 전주시 완산구 홍산남로 53,063-909-1666,127.1078429,35.8160215,효자5동,exact_official_building_road,기존 주택 CSV의 건물 좌표; 음식점 자체 측량 좌표 아님
불스피자_에코본점,덕진구 송천1동,전북특별자치도 전주시 덕진구 송천동2가 1359-3,"전북특별자치도 전주시 덕진구 백석로 24-11, 1층",063-909-9123,127.1367531,35.8707078,송천1동,exact_official_building_road,기존 주택 CSV의 건물 좌표; 음식점 자체 측량 좌표 아님
카페인소,완산구 서신동,전북특별자치도 전주시 완산구 서신동  823-15,전북특별자치도 전주시 완산구 서신천변5길 12,070-7637-0517,127.1130905,35.82835375,서신동,exact_official_building_road,기존 주택 CSV의 건물 좌표; 음식점 자체 측량 좌표 아님
양대감600,완산구 효자동,전북특별자치도 전주시 완산구 효자동3가 1533-6,전북특별자치도 전주시 완산구 홍산북로 60-22,063-227-7769,127.1083487,35.8167368,효자5동,exact_official_building_road,기존 주택 CSV의 건물 좌표; 음식점 자체 측량 좌표 아님
황태도둑_서신점,완산구 서신동,전북특별자치도 전주시 완산구 서신동 850-8,전북특별자치도 전주시 완산구 전룡로 21,063-255-3782,127.1153146,35.82639625,서신동,exact_official_building_road,기존 주택 CSV의 건물 좌표; 음식점 자체 측량 좌표 아님
전주안행골,완산구 효자동1가,전북특별자치도 전주시 완산구 효자동1가 683-14,전북특별자치도 전주시 완산구 안행5길 18,063-228-5355,127.1322736,35.80261685,효자1동,exact_official_building_road,기존 주택 CSV의 건물 좌표; 음식점 자체 측량 좌표 아님
카페베네_전주서신점,완산구 서신동,전북특별자치도 전주시 완산구 서신동 805,전북특별자치도 전주시 완산구 서신로 62,063-277-3844,127.1162148,35.8309028,서신동,exact_official_building_road,기존 주택 CSV의 건물 좌표; 음식점 자체 측량 좌표 아님
도싯골묵은지삼겹살_도청점,완산구 효자5동,전북특별자치도 전주시 완산구 효자동3가 1528-10,전북특별자치도 전주시 완산구 홍산북로 83-17,063-283-3392,127.1104559,35.8181549,효자5동,exact_official_building_road,기존 주택 CSV의 건물 좌표; 음식점 자체 측량 좌표 아님
설빙_전주에코시티점,덕진구 송천1동,전북특별자치도 전주시 덕진구 송천동2가 1299-6,"전북특별자치도 전주시 덕진구 세병로 174-9, 2층",063-252-7505,127.1336371,35.8793788,송천1동,exact_official_building_road,기존 주택 CSV의 건물 좌표; 음식점 자체 측량 좌표 아님
이가네바지락손칼국수,완산구 중화산동,전북특별자치도 전주시 완산구 중화산동2가 693-1,전북특별자치도 전주시 완산구 메너머3길 21,063-245-7887,127.120468,35.8237481,중화산2동,exact_official_building_road,기존 주택 CSV의 건물 좌표; 음식점 자체 측량 좌표 아님
부타_효자점,완산구 효자동,전북특별자치도 전주시 완산구 효자동3가 1656-12,전북특별자치도 전주시 완산구 마전들로 7,063-228-2227,127.0965154,35.8212063,효자5동,exact_official_building_road,기존 주택 CSV의 건물 좌표; 음식점 자체 측량 좌표 아님
김밥명가_신시가지점,완산구 효자동,전북특별자치도 전주시 완산구 효자동2가 1155-2,전북특별자치도 전주시 완산구 홍산남로 50,063-284-2299,127.1072544,35.8155757,효자5동,exact_official_building_road,기존 주택 CSV의 건물 좌표; 음식점 자체 측량 좌표 아님
아이라이크어스커피,완산구 효자동,전북특별자치도 전주시 완산구 효자동3가 1619-11 1층,전북특별자치도 전주시 완산구 문학대2길 21-4 1층,063-227-5746,127.1044636,35.82585635,효자5동,exact_official_building_road,기존 주택 CSV의 건물 좌표; 음식점 자체 측량 좌표 아님
옛날팥죽집,완산구 중화산동2가,전북특별자치도 전주시 완산구 중화산동2가 652,전북특별자치도 전주시 완산구 백제대로 276,063-226-2022,127.1233254,35.817811,중화산2동,exact_official_building_road,기존 주택 CSV의 건물 좌표; 음식점 자체 측량 좌표 아님
크라운호프_전주대점,완산구 효자동2가,전북특별자치도 전주시 완산구 효자동2가 1305-1,전북특별자치도 전주시 완산구 봉곡로 12,0507-1333-9825,127.095024,35.8116925,효자4동,exact_official_building_road,기존 주택 CSV의 건물 좌표; 음식점 자체 측량 좌표 아님
즐거운심야식당_만성점,덕진구 혁신동,전북특별자치도 전주시 덕진구 만성동 1260-8 105호,전북특별자치도 전주시 덕진구 만성중앙로 54-40 105호,063-212-7578,127.076673,35.84218538,여의동,exact_official_building_road,기존 주택 CSV의 건물 좌표; 음식점 자체 측량 좌표 아님
모몽크,덕진구 혁신동,전북특별자치도 전주시 덕진구 혁신동 775-6,전북특별자치도 전주시 덕진구 오공로 43-22,063-229-0920,127.0612927,35.8372949,혁신동,exact_official_building_road,기존 주택 CSV의 건물 좌표; 음식점 자체 측량 좌표 아님
치마집_송천점,덕진구 송천동1가,전북특별자치도 전주시 덕진구 송천동1가 137-3,전북특별자치도 전주시 덕진구 솔내로 108,0507-1325-7392,127.1268079,35.8596482,송천1동,exact_official_building_road,기존 주택 CSV의 건물 좌표; 음식점 자체 측량 좌표 아님
우리할매떡볶이_전주서신점,완산구 서신동,전북특별자치도 전주시 완산구 서신동 763-1 115동 104호,전북특별자치도 전주시 완산구 당산로 27 115동 104호,063-255-5244,127.111435,35.8323483,서신동,exact_official_building_road,기존 주택 CSV의 건물 좌표; 음식점 자체 측량 좌표 아님
하펠,완산구 중화산동1가,전북특별자치도 전주시 완산구 중화산동1가 192-5,전북특별자치도 전주시 완산구 서원로 402-6,0507-1447-5550,127.1371074,35.81502663,중화산1동,exact_official_building_road,기존 주택 CSV의 건물 좌표; 음식점 자체 측량 좌표 아님
계수나무,완산구 풍남동,전북특별자치도 전주시 완산구 경원동1가 115-5 1층,전북특별자치도 전주시 완산구 전동성당길 26 1층,0507-1390-5232,127.1487215,35.8177451,풍남동,exact_official_building_road,기존 주택 CSV의 건물 좌표; 음식점 자체 측량 좌표 아님
누룩꽃피는날_전주대점,완산구 효자4동,전북특별자치도 전주시 완산구 효자동2가 1307-5,전북특별자치도 전주시 완산구 후곡길 25,063-221-9695,127.0952141,35.81096064,효자4동,exact_official_building_road,기존 주택 CSV의 건물 좌표; 음식점 자체 측량 좌표 아님
꿀밤,덕진구 덕진동,전북특별자치도 전주시 덕진구 덕진동1가 1261-1,전북특별자치도 전주시 덕진구 명륜5길 14,0507-1419-5959,127.1257306,35.8438455,덕진동,exact_official_building_road,기존 주택 CSV의 건물 좌표; 음식점 자체 측량 좌표 아님
텐노쇼군,완산구 효자5동,전북특별자치도 전주시 완산구 효자동2가 1155-6 103~5호,전북특별자치도 전주시 완산구 홍산남로 60 103~5호,063-222-3615,127.1083599,35.8155698,효자5동,exact_official_building_road,기존 주택 CSV의 건물 좌표; 음식점 자체 측량 좌표 아님
이왕이면,완산구 중화산동,전북특별자치도 전주시 완산구 중화산동2가 744-6,전북특별자치도 전주시 완산구 유연로 290,063-902-6637,127.1171733,35.8251159,중화산2동,exact_official_building_road,기존 주택 CSV의 건물 좌표; 음식점 자체 측량 좌표 아님
수니네감자탕부대찌개,덕진구 덕진동,전북특별자치도 전주시 덕진구 덕진동1가 1264-1 2층,전북특별자치도 전주시 덕진구 명륜3길 18 2층,063-273-3612,127.1279414,35.8426545,덕진동,exact_official_building_road,기존 주택 CSV의 건물 좌표; 음식점 자체 측량 좌표 아님
무궁화한정식,덕진구 덕진동,전북특별자치도 전주시 덕진구 덕진동2가 167-47,전북특별자치도 전주시 덕진구 권삼득로 436,063-271-3307,127.1171557,35.8500601,덕진동,exact_official_building_road,기존 주택 CSV의 건물 좌표; 음식점 자체 측량 좌표 아님
전통웰빙팥죽,완산구 서신동,전북특별자치도 전주시 완산구 서신동 786-3,전북특별자치도 전주시 완산구 감나무로 62-8,063-273-5388,127.1195719,35.83174519,서신동,exact_official_building_road,기존 주택 CSV의 건물 좌표; 음식점 자체 측량 좌표 아님
더벤티_전주아중점,덕진구 우아동2가,전북특별자치도 전주시 덕진구 우아동2가 904-8,전북특별자치도 전주시 덕진구 석소로 24,063-244-0758,127.1694652,35.8294949,우아2동,exact_official_building_road,기존 주택 CSV의 건물 좌표; 음식점 자체 측량 좌표 아님
현대옥_전주대평생교육원점,완산구 효자동2가,전북특별자치도 전주시 완산구 효자동2가 1312-1,전북특별자치도 전주시 완산구 후곡길 10,063-222-2623,127.0960241,35.8096222,효자4동,exact_official_building_road,기존 주택 CSV의 건물 좌표; 음식점 자체 측량 좌표 아님
이레부대찌개,완산구 효자동,전북특별자치도 전주시 완산구 효자동3가 1425-2,전북특별자치도 전주시 완산구 서곡3길 23-4,063-255-1442,127.0993377,35.8366098,효자5동,exact_official_building_road,기존 주택 CSV의 건물 좌표; 음식점 자체 측량 좌표 아님
이기자피순대,덕진구 송천동,전북특별자치도 전주시 덕진구 송천동1가 634-3,전북특별자치도 전주시 덕진구 송천3길 43,063-252-0660,127.1169933,35.8599461,송천2동,exact_official_building_road,기존 주택 CSV의 건물 좌표; 음식점 자체 측량 좌표 아님
웰미가_서신점,완산구 서신동,전북특별자치도 전주시 완산구 서신동 785-8 1층,전북특별자치도 전주시 완산구 감나무4길 22 1층,063-273-4567,127.1203224,35.8316789,서신동,exact_official_building_road,기존 주택 CSV의 건물 좌표; 음식점 자체 측량 좌표 아님
기성이네,완산구 서신동,전북특별자치도 전주시 완산구 서신동 838,전북특별자치도 전주시 완산구 서신로 19,063-903-0822,127.1155955,35.82702022,서신동,exact_official_building_road,기존 주택 CSV의 건물 좌표; 음식점 자체 측량 좌표 아님
두거리우신탕_본점,덕진구 송천동,전북특별자치도 전주시 덕진구 송천동2가 305-4,전북특별자치도 전주시 덕진구 동부대로 1106,063-277-8188,127.1261693,35.8700808,송천1동,exact_official_building_road,기존 주택 CSV의 건물 좌표; 음식점 자체 측량 좌표 아님
격포수산,완산구 효자5동,전북특별자치도 전주시 완산구 효자동2가 1159-3 1층,전북특별자치도 전주시 완산구 서원로 138 1층,063-236-8007,127.1096058,35.8134002,효자4동,exact_official_building_road,기존 주택 CSV의 건물 좌표; 음식점 자체 측량 좌표 아님
빈센트반고흐,완산구 고사동,전북특별자치도 전주시 완산구 고사동 66-5,전북특별자치도 전주시 완산구 전주객사5길 22-6,063-288-2189,127.1458551,35.8191445,중앙동,exact_official_building_road,기존 주택 CSV의 건물 좌표; 음식점 자체 측량 좌표 아님
파인땡큐,덕진구 덕진동,전북특별자치도 전주시 덕진구 덕진동1가 1314-170 1층,전북특별자치도 전주시 덕진구 명륜4길 20,063-273-0201,127.1271989,35.8434937,덕진동,exact_official_building_road,기존 주택 CSV의 건물 좌표; 음식점 자체 측량 좌표 아님
본가한가족감자탕,완산구 효자5동,전북특별자치도 전주시 완산구 효자동3가 1527-17 1층,전북특별자치도 전주시 완산구 홍산북로 45-20 1층,063-222-4288,127.1073432,35.8181594,효자5동,exact_official_building_road,기존 주택 CSV의 건물 좌표; 음식점 자체 측량 좌표 아님
셀러드기념일,덕진구 송천동,전북특별자치도 전주시 덕진구 송천동2가 1348-32,전북특별자치도 전주시 덕진구 화암로 19,070-4038-2083,127.1398573,35.87304557,송천1동,exact_official_building_road,기존 주택 CSV의 건물 좌표; 음식점 자체 측량 좌표 아님
수제전주초코파이_한옥마을본점,완산구 풍남동,전북특별자치도 전주시 완산구 교동 271-5,전북특별자치도 전주시 완산구 태조로 35,063-288-2899,127.1507905,35.8141277,풍남동,exact_official_building_road,기존 주택 CSV의 건물 좌표; 음식점 자체 측량 좌표 아님
남원춘향골추어탕,덕진구 우아동2가,전북특별자치도 전주시 덕진구 우아동2가 865-2,"전북특별자치도 전주시 덕진구 진버들7길 5, 제1동 1층",063-246-7560,127.1682445,35.83647168,우아2동,exact_official_building_road,기존 주택 CSV의 건물 좌표; 음식점 자체 측량 좌표 아님
청춘,완산구 고사동,전북특별자치도 전주시 완산구 고사동 409-4 2층,전북특별자치도 전주시 완산구 전주객사4길 23-10 2층,063-286-8090,127.1433859,35.81875783,중앙동,exact_official_building_road,기존 주택 CSV의 건물 좌표; 음식점 자체 측량 좌표 아님
도가옥,덕진구 덕진동,전북특별자치도 전주시 덕진구 덕진동2가 167-204,전북특별자치도 전주시 덕진구 호반3길 8-4,063-275-9859,127.1172102,35.84913216,덕진동,exact_official_building_road,기존 주택 CSV의 건물 좌표; 음식점 자체 측량 좌표 아님
향토식당,덕진구 산정동,전북특별자치도 전주시 덕진구 산정동 873-2 1층 1동,"전북특별자치도 전주시 덕진구 산정1길 6, 1동 1층",063-244-0818,127.1693481,35.83678575,우아2동,exact_official_building_road,기존 주택 CSV의 건물 좌표; 음식점 자체 측량 좌표 아님
고진감래,덕진구 송천동,전북특별자치도 전주시 덕진구 송천동1가 811-4 1층,전북특별자치도 전주시 덕진구 두간로 60 1층,010-5873-7692,127.1209034,35.8651082,송천2동,exact_official_building_road,기존 주택 CSV의 건물 좌표; 음식점 자체 측량 좌표 아님
계륵사지_서신점,완산구 서신동,전북특별자치도 전주시 완산구 서신동 934-7,전북특별자치도 전주시 완산구 새터로 37,063-252-8292,127.1107117,35.8358751,서신동,exact_official_building_road,기존 주택 CSV의 건물 좌표; 음식점 자체 측량 좌표 아님
피자상회_아중점,덕진구 우아동2가,전북특별자치도 전주시 덕진구 우아동2가 909-9,전북특별자치도 전주시 덕진구 석소로 12,070-7543-8360,127.1698573,35.8286575,우아2동,exact_official_building_road,기존 주택 CSV의 건물 좌표; 음식점 자체 측량 좌표 아님
동경소바_본점,완산구 효자동1가,전북특별자치도 전주시 완산구 효자동1가 667-8,전북특별자치도 전주시 완산구 효자천변1길 26-29,063-909-1555,127.1147612,35.799059,효자3동,exact_official_building_road,기존 주택 CSV의 건물 좌표; 음식점 자체 측량 좌표 아님
샘물맥주_객사점,완산구 고사동,전북특별자치도 전주시 완산구 고사동 450-6,전북특별자치도 전주시 완산구 전주객사2길 14,0507-1433-8234,127.1411574,35.8174874,중앙동,exact_official_building_road,기존 주택 CSV의 건물 좌표; 음식점 자체 측량 좌표 아님
본소바,완산구 효자동1가,전북특별자치도 전주시 완산구 효자동1가 687-2,전북특별자치도 전주시 완산구 안행7길 3,063-902-6367,127.1341385,35.80205343,효자1동,exact_official_building_road,기존 주택 CSV의 건물 좌표; 음식점 자체 측량 좌표 아님
산촌회관,완산구 효자동,전북특별자치도 전주시 완산구 효자동3가 1467-6,전북특별자치도 전주시 완산구 서곡4길 42-1,063-251-0933,127.1027015,35.8329291,효자5동,exact_official_building_road,기존 주택 CSV의 건물 좌표; 음식점 자체 측량 좌표 아님
배스킨라빈스_하가점,덕진구 덕진동,전북특별자치도 전주시 덕진구 덕진동2가 693-3 1동 1층 104-105호,"전북특별자치도 전주시 덕진구 가련산로 7, 1동 1층 104-105호",063-214-3131,127.1098623,35.84093923,덕진동,exact_official_building_road,기존 주택 CSV의 건물 좌표; 음식점 자체 측량 좌표 아님
어텀리브즈,완산구 다가동,전북특별자치도 전주시 완산구 다가동4가 129-2 2층,전북특별자치도 전주시 완산구 전주객사1길 91 2층,010-2816-6744,127.1381248,35.82020745,중앙동,exact_official_building_road,기존 주택 CSV의 건물 좌표; 음식점 자체 측량 좌표 아님
라붐데세르,완산구 효자동3가,전북특별자치도 전주시 완산구 효자동3가 1534-6,전북특별자치도 전주시 완산구 홍산남로 59,1800-1678,127.1083251,35.8160202,효자5동,exact_official_building_road,기존 주택 CSV의 건물 좌표; 음식점 자체 측량 좌표 아님
원참치,완산구 서신동,전북특별자치도 전주시 완산구 서신동 947-4,전북특별자치도 전주시 완산구 고사평로 15,063-228-3737,127.1094119,35.8354826,서신동,exact_official_building_road,기존 주택 CSV의 건물 좌표; 음식점 자체 측량 좌표 아님
떡볶이참잘하는집_전주혁신점,덕진구 혁신동,전북특별자치도 전주시 덕진구 중동 776-3 105호,전북특별자치도 전주시 덕진구 오공로 33-14 105호,063-221-5876,127.0594931,35.8372587,혁신동,exact_official_building_road,기존 주택 CSV의 건물 좌표; 음식점 자체 측량 좌표 아님
남녀공학,덕진구 송천동,전북특별자치도 전주시 덕진구 송천동2가 1327-8 109호,전북특별자치도 전주시 덕진구 세병2길 31-7 109호,063-273-1357,127.127337,35.8733392,송천1동,exact_official_building_road,기존 주택 CSV의 건물 좌표; 음식점 자체 측량 좌표 아님
한우마을정육식당,완산구 효자동,전북특별자치도 전주시 완산구 효자동 1가 451,전북특별자치도 전주시 완산구 거마평로 147-11,063-222-5288,127.1156393,35.80507359,효자3동,exact_official_building_road,기존 주택 CSV의 건물 좌표; 음식점 자체 측량 좌표 아님
공차_전주효자점,완산구 효자3동,전북특별자치도 전주시 완산구 효자동1가 443-2,전북특별자치도 전주시 완산구 용머리로 50,063-221-8008,127.1159552,35.8062544,효자3동,exact_official_building_road,기존 주택 CSV의 건물 좌표; 음식점 자체 측량 좌표 아님
아리가또맘마,완산구 효자5동,전북특별자치도 전주시 완산구 효자동2가 1227-2,전북특별자치도 전주시 완산구 홍산북로 11-3,063-228-8938,127.1027991,35.8177255,효자5동,exact_official_building_road,기존 주택 CSV의 건물 좌표; 음식점 자체 측량 좌표 아님
금암면옥,완산구 효자동,전북특별자치도 전주시 완산구 효자동2가  1155-10,전북특별자치도 전주시 완산구 홍산중앙로 13,063-274-7000,127.1087421,35.8148744,효자5동,exact_official_building_road,기존 주택 CSV의 건물 좌표; 음식점 자체 측량 좌표 아님
청하우스with수제청만드는언니,완산구 중화산동,전북특별자치도 전주시 완산구 중화산동2가 654-9 1층,전북특별자치도 전주시 완산구 영경2길 10 1층,0507-1322-9438,127.1241005,35.81745639,중화산2동,exact_official_building_road,기존 주택 CSV의 건물 좌표; 음식점 자체 측량 좌표 아님
범프리카인생치킨_완산점,완산구 효자동2가,전북특별자치도 전주시 완산구 효자동2가 1308-7,"전북특별자치도 전주시 완산구 후곡길 11-18, 1층",063-227-7089,127.0952398,35.8097232,효자4동,exact_official_building_road,기존 주택 CSV의 건물 좌표; 음식점 자체 측량 좌표 아님
송연포차,완산구 효자5동,전북특별자치도 전주시 완산구 효자동3가 1663-10,전북특별자치도 전주시 완산구 마전들로 41,063-222-3682,127.1001552,35.82123656,효자5동,exact_official_building_road,기존 주택 CSV의 건물 좌표; 음식점 자체 측량 좌표 아님
어코드,완산구 중화산동2가,전북특별자치도 전주시 완산구 중화산동2가 751-5,전북특별자치도 전주시 완산구 화산천변3길 4,없음,127.1158547,35.82059578,중화산2동,exact_official_building_road,기존 주택 CSV의 건물 좌표; 음식점 자체 측량 좌표 아님
우주라이크커피_전주에코시티점,덕진구 송천동,전북특별자치도 전주시 덕진구 송천동 2가 1326-12,전북특별자치도 전주시 덕진구 세병남로 37,063-255-2665,127.1276561,35.8730761,송천1동,exact_official_building_road,기존 주택 CSV의 건물 좌표; 음식점 자체 측량 좌표 아님
청담이상_만성혁신점,덕진구 만성동,"전북특별자치도 전주시 덕진구 만성동 1262-10 111, 204, 205호","전북특별자치도 전주시 덕진구 만성중앙로 54-47 111, 204, 205호","0507-1325-2331, 063-212-9283",127.0772215,35.8416112,여의동,exact_official_building_road,기존 주택 CSV의 건물 좌표; 음식점 자체 측량 좌표 아님
우박집_전주동문점,완산구 풍남동,전북특별자치도 전주시 완산구 경원동1가 17-1,전북특별자치도 전주시 완산구 동문길 112,063-288-3335,127.147954,35.81793399,풍남동,exact_official_building_road,기존 주택 CSV의 건물 좌표; 음식점 자체 측량 좌표 아님
꽃마름_전북도청점,완산구 효자동,전북특별자치도 전주시 완산구 효자동2가 1228-7 2층,전북특별자치도 전주시 완산구 효자로 178 2층,063-226-4992,127.1047736,35.8187303,효자5동,exact_official_building_road,기존 주택 CSV의 건물 좌표; 음식점 자체 측량 좌표 아님
태화춘,덕진구 덕진동,전북특별자치도 전주시 덕진구 덕진동2가 659-2,전북특별자치도 전주시 덕진구 추탄로 68,063-253-5111,127.1092326,35.84677505,덕진동,exact_official_building_road,기존 주택 CSV의 건물 좌표; 음식점 자체 측량 좌표 아님
ST이태원,완산구 중화산동,전북특별자치도 전주시 완산구 중화산동2가 776-10,전북특별자치도 전주시 완산구 신촌4길 6-9,063-225-3384,127.1173261,35.8186327,중화산2동,exact_official_building_road,기존 주택 CSV의 건물 좌표; 음식점 자체 측량 좌표 아님
컬러인커피_심플스탠다드문학점,완산구 효자5동,전북특별자치도 전주시 완산구 효자동3가 1616-5 무궁화빌라 1층,전북특별자치도 전주시 완산구 문학대5길 30 무궁화빌라 1층,063-229-9200,127.1051248,35.82709606,효자5동,exact_official_building_road,기존 주택 CSV의 건물 좌표; 음식점 자체 측량 좌표 아님
목우촌감자탕,덕진구 산정동,전북특별자치도 전주시 덕진구 산정동 853-5,전북특별자치도 전주시 덕진구 안덕원로 375,063-245-9779,127.1675905,35.83974794,우아2동,exact_official_building_road,기존 주택 CSV의 건물 좌표; 음식점 자체 측량 좌표 아님
곰초밥,완산구 중앙동1가,전북특별자치도 전주시 완산구 중앙동1가 48-1,전북특별자치도 전주시 완산구 전라감영2길 28-21,070-7767-1231,127.1422957,35.81619935,중앙동,exact_official_building_road,기존 주택 CSV의 건물 좌표; 음식점 자체 측량 좌표 아님
컵오브조,덕진구 우아동3가,전북특별자치도 전주시 덕진구 우아동3가 752-46 1층,전북특별자치도 전주시 덕진구 백제대로 826 1층,0507-1399-2464,127.158691,35.8483498,우아1동,exact_official_building_road,기존 주택 CSV의 건물 좌표; 음식점 자체 측량 좌표 아님
1250,완산구 효자4동,전북특별자치도 전주시 완산구 효자동2가 1309-2 1층,전북특별자치도 전주시 완산구 후곡길 21 1층 1250,0507-1349-2596,127.0953399,35.81060106,효자4동,exact_official_building_road,기존 주택 CSV의 건물 좌표; 음식점 자체 측량 좌표 아님
크라운호프_효자1호점,완산구 효자동3가,전북특별자치도 전주시 완산구 효자동3가 1667-7,전북특별자치도 전주시 완산구 마전들로 55,063-224-7982,127.1015205,35.8212261,효자5동,exact_official_building_road,기존 주택 CSV의 건물 좌표; 음식점 자체 측량 좌표 아님
스타벅스_전북대점,덕진구 덕진동1가,전북특별자치도 전주시 덕진구 덕진동1가 1263-3,전북특별자치도 전주시 덕진구 명륜4길 12,1522-3232,127.1267986,35.84294702,덕진동,exact_official_building_road,기존 주택 CSV의 건물 좌표; 음식점 자체 측량 좌표 아님
불로만치킨바베큐_서신점,완산구 서신동,전북특별자치도 전주시 완산구 서신동 962-2 중흥아파트,전북특별자치도 전주시 완산구 새터로 78 중흥아파트,063-277-9289,127.1142761,35.83521243,서신동,exact_official_building_road,기존 주택 CSV의 건물 좌표; 음식점 자체 측량 좌표 아님
동창갈비_중화산점,완산구 중화산동2가,전북특별자치도 전주시 완산구 중화산동2가 762-12,전북특별자치도 전주시 완산구 화산천변3길 9,063-229-9211,127.1152154,35.82036575,중화산2동,exact_official_building_road,기존 주택 CSV의 건물 좌표; 음식점 자체 측량 좌표 아님
하서방해물칼국수,완산구 효자동1가,전북특별자치도 전주시 완산구 효자동1가 145-3,전북특별자치도 전주시 완산구 용머리로 170,063-221-8816,127.1289378,35.8062302,효자1동,exact_official_building_road,기존 주택 CSV의 건물 좌표; 음식점 자체 측량 좌표 아님
오원집_혁신점,덕진구 혁신동,전북특별자치도 전주시 덕진구 중동 776-11,전북특별자치도 전주시 덕진구 오공로 43-7,0504-2015-0982,127.059978,35.8369487,혁신동,exact_official_building_road,기존 주택 CSV의 건물 좌표; 음식점 자체 측량 좌표 아님
은여우두마리치킨_효자본점,완산구 효자동2가,전북특별자치도 전주시 완산구 효자동2가 1252-2,전북특별자치도 전주시 완산구 우전로 207,063-221-9252,127.101691,35.813003,효자4동,exact_official_building_road,기존 주택 CSV의 건물 좌표; 음식점 자체 측량 좌표 아님
봉명동내커피_전주효자점,완산구 효자동,전북특별자치도 전주시 완산구 효자동2가 1158-4 1층,전북특별자치도 전주시 완산구 범안2길 6-1,063-224-4789,127.108366,35.8133571,효자4동,exact_official_building_road,기존 주택 CSV의 건물 좌표; 음식점 자체 측량 좌표 아님
완이네연탄구이,완산구 효자동,전북특별자치도 전주시 완산구 효자동3가 1457-12,전북특별자치도 전주시 완산구 서곡1길 5-3,063-271-1130,127.1002693,35.8347284,효자5동,exact_official_building_road,기존 주택 CSV의 건물 좌표; 음식점 자체 측량 좌표 아님
너를닮아,완산구 효자5동,전북특별자치도 전주시 완산구 효자동3가  1672-5,전북특별자치도 전주시 완산구 배학4길 9-3,063-223-3428,127.0977869,35.8202462,효자5동,exact_official_building_road,기존 주택 CSV의 건물 좌표; 음식점 자체 측량 좌표 아님
정가옥,완산구 서신동,전북특별자치도 전주시 완산구 서신동 995-1 1층 7호,전북특별자치도 전주시 완산구 백제대로 377 107호,063-273-7555,127.1223325,35.82628538,서신동,exact_official_building_road,기존 주택 CSV의 건물 좌표; 음식점 자체 측량 좌표 아님
짱그미김밥,완산구 효자5동,전북특별자치도 전주시 완산구 효자동3가 1669-4,전북특별자치도 전주시 완산구 마전들로 19,063-228-1634,127.0976479,35.8211968,효자5동,exact_official_building_road,기존 주택 CSV의 건물 좌표; 음식점 자체 측량 좌표 아님
영등동골목길,완산구 효자5동,전북특별자치도 전주시 완산구 효자동3가 1630-4 1층,전북특별자치도 전주시 완산구 마전3길 2 1층,010-4524-5904,127.104071,35.8238352,효자5동,exact_official_building_road,기존 주택 CSV의 건물 좌표; 음식점 자체 측량 좌표 아님
장군닭발_송천점,덕진구 송천2동,전북특별자치도 전주시 덕진구 송천동2가 523-24,전북특별자치도 전주시 덕진구 붓내3길 13,063-277-1204,127.1229839,35.8669236,송천1동,exact_official_building_road,기존 주택 CSV의 건물 좌표; 음식점 자체 측량 좌표 아님
카페_드_오즈,완산구 중화산동2가,전북특별자치도 전주시 완산구 중화산동2가 261-13,전북특별자치도 전주시 완산구 백제대로332,063-225-9256,127.1232355,35.82266869,중화산2동,exact_official_building_parcel,기존 주택 CSV의 건물 좌표; 음식점 자체 측량 좌표 아님
예찬이한식뷔페,완산구 중화산동2가,전북특별자치도 전주시 완산구 중화산동2가 540-4 1층,전북특별자치도 전주시 완산구 따박골로 53 1층,010-7447-2355,127.1265967,35.8108593,중화산1동,exact_official_building_road,기존 주택 CSV의 건물 좌표; 음식점 자체 측량 좌표 아님
도제_롯데전주점,완산구 서신동,전북특별자치도 전주시 완산구 서신동 971,전북특별자치도 전주시 완산구 온고을로 2,010-8821-9649,127.1218933,35.8345049,서신동,exact_official_building_road,기존 주택 CSV의 건물 좌표; 음식점 자체 측량 좌표 아님
산아가든,완산구 효자5동,전북특별자치도 전주시 완산구 상림동 38-1,전북특별자치도 전주시 완산구 방마길 8,063-221-8935,127.0810069,35.82438169,효자5동,exact_official_building_road,기존 주택 CSV의 건물 좌표; 음식점 자체 측량 좌표 아님
옛촌막걸리_서신본점,완산구 서신동,전북특별자치도 전주시 완산구 서신동 843-16,전북특별자치도 전주시 완산구 서신천변로 11,063-272-9992,127.1140645,35.826351,서신동,exact_official_building_road,기존 주택 CSV의 건물 좌표; 음식점 자체 측량 좌표 아님
알로하버거,완산구 경원동3가,전북특별자치도 전주시 완산구 경원동3가 35-12,전북특별자치도 전주시 완산구 팔달로 212,0507-1429-8314,127.1461823,35.82114815,풍남동,exact_official_building_road,기존 주택 CSV의 건물 좌표; 음식점 자체 측량 좌표 아님
지금여기,완산구 중화산동,전북특별자치도 전주시 완산구 중화산동2가 738-8,전북특별자치도 전주시 완산구 메너머3길 20,010-2469-5445,127.1206428,35.82394767,중화산2동,exact_official_building_road,기존 주택 CSV의 건물 좌표; 음식점 자체 측량 좌표 아님
엘가,완산구 서신동,전북특별자치도 전주시 완산구 서신동 941-2 1층,전북특별자치도 전주시 완산구 고사평3길 21-2 1층,0507-1315-6948,127.1074102,35.8364641,서신동,exact_official_building_road,기존 주택 CSV의 건물 좌표; 음식점 자체 측량 좌표 아님
스시요헤이,완산구 효자동3가,전북특별자치도 전주시 완산구 효자동3가 1667-6,전북특별자치도 전주시 완산구 우전로 299,063-221-9500,127.1016506,35.8214098,효자5동,exact_official_building_road,기존 주택 CSV의 건물 좌표; 음식점 자체 측량 좌표 아님
목우촌_골목식당,완산구 서신동,전북특별자치도 전주시 완산구 서신동 835,전북특별자치도 전주시 완산구 안터2길 39,063-277-5517,127.1163025,35.82813402,서신동,exact_official_building_road,기존 주택 CSV의 건물 좌표; 음식점 자체 측량 좌표 아님
낮밥밤술,완산구 서신동,전북특별자치도 전주시 완산구 서신동 925-5,전북특별자치도 전주시 완산구 고사평로 29,063-275-9070,127.1098544,35.836685,서신동,exact_official_building_road,기존 주택 CSV의 건물 좌표; 음식점 자체 측량 좌표 아님
호반정육식당,덕진구 덕진동,전북특별자치도 전주시 덕진구 덕진동2가 78,전북특별자치도 전주시 덕진구 기린대로 608,063-271-9204,127.1143462,35.84984117,덕진동,exact_official_building_road,기존 주택 CSV의 건물 좌표; 음식점 자체 측량 좌표 아님
교촌치킨_중앙점,완산구 고사동,전북특별자치도 전주시 완산구 고사동 470-3,전북특별자치도 전주시 완산구 전주객사3길 35,063-282-9123,127.1420727,35.8187034,중앙동,exact_official_building_road,기존 주택 CSV의 건물 좌표; 음식점 자체 측량 좌표 아님
맛찬들왕소금구이_전주혁신도시점,덕진구 혁신동,전북특별자치도 전주시 덕진구 장동 1093-2 나인빌딩 1층,전북특별자치도 전주시 덕진구 중동로 104-14 나인빌딩 1층,063-212-6692,127.0645956,35.8433852,여의동,exact_official_building_road,기존 주택 CSV의 건물 좌표; 음식점 자체 측량 좌표 아님
산아래,덕진구 우아동1가,전북특별자치도 전주시 덕진구 우아동1가 128,전북특별자치도 전주시 덕진구 재전길 23-2,063-242-0108,127.2082932,35.81843595,우아2동,exact_official_building_road,기존 주택 CSV의 건물 좌표; 음식점 자체 측량 좌표 아님
묘향산가마솥삼겹살,완산구 중화산동,전북특별자치도 전주시 완산구 중화산동2가 656-10,전북특별자치도 전주시 완산구 어은로 11,063-236-3592,127.124297,35.81670071,중화산2동,exact_official_building_road,기존 주택 CSV의 건물 좌표; 음식점 자체 측량 좌표 아님
윤가네감자탕,완산구 중화산동2가,전북특별자치도 전주시 완산구 중화산동2가 633,전북특별자치도 전주시 완산구 중산2길 15-7,063-229-5392,127.1218905,35.81515096,중화산2동,exact_official_building_road,기존 주택 CSV의 건물 좌표; 음식점 자체 측량 좌표 아님
가장맛있는족발_전주도청점,완산구 효자동3가,전북특별자치도 전주시 완산구 효자동3가 1538-4,전북특별자치도 전주시 완산구 홍산북로 84-22,063-226-5849,127.1108861,35.8167742,효자5동,exact_official_building_road,기존 주택 CSV의 건물 좌표; 음식점 자체 측량 좌표 아님
길손네,덕진구 덕진동,전북특별자치도 전주시 덕진구 덕진동1가 664-25,전북특별자치도 전주시 덕진구 권삼득로 321,063-271-6453,127.1269601,35.8442197,덕진동,exact_official_building_road,기존 주택 CSV의 건물 좌표; 음식점 자체 측량 좌표 아님
민속광장,덕진구 덕진동,전북특별자치도 전주시 덕진구 덕진동1가 1276-1,전북특별자치도 전주시 덕진구 덕진광장로 8,063-272-3773,127.1245833,35.8438552,덕진동,exact_official_building_road,기존 주택 CSV의 건물 좌표; 음식점 자체 측량 좌표 아님
짬뽕의맛,완산구 중화산동2가,전북특별자치도 전주시 완산구 중화산동2가 654 1층,전북특별자치도 전주시 완산구 영경1길 14 1층,0507-1439-8584,127.1243066,35.81783644,중화산2동,exact_official_building_road,기존 주택 CSV의 건물 좌표; 음식점 자체 측량 좌표 아님
송천해물탕,덕진구 송천1동,전북특별자치도 전주시 덕진구 송천동2가 249-1,전북특별자치도 전주시 덕진구 붓내3길 17-9,063-252-5737,127.1234045,35.8677284,송천1동,exact_official_building_road,기존 주택 CSV의 건물 좌표; 음식점 자체 측량 좌표 아님
BHC치킨_송천점,덕진구 송천동,전북특별자치도 전주시 덕진구 송천동1가 836-3,전북특별자치도 전주시 완산구 송천로 111,0503-3142-1084,127.1158651,35.8629293,송천2동,exact_official_building_parcel,기존 주택 CSV의 건물 좌표; 음식점 자체 측량 좌표 아님
두둠,완산구 효자5동,전북특별자치도 전주시 완산구 효자동2가 1230-6 104호,전북특별자치도 전주시 완산구 홍산북로 19 104호,063-222-9592,127.1039636,35.8176066,효자5동,exact_official_building_road,기존 주택 CSV의 건물 좌표; 음식점 자체 측량 좌표 아님
매드헝그리,완산구 효자5동,전북특별자치도 전주시 완산구 효자동3가 1536-1 암빌딩 6층,전북특별자치도 전주시 완산구 홍산중앙로 42,063-237-3618,127.1093266,35.8173184,효자5동,exact_official_building_road,기존 주택 CSV의 건물 좌표; 음식점 자체 측량 좌표 아님
블레스롤_전주에코시티점,덕진구 송천1동,전북특별자치도 전주시 덕진구 송천동2가 1327-6 베스트타워 주1동,"전북특별자치도 전주시 덕진구 세병1길 36, 베스트타워 주1동 1층 105호, 106호",0507-1315-9991,127.1274238,35.8737048,송천1동,exact_official_building_road,기존 주택 CSV의 건물 좌표; 음식점 자체 측량 좌표 아님
청학동들깨요리,완산구 중화산동,전북특별자치도 전주시 완산구 중화산동2가 646-2,전북특별자치도 전주시 완산구 백제대로 231,063-226-9114,127.1225795,35.8136639,중화산2동,exact_official_building_road,기존 주택 CSV의 건물 좌표; 음식점 자체 측량 좌표 아님
신초밥,완산구 효자5동,전북특별자치도 전주시 완산구 효자동3가 1661-7,전북특별자치도 전주시 완산구 척동1길 12,063-222-1431,127.0987748,35.8214475,효자5동,exact_official_building_road,기존 주택 CSV의 건물 좌표; 음식점 자체 측량 좌표 아님
송천동짜장나라,덕진구 송천1동,전북특별자치도 전주시 덕진구 송천동1가 819-8,전북특별자치도 전주시 덕진구 용소로 89,063-278-5144,127.118089,35.8637288,송천2동,exact_official_building_road,기존 주택 CSV의 건물 좌표; 음식점 자체 측량 좌표 아님
공룡슈퍼_전주신시가지점,완산구 효자동,전북특별자치도 전주시 완산구 효자동3가 1535-2,전북특별자치도 전주시 완산구 홍산중앙로 39,0507-1348-5842,127.1087668,35.81710952,효자5동,exact_official_building_road,기존 주택 CSV의 건물 좌표; 음식점 자체 측량 좌표 아님
찌개랑_백반,덕진구 덕진동,전북특별자치도 전주시 덕진구 덕진동1가 1262-6 2층,전북특별자치도 전주시 덕진구 명륜4길 11-7 2층,063-254-2923,127.1257752,35.8432428,덕진동,exact_official_building_road,기존 주택 CSV의 건물 좌표; 음식점 자체 측량 좌표 아님
태조로39,완산구 풍남동,전북특별자치도 전주시 완산구 교동  274-2,전북특별자치도 전주시 완산구 태조로 39,010-5100-5421,127.1505043,35.8140286,풍남동,exact_official_building_road,기존 주택 CSV의 건물 좌표; 음식점 자체 측량 좌표 아님
장수버섯마을,완산구 중화산동2가,전북특별자치도 전주시 완산구 중화산동2가 238-1,전북특별자치도 전주시 완산구 영경1길 15,063-227-8184,127.1245247,35.81813546,중화산2동,exact_official_building_road,기존 주택 CSV의 건물 좌표; 음식점 자체 측량 좌표 아님
정이품곱창,완산구 중화산동2가,전북특별자치도 전주시 완산구 중화산동2가 779-4,전북특별자치도 전주시 완산구 신촌3길 6-4,063-236-8592,127.1175839,35.8172548,중화산2동,exact_official_building_road,기존 주택 CSV의 건물 좌표; 음식점 자체 측량 좌표 아님
통큰소갈비살,완산구 서신동,전북특별자치도 전주시 완산구 서신동  926-8,전북특별자치도 전주시 완산구 고사평로 30,063-251-9909,127.110088,35.83657857,서신동,exact_official_building_road,기존 주택 CSV의 건물 좌표; 음식점 자체 측량 좌표 아님
고기오_우아점,덕진구 우아동2가,전북특별자치도 전주시 덕진구 우아동1가 1089-1,전북특별자치도 전주시 덕진구 아중로 208,063-241-5259,127.1720448,35.827852,우아2동,exact_official_building_road,기존 주택 CSV의 건물 좌표; 음식점 자체 측량 좌표 아님
송정원,완산구 풍남동,전북특별자치도 전주시 완산구 풍남동1가 55-3,전북특별자치도 전주시 완산구 은행로 20-1,063-284-5569,127.1517246,35.81821298,풍남동,exact_official_building_road,기존 주택 CSV의 건물 좌표; 음식점 자체 측량 좌표 아님
주인공,완산구 효자동,전북특별자치도 전주시 완산구 효자동3가 1645-7 2층,전북특별자치도 전주시 완산구 마전로 7 2층,0507-1410-2095,127.104078,35.82175252,효자5동,exact_official_building_road,기존 주택 CSV의 건물 좌표; 음식점 자체 측량 좌표 아님
콩나루콩나물국밥_서곡점,완산구 효자동,전북특별자치도 전주시 완산구 효자동3가 1447-5,전북특별자치도 전주시 완산구 서곡1길 23-10,063-273-9101,127.0982507,35.8351717,효자5동,exact_official_building_road,기존 주택 CSV의 건물 좌표; 음식점 자체 측량 좌표 아님
남문할매콩나물,덕진구 우아1동,전북특별자치도 전주시 덕진구 우아동3가 747-66,전북특별자치도 전주시 덕진구 백제대로 803,063-244-6489,127.1561247,35.8481759,우아1동,exact_official_building_road,기존 주택 CSV의 건물 좌표; 음식점 자체 측량 좌표 아님
커피발전소엘오지,덕진구 덕진동,전북특별자치도 전주시 덕진구 덕진동1가 1314-120,전북특별자치도 전주시 덕진구 권삼득로 379,063-276-7055,127.1215905,35.84645127,덕진동,exact_official_building_road,기존 주택 CSV의 건물 좌표; 음식점 자체 측량 좌표 아님
카페_뉴웨이브,완산구 효자5동,전북특별자치도 전주시 완산구 효자동3가 1250-19,전북특별자치도 전주시 완산구 천잠로 259-12,063-278-1425,127.0934069,35.81029811,효자4동,exact_official_building_road,기존 주택 CSV의 건물 좌표; 음식점 자체 측량 좌표 아님
놀부보쌈앤부대찌개_전주덕진점,덕진구 덕진동,전북특별자치도 전주시 덕진구 덕진동2가 681-4 2층놀부,전북특별자치도 전주시 덕진구 가련산로 25,063-255-5539,127.1111603,35.842091,덕진동,exact_official_building_road,기존 주택 CSV의 건물 좌표; 음식점 자체 측량 좌표 아님
명륜진사갈비_전주고사점,완산구 고사동,전북특별자치도 전주시 완산구 고사동 186,전북특별자치도 전주시 완산구 전주객사4길 74-50,063-283-9288,127.1443231,35.8208164,중앙동,exact_official_building_road,기존 주택 CSV의 건물 좌표; 음식점 자체 측량 좌표 아님
비풀,완산구 서신동,전북특별자치도 전주시 완산구 서신동 847-1 1층,전북특별자치도 전주시 완산구 서신천변로 18,063-714-3603,127.1143249,35.8268216,서신동,exact_official_building_road,기존 주택 CSV의 건물 좌표; 음식점 자체 측량 좌표 아님
호천당_신시가지점,완산구 효자동2가,전북특별자치도 전주시 완산구 효자동2가 1155-5,전북특별자치도 전주시 완산구 홍산남로 56,0507-1427-5955,127.1080974,35.8155758,효자5동,exact_official_building_road,기존 주택 CSV의 건물 좌표; 음식점 자체 측량 좌표 아님
코끼리가반한와플앤커피_효자점,완산구 효자동,전북특별자치도 전주시 완산구 효자동2가 1313-7,전북특별자치도 전주시 완산구 호암로 19,063-236-3019,127.0967696,35.8091922,효자4동,exact_official_building_road,기존 주택 CSV의 건물 좌표; 음식점 자체 측량 좌표 아님
밥풀_전주대점,완산구 효자동3가,전북특별자치도 전주시 완산구 효자동3가 1184-3,전북특별자치도 전주시 완산구 백마산길 21,063-223-6523,127.0909038,35.8172807,효자4동,exact_official_building_road,기존 주택 CSV의 건물 좌표; 음식점 자체 측량 좌표 아님
장미맨숀_아중점,덕진구 우아동2가,전북특별자치도 전주시 덕진구 우아동2가 927-4 1층,전북특별자치도 전주시 덕진구 아중중앙로 8 1층,0507-1301-5783,127.1728906,35.82926614,우아2동,exact_official_building_road,기존 주택 CSV의 건물 좌표; 음식점 자체 측량 좌표 아님
가야뒷고기,덕진구 우아동2가,전북특별자치도 전주시 덕진구 우아동2가 914-4,전북특별자치도 전주시 덕진구 아중 중앙로 11,063-242-1621,127.1723026,35.82940631,우아2동,exact_official_building_parcel,기존 주택 CSV의 건물 좌표; 음식점 자체 측량 좌표 아님
황제삼겹살전문점,완산구 중화산동2가,전북특별자치도 전주시 완산구 중화산동2가  662-6,전북특별자치도 전주시 완산구 한두평2길 13-4,063-221-7630,127.1245817,35.81394477,중화산1동,exact_official_building_road,기존 주택 CSV의 건물 좌표; 음식점 자체 측량 좌표 아님
청주본가_전주점,덕진구 송천1동,전북특별자치도 전주시 덕진구 송천동1가 114-12 1층,전북특별자치도 전주시 덕진구 솔내8길 15 1층,063-254-9199,127.1231626,35.8611842,송천1동,exact_official_building_road,기존 주택 CSV의 건물 좌표; 음식점 자체 측량 좌표 아님
본죽&비빔밥cafe_전북도청점,완산구 효자5동,전북특별자치도 전주시 완산구 효자동3가 1534-1,전북특별자치도 전주시 완산구 홍산남로 45,063-276-6288,127.1070041,35.8160279,효자5동,exact_official_building_road,기존 주택 CSV의 건물 좌표; 음식점 자체 측량 좌표 아님
차미경꽃게이야기,완산구 효자5동,전북특별자치도 전주시 완산구 효자동3가 1528-3 1층,전북특별자치도 전주시 완산구 홍산4길 10 1층,063-222-7289,127.1099654,35.8183075,효자5동,exact_official_building_road,기존 주택 CSV의 건물 좌표; 음식점 자체 측량 좌표 아님
팔공티,완산구 고사동,전북특별자치도 전주시 완산구 고사동 192-1,전북특별자치도 전주시 완산구 전주객사4길 44-29,063-232-2777,127.1443203,35.82037782,중앙동,exact_official_building_road,기존 주택 CSV의 건물 좌표; 음식점 자체 측량 좌표 아님
서울숯불갈비,완산구 서신동,전북특별자치도 전주시 완산구 서신동 818-6,전북특별자치도 전주시 완산구 서신천변13길 3,063-277-3222,127.1139307,35.83043295,서신동,exact_official_building_road,기존 주택 CSV의 건물 좌표; 음식점 자체 측량 좌표 아님
참바다세꼬시,완산구 중화산동2가,전북특별자치도 전주시 완산구 중화산동2가 782-8,전북특별자치도 전주시 완산구 신촌4길 15,063-909-1919,127.116495,35.81773431,중화산2동,exact_official_building_road,기존 주택 CSV의 건물 좌표; 음식점 자체 측량 좌표 아님
간보는남자,완산구 효자5동,전북특별자치도 전주시 완산구 효자동3가 1435-3,전북특별자치도 전주시 완산구 서곡로 73-1,0507-1309-4835,127.1013778,35.83551341,효자5동,exact_official_building_road,기존 주택 CSV의 건물 좌표; 음식점 자체 측량 좌표 아님
조개꽃천지_송천점,덕진구 송천동,전북특별자치도 전주시 덕진구 송천동1가 811-3,전북특별자치도 전주시 덕진구 두간로 58,063-272-8592,127.1207097,35.86509287,송천2동,exact_official_building_road,기존 주택 CSV의 건물 좌표; 음식점 자체 측량 좌표 아님
크라운호프_전주전북대점,덕진구 덕진동,전북특별자치도 전주시 덕진구 덕진동1가 1312-7 1층,전북특별자치도 전주시 덕진구 덕진광장로 24 1층,063-273-6300,127.1253593,35.84498254,덕진동,exact_official_building_road,기존 주택 CSV의 건물 좌표; 음식점 자체 측량 좌표 아님
성전세꼬시,완산구 효자5동,전북특별자치도 전주시 완산구 효자동3가 1696-11,전북특별자치도 전주시 완산구 석산2길 17-9,063-222-2414,127.1047247,35.82033326,효자5동,exact_official_building_road,기존 주택 CSV의 건물 좌표; 음식점 자체 측량 좌표 아님
유화당,덕진구 덕진동,전북특별자치도 전주시 덕진구 덕진동2가 667-2 1층,전북특별자치도 전주시 덕진구 추탄로 48 1층,063-252-5189,127.1093143,35.8450711,덕진동,exact_official_building_road,기존 주택 CSV의 건물 좌표; 음식점 자체 측량 좌표 아님
춘천숯불닭갈비,완산구 중화산동2가,전북특별자치도 전주시 완산구 중화산동2가 596-9,전북특별자치도 전주시 완산구 중산중앙로 35,0504-0544-4600,127.1221065,35.81664871,중화산2동,exact_official_building_road,기존 주택 CSV의 건물 좌표; 음식점 자체 측량 좌표 아님
족발야시장_중화산점,완산구 중화산동,전북특별자치도 전주시 완산구 중화산동2가 770-6,전북특별자치도 전주시 완산구 중화산로 91,063-227-4969,127.1179604,35.8185114,중화산2동,exact_official_building_road,기존 주택 CSV의 건물 좌표; 음식점 자체 측량 좌표 아님
건지포차,덕진구 덕진동,전북특별자치도 전주시 덕진구 덕진동1가  1262-6 1층,전북특별자치도 전주시 덕진구 명륜4길 11-7,010-4785-7718,127.1257752,35.8432428,덕진동,exact_official_building_road,기존 주택 CSV의 건물 좌표; 음식점 자체 측량 좌표 아님
이지비부대찌개_서신점,완산구 서신동,전북특별자치도 전주시 완산구 서신동 802-11,전북특별자치도 전주시 완산구 서신천변13길 4,0507-1359-2080,127.1138955,35.83061295,서신동,exact_official_building_road,기존 주택 CSV의 건물 좌표; 음식점 자체 측량 좌표 아님
차린,완산구 효자5동,전북특별자치도 전주시 완산구 효자동2가 1377-2 2층,전북특별자치도 전주시 완산구 효천중앙로 55 2층,063-229-8292,127.1078764,35.7989571,효자4동,exact_official_building_road,기존 주택 CSV의 건물 좌표; 음식점 자체 측량 좌표 아님
커피쿡_전주서신점,완산구 서신동,전북특별자치도 전주시 완산구 서신동 764-1,전북특별자치도 전주시 완산구 당산로 61,063-272-5999,127.1144055,35.83252748,서신동,exact_official_building_road,기존 주택 CSV의 건물 좌표; 음식점 자체 측량 좌표 아님
빽다방_전주대점,완산구 효자4동,전북특별자치도 전주시 완산구 효자동3가 1183-10,전북특별자치도 전주시 완산구 백마산길 25,063-225-2912,127.090443,35.8171148,효자4동,exact_official_building_road,기존 주택 CSV의 건물 좌표; 음식점 자체 측량 좌표 아님
미가일식,완산구 효자5동,전북특별자치도 전주시 완산구 효자동3가 1646-14,전북특별자치도 전주시 완산구 마전1길 12-8,063-227-1555,127.1033437,35.82209857,효자5동,exact_official_building_road,기존 주택 CSV의 건물 좌표; 음식점 자체 측량 좌표 아님
닥치고떡볶이_전주덕진점,덕진구 송천1동,전북특별자치도 전주시 덕진구 송천동2가 166-1,"전북특별자치도 전주시 덕진구 동부대로 1077, 1층",0507-1409-5289,127.1292654,35.8691201,송천1동,exact_official_building_road,기존 주택 CSV의 건물 좌표; 음식점 자체 측량 좌표 아님
연어이야기_중화산점,완산구 중화산동,"전북특별자치도 전주시 완산구 중화산동2가 760-3 ,1층","전북특별자치도 전주시 완산구 화산천변로 11 ,1층",063-236-5566,127.1159715,35.82004683,중화산2동,exact_official_building_road,기존 주택 CSV의 건물 좌표; 음식점 자체 측량 좌표 아님
도담국수수제비,덕진구 우아동2가,전북특별자치도 전주시 덕진구 우아동2가 890--8,전북특별자치도 전주시 덕진구 정언신로 155,0507-1375-0809,127.1706247,35.83110726,우아2동,exact_official_building_road,기존 주택 CSV의 건물 좌표; 음식점 자체 측량 좌표 아님
더리터_전주송천점125호점,덕진구 송천동,전북특별자치도 전주시 덕진구 송천동1가 832-3,전북특별자치도 전주시 덕진구 시천로 64,0507-1473-8274,127.1146257,35.8649425,송천2동,exact_official_building_road,기존 주택 CSV의 건물 좌표; 음식점 자체 측량 좌표 아님
곤지암할매소머리국밥_중화산점,완산구 중화산동2가,전북특별자치도 전주시 완산구 중화산동2가 29-5 1층,전북특별자치도 전주시 완산구 서원로 311 1층,063-223-5488,127.1283183,35.811848,중화산1동,exact_official_building_road,기존 주택 CSV의 건물 좌표; 음식점 자체 측량 좌표 아님
르커피,완산구 중화산동,전북특별자치도 전주시 완산구 중화산동2가 759-2,전북특별자치도 전주시 완산구 화산천변로 14,010-4734-3813,127.1163186,35.8202144,중화산2동,exact_official_building_road,기존 주택 CSV의 건물 좌표; 음식점 자체 측량 좌표 아님
소담촌_전주효자점,완산구 효자동,전북특별자치도 전주시 완산구 효자동2가 1239-5 4층 401호,전북특별자치도 전주시 완산구 홍산로 249 4층 401호,063-226-4747,127.1054769,35.8160443,효자5동,exact_official_building_road,기존 주택 CSV의 건물 좌표; 음식점 자체 측량 좌표 아님
콩나물국밥미가옥_본점,완산구 중화산동2가,전북특별자치도 전주시 완산구 중화산동2가 584,전북특별자치도 전주시 완산구 인정4길4,0507-1349-1095,127.1205041,35.82046759,중화산2동,exact_official_building_parcel,기존 주택 CSV의 건물 좌표; 음식점 자체 측량 좌표 아님
백마산가든,완산구 효자4동,전북특별자치도 전주시 완산구 효자동3가 1062-5,전북특별자치도 전주시 완산구 백마산길 105,063-254-9745,127.0854237,35.82042253,효자4동,exact_official_building_road,기존 주택 CSV의 건물 좌표; 음식점 자체 측량 좌표 아님
뽀빠이상추튀김바베큐,완산구 효자동,전북특별자치도 전주시 완산구 효자동1가 622-11,전북특별자치도 전주시 완산구 거마평로 196,063-904-0044,127.1154115,35.8098389,효자2동,exact_official_building_road,기존 주택 CSV의 건물 좌표; 음식점 자체 측량 좌표 아님
전원집_중화산점,완산구 중화산동2가,전북특별자치도 전주시 완산구 중화산동2가 613-16,전북특별자치도 전주시 완산구 중화산로 76,063-223-6689,127.1184161,35.81727,중화산2동,exact_official_building_road,기존 주택 CSV의 건물 좌표; 음식점 자체 측량 좌표 아님
오영래짬뽕명장초밥참치회,완산구 서신동,전북특별자치도 전주시 완산구 서신동 958-2,전북특별자치도 전주시 완산구 고사평2길 4,063-255-8999,127.1100028,35.83428862,서신동,exact_official_building_road,기존 주택 CSV의 건물 좌표; 음식점 자체 측량 좌표 아님
고창심원풍천장어,완산구 중화산동,전북특별자치도 전주시 완산구 중화산동2가 482-4,전북특별자치도 전주시 완산구 신촌2길 26,063-223-9889,127.1157722,35.8144475,중화산2동,exact_official_building_road,기존 주택 CSV의 건물 좌표; 음식점 자체 측량 좌표 아님
이디야커피_서신여울점,완산구 서신동,전북특별자치도 전주시 완산구 서신동 938-1,전북특별자치도 전주시 완산구 고사평로22,063-278-1642,127.1098186,35.83591863,서신동,exact_official_building_parcel,기존 주택 CSV의 건물 좌표; 음식점 자체 측량 좌표 아님
교촌치킨_신시가지점,완산구 효자4동,전북특별자치도 전주시 완산구 효자동2가 1327-1,전북특별자치도 전주시 완산구 봉곡로 114,063-229-9252,127.1062504,35.810886,효자4동,exact_official_building_road,기존 주택 CSV의 건물 좌표; 음식점 자체 측량 좌표 아님
오늘은뭐먹지,덕진구 송천동,전북특별자치도 전주시 덕진구 송천동2가 179-40,전북특별자치도 전주시 덕진구 천마산로 73,063-277-8068,127.1294579,35.8654057,송천1동,exact_official_building_road,기존 주택 CSV의 건물 좌표; 음식점 자체 측량 좌표 아님
고마워커피야,덕진구 산정동,전북특별자치도 전주시 덕진구 산정동 800,전북특별자치도 전주시 덕진구 동부대로 586,010-3041-3017,127.1666833,35.84288724,우아2동,exact_official_building_road,기존 주택 CSV의 건물 좌표; 음식점 자체 측량 좌표 아님
영광집_전주점,완산구 서신동,전북특별자치도 전주시 완산구 서신동 953-1,전북특별자치도 전주시 완산구 고사평4길 20,063-271-7733,127.1115214,35.83508398,서신동,exact_official_building_road,기존 주택 CSV의 건물 좌표; 음식점 자체 측량 좌표 아님
해누리예닮가국밥_본점,완산구 서신동,전북특별자치도 전주시 완산구 서신동 850-9,전북특별자치도 전주시 완산구 전룡로 19,063-237-5910,127.1151823,35.82635021,서신동,exact_official_building_road,기존 주택 CSV의 건물 좌표; 음식점 자체 측량 좌표 아님
해변의꽃게,완산구 효자동2가,전북특별자치도 전주시 완산구 효자동2가 1318-3 4층,전북특별자치도 전주시 완산구 호암로 81 4층,063-902-9900,127.1035606,35.8086378,효자4동,exact_official_building_road,기존 주택 CSV의 건물 좌표; 음식점 자체 측량 좌표 아님
성원회관,완산구 중화산동,전북특별자치도 전주시 완산구 중화산동2가 222-1,전북특별자치도 전주시 완산구 어은로 33,063-226-3692,127.1263379,35.81727435,중화산2동,exact_official_building_road,기존 주택 CSV의 건물 좌표; 음식점 자체 측량 좌표 아님
로드무비,완산구 효자동,전북특별자치도 전주시 완산구 효자동3가 1539-2,전북특별자치도 전주시 완산구 홍산남로 73 라라빌딩 6층 로드무비,010-2166-4004,127.1099758,35.8159923,효자5동,exact_official_building_road,기존 주택 CSV의 건물 좌표; 음식점 자체 측량 좌표 아님
귀한족발_도청점,완산구 효자5동,전북특별자치도 전주시 완산구 효자동3가 1528-1 106.107호,전북특별자치도 전주시 완산구 홍산4길 6 106.107호,063-288-0034,127.1092384,35.8182277,효자5동,exact_official_building_road,기존 주택 CSV의 건물 좌표; 음식점 자체 측량 좌표 아님
청춘당꽈배기_아중점,덕진구 우아동1가,전북특별자치도 전주시 덕진구 우아동1가 1091-8,전북특별자치도 전주시 덕진구 한배미로 74,063-901-7363,127.1708241,35.82682739,우아2동,exact_official_building_road,기존 주택 CSV의 건물 좌표; 음식점 자체 측량 좌표 아님
팔백,완산구 서신동,전북특별자치도 전주시 완산구 서신동 800,전북특별자치도 전주시 완산구 서신천변15길 11,063-272-1511,127.1131079,35.83176984,서신동,exact_official_building_road,기존 주택 CSV의 건물 좌표; 음식점 자체 측량 좌표 아님
바다양푼이동태탕명자매전집,완산구 효자5동,전북특별자치도 전주시 완산구 효자동3가 1527-16,전북특별자치도 전주시 완산구 홍산북로 45-18,063-228-1112,127.1075267,35.81816388,효자5동,exact_official_building_road,기존 주택 CSV의 건물 좌표; 음식점 자체 측량 좌표 아님
춘리마라탕_송천점,덕진구 송천동,전북특별자치도 전주시 덕진구 송천동1가 104-5,전북특별자치도 전주시 덕진구 솔내로 130,063-277-0428,127.1269491,35.8616274,송천1동,exact_official_building_road,기존 주택 CSV의 건물 좌표; 음식점 자체 측량 좌표 아님
진안꺼먹돼지연탄생구이,덕진구 상정동,전북특별자치도 전주시 덕진구 산정동 871-1,전북특별자치도 전주시 덕진구 산정2길 12-2,063-242-8292,127.1696733,35.83745496,우아2동,exact_official_building_road,기존 주택 CSV의 건물 좌표; 음식점 자체 측량 좌표 아님
거기가착한코다리_전주효천점,완산구 효자5동,전북특별자치도 전주시 완산구 효자동2가 816,전북특별자치도 전주시 완산구 천잠로 139,063-224-8999,127.0998527,35.79995434,효자4동,exact_official_building_road,기존 주택 CSV의 건물 좌표; 음식점 자체 측량 좌표 아님
성화식당,완산구 풍남동,전북특별자치도 전주시 완산구 경원동1가 126-47,전북특별자치도 전주시 완산구 어진길 120,063-287-8885,127.1481221,35.81670038,풍남동,exact_official_building_road,기존 주택 CSV의 건물 좌표; 음식점 자체 측량 좌표 아님
니어앤디어,완산구 효자동,전북특별자치도 전주시 완산구 효자동2가 1209-2 도담빌딩,전북특별자치도 전주시 완산구 소태정3길 17 도담빌딩,0507-1308-4516,127.0992787,35.8030991,효자4동,exact_official_building_road,기존 주택 CSV의 건물 좌표; 음식점 자체 측량 좌표 아님
하루일기,완산구 고사동,전북특별자치도 전주시 완산구 고사동 158-3,전북특별자치도 전주시 완산구 전주객사4길 44-9,063-288-0248,127.1440399,35.8199155,중앙동,exact_official_building_road,기존 주택 CSV의 건물 좌표; 음식점 자체 측량 좌표 아님
송참치,완산구 효자5동,전북특별자치도 전주시 완산구 효자동3가 1541-6,전북특별자치도 전주시 완산구 홍산남로 72,063-288-3232,127.1097325,35.8155891,효자5동,exact_official_building_road,기존 주택 CSV의 건물 좌표; 음식점 자체 측량 좌표 아님
토종지리산흑돼지연탄생구이,덕진구 우아2동,전북특별자치도 전주시 덕진구 우아동2가 901-11,전북특별자치도 전주시 덕진구 정언신로 173,063-271-8181,127.1722459,35.83166822,우아2동,exact_official_building_road,기존 주택 CSV의 건물 좌표; 음식점 자체 측량 좌표 아님
깜생,덕진구 송천동2가,전북특별자치도 전주시 덕진구 송천동2가 1327-10,전북특별자치도 전주시 덕진구 세병2길 31-3,063-273-9233,127.1270659,35.87314273,송천1동,exact_official_building_road,기존 주택 CSV의 건물 좌표; 음식점 자체 측량 좌표 아님
걸작떡볶이치킨_전주문학서신점,완산구 효자5동,전북특별자치도 전주시 완산구 효자동3가 1609-15 1층 103호,전북특별자치도 전주시 완산구 홍산로 377 1층 103호,063-226-7977,127.1056378,35.8275082,효자5동,exact_official_building_road,기존 주택 CSV의 건물 좌표; 음식점 자체 측량 좌표 아님
병달이,완산구 중화산동,전북특별자치도 전주시 완산구 중화산동2가 592-15,전북특별자치도 전주시 완산구 중화산로 96,063-236-2000,127.1183833,35.8187202,중화산2동,exact_official_building_road,기존 주택 CSV의 건물 좌표; 음식점 자체 측량 좌표 아님
BBQ치킨_송천2호점,덕진구 송천동1가,전북특별자치도 전주시 덕진구 송천동1가 350-4,전북특별자치도 전주시 덕진구 송천중앙로85,063-278-1188,127.1194832,35.85483605,송천2동,exact_official_building_parcel,기존 주택 CSV의 건물 좌표; 음식점 자체 측량 좌표 아님
국시코기,완산구 풍남동,전북특별자치도 전주시 완산구 경원동2가 25-7,전북특별자치도 전주시 완산구 동문길 75,063-284-9335,127.1498535,35.81829893,풍남동,exact_official_building_road,기존 주택 CSV의 건물 좌표; 음식점 자체 측량 좌표 아님
꼼앤닭,완산구 효자동,전북특별자치도 전주시 완산구 효자동3가 1527-11,전북특별자치도 전주시 완산구 홍산중앙로 45,063-237-0535,127.1087608,35.8176049,효자5동,exact_official_building_road,기존 주택 CSV의 건물 좌표; 음식점 자체 측량 좌표 아님
드바인,완산구 효자동,전북특별자치도 전주시 완산구 효자동3가 1541-2 2층,전북특별자치도 전주시 완산구 홍산남로 80 2층,063-225-7102,127.1106733,35.8155575,효자5동,exact_official_building_road,기존 주택 CSV의 건물 좌표; 음식점 자체 측량 좌표 아님
치킨마루_송천점,덕진구 송천동1가,전북특별자치도 전주시 덕진구 송천동1가 626-1,전북특별자치도 전주시 덕진구 시천로 36,063-278-8283,127.1148743,35.8622892,송천2동,exact_official_building_road,기존 주택 CSV의 건물 좌표; 음식점 자체 측량 좌표 아님
더봉반,완산구 서신동,전북특별자치도 전주시 완산구 서신동971 6층,전북특별자치도 전주시 완산구 온고을로 2 6층,063-289-2626,127.1218933,35.8345049,서신동,exact_official_building_road,기존 주택 CSV의 건물 좌표; 음식점 자체 측량 좌표 아님
고젠일식,완산구 효자동3가,전북특별자치도 전주시 완산구 효자동3가 1646-4,"전북특별자치도 전주시 완산구 마전2길 5-4, 2층",063-223-1770,127.1036181,35.8225671,효자5동,exact_official_building_road,기존 주택 CSV의 건물 좌표; 음식점 자체 측량 좌표 아님
김형제고기의철학_전주송천점,덕진구 송천동,전북특별자치도 전주시 덕진구 송천동1가 543-94 1층,전북특별자치도 전주시 덕진구 용소로 117 1층,063-252-3073,127.1211999,35.86381659,송천2동,exact_official_building_road,기존 주택 CSV의 건물 좌표; 음식점 자체 측량 좌표 아님
훈민정음_전주도청점,완산구 효자5동,전북특별자치도 전주시 완산구 효자동3가 1536-4 1층,전북특별자치도 전주시 완산구 홍산중앙로 36 1층,010-6642-1188,127.1093361,35.8167132,효자5동,exact_official_building_road,기존 주택 CSV의 건물 좌표; 음식점 자체 측량 좌표 아님
피닉스,완산구 중화산동2가,전북특별자치도 전주시 완산구 중화산동2가 49-1,전북특별자치도 전주시 완산구 따박골6길 25,0507-1432-4272,127.1289191,35.80890183,중화산1동,exact_official_building_road,기존 주택 CSV의 건물 좌표; 음식점 자체 측량 좌표 아님
옛날멸치국시_송천점,덕진구 송천동,전북특별자치도 전주시 덕진구 송천동1가 114015,전북특별자치도 전주시 덕진구 솔내8길 17,063-225-5997,127.123404,35.8611551,송천1동,exact_official_building_road,기존 주택 CSV의 건물 좌표; 음식점 자체 측량 좌표 아님
신시,완산구 효자5동,전북특별자치도 전주시 완산구 효자동3가 1536-2 3층,전북특별자치도 전주시 완산구 홍산중앙로 40 3층,0507-1423-0551,127.1093248,35.8171145,효자5동,exact_official_building_road,기존 주택 CSV의 건물 좌표; 음식점 자체 측량 좌표 아님
카페린온,덕진구 송천동,전북특별자치도 전주시 덕진구 송천동1가 837-10,전북특별자치도 전주시 덕진구 송천로 110,0507-1389-9068,127.1161662,35.8630009,송천2동,exact_official_building_road,기존 주택 CSV의 건물 좌표; 음식점 자체 측량 좌표 아님
길동무막회장어구이,덕진구 우아1동,전북특별자치도 전주시 덕진구 우아동3가 747-7,전북특별자치도 전주시 덕진구 우아7길 9-23,"0507-1434-1206, 063-246-2999",127.1548741,35.84895185,우아1동,exact_official_building_road,기존 주택 CSV의 건물 좌표; 음식점 자체 측량 좌표 아님
등촌샤브칼국수_신시가지점,완산구 효자5동,전북특별자치도 전주시 완산구 효자동2가 1231-3 1층,전북특별자치도 전주시 완산구 홍산북로 29-9,063-222-1187,127.1049586,35.8182298,효자5동,exact_official_building_road,기존 주택 CSV의 건물 좌표; 음식점 자체 측량 좌표 아님
연어미가,덕진구 송천동,전북특별자치도 전주시 덕진구 송천동2가 202-54,전북특별자치도 전주시 덕진구 솔내로 170-1,063-276-3772,127.127319,35.8653949,송천1동,exact_official_building_road,기존 주택 CSV의 건물 좌표; 음식점 자체 측량 좌표 아님
옛날순대,완산구 효자동1가,전북특별자치도 전주시 완산구 효자동1가 667-3,전북특별자치도 전주시 완산구 효자천변1길 30-15,0507-1403-8191,127.1144427,35.79922429,효자3동,exact_official_building_road,기존 주택 CSV의 건물 좌표; 음식점 자체 측량 좌표 아님
중앙숯불,완산구 효자5동,전북특별자치도 전주시 완산구 효자동2가 1230-3,전북특별자치도 전주시 완산구 홍산북로 23-9,063-227-1773,127.1043019,35.8181293,효자5동,exact_official_building_road,기존 주택 CSV의 건물 좌표; 음식점 자체 측량 좌표 아님
유부남_신시가지점,완산구 효자5동,전북특별자치도 전주시 완산구 효자동3가 1531-1 코아루성우아르데코 1층 105호,전북특별자치도 전주시 완산구 홍산로 262 코아루성우아르데코 1층 105호,063-904-3232,127.1064362,35.817218,효자5동,exact_official_building_road,기존 주택 CSV의 건물 좌표; 음식점 자체 측량 좌표 아님
땡벌막창,완산구 중화산동2가,전북특별자치도 전주시 완산구 중화산동2가 780-8,전북특별자치도 전주시 완산구 신촌4길 7,063-227-8288,127.1173253,35.81770434,중화산2동,exact_official_building_road,기존 주택 CSV의 건물 좌표; 음식점 자체 측량 좌표 아님
공차코리아_전주송천점,덕진구 송천동,전북특별자치도 전주시 덕진구 송천동1가 107-202,전북특별자치도 전주시 덕진구 천마산로 54,063-252-0405,127.1277421,35.8641122,송천1동,exact_official_building_road,기존 주택 CSV의 건물 좌표; 음식점 자체 측량 좌표 아님
OSOEI,완산구 고사동,전북특별자치도 전주시 완산구 고사동 443-2,"전북특별자치도 전주시 완산구 전주객사3길 11-6, 2층",010-8281-9598,127.1420342,35.8177756,중앙동,exact_official_building_road,기존 주택 CSV의 건물 좌표; 음식점 자체 측량 좌표 아님
푸라닭_전주신시가지점,완산구 효자5동,전북특별자치도 전주시 완산구 효자동3가 1540-2 1층,전북특별자치도 전주시 완산구 세내로 299 1층,063-223-9206,127.111304,35.8167874,효자5동,exact_official_building_road,기존 주택 CSV의 건물 좌표; 음식점 자체 측량 좌표 아님
팔당원조칼제비보쌈_전주신시가지점,완산구 효자동2가,전북특별자치도 전주시 완산구 효자동2가 1230-6,전북특별자치도 전주시 완산구 홍산북로 19,0507-1382-8774,127.1039636,35.8176066,효자5동,exact_official_building_road,기존 주택 CSV의 건물 좌표; 음식점 자체 측량 좌표 아님
효은과자점,완산구 중앙동,전북특별자치도 전주시 완산구 중앙동4가 10-1,전북특별자치도 전주시 완산구 전라감영4길 5-1,010-6691-2649,127.1447666,35.8160487,중앙동,exact_official_building_road,기존 주택 CSV의 건물 좌표; 음식점 자체 측량 좌표 아님
멕시카나치킨_서신점,완산구 서신동,전북특별자치도 전주시 완산구 서신동 818-4,전북특별자치도 전주시 완산구 서신천변13길 5-1,063-276-9514,127.113654,35.83043091,서신동,exact_official_building_road,기존 주택 CSV의 건물 좌표; 음식점 자체 측량 좌표 아님
충만치킨_에코시티점,덕진구 송천동2가,전북특별자치도 전주시 덕진구 송천동2가 1326-12 2층,전북특별자치도 전주시 덕진구 세병남로 37 2층,0507-1343-7292,127.1276561,35.8730761,송천1동,exact_official_building_road,기존 주택 CSV의 건물 좌표; 음식점 자체 측량 좌표 아님
마포갈매기,완산구 서신동,전북특별자치도 전주시 완산구 서신동 952-1,전북특별자치도 전주시 완산구 고사평4길 16,063-271-9282,127.1111593,35.8352148,서신동,exact_official_building_road,기존 주택 CSV의 건물 좌표; 음식점 자체 측량 좌표 아님
꼬치고맥,완산구 서신동,전북특별자치도 전주시 완산구 서신동 812-4,전북특별자치도 전주시 완산구 서신로 46,063-222-1388,127.1160214,35.8293349,서신동,exact_official_building_road,기존 주택 CSV의 건물 좌표; 음식점 자체 측량 좌표 아님
맘스터치_에코점,덕진구 송천동2가,전북특별자치도 전주시 덕진구 송천동2가 1307 에코자이2차상가 213동,전북특별자치도 전주시 덕진구 세병로 137 에코자이2차상가 213동,0507-1311-7899,127.1340321,35.87613132,송천1동,exact_official_building_road,기존 주택 CSV의 건물 좌표; 음식점 자체 측량 좌표 아님
모현동참숯집,덕진구 송천동,전북특별자치도 전주시 덕진구 송천동1가 23-2,전북특별자치도 전주시 덕진구 천마산로 122,063-252-9295,127.1345804,35.8647915,송천1동,exact_official_building_road,기존 주택 CSV의 건물 좌표; 음식점 자체 측량 좌표 아님
도미노피자_전주혁신점,덕진구 혁신동,전북특별자치도 전주시 덕진구 혁신동 775-2,전북특별자치도 전주시 덕진구 기지로 82,063-225-3082,127.0609008,35.8381049,혁신동,exact_official_building_road,기존 주택 CSV의 건물 좌표; 음식점 자체 측량 좌표 아님
식객하루,완산구 중화산동,전북특별자치도 전주시 완산구 중화산동2가 749-6,전북특별자치도 전주시 완산구 화산천변3길 10,063-226-3395,127.115224,35.82059114,중화산2동,exact_official_building_road,기존 주택 CSV의 건물 좌표; 음식점 자체 측량 좌표 아님
콩쥐팥쥐전,완산구 효자5동,전북특별자치도 전주시 완산구 효자동3가 1632-5,전북특별자치도 전주시 완산구 마전3길 12,0507-1338-3092,127.1029464,35.8238173,효자5동,exact_official_building_road,기존 주택 CSV의 건물 좌표; 음식점 자체 측량 좌표 아님
칭따오객잔,덕진구 우아동2가,전북특별자치도 전주시 덕진구 우아동2가 922-1,전북특별자치도 전주시 덕진구 아중중앙로 6,063-242-5018,127.1729603,35.82895116,우아2동,exact_official_building_road,기존 주택 CSV의 건물 좌표; 음식점 자체 측량 좌표 아님
송정생구이,완산구 효자동2가,전북특별자치도 전주시 완산구 효자동1가 620-1,전북특별자치도 전주시 완산구 신봉1길 25,063-282-7816,127.1156081,35.8105912,효자2동,exact_official_building_road,기존 주택 CSV의 건물 좌표; 음식점 자체 측량 좌표 아님
강릉집_전주점,완산구 중화산동,전북특별자치도 전주시 완산구 중화산동2가 595-13,전북특별자치도 전주시 완산구 효자로 336,063-223-7544,127.1222356,35.81899306,중화산2동,exact_official_building_road,기존 주택 CSV의 건물 좌표; 음식점 자체 측량 좌표 아님
소야한우야,완산구 효자동,전북특별자치도 전주시 완산구 효자동1가 453-1,전북특별자치도 전주시 완산구 거마평로 147-14,063-221-3492,127.115284,35.8054669,효자3동,exact_official_building_road,기존 주택 CSV의 건물 좌표; 음식점 자체 측량 좌표 아님
아우어피자몰,완산구 효자5동,전북특별자치도 전주시 완산구 효자동3가 1661-7 1층,전북특별자치도 전주시 완산구 척동1길 12,063-223-9544,127.0987748,35.8214475,효자5동,exact_official_building_road,기존 주택 CSV의 건물 좌표; 음식점 자체 측량 좌표 아님
정든집김여사네,완산구 중화산동,전북특별자치도 전주시 완산구 중화산동2가 779-1,전북특별자치도 전주시 완산구 신촌4길 5,063-237-1160,127.1176458,35.8177297,중화산2동,exact_official_building_road,기존 주택 CSV의 건물 좌표; 음식점 자체 측량 좌표 아님
퇴근후커피,덕진구 우아동3가,전북특별자치도 전주시 덕진구 우아동2가 874-5,전북특별자치도 전주시 덕진구 석소5길 33-4,063-241-0088,127.1708206,35.83462373,우아2동,exact_official_building_road,기존 주택 CSV의 건물 좌표; 음식점 자체 측량 좌표 아님
마노,완산구 효자동,전북특별자치도 전주시 완산구 효자동2가 1239-4 1층,전북특별자치도 전주시 완산구 홍산로 253 1층,063-229-9011,127.1054918,35.8163784,효자5동,exact_official_building_road,기존 주택 CSV의 건물 좌표; 음식점 자체 측량 좌표 아님
부자네,완산구 서신동,전북특별자치도 전주시 완산구 서신동 948-13,전북특별자치도 전주시 완산구 고사평로 10,063-277-7259,127.1096644,35.83486295,서신동,exact_official_building_road,기존 주택 CSV의 건물 좌표; 음식점 자체 측량 좌표 아님
올라운더랩,완산구 서신동,전북특별자치도 전주시 완산구 서신동 1012-5 1층,전북특별자치도 전주시 완산구 고사평5길 24-9 1층,010-4148-4136,127.1074782,35.8378851,서신동,exact_official_building_road,기존 주택 CSV의 건물 좌표; 음식점 자체 측량 좌표 아님
프레종,완산구 중화산동2가,전북특별자치도 전주시 완산구 중화산동2가 762-7,전북특별자치도 전주시 완산구 화산천변1길 10,0507-1396-0592,127.1152439,35.8195321,중화산2동,exact_official_building_road,기존 주택 CSV의 건물 좌표; 음식점 자체 측량 좌표 아님
진참치,완산구 중화산동,전북특별자치도 전주시 완산구 중화산동2가 779-8,전북특별자치도 전주시 완산구 신촌4길 3-6,063-222-8296,127.1177378,35.81742796,중화산2동,exact_official_building_road,기존 주택 CSV의 건물 좌표; 음식점 자체 측량 좌표 아님
농부아저씨닭치기,덕진구 혁신동,전북특별자치도 전주시 덕진구 중동 776-10 102호,전북특별자치도 전주시 덕진구 오공로 43-5 102호,063-223-2873,127.0599667,35.8367322,혁신동,exact_official_building_road,기존 주택 CSV의 건물 좌표; 음식점 자체 측량 좌표 아님
자매식당,완산구 서신동,전북특별자치도 전주시 완산구 서신동 6-13,전북특별자치도 전주시 완산구 전룡로 132,063-275-7893,127.1269733,35.8289599,서신동,exact_official_building_road,기존 주택 CSV의 건물 좌표; 음식점 자체 측량 좌표 아님
원조감자탕,완산구 중화산동,전북특별자치도 전주시 완산구 중화산동2가 630-5,전북특별자치도 전주시 완산구 중산5길 16-7,063-221-7206,127.1221087,35.81544097,중화산2동,exact_official_building_road,기존 주택 CSV의 건물 좌표; 음식점 자체 측량 좌표 아님
이찌미식당,완산구 효자동1가,전북특별자치도 전주시 완산구 효자동1가 605-1,전북특별자치도 전주시 완산구 신봉3길 35,063-223-3606,127.1146599,35.8124726,효자2동,exact_official_building_road,기존 주택 CSV의 건물 좌표; 음식점 자체 측량 좌표 아님
효자원함흥냉면서서갈비,완산구 효자동,전북특별자치도 전주시 완산구 효자동3가 1543-2,전북특별자치도 전주시 완산구 홍산2길 5-10,063-283-9292,127.1099721,35.8151545,효자5동,exact_official_building_road,기존 주택 CSV의 건물 좌표; 음식점 자체 측량 좌표 아님
영이네,완산구 고사동,전북특별자치도 전주시 완산구 고사동 443-6 2층,전북특별자치도 전주시 완산구 전주객사3길 11-8 2층,0507-1324-2395,127.1418485,35.8177513,중앙동,exact_official_building_road,기존 주택 CSV의 건물 좌표; 음식점 자체 측량 좌표 아님
88콩나물국밥_고려병원점,덕진구 산정동,전북특별자치도 전주시 덕진구 산정동 856-1,전북특별자치도 전주시 덕진구 안덕원로 370,063-223-3338,127.1673554,35.83894414,우아2동,exact_official_building_road,기존 주택 CSV의 건물 좌표; 음식점 자체 측량 좌표 아님
드래곤룸소주방,완산구 효자5동,전북특별자치도 전주시 완산구 효자동3가 1538-7 2층,전북특별자치도 전주시 완산구 홍산남로 69-20 2층,063-227-0773,127.110014,35.8164226,효자5동,exact_official_building_road,기존 주택 CSV의 건물 좌표; 음식점 자체 측량 좌표 아님
굼,덕진구 송천1동,전북특별자치도 전주시 덕진구 송천동1가 23-2,"전북특별자치도 전주시 덕진구 천마산로 122, 1층",0507-1346-8358,127.1345804,35.8647915,송천1동,exact_official_building_road,기존 주택 CSV의 건물 좌표; 음식점 자체 측량 좌표 아님
60계치킨_송천2호점,덕진구 송천동1가,전북특별자치도 전주시 덕진구 송천동1가 832-5,전북특별자치도 전주시 덕진구 시천로 60,0504-2015-0867,127.1146157,35.8646068,송천2동,exact_official_building_road,기존 주택 CSV의 건물 좌표; 음식점 자체 측량 좌표 아님
지유명차_전주점,완산구 효자3동,전북특별자치도 전주시 완산구 효자동3가 1735-6,전북특별자치도 전주시 완산구 봉곡3길 7-7,063-223-5634,127.0977186,35.81259278,효자4동,exact_official_building_road,기존 주택 CSV의 건물 좌표; 음식점 자체 측량 좌표 아님
씨플랫_송천에코점,덕진구 송천동,전북특별자치도 전주시 덕진구 송천동2가 1357 1층 102호,전북특별자치도 전주시 덕진구 화암4길 60 1층 102호,063-255-1900,127.1372701,35.87062056,송천1동,exact_official_building_road,기존 주택 CSV의 건물 좌표; 음식점 자체 측량 좌표 아님
드롭탑_전주혁신도시점,덕진구 혁신동,전북특별자치도 전주시 덕진구 중동 783-1,전북특별자치도 전주시 덕진구 오정1길 15,063-222-7483,127.0602882,35.83483011,혁신동,exact_official_building_road,기존 주택 CSV의 건물 좌표; 음식점 자체 측량 좌표 아님
벌툰_전주고사점,완산구 고사동,전북특별자치도 전주시 완산구 고사동 184,전북특별자치도 전주시 완산구 전주객사5길 73-5,0507-1417-5325,127.1443228,35.821171,중앙동,exact_official_building_road,기존 주택 CSV의 건물 좌표; 음식점 자체 측량 좌표 아님
애담찹살떡,완산구 풍남동,전북특별자치도 전주시 완산구 풍남동3가  56-3,전북특별자치도 전주시 완산구 은행로 51-1,063-232-6061,127.1525859,35.815457,풍남동,exact_official_building_road,기존 주택 CSV의 건물 좌표; 음식점 자체 측량 좌표 아님
이디야커피_전주에코점,덕진구 송천2동,전북특별자치도 전주시 덕진구 송천동2가 1336-1,전북특별자치도 전주시 덕진구 세병서로 22,063-271-3103,127.1246096,35.8716381,송천1동,exact_official_building_road,기존 주택 CSV의 건물 좌표; 음식점 자체 측량 좌표 아님
어반헤이즈,완산구 효자동3가,전북특별자치도 전주시 완산구 효자동3가 1681-10,전북특별자치도 전주시 완산구 배학2길3-6,0507-1410-5214,127.0975392,35.8192441,효자5동,exact_official_building_parcel,기존 주택 CSV의 건물 좌표; 음식점 자체 측량 좌표 아님
올데이잭,완산구 고사동,전북특별자치도 전주시 완산구 고사동 473-9,"전북특별자치도 전주시 완산구 전주객사2길 46-12, 1층",063-282-9944,127.1412996,35.8189944,중앙동,exact_official_building_road,기존 주택 CSV의 건물 좌표; 음식점 자체 측량 좌표 아님
옥희식당_전북대점,덕진구 덕진동,전북특별자치도 전주시 덕진구 덕진동1가 1277-10,전북특별자치도 전주시 덕진구 명륜5길 13,063-278-3265,127.1255591,35.84392946,덕진동,exact_official_building_road,기존 주택 CSV의 건물 좌표; 음식점 자체 측량 좌표 아님
디아스타브_아스타에코점,덕진구 송천2동,전북특별자치도 전주시 덕진구 송천동2가 1326-6,"전북특별자치도 전주시 덕진구 세병로 26, 1,2층",063-255-7200,127.1277009,35.8741097,송천1동,exact_official_building_road,기존 주택 CSV의 건물 좌표; 음식점 자체 측량 좌표 아님
국수나무_송천점,덕진구 송천동,전북특별자치도 전주시 덕진구 송천동1가 104-5,전북특별자치도 전주시 덕진구 솔내로 130,0504-0544-3357,127.1269491,35.8616274,송천1동,exact_official_building_road,기존 주택 CSV의 건물 좌표; 음식점 자체 측량 좌표 아님
고향마루,완산구 중화산동,전북특별자치도 전주시 완산구 중화산동2가 628-2,전북특별자치도 전주시 완산구 중산중앙로 26,063-229-8338,127.1208925,35.81635143,중화산2동,exact_official_building_road,기존 주택 CSV의 건물 좌표; 음식점 자체 측량 좌표 아님
짬뽕의명가_아성,완산구 서신동,전북특별자치도 전주시 완산구 서신동 957-3,전북특별자치도 전주시 완산구 고사평1길 7,063-909-8885,127.1086262,35.83465698,서신동,exact_official_building_road,기존 주택 CSV의 건물 좌표; 음식점 자체 측량 좌표 아님
콜팝,덕진구 송천동,전북특별자치도 전주시 덕진구 송천동2가 1304 에코시티 더샵 3차 상가 1층,전북특별자치도 전주시 덕진구 세병로 138 에코시티 더샵 3차 상가 1층,063-900-9666,127.1362208,35.87649856,송천1동,exact_official_building_road,기존 주택 CSV의 건물 좌표; 음식점 자체 측량 좌표 아님
오원집,완산구 태평동,전북특별자치도 전주시 완산구 태평동 10-9,전북특별자치도 전주시 완산구 공북로 84,063-275-1123,127.1409259,35.8260809,중앙동,exact_official_building_road,기존 주택 CSV의 건물 좌표; 음식점 자체 측량 좌표 아님
홍콩다방_효자신시가지점,완산구 효자동,전북특별자치도 전주시 완산구 효자동2가 1238-8 103호,전북특별자치도 전주시 완산구 홍산남로 29-7 103호,063-226-6565,127.1049962,35.816026,효자5동,exact_official_building_road,기존 주택 CSV의 건물 좌표; 음식점 자체 측량 좌표 아님
신원조고삐마당숯불구이,완산구 태평동,전북특별자치도 전주시 완산구 태평동 14-4,전북특별자치도 전주시 완산구 공북로 74,063-253-5845,127.1399544,35.8259116,중앙동,exact_official_building_road,기존 주택 CSV의 건물 좌표; 음식점 자체 측량 좌표 아님
꽃가마,완산구 풍남동,전북특별자치도 전주시 완산구 교동 101-1,전북특별자치도 전주시 완산구 경기전길 167,063-285-6375,127.1517795,35.81200331,풍남동,exact_official_building_road,기존 주택 CSV의 건물 좌표; 음식점 자체 측량 좌표 아님
세라젬웰카페_전주효자직영점,완산구 효자5동,전북특별자치도 전주시 완산구 효자동3가 1531-1 1층,전북특별자치도 전주시 완산구 홍산로 262 1층,063-715-6325,127.1064362,35.817218,효자5동,exact_official_building_road,기존 주택 CSV의 건물 좌표; 음식점 자체 측량 좌표 아님
구씨아저씨,완산구 중화산동,전북특별자치도 전주시 완산구 중화산동2가 592-9 1층,전북특별자치도 전주시 완산구 중화산로 84,063-224-9293,127.1183421,35.81782896,중화산2동,exact_official_building_road,기존 주택 CSV의 건물 좌표; 음식점 자체 측량 좌표 아님
키친바이차녀,덕진구 만성동,전북특별자치도 전주시 덕진구 만성동 1259-2 1-104,전북특별자치도 전주시 덕진구 만성로 118 1동 1-104,063-213-2130,127.0759583,35.84176529,여의동,exact_official_building_road,기존 주택 CSV의 건물 좌표; 음식점 자체 측량 좌표 아님
곱창폭식_전주신시가지점,완산구 효자동3가,전북특별자치도 전주시 완산구 효자동3가 1538-1,전북특별자치도 전주시 완산구 홍산북로 70-19,0507-1391-8895,127.1097652,35.816738,효자5동,exact_official_building_road,기존 주택 CSV의 건물 좌표; 음식점 자체 측량 좌표 아님
고향생각,덕진구 우아동2가,전북특별자치도 전주시 덕진구 우아동2가 909-5,전북특별자치도 전주시 덕진구 아중1길 5,063-246-9797,127.1702316,35.8284637,우아2동,exact_official_building_road,기존 주택 CSV의 건물 좌표; 음식점 자체 측량 좌표 아님
대구반야월막창_중화산점,완산구 중화산동,전북특별자치도 전주시 완산구 중화산동2가 778-1,전북특별자치도 전주시 완산구 중화산로 83,063-237-5911,127.1179799,35.8177299,중화산2동,exact_official_building_road,기존 주택 CSV의 건물 좌표; 음식점 자체 측량 좌표 아님
추억의광장,덕진구 우아동1가,전북특별자치도 전주시 덕진구 우아동1가 1113-1,전북특별자치도 전주시 덕진구 아중로 226,063-246-8255,127.1739938,35.82854365,우아2동,exact_official_building_road,기존 주택 CSV의 건물 좌표; 음식점 자체 측량 좌표 아님
진성아구찜,완산구 효자5동,전북특별자치도 전주시 완산구 효자동3가 1527-2 2층,"전북특별자치도 전주시 완산구 홍산3길 17, 2층",063-231-9287,127.1071402,35.8183334,효자5동,exact_official_building_road,기존 주택 CSV의 건물 좌표; 음식점 자체 측량 좌표 아님
아중각,덕진구 우아동2가,전북특별자치도 전주시 덕진구 우아동2가 866-24,전북특별자치도 전주시 덕진구 석소로 92,063-246-4733,127.1674375,35.83531242,우아2동,exact_official_building_road,기존 주택 CSV의 건물 좌표; 음식점 자체 측량 좌표 아님
대찬아구세상,덕진구 우아2동,전북특별자치도 전주시 덕진구 우아동2가 890-8,전북특별자치도 전주시 덕진구 정언신로 155,063-717-8889,127.1706247,35.83110726,우아2동,exact_official_building_road,기존 주택 CSV의 건물 좌표; 음식점 자체 측량 좌표 아님
쭈꾸미신화_송천점,덕진구 송천1동,전북특별자치도 전주시 덕진구 송천동2가 202-64,전북특별자치도 전주시 덕진구 솔내로 166,063-277-1720,127.1272788,35.86482523,송천1동,exact_official_building_road,기존 주택 CSV의 건물 좌표; 음식점 자체 측량 좌표 아님
가장맛있는족발_호성점,덕진구 우아1동,전북특별자치도 전주시 덕진구 우아동3가 594-32,전북특별자치도 전주시 덕진구 호성1길 6,050-7982-6747,127.1558064,35.8560517,우아1동,exact_official_building_road,기존 주택 CSV의 건물 좌표; 음식점 자체 측량 좌표 아님
노란포차,완산구 효자동,전북특별자치도 전주시 완산구 효자동3가 1609-14,전북특별자치도 전주시 완산구 홍산로 381,063-227-1017,127.105627,35.82771268,효자5동,exact_official_building_road,기존 주택 CSV의 건물 좌표; 음식점 자체 측량 좌표 아님
응급실국물떡볶이_전주효자점,완산구 효자동2가,전북특별자치도 전주시 완산구 효자동2가 1158-30 1층 101호,전북특별자치도 전주시 완산구 봉곡로 115,"0507-961-0207, 063-223-5791",127.1064727,35.811111,효자4동,exact_official_building_road,기존 주택 CSV의 건물 좌표; 음식점 자체 측량 좌표 아님
자연옥,덕진구 우아동2가,전북특별자치도 전주시 덕진구 우아동2가 858-10,전북특별자치도 전주시 덕진구 진버들6길 12,063-244-2224,127.1668706,35.83660639,우아2동,exact_official_building_road,기존 주택 CSV의 건물 좌표; 음식점 자체 측량 좌표 아님
파오파오,완산구 효자3동,전북특별자치도 전주시 완산구 효자동1가 388,전북특별자치도 전주시 완산구 거마평로 170,063-222-9198,127.1164127,35.8077262,효자2동,exact_official_building_road,기존 주택 CSV의 건물 좌표; 음식점 자체 측량 좌표 아님
뉴얼카페,덕진구 덕진동1가,전북특별자치도 전주시 덕진구 덕진동1가 1401-23,전북특별자치도 전주시 덕진구 사평로 71,0507-1322-6338,127.1232843,35.8434172,덕진동,exact_official_building_road,기존 주택 CSV의 건물 좌표; 음식점 자체 측량 좌표 아님
커피하버_커피마켓,덕진구 산정동,전북특별자치도 전주시 덕진구 산정동 787-2,전북특별자치도 전주시 덕진구 동부대로 580,063-286-3131,127.1672762,35.84228746,우아2동,exact_official_building_road,기존 주택 CSV의 건물 좌표; 음식점 자체 측량 좌표 아님
살라오스테리아,완산구 효자동,전북특별자치도 전주시 완산구 효자동3가 1667-9 1층,전북특별자치도 전주시 완산구 마전들로 49 1층,063-225-9251,127.1009832,35.821201,효자5동,exact_official_building_road,기존 주택 CSV의 건물 좌표; 음식점 자체 측량 좌표 아님
포케153_전주점,완산구 효자5동,전북특별자치도 전주시 완산구 효자동2가 1237-1,전북특별자치도 전주시 완산구 바우배기2길 23-6,063-227-1153,127.1046918,35.81734968,효자5동,exact_official_building_road,기존 주택 CSV의 건물 좌표; 음식점 자체 측량 좌표 아님
스페이스5,완산구 효자5동,전북특별자치도 전주시 완산구 효자동3가 1627-1 진흥빌딩 5층,전북특별자치도 전주시 완산구 유연로 170 진흥빌딩 5층,063-271-7601,127.1040205,35.82490668,효자5동,exact_official_building_road,기존 주택 CSV의 건물 좌표; 음식점 자체 측량 좌표 아님
더블루,완산구 서신동,전북특별자치도 전주시 완산구 서신동 955-1 2층,전북특별자치도 전주시 완산구 새터로 52-10 2층,010-3681-5252,127.1119879,35.8346972,서신동,exact_official_building_road,기존 주택 CSV의 건물 좌표; 음식점 자체 측량 좌표 아님
다니엘마카롱,덕진구 우아동2가,전북특별자치도 전주시 덕진구 우아동2가 912-6,전북특별자치도 전주시 덕진구 아중1길 13-4,0507-1329-8678,127.1712321,35.82910151,우아2동,exact_official_building_road,기존 주택 CSV의 건물 좌표; 음식점 자체 측량 좌표 아님
장터감자탕,덕진구 덕진동2가,전북특별자치도 전주시 덕진구 덕진동2가 681-5 2층,전북특별자치도 전주시 덕진구 가련산로 23 2층,063-272-1994,127.110978,35.841948,덕진동,exact_official_building_road,기존 주택 CSV의 건물 좌표; 음식점 자체 측량 좌표 아님
와인바뱅뱅,완산구 태평동,전북특별자치도 전주시 완산구 태평동 30-4,"전북특별자치도 전주시 완산구 태평3길 43-9, 1층",070-4647-1977,127.1411509,35.8238699,중앙동,exact_official_building_road,기존 주택 CSV의 건물 좌표; 음식점 자체 측량 좌표 아님
앤티앤스_이마트전주점,완산구 서신동,전북특별자치도 전주시 완산구 서신동 767 2층,전북특별자치도 전주시 완산구 당산로 111 2층,063-272-5482,127.120448,35.83258981,서신동,exact_official_building_road,기존 주택 CSV의 건물 좌표; 음식점 자체 측량 좌표 아님
궁,완산구 효자4동,전북특별자치도 전주시 완산구 효자동3가 1188-1 궁,전북특별자치도 전주시 완산구 천잠로 337,"0507-1421-0844, 063-227-0844",127.0933076,35.81710225,효자4동,exact_official_building_road,기존 주택 CSV의 건물 좌표; 음식점 자체 측량 좌표 아님
로이드커피하우스,완산구 효자4동,전북특별자치도 전주시 완산구 효자동2가 1242-3 1층 104호,전북특별자치도 전주시 완산구 홍산남로 18 1층 104호,063-278-6086,127.1037485,35.8155883,효자5동,exact_official_building_road,기존 주택 CSV의 건물 좌표; 음식점 자체 측량 좌표 아님
명품흑염소,덕진구 혁신동,전북특별자치도 전주시 덕진구 장동 600-24,전북특별자치도 전주시 덕진구 혁신로 476,063-211-7121,127.0667372,35.85503343,여의동,exact_official_building_road,기존 주택 CSV의 건물 좌표; 음식점 자체 측량 좌표 아님
누룩,완산구 효자5동,전북특별자치도 전주시 완산구 효자동3가 1670-1,전북특별자치도 전주시 완산구 마전들로 12,010-8107-5817,127.0968179,35.8208803,효자5동,exact_official_building_road,기존 주택 CSV의 건물 좌표; 음식점 자체 측량 좌표 아님
장모님감자탕양념족발,완산구 서신동,전북특별자치도 전주시 완산구 서신동 840-2,전북특별자치도 전주시 완산구 서신천변6길 8,063-904-1060,127.1146095,35.82810355,서신동,exact_official_building_road,기존 주택 CSV의 건물 좌표; 음식점 자체 측량 좌표 아님
카페데이지,덕진구 송천1동,전북특별자치도 전주시 덕진구 송천동1가 348-2,"전북특별자치도 전주시 덕진구 송천로 25, 1층",0507-1403-9401,127.11876,35.8555443,송천2동,exact_official_building_road,기존 주택 CSV의 건물 좌표; 음식점 자체 측량 좌표 아님
한우곱창전문점,덕진구 송천1동,전북특별자치도 전주시 덕진구 송천동2가 253-1,전북특별자치도 전주시 덕진구 붓내4길 11,063-276-2050,127.1225638,35.8679676,송천1동,exact_official_building_road,기존 주택 CSV의 건물 좌표; 음식점 자체 측량 좌표 아님
자연임실치즈피자_전주1호점,덕진구 우아동3가,전북특별자치도 전주시 덕진구 우아동3가 748-11 2층,전북특별자치도 전주시 덕진구 백제대로 794 2층,0507-1390-9503,127.1555052,35.8471627,우아1동,exact_official_building_road,기존 주택 CSV의 건물 좌표; 음식점 자체 측량 좌표 아님
디초콜릿커피앤드_전주서신점,완산구 서신동,"전북특별자치도 전주시 완산구 서신동 970-5 전북특별자치도프뢰벨빌딩 1,2층","전북특별자치도 전주시 완산구 온고을로 18 전북특별자치도프뢰벨빌딩 1,2층",0507-1323-8300,127.1210394,35.83417142,서신동,exact_official_building_road,기존 주택 CSV의 건물 좌표; 음식점 자체 측량 좌표 아님
카베하즈,완산구 효자4동,전북특별자치도 전주시 완산구 효자동2가 1253-9 경하빌 102호,전북특별자치도 전주시 완산구 봉곡3길 32 102호,070-4134-5480,127.100367,35.811943,효자4동,exact_official_building_road,기존 주택 CSV의 건물 좌표; 음식점 자체 측량 좌표 아님
엄마가생맥주,완산구 효자5동,"전북특별자치도 전주시 완산구 효자동3가 1538-3 1층 103,104호","전북특별자치도 전주시 완산구 홍산북로 84-20 1층 103,104호",010-4658-2543,127.110644,35.8167406,효자5동,exact_official_building_road,기존 주택 CSV의 건물 좌표; 음식점 자체 측량 좌표 아님
어니스트밀크_전주점,완산구 효자4동,전북특별자치도 전주시 완산구 효자동2가 1155-10 106호,전북특별자치도 전주시 완산구 홍산중앙로 13 106호,063-236-2369,127.1087421,35.8148744,효자5동,exact_official_building_road,기존 주택 CSV의 건물 좌표; 음식점 자체 측량 좌표 아님
7080연탄구이,완산구 효자5동,전북특별자치도 전주시 완산구 효자동3가 1412-3,전북특별자치도 전주시 완산구 서곡5길 13-30,063-252-0890,127.1009838,35.83707875,효자5동,exact_official_building_road,기존 주택 CSV의 건물 좌표; 음식점 자체 측량 좌표 아님
다호,완산구 풍남동,전북특별자치도 전주시 완산구 풍남동3가 59-1 다호,전북특별자치도 전주시 완산구 태조로 12-3 다호,010-3342-9115,127.1531721,35.8152177,풍남동,exact_official_building_road,기존 주택 CSV의 건물 좌표; 음식점 자체 측량 좌표 아님
국민운동식당_중화산점,완산구 중화산동2가,전북특별자치도 전주시 완산구 중화산동2가 616-2,전북특별자치도 전주시 완산구 중산중앙로 6,063-236-1756,127.1187574,35.81629076,중화산2동,exact_official_building_road,기존 주택 CSV의 건물 좌표; 음식점 자체 측량 좌표 아님
역전할머니맥주_전주에코시티점,덕진구 송천동2가,전북특별자치도 전주시 덕진구 송천동2가 1327-10,전북특별자치도 전주시 덕진구 세병2길 31-3,063-253-7624,127.1270659,35.87314273,송천1동,exact_official_building_road,기존 주택 CSV의 건물 좌표; 음식점 자체 측량 좌표 아님
충만치킨_도청점,완산구 효자동,전북특별자치도 전주시 완산구 효자동3가 1529-9 3층,전북특별자치도 전주시 완산구 홍산북로 59 3층,0507-1422-2966,127.1083637,35.8176217,효자5동,exact_official_building_road,기존 주택 CSV의 건물 좌표; 음식점 자체 측량 좌표 아님
양반가,완산구 풍남동,전북특별자치도 전주시 완산구 풍남동3가 79-2,전북특별자치도 전주시 완산구 최명희길 30-2,063-282-0054,127.1512185,35.8161627,풍남동,exact_official_building_road,기존 주택 CSV의 건물 좌표; 음식점 자체 측량 좌표 아님
소바가_전주본점,완산구 중화산동2가,전북특별자치도 전주시 완산구 중화산동2가 497-27,전북특별자치도 전주시 완산구 신촌3길 28-14,063-236-2225,127.11496,35.8183425,중화산2동,exact_official_building_road,기존 주택 CSV의 건물 좌표; 음식점 자체 측량 좌표 아님
규카츠정_신시가지점,완산구 효자동2가,전북특별자치도 전주시 완산구 효자동2가 1155-3,전북특별자치도 전주시 완산구 홍산남로 52,070-7514-1548,127.1075,35.8155612,효자5동,exact_official_building_road,기존 주택 CSV의 건물 좌표; 음식점 자체 측량 좌표 아님
라디오가든,완산구 효자동3가,전북특별자치도 전주시 완산구 효자동3가 1539-1 5층,전북특별자치도 전주시 완산구 홍산남로 71 5층,063-236-2789,127.1097686,35.81599,효자5동,exact_official_building_road,기존 주택 CSV의 건물 좌표; 음식점 자체 측량 좌표 아님
카페머물다,덕진구 송천1동,전북특별자치도 전주시 덕진구 송천동1가 838-7,"전북특별자치도 전주시 덕진구 송천로 112-33, 1층",063-277-0613,127.1177846,35.86325983,송천2동,exact_official_building_road,기존 주택 CSV의 건물 좌표; 음식점 자체 측량 좌표 아님
역전할머니맥주_서신점,완산구 서신동,전북특별자치도 전주시 완산구 서신동 933-2,전북특별자치도 전주시 완산구 고사평5길 11,063-255-7624,127.1087577,35.83675801,서신동,exact_official_building_road,기존 주택 CSV의 건물 좌표; 음식점 자체 측량 좌표 아님
네네치킨앤봉구스밥버거_중화산점,완산구 중화산동,전북특별자치도 전주시 완산구 중화산동2가 759-3,전북특별자치도 전주시 완산구 화산천변로 12,063-223-4492,127.1163145,35.82004935,중화산2동,exact_official_building_road,기존 주택 CSV의 건물 좌표; 음식점 자체 측량 좌표 아님
코펜하겐,완산구 효자5동,전북특별자치도 전주시 완산구 효자동3가 1608-8,전북특별자치도 전주시 완산구 문학대6길 11-1,063-228-3030,127.1031004,35.8285689,효자5동,exact_official_building_road,기존 주택 CSV의 건물 좌표; 음식점 자체 측량 좌표 아님
히노아지_전주하가점,덕진구 덕진동2가,전북특별자치도 전주시 덕진구 덕진동2가 673-5,전북특별자치도 전주시 덕진구 가리내8길 15,063-277-1514,127.1101235,35.84332062,덕진동,exact_official_building_road,기존 주택 CSV의 건물 좌표; 음식점 자체 측량 좌표 아님
충만치킨_송천용소점,덕진구 송천동,전북특별자치도 전주시 덕진구 송천동1가 802-2,전북특별자치도 전주시 덕진구 두간로 7,063-271-5151,127.1152875,35.8655067,송천2동,exact_official_building_road,기존 주택 CSV의 건물 좌표; 음식점 자체 측량 좌표 아님
더벤티_전주서신점,완산구 서신동,전북특별자치도 전주시 완산구 서신동 963-6 103호,전북특별자치도 전주시 완산구 서신로 103 103호,063-252-4482,127.1155992,35.8346195,서신동,exact_official_building_road,기존 주택 CSV의 건물 좌표; 음식점 자체 측량 좌표 아님
롯데리아_롯데마트전주송천점,덕진구 송천동1가,전북특별자치도 전주시 덕진구 송천동1가 281-1,전북특별자치도 전주시 덕진구 송천중앙로 82,063-275-0907,127.1203125,35.8543821,송천1동,exact_official_building_road,기존 주택 CSV의 건물 좌표; 음식점 자체 측량 좌표 아님
러버블,완산구 중화산동1가,전북특별자치도 전주시 완산구 중화산동1가 300,전북특별자치도 전주시 완산구 서원로 365,063-282-2200,127.1326112,35.81432735,중화산1동,exact_official_building_road,기존 주택 CSV의 건물 좌표; 음식점 자체 측량 좌표 아님
꿀순이앤꿀돌이_송천점,덕진구 송천동,전북특별자치도 전주시 덕진구 송천동1가 137-1,전북특별자치도 전주시 덕진구 솔내로 115,063-272-3113,127.1264439,35.8604093,송천1동,exact_official_building_road,기존 주택 CSV의 건물 좌표; 음식점 자체 측량 좌표 아님
한양불고기,완산구 효자동2가,전북특별자치도 전주시 완산구 효자동2가 220-12,전북특별자치도 전주시 완산구 우전2길 6,063-228-8011,127.1082927,35.8050696,효자4동,exact_official_building_road,기존 주택 CSV의 건물 좌표; 음식점 자체 측량 좌표 아님
시골손맛,완산구 서신동,전북특별자치도 전주시 완산구 서신동 862-2,전북특별자치도 전주시 완산구 전룡2길 10,063-222-0909,127.1176204,35.82605265,서신동,exact_official_building_road,기존 주택 CSV의 건물 좌표; 음식점 자체 측량 좌표 아님
황태마루_본점,완산구 효자동3가,전북특별자치도 전주시 완산구 효자동3가 1448-1,전북특별자치도 전주시 완산구 서곡1길 21,063-254-6167,127.0988826,35.8356386,효자5동,exact_official_building_road,기존 주택 CSV의 건물 좌표; 음식점 자체 측량 좌표 아님
브릭리언트,덕진구 우아동2가,전북특별자치도 전주시 덕진구 우아동2가 865-2,전북특별자치도 전주시 덕진구 진버들7길 5,063-247-0700,127.1682445,35.83647168,우아2동,exact_official_building_road,기존 주택 CSV의 건물 좌표; 음식점 자체 측량 좌표 아님
참치마켓,완산구 서신동,전북특별자치도 전주시 완산구 서신동 798 1층,전북특별자치도 전주시 완산구 서신천변15길 17 1층,"0507-1308-3774, 063-272-3774",127.1124548,35.83177404,서신동,exact_official_building_road,기존 주택 CSV의 건물 좌표; 음식점 자체 측량 좌표 아님
더리터_서부시장점,완산구 효자3동,전북특별자치도 전주시 완산구 효자동1가 193-7,전북특별자치도 전주시 완산구 용머리로 165,063-227-0190,127.1279932,35.8064977,효자1동,exact_official_building_road,기존 주택 CSV의 건물 좌표; 음식점 자체 측량 좌표 아님
설이담_전주본점,완산구 효자4동,전북특별자치도 전주시 완산구 효자동2가 1158-1,전북특별자치도 전주시 완산구 범안2길 2,063-222-0023,127.1088973,35.81334301,효자4동,exact_official_building_road,기존 주택 CSV의 건물 좌표; 음식점 자체 측량 좌표 아님
주박사동태마을,덕진구 만성동,전북특별자치도 전주시 덕진구 만성동 1175-1,전북특별자치도 전주시 덕진구 월방3길 7,063-225-5777,127.0702558,35.83431265,여의동,exact_official_building_road,기존 주택 CSV의 건물 좌표; 음식점 자체 측량 좌표 아님
이모김밥,완산구 중화산동,전북특별자치도 전주시 완산구 중화산동2가 535-3 1층,전북특별자치도 전주시 완산구 서원로 292 1층,063-227-3588,127.1262784,35.8116133,중화산1동,exact_official_building_road,기존 주택 CSV의 건물 좌표; 음식점 자체 측량 좌표 아님
별이네꼬마김밥,덕진구 만성동,전북특별자치도 전주시 덕진구 만성동 1372-3,전북특별자치도 전주시 덕진구 만성중앙로 53-37,063-214-0202,127.0776571,35.8432377,여의동,exact_official_building_road,기존 주택 CSV의 건물 좌표; 음식점 자체 측량 좌표 아님
카페모카,덕진구 우아동2가,전북특별자치도 전주시 덕진구 우아동2가 917-1,전북특별자치도 전주시 덕진구 아중1길 16,0507-1461-2237,127.1714815,35.8286911,우아2동,exact_official_building_road,기존 주택 CSV의 건물 좌표; 음식점 자체 측량 좌표 아님
샘물맥주_서신점,완산구 서신동,전북특별자치도 전주시 완산구 서신동 934-1,전북특별자치도 전주시 완산구 고사평로 26,063-251-7890,127.1099155,35.8362069,서신동,exact_official_building_road,기존 주택 CSV의 건물 좌표; 음식점 자체 측량 좌표 아님
군산아구탕복탕,덕진구 혁신동,전북특별자치도 전주시 덕진구 중동 777-2 동현빌딩 203호,전북특별자치도 전주시 덕진구 오공로 43-50 동현빌딩 203호,063-229-1117,127.0605558,35.83748203,혁신동,exact_official_building_road,기존 주택 CSV의 건물 좌표; 음식점 자체 측량 좌표 아님
미카도스시_전주송천에코시티점,덕진구 송천동2가,전북특별자치도 전주시 덕진구 송천동2가 1331-13 1층,전북특별자치도 전주시 덕진구 세병남로 25 1층,0507-1492-7917,127.1272879,35.8720042,송천1동,exact_official_building_road,기존 주택 CSV의 건물 좌표; 음식점 자체 측량 좌표 아님
국수나무_중화산점,완산구 중화산동,전북특별자치도 전주시 완산구 중화산동2가 759-3 1층,전북특별자치도 전주시 완산구 화산천변로 12 1층,063-225-3113,127.1163145,35.82004935,중화산2동,exact_official_building_road,기존 주택 CSV의 건물 좌표; 음식점 자체 측량 좌표 아님
아서원,완산구 효자5동,전북특별자치도 전주시 완산구 효자동3가 1472-4,전북특별자치도 전주시 완산구 서곡4길 45-6,0504-2015-2230,127.1032038,35.8323398,효자5동,exact_official_building_road,기존 주택 CSV의 건물 좌표; 음식점 자체 측량 좌표 아님
빈타이_송천점,덕진구 송천동,전북특별자치도 전주시 덕진구 송천동1가 265-42,전북특별자치도 전주시 덕진구 조경단로 324-1,063-278-4376,127.1212188,35.8515619,송천1동,exact_official_building_road,기존 주택 CSV의 건물 좌표; 음식점 자체 측량 좌표 아님
떼구르,완산구 효자5동,전북특별자치도 전주시 완산구 효자동2가 1323-10 1층 1층,전북특별자치도 전주시 완산구 소태정4길 19 1층,063-224-3339,127.1024945,35.80509351,효자4동,exact_official_building_road,기존 주택 CSV의 건물 좌표; 음식점 자체 측량 좌표 아님
달팽이슈퍼,완산구 다가동,전북특별자치도 전주시 완산구 다가동4가 86-2,"전북특별자치도 전주시 완산구 전주객사2길 53, 1층",063-232-0905,127.1398869,35.8189492,중앙동,exact_official_building_road,기존 주택 CSV의 건물 좌표; 음식점 자체 측량 좌표 아님
솥뚜껑삼겹살_아중점,덕진구 우아2동,전북특별자치도 전주시 덕진구 우아동2가 916-8,전북특별자치도 전주시 덕진구 아중1길 14-2,063-247-9295,127.1712607,35.8284798,우아2동,exact_official_building_road,기존 주택 CSV의 건물 좌표; 음식점 자체 측량 좌표 아님
니뽕내뽕_전주신시가지씨지브이점,완산구 효자5동,전북특별자치도 전주시 완산구 효자동3가 1531-2 엠스퀘어빌딩 5층 511호,전북특별자치도 전주시 완산구 홍산로 260 엠스퀘어빌딩 5층 511호,063-229-2221,127.1064661,35.8168412,효자5동,exact_official_building_road,기존 주택 CSV의 건물 좌표; 음식점 자체 측량 좌표 아님
울엄마집밥,덕진구 우아동3가,전북특별자치도 전주시 덕진구 우아동3가 746-40,전북특별자치도 전주시 덕진구 백제대로 835,063-909-0052,127.1593978,35.8492754,우아1동,exact_official_building_road,기존 주택 CSV의 건물 좌표; 음식점 자체 측량 좌표 아님
우미송,덕진구 송천2동,전북특별자치도 전주시 덕진구 송천동2가 533-1,전북특별자치도 전주시 덕진구 와룡1길 11-9,0507-1479-1255,127.113565,35.86434644,송천2동,exact_official_building_road,기존 주택 CSV의 건물 좌표; 음식점 자체 측량 좌표 아님
라면공장,완산구 효자4동,전북특별자치도 전주시 완산구 효자동3가 1663-14,전북특별자치도 전주시 완산구 마전들로 35,063-236-7988,127.099392,35.8211948,효자5동,exact_official_building_road,기존 주택 CSV의 건물 좌표; 음식점 자체 측량 좌표 아님
풍남정_효자동점,완산구 효자5동,전북특별자치도 전주시 완산구 효자동3가 1647-14,전북특별자치도 전주시 완산구 마전2길 17-7,063-224-5105,127.1026889,35.82226494,효자5동,exact_official_building_road,기존 주택 CSV의 건물 좌표; 음식점 자체 측량 좌표 아님
빌런,완산구 중앙동4가,전북특별자치도 전주시 완산구 중앙동4가 32-1,전북특별자치도 전주시 완산구 전라감영로 44,010-4067-8463,127.1440977,35.81532889,중앙동,exact_official_building_road,기존 주택 CSV의 건물 좌표; 음식점 자체 측량 좌표 아님
르뤼땡블랑제리,완산구 효자4동,전북특별자치도 전주시 완산구 효자동2가 1323-1,전북특별자치도 전주시 완산구 소태정4길 11-6,063-229-0823,127.101776,35.8050873,효자4동,exact_official_building_road,기존 주택 CSV의 건물 좌표; 음식점 자체 측량 좌표 아님
양가떡카페,덕진구 우아동2가,전북특별자치도 전주시 덕진구 우아동2가 858-11,전북특별자치도 전주시 덕진구 진버들6길 8-1,0507-1355-7274,127.1670813,35.8365409,우아2동,exact_official_building_road,기존 주택 CSV의 건물 좌표; 음식점 자체 측량 좌표 아님
양푼일번가,완산구 고사동,전북특별자치도 전주시 완산구 고사동 321-9,전북특별자치도 전주시 완산구 전주객사3길 73-2,063-273-2468,127.141345,35.8205499,중앙동,exact_official_building_road,기존 주택 CSV의 건물 좌표; 음식점 자체 측량 좌표 아님
연그린,완산구 효자4동,전북특별자치도 전주시 완산구 효자동3가 1606-8 민들레빌 1층,전북특별자치도 전주시 완산구 문학로 7 민들레빌 1층,010-5519-4825,127.1017285,35.8257193,효자5동,exact_official_building_road,기존 주택 CSV의 건물 좌표; 음식점 자체 측량 좌표 아님
인계동껍데기,덕진구 송천동2가,전북특별자치도 전주시 덕진구 송천동2가 522-6,전북특별자치도 전주시 덕진구 붓내3길 16,010-2313-7563,127.1231042,35.8665299,송천1동,exact_official_building_road,기존 주택 CSV의 건물 좌표; 음식점 자체 측량 좌표 아님
샤브향_덕진점,덕진구 덕진동,"전북특별자치도 전주시 덕진구 덕진동2가 681-4 3층 301호, 302호",전북특별자치도 전주시 덕진구 가련산로 25,063-278-5789,127.1111603,35.842091,덕진동,exact_official_building_road,기존 주택 CSV의 건물 좌표; 음식점 자체 측량 좌표 아님
카페우정서도점,완산구 효자동,전북특별자치도 전주시 완산구 효자동1가 454-1,전북특별자치도 전주시 완산구 용머리로 36,없음,127.1144062,35.8054176,효자3동,exact_official_building_road,기존 주택 CSV의 건물 좌표; 음식점 자체 측량 좌표 아님
가마골,덕진구 송천1동,전북특별자치도 전주시 덕진구 송천동1가 443-35,전북특별자치도 전주시 덕진구 송천3길 44-10,063-251-3953,127.1164928,35.8607342,송천2동,exact_official_building_road,기존 주택 CSV의 건물 좌표; 음식점 자체 측량 좌표 아님
김밥천국_효자점,완산구 효자동,전북특별자치도 전주시 완산구 효자동2가 1256-3,전북특별자치도 전주시 완산구 우전로 206,063-228-7070,127.1020597,35.8128734,효자4동,exact_official_building_road,기존 주택 CSV의 건물 좌표; 음식점 자체 측량 좌표 아님
풀동네커피로스터스,완산구 효자동,전북특별자치도 전주시 완산구 효자동2가 162-1,전북특별자치도 전주시 완산구 우전1길 42,010-5650-8691,127.1057462,35.8074016,효자4동,exact_official_building_road,기존 주택 CSV의 건물 좌표; 음식점 자체 측량 좌표 아님
부부콩나물국밥전문점,완산구 효자4동,전북특별자치도 전주시 완산구 효자동2가 1326-3,전북특별자치도 전주시 완산구 쑥고개로 347,063-221-3253,127.1031371,35.8034431,효자4동,exact_official_building_road,기존 주택 CSV의 건물 좌표; 음식점 자체 측량 좌표 아님
얌스_휴먼시아점,완산구 효자동2가,전북특별자치도 전주시 완산구 효자동2가 1313-6,전북특별자치도 전주시 완산구 호암로 21,050-7987-5210,127.0970196,35.8092537,효자4동,exact_official_building_road,기존 주택 CSV의 건물 좌표; 음식점 자체 측량 좌표 아님
명륜다방,덕진구 덕진동,전북특별자치도 전주시 덕진구 덕진동1가 1262-2 1층 102호,전북특별자치도 전주시 덕진구 명륜5길 10-2 1층 102호,0507-1342-0424,127.1255164,35.843181,덕진동,exact_official_building_road,기존 주택 CSV의 건물 좌표; 음식점 자체 측량 좌표 아님
초록원,완산구 중화산동,전북특별자치도 전주시 완산구 중화산동2가 694-7,전북특별자치도 전주시 완산구 메너머3길 13-10,063-226-8444,127.1210515,35.82301329,중화산2동,exact_official_building_road,기존 주택 CSV의 건물 좌표; 음식점 자체 측량 좌표 아님
원조1958생두부,완산구 서신동,전북특별자치도 전주시 완산구 서신동 968-6,전북특별자치도 전주시 완산구 여울로 19,063-271-3322,127.1212163,35.83519119,서신동,exact_official_building_road,기존 주택 CSV의 건물 좌표; 음식점 자체 측량 좌표 아님
호삼정,완산구 효자동3가,전북특별자치도 전주시 완산구 효자동3가 1647-1,전북특별자치도 전주시 완산구 마전2길 13,063-236-0547,127.1026883,35.8228347,효자5동,exact_official_building_road,기존 주택 CSV의 건물 좌표; 음식점 자체 측량 좌표 아님
한라맥주_전주신시가지점,완산구 효자5동,전북특별자치도 전주시 완산구 효자동3가 1538-1 101호,전북특별자치도 전주시 완산구 홍산북로 70-19 101호,"010-5671-9768, 063-227-9768",127.1097652,35.816738,효자5동,exact_official_building_road,기존 주택 CSV의 건물 좌표; 음식점 자체 측량 좌표 아님
좋은사람들,완산구 효자동2가,전북특별자치도 전주시 완산구 효자동2가 1332-1,전북특별자치도 전주시 완산구 홍산로 160-3,063-225-2565,127.105093,35.808165,효자4동,exact_official_building_road,기존 주택 CSV의 건물 좌표; 음식점 자체 측량 좌표 아님
아중사계절,덕진구 우아동1가,전북특별자치도 전주시 덕진구 우아동1가 1057-20,전북특별자치도 전주시 덕진구 인교7길 20-24,063-241-0140,127.1747569,35.82645783,우아2동,exact_official_building_road,기존 주택 CSV의 건물 좌표; 음식점 자체 측량 좌표 아님
윤식당,완산구 효자4동,전북특별자치도 전주시 완산구 효자동2가 1166-10 102호,전북특별자치도 전주시 완산구 범안1길 30,063-229-3590,127.107289,35.8114043,효자4동,exact_official_building_road,기존 주택 CSV의 건물 좌표; 음식점 자체 측량 좌표 아님
빽다방_전주효천지구점,완산구 효자5동,전북특별자치도 전주시 완산구 효자동2가 1359-6,전북특별자치도 전주시 완산구 효천천변길 24,063-237-2737,127.1021774,35.80181037,효자4동,exact_official_building_road,기존 주택 CSV의 건물 좌표; 음식점 자체 측량 좌표 아님
현대옥_예수병원점,완산구 중화산동2가,전북특별자치도 전주시 완산구 중화산동2가 44-3,전북특별자치도 전주시 완산구 따박골6길 48,063-287-8520,127.1282737,35.8108694,중화산1동,exact_official_building_road,기존 주택 CSV의 건물 좌표; 음식점 자체 측량 좌표 아님
하르빈,완산구 효자5동,전북특별자치도 전주시 완산구 효자동3가 1529-7,전북특별자치도 전주시 완산구 홍산북로 59-9,063-274-8883,127.1081609,35.81785312,효자5동,exact_official_building_road,기존 주택 CSV의 건물 좌표; 음식점 자체 측량 좌표 아님
한국집,완산구 풍남동,전북특별자치도 전주시 완산구 전동 2-1,전북특별자치도 전주시 완산구 어진길 119,063-284-2224,127.1482235,35.81652985,풍남동,exact_official_building_road,기존 주택 CSV의 건물 좌표; 음식점 자체 측량 좌표 아님
영화마을,완산구 효자5동,전북특별자치도 전주시 완산구 상림동 545-5,"전북특별자치도 전주시 완산구 정여립로 688-33, 1층",0507-1326-8588,127.073859,35.81471897,효자4동,exact_official_building_road,기존 주택 CSV의 건물 좌표; 음식점 자체 측량 좌표 아님
카페스타치오,완산구 효자동3가,전북특별자치도 전주시 완산구 효자동3가 745-2,전북특별자치도 전주시 완산구 원서곡길 45,0507-1336-6421,127.0947647,35.8331419,효자5동,exact_official_building_road,기존 주택 CSV의 건물 좌표; 음식점 자체 측량 좌표 아님
반했닭_중화산점,완산구 중화산동,전북특별자치도 전주시 완산구 중화산동2가 531-3,전북특별자치도 전주시 완산구 산월1길 10,063-236-7878,127.1220368,35.8128896,중화산2동,exact_official_building_road,기존 주택 CSV의 건물 좌표; 음식점 자체 측량 좌표 아님
1도씨맥주_효자점,완산구 효자동1가,전북특별자치도 전주시 완산구 효자동1가 382,전북특별자치도 전주시 완산구 거마평로 180,"0507-1345-3244, 063-222-3244",127.1163199,35.80855766,효자2동,exact_official_building_road,기존 주택 CSV의 건물 좌표; 음식점 자체 측량 좌표 아님
제줏간,완산구 효자동3가,전북특별자치도 전주시 완산구 효자동3가 1528-12,전북특별자치도 전주시 완산구 홍산북로 69-9,0507-1354-5499,127.1099832,35.8181569,효자5동,exact_official_building_road,기존 주택 CSV의 건물 좌표; 음식점 자체 측량 좌표 아님
시골감자탕노란양푼갈비,덕진구 송천1동,전북특별자치도 전주시 덕진구 송천동2가 523-1,전북특별자치도 전주시 덕진구 붓내3길 9,063-272-8748,127.1226379,35.8667531,송천1동,exact_official_building_road,기존 주택 CSV의 건물 좌표; 음식점 자체 측량 좌표 아님
맛찬들왕소금구이_전주점,완산구 효자5동,전북특별자치도 전주시 완산구 효자동3가 1535-7 1층 맛찬들,전북특별자치도 전주시 완산구 홍산중앙로 29,063-225-6692,127.108795,35.8161334,효자5동,exact_official_building_road,기존 주택 CSV의 건물 좌표; 음식점 자체 측량 좌표 아님
북도,완산구 중앙동,전북특별자치도 전주시 완산구 중앙동4가 78-1 1층,전북특별자치도 전주시 완산구 풍남문4길 26-6 1층,0507-1350-6654,127.1457317,35.81464648,중앙동,exact_official_building_road,기존 주택 CSV의 건물 좌표; 음식점 자체 측량 좌표 아님
사위밥상,완산구 효자동1가,전북특별자치도 전주시 완산구 효자동1가 622-6,전북특별자치도 전주시 완산구 거마평로 188-3,"0507-1331-3654, 063-225-3654",127.1158788,35.8094469,효자2동,exact_official_building_road,기존 주택 CSV의 건물 좌표; 음식점 자체 측량 좌표 아님
도모도모,완산구 효자5동,전북특별자치도 전주시 완산구 효자동2가 1236-1 102호,전북특별자치도 전주시 완산구 홍산북로 20 102호,063-225-1103,127.1039617,35.81732622,효자5동,exact_official_building_road,기존 주택 CSV의 건물 좌표; 음식점 자체 측량 좌표 아님
서신먹거리감자탕,완산구 서신동,전북특별자치도 전주시 완산구 서신동 948-16,전북특별자치도 전주시 완산구 고사평로 14,063-224-5575,127.1096711,35.83525057,서신동,exact_official_building_road,기존 주택 CSV의 건물 좌표; 음식점 자체 측량 좌표 아님
조가네갑오징어_전북도청점,완산구 효자동,전북특별자치도 전주시 완산구 효자동2가 1235-10,전북특별자치도 전주시 완산구 바우배기2길 14,063-229-5522,127.1032977,35.8167401,효자5동,exact_official_building_road,기존 주택 CSV의 건물 좌표; 음식점 자체 측량 좌표 아님
허브롤까스,완산구 효자4동,전북특별자치도 전주시 완산구 효자동2가 1307-1,전북특별자치도 전주시 완산구 후곡길 31,063-229-7599,127.0949711,35.8114425,효자4동,exact_official_building_road,기존 주택 CSV의 건물 좌표; 음식점 자체 측량 좌표 아님
자담치킨_대명점,덕진구 송천동1가,전북특별자치도 전주시 덕진구 송천동1가 626-55,전북특별자치도 전주시 덕진구 시천로 31,063-276-9942,127.1144137,35.8620044,송천2동,exact_official_building_road,기존 주택 CSV의 건물 좌표; 음식점 자체 측량 좌표 아님
이태리부대찌개_서곡점,완산구 효자동,전북특별자치도 전주시 완산구 효자동3가  1436-2 1층,전북특별자치도 전주시 완산구 서곡로 76 1층,063-227-2488,127.1016956,35.8354213,효자5동,exact_official_building_road,기존 주택 CSV의 건물 좌표; 음식점 자체 측량 좌표 아님
모정산골냉면_혁신도시점,덕진구 혁신동,전북특별자치도 전주시 덕진구 중동 776-5,전북특별자치도 전주시 덕진구 오공로 33-6,063-223-3434,127.0594911,35.83672563,혁신동,exact_official_building_road,기존 주택 CSV의 건물 좌표; 음식점 자체 측량 좌표 아님
진칸스_전북대점,덕진구 덕진동,전북특별자치도 전주시 덕진구 덕진동1가 1264-3,전북특별자치도 전주시 덕진구 명륜3길 18-4,0507-1478-9925,127.1280883,35.84243361,덕진동,exact_official_building_road,기존 주택 CSV의 건물 좌표; 음식점 자체 측량 좌표 아님
김가네오리,덕진구 송천1동,전북특별자치도 전주시 덕진구 송천동1가 137-3 2층,전북특별자치도 전주시 덕진구 솔내로 108 2층,063-252-5282,127.1268079,35.8596482,송천1동,exact_official_building_road,기존 주택 CSV의 건물 좌표; 음식점 자체 측량 좌표 아님
광장콩나물국밥,덕진구 덕진동,전북특별자치도 전주시 덕진구 덕진동1가 1276-2,전북특별자치도 전주시 덕진구 덕진광장로 6,063-252-0360,127.124509,35.84378663,덕진동,exact_official_building_road,기존 주택 CSV의 건물 좌표; 음식점 자체 측량 좌표 아님
강진고향산천다슬기전문점,완산구 중화산동2가,전북특별자치도 전주시 완산구 중화산동2가 694-6,전북특별자치도 전주시 완산구 메너머3길 13-8,063-227-7799,127.1210832,35.82314872,중화산2동,exact_official_building_road,기존 주택 CSV의 건물 좌표; 음식점 자체 측량 좌표 아님
락빈소바칼국수,완산구 중화산동2가,전북특별자치도 전주시 완산구 중화산동2가 750-1,전북특별자치도 전주시 완산구 화산천변6길 7,063-229-5989,127.1154634,35.8212842,중화산2동,exact_official_building_road,기존 주택 CSV의 건물 좌표; 음식점 자체 측량 좌표 아님
화산생곱창,완산구 효자5동,전북특별자치도 전주시 완산구 효자동3가 1529-12,전북특별자치도 전주시 완산구 홍산북로 53,063-231-8844,127.1078204,35.81762527,효자5동,exact_official_building_road,기존 주택 CSV의 건물 좌표; 음식점 자체 측량 좌표 아님
설가,완산구 효자동3가,전북특별자치도 전주시 완산구 효자동3가 1527-4,전북특별자치도 전주시 완산구 홍산3길 13,063-228-3332,127.107524,35.8183144,효자5동,exact_official_building_road,기존 주택 CSV의 건물 좌표; 음식점 자체 측량 좌표 아님
투리스타,완산구 효자5동,전북특별자치도 전주시 완산구 효자동3가 1633-7 1층,전북특별자치도 전주시 완산구 마전중앙로 21 1층,063-902-2258,127.1040921,35.8234944,효자5동,exact_official_building_road,기존 주택 CSV의 건물 좌표; 음식점 자체 측량 좌표 아님
진수곱창,완산구 효자5동,전북특별자치도 전주시 완산구 효자동3가 1535-1,전북특별자치도 전주시 완산구 홍산중앙로 41,063-222-5155,127.1087633,35.8173192,효자5동,exact_official_building_road,기존 주택 CSV의 건물 좌표; 음식점 자체 측량 좌표 아님
긱스피자중화산점,완산구 중화산동2가,전북특별자치도 전주시 완산구 중화산동2가 757-5 1층,전북특별자치도 전주시 완산구 화산천변2길 11-1 1층,050-7987-6135,127.1173378,35.81957916,중화산2동,exact_official_building_road,기존 주택 CSV의 건물 좌표; 음식점 자체 측량 좌표 아님
늘버들식당,완산구 중화산동2가,전북특별자치도 전주시 완산구 중화산동2가 119-10,전북특별자치도 전주시 완산구 서원로 279-22,063-224-9248,127.125175,35.8124605,중화산1동,exact_official_building_road,기존 주택 CSV의 건물 좌표; 음식점 자체 측량 좌표 아님
와플대학_전주효천캠퍼스점,완산구 효자5동,전북특별자치도 전주시 완산구 효자동2가 1377-4,전북특별자치도 전주시 완산구 효천중앙로 49,063-222-4948,127.1072243,35.7989551,효자4동,exact_official_building_road,기존 주택 CSV의 건물 좌표; 음식점 자체 측량 좌표 아님
콩뿔아구촌,덕진구 우아1동,전북특별자치도 전주시 덕진구 우아동3가 747-79 1층,전북특별자치도 전주시 덕진구 우아1길 15 1층,063-212-1684,127.1554807,35.84811789,우아1동,exact_official_building_road,기존 주택 CSV의 건물 좌표; 음식점 자체 측량 좌표 아님
도담국밥앤수육,덕진구 송천2동,전북특별자치도 전주시 덕진구 송천동2가 1327-8,"전북특별자치도 전주시 덕진구 세병2길 31-7, 1층 104호",063-274-9800,127.127337,35.8733392,송천1동,exact_official_building_road,기존 주택 CSV의 건물 좌표; 음식점 자체 측량 좌표 아님
오복식당,덕진구 우아2동,전북특별자치도 전주시 덕진구 산정동 868-7,전북특별자치도 전주시 덕진구 산정3길 14,063-246-0055,127.1702329,35.8379275,우아2동,exact_official_building_road,기존 주택 CSV의 건물 좌표; 음식점 자체 측량 좌표 아님
화월짜글이,완산구 중화산동,전북특별자치도 전주시 완산구 중화산동2가 776-3,전북특별자치도 전주시 완산구 신촌4길 10-6,063-223-1208,127.1171594,35.8183474,중화산2동,exact_official_building_road,기존 주택 CSV의 건물 좌표; 음식점 자체 측량 좌표 아님
등촌샤브칼국수_에코시티점,덕진구 송천2동,전북특별자치도 전주시 덕진구 전미동1가 593-16 1층,전북특별자치도 전주시 덕진구 백석로 202 1층,063-251-2356,127.1286119,35.88164421,송천2동,exact_official_building_road,기존 주택 CSV의 건물 좌표; 음식점 자체 측량 좌표 아님
역전할머니맥주_전주효자2호점,완산구 효자5동,전북특별자치도 전주시 완산구 효자동2가 1332-1 1층 105호,전북특별자치도 전주시 완산구 홍산로 160-3 1층 105호,063-236-7624,127.105093,35.808165,효자4동,exact_official_building_road,기존 주택 CSV의 건물 좌표; 음식점 자체 측량 좌표 아님
탕화쿵푸마라탕_송천점,덕진구 송천동,전북특별자치도 전주시 덕진구 송천동2가 1330-3,전북특별자치도 전주시 덕진구 세병1길 14,063-277-4468,127.1254095,35.8727161,송천1동,exact_official_building_road,기존 주택 CSV의 건물 좌표; 음식점 자체 측량 좌표 아님
아중고기마트_중화산점,완산구 중화산동,전북특별자치도 전주시 완산구 중화산동2가 649,전북특별자치도 전주시 완산구 한두평4길 6,063-244-9474,127.1235804,35.8155342,중화산1동,exact_official_building_road,기존 주택 CSV의 건물 좌표; 음식점 자체 측량 좌표 아님
변산명품바지락죽전문점,완산구 중화산동2가,전북특별자치도 전주시 완산구 중화산동2가 760-5,전북특별자치도 전주시 완산구 화산천변로 5,063-242-2554,127.115943,35.81962301,중화산2동,exact_official_building_road,기존 주택 CSV의 건물 좌표; 음식점 자체 측량 좌표 아님
생선구어가,완산구 효자5동,전북특별자치도 전주시 완산구 효자동2가 1305-8 1층,전북특별자치도 전주시 완산구 후곡길 31-33 1층,063-251-8892,127.0942257,35.81127768,효자4동,exact_official_building_road,기존 주택 CSV의 건물 좌표; 음식점 자체 측량 좌표 아님
하동각,완산구 효자동,전북특별자치도 전주시 완산구 효자동1가 364-22,전북특별자치도 전주시 완산구 거마평로 189-52,050-4454-2314,127.1124066,35.80922289,효자3동,exact_official_building_road,기존 주택 CSV의 건물 좌표; 음식점 자체 측량 좌표 아님
한일옥_본점,완산구 중화산동,전북특별자치도 전주시 완산구 중화산동2가 615-9,전북특별자치도 전주시 완산구 중산중앙로 29,063-222-3118,127.1214582,35.8166802,중화산2동,exact_official_building_road,기존 주택 CSV의 건물 좌표; 음식점 자체 측량 좌표 아님
부송국수_전주송천점,덕진구 송천2동,전북특별자치도 전주시 덕진구 송천동2가 531-12,전북특별자치도 전주시 덕진구 시천로 51,063-255-9888,127.1142324,35.86407195,송천2동,exact_official_building_road,기존 주택 CSV의 건물 좌표; 음식점 자체 측량 좌표 아님
남다른감자탕_전주혁신점,덕진구 혁신동,전북특별자치도 전주시 덕진구 혁신동 777-2,전북특별자치도 전주시 덕진구 오공로 43-50,063-225-2110,127.0605558,35.83748203,혁신동,exact_official_building_road,기존 주택 CSV의 건물 좌표; 음식점 자체 측량 좌표 아님
카페수다수다,완산구 효자동1가,전북특별자치도 전주시 완산구 효자동1가 617-1,전북특별자치도 전주시 완산구 중화산로 11,0507-1361-9490,127.1181482,35.81132908,효자2동,exact_official_building_road,기존 주택 CSV의 건물 좌표; 음식점 자체 측량 좌표 아님
수수전집,덕진구 송천동2가,전북특별자치도 전주시 덕진구 송천동2가 185-1,전북특별자치도 전주시 덕진구 사근1길 57,063-277-9911,127.1336267,35.8665673,송천1동,exact_official_building_road,기존 주택 CSV의 건물 좌표; 음식점 자체 측량 좌표 아님
원평시골피순대_전북대점,덕진구 덕진동,전북특별자치도 전주시 덕진구 덕진동1가 1402-20,전북특별자치도 전주시 덕진구 사평로 67,063-271-3319,127.122965,35.8430973,덕진동,exact_official_building_road,기존 주택 CSV의 건물 좌표; 음식점 자체 측량 좌표 아님
커피홀베이커리_전주에코시티점,덕진구 송천동,전북특별자치도 전주시 덕진구 송천동2가 1330-4,전북특별자치도 전주시 덕진구 세병2길 16,063-287-1001,127.1255775,35.8728418,송천1동,exact_official_building_road,기존 주택 CSV의 건물 좌표; 음식점 자체 측량 좌표 아님
역전할머니맥주_전주신시가지점,완산구 효자동3가,"전북특별자치도 전주시 완산구 효자동3가 1538-6 104,105호",전북특별자치도 전주시 완산구 홍산남로 83-19,063-228-7624,127.1106435,35.8164167,효자5동,exact_official_building_road,기존 주택 CSV의 건물 좌표; 음식점 자체 측량 좌표 아님
산마을오리정본점,완산구 효자동,전북특별자치도 전주시 완산구 효자동3가 1646-10,전북특별자치도 전주시 완산구 마전1길 6,063-251-5291,127.1036039,35.82159577,효자5동,exact_official_building_road,기존 주택 CSV의 건물 좌표; 음식점 자체 측량 좌표 아님
숲,완산구 효자3동,전북특별자치도 전주시 완산구 효자동1가 201-63 1층,전북특별자치도 전주시 완산구 효동2길 14-8 1층,0507-1405-6713,127.1266685,35.80525323,효자1동,exact_official_building_road,기존 주택 CSV의 건물 좌표; 음식점 자체 측량 좌표 아님
디드커피,완산구 고사동,전북특별자치도 전주시 완산구 고사동 300-6,전북특별자치도 전주시 완산구 전주객사3길 96,010-8120-0600,127.141277,35.82140168,중앙동,exact_official_building_road,기존 주택 CSV의 건물 좌표; 음식점 자체 측량 좌표 아님
한가람,덕진구 덕진동,전북특별자치도 전주시 덕진구 덕진동2가 2-2,전북특별자치도 전주시 덕진구 송천중앙로 51,063-251-3535,127.1193633,35.85165356,덕진동,exact_official_building_road,기존 주택 CSV의 건물 좌표; 음식점 자체 측량 좌표 아님
1980중화포차,덕진구 송천2동,전북특별자치도 전주시 덕진구 송천동1가 800-4,전북특별자치도 전주시 덕진구 시천로 76,063-252-1077,127.1147334,35.8661013,송천2동,exact_official_building_road,기존 주택 CSV의 건물 좌표; 음식점 자체 측량 좌표 아님
서릿골,완산구 효자동1가,전북특별자치도 전주시 완산구 효자동1가 270-25,전북특별자치도 전주시 완산구 용머리로 102,010-5319-8325,127.1213393,35.80590848,효자2동,exact_official_building_road,기존 주택 CSV의 건물 좌표; 음식점 자체 측량 좌표 아님
들어와횟집,완산구 서신동,전북특별자치도 전주시 완산구 서신동  1016-9,전북특별자치도 전주시 완산구 고사평5길 14-6,0507-1341-5535,127.108851,35.83732652,서신동,exact_official_building_road,기존 주택 CSV의 건물 좌표; 음식점 자체 측량 좌표 아님
북해도,덕진구 송천동2가,전북특별자치도 전주시 덕진구 송천동2가 523-14 2층,전북특별자치도 전주시 덕진구 붓내3길 7 2층,063-255-5505,127.122228,35.8668857,송천1동,exact_official_building_road,기존 주택 CSV의 건물 좌표; 음식점 자체 측량 좌표 아님
한솥도시락_전주효자점,완산구 효자5동,전북특별자치도 전주시 완산구 효자동3가 1689-7 1층,전북특별자치도 전주시 완산구 마전들로 56 1층,063-285-8858,127.1016534,35.82086019,효자5동,exact_official_building_road,기존 주택 CSV의 건물 좌표; 음식점 자체 측량 좌표 아님
전주가맥,완산구 풍남동,전북특별자치도 전주시 완산구 경원동3가 15-9,전북특별자치도 전주시 완산구 현무1길 10-15,0507-1306-1755,127.1483199,35.81994651,풍남동,exact_official_building_road,기존 주택 CSV의 건물 좌표; 음식점 자체 측량 좌표 아님
만호정,완산구 중화산동,전북특별자치도 전주시 완산구 중화산동2가 653-1,전북특별자치도 전주시 완산구 영경2길 13,063-223-9211,127.1238221,35.8176166,중화산2동,exact_official_building_road,기존 주택 CSV의 건물 좌표; 음식점 자체 측량 좌표 아님
곱창댁,덕진구 덕진동,전북특별자치도 전주시 덕진구 덕진동2가 671-14,전북특별자치도 전주시 덕진구 가리내8길 10-12,063-255-6467,127.1107736,35.8443478,덕진동,exact_official_building_road,기존 주택 CSV의 건물 좌표; 음식점 자체 측량 좌표 아님
비하인드,완산구 효자동,전북특별자치도 전주시 완산구 효자동2가 1155-9,전북특별자치도 전주시 완산구 홍산중앙로 17,0507-1364-5117,127.1087708,35.8151546,효자5동,exact_official_building_road,기존 주택 CSV의 건물 좌표; 음식점 자체 측량 좌표 아님
바르다김선생_전주서신점,완산구 서신동,전북특별자치도 전주시 완산구 서신동 856-2,전북특별자치도 전주시 완산구 서신로 6,063-274-7139,127.1159857,35.8258744,서신동,exact_official_building_road,기존 주택 CSV의 건물 좌표; 음식점 자체 측량 좌표 아님
백번탕회,완산구 효자동1가,전북특별자치도 전주시 완산구 효자동1가 596-8,전북특별자치도 전주시 완산구 신봉2길 11,063-254-4100,127.119401,35.8108921,효자2동,exact_official_building_road,기존 주택 CSV의 건물 좌표; 음식점 자체 측량 좌표 아님
프롬나드,덕진구 장동,전북특별자치도 전주시 덕진구 장동 1074,전북특별자치도 전주시 덕진구 틀못1길 17,없음,127.0563326,35.8409162,여의동,exact_official_building_road,기존 주택 CSV의 건물 좌표; 음식점 자체 측량 좌표 아님
노고단에취한달,완산구 중화산동,전북특별자치도 전주시 완산구 중화산동2가 627-2,전북특별자치도 전주시 완산구 중산5길 16-6,063-901-5353,127.1218526,35.8156863,중화산2동,exact_official_building_road,기존 주택 CSV의 건물 좌표; 음식점 자체 측량 좌표 아님
덜렁이감자탕,덕진구 우아동1가,전북특별자치도 전주시 덕진구 우아동1가 1089-1,전북특별자치도 전주시 덕진구 아중로 208,063-243-3392,127.1720448,35.827852,우아2동,exact_official_building_road,기존 주택 CSV의 건물 좌표; 음식점 자체 측량 좌표 아님
파머스맥주,완산구 다가동3가,전북특별자치도 전주시 완산구 다가동3가 64-44,전북특별자치도 전주시 완산구 전주객사1길 15,070-8803-3915,127.1400271,35.81723771,중앙동,exact_official_building_road,기존 주택 CSV의 건물 좌표; 음식점 자체 측량 좌표 아님
와플대학_효자문학캠퍼스,완산구 효자동,전북특별자치도 전주시 완산구 효자동3가 1619-2,전북특별자치도 전주시 완산구 문학대4길 28-4,063-909-8586,127.1047024,35.8266183,효자5동,exact_official_building_road,기존 주택 CSV의 건물 좌표; 음식점 자체 측량 좌표 아님
자담치킨_전주신시가지점,완산구 효자5동,전북특별자치도 전주시 완산구 효자동2가 1252-5 1층,전북특별자치도 전주시 완산구 우전로 201 1층,063-236-1003,127.1016905,35.8125693,효자4동,exact_official_building_road,기존 주택 CSV의 건물 좌표; 음식점 자체 측량 좌표 아님
김밥나라_효자점,완산구 효자동1가,전북특별자치도 전주시 완산구 효자동1가 651,전북특별자치도 전주시 완산구 효자천변2길 13,063-229-5587,127.1141437,35.8048843,효자3동,exact_official_building_road,기존 주택 CSV의 건물 좌표; 음식점 자체 측량 좌표 아님
이삭토스트_전주중화산점,완산구 서신동,전북특별자치도 전주시 완산구 서신동 857,전북특별자치도 전주시 완산구 유연로 281,063-273-2134,127.1163379,35.8255472,서신동,exact_official_building_road,기존 주택 CSV의 건물 좌표; 음식점 자체 측량 좌표 아님
치마집_하가점,덕진구 덕진동,전북특별자치도 전주시 덕진구 덕진동2가 670-7 101호,전북특별자치도 전주시 덕진구 가리내8길 10-3 101호,0507-1319-7392,127.110495,35.8437396,덕진동,exact_official_building_road,기존 주택 CSV의 건물 좌표; 음식점 자체 측량 좌표 아님
마마순두부,완산구 경원동1가,전북특별자치도 전주시 완산구 경원동1가 104-21 2층,전북특별자치도 전주시 완산구 전라감영5길 12 2층,0507-1320-5573,127.146504,35.816816,중앙동,exact_official_building_road,기존 주택 CSV의 건물 좌표; 음식점 자체 측량 좌표 아님
스타벅스_전주효자DT점,완산구 효자동1가,전북특별자치도 전주시 완산구 효자동1가 410-6,전북특별자치도 전주시 완산구 용머리로 7,1522-3232,127.1111302,35.80559921,효자3동,exact_official_building_road,기존 주택 CSV의 건물 좌표; 음식점 자체 측량 좌표 아님
신날개,완산구 중화산동2가,전북특별자치도 전주시 완산구 중화산동2가 770-5,전북특별자치도 전주시 완산구 중화산로 93,063-229-8295,127.1179343,35.81867321,중화산2동,exact_official_building_road,기존 주택 CSV의 건물 좌표; 음식점 자체 측량 좌표 아님
치킨마루_천마점,덕진구 송천2동,전북특별자치도 전주시 덕진구 송천동2가 185-1,"전북특별자치도 전주시 덕진구 사근1길 57, 1층 106호",063-251-6633,127.1336267,35.8665673,송천1동,exact_official_building_road,기존 주택 CSV의 건물 좌표; 음식점 자체 측량 좌표 아님
이장네포차,완산구 중화산동2가,전북특별자치도 전주시 완산구 중화산동2가 656-7,전북특별자치도 전주시 완산구 어은로 15,"0507-1470-1355, 063-228-1355",127.1246179,35.81669404,중화산2동,exact_official_building_road,기존 주택 CSV의 건물 좌표; 음식점 자체 측량 좌표 아님
도도랑족발보쌈_서신낭주골점,완산구 서신동,전북특별자치도 전주시 완산구 서신동 818-8,전북특별자치도 전주시 완산구 서신천변로 55,063-254-3030,127.1140542,35.83027163,서신동,exact_official_building_road,기존 주택 CSV의 건물 좌표; 음식점 자체 측량 좌표 아님
솔잎갈비꽃삼겹살,완산구 효자동3가,전북특별자치도 전주시 완산구 효자동3가 1539-6,전북특별자치도 전주시 완산구 홍산남로 81,063-229-7534,127.1108842,35.8160118,효자5동,exact_official_building_road,기존 주택 CSV의 건물 좌표; 음식점 자체 측량 좌표 아님
소통한우,덕진구 송천동2가,전북특별자치도 전주시 덕진구 송천동2가 1330-11,전북특별자치도 전주시 덕진구 세병2길 32-14,0507-1367-8587,127.1214896,35.87068665,송천2동,exact_official_building_road,기존 주택 CSV의 건물 좌표; 음식점 자체 측량 좌표 아님
춘향회관,완산구 중화산동2가,전북특별자치도 전주시 완산구 중화산동2가 633-1,전북특별자치도 전주시 완산구 중산2길 15-5,063-222-3434,127.1218627,35.8149647,중화산2동,exact_official_building_road,기존 주택 CSV의 건물 좌표; 음식점 자체 측량 좌표 아님
조커닭_송천점,덕진구 송천동1가,전북특별자치도 전주시 덕진구 송천동1가 824-5,전북특별자치도 전주시 덕진구 두간로 22,063-277-9555,127.1168088,35.8651697,송천2동,exact_official_building_road,기존 주택 CSV의 건물 좌표; 음식점 자체 측량 좌표 아님
라디앙뜨,완산구 다가동,전북특별자치도 전주시 완산구 다가동3가 110-1,"전북특별자치도 전주시 완산구 전라감영2길 37, 1층",063-285-0520,127.1411009,35.81617281,중앙동,exact_official_building_road,기존 주택 CSV의 건물 좌표; 음식점 자체 측량 좌표 아님
선이네뷔페반찬,완산구 서신동,전북특별자치도 전주시 완산구 서신동 949-10,전북특별자치도 전주시 완산구 고사평2길 5,063-274-4866,127.1100223,35.83453212,서신동,exact_official_building_road,기존 주택 CSV의 건물 좌표; 음식점 자체 측량 좌표 아님
명륜진사갈비_전주송천점,덕진구 송천동,전북특별자치도 전주시 덕진구 송천동1가 801-7,전북특별자치도 전주시 덕진구 두간8길 3,063-251-9651,127.1152766,35.8657868,송천2동,exact_official_building_road,기존 주택 CSV의 건물 좌표; 음식점 자체 측량 좌표 아님
죽이야기_전주_효자휴먼시아점,완산구 효자동,전북특별자치도 전주시 완산구 효자동2가 1319-4,전북특별자치도 전주시 완산구 호암로 84,063-222-6033,127.1036346,35.8081094,효자4동,exact_official_building_road,기존 주택 CSV의 건물 좌표; 음식점 자체 측량 좌표 아님
BBQ치킨_전주에코시티점,덕진구 송천2동,전북특별자치도 전주시 덕진구 송천동2가 1327-12,"전북특별자치도 전주시 덕진구 세병2길 27, 1층 101호",063-273-9285,127.126785,35.8728424,송천1동,exact_official_building_road,기존 주택 CSV의 건물 좌표; 음식점 자체 측량 좌표 아님
왓더블랙카페,완산구 효자동2가,전북특별자치도 전주시 완산구 효자동2가 1305-3,전북특별자치도 전주시 완산구 봉곡로 8-1,0507-1343-5427,127.0947187,35.8116822,효자4동,exact_official_building_road,기존 주택 CSV의 건물 좌표; 음식점 자체 측량 좌표 아님
할매집곰탕,완산구 중화산동2가,전북특별자치도 전주시 완산구 중화산동2가 186-3,전북특별자치도 전주시 완산구 어은로 18-7,063-236-0022,127.1251899,35.8163111,중화산1동,exact_official_building_parcel,기존 주택 CSV의 건물 좌표; 음식점 자체 측량 좌표 아님
카페_빈타이_고사점,완산구 고사동,전북특별자치도 전주시 완산구 고사동 395-9,전북특별자치도 전주시 완산구 전주객사3길 38,063-285-4376,127.1423973,35.8191023,중앙동,exact_official_building_road,기존 주택 CSV의 건물 좌표; 음식점 자체 측량 좌표 아님
현대옥_서신점,완산구 서신동,전북특별자치도 전주시 완산구 서신동 816-4,전북특별자치도 전주시 완산구 서신천변10길 7,063-272-0030,127.1149002,35.8299826,서신동,exact_official_building_road,기존 주택 CSV의 건물 좌표; 음식점 자체 측량 좌표 아님
인셔틀,완산구 효자5동,전북특별자치도 전주시 완산구 효자동2가 1235-2,전북특별자치도 전주시 완산구 바우배기2길 17-5,010-5813-9776,127.1035795,35.8173529,효자5동,exact_official_building_road,기존 주택 CSV의 건물 좌표; 음식점 자체 측량 좌표 아님
풍년카페,완산구 풍남동,전북특별자치도 전주시 완산구 교동 60-1,전북특별자치도 전주시 완산구 오목대길 60,063-225-3100,127.1530031,35.8130398,풍남동,exact_official_building_road,기존 주택 CSV의 건물 좌표; 음식점 자체 측량 좌표 아님
김밥천국_중화산점,완산구 중화산동2가,전북특별자치도 전주시 완산구 중화산동2가 770-8,전북특별자치도 전주시 완산구 중화산로 87,063-229-4900,127.1179834,35.8181518,중화산2동,exact_official_building_road,기존 주택 CSV의 건물 좌표; 음식점 자체 측량 좌표 아님
카페볼라레,완산구 서신동,전북특별자치도 전주시 완산구 서신동 939-2,전북특별자치도 전주시 완산구 새터로 42,0507-1326-6596,127.111013,35.8354943,서신동,exact_official_building_road,기존 주택 CSV의 건물 좌표; 음식점 자체 측량 좌표 아님
교동국수,완산구 서신동,전북특별자치도 전주시 완산구 서신동 1015-7,전북특별자치도 전주시 완산구 고사평5길 16,063-277-8762,127.1084661,35.83709834,서신동,exact_official_building_road,기존 주택 CSV의 건물 좌표; 음식점 자체 측량 좌표 아님
송송치맥,완산구 효자동3가,전북특별자치도 전주시 완산구 효자동3가 1686-5,전북특별자치도 전주시 완산구 마전들로 42,063-229-8592,127.1001553,35.8208753,효자5동,exact_official_building_road,기존 주택 CSV의 건물 좌표; 음식점 자체 측량 좌표 아님
버무리떡볶이_전주송천점,덕진구 송천동,전북특별자치도 전주시 덕진구 송천동1가 98-2,전북특별자치도 전주시 덕진구 오송1길 31,063-231-1122,127.1306214,35.8630436,송천1동,exact_official_building_road,기존 주택 CSV의 건물 좌표; 음식점 자체 측량 좌표 아님
달콤커피_전북도청점,완산구 효자5동,전북특별자치도 전주시 완산구 효자동2가 1155-8,전북특별자치도 전주시 완산구 홍산중앙로 19,063-226-1399,127.1087397,35.8153386,효자5동,exact_official_building_road,기존 주택 CSV의 건물 좌표; 음식점 자체 측량 좌표 아님
빽다방_전주하가점,덕진구 덕진동,전북특별자치도 전주시 덕진구 덕진동2가 693-3,전북특별자치도 전주시 덕진구 가련산로 7,063-274-8100,127.1098623,35.84093923,덕진동,exact_official_building_road,기존 주택 CSV의 건물 좌표; 음식점 자체 측량 좌표 아님
신작로옆양옥집,덕진구 덕진동,전북특별자치도 전주시 덕진구 덕진동1가 1314-175 2층,전북특별자치도 전주시 덕진구 명륜3길 17-2 2층,063-902-0012,127.1277594,35.8431039,덕진동,exact_official_building_road,기존 주택 CSV의 건물 좌표; 음식점 자체 측량 좌표 아님
맛찬들왕소금구이_송천점,덕진구 송천1동,전북특별자치도 전주시 덕진구 송천동2가 484-11 1층,전북특별자치도 전주시 덕진구 붓내3길 9-2 1층,063-278-6692,127.1226064,35.8669236,송천1동,exact_official_building_road,기존 주택 CSV의 건물 좌표; 음식점 자체 측량 좌표 아님
엑시트피자_전북대점,덕진구 금암동,전북특별자치도 전주시 덕진구 금암동 470-25 1층,전북특별자치도 전주시 덕진구 기린대로 380 1층,0507-1384-2030,127.1338655,35.8367077,금암1동,exact_official_building_road,기존 주택 CSV의 건물 좌표; 음식점 자체 측량 좌표 아님
카페오트,완산구 중앙동1가,전북특별자치도 전주시 완산구 중앙동1가 36-12,전북특별자치도 전주시 완산구 충경로 20,063-232-5399,127.1415919,35.81681624,중앙동,exact_official_building_road,기존 주택 CSV의 건물 좌표; 음식점 자체 측량 좌표 아님
곱창고_전주송천점,덕진구 송천동,전북특별자치도 전주시 덕진구 송천동2가 523-24,전북특별자치도 전주시 덕진구 붓내3길 13,063-278-2292,127.1229839,35.8669236,송천1동,exact_official_building_road,기존 주택 CSV의 건물 좌표; 음식점 자체 측량 좌표 아님
토궁,완산구 효자동,전북특별자치도 전주시 완산구 효자동3가 584-23,전북특별자치도 전주시 완산구 천잠로 385,063-226-1101,127.0945933,35.82179874,효자5동,exact_official_building_road,기존 주택 CSV의 건물 좌표; 음식점 자체 측량 좌표 아님
전주서서갈비,완산구 중화산동2가,전북특별자치도 전주시 완산구 중화산동2가 783-6,전북특별자치도 전주시 완산구 신촌3길 18-3,063-223-3248,127.1160896,35.8173708,중화산2동,exact_official_building_road,기존 주택 CSV의 건물 좌표; 음식점 자체 측량 좌표 아님
얌스_송천점,덕진구 송천동,전북특별자치도 전주시 덕진구 송천동2가 199,전북특별자치도 전주시 덕진구 북내3길 28,063-276-3337,127.1246595,35.8665358,송천1동,exact_official_building_parcel,기존 주택 CSV의 건물 좌표; 음식점 자체 측량 좌표 아님
샘물맥주_전북대점,덕진구 덕진동,전북특별자치도 전주시 덕진구 덕진동1가 1314-177,전북특별자치도 전주시 덕진구 명륜3길 19,063-254-1999,127.127937,35.8429571,덕진동,exact_official_building_road,기존 주택 CSV의 건물 좌표; 음식점 자체 측량 좌표 아님
비에뜨반미_전북도청점,완산구 효자동2가,전북특별자치도 전주시 완산구 효자동2가 1154-1,전북특별자치도 전주시 완산구 홍산로 246,"0507-1367-9877, 063-229-9877",127.1064474,35.8155568,효자5동,exact_official_building_road,기존 주택 CSV의 건물 좌표; 음식점 자체 측량 좌표 아님
에이치,덕진구 송천1동,전북특별자치도 전주시 덕진구 송천동1가 826-10,"전북특별자치도 전주시 덕진구 두간7길 16-6, 1층",010-4485-6412,127.1165229,35.86421497,송천2동,exact_official_building_road,기존 주택 CSV의 건물 좌표; 음식점 자체 측량 좌표 아님
은우정육식당,완산구 효자5동,전북특별자치도 전주시 완산구 효자동2가 1155-10 돌핀빌딩 1층 104호,전북특별자치도 전주시 완산구 홍산중앙로 13 돌핀빌딩 1층 104호,063-228-8200,127.1087421,35.8148744,효자5동,exact_official_building_road,기존 주택 CSV의 건물 좌표; 음식점 자체 측량 좌표 아님
다선왕갈비,완산구 효자4동,전북특별자치도 전주시 완산구 효자동2가 1330-8,전북특별자치도 전주시 완산구 우전1길 57,"0507-1432-9593, 063-221-9592",127.1057714,35.80888538,효자4동,exact_official_building_road,기존 주택 CSV의 건물 좌표; 음식점 자체 측량 좌표 아님
홍익궁중전통육개장_전주송천점,덕진구 송천동1가,전북특별자치도 전주시 덕진구 송천동1가 107-15,전북특별자치도 전주시 덕진구 솔내로 152,063-277-0099,127.1272098,35.863705,송천1동,exact_official_building_road,기존 주택 CSV의 건물 좌표; 음식점 자체 측량 좌표 아님
골목안커피집,덕진구 송천동,전북특별자치도 전주시 덕진구 송천동2가 213-1,전북특별자치도 전주시 덕진구 붓내3길 50-7,070-8750-7029,127.1267551,35.86613733,송천1동,exact_official_building_road,기존 주택 CSV의 건물 좌표; 음식점 자체 측량 좌표 아님
총각네게장,덕진구 만성동,전북특별자치도 전주시 덕진구 만성동 1355-23,전북특별자치도 전주시 덕진구 만성북3길 11,063-272-4507,127.0758673,35.84866859,여의동,exact_official_building_road,기존 주택 CSV의 건물 좌표; 음식점 자체 측량 좌표 아님
삼삼가맥,완산구 효자동,전북특별자치도 전주시 완산구 효자동3가 1699-5,전북특별자치도 전주시 완산구 효자로 173,0507-1323-3947,127.1042327,35.8193687,효자5동,exact_official_building_road,기존 주택 CSV의 건물 좌표; 음식점 자체 측량 좌표 아님
우돈양,완산구 효자동,전북특별자치도 전주시 완산구 효자동3가 1536-3 3층,전북특별자치도 전주시 완산구 홍산중앙로 38 3층,0507-1440-5656,127.1092879,35.816916,효자5동,exact_official_building_road,기존 주택 CSV의 건물 좌표; 음식점 자체 측량 좌표 아님
롱쓰부대찌개_송천에코점,덕진구 송천동2가,전북특별자치도 전주시 덕진구 송천동2가 1327-8,전북특별자치도 전주시 덕진구 세병2길 31-7,063-278-5488,127.127337,35.8733392,송천1동,exact_official_building_road,기존 주택 CSV의 건물 좌표; 음식점 자체 측량 좌표 아님
가마치통닭_송천에코시티점,덕진구 송천2동,전북특별자치도 전주시 덕진구 송천동2가 1308 에코시티자이,"전북특별자치도 전주시 덕진구 세병로 111, 116동 1층 106호",063-278-0997,127.1352343,35.87454465,송천1동,exact_official_building_road,기존 주택 CSV의 건물 좌표; 음식점 자체 측량 좌표 아님
꼬치의품격_전주신시가지점,완산구 효자동3가,전북특별자치도 전주시 완산구 효자동3가 1534-6,전북특별자치도 전주시 완산구 홍산남로 59,063-226-9282,127.1083251,35.8160202,효자5동,exact_official_building_road,기존 주택 CSV의 건물 좌표; 음식점 자체 측량 좌표 아님
배스킨라빈스_전주에코세병점,덕진구 송천동,전북특별자치도 전주시 덕진구 송천동2가 1301-2,전북특별자치도 전주시 덕진구 세병로 174-10,063-277-4218,127.133993,35.8790381,송천1동,exact_official_building_road,기존 주택 CSV의 건물 좌표; 음식점 자체 측량 좌표 아님
국수나무_효자휴먼시아점,완산구 효자5동,전북특별자치도 전주시 완산구 효자동2가 1256-1,전북특별자치도 전주시 완산구 우전로 210,063-228-0909,127.1020735,35.8131329,효자4동,exact_official_building_road,기존 주택 CSV의 건물 좌표; 음식점 자체 측량 좌표 아님
남노갈비_본점,완산구 풍남동,전북특별자치도 전주시 완산구 풍남동2가 29-5,전북특별자치도 전주시 완산구 한지길 24,063-288-3525,127.1531642,35.8191695,풍남동,exact_official_building_road,기존 주택 CSV의 건물 좌표; 음식점 자체 측량 좌표 아님
본죽_전주서신풍년점,덕진구 송천2동,전북특별자치도 전주시 완산구 서신동 763-1 신일아파트 115동 1층 117호,전북특별자치도 전주시 완산구 당산로 27 신일아파트 115동 1층 117호,063-272-6233,127.111435,35.8323483,서신동,exact_official_building_road,기존 주택 CSV의 건물 좌표; 음식점 자체 측량 좌표 아님
미스터면장국수맛있는집_효자점,완산구 효자4동,전북특별자치도 전주시 완산구 효자동2가 750-1,전북특별자치도 전주시 완산구 쑥고개로 301-6,063-227-1112,127.0981059,35.802086,효자4동,exact_official_building_parcel,기존 주택 CSV의 건물 좌표; 음식점 자체 측량 좌표 아님
카페브라운,완산구 효자동2가,전북특별자치도 전주시 완산구 효자동2가 1313-5,전북특별자치도 전주시 완산구 호암로 23,063-221-1018,127.0972612,35.809304,효자4동,exact_official_building_road,기존 주택 CSV의 건물 좌표; 음식점 자체 측량 좌표 아님
공간,완산구 효자5동,전북특별자치도 전주시 완산구 효자동3가 1686-3 102호,전북특별자치도 전주시 완산구 마전들로 38 102호,010-7763-6911,127.0998007,35.8208661,효자5동,exact_official_building_road,기존 주택 CSV의 건물 좌표; 음식점 자체 측량 좌표 아님
컵스,덕진구 송천동,전북특별자치도 전주시 덕진구 송천동1가 107-145,전북특별자치도 전주시 덕진구 오송1길 19,063-262-7778,127.1288933,35.8630787,송천1동,exact_official_building_road,기존 주택 CSV의 건물 좌표; 음식점 자체 측량 좌표 아님
무드,완산구 다가동1가,전북특별자치도 전주시 완산구 다가동1가 8,전북특별자치도 전주시 완산구 전라감영2길 6,0507-1302-1269,127.1423825,35.81532569,중앙동,exact_official_building_road,기존 주택 CSV의 건물 좌표; 음식점 자체 측량 좌표 아님
리가든,완산구 다가동4가,전북특별자치도 전주시 완산구 다가동4가 56-5,전북특별자치도 전주시 완산구 전주객사2길 80,0507-1429-2052,127.1398913,35.8201745,중앙동,exact_official_building_parcel,기존 주택 CSV의 건물 좌표; 음식점 자체 측량 좌표 아님
아시안플레이트_송천점,덕진구 송천동,전북특별자치도 전주시 덕진구 송천동2가 529,전북특별자치도 전주시 덕진구 송천중앙로 198,063-278-7872,127.1220985,35.86466137,송천1동,exact_official_building_road,기존 주택 CSV의 건물 좌표; 음식점 자체 측량 좌표 아님
솔가숯불갈비,덕진구 우아동2가,전북특별자치도 전주시 덕진구 우아동2가 933-13,전북특별자치도 전주시 덕진구 아중로 219,0507-1431-1124,127.1730505,35.82878954,우아2동,exact_official_building_road,기존 주택 CSV의 건물 좌표; 음식점 자체 측량 좌표 아님
본죽_전주효자점,완산구 효자동,전북특별자치도 전주시 완산구 효자동1가 284-4,전북특별자치도 전주시 완산구 거마평로 152,063-229-9397,127.1169428,35.8060842,효자2동,exact_official_building_road,기존 주택 CSV의 건물 좌표; 음식점 자체 측량 좌표 아님
테츠오,완산구 효자동,전북특별자치도 전주시 완산구 효자동3가 1540-2,전북특별자치도 전주시 완산구 세내로 299,010-1234-5675,127.111304,35.8167874,효자5동,exact_official_building_road,기존 주택 CSV의 건물 좌표; 음식점 자체 측량 좌표 아님
카페머해,완산구 풍남동,전북특별자치도 전주시 완산구 풍남동2가 3-4,전북특별자치도 전주시 완산구 한지길 16,0507-1382-0715,127.1529824,35.81961887,풍남동,exact_official_building_road,기존 주택 CSV의 건물 좌표; 음식점 자체 측량 좌표 아님
아마레,덕진구 송천동2가,전북특별자치도 전주시 덕진구 송천동2가 179-121 2층,전북특별자치도 전주시 덕진구 사근1길 37 2층,0507-1326-7091,127.1314557,35.8666639,송천1동,exact_official_building_road,기존 주택 CSV의 건물 좌표; 음식점 자체 측량 좌표 아님
더반,완산구 효자동,전북특별자치도 전주시 완산구 효자동2가 1066-21,전북특별자치도 전주시 완산구 천잠로 259-13,063-236-4664,127.0930623,35.8099828,효자4동,exact_official_building_road,기존 주택 CSV의 건물 좌표; 음식점 자체 측량 좌표 아님
아스라이,완산구 효자동,전북특별자치도 전주시 완산구 효자동3가 1536-4,"전북특별자치도 전주시 완산구 홍산중앙로 36, 2층 201호-204호",063-222-0608,127.1093361,35.8167132,효자5동,exact_official_building_road,기존 주택 CSV의 건물 좌표; 음식점 자체 측량 좌표 아님
BBQ치킨_중화산하늘채점,완산구 중화산동2가,전북특별자치도 전주시 완산구 중화산동2가 743-3,전북특별자치도 전주시 완산구 유연로 266,063-222-9289,127.1144978,35.82520051,중화산2동,exact_official_building_road,기존 주택 CSV의 건물 좌표; 음식점 자체 측량 좌표 아님
농부가,덕진구 우아2동,전북특별자치도 전주시 덕진구 우아동2가 900-3,전북특별자치도 전주시 덕진구 석소5길 5,063-247-3006,127.1735409,35.83273165,우아2동,exact_official_building_road,기존 주택 CSV의 건물 좌표; 음식점 자체 측량 좌표 아님
열정분식소_전주효자점,완산구 효자5동,전북특별자치도 전주시 완산구 효자동2가 1155-3 1층 103호,전북특별자치도 전주시 완산구 홍산남로 52 1층 103호,063-221-1411,127.1075,35.8155612,효자5동,exact_official_building_road,기존 주택 CSV의 건물 좌표; 음식점 자체 측량 좌표 아님
우리국수잘하는집,완산구 효자동,전북특별자치도 전주시 완산구 효자동3가 1157,전북특별자치도 전주시 완산구 효자로 67-11,063-237-0660,127.0939559,35.81848614,효자5동,exact_official_building_road,기존 주택 CSV의 건물 좌표; 음식점 자체 측량 좌표 아님
온다라순대국밥_객사점,완산구 고사동,전북특별자치도 전주시 완산구 고사동 473-9,전북특별자치도 전주시 완산구 전주객사2길 46-12,063-282-3377,127.1412996,35.8189944,중앙동,exact_official_building_road,기존 주택 CSV의 건물 좌표; 음식점 자체 측량 좌표 아님
BBQ치킨_전주효자서곡점,완산구 효자5동,전북특별자치도 전주시 완산구 효자동3가 1597-2 1층,전북특별자치도 전주시 완산구 황강서원로 6 1층,0504-2015-0848,127.0983322,35.82782952,효자5동,exact_official_building_road,기존 주택 CSV의 건물 좌표; 음식점 자체 측량 좌표 아님
이조곰탕,덕진구 송천2동,전북특별자치도 전주시 덕진구 송천동2가 573-3 1층,"전북특별자치도 전주시 덕진구 와룡로 92, 1층",0507-1403-7742,127.1120199,35.86786816,송천2동,exact_official_building_road,기존 주택 CSV의 건물 좌표; 음식점 자체 측량 좌표 아님
맥가이버,완산구 중화산동2가,전북특별자치도 전주시 완산구 중화산동2가 628,전북특별자치도 전주시 완산구 중산로 26,063-225-0255,127.1204611,35.81633026,중화산2동,exact_official_building_road,기존 주택 CSV의 건물 좌표; 음식점 자체 측량 좌표 아님
전주가정식,완산구 효자5동,전북특별자치도 전주시 완산구 효자동3가 1527-19,전북특별자치도 전주시 완산구 홍산북로 45-24,063-225-9953,127.1069655,35.8181654,효자5동,exact_official_building_road,기존 주택 CSV의 건물 좌표; 음식점 자체 측량 좌표 아님
롯데리아_전주효자서부점,완산구 효자동2가,전북특별자치도 전주시 완산구 효자동2가 1317-4,전북특별자치도 전주시 완산구 호암로 65,063-228-5959,127.1018413,35.8092329,효자4동,exact_official_building_road,기존 주택 CSV의 건물 좌표; 음식점 자체 측량 좌표 아님
진백산,완산구 효자5동,전북특별자치도 전주시 완산구 효자동3가 1538-3 K2빌딩 105호,전북특별자치도 전주시 완산구 홍산북로 84-20 K2빌딩 105호,010-2386-6459,127.110644,35.8167406,효자5동,exact_official_building_road,기존 주택 CSV의 건물 좌표; 음식점 자체 측량 좌표 아님
카페아는집,덕진구 우아동1가,전북특별자치도 전주시 덕진구 우아동1가 1118-5 2층,전북특별자치도 전주시 덕진구 인교9길 17 2층,063-243-2341,127.17486,35.82611604,우아2동,exact_official_building_road,기존 주택 CSV의 건물 좌표; 음식점 자체 측량 좌표 아님
가츠연,완산구 효자동,전북특별자치도 전주시 완산구 효자동3가 1533-3 성준빌딩 2층,전북특별자치도 전주시 완산구 홍산북로 46-21 성준빌딩 2층,070-7510-2277,127.1073622,35.8167438,효자5동,exact_official_building_road,기존 주택 CSV의 건물 좌표; 음식점 자체 측량 좌표 아님
한들각,완산구 효자동1가,전북특별자치도 전주시 완산구 효자동1가 52-4,전북특별자치도 전주시 완산구 안행로 112,없음,127.1343467,35.80631814,효자1동,exact_official_building_road,기존 주택 CSV의 건물 좌표; 음식점 자체 측량 좌표 아님
피자스쿨_휴먼시아점,완산구 효자5동,전북특별자치도 전주시 완산구 효자동2가 1313-7,전북특별자치도 전주시 완산구 호암로 19,063-226-8877,127.0967696,35.8091922,효자4동,exact_official_building_road,기존 주택 CSV의 건물 좌표; 음식점 자체 측량 좌표 아님
상무초밥_전주도청점,완산구 효자5동,전북특별자치도 전주시 완산구 효자동3가 1525-2 1층 101호,전북특별자치도 전주시 완산구 홍산로 276 1층 101호,063-229-2267,127.1064669,35.8182384,효자5동,exact_official_building_road,기존 주택 CSV의 건물 좌표; 음식점 자체 측량 좌표 아님
비코로,덕진구 송천동,전북특별자치도 전주시 덕진구 송천동1가 422-15,전북특별자치도 전주시 덕진구 송천로 60,010-7202-8155,127.1180518,35.8585971,송천2동,exact_official_building_road,기존 주택 CSV의 건물 좌표; 음식점 자체 측량 좌표 아님
더블루칩,완산구 효자동,전북특별자치도 전주시 완산구 효자동3가 1530-10 3층,전북특별자치도 전주시 완산구 홍산북로 71 3층,0507-1339-8743,127.1097576,35.8176072,효자5동,exact_official_building_road,기존 주택 CSV의 건물 좌표; 음식점 자체 측량 좌표 아님
못난이꽈배기_서신점,완산구 서신동,전북특별자치도 전주시 완산구 서신동 797-1 1층 101호,전북특별자치도 전주시 완산구 당산로 38 1층 101호,"0507-1394-1702, 063-255-1700",127.1124946,35.832014,서신동,exact_official_building_road,기존 주택 CSV의 건물 좌표; 음식점 자체 측량 좌표 아님
다우랑,완산구 풍남동,전북특별자치도 전주시 완산구 교동 269-2,전북특별자치도 전주시 완산구 태조로 33,063-285-5000,127.150992,35.8142097,풍남동,exact_official_building_road,기존 주택 CSV의 건물 좌표; 음식점 자체 측량 좌표 아님
바다꽃게탕본점,덕진구 우아동2가,전북특별자치도 전주시 덕진구 우아동2가 911-3,전북특별자치도 전주시 덕진구 아중1길 13-1,063-244-4288,127.1709868,35.8288652,우아2동,exact_official_building_road,기존 주택 CSV의 건물 좌표; 음식점 자체 측량 좌표 아님
가람_전주도청점,완산구 효자동,전북특별자치도 전주시 완산구 효자동2가 1156-7,전북특별자치도 전주시 완산구 홍산1길 8,0507-1401-3353,127.1081633,35.8149153,효자5동,exact_official_building_road,기존 주택 CSV의 건물 좌표; 음식점 자체 측량 좌표 아님
오타마,완산구 다가동,전북특별자치도 전주시 완산구 다가동4가 64-1,"전북특별자치도 전주시 완산구 전주객사1길 80, 1층",0507-1345-2754,127.1385953,35.81967904,중앙동,exact_official_building_road,기존 주택 CSV의 건물 좌표; 음식점 자체 측량 좌표 아님
투썸플레이스_전주CGV중앙점,완산구 중앙동,전북특별자치도 전주시 완산구 고사동  355-1,전북특별자치도 전주시 완산구 전주객사3길 72,063-285-2388,127.1420745,35.82035,중앙동,exact_official_building_road,기존 주택 CSV의 건물 좌표; 음식점 자체 측량 좌표 아님
오늘나의케이크,덕진구 덕진동,전북특별자치도 전주시 덕진구 덕진동1가 1261-4 더붐상가1층,전북특별자치도 전주시 덕진구 명륜4길 17 더붐상가 1층,063-255-9266,127.1265534,35.8434587,덕진동,exact_official_building_road,기존 주택 CSV의 건물 좌표; 음식점 자체 측량 좌표 아님
장천회관,완산구 서신동,전북특별자치도 전주시 완산구 서신동 957-2,전북특별자치도 전주시 완산구 고사평1길 9,063-271-3123,127.1085147,35.83473727,서신동,exact_official_building_road,기존 주택 CSV의 건물 좌표; 음식점 자체 측량 좌표 아님
한방가마솥족발_중화산점,완산구 중화산동,전북특별자치도 전주시 완산구 중화산동2가 535-5,전북특별자치도 전주시 완산구 서원로 296,050-7987-7604,127.1266951,35.8115755,중화산1동,exact_official_building_road,기존 주택 CSV의 건물 좌표; 음식점 자체 측량 좌표 아님
밥꽃세상,완산구 효자동,전북특별자치도 전주시 완산구 효자동3가 1646-7,"전북특별자치도 전주시 완산구 마전1길 6-7, 1층",063-226-8933,127.1036204,35.82210063,효자5동,exact_official_building_road,기존 주택 CSV의 건물 좌표; 음식점 자체 측량 좌표 아님
신전떡볶이_서신점,완산구 중화산동2가,전북특별자치도 전주시 완산구 중화산동2가 744-6 103호,전북특별자치도 전주시 완산구 유연로 290 103호,0507-1416-1161,127.1171733,35.8251159,중화산2동,exact_official_building_road,기존 주택 CSV의 건물 좌표; 음식점 자체 측량 좌표 아님
88콩나물국밥_전주혁신대방점,덕진구 혁신동,전북특별자치도 전주시 덕진구 중동 776-14 1층,전북특별자치도 전주시 덕진구 오공로 43-17 1층,063-222-3488,127.0599579,35.8376957,혁신동,exact_official_building_road,기존 주택 CSV의 건물 좌표; 음식점 자체 측량 좌표 아님
노랑통닭_전주혁신점,덕진구 혁신동,전북특별자치도 전주시 덕진구 중동 777-1,전북특별자치도 전주시 덕진구 오공로 43-52,050-7417-2855,127.0605622,35.8377165,혁신동,exact_official_building_road,기존 주택 CSV의 건물 좌표; 음식점 자체 측량 좌표 아님
육화덕연탄구이,완산구 서신동,전북특별자치도 전주시 완산구 서신동 854-5,전북특별자치도 전주시 완산구 전룡로 17,0504-0999-1275,127.1151076,35.82609729,서신동,exact_official_building_parcel,기존 주택 CSV의 건물 좌표; 음식점 자체 측량 좌표 아님
롯데리아_중화산점,완산구 중화산동2가,전북특별자치도 전주시 완산구 중화산동2가 647-2,"전북특별자치도 전주시 완산구 백제대로224, 1층",063-221-2219,127.123463,35.81303532,중화산1동,exact_official_building_parcel,기존 주택 CSV의 건물 좌표; 음식점 자체 측량 좌표 아님
이삭토스트_효자점,완산구 효자5동,전북특별자치도 전주시 완산구 효자동3가 1604-21,전북특별자치도 전주시 완산구 문학로 19,063-227-4918,127.1017547,35.8269398,효자5동,exact_official_building_road,기존 주택 CSV의 건물 좌표; 음식점 자체 측량 좌표 아님
황금손가락,완산구 효자동,전북특별자치도 전주시 완산구 효자동2가 1228-7,전북특별자치도 전주시 완산구 효자로 178,063-226-0911,127.1047736,35.8187303,효자5동,exact_official_building_road,기존 주택 CSV의 건물 좌표; 음식점 자체 측량 좌표 아님
라라코스트_전주전북도청점,완산구 효자5동,"전북특별자치도 전주시 완산구 효자동3가 1539-2 2층 201호, 202호","전북특별자치도 전주시 완산구 홍산남로 73 2층 201호, 202호",063-228-3230,127.1099758,35.8159923,효자5동,exact_official_building_road,기존 주택 CSV의 건물 좌표; 음식점 자체 측량 좌표 아님
뒷고기치맛살가맥,완산구 효자동1가,전북특별자치도 전주시 완산구 효자동1가 663-7,전북특별자치도 전주시 완산구 효자천변1길 30-14,063-224-3307,127.1142635,35.79942126,효자3동,exact_official_building_road,기존 주택 CSV의 건물 좌표; 음식점 자체 측량 좌표 아님
카페인,완산구 서신동,전북특별자치도 전주시 완산구 서신동 947-8,전북특별자치도 전주시 완산구 고사평로 9,없음,127.1093979,35.8349421,서신동,exact_official_building_road,기존 주택 CSV의 건물 좌표; 음식점 자체 측량 좌표 아님
두원스베스트,완산구 효자5동,전북특별자치도 전주시 완산구 효자동3가 1716-14 헤르본빌 1층 상가,전북특별자치도 전주시 완산구 농소1길 11 헤르본빌 1층 상가,010-4613-3383,127.0959552,35.81392251,효자5동,exact_official_building_road,기존 주택 CSV의 건물 좌표; 음식점 자체 측량 좌표 아님
이르리,완산구 풍남동,전북특별자치도 전주시 완산구 교동 63-13,전북특별자치도 전주시 완산구 은행로 69,"063-231-1528, 010-2236-4455",127.152921,35.81392214,풍남동,exact_official_building_road,기존 주택 CSV의 건물 좌표; 음식점 자체 측량 좌표 아님
1723,완산구 풍남동,전북특별자치도 전주시 완산구 교동 98-2,전북특별자치도 전주시 완산구 오목대길 83,063-288-1723,127.1517088,35.812708,풍남동,exact_official_building_road,기존 주택 CSV의 건물 좌표; 음식점 자체 측량 좌표 아님
팁탭,덕진구 덕진동,전북특별자치도 전주시 덕진구 덕진동1가 1439-23,전북특별자치도 전주시 덕진구 들사평1길 46,070-7867-1269,127.1232886,35.8369491,덕진동,exact_official_building_road,기존 주택 CSV의 건물 좌표; 음식점 자체 측량 좌표 아님
다송일식,완산구 효자동,전북특별자치도 전주시 완산구 효자동3가 1697-6 3층,전북특별자치도 전주시 완산구 석산1길 6-23 3층,063-244-8885,127.1039598,35.8196878,효자5동,exact_official_building_road,기존 주택 CSV의 건물 좌표; 음식점 자체 측량 좌표 아님
태평진미집,완산구 태평동,전북특별자치도 전주시 완산구 태평동 13-12,전북특별자치도 전주시 완산구 공북로 69,063-277-6543,127.1393562,35.82609282,중앙동,exact_official_building_road,기존 주택 CSV의 건물 좌표; 음식점 자체 측량 좌표 아님
국밥세상앤막국수_중화산점,완산구 중화산동2가,전북특별자치도 전주시 완산구 중화산동2가 648-6,전북특별자치도 전주시 완산구 한두평2길 7,063-226-3312,127.1236633,35.8136954,중화산1동,exact_official_building_road,기존 주택 CSV의 건물 좌표; 음식점 자체 측량 좌표 아님
모화원,완산구 중화산동2가,전북특별자치도 전주시 완산구 중화산동2가 528-8 1층,전북특별자치도 전주시 완산구 산월1길 29 1층,0507-1306-4319,127.119902,35.81283809,중화산2동,exact_official_building_road,기존 주택 CSV의 건물 좌표; 음식점 자체 측량 좌표 아님
김수진참치,완산구 효자5동,전북특별자치도 전주시 완산구 효자동3가 1699-5 201호,전북특별자치도 전주시 완산구 효자로 173 201호,063-227-3737,127.1042327,35.8193687,효자5동,exact_official_building_road,기존 주택 CSV의 건물 좌표; 음식점 자체 측량 좌표 아님
써니로스,완산구 효자동,전북특별자치도 전주시 완산구 효자동3가 1670-1 1층 써니로스,전북특별자치도 전주시 완산구 마전들로 12,063-221-1817,127.0968179,35.8208803,효자5동,exact_official_building_road,기존 주택 CSV의 건물 좌표; 음식점 자체 측량 좌표 아님
효자동쭈꾸미,완산구 효자5동,전북특별자치도 전주시 완산구 효자동3가 1632-6 1층,전북특별자치도 전주시 완산구 마전3길 18 1층,0507-1343-1945,127.1027121,35.8238186,효자5동,exact_official_building_road,기존 주택 CSV의 건물 좌표; 음식점 자체 측량 좌표 아님
서신다가포갈매기,완산구 서신동,전북특별자치도 전주시 완산구 서신동 935-3,전북특별자치도 전주시 완산구 새터로 41,063-254-0092,127.1111868,35.8357751,서신동,exact_official_building_road,기존 주택 CSV의 건물 좌표; 음식점 자체 측량 좌표 아님
화인,덕진구 송천동,전북특별자치도 전주시 덕진구 송천동1가 817-9,전북특별자치도 전주시 덕진구 두간3길 8-5,063-246-7683,127.1195976,35.86452593,송천2동,exact_official_building_road,기존 주택 CSV의 건물 좌표; 음식점 자체 측량 좌표 아님
샤브도둑_전북대점,덕진구 덕진동,전북특별자치도 전주시 덕진구 덕진동1가 1261-30 2층,전북특별자치도 전주시 덕진구 명륜4길 15 2층,063-909-0014,127.1265369,35.8432503,덕진동,exact_official_building_road,기존 주택 CSV의 건물 좌표; 음식점 자체 측량 좌표 아님
다랑가옥,완산구 서신동,전북특별자치도 전주시 완산구 서신동 799-19 1층,전북특별자치도 전주시 완산구 서신천변15길 15-3 1층,010-3146-6635,127.1127066,35.8316083,서신동,exact_official_building_road,기존 주택 CSV의 건물 좌표; 음식점 자체 측량 좌표 아님
신인생술집,덕진구 송천동,전북특별자치도 전주시 덕진구 송천동2가 523-24 1층,전북특별자치도 전주시 덕진구 붓내3길 13,063-255-0623,127.1229839,35.8669236,송천1동,exact_official_building_road,기존 주택 CSV의 건물 좌표; 음식점 자체 측량 좌표 아님
청담동말자싸롱_전주송천점,덕진구 송천1동,전북특별자치도 전주시 덕진구 송천동2가 523-1,전북특별자치도 전주시 덕진구 붓내3길 9,063-278-3337,127.1226379,35.8667531,송천1동,exact_official_building_road,기존 주택 CSV의 건물 좌표; 음식점 자체 측량 좌표 아님
아침정원,완산구 효자동2가,전북특별자치도 전주시 완산구 효자동2가 1206-2,"전북특별자치도 전주시 완산구 소태정3길20, 1층",063-222-4543,127.0989361,35.8032615,효자4동,exact_official_building_parcel,기존 주택 CSV의 건물 좌표; 음식점 자체 측량 좌표 아님
알이돈까스,덕진구 덕진동,전북특별자치도 전주시 덕진구 덕진동1가 1312-42 2층,전북특별자치도 전주시 덕진구 명륜5길 20-1 2층,0507-1321-3715,127.1262815,35.8442893,덕진동,exact_official_building_road,기존 주택 CSV의 건물 좌표; 음식점 자체 측량 좌표 아님
치순이통닭앤가맥,덕진구 송천동2가,전북특별자치도 전주시 덕진구 송천동2가 226-4,전북특별자치도 전주시 덕진구 붓내3길 40,063-253-8295,127.1255648,35.8665352,송천1동,exact_official_building_road,기존 주택 CSV의 건물 좌표; 음식점 자체 측량 좌표 아님
새만금,덕진구 우아1동,전북특별자치도 전주시 덕진구 우아동3가 747-44,전북특별자치도 전주시 덕진구 우아3길 5,063-243-6701,127.1561138,35.84896956,우아1동,exact_official_building_road,기존 주택 CSV의 건물 좌표; 음식점 자체 측량 좌표 아님
단풍미인한우_도청점,완산구 효자동3가,전북특별자치도 전주시 완산구 효자동3가  1529-11,전북특별자치도 전주시 완산구 홍산북로 55,063-229-8533,127.1079934,35.8176415,효자5동,exact_official_building_road,기존 주택 CSV의 건물 좌표; 음식점 자체 측량 좌표 아님
동문원콩나물국밥,완산구 풍남동,전북특별자치도 전주시 완산구 경원동2가 37-1,전북특별자치도 전주시 완산구 동문길 91,063-284-3339,127.1490822,35.81798704,풍남동,exact_official_building_road,기존 주택 CSV의 건물 좌표; 음식점 자체 측량 좌표 아님
가장맛있는족발_전주에코시티점,덕진구 송천2동,전북특별자치도 전주시 덕진구 송천동2가 1327-8,"전북특별자치도 전주시 덕진구 세병2길 31-7, 1층 101호",063-272-5849,127.127337,35.8733392,송천1동,exact_official_building_road,기존 주택 CSV의 건물 좌표; 음식점 자체 측량 좌표 아님
틈새라면_전주중앙점,완산구 고사동,전북특별자치도 전주시 완산구 고사동 137,전북특별자치도 전주시 완산구 전주객사4길 24-21,063-286-0333,127.1444747,35.81938748,중앙동,exact_official_building_road,기존 주택 CSV의 건물 좌표; 음식점 자체 측량 좌표 아님
조점례남문피순대,완산구 풍남동,전북특별자치도 전주시 완산구 전동3가 2-246,전북특별자치도 전주시 완산구 풍남문2길 63,063-232-5006,127.1466061,35.8124262,풍남동,exact_official_building_road,기존 주택 CSV의 건물 좌표; 음식점 자체 측량 좌표 아님
바빈스커피_중화산점,완산구 중화산동2가,전북특별자치도 전주시 완산구 중화산동2가 629-11,전북특별자치도 전주시 완산구 백제대로 251,063-232-8888,127.1226059,35.8155856,중화산2동,exact_official_building_road,기존 주택 CSV의 건물 좌표; 음식점 자체 측량 좌표 아님
야드,완산구 중화산동,전북특별자치도 전주시 완산구 중화산동2가 632 1층,전북특별자치도 전주시 완산구 중산2길 19-7 1층,010-4910-5554,127.1222152,35.8151611,중화산2동,exact_official_building_road,기존 주택 CSV의 건물 좌표; 음식점 자체 측량 좌표 아님
교촌치킨_서곡효자점,완산구 효자동,전북특별자치도 전주시 완산구 효자동3가 1609-16,전북특별자치도 전주시 완산구 홍산로 375,0503-6986-0016,127.1056394,35.8273212,효자5동,exact_official_building_road,기존 주택 CSV의 건물 좌표; 음식점 자체 측량 좌표 아님
백년손님_다슬기,완산구 효자5동,전북특별자치도 전주시 완산구 효자동3가 1418-4 1층,전북특별자치도 전주시 완산구 서곡3길 8 1층,063-278-0010,127.1012594,35.83619752,효자5동,exact_official_building_road,기존 주택 CSV의 건물 좌표; 음식점 자체 측량 좌표 아님
맥시칸치킨_전주중앙점,완산구 고사동,전북특별자치도 전주시 완산구 고사동 369,전북특별자치도 전주시 완산구 전주객사3길 74-36,063-252-9908,127.142639,35.82030277,중앙동,exact_official_building_road,기존 주택 CSV의 건물 좌표; 음식점 자체 측량 좌표 아님
전북한우협동조합_총체보리한우_정육식당,덕진구 송천2동,전북특별자치도 전주시 덕진구 전미동1가 305-11,"전북특별자치도 전주시 덕진구 숲거리길 20-12, 1,2층",063-253-0200,127.1256148,35.89336644,송천2동,exact_official_building_road,기존 주택 CSV의 건물 좌표; 음식점 자체 측량 좌표 아님
엑시트피자_평화점,완산구 효자동2가,전북특별자치도 전주시 완산구 평화동1가 727-1,전북특별자치도 전주시 완산구 평화18길 19,0507-1408-0199,127.1344695,35.7948108,평화2동,exact_official_building_road,기존 주택 CSV의 건물 좌표; 음식점 자체 측량 좌표 아님
풍년식당,덕진구 만성동,전북특별자치도 전주시 덕진구 만성동 1175-10,전북특별자치도 전주시 덕진구 월방1길 4-5,063-225-9985,127.0701867,35.83360009,여의동,exact_official_building_road,기존 주택 CSV의 건물 좌표; 음식점 자체 측량 좌표 아님
정돈까스_에코시티점,덕진구 송천동,전북특별자치도 전주시 덕진구 송천동2가 1327-15,전북특별자치도 전주시 덕진구 세병2길 19,063-251-7755,127.126158,35.8729182,송천1동,exact_official_building_road,기존 주택 CSV의 건물 좌표; 음식점 자체 측량 좌표 아님
쑤불쭈꾸미,완산구 효자동2가,전북특별자치도 전주시 완산구 효자동2가 1308-6,전북특별자치도 전주시 완산구 후곡길 11-14,063-225-8260,127.095194,35.8098621,효자4동,exact_official_building_road,기존 주택 CSV의 건물 좌표; 음식점 자체 측량 좌표 아님
알쌈닭불고기_전북대점,덕진구 덕진동,전북특별자치도 전주시 덕진구 덕진동1가 1263-2 2층,전북특별자치도 전주시 덕진구 명륜4길 14 2층,063-273-2573,127.1268781,35.8431243,덕진동,exact_official_building_road,기존 주택 CSV의 건물 좌표; 음식점 자체 측량 좌표 아님
화라소소,덕진구 덕진동1가,전북특별자치도 전주시 덕진구 덕진동1가 1263-18 2층,전북특별자치도 전주시 덕진구 명륜3길 17 2층,0507-1416-3481,127.1277979,35.8427859,덕진동,exact_official_building_road,기존 주택 CSV의 건물 좌표; 음식점 자체 측량 좌표 아님
다사랑치킨피자_전북대점,덕진구 덕진동,전북특별자치도 전주시 덕진구 덕진동1가 1314-171,전북특별자치도 전주시 덕진구 명륜4길 18-1,063-273-6002,127.1273364,35.84336552,덕진동,exact_official_building_road,기존 주택 CSV의 건물 좌표; 음식점 자체 측량 좌표 아님
가득,완산구 경원동3가,전북특별자치도 전주시 완산구 경원동3가 32-16,전북특별자치도 전주시 완산구 현무1길 33,0507-1333-2159,127.1475142,35.8217589,풍남동,exact_official_building_road,기존 주택 CSV의 건물 좌표; 음식점 자체 측량 좌표 아님
킹스타피자_전주서신점,완산구 서신동,전북특별자치도 전주시 완산구 서신동 763-1,전북특별자치도 전주시 완산구 당산로 27,0507-1388-8334,127.111435,35.8323483,서신동,exact_official_building_road,기존 주택 CSV의 건물 좌표; 음식점 자체 측량 좌표 아님
참맛흑돼지,덕진구 송천2동,전북특별자치도 전주시 덕진구 송천동1가 801-8,전북특별자치도 전주시 덕진구 두간10길 4,063-222-0168,127.1150935,35.8657671,송천2동,exact_official_building_road,기존 주택 CSV의 건물 좌표; 음식점 자체 측량 좌표 아님
또봉이통닭_중화산점,완산구 중화산동,전북특별자치도 전주시 완산구 중화산동2가 663-8,전북특별자치도 전주시 완산구 한두평1길 17,063-237-2992,127.1248925,35.8125078,중화산1동,exact_official_building_road,기존 주택 CSV의 건물 좌표; 음식점 자체 측량 좌표 아님
미스터치킨_전북대점,덕진구 덕진동,전북특별자치도 전주시 덕진구 덕진동1가 1314-204 1층,전북특별자치도 전주시 덕진구 명륜5길 17-1 1층,"0507-1397-9308, 063-909-9299",127.1257885,35.84421053,덕진동,exact_official_building_road,기존 주택 CSV의 건물 좌표; 음식점 자체 측량 좌표 아님
장미맨숀_전북대본점,덕진구 덕진동,전북특별자치도 전주시 덕진구 덕진동1가 1262-2,전북특별자치도 전주시 덕진구 명륜5길 10-2,0507-1371-6606,127.1255164,35.843181,덕진동,exact_official_building_road,기존 주택 CSV의 건물 좌표; 음식점 자체 측량 좌표 아님
집밥한식뷔페,덕진구 송천2동,전북특별자치도 전주시 덕진구 전미동2가 68-2 1층,전북특별자치도 전주시 덕진구 전미로 292-8,063-277-2399,127.1024207,35.89333081,송천2동,exact_official_building_road,기존 주택 CSV의 건물 좌표; 음식점 자체 측량 좌표 아님
써니네집_본점,완산구 효자5동,전북특별자치도 전주시 완산구 효자동3가 1528-3 조이풀빌딩2층,전북특별자치도 전주시 완산구 홍산4길 10,0507-1401-1817,127.1099654,35.8183075,효자5동,exact_official_building_road,기존 주택 CSV의 건물 좌표; 음식점 자체 측량 좌표 아님
행복한밥집,완산구 서신동,전북특별자치도 전주시 완산구 서신동 786-5,전북특별자치도 전주시 완산구 감나무4길 28,063-252-6142,127.1198153,35.83175598,서신동,exact_official_building_road,기존 주택 CSV의 건물 좌표; 음식점 자체 측량 좌표 아님
효자수산가맥,완산구 중앙동,전북특별자치도 전주시 완산구 중앙동1가 31-1,"전북특별자치도 전주시 완산구 전주객사2길 10, 1층",010-8680-4108,127.1414429,35.8173614,중앙동,exact_official_building_road,기존 주택 CSV의 건물 좌표; 음식점 자체 측량 좌표 아님
투썸플레이스_전주서곡점,완산구 효자동,전북특별자치도 전주시 완산구 효자동3가 752-4 B동 1층,전북특별자치도 전주시 완산구 천잠로 555 B동 1층,063-272-6269,127.09646,35.8341168,효자5동,exact_official_building_road,기존 주택 CSV의 건물 좌표; 음식점 자체 측량 좌표 아님
시나본_롯데전주점,완산구 서신동,전북특별자치도 전주시 완산구 서신동 971 2층,전북특별자치도 전주시 완산구 온고을로 2 2층,063-289-2221,127.1218933,35.8345049,서신동,exact_official_building_road,기존 주택 CSV의 건물 좌표; 음식점 자체 측량 좌표 아님
가장맛있는족발_서신점,완산구 서신동,전북특별자치도 전주시 완산구 서신동 933-7 1층,전북특별자치도 전주시 완산구 새터로 23 1층,063-252-5849,127.1093476,35.83647395,서신동,exact_official_building_road,기존 주택 CSV의 건물 좌표; 음식점 자체 측량 좌표 아님
카페_에쏠로지,완산구 서신동,전북특별자치도 전주시 완산구 서신동 964-2,전북특별자치도 전주시 완산구 서신로 112,070-8733-5000,127.1160951,35.8352405,서신동,exact_official_building_road,기존 주택 CSV의 건물 좌표; 음식점 자체 측량 좌표 아님
노을막걸리,완산구 서신동,전북특별자치도 전주시 완산구 서신동 835-7,전북특별자치도 전주시 완산구 안터1길 18,063-255-9634,127.1164118,35.82726055,서신동,exact_official_building_road,기존 주택 CSV의 건물 좌표; 음식점 자체 측량 좌표 아님
빽다방_전북도청타운점,완산구 효자5동,전북특별자치도 전주시 완산구 효자동3가 1535-5,전북특별자치도 전주시 완산구 홍산중앙로 33,063-223-1021,127.1087972,35.8164526,효자5동,exact_official_building_road,기존 주택 CSV의 건물 좌표; 음식점 자체 측량 좌표 아님
미가옥_중화산,완산구 중화산동,전북특별자치도 전주시 완산구 중화산동1가 275,전북특별자치도 전주시 완산구 선너머3길 12,063-231-8287,127.1308381,35.81354845,중화산1동,exact_official_building_road,기존 주택 CSV의 건물 좌표; 음식점 자체 측량 좌표 아님
조개꽃천지_아중점,덕진구 우아동2가,전북특별자치도 전주시 덕진구 우아동2가 908-8,전북특별자치도 전주시 덕진구 아중중앙로 19,063-247-9070,127.1718976,35.83003445,우아2동,exact_official_building_road,기존 주택 CSV의 건물 좌표; 음식점 자체 측량 좌표 아님
엄가네야채곱창,완산구 중화산동2가,전북특별자치도 전주시 완산구 중화산동2가 574-11,전북특별자치도 전주시 완산구 메너머1길 24,063-222-0503,127.1202428,35.82107857,중화산2동,exact_official_building_road,기존 주택 CSV의 건물 좌표; 음식점 자체 측량 좌표 아님
고향시래기_우아동점,덕진구 우아1동,전북특별자치도 전주시 덕진구 우아동3가 64,전북특별자치도 전주시 덕진구 장재안길 43,063-244-1451,127.1633878,35.85313031,우아1동,exact_official_building_road,기존 주택 CSV의 건물 좌표; 음식점 자체 측량 좌표 아님
농부며느리,덕진구 우아동2가,전북특별자치도 전주시 덕진구 우아동2가 913-6,전북특별자치도 전주시 덕진구 아중3길 20,063-242-6811,127.1715035,35.82961713,우아2동,exact_official_building_road,기존 주택 CSV의 건물 좌표; 음식점 자체 측량 좌표 아님
스타벅스_전주혁신도시,덕진구 혁신동,전북특별자치도 전주시 덕진구 혁신동 774-3,전북특별자치도 전주시 덕진구 기지로 68,1522-3232,127.0593368,35.8381051,혁신동,exact_official_building_road,기존 주택 CSV의 건물 좌표; 음식점 자체 측량 좌표 아님
채선당도시락앤샐러드_전북도청점,완산구 효자동,전북특별자치도 전주시 완산구 효자동3가 1531-2 엠스퀘어 102호,전북특별자치도 전주시 완산구 홍산로 260 102호,063-221-7727,127.1064661,35.8168412,효자5동,exact_official_building_road,기존 주택 CSV의 건물 좌표; 음식점 자체 측량 좌표 아님
45년전통비빔밥_종로회관,완산구 풍남동,전북특별자치도 전주시 완산구 전동  60-2,전북특별자치도 전주시 완산구 전동성당길 98,063-288-4578,127.148748,35.8149712,풍남동,exact_official_building_road,기존 주택 CSV의 건물 좌표; 음식점 자체 측량 좌표 아님
노랑통닭_송천점,덕진구 송천1동,전북특별자치도 전주시 덕진구 송천동2가 202-11,전북특별자치도 전주시 덕진구 솔내로 175,063-255-6777,127.1268542,35.8657539,송천1동,exact_official_building_road,기존 주택 CSV의 건물 좌표; 음식점 자체 측량 좌표 아님
스위트몰다빈카페,완산구 효자동,전북특별자치도 전주시 완산구 효자동3가 1525-3 1층,전북특별자치도 전주시 완산구 홍산로 270 1층,063-222-5370,127.1064578,35.81775938,효자5동,exact_official_building_road,기존 주택 CSV의 건물 좌표; 음식점 자체 측량 좌표 아님
멕시카나치킨_서곡신도시점,완산구 효자5동,전북특별자치도 전주시 완산구 효자동3가 1463-4,전북특별자치도 전주시 완산구 세내로 532,063-274-9233,127.1009351,35.8334208,효자5동,exact_official_building_road,기존 주택 CSV의 건물 좌표; 음식점 자체 측량 좌표 아님
목포주막,완산구 서신동,전북특별자치도 전주시 완산구 서신동 827-16,전북특별자치도 전주시 완산구 서신천변로 46,050-7744-2437,127.1143404,35.82941749,서신동,exact_official_building_road,기존 주택 CSV의 건물 좌표; 음식점 자체 측량 좌표 아님
꿀순이앤꿀돌이_효자점,완산구 효자동,전북특별자치도 전주시 완산구 효자동3가 1670-5,전북특별자치도 전주시 완산구 마전들로 4,0507-1322-1975,127.0959675,35.8208823,효자5동,exact_official_building_road,기존 주택 CSV의 건물 좌표; 음식점 자체 측량 좌표 아님
산쪼메_전주객사점,완산구 고사동,전북특별자치도 전주시 완산구 고사동 378-4,전북특별자치도 전주시 완산구 전주객사4길 43-12,063-285-8256,127.1430774,35.81966596,중앙동,exact_official_building_road,기존 주택 CSV의 건물 좌표; 음식점 자체 측량 좌표 아님
연와미당,완산구 효자동1가,전북특별자치도 전주시 완산구 효자동1가 223-10,전북특별자치도 전주시 완산구 백제대로 128,063-224-4141,127.124258,35.804462,효자1동,exact_official_building_road,기존 주택 CSV의 건물 좌표; 음식점 자체 측량 좌표 아님
덕호수산,완산구 서신동,전북특별자치도 전주시 완산구 서신동 815-4 덕호수산,전북특별자치도 전주시 완산구 서신로 43 덕호수산,063-271-3111,127.1156029,35.82934565,서신동,exact_official_building_road,기존 주택 CSV의 건물 좌표; 음식점 자체 측량 좌표 아님
소소한베이커리,완산구 서신동,전북특별자치도 전주시 완산구 서신동 831-2 1층,전북특별자치도 전주시 완산구 서신로 37 1층,0507-1479-0185,127.1156092,35.828738,서신동,exact_official_building_road,기존 주택 CSV의 건물 좌표; 음식점 자체 측량 좌표 아님
장어야놀자_서신점,완산구 서신동,전북특별자치도 전주시 완산구 서신동 815-3,전북특별자치도 전주시 완산구 서신로 45,063-251-6006,127.1156227,35.8295531,서신동,exact_official_building_road,기존 주택 CSV의 건물 좌표; 음식점 자체 측량 좌표 아님
노랑통닭_중화산점,완산구 중화산동,전북특별자치도 전주시 완산구 중화산동2가  534-4,전북특별자치도 전주시 완산구 서원로 282,0507-0090-7678,127.1254153,35.8116971,중화산1동,exact_official_building_road,기존 주택 CSV의 건물 좌표; 음식점 자체 측량 좌표 아님
메가커피_효자점,완산구 효자3동,전북특별자치도 전주시 완산구 효자동1가 435-2 1층 101호,전북특별자치도 전주시 완산구 용머리로 57 1층 101호,063-226-8671,127.1163364,35.8069429,효자3동,exact_official_building_road,기존 주택 CSV의 건물 좌표; 음식점 자체 측량 좌표 아님
여기가포차,완산구 효자동2가,전북특별자치도 전주시 완산구 효자동2가 1256-8,전북특별자치도 전주시 완산구 우전로 198,063-226-6031,127.1021348,35.8121167,효자4동,exact_official_building_road,기존 주택 CSV의 건물 좌표; 음식점 자체 측량 좌표 아님
깐쇼새우_중화산동점,완산구 중화산동,전북특별자치도 전주시 완산구 중화산동2가 765-6,전북특별자치도 전주시 완산구 화산천변1길 18-1,063-228-0887,127.1140738,35.81952815,중화산2동,exact_official_building_road,기존 주택 CSV의 건물 좌표; 음식점 자체 측량 좌표 아님
원조치마살숯불구이,완산구 중화산동2가,전북특별자치도 전주시 완산구 중화산동2가 635-9,전북특별자치도 전주시 완산구 산월2길 32,063-225-9779,127.1196105,35.81418793,중화산2동,exact_official_building_road,기존 주택 CSV의 건물 좌표; 음식점 자체 측량 좌표 아님
홍익궁중전통육개장_전주역점,덕진구 우아1동,전북특별자치도 전주시 덕진구 우아동3가 747-66,전북특별자치도 전주시 덕진구 백제대로 803,063-247-6988,127.1561247,35.8481759,우아1동,exact_official_building_road,기존 주택 CSV의 건물 좌표; 음식점 자체 측량 좌표 아님
일송,완산구 중화산동,전북특별자치도 전주시 완산구 중화산동2가 633-3,전북특별자치도 전주시 완산구 중산2길 15,063-223-1170,127.1218972,35.814595,중화산2동,exact_official_building_road,기존 주택 CSV의 건물 좌표; 음식점 자체 측량 좌표 아님
두이모비빔밥와플,완산구 효자5동,전북특별자치도 전주시 완산구 효자동2가 785-3,전북특별자치도 전주시 완산구 쑥고개로 284-12,063-283-2525,127.0963899,35.79994643,효자4동,exact_official_building_road,기존 주택 CSV의 건물 좌표; 음식점 자체 측량 좌표 아님
술마시는노리터,완산구 효자동,전북특별자치도 전주시 완산구 효자동1가 547-2,"전북특별자치도 전주시 완산구 용머리로 100, 1층",063-243-0852,127.1211297,35.80585287,효자2동,exact_official_building_road,기존 주택 CSV의 건물 좌표; 음식점 자체 측량 좌표 아님
진도야족발_효자점,완산구 효자동,전북특별자치도 전주시 완산구 효자동1가 388,"전북특별자치도 전주시 완산구 거마평로 170, 1층",063-227-6060,127.1164127,35.8077262,효자2동,exact_official_building_road,기존 주택 CSV의 건물 좌표; 음식점 자체 측량 좌표 아님
춘천닭갈비비비리_전주대점,완산구 효자동,전북특별자치도 전주시 완산구 효자동2가 1305-20,전북특별자치도 전주시 완산구 후곡길 5-18,063-224-9800,127.0949638,35.8092172,효자4동,exact_official_building_road,기존 주택 CSV의 건물 좌표; 음식점 자체 측량 좌표 아님
동이네,완산구 서신동,전북특별자치도 전주시 완산구 서신동  837,전북특별자치도 전주시 완산구 서신로 20,063-255-9095,127.116027,35.82702339,서신동,exact_official_building_road,기존 주택 CSV의 건물 좌표; 음식점 자체 측량 좌표 아님
롯데리아_메가월드점,덕진구 송천동2가,전북특별자치도 전주시 덕진구 송천동2가 661-17,전북특별자치도 전주시 덕진구 동부대로 1229,063-253-3220,127.1120134,35.8694454,송천2동,exact_official_building_road,기존 주택 CSV의 건물 좌표; 음식점 자체 측량 좌표 아님
황태도둑_송천점,덕진구 송천동,전북특별자치도 전주시 덕진구 송천동2가 483 1층,전북특별자치도 전주시 덕진구 붓내3길 9-7,063-252-2768,127.1222293,35.8673156,송천1동,exact_official_building_road,기존 주택 CSV의 건물 좌표; 음식점 자체 측량 좌표 아님
카페달,완산구 풍남동,전북특별자치도 전주시 완산구 풍남동3가 47-3,전북특별자치도 전주시 완산구 최명희길 20,063-288-8886,127.1524836,35.8162388,풍남동,exact_official_building_road,기존 주택 CSV의 건물 좌표; 음식점 자체 측량 좌표 아님
시장골목집,완산구 효자동,전북특별자치도 전주시 완산구 효자동3가 1670-5,전북특별자치도 전주시 완산구 마전들로 4,063-236-5995,127.0959675,35.8208823,효자5동,exact_official_building_road,기존 주택 CSV의 건물 좌표; 음식점 자체 측량 좌표 아님
한우당,완산구 효자동2가,전북특별자치도 전주시 완산구 효자동2가 1208-2,전북특별자치도 전주시 완산구 우전로 102,063-227-2003,127.1009442,35.804257,효자4동,exact_official_building_road,기존 주택 CSV의 건물 좌표; 음식점 자체 측량 좌표 아님
주다방,완산구 효자5동,전북특별자치도 전주시 완산구 효자동3가 1535-3,전북특별자치도 전주시 완산구 홍산중앙로 37,010-8003-1879,127.1087693,35.8169188,효자5동,exact_official_building_road,기존 주택 CSV의 건물 좌표; 음식점 자체 측량 좌표 아님
정담,덕진구 혁신동,전북특별자치도 전주시 덕진구 혁신동 787-1,전북특별자치도 전주시 덕진구 안전로 106,063-223-6847,127.0589208,35.83345845,혁신동,exact_official_building_road,기존 주택 CSV의 건물 좌표; 음식점 자체 측량 좌표 아님
용우동_전주중앙점,완산구 고사동,전북특별자치도 전주시 완산구 고사동 409-5,전북특별자치도 전주시 완산구 전주객사4길 23-12,063-287-5750,127.1432863,35.81875712,중앙동,exact_official_building_road,기존 주택 CSV의 건물 좌표; 음식점 자체 측량 좌표 아님
부영상회,완산구 다가동3가,전북특별자치도 전주시 완산구 다가동3가 25,전북특별자치도 전주시 완산구 전주객사1길 6,0507-1495-3504,127.1406712,35.81702599,중앙동,exact_official_building_road,기존 주택 CSV의 건물 좌표; 음식점 자체 측량 좌표 아님
코믹스월드_신시가지점,완산구 효자동,전북특별자치도 전주시 완산구 효자동3가 1541-9 6층,전북특별자치도 전주시 완산구 홍산중앙로 18 6층,0507-1430-5747,127.109334,35.8151482,효자5동,exact_official_building_road,기존 주택 CSV의 건물 좌표; 음식점 자체 측량 좌표 아님
신포우리만두_전주더즌점,완산구 서신동,전북특별자치도 전주시 완산구 서신동 970-4 더존빌딩,전북특별자치도 전주시 완산구 온고을로 20 더존빌딩,063-271-7501,127.1207513,35.83419636,서신동,exact_official_building_road,기존 주택 CSV의 건물 좌표; 음식점 자체 측량 좌표 아님
서민갑부마약육전_2호점,완산구 풍남동,전북특별자치도 전주시 완산구 교동 69-4,전북특별자치도 전주시 완산구 태조로 21,010-4537-8161,127.1523852,35.8145421,풍남동,exact_official_building_road,기존 주택 CSV의 건물 좌표; 음식점 자체 측량 좌표 아님
달빛에구운고등어_송천점,덕진구 송천동,전북특별자치도 전주시 덕진구 송천동2가 404-2 1층,전북특별자치도 전주시 덕진구 동부대로 1173 1층,063-252-3377,127.1183695,35.86944707,송천2동,exact_official_building_road,기존 주택 CSV의 건물 좌표; 음식점 자체 측량 좌표 아님
새벽시장_중화산점,완산구 중화산동2가,전북특별자치도 전주시 완산구 중화산동2가 776-2 1층,전북특별자치도 전주시 완산구 신촌4길 10-8,063-229-6004,127.1171621,35.81846025,중화산2동,exact_official_building_road,기존 주택 CSV의 건물 좌표; 음식점 자체 측량 좌표 아님
왕만족,덕진구 송천동,전북특별자치도 전주시 덕진구 송천동2가 558,전북특별자치도 전주시 덕진구 와룡1길 11-2,063-251-2686,127.1130479,35.86504565,송천2동,exact_official_building_road,기존 주택 CSV의 건물 좌표; 음식점 자체 측량 좌표 아님
반촌숯불정육식당,완산구 효자5동,전북특별자치도 전주시 완산구 효자동3가1667-9,"전북특별자치도 전주시 완산구 마전들로 49, 1층 101호",063-227-1500,127.1009832,35.821201,효자5동,exact_official_building_road,기존 주택 CSV의 건물 좌표; 음식점 자체 측량 좌표 아님
경아분식_한옥마을점,완산구 풍남동,전북특별자치도 전주시 완산구 풍남동1가 65-3,전북특별자치도 전주시 완산구 경기전길 39,063-903-2992,127.1505015,35.81772666,풍남동,exact_official_building_road,기존 주택 CSV의 건물 좌표; 음식점 자체 측량 좌표 아님
석산숯가마삼겹살,완산구 서신동,전북특별자치도 전주시 완산구 서신동 802-3,전북특별자치도 전주시 완산구 서신천변로 69,063-255-2058,127.1140628,35.83148846,서신동,exact_official_building_road,기존 주택 CSV의 건물 좌표; 음식점 자체 측량 좌표 아님
이디야커피_전주마전점,완산구 효자5동,전북특별자치도 전주시 완산구 효자동3가 1609-16,전북특별자치도 전주시 완산구 홍산로 375,063-228-0504,127.1056394,35.8273212,효자5동,exact_official_building_road,기존 주택 CSV의 건물 좌표; 음식점 자체 측량 좌표 아님
연기나는마을,완산구 효자동1가,전북특별자치도 전주시 완산구 효자동1가 667-6,전북특별자치도 전주시 완산구 효자천변1길 36-14,063-224-3223,127.1149299,35.7992244,효자3동,exact_official_building_road,기존 주택 CSV의 건물 좌표; 음식점 자체 측량 좌표 아님
요거프레소_전주오송점,덕진구 송천동,전북특별자치도 전주시 덕진구 송천동1가 97-6,전북특별자치도 전주시 덕진구 오송1길 37-13,063-273-0999,127.1306685,35.8639102,송천1동,exact_official_building_road,기존 주택 CSV의 건물 좌표; 음식점 자체 측량 좌표 아님
하가물갈비,덕진구 덕진동,전북특별자치도 전주시 덕진구 덕진동2가 677-4,전북특별자치도 전주시 덕진구 가리내10길 12-5,010-2627-6504,127.1102642,35.8423937,덕진동,exact_official_building_road,기존 주택 CSV의 건물 좌표; 음식점 자체 측량 좌표 아님
라온,완산구 중앙동,전북특별자치도 전주시 완산구 중앙동3가 80,전북특별자치도 전주시 완산구 전라감영5길 17,063-282-0704,127.1459492,35.81707255,중앙동,exact_official_building_road,기존 주택 CSV의 건물 좌표; 음식점 자체 측량 좌표 아님
한일관_본점,완산구 중화산동2가,전북특별자치도 전주시 완산구 중화산동2가 4-34,전북특별자치도 전주시 완산구 어은로 48,063-226-1569,127.1280381,35.81763819,중화산1동,exact_official_building_road,기존 주택 CSV의 건물 좌표; 음식점 자체 측량 좌표 아님
피자스쿨_송천대명점,덕진구 송천동,전북특별자치도 전주시 덕진구 송천동1가 833-5,전북특별자치도 전주시 덕진구 시천로 50,063-278-6668,127.1147025,35.863828,송천2동,exact_official_building_road,기존 주택 CSV의 건물 좌표; 음식점 자체 측량 좌표 아님
청동북카페,완산구 효자5동,전북특별자치도 전주시 완산구 효자동3가 1471-3 1층,전북특별자치도 전주시 완산구 세내로 504-7 1층,063-223-0010,127.1037827,35.8325879,효자5동,exact_official_building_road,기존 주택 CSV의 건물 좌표; 음식점 자체 측량 좌표 아님
샤브향_중화산점,완산구 중화산동2가,전북특별자치도 전주시 완산구 중화산동2가 485-94 2층,전북특별자치도 전주시 완산구 강변로 284 2층,063-226-4445,127.1136963,35.81564973,중화산2동,exact_official_building_road,기존 주택 CSV의 건물 좌표; 음식점 자체 측량 좌표 아님
바다마을,완산구 서신동,전북특별자치도 전주시 완산구 서신동 783-2,전북특별자치도 전주시 완산구 당산로 126,063-251-3933,127.1220928,35.8319765,서신동,exact_official_building_road,기존 주택 CSV의 건물 좌표; 음식점 자체 측량 좌표 아님
팔도명가,완산구 서신동,전북특별자치도 전주시 완산구 서신동 842-16,전북특별자치도 전주시 완산구 서신천변1길 25,063-255-5001,127.1131159,35.82705605,서신동,exact_official_building_road,기존 주택 CSV의 건물 좌표; 음식점 자체 측량 좌표 아님
양푼집_효자삼천점,완산구 효자동1가,전북특별자치도 전주시 완산구 효자동1가 667-9,전북특별자치도 전주시 완산구 효자천변1길 26-25,063-226-0996,127.1146025,35.7990614,효자3동,exact_official_building_road,기존 주택 CSV의 건물 좌표; 음식점 자체 측량 좌표 아님
황토마실,덕진구 우아동1가,전북특별자치도 전주시 덕진구 우아동1가 1117-2,전북특별자치도 전주시 덕진구 인교9길 51,063-244-2600,127.175923,35.82714181,우아2동,exact_official_building_road,기존 주택 CSV의 건물 좌표; 음식점 자체 측량 좌표 아님
가마솥통닭가맥_아중점,덕진구 우아동2가,전북특별자치도 전주시 덕진구 우아동2가 911-7,전북특별자치도 전주시 덕진구 아중3길 12,063-243-8822,127.1705883,35.82928636,우아2동,exact_official_building_road,기존 주택 CSV의 건물 좌표; 음식점 자체 측량 좌표 아님
르델리스,완산구 효자동,전북특별자치도 전주시 완산구 효자동3가 1631-11,전북특별자치도 전주시 완산구 마전4길 11-5,063-222-0429,127.1033706,35.8242643,효자5동,exact_official_building_road,기존 주택 CSV의 건물 좌표; 음식점 자체 측량 좌표 아님
율이네생삼겹살,완산구 효자동,전북특별자치도 전주시 완산구 효자동1가 565-5,전북특별자치도 전주시 완산구 성지산로 65,063-231-8020,127.1244527,35.80248813,효자2동,exact_official_building_road,기존 주택 CSV의 건물 좌표; 음식점 자체 측량 좌표 아님
우노의정원,덕진구 덕진동,전북특별자치도 전주시 덕진구 덕진동1가 664-1 101호,전북특별자치도 전주시 덕진구 권삼득로 343 101호,063-277-7300,127.1251477,35.8453962,덕진동,exact_official_building_road,기존 주택 CSV의 건물 좌표; 음식점 자체 측량 좌표 아님
카페미아,완산구 효자동2가,전북특별자치도 전주시 완산구 효자동2가 1329-4,전북특별자치도 전주시 완산구 우전2길 67,063-228-7100,127.1065937,35.8101427,효자4동,exact_official_building_road,기존 주택 CSV의 건물 좌표; 음식점 자체 측량 좌표 아님
푸른달스물이레,완산구 효자동3가,전북특별자치도 전주시 완산구 효자동3가 1632-6,전북특별자치도 전주시 완산구 마전3길 18,010-9414-6232,127.1027121,35.8238186,효자5동,exact_official_building_road,기존 주택 CSV의 건물 좌표; 음식점 자체 측량 좌표 아님
스탠,완산구 다가동,전북특별자치도 전주시 완산구 다가동3가 118,"전북특별자치도 전주시 완산구 충경로 10, 1층",010-4720-6370,127.1406541,35.81655718,중앙동,exact_official_building_road,기존 주택 CSV의 건물 좌표; 음식점 자체 측량 좌표 아님
조선옥_효자점,완산구 효자동1가,전북특별자치도 전주시 완산구 효자동1가 289-3 효자프라자,전북특별자치도 전주시 완산구 용머리로 73 효자프라자,063-904-6350,127.118175,35.8070833,효자2동,exact_official_building_road,기존 주택 CSV의 건물 좌표; 음식점 자체 측량 좌표 아님
하서방뚝배기,덕진구 우아동2가,전북특별자치도 전주시 덕진구 우아동2가 918-12,전북특별자치도 전주시 덕진구 아중로 205,063-246-8884,127.1716879,35.8282651,우아2동,exact_official_building_road,기존 주택 CSV의 건물 좌표; 음식점 자체 측량 좌표 아님
가마솥붉은대게_전주도청점,완산구 효자동,전북특별자치도 전주시 완산구 효자동3가 1527-14,전북특별자치도 전주시 완산구 홍산북로 59-12,063-226-7557,127.1080102,35.8181593,효자5동,exact_official_building_road,기존 주택 CSV의 건물 좌표; 음식점 자체 측량 좌표 아님
투썸플레이스_전주효천점,완산구 효자5동,전북특별자치도 전주시 완산구 효자동2가 341-2 1층,전북특별자치도 전주시 완산구 쑥고개로 324 1층,063-244-3333,127.1008349,35.80214285,효자4동,exact_official_building_road,기존 주택 CSV의 건물 좌표; 음식점 자체 측량 좌표 아님
커피니_전주역점,덕진구 우아동3가,전북특별자치도 전주시 덕진구 우아동3가 746-40,전북특별자치도 전주시 덕진구 백제대로 835,063-247-0246,127.1593978,35.8492754,우아1동,exact_official_building_road,기존 주택 CSV의 건물 좌표; 음식점 자체 측량 좌표 아님
맛깔참죽_전주송천점,덕진구 송천동,전북특별자치도 전주시 덕진구 송천동2가 287-3 1층,전북특별자치도 전주시 덕진구 솔내로 202,063-278-6288,127.1275397,35.8680142,송천1동,exact_official_building_road,기존 주택 CSV의 건물 좌표; 음식점 자체 측량 좌표 아님
동경참치일번가,덕진구 혁신동,전북특별자치도 전주시 덕진구 혁신동 777-2,전북특별자치도 전주시 덕진구 오공로 43-50,063-222-5837,127.0605558,35.83748203,혁신동,exact_official_building_road,기존 주택 CSV의 건물 좌표; 음식점 자체 측량 좌표 아님
디저트39_에코시티점,덕진구 송천동,전북특별자치도 전주시 덕진구 송천동2가 1326-12,전북특별자치도 전주시 덕진구 세병남로 37,063-277-6362,127.1276561,35.8730761,송천1동,exact_official_building_road,기존 주택 CSV의 건물 좌표; 음식점 자체 측량 좌표 아님
스위밍,완산구 효자동1가,전북특별자치도 전주시 완산구 효자동1가  356,전북특별자치도 전주시 완산구 서원로 203,063-224-1574,127.1169593,35.8130692,효자2동,exact_official_building_road,기존 주택 CSV의 건물 좌표; 음식점 자체 측량 좌표 아님
순이영산포홍어,완산구 효자동1가,전북특별자치도 전주시 완산구 효자동1가 594-4,전북특별자치도 전주시 완산구 신봉4길 3,063-228-7557,127.1184816,35.8122058,효자2동,exact_official_building_road,기존 주택 CSV의 건물 좌표; 음식점 자체 측량 좌표 아님
스위트몰다빈푸드코트,완산구 효자5동,전북특별자치도 전주시 완산구 효자동3가 1525-3,전북특별자치도 전주시 완산구 홍산로 270,063-222-5370,127.1064578,35.81775938,효자5동,exact_official_building_road,기존 주택 CSV의 건물 좌표; 음식점 자체 측량 좌표 아님
명가곱창,완산구 중화산동2가,전북특별자치도 전주시 완산구 중화산동2가 658-9,전북특별자치도 전주시 완산구 한두평4길 11-4,0507-1411-2565,127.1246144,35.81600901,중화산1동,exact_official_building_road,기존 주택 CSV의 건물 좌표; 음식점 자체 측량 좌표 아님
브롱스_전주에코시티점,덕진구 송천2동,전북특별자치도 전주시 덕진구 송천동2가 1330-9 104호,전북특별자치도 전주시 덕진구 세병2길 30 104호,063-906-9777,127.1269543,35.8725424,송천1동,exact_official_building_road,기존 주택 CSV의 건물 좌표; 음식점 자체 측량 좌표 아님
하모니,덕진구 우아2동,전북특별자치도 전주시 덕진구 우아동1가 757-7,전북특별자치도 전주시 덕진구 아중호수길 115,063-247-9933,127.174389,35.82136288,우아2동,exact_official_building_road,기존 주택 CSV의 건물 좌표; 음식점 자체 측량 좌표 아님
배스킨라빈스_전주효천점,완산구 효자5동,전북특별자치도 전주시 완산구 효자동2가 1377-2 105호,전북특별자치도 전주시 완산구 효천중앙로 55 105호,063-229-4499,127.1078764,35.7989571,효자4동,exact_official_building_road,기존 주택 CSV의 건물 좌표; 음식점 자체 측량 좌표 아님
여수수산,완산구 효자동,전북특별자치도 전주시 완산구 효자동1가 399-2,전북특별자치도 전주시 완산구 거마평로 188,063-236-6180,127.1157555,35.8091151,효자2동,exact_official_building_road,기존 주택 CSV의 건물 좌표; 음식점 자체 측량 좌표 아님
동원순대집막걸리,완산구 효자동2가,전북특별자치도 전주시 완산구 효자동2가 202-1,전북특별자치도 전주시 완산구 쑥고개로 391,063-228-0028,127.1075899,35.80458158,효자4동,exact_official_building_road,기존 주택 CSV의 건물 좌표; 음식점 자체 측량 좌표 아님
캘리,완산구 다가동4가,전북특별자치도 전주시 완산구 다가동4가 22-9,전북특별자치도 전주시 완산구 전주객사2길 99,0507-1408-4982,127.1397478,35.82056156,중앙동,exact_official_building_parcel,기존 주택 CSV의 건물 좌표; 음식점 자체 측량 좌표 아님
샌드리아,완산구 효자동2가,전북특별자치도 전주시 완산구 효자동2가 1229-6,전북특별자치도 전주시 완산구 홍산북로 13,063-222-2289,127.1033017,35.8175853,효자5동,exact_official_building_road,기존 주택 CSV의 건물 좌표; 음식점 자체 측량 좌표 아님
산토리니,완산구 효자4동,전북특별자치도 전주시 완산구 효자동2가 1255-17,전북특별자치도 전주시 완산구 구룡2길 29-1,063-225-1288,127.1051489,35.8133781,효자4동,exact_official_building_road,기존 주택 CSV의 건물 좌표; 음식점 자체 측량 좌표 아님
다오,완산구 효자5동,전북특별자치도 전주시 완산구 효자동3가 1725-8 아너스빌 1층,전북특별자치도 전주시 완산구 봉곡4길 22 아너스빌 1층,010-2684-2513,127.0945915,35.81219977,효자4동,exact_official_building_road,기존 주택 CSV의 건물 좌표; 음식점 자체 측량 좌표 아님
배스킨라빈스_전주고사점,완산구 중앙동,전북특별자치도 전주시 완산구 고사동 199 전주한성관광호텔,전북특별자치도 전주시 완산구 전주객사5길 43-3 전주한성관광호텔,063-285-7252,127.1448274,35.8199309,중앙동,exact_official_building_road,기존 주택 CSV의 건물 좌표; 음식점 자체 측량 좌표 아님
에스비노,완산구 효자동,전북특별자치도 전주시 완산구 효자동2가 1239-4 SD빌딩 1층,전북특별자치도 전주시 완산구 홍산로 253 SD빌딩 1층,010-3572-9812,127.1054918,35.8163784,효자5동,exact_official_building_road,기존 주택 CSV의 건물 좌표; 음식점 자체 측량 좌표 아님
헬로우딜리셔스,완산구 효자동2가,전북특별자치도 전주시 완산구 효자동2가 1259-1 1층,전북특별자치도 전주시 완산구 구룡2길 16,010-7557-3117,127.1034774,35.81314955,효자4동,exact_official_building_road,기존 주택 CSV의 건물 좌표; 음식점 자체 측량 좌표 아님
모어댄,완산구 서신동,전북특별자치도 전주시 완산구 서신동 946-8,전북특별자치도 전주시 완산구 고사평1길 6,010-4589-1988,127.1090247,35.8347985,서신동,exact_official_building_road,기존 주택 CSV의 건물 좌표; 음식점 자체 측량 좌표 아님
향리,완산구 고사동,전북특별자치도 전주시 완산구 고사동 222-1,전북특별자치도 전주시 완산구 전주객사5길 83,063-272-6320,127.1443383,35.82179301,중앙동,exact_official_building_road,기존 주택 CSV의 건물 좌표; 음식점 자체 측량 좌표 아님
메르밀진미집_전주역점,덕진구 우아동3가,전북특별자치도 전주시 덕진구 우아동3가 747-14,전북특별자치도 전주시 덕진구 우아3길 8,063-244-0406,127.1558307,35.8490775,우아1동,exact_official_building_road,기존 주택 CSV의 건물 좌표; 음식점 자체 측량 좌표 아님
윤참치_전주본점,완산구 효자5동,전북특별자치도 전주시 완산구 효자동3가 1536-3 2층,전북특별자치도 전주시 완산구 홍산중앙로 38,0507-1344-1737,127.1092879,35.816916,효자5동,exact_official_building_road,기존 주택 CSV의 건물 좌표; 음식점 자체 측량 좌표 아님
직화팩토리_효자점,완산구 효자5동,전북특별자치도 전주시 완산구 효자동2가 1235-2 104호,전북특별자치도 전주시 완산구 바우배기2길 17-5 104호,063-221-3117,127.1035795,35.8173529,효자5동,exact_official_building_road,기존 주택 CSV의 건물 좌표; 음식점 자체 측량 좌표 아님
보드박스,덕진구 덕진동,전북특별자치도 전주시 덕진구 덕진동1가 1265-2 2층,전북특별자치도 전주시 덕진구 명륜3길 10-2 2층,0507-1413-0127,127.1275271,35.8421231,덕진동,exact_official_building_road,기존 주택 CSV의 건물 좌표; 음식점 자체 측량 좌표 아님
긴꼬리초밥,완산구 효자동,전북특별자치도 전주시 완산구 효자동1가 147-1,"전북특별자치도 전주시 완산구 용머리로 167, 1층",010-3672-2458,127.1284212,35.8066255,효자1동,exact_official_building_road,기존 주택 CSV의 건물 좌표; 음식점 자체 측량 좌표 아님
명태명가,완산구 풍남동,전북특별자치도 전주시 완산구 전동 107-3 1층,전북특별자치도 전주시 완산구 풍남문3길 28-4 1층,0507-1421-6589,127.1473767,35.81500064,풍남동,exact_official_building_road,기존 주택 CSV의 건물 좌표; 음식점 자체 측량 좌표 아님
멜브,완산구 서신동,전북특별자치도 전주시 완산구 서신동 850-14,전북특별자치도 전주시 완산구 전룡로 11,070-8836-4725,127.1145194,35.82624619,서신동,exact_official_building_road,기존 주택 CSV의 건물 좌표; 음식점 자체 측량 좌표 아님
다가쭈꾸미,완산구 다가동4가,전북특별자치도 전주시 완산구 다가동4가 55-6,전북특별자치도 전주시 완산구 전주객사2길 75,063-282-8709,127.1396176,35.8200518,중앙동,exact_official_building_road,기존 주택 CSV의 건물 좌표; 음식점 자체 측량 좌표 아님
삼번집,완산구 풍남동,전북특별자치도 전주시 완산구 전동 303-182,전북특별자치도 전주시 완산구 풍남문1길 9-6,063-231-1586,127.1478365,35.81235403,풍남동,exact_official_building_road,기존 주택 CSV의 건물 좌표; 음식점 자체 측량 좌표 아님
홍루몽_본점,완산구 효자동3가,전북특별자치도 전주시 완산구 효자동2가 1233-2,전북특별자치도 전주시 완산구 우전로 255,063-226-8838,127.1015834,35.81724541,효자5동,exact_official_building_road,기존 주택 CSV의 건물 좌표; 음식점 자체 측량 좌표 아님
세자매집밥앤가맥,완산구 중화산동,전북특별자치도 전주시 완산구 중화산동2가 615-6 1층,전북특별자치도 전주시 완산구 중산6길 14 1층,063-227-3301,127.1218169,35.81681785,중화산2동,exact_official_building_road,기존 주택 CSV의 건물 좌표; 음식점 자체 측량 좌표 아님
카페드콤마,덕진구 장동,전북특별자치도 전주시 덕진구 장동 1093-5 4층,전북특별자치도 전주시 덕진구 중동로 104-6 4층,063-234-1009,127.064469,35.8426594,여의동,exact_official_building_road,기존 주택 CSV의 건물 좌표; 음식점 자체 측량 좌표 아님
카페_짙푸른,덕진구 송천1동,전북특별자치도 전주시 덕진구 송천동1가 817-8,"전북특별자치도 전주시 덕진구 두간3길 8-7, 1층",010-9884-3275,127.1194163,35.864527,송천2동,exact_official_building_road,기존 주택 CSV의 건물 좌표; 음식점 자체 측량 좌표 아님
고빼기_효자점,완산구 효자3동,전북특별자치도 전주시 완산구 효자동1가 453-1,전북특별자치도 전주시 완산구 거마평로 147-14,063-223-8899,127.115284,35.8054669,효자3동,exact_official_building_road,기존 주택 CSV의 건물 좌표; 음식점 자체 측량 좌표 아님
짱닭치킨_송천점,덕진구 송천동,전북특별자치도 전주시 덕진구 송천동2가 561-21,전북특별자치도 전주시 덕진구 와룡2길 12,063-277-0774,127.1134618,35.86666203,송천2동,exact_official_building_road,기존 주택 CSV의 건물 좌표; 음식점 자체 측량 좌표 아님
누구나홀딱반한닭_전주송천점,덕진구 송천동,전북특별자치도 전주시 덕진구 송천동2가 245-1,전북특별자치도 전주시 덕진구 붓내3길 18,063-256-3602,127.1232959,35.8664258,송천1동,exact_official_building_road,기존 주택 CSV의 건물 좌표; 음식점 자체 측량 좌표 아님
하오,완산구 중화산동,전북특별자치도 전주시 완산구 중화산동1가 258-4,전북특별자치도 전주시 완산구 안행로 185,010-7178-9666,127.1310832,35.81237851,중화산1동,exact_official_building_road,기존 주택 CSV의 건물 좌표; 음식점 자체 측량 좌표 아님
주마본,완산구 효자동1가,전북특별자치도 전주시 완산구 효자동1가 454-1,전북특별자치도 전주시 완산구 용머리로 36,063-224-9855,127.1144062,35.8054176,효자3동,exact_official_building_road,기존 주택 CSV의 건물 좌표; 음식점 자체 측량 좌표 아님
차미라미,완산구 풍남동,전북특별자치도 전주시 완산구 풍남동3가 89-3 1층,전북특별자치도 전주시 완산구 경기전길 51,070-4300-4435,127.1506905,35.8171512,풍남동,exact_official_building_road,기존 주택 CSV의 건물 좌표; 음식점 자체 측량 좌표 아님
하가생구이,덕진구 덕진동,전북특별자치도 전주시 덕진구 덕진동2가 665-10 1층,전북특별자치도 전주시 덕진구 가리내6길 10-2,"0507-1316-3401, 063-253-3392",127.1107246,35.8450891,덕진동,exact_official_building_road,기존 주택 CSV의 건물 좌표; 음식점 자체 측량 좌표 아님
김가네_송천점,덕진구 송천동1가,전북특별자치도 전주시 덕진구 송천동1가 107-15,전북특별자치도 전주시 덕진구 솔내로 152,0507-0544-9590,127.1272098,35.863705,송천1동,exact_official_building_road,기존 주택 CSV의 건물 좌표; 음식점 자체 측량 좌표 아님
어시장,완산구 다가동,전북특별자치도 전주시 완산구 다가동3가 53-5,"전북특별자치도 전주시 완산구 전주객사1길 39, 1층",010-2077-9154,127.1392321,35.81809729,중앙동,exact_official_building_road,기존 주택 CSV의 건물 좌표; 음식점 자체 측량 좌표 아님
아프리카커피앤쵸콜릿,덕진구 전미동,전북특별자치도 전주시 덕진구 전미동1가 305-12,전북특별자치도 전주시 덕진구 숲거리길 8,070-8869-5585,127.1256148,35.89336644,송천2동,exact_official_building_road,기존 주택 CSV의 건물 좌표; 음식점 자체 측량 좌표 아님
참치한판,덕진구 송천동,전북특별자치도 전주시 덕진구 송천동1가 800-9 1층,전북특별자치도 전주시 덕진구 시천로 70,063-255-3737,127.1147036,35.86551751,송천2동,exact_official_building_road,기존 주택 CSV의 건물 좌표; 음식점 자체 측량 좌표 아님
육공장,완산구 효자동,전북특별자치도 전주시 완산구 효자동3가 1528-8 2층,전북특별자치도 전주시 완산구 홍산4길 20-4 2층,063-224-4848,127.1109266,35.8181532,효자5동,exact_official_building_road,기존 주택 CSV의 건물 좌표; 음식점 자체 측량 좌표 아님
교촌치킨_혁신점,덕진구 혁신동,전북특별자치도 전주시 덕진구 혁신동 781-5,전북특별자치도 전주시 덕진구 오정2길 6,063-214-1991,127.0610541,35.83558417,혁신동,exact_official_building_road,기존 주택 CSV의 건물 좌표; 음식점 자체 측량 좌표 아님
TAKEFLOW,완산구 효자5동,전북특별자치도 전주시 완산구 효자동3가 1528-2 1층,전북특별자치도 전주시 완산구 홍산4길 8 1층,없음,127.1097379,35.8183059,효자5동,exact_official_building_road,기존 주택 CSV의 건물 좌표; 음식점 자체 측량 좌표 아님
동서네낙지_서신점,완산구 서신동,전북특별자치도 전주시 완산구 서신동  809-5,전북특별자치도 전주시 완산구 안터6길 37-4,063-272-0308,127.1170341,35.83003214,서신동,exact_official_building_road,기존 주택 CSV의 건물 좌표; 음식점 자체 측량 좌표 아님
정성아구찜,완산구 효자5동,전북특별자치도 전주시 완산구 효자동2가 759-19 1층 1층,전북특별자치도 전주시 완산구 쑥고개로 258 1층,063-225-6225,127.0939429,35.80011732,효자4동,exact_official_building_road,기존 주택 CSV의 건물 좌표; 음식점 자체 측량 좌표 아님
한솥도시락_중화산점,완산구 서신동,전북특별자치도 전주시 완산구 서신동 855-3,전북특별자치도 전주시 완산구 유연로 275,063-253-2111,127.1155715,35.8255749,서신동,exact_official_building_road,기존 주택 CSV의 건물 좌표; 음식점 자체 측량 좌표 아님
복돼지감자탕,완산구 효자동3가,전북특별자치도 전주시 완산구 효자동3가 1529-3,전북특별자치도 전주시 완산구 홍산북로 45-14,063-225-7766,127.1073382,35.8178401,효자5동,exact_official_building_road,기존 주택 CSV의 건물 좌표; 음식점 자체 측량 좌표 아님
두꺼비부대찌개_전주점,덕진구 우아동1가,전북특별자치도 전주시 덕진구 우아동1가 1123-10,전북특별자치도 전주시 덕진구 동부대로 383,063-243-8886,127.1770361,35.8265185,우아2동,exact_official_building_road,기존 주택 CSV의 건물 좌표; 음식점 자체 측량 좌표 아님
옛촌막걸리_전북대점,덕진구 덕진동1가,전북특별자치도 전주시 덕진구 덕진동1가 1264-24 2층,전북특별자치도 전주시 덕진구 명륜3길 18-2 2층,0507-1346-4479,127.1280252,35.8425436,덕진동,exact_official_building_road,기존 주택 CSV의 건물 좌표; 음식점 자체 측량 좌표 아님
경기전중앙숯불,완산구 풍남동,전북특별자치도 전주시 완산구 풍남동3가  80-1 1층,전북특별자치도 전주시 완산구 경기전길 75,063-231-1771,127.1509063,35.81608011,풍남동,exact_official_building_road,기존 주택 CSV의 건물 좌표; 음식점 자체 측량 좌표 아님
진칼국수,완산구 중화산동,전북특별자치도 전주시 완산구 중화산동2가 777-3,전북특별자치도 전주시 완산구 신촌4길 6-6,063-221-2231,127.1175734,35.81829201,중화산2동,exact_official_building_road,기존 주택 CSV의 건물 좌표; 음식점 자체 측량 좌표 아님
두두포장마차,완산구 풍남동,전북특별자치도 전주시 완산구 풍남동1가 14-5,전북특별자치도 전주시 완산구 경기전길 13,063-288-9959,127.1502459,35.81886052,풍남동,exact_official_building_road,기존 주택 CSV의 건물 좌표; 음식점 자체 측량 좌표 아님
족발슈퍼_전주효자점,완산구 효자5동,전북특별자치도 전주시 완산구 효자동3가 1667-6 102호,전북특별자치도 전주시 완산구 우전로 299 102호,063-224-7804,127.1016506,35.8214098,효자5동,exact_official_building_road,기존 주택 CSV의 건물 좌표; 음식점 자체 측량 좌표 아님
곱창가_전북대점,덕진구 덕진동,전북특별자치도 전주시 덕진구 덕진동1가 1312-38,전북특별자치도 전주시 덕진구 명륜5길 19,063-276-7799,127.1259866,35.8444648,덕진동,exact_official_building_road,기존 주택 CSV의 건물 좌표; 음식점 자체 측량 좌표 아님
한참치,완산구 효자동2가,전북특별자치도 전주시 완산구 효자동2가 1242-2 201호,전북특별자치도 전주시 완산구 홍산남로 16 201호,063-221-3737,127.1035173,35.8155963,효자5동,exact_official_building_road,기존 주택 CSV의 건물 좌표; 음식점 자체 측량 좌표 아님
신지수산,완산구 서신동,전북특별자치도 전주시 완산구 서신동 839-4,전북특별자치도 전주시 완산구 서신로 21,050-7744-1238,127.1155371,35.82729018,서신동,exact_official_building_road,기존 주택 CSV의 건물 좌표; 음식점 자체 측량 좌표 아님
뉴욕버거전주_효자점,완산구 효자동1가,전북특별자치도 전주시 완산구 효자동1가 431-5 홈플러스 B1F,전북특별자치도 전주시 완산구 용머리로 31 홈플러스 B1F,063-223-4724,127.1142642,35.8065785,효자3동,exact_official_building_road,기존 주택 CSV의 건물 좌표; 음식점 자체 측량 좌표 아님
훈희국수,덕진구 우아1동,전북특별자치도 전주시 덕진구 우아동3가 744-59,전북특별자치도 전주시 덕진구 우아8길 8,063-247-1275,127.1568474,35.8506398,우아1동,exact_official_building_road,기존 주택 CSV의 건물 좌표; 음식점 자체 측량 좌표 아님
초밥대통령_전주하가점,덕진구 덕진동2가,전북특별자치도 전주시 덕진구 덕진동2가 681-5 1층,전북특별자치도 전주시 덕진구 가련산로 23 1층,0507-1343-3671,127.110978,35.841948,덕진동,exact_official_building_road,기존 주택 CSV의 건물 좌표; 음식점 자체 측량 좌표 아님
화덕의아침_서신점,완산구 서신동,전북특별자치도 전주시 완산구 서신동 595-3,전북특별자치도 전주시 완산구 온고을로 100,063-277-2253,127.1119524,35.83414979,서신동,exact_official_building_road,기존 주택 CSV의 건물 좌표; 음식점 자체 측량 좌표 아님
전주영광집생선구이전문_도청직영점,완산구 중화산동2가,전북특별자치도 전주시 완산구 중화산동2가 767-2,전북특별자치도 전주시 완산구 효자로 265,063-222-0878,127.1144335,35.8192508,중화산2동,exact_official_building_road,기존 주택 CSV의 건물 좌표; 음식점 자체 측량 좌표 아님
송탄부대찌개,덕진구 송천2동,전북특별자치도 전주시 덕진구 송천동2가 543-6,전북특별자치도 전주시 덕진구 와룡로 32-6,063-275-9255,127.112791,35.86225873,송천2동,exact_official_building_road,기존 주택 CSV의 건물 좌표; 음식점 자체 측량 좌표 아님
촌댁맥주_홍산점,완산구 효자5동,전북특별자치도 전주시 완산구 효자동3가 1689-6 1층,전북특별자치도 전주시 완산구 마전들로 54 1층,0507-1435-7013,127.1014653,35.82085878,효자5동,exact_official_building_road,기존 주택 CSV의 건물 좌표; 음식점 자체 측량 좌표 아님
꼬치파이터,완산구 고사동,전북특별자치도 전주시 완산구 고사동81,전북특별자치도 전주시 완산구 전주객사5길 13-4,063-282-2929,127.1451113,35.81885121,중앙동,exact_official_building_road,기존 주택 CSV의 건물 좌표; 음식점 자체 측량 좌표 아님
브롱스_전주효천점,완산구 효자5동,전북특별자치도 전주시 완산구 효자동2가 1377-4 1층,전북특별자치도 전주시 완산구 효천중앙로 49 1층,063-223-0966,127.1072243,35.7989551,효자4동,exact_official_building_road,기존 주택 CSV의 건물 좌표; 음식점 자체 측량 좌표 아님
홍루이젠_신시가지점,완산구 효자동2가,전북특별자치도 전주시 완산구 효자동2가 1234-2 103호,전북특별자치도 전주시 완산구 바우배기2길 11 103호,0507-1449-0222,127.1027355,35.8171785,효자5동,exact_official_building_road,기존 주택 CSV의 건물 좌표; 음식점 자체 측량 좌표 아님
교동집,완산구 풍남동,전북특별자치도 전주시 완산구 교동 111-2,전북특별자치도 전주시 완산구 향교길 61,063-284-3544,127.1528869,35.81192098,풍남동,exact_official_building_road,기존 주택 CSV의 건물 좌표; 음식점 자체 측량 좌표 아님
더폴클래식,덕진구 송천동,전북특별자치도 전주시 덕진구 송천동2가 1298 KCC스위첸 13블럭 상가,전북특별자치도 전주시 덕진구 세병로 182 KCC스위첸 13블럭 상가,010-7178-7218,127.1311193,35.88123874,송천2동,exact_official_building_road,기존 주택 CSV의 건물 좌표; 음식점 자체 측량 좌표 아님
충만치킨_전주대점,완산구 효자동2가,전북특별자치도 전주시 완산구 효자동2가 1309-7,전북특별자치도 전주시 완산구 후곡길 11-2,063-225-3313,127.0956236,35.8098031,효자4동,exact_official_building_road,기존 주택 CSV의 건물 좌표; 음식점 자체 측량 좌표 아님
대운한우곰탕,완산구 서신동,전북특별자치도 전주시 완산구 서신동 816-5,전북특별자치도 전주시 완산구 서신천변12길 8,063-277-1428,127.1150425,35.82998146,서신동,exact_official_building_road,기존 주택 CSV의 건물 좌표; 음식점 자체 측량 좌표 아님
라라코스트_전주에코시티점,덕진구 송천동,전북특별자치도 전주시 덕진구 송천동2가 1299-5 포도원빌딩 2층,전북특별자치도 전주시 덕진구 세병로 174-11 포도원빌딩 2층,063-253-3230,127.1336672,35.8795391,송천2동,exact_official_building_road,기존 주택 CSV의 건물 좌표; 음식점 자체 측량 좌표 아님
김재철전주참치,완산구 서신동,전북특별자치도 전주시 완산구 서신동 816-7,전북특별자치도 전주시 완산구 서신천변12길 12,063-251-4680,127.1153238,35.8300245,서신동,exact_official_building_road,기존 주택 CSV의 건물 좌표; 음식점 자체 측량 좌표 아님
대게나라_본점,완산구 중화산동2가,전북특별자치도 전주시 완산구 중화산동2가 729-1,전북특별자치도 전주시 완산구 유연로 298,063-226-1119,127.1182178,35.82507459,중화산2동,exact_official_building_road,기존 주택 CSV의 건물 좌표; 음식점 자체 측량 좌표 아님
연화루,완산구 서신동,전북특별자치도 전주시 완산구 서신동 812-3,전북특별자치도 전주시 완산구 서신로 48,063-717-7771,127.1160246,35.8295073,서신동,exact_official_building_road,기존 주택 CSV의 건물 좌표; 음식점 자체 측량 좌표 아님
BHC치킨_전주에코씨티점,덕진구 송천동2가,전북특별자치도 전주시 덕진구 송천동2가 1327-6,전북특별자치도 전주시 덕진구 세병1길 36,063-255-2999,127.1274238,35.8737048,송천1동,exact_official_building_road,기존 주택 CSV의 건물 좌표; 음식점 자체 측량 좌표 아님
봉화골화로구이_아중점,덕진구 우아2동,전북특별자치도 전주시 덕진구 우아동2가 908-9,전북특별자치도 전주시 덕진구 아중3길 23,063-246-7792,127.1717321,35.82998824,우아2동,exact_official_building_road,기존 주택 CSV의 건물 좌표; 음식점 자체 측량 좌표 아님
갓샐러드_전주점,완산구 효자동2가,전북특별자치도 전주시 완산구 효자동2가 1154-3 메트로빌딩 106호,전북특별자치도 전주시 완산구 홍산로 238 메트로빌딩 106호,0507-1470-1706,127.1064458,35.81487509,효자5동,exact_official_building_road,기존 주택 CSV의 건물 좌표; 음식점 자체 측량 좌표 아님
달무리_전주본점,완산구 중화산동2가,전북특별자치도 전주시 완산구 중화산동2가 781-6,전북특별자치도 전주시 완산구 신촌3길 12,063-237-5999,127.1169052,35.8171453,중화산2동,exact_official_building_road,기존 주택 CSV의 건물 좌표; 음식점 자체 측량 좌표 아님
서쪽나무커피숍,완산구 효자5동,전북특별자치도 전주시 완산구 효자동3가 1446-8,전북특별자치도 전주시 완산구 서곡2길 27,063-274-6200,127.1035416,35.8334929,효자5동,exact_official_building_road,기존 주택 CSV의 건물 좌표; 음식점 자체 측량 좌표 아님
왕참치,완산구 중화산동2가,전북특별자치도 전주시 완산구 중화산동2가 656-6,전북특별자치도 전주시 완산구 어은로 17,063-237-3730,127.1248061,35.81668639,중화산2동,exact_official_building_road,기존 주택 CSV의 건물 좌표; 음식점 자체 측량 좌표 아님
용인백암순대,완산구 효자동,전북특별자치도 전주시 완산구 효자동2가 1210-4,전북특별자치도 전주시 완산구 소태정1길 12-3,063-225-0101,127.100024,35.803113,효자4동,exact_official_building_road,기존 주택 CSV의 건물 좌표; 음식점 자체 측량 좌표 아님
임실슈퍼,완산구 풍남동,전북특별자치도 전주시 완산구 풍남동1가 11-6,전북특별자치도 전주시 완산구 경기전길 7,063-288-1896,127.1501885,35.8190584,풍남동,exact_official_building_road,기존 주택 CSV의 건물 좌표; 음식점 자체 측량 좌표 아님
놀부곰탕,완산구 효자5동,전북특별자치도 전주시 완산구 효자동3가 1417-6 1층,전북특별자치도 전주시 완산구 서곡로 85 1층,063-252-7742,127.1019889,35.8362931,효자5동,exact_official_building_road,기존 주택 CSV의 건물 좌표; 음식점 자체 측량 좌표 아님
다산돼지와낙지_본점,완산구 효자동3가,전북특별자치도 전주시 완산구 효자동3가 1530-5,전북특별자치도 전주시 완산구 홍산북로 83-9,063-221-7005,127.1106519,35.8178481,효자5동,exact_official_building_road,기존 주택 CSV의 건물 좌표; 음식점 자체 측량 좌표 아님
1도씨맥주_서신점,완산구 서신동,전북특별자치도 전주시 완산구 서신동  836-2,전북특별자치도 전주시 완산구 서신로 26,063-271-0045,127.1160821,35.827687,서신동,exact_official_building_road,기존 주택 CSV의 건물 좌표; 음식점 자체 측량 좌표 아님
바다소리새꼬시,덕진구 우아1동,전북특별자치도 전주시 덕진구 우아동3가 602-71,전북특별자치도 전주시 덕진구 호성로 18-9,063-243-0137,127.1527785,35.85447116,우아1동,exact_official_building_road,기존 주택 CSV의 건물 좌표; 음식점 자체 측량 좌표 아님
캐슬카페,덕진구 우아동2가,전북특별자치도 전주시 덕진구 우아동2가 927-10,전북특별자치도 전주시 덕진구 아중중앙로 18,063-241-7218,127.1724857,35.82989428,우아2동,exact_official_building_road,기존 주택 CSV의 건물 좌표; 음식점 자체 측량 좌표 아님
전주맛집,완산구 효자동,전북특별자치도 전주시 완산구 효자동1가 548-5,전북특별자치도 전주시 완산구 성지산3길10,063-223-1110,127.1225606,35.80552982,효자2동,exact_official_building_parcel,기존 주택 CSV의 건물 좌표; 음식점 자체 측량 좌표 아님
아중국수,덕진구 우아동1가,전북특별자치도 전주시 덕진구 우아동1가 1107-10,전북특별자치도 전주시 덕진구 인교로 35-6,0507-1367-3070,127.1726317,35.82541575,우아2동,exact_official_building_road,기존 주택 CSV의 건물 좌표; 음식점 자체 측량 좌표 아님
온다라순대국밥_도청점,완산구 효자동2가,전북특별자치도 전주시 완산구 효자동2가 1155-4,전북특별자치도 전주시 완산구 홍산남로 54,063-228-5888,127.1078369,35.8155702,효자5동,exact_official_building_road,기존 주택 CSV의 건물 좌표; 음식점 자체 측량 좌표 아님
얌스_중화산점,완산구 중화산동,전북특별자치도 전주시 완산구 중화산동2가 651-3,전북특별자치도 전주시 완산구 백제대로 264,063-221-8200,127.1233556,35.81676597,중화산2동,exact_official_building_road,기존 주택 CSV의 건물 좌표; 음식점 자체 측량 좌표 아님
미리미리전집,덕진구 우아1동,전북특별자치도 전주시 덕진구 우아동3가 747-37,전북특별자치도 전주시 덕진구 우아로 19-1,063-245-5465,127.1561927,35.8497626,우아1동,exact_official_building_road,기존 주택 CSV의 건물 좌표; 음식점 자체 측량 좌표 아님
교촌치킨_서신점,완산구 서신동,전북특별자치도 전주시 완산구 서신동 938-5 1층,전북특별자치도 전주시 완산구 고사평4길 7 1층,063-278-0892,127.1103225,35.8356977,서신동,exact_official_building_road,기존 주택 CSV의 건물 좌표; 음식점 자체 측량 좌표 아님
헤븐,완산구 효자5동,전북특별자치도 전주시 완산구 효자동3가 1535-2 6층,전북특별자치도 전주시 완산구 홍산중앙로 39 6층,010-9688-2155,127.1087668,35.81710952,효자5동,exact_official_building_road,기존 주택 CSV의 건물 좌표; 음식점 자체 측량 좌표 아님
슬로우봉봉,완산구 효자5동,전북특별자치도 전주시 완산구 효자동3가 1630-4 1층 107호,전북특별자치도 전주시 완산구 마전3길 2 1층 107호,010-3689-9686,127.104071,35.8238352,효자5동,exact_official_building_road,기존 주택 CSV의 건물 좌표; 음식점 자체 측량 좌표 아님
뚱보집_서신점,완산구 서신동,전북특별자치도 전주시 완산구 서신동 937-1,전북특별자치도 전주시 완산구 새터로 16,063-251-3007,127.1085612,35.8365132,서신동,exact_official_building_road,기존 주택 CSV의 건물 좌표; 음식점 자체 측량 좌표 아님
카멜커피,완산구 효자동3가,전북특별자치도 전주시 완산구 효자동3가 1718-8,전북특별자치도 전주시 완산구 농소1길 2,063-222-7839,127.0968088,35.8141672,효자5동,exact_official_building_road,기존 주택 CSV의 건물 좌표; 음식점 자체 측량 좌표 아님
수신조각,덕진구 송천동2가,전북특별자치도 전주시 덕진구 송천동2가 185-1,전북특별자치도 전주시 덕진구 사근1길 57,063-252-0011,127.1336267,35.8665673,송천1동,exact_official_building_road,기존 주택 CSV의 건물 좌표; 음식점 자체 측량 좌표 아님
아기수라상,완산구 효자4동,전북특별자치도 전주시 완산구 효자동2가 1254-2,전북특별자치도 전주시 완산구 봉곡3길 34,010-4176-9653,127.1007579,35.81193053,효자4동,exact_official_building_road,기존 주택 CSV의 건물 좌표; 음식점 자체 측량 좌표 아님
빈타이_혁신점,덕진구 혁신동,전북특별자치도 전주시 덕진구 혁신동 787-6,전북특별자치도 전주시 덕진구 안전로 108-14,063-227-4376,127.060126,35.83356701,혁신동,exact_official_building_road,기존 주택 CSV의 건물 좌표; 음식점 자체 측량 좌표 아님
피자헛_전주서신점,완산구 서신동,전북특별자치도 전주시 완산구 서신동940-3,전북특별자치도 전주시 완산구 새터로 52,063-276-9732,127.1119556,35.835368,서신동,exact_official_building_road,기존 주택 CSV의 건물 좌표; 음식점 자체 측량 좌표 아님
항상이집,완산구 효자동3가,전북특별자치도 전주시 완산구 효자동1가 552 1층,전북특별자치도 전주시 완산구 성지산3길 15 1층,063-225-2515,127.1219537,35.80537217,효자2동,exact_official_building_road,기존 주택 CSV의 건물 좌표; 음식점 자체 측량 좌표 아님
유펍,완산구 효자5동,전북특별자치도 전주시 완산구 효자동3가 1533-8 5층,전북특별자치도 전주시 완산구 홍산남로 59-19 5층,0507-1368-1261,127.1081409,35.8163905,효자5동,exact_official_building_road,기존 주택 CSV의 건물 좌표; 음식점 자체 측량 좌표 아님
명품찹쌀꽈배기_만성점,덕진구 만성동,전북특별자치도 전주시 덕진구 만성동 1377-11,전북특별자치도 전주시 덕진구 만성동로 72,063-214-5300,127.0791199,35.84214103,여의동,exact_official_building_road,기존 주택 CSV의 건물 좌표; 음식점 자체 측량 좌표 아님
고모네집,완산구 중화산동,전북특별자치도 전주시 완산구 중화산동2가 778-2,전북특별자치도 전주시 완산구 중화산로 81,063-225-4443,127.1179845,35.8175692,중화산2동,exact_official_building_road,기존 주택 CSV의 건물 좌표; 음식점 자체 측량 좌표 아님
본참치_송천에코점,덕진구 송천동,전북특별자치도 전주시 덕진구 송천동1가 138-18 1층,전북특별자치도 전주시 덕진구 솔내로 112 1층,063-251-0301,127.126812,35.85992775,송천1동,exact_official_building_road,기존 주택 CSV의 건물 좌표; 음식점 자체 측량 좌표 아님
참맛분식_본점,덕진구 덕진동,전북특별자치도 전주시 덕진구 덕진동1가 1312-58,전북특별자치도 전주시 덕진구 명륜4길 21-4,063-278-2149,127.1265639,35.8441339,덕진동,exact_official_building_road,기존 주택 CSV의 건물 좌표; 음식점 자체 측량 좌표 아님
스위트조니,완산구 고사동,전북특별자치도 전주시 완산구 고사동 15,전북특별자치도 전주시 완산구 전주객사5길 66,063-282-0407,127.1449737,35.8210524,중앙동,exact_official_building_road,기존 주택 CSV의 건물 좌표; 음식점 자체 측량 좌표 아님
다원추어탕,덕진구 송천동,전북특별자치도 전주시 덕진구 송천동1가 485-11,전북특별자치도 전주시 덕진구 솔내8길 10-2,063-254-2670,127.1220863,35.8608797,송천1동,exact_official_building_road,기존 주택 CSV의 건물 좌표; 음식점 자체 측량 좌표 아님
더꼬치다_송천점,덕진구 송천동2가,전북특별자치도 전주시 덕진구 송천동2가 571-15,전북특별자치도 전주시 덕진구 와룡로 77,0507-1343-9822,127.1117807,35.86647839,송천2동,exact_official_building_road,기존 주택 CSV의 건물 좌표; 음식점 자체 측량 좌표 아님
클라우드커피,덕진구 덕진동,전북특별자치도 전주시 덕진구 덕진동2가 654-7 1층,전북특별자치도 전주시 덕진구 가리내3길 16-1 1층,070-7543-8717,127.1097816,35.8466863,덕진동,exact_official_building_road,기존 주택 CSV의 건물 좌표; 음식점 자체 측량 좌표 아님
천씨씨커피_전주도청점,완산구 효자4동,전북특별자치도 전주시 완산구 효자동3가 1528-1 골든시티,전북특별자치도 전주시 완산구 홍산4길 6 골든시티,063-227-9057,127.1092384,35.8182277,효자5동,exact_official_building_road,기존 주택 CSV의 건물 좌표; 음식점 자체 측량 좌표 아님
전망,완산구 풍남동,전북특별자치도 전주시 완산구 풍남동3가 24-1,전북특별자치도 전주시 완산구 한지길 89,0507-1400-6106,127.1540153,35.8163629,풍남동,exact_official_building_road,기존 주택 CSV의 건물 좌표; 음식점 자체 측량 좌표 아님
으뜸순대,덕진구 송천동,전북특별자치도 전주시 덕진구 송천동1가 106,전북특별자치도 전주시 덕진구 솔내9길 2,063-901-9007,127.1262537,35.8624609,송천1동,exact_official_building_road,기존 주택 CSV의 건물 좌표; 음식점 자체 측량 좌표 아님
오뉴월,완산구 풍남동,전북특별자치도 전주시 완산구 교동 200-2,전북특별자치도 전주시 완산구 향교길 56,063-284-2588,127.1525571,35.81172037,풍남동,exact_official_building_road,기존 주택 CSV의 건물 좌표; 음식점 자체 측량 좌표 아님
거호각,덕진구 송천1동,전북특별자치도 전주시 덕진구 송천동2가 185-1 1동 1층 110호,전북특별자치도 전주시 덕진구 사근1길 57 1동 1층 110호,063-277-1575,127.1336267,35.8665673,송천1동,exact_official_building_road,기존 주택 CSV의 건물 좌표; 음식점 자체 측량 좌표 아님
치팅데이,완산구 다가동4가,전북특별자치도 전주시 완산구 다가동4가 129-2,전북특별자치도 전주시 완산구 전주객사1길 91,070-4062-7771,127.1381248,35.82020745,중앙동,exact_official_building_road,기존 주택 CSV의 건물 좌표; 음식점 자체 측량 좌표 아님
꽃등심정육식당,완산구 중화산동2가,전북특별자치도 전주시 완산구 중화산동2가 761-12,전북특별자치도 전주시 완산구 화산천변3길 5,063-225-3232,127.1156357,35.82038686,중화산2동,exact_official_building_road,기존 주택 CSV의 건물 좌표; 음식점 자체 측량 좌표 아님
홍대삼거리포차_본점,덕진구 덕진동,전북특별자치도 전주시 덕진구 덕진동1가 1262-8,전북특별자치도 전주시 덕진구 명륜4길 11-1,010-8953-3788,127.1261938,35.8429905,덕진동,exact_official_building_road,기존 주택 CSV의 건물 좌표; 음식점 자체 측량 좌표 아님
송가네춘천닭갈비_전북대점,덕진구 덕진동,전북특별자치도 전주시 덕진구 덕진동1가 1264-17,전북특별자치도 전주시 덕진구 명륜2길 15-3,063-255-3321,127.1285825,35.8420563,덕진동,exact_official_building_road,기존 주택 CSV의 건물 좌표; 음식점 자체 측량 좌표 아님
버거킹_전주송천디티점,덕진구 송천1동,전북특별자치도 전주시 덕진구 송천동2가 54-89,전북특별자치도 전주시 덕진구 동부대로 1030,070-7462-6794,127.1343669,35.86977953,송천1동,exact_official_building_road,기존 주택 CSV의 건물 좌표; 음식점 자체 측량 좌표 아님
삼일관,완산구 고사동,전북특별자치도 전주시 완산구 고사동 451,전북특별자치도 전주시 완산구 전주객사2길 20,063-284-8964,127.1412604,35.81780532,중앙동,exact_official_building_road,기존 주택 CSV의 건물 좌표; 음식점 자체 측량 좌표 아님
목산,완산구 효자5동,전북특별자치도 전주시 완산구 효자동2가 1198-5,전북특별자치도 전주시 완산구 소태정5길 20,010-8629-7378,127.0982897,35.80414276,효자4동,exact_official_building_road,기존 주택 CSV의 건물 좌표; 음식점 자체 측량 좌표 아님
현대옥_송천농수산시장점,덕진구 송천2동,전북특별자치도 전주시 덕진구 송천동2가 493,전북특별자치도 전주시 덕진구 송천중앙로 233-20,063-276-0099,127.1190719,35.86801013,송천2동,exact_official_building_road,기존 주택 CSV의 건물 좌표; 음식점 자체 측량 좌표 아님
땅땅치킨_송천점,덕진구 송천동,전북특별자치도 전주시 덕진구 송천동1가 800-2,전북특별자치도 전주시 덕진구 시천로 78,063-904-3735,127.114739,35.8662498,송천2동,exact_official_building_road,기존 주택 CSV의 건물 좌표; 음식점 자체 측량 좌표 아님
커피원,완산구 효자3동,전북특별자치도 전주시 완산구 효자동1가 621-9,"전북특별자치도 전주시 완산구 거마평로 200, 1층",063-225-0708,127.1152279,35.81024411,효자2동,exact_official_building_road,기존 주택 CSV의 건물 좌표; 음식점 자체 측량 좌표 아님
중산한우명가,완산구 중화산동2가,전북특별자치도 전주시 완산구 중화산동2가 771-2,전북특별자치도 전주시 완산구 효자로 284,063-227-8338,127.1165929,35.8188887,중화산2동,exact_official_building_road,기존 주택 CSV의 건물 좌표; 음식점 자체 측량 좌표 아님
전일맥주_서신점,완산구 서신동,전북특별자치도 전주시 완산구 서신동 936-3,전북특별자치도 전주시 완산구 새터로 10,063-714-2424,127.1078752,35.8366513,서신동,exact_official_building_road,기존 주택 CSV의 건물 좌표; 음식점 자체 측량 좌표 아님
김밥사랑_송천점,덕진구 송천1동,전북특별자치도 전주시 덕진구 송천동1가 804-4,전북특별자치도 전주시 덕진구 두간로 29,063-274-7111,127.1177646,35.8654834,송천2동,exact_official_building_road,기존 주택 CSV의 건물 좌표; 음식점 자체 측량 좌표 아님
이디야커피_전주송천용소점,덕진구 송천2동,전북특별자치도 전주시 덕진구 송천동1가 833-5,전북특별자치도 전주시 덕진구 시천로 50,070-7769-4355,127.1147025,35.863828,송천2동,exact_official_building_road,기존 주택 CSV의 건물 좌표; 음식점 자체 측량 좌표 아님
라니의부엌,덕진구 덕진동,전북특별자치도 전주시 덕진구 덕진동1가 1314-176,전북특별자치도 전주시 덕진구 명륜3길 19,063-251-0977,127.127937,35.8429571,덕진동,exact_official_building_road,기존 주택 CSV의 건물 좌표; 음식점 자체 측량 좌표 아님
참예우명품프라자,완산구 효자5동,전북특별자치도 전주시 완산구 효자동2가 1228-3,전북특별자치도 전주시 완산구 효자로 170,063-222-9252,127.1037564,35.8187083,효자5동,exact_official_building_road,기존 주택 CSV의 건물 좌표; 음식점 자체 측량 좌표 아님
달밤가맥,덕진구 덕진동,전북특별자치도 전주시 덕진구 덕진동2가 669-2,전북특별자치도 전주시 덕진구 가리내7길 17,0507-1375-0522,127.1099112,35.84449075,덕진동,exact_official_building_road,기존 주택 CSV의 건물 좌표; 음식점 자체 측량 좌표 아님
아프리카커피_전주효자점,완산구 효자동3가,전북특별자치도 전주시 완산구 효자동3가 1618-15,전북특별자치도 전주시 완산구 문학대4길 28-3,0507-1403-1542,127.1050318,35.8264081,효자5동,exact_official_building_road,기존 주택 CSV의 건물 좌표; 음식점 자체 측량 좌표 아님
커피에반하다_전주혁신점,덕진구 혁신동,전북특별자치도 전주시 덕진구 혁신동 774-1,전북특별자치도 전주시 덕진구 기지로 72,063-227-4228,127.0599733,35.83807234,혁신동,exact_official_building_road,기존 주택 CSV의 건물 좌표; 음식점 자체 측량 좌표 아님
봉구스밥버거_중화산점,완산구 중화산동2가,전북특별자치도 전주시 완산구 중화산동2가 655-8,전북특별자치도 전주시 완산구 영경1길 16,063-226-1150,127.1245611,35.81783829,중화산2동,exact_official_building_road,기존 주택 CSV의 건물 좌표; 음식점 자체 측량 좌표 아님
케이트앤조이,완산구 효자동3가,전북특별자치도 전주시 완산구 효자동3가 1620-2,전북특별자치도 전주시 완산구 문학대4길 22,063-225-8789,127.1041333,35.82669211,효자5동,exact_official_building_road,기존 주택 CSV의 건물 좌표; 음식점 자체 측량 좌표 아님
릴오프,완산구 다가동,전북특별자치도 전주시 완산구 다가동3가 53-5 2층,전북특별자치도 전주시 완산구 전주객사1길 39 2층,010-7171-0602,127.1392321,35.81809729,중앙동,exact_official_building_road,기존 주택 CSV의 건물 좌표; 음식점 자체 측량 좌표 아님
한울정육식당,완산구 서신동,전북특별자치도 전주시 완산구 서신동 938-7 1층,전북특별자치도 전주시 완산구 고사평4길 9 1층,063-272-0558,127.1105972,35.83558188,서신동,exact_official_building_road,기존 주택 CSV의 건물 좌표; 음식점 자체 측량 좌표 아님
던킨_에코점,덕진구 송천동,전북특별자치도 전주시 덕진구 송천동2가 1326-7,전북특별자치도 전주시 덕진구 세병로 28,063-255-3114,127.127803,35.8739494,송천1동,exact_official_building_road,기존 주택 CSV의 건물 좌표; 음식점 자체 측량 좌표 아님
이치류양심,완산구 효자동,전북특별자치도 전주시 완산구 효자동2가 1236-2,"전북특별자치도 전주시 완산구 홍산북로 22, 1층",063-228-8880,127.1043063,35.8173461,효자5동,exact_official_building_road,기존 주택 CSV의 건물 좌표; 음식점 자체 측량 좌표 아님
신전떡볶이_객사점,완산구 고사동,전북특별자치도 전주시 완산구 고사동 158-3,전북특별자치도 전주시 완산구 전주객사4길 44-9,063-284-5006,127.1440399,35.8199155,중앙동,exact_official_building_road,기존 주택 CSV의 건물 좌표; 음식점 자체 측량 좌표 아님
방방뚝배기,완산구 중앙동1가,전북특별자치도 전주시 완산구 중앙동1가 59-5,전북특별자치도 전주시 완산구 전라감영3길 7,063-285-1939,127.143084,35.8159526,중앙동,exact_official_building_road,기존 주택 CSV의 건물 좌표; 음식점 자체 측량 좌표 아님
충만치킨_중화산점,완산구 중화산동2가,전북특별자치도 전주시 완산구 중화산동2가 535-5,전북특별자치도 전주시 완산구 서원로 296,063-222-8232,127.1266951,35.8115755,중화산1동,exact_official_building_road,기존 주택 CSV의 건물 좌표; 음식점 자체 측량 좌표 아님
커피브레이크,완산구 효자5동,전북특별자치도 전주시 완산구 효자동3가 1720-10,전북특별자치도 전주시 완산구 농소2길 5,063-229-5935,127.0975739,35.8141631,효자5동,exact_official_building_road,기존 주택 CSV의 건물 좌표; 음식점 자체 측량 좌표 아님
까미노데산티아고,완산구 효자5동,전북특별자치도 전주시 완산구 효자동3가 1605-18,"전북특별자치도 전주시 완산구 문학대3길 7-3, 101호",063-221-1256,127.1011909,35.82655301,효자5동,exact_official_building_road,기존 주택 CSV의 건물 좌표; 음식점 자체 측량 좌표 아님
오운커피하우스,완산구 다가동,전북특별자치도 전주시 완산구 다가동3가 47-2 3층,전북특별자치도 전주시 완산구 전주객사1길 46-8,0507-1327-3516,127.1394793,35.818388,중앙동,exact_official_building_road,기존 주택 CSV의 건물 좌표; 음식점 자체 측량 좌표 아님
빽다방_전주객사1호점,완산구 중앙동,전북특별자치도 전주시 완산구 고사동 50-6,전북특별자치도 전주시 완산구 전주객사5길 44-6,063-283-2911,127.1455892,35.8201116,중앙동,exact_official_building_road,기존 주택 CSV의 건물 좌표; 음식점 자체 측량 좌표 아님
호아빈_전주서신점,완산구 서신동,전북특별자치도 전주시 완산구 서신동 969-7,전북특별자치도 전주시 완산구 온고을로 30-18,063-273-2050,127.1205892,35.8345847,서신동,exact_official_building_road,기존 주택 CSV의 건물 좌표; 음식점 자체 측량 좌표 아님
심봉사도로케_전주중화산점,완산구 중화산동2가,전북특별자치도 전주시 완산구 중화산동2가 752-3,전북특별자치도 전주시 완산구 화산천변로 24,063-222-0435,127.1163616,35.8210909,중화산2동,exact_official_building_road,기존 주택 CSV의 건물 좌표; 음식점 자체 측량 좌표 아님
돈까스집,덕진구 송천2동,전북특별자치도 전주시 덕진구 전미동1가 60,전북특별자치도 전주시 덕진구 과학로 203,063-276-3434,127.1287737,35.88709827,송천2동,exact_official_building_road,기존 주택 CSV의 건물 좌표; 음식점 자체 측량 좌표 아님
청정오리떼,완산구 서신동,전북특별자치도 전주시 완산구 서신동 932-1,전북특별자치도 전주시 완산구 새터로 1,063-251-9252,127.1071774,35.8370873,서신동,exact_official_building_road,기존 주택 CSV의 건물 좌표; 음식점 자체 측량 좌표 아님
경아분식_문학점,완산구 효자동3가,전북특별자치도 전주시 완산구 효자동3가 1615-18,전북특별자치도 전주시 완산구 문학대4길 5,063-226-1245,127.1024377,35.8268958,효자5동,exact_official_building_road,기존 주택 CSV의 건물 좌표; 음식점 자체 측량 좌표 아님
동대문엽기떡볶이_전북대점,덕진구 덕진동,전북특별자치도 전주시 덕진구 덕진동1가 1312-58,전북특별자치도 전주시 덕진구 명륜4길 21-4,063-274-8592,127.1265639,35.8441339,덕진동,exact_official_building_road,기존 주택 CSV의 건물 좌표; 음식점 자체 측량 좌표 아님
농가레스토랑행복정거장,완산구 효자동2가,전북특별자치도 전주시 완산구 효자동2가 163-1 2층,전북특별자치도 전주시 완산구 우전1길 40-33 2층,0507-1311-5760,127.1068121,35.8077379,효자4동,exact_official_building_road,기존 주택 CSV의 건물 좌표; 음식점 자체 측량 좌표 아님
참참김밥,덕진구 송천2동,전북특별자치도 전주시 덕진구 송천동1가 689-2,전북특별자치도 전주시 덕진구 시천로 8,063-221-2022,127.1147982,35.85998419,송천2동,exact_official_building_road,기존 주택 CSV의 건물 좌표; 음식점 자체 측량 좌표 아님
카츠레츠,완산구 효자동2가,전북특별자치도 전주시 완산구 효자동2가 1256-6,전북특별자치도 전주시 완산구 우전로 202,063-236-4333,127.1020608,35.8124433,효자4동,exact_official_building_road,기존 주택 CSV의 건물 좌표; 음식점 자체 측량 좌표 아님
더해빙,덕진구 우아동1가,전북특별자치도 전주시 덕진구 우아동1가 1095-2,전북특별자치도 전주시 덕진구 인교3길 2,0507-132109094,127.1724123,35.82736108,우아2동,exact_official_building_road,기존 주택 CSV의 건물 좌표; 음식점 자체 측량 좌표 아님
무진장생구이,덕진구 송천1동,전북특별자치도 전주시 덕진구 송천동1가 869-2,전북특별자치도 전주시 덕진구 송천중앙로 207,063-251-8652,127.1212275,35.8654695,송천2동,exact_official_building_road,기존 주택 CSV의 건물 좌표; 음식점 자체 측량 좌표 아님
송천동태마을_송천점,덕진구 송천동2가,전북특별자치도 전주시 덕진구 송천동2가 484-10,전북특별자치도 전주시 덕진구 붓내4길 8-25,063-251-7741,127.122917,35.8671507,송천1동,exact_official_building_road,기존 주택 CSV의 건물 좌표; 음식점 자체 측량 좌표 아님
돈카츠흑심,완산구 다가동,전북특별자치도 전주시 완산구 다가동3가 103-1,"전북특별자치도 전주시 완산구 전라감영2길 27-1, 1층",063-282-4951,127.1414578,35.81590496,중앙동,exact_official_building_road,기존 주택 CSV의 건물 좌표; 음식점 자체 측량 좌표 아님
피자스쿨_중화산점,완산구 중화산동2가,전북특별자치도 전주시 완산구 중화산동2가 744-2,전북특별자치도 전주시 완산구 유연로 282,063-254-0082,127.1162645,35.8251513,중화산2동,exact_official_building_road,기존 주택 CSV의 건물 좌표; 음식점 자체 측량 좌표 아님
미소정정육식당,완산구 중화산동2가,전북특별자치도 전주시 완산구 중화산동2가 631-1,전북특별자치도 전주시 완산구 백제대로 243,063-287-5300,127.1225455,35.8149194,중화산2동,exact_official_building_road,기존 주택 CSV의 건물 좌표; 음식점 자체 측량 좌표 아님
맨즈플레이트,완산구 효자동,전북특별자치도 전주시 완산구 효자동 1가 453-1,전북특별자치도 전주시 완산구 거마평로 147-14,010-3683-9674,127.115284,35.8054669,효자3동,exact_official_building_road,기존 주택 CSV의 건물 좌표; 음식점 자체 측량 좌표 아님
김가네부대찌개,덕진구 우아1동,전북특별자치도 전주시 덕진구 우아동3가 747-68,전북특별자치도 전주시 덕진구 백제대로 797,063-247-3962,127.1555744,35.8479534,우아1동,exact_official_building_road,기존 주택 CSV의 건물 좌표; 음식점 자체 측량 좌표 아님
이현우동,완산구 중화산동2가,전북특별자치도 전주시 완산구 중화산동2가 401-7,전북특별자치도 전주시 완산구 중화산로 57,063-223-5244,127.1180133,35.8156484,중화산2동,exact_official_building_road,기존 주택 CSV의 건물 좌표; 음식점 자체 측량 좌표 아님
콩샌_우전초점,완산구 효자4동,전북특별자치도 전주시 완산구 효자동2가 205-12 1층,전북특별자치도 전주시 완산구 우전2길 12,070-7553-2830,127.107985,35.8053814,효자4동,exact_official_building_road,기존 주택 CSV의 건물 좌표; 음식점 자체 측량 좌표 아님
늘채움,덕진구 덕진동,전북특별자치도 전주시 덕진구 덕진동2가 200-5,전북특별자치도 전주시 덕진구 덕진연못3길 6,063-272-5737,127.1206372,35.84656148,덕진동,exact_official_building_road,기존 주택 CSV의 건물 좌표; 음식점 자체 측량 좌표 아님
오꾸꼬태평_객사점,완산구 태평동,전북특별자치도 전주시 완산구 태평동 12-17 1층,전북특별자치도 전주시 완산구 공북로 71 1층,063-282-0800,127.1395345,35.8261281,중앙동,exact_official_building_road,기존 주택 CSV의 건물 좌표; 음식점 자체 측량 좌표 아님
드롭탑_신시가지점,완산구 효자5동,전북특별자치도 전주시 완산구 효자동3가 1693-5,전북특별자치도 전주시 완산구 효자로 161,070-8808-2131,127.1025861,35.819445,효자5동,exact_official_building_road,기존 주택 CSV의 건물 좌표; 음식점 자체 측량 좌표 아님
이비가짬뽕_전주송천점,덕진구 송천2동,전북특별자치도 전주시 덕진구 송천동2가 167,"전북특별자치도 전주시 덕진구 동부대로 1072, 1층",063-277-3792,127.1298593,35.8700101,송천1동,exact_official_building_road,기존 주택 CSV의 건물 좌표; 음식점 자체 측량 좌표 아님
닭불구이숯불닭갈비,완산구 중화산동2가,전북특별자치도 전주시 완산구 중화산동2가 779-6,전북특별자치도 전주시 완산구 신촌3길 4,"0507-1417-9252, 063-226-9252",127.1177415,35.8170945,중화산2동,exact_official_building_road,기존 주택 CSV의 건물 좌표; 음식점 자체 측량 좌표 아님
은성슈퍼,완산구 서신동,전북특별자치도 전주시 완산구 서신동 818-7,전북특별자치도 전주시 완산구 서신천변13길 1,063-252-5586,127.1140746,35.830425,서신동,exact_official_building_road,기존 주택 CSV의 건물 좌표; 음식점 자체 측량 좌표 아님
지평선한돈_전주점,덕진구 송천동,전북특별자치도 전주시 덕진구 송천동2가  614-6,전북특별자치도 전주시 덕진구 시천로 110-6,063-273-3392,127.115551,35.86897573,송천2동,exact_official_building_road,기존 주택 CSV의 건물 좌표; 음식점 자체 측량 좌표 아님
진안오겹살,완산구 서신동,전북특별자치도 전주시 완산구 서신동 934-5,전북특별자치도 전주시 완산구 새터로 33,063-273-3773,127.1104464,35.8359764,서신동,exact_official_building_road,기존 주택 CSV의 건물 좌표; 음식점 자체 측량 좌표 아님
먹촌치맛살생구이,덕진구 우아동2가,전북특별자치도 전주시 덕진구 우아동2가 905-5,전북특별자치도 전주시 덕진구 아중3길 7,063-242-3594,127.1700559,35.82939085,우아2동,exact_official_building_road,기존 주택 CSV의 건물 좌표; 음식점 자체 측량 좌표 아님
일품풍천장어,완산구 효자동,전북특별자치도 전주시 완산구 효자동3가 1646-11,전북특별자치도 전주시 완산구 마전1길 10,063-282-8383,127.1033438,35.821571,효자5동,exact_official_building_road,기존 주택 CSV의 건물 좌표; 음식점 자체 측량 좌표 아님
마리아쥬,완산구 효자동2가,전북특별자치도 전주시 완산구 효자동2가 156-4 3층,전북특별자치도 전주시 완산구 우전2길 45,063-228-1163,127.1069595,35.8082808,효자4동,exact_official_building_road,기존 주택 CSV의 건물 좌표; 음식점 자체 측량 좌표 아님
에이트플로어,완산구 효자5동,전북특별자치도 전주시 완산구 효자동3가 1694-2 8층,전북특별자치도 전주시 완산구 마전들로 74 8층,063-225-7777,127.1035221,35.8208318,효자5동,exact_official_building_road,기존 주택 CSV의 건물 좌표; 음식점 자체 측량 좌표 아님
회남자,덕진구 송천2동,전북특별자치도 전주시 덕진구 송천동2가 491-19,전북특별자치도 전주시 덕진구 송천중앙로 233-13,063-251-5597,127.1196078,35.86761747,송천2동,exact_official_building_road,기존 주택 CSV의 건물 좌표; 음식점 자체 측량 좌표 아님
스위트크루,완산구 효자5동,전북특별자치도 전주시 완산구 효자동3가 1616-7,전북특별자치도 전주시 완산구 문학대4길 31,063-221-0771,127.1051973,35.826895,효자5동,exact_official_building_road,기존 주택 CSV의 건물 좌표; 음식점 자체 측량 좌표 아님
해송수산,덕진구 송천동,전북특별자치도 전주시 덕진구 송천동2가 324-9,전북특별자치도 전주시 덕진구 동부대로 1129,"063-272-3888, 063-254-3888",127.1235183,35.86947567,송천1동,exact_official_building_road,기존 주택 CSV의 건물 좌표; 음식점 자체 측량 좌표 아님
호연당,완산구 중화산동,전북특별자치도 전주시 완산구 중화산동2가 636-6,전북특별자치도 전주시 완산구 중산1길 13,063-222-0155,127.1190001,35.81435471,중화산2동,exact_official_building_road,기존 주택 CSV의 건물 좌표; 음식점 자체 측량 좌표 아님
본도시락_전주서신점,완산구 서신동,전북특별자치도 전주시 완산구 서신동 970-2 트윈폴리스 104호,전북특별자치도 전주시 완산구 온고을로 26 트윈폴리스 104호,063-272-4282,127.1200982,35.8342006,서신동,exact_official_building_road,기존 주택 CSV의 건물 좌표; 음식점 자체 측량 좌표 아님
명동소바부대찌개,덕진구 우아동1가,전북특별자치도 전주시 덕진구 우아동1가 898,전북특별자치도 전주시 덕진구 인교7길 5,063-242-5904,127.1729518,35.82656262,우아2동,exact_official_building_road,기존 주택 CSV의 건물 좌표; 음식점 자체 측량 좌표 아님
촌댁맥주_서신2호점,완산구 서신동,전북특별자치도 전주시 완산구 서신동 851-3 1층,전북특별자치도 전주시 완산구 서신천변로 7 1층,0507-1332-9477,127.1142019,35.82593741,서신동,exact_official_building_road,기존 주택 CSV의 건물 좌표; 음식점 자체 측량 좌표 아님
공차롯데시네마_전주점,완산구 서신동,전북특별자치도 전주시 완산구 서신동 971,전북특별자치도 전주시 완산구 온고을로 2,없음,127.1218933,35.8345049,서신동,exact_official_building_road,기존 주택 CSV의 건물 좌표; 음식점 자체 측량 좌표 아님
소림사,덕진구 송천1동,전북특별자치도 전주시 덕진구 송천동1가 128-8,전북특별자치도 전주시 덕진구 솔내7길 40-7,063-275-6957,127.1256829,35.8589812,송천1동,exact_official_building_road,기존 주택 CSV의 건물 좌표; 음식점 자체 측량 좌표 아님
피자비토랩_전주완산구점,완산구 효자5동,전북특별자치도 전주시 완산구 효자동2가 1256-3 1층,전북특별자치도 전주시 완산구 우전로 206 1층,063-224-3331,127.1020597,35.8128734,효자4동,exact_official_building_road,기존 주택 CSV의 건물 좌표; 음식점 자체 측량 좌표 아님
감성커피_송천중앙로점,덕진구 송천동,전북특별자치도 전주시 덕진구 송천동1가 482-4,전북특별자치도 전주시 덕진구 송천중앙로 152,063-252-5170,127.1215816,35.86032231,송천1동,exact_official_building_road,기존 주택 CSV의 건물 좌표; 음식점 자체 측량 좌표 아님
태양부양꼬치_효자점,완산구 효자5동,전북특별자치도 전주시 완산구 효자동3가 1528-6 1층,전북특별자치도 전주시 완산구 홍산4길 16 1층,063-715-6666,127.1106817,35.8183117,효자5동,exact_official_building_road,기존 주택 CSV의 건물 좌표; 음식점 자체 측량 좌표 아님
맥주의전설_전북대점,덕진구 덕진동,전북특별자치도 전주시 덕진구 덕진동1가 1264-25 1층,전북특별자치도 전주시 덕진구 명륜3길 16 1층,010-3122-8028,127.1278729,35.8425185,덕진동,exact_official_building_road,기존 주택 CSV의 건물 좌표; 음식점 자체 측량 좌표 아님
엉터리생고기,완산구 고사동,전북특별자치도 전주시 완산구 고사동 139 2층,전북특별자치도 전주시 완산구 전주객사4길 44-24 2층,063-232-8893,127.1446389,35.8195955,중앙동,exact_official_building_road,기존 주택 CSV의 건물 좌표; 음식점 자체 측량 좌표 아님
레이지크해비탯,완산구 다가동4가,전북특별자치도 전주시 완산구 다가동4가 89-4,전북특별자치도 전주시 완산구 전주객사1길 46-11,063-903-4611,127.1396097,35.8186838,중앙동,exact_official_building_road,기존 주택 CSV의 건물 좌표; 음식점 자체 측량 좌표 아님
김돈이_중화산점,완산구 중화산동2가,전북특별자치도 전주시 완산구 중화산동2가 592-13,전북특별자치도 전주시 완산구 중화산로 92,063-226-2828,127.1183274,35.8184755,중화산2동,exact_official_building_road,기존 주택 CSV의 건물 좌표; 음식점 자체 측량 좌표 아님
코다리밥상_전주서신점,완산구 서신동,전북특별자치도 전주시 완산구 서신동 832-4,전북특별자치도 전주시 완산구 서신로 34,063-255-8389,127.1160308,35.828366,서신동,exact_official_building_road,기존 주택 CSV의 건물 좌표; 음식점 자체 측량 좌표 아님
펀펀포차,완산구 효자동,전북특별자치도 전주시 완산구 효자동1가 651 104호,전북특별자치도 전주시 완산구 효자천변2길 13,063-222-7783,127.1141437,35.8048843,효자3동,exact_official_building_road,기존 주택 CSV의 건물 좌표; 음식점 자체 측량 좌표 아님
지코바치킨_송천1호점,덕진구 송천동,전북특별자치도 전주시 덕진구 송천동1가 97-6,전북특별자치도 전주시 덕진구 오송1길 37-13,063-277-8286,127.1306685,35.8639102,송천1동,exact_official_building_road,기존 주택 CSV의 건물 좌표; 음식점 자체 측량 좌표 아님
한얼집,완산구 중화산동,전북특별자치도 전주시 완산구 중화산동2가 634-11,전북특별자치도 전주시 완산구 산월2길 22,063-224-2029,127.1207501,35.81420527,중화산2동,exact_official_building_road,기존 주택 CSV의 건물 좌표; 음식점 자체 측량 좌표 아님
디오차드,완산구 효자동2가,전북특별자치도 전주시 완산구 효자동2가 753-34,전북특별자치도 전주시 완산구 한절길 32-30,063-282-1153,127.095046,35.80333429,효자4동,exact_official_building_road,기존 주택 CSV의 건물 좌표; 음식점 자체 측량 좌표 아님
쇼쿠,덕진구 덕진동,전북특별자치도 전주시 덕진구 덕진동2가 674-2 101호,전북특별자치도 전주시 덕진구 가리내8길 7 101호,063-909-0226,127.1110277,35.8433624,덕진동,exact_official_building_road,기존 주택 CSV의 건물 좌표; 음식점 자체 측량 좌표 아님
콩샌_신시가지점,완산구 효자5동,전북특별자치도 전주시 완산구 효자동2가 1238-7,전북특별자치도 전주시 완산구 홍산남로 27,063-273-8989,127.1046912,35.815994,효자5동,exact_official_building_road,기존 주택 CSV의 건물 좌표; 음식점 자체 측량 좌표 아님
순진한순대국밥_전북대점,완산구 덕진동1가,전북특별자치도 전주시 덕진구 덕진동1가 1402-20,전북특별자치도 전주시 완산구 사평로 67,063-271-3319,127.122965,35.8430973,덕진동,exact_official_building_parcel,기존 주택 CSV의 건물 좌표; 음식점 자체 측량 좌표 아님
특별한커피_토리스타9호점,완산구 중화산동2가,전북특별자치도 전주시 완산구 중화산동2가  660-4,전북특별자치도 전주시 완산구 한두평3길 11,010-8628-9222,127.1241944,35.81495142,중화산1동,exact_official_building_road,기존 주택 CSV의 건물 좌표; 음식점 자체 측량 좌표 아님
홍익궁중전통육개장_전주도청점,완산구 효자5동,전북특별자치도 전주시 완산구 효자동3가 1696-9,전북특별자치도 전주시 완산구 석산2길 5-10,063-228-9760,127.1046967,35.819965,효자5동,exact_official_building_road,기존 주택 CSV의 건물 좌표; 음식점 자체 측량 좌표 아님
일등낙지_송천점,덕진구 송천동2가,전북특별자치도 전주시 덕진구 송천동2가 179-121,전북특별자치도 전주시 덕진구 사근1길 37,063-252-9979,127.1314557,35.8666639,송천1동,exact_official_building_road,기존 주택 CSV의 건물 좌표; 음식점 자체 측량 좌표 아님
푸라닭_전주하가점,덕진구 덕진동2가,전북특별자치도 전주시 덕진구 덕진동2가 671-8,전북특별자치도 전주시 덕진구 가리내8길 8,063-271-8289,127.1110342,35.8435937,덕진동,exact_official_building_road,기존 주택 CSV의 건물 좌표; 음식점 자체 측량 좌표 아님
담꾹_전주에코점,덕진구 송천동,전북특별자치도 전주시 덕진구 송천동2가 1336-1 1동 1층 106호,전북특별자치도 전주시 덕진구 세병서로 22 1동 1층 106호,063-714-2662,127.1246096,35.8716381,송천1동,exact_official_building_road,기존 주택 CSV의 건물 좌표; 음식점 자체 측량 좌표 아님
시올리,덕진구 송천동,전북특별자치도 전주시 덕진구 송천동1가 839-9,전북특별자치도 전주시 덕진구 송천로 112-37,0507-1345-5684,127.1180855,35.86309079,송천2동,exact_official_building_road,기존 주택 CSV의 건물 좌표; 음식점 자체 측량 좌표 아님
유록,완산구 효자5동,전북특별자치도 전주시 완산구 효자동3가 1616-9 1층,전북특별자치도 전주시 완산구 문학대4길 29 1층,063-229-5518,127.1049571,35.8269063,효자5동,exact_official_building_road,기존 주택 CSV의 건물 좌표; 음식점 자체 측량 좌표 아님
콩나루콩나물국밥_아중점,덕진구 우아동2가,전북특별자치도 전주시 덕진구 우아동2가 934-1,전북특별자치도 전주시 덕진구 아중로 233-6,063-246-5969,127.174394,35.8294387,우아2동,exact_official_building_road,기존 주택 CSV의 건물 좌표; 음식점 자체 측량 좌표 아님
덮밥전문_웍스50_아중점,덕진구 우아동2가,전북특별자치도 전주시 덕진구 우아동2가 858-1,전북특별자치도 전주시 덕진구 진버들6길10,0507-1346-4295,127.1669272,35.83648961,우아2동,exact_official_building_parcel,기존 주택 CSV의 건물 좌표; 음식점 자체 측량 좌표 아님
광장숯불갈비,덕진구 덕진동,전북특별자치도 전주시 덕진구 덕진동1가 1314-200,전북특별자치도 전주시 덕진구 덕진광장로 15,063-272-2317,127.1245222,35.84460692,덕진동,exact_official_building_road,기존 주택 CSV의 건물 좌표; 음식점 자체 측량 좌표 아님
전통다슬기탕,덕진구 덕진동,전북특별자치도 전주시 덕진구 덕진동1가 1410-1,전북특별자치도 전주시 덕진구 들사평3길 16-3,063-255-7724,127.1226639,35.84044737,덕진동,exact_official_building_road,기존 주택 CSV의 건물 좌표; 음식점 자체 측량 좌표 아님
트랙나인,완산구 효자동,전북특별자치도 전주시 완산구 효자동3가 1656-12,전북특별자치도 전주시 완산구 마전들로 7,070-4233-4853,127.0965154,35.8212063,효자5동,exact_official_building_road,기존 주택 CSV의 건물 좌표; 음식점 자체 측량 좌표 아님
지리산운봉흑돼지,완산구 효자동3가,전북특별자치도 전주시 완산구 효자동3가 1450-2,전북특별자치도 전주시 완산구 서곡1길 13-2,063-253-3181,127.0995741,35.835254,효자5동,exact_official_building_road,기존 주택 CSV의 건물 좌표; 음식점 자체 측량 좌표 아님
밀바,덕진구 우아동1가,전북특별자치도 전주시 덕진구 우아동1가 89-46,전북특별자치도 전주시 덕진구 왜망실1길 12-61,0507-1334-5766,127.2059653,35.81661799,우아2동,exact_official_building_road,기존 주택 CSV의 건물 좌표; 음식점 자체 측량 좌표 아님
명가전주순대식당,완산구 효자4동,전북특별자치도 전주시 완산구 효자동3가 1457-5 1층,전북특별자치도 전주시 완산구 서곡1길 1-8 1층,063-277-3228,127.100206,35.83440506,효자5동,exact_official_building_road,기존 주택 CSV의 건물 좌표; 음식점 자체 측량 좌표 아님
마왕족발_전주덕진점,덕진구 덕진동,전북특별자치도 전주시 덕진구 덕진동2가 674-5,전북특별자치도 전주시 덕진구 가리내8길 1,063-277-0991,127.1116314,35.8433863,덕진동,exact_official_building_road,기존 주택 CSV의 건물 좌표; 음식점 자체 측량 좌표 아님
망원동티라미수_전주본점,완산구 효자5동,전북특별자치도 전주시 완산구 효자동3가 1642-5,전북특별자치도 전주시 완산구 우전로 321,070-4335-2431,127.1016783,35.8233977,효자5동,exact_official_building_road,기존 주택 CSV의 건물 좌표; 음식점 자체 측량 좌표 아님
선아네고기집,완산구 중화산동,전북특별자치도 전주시 완산구 중화산동2가 759-5,전북특별자치도 전주시 완산구 화산천변로 10,063-227-3234,127.1163287,35.81977005,중화산2동,exact_official_building_road,기존 주택 CSV의 건물 좌표; 음식점 자체 측량 좌표 아님
빠리브레드,완산구 중앙동,전북특별자치도 전주시 완산구 중앙동2가 29-2,전북특별자치도 전주시 완산구 전주객사3길 12-10,063-288-1198,127.1430749,35.81783628,중앙동,exact_official_building_road,기존 주택 CSV의 건물 좌표; 음식점 자체 측량 좌표 아님
칠번가,완산구 효자동1가,전북특별자치도 전주시 완산구 효자동1가 635-1,전북특별자치도 전주시 완산구 신봉로 67,063-224-7212,127.1225947,35.80947782,효자2동,exact_official_building_road,기존 주택 CSV의 건물 좌표; 음식점 자체 측량 좌표 아님
라베가,완산구 효자동1가,전북특별자치도 전주시 완산구 효자동1가 591-6,전북특별자치도 전주시 완산구 서원로 196,063-227-0427,127.1157649,35.81271765,효자2동,exact_official_building_road,기존 주택 CSV의 건물 좌표; 음식점 자체 측량 좌표 아님
전골의법칙홍콩할매불닭발,덕진구 송천동,전북특별자치도 전주시 덕진구 송천동1가 137-76 101호,전북특별자치도 전주시 덕진구 솔내8길 40 101호,063-276-5007,127.1258507,35.86075899,송천1동,exact_official_building_road,기존 주택 CSV의 건물 좌표; 음식점 자체 측량 좌표 아님
누룩꽃피는날_도청점,완산구 효자5동,전북특별자치도 전주시 완산구 효자동3가 1535-4,전북특별자치도 전주시 완산구 홍산중앙로 35,063-229-9293,127.10878,35.816728,효자5동,exact_official_building_road,기존 주택 CSV의 건물 좌표; 음식점 자체 측량 좌표 아님
앗싸실내포차,덕진구 우아1동,전북특별자치도 전주시 덕진구 우아동3가 748-3,전북특별자치도 전주시 덕진구 백제대로 786,063-245-9332,127.1546629,35.84694045,우아1동,exact_official_building_road,기존 주택 CSV의 건물 좌표; 음식점 자체 측량 좌표 아님
만뽀스키야키_롯데전주점,완산구 서신동,전북특별자치도 전주시 완산구 서신동 971,전북특별자치도 전주시 완산구 온고을로 2,없음,127.1218933,35.8345049,서신동,exact_official_building_road,기존 주택 CSV의 건물 좌표; 음식점 자체 측량 좌표 아님
호호호떡,완산구 효자동,전북특별자치도 전주시 완산구 효자동1가 518-59,전북특별자치도 전주시 완산구 거마평로 191-2,063-227-7845,127.1152819,35.80937023,효자3동,exact_official_building_road,기존 주택 CSV의 건물 좌표; 음식점 자체 측량 좌표 아님
더리터_하가점,덕진구 덕진동,전북특별자치도 전주시 덕진구 덕진동2가 694-3 리더빌딩 104호,전북특별자치도 전주시 덕진구 가련산로 18,063-252-8440,127.1111209,35.8411834,덕진동,exact_official_building_road,기존 주택 CSV의 건물 좌표; 음식점 자체 측량 좌표 아님
디저트39_아중점,덕진구 우아동2가,전북특별자치도 전주시 덕진구 우아동2가 860-6,전북특별자치도 전주시 덕진구 건산로 261,063-287-3339,127.1657754,35.83549019,우아2동,exact_official_building_road,기존 주택 CSV의 건물 좌표; 음식점 자체 측량 좌표 아님
박가네수산시장,완산구 효자5동,전북특별자치도 전주시 완산구 효자동3가 1698-10 1층,전북특별자치도 전주시 완산구 석산1길 14 1층,063-236-7667,127.1033099,35.82018754,효자5동,exact_official_building_road,기존 주택 CSV의 건물 좌표; 음식점 자체 측량 좌표 아님
태조밥상,완산구 풍남동,전북특별자치도 전주시 완산구 교동 268,전북특별자치도 전주시 완산구 경기전길 122,063-288-4004,127.1509626,35.81390834,풍남동,exact_official_building_road,기존 주택 CSV의 건물 좌표; 음식점 자체 측량 좌표 아님
족발야시장_도청점,완산구 효자동,전북특별자치도 전주시 완산구 효자동2가 1332-1,전북특별자치도 전주시 완산구 홍산로 160-3,0507-0090-7694,127.105093,35.808165,효자4동,exact_official_building_road,기존 주택 CSV의 건물 좌표; 음식점 자체 측량 좌표 아님
차이홍,완산구 서신동,"전북특별자치도 전주시 완산구 서신동 971, 롯데백화점 6층",전북특별자치도 전주시 완산구 온고을로 2,063-289-2655,127.1218933,35.8345049,서신동,exact_official_building_road,기존 주택 CSV의 건물 좌표; 음식점 자체 측량 좌표 아님
양세마리훠궈앤마라탕_2호점,완산구 고사동,전북특별자치도 전주시 완산구 고사동 238 2층,"전북특별자치도 전주시 완산구 전주객사4길, 74-11 2층",063-902-8868,127.1435223,35.8212797,중앙동,exact_official_building_parcel,기존 주택 CSV의 건물 좌표; 음식점 자체 측량 좌표 아님
퐁당퐁당,덕진구 송천동,전북특별자치도 전주시 덕진구 송천동1가 830-4,전북특별자치도 전주시 덕진구 두간11길 3-10,063-276-8630,127.1152559,35.8646704,송천2동,exact_official_building_road,기존 주택 CSV의 건물 좌표; 음식점 자체 측량 좌표 아님
빨간맛도리,완산구 효자동2가,전북특별자치도 전주시 완산구 효자동2가 1306-3,전북특별자치도 전주시 완산구 후곡길 31-17,"0507-1401-3061, 063-225-3061",127.0946983,35.8112411,효자4동,exact_official_building_road,기존 주택 CSV의 건물 좌표; 음식점 자체 측량 좌표 아님
하루참치,완산구 효자동3가,전북특별자치도 전주시 완산구 효자동3가 1538-7,전북특별자치도 전주시 완산구 홍산남로 69-20,063-221-8898,127.110014,35.8164226,효자5동,exact_official_building_road,기존 주택 CSV의 건물 좌표; 음식점 자체 측량 좌표 아님
벼락,덕진구 덕진동,전북특별자치도 전주시 덕진구 덕진동1가 1314-172 1층,전북특별자치도 전주시 덕진구 명륜4길 18-3 1층,070-8824-1427,127.1274668,35.8433093,덕진동,exact_official_building_road,기존 주택 CSV의 건물 좌표; 음식점 자체 측량 좌표 아님
신대유성,완산구 풍남동,전북특별자치도 전주시 완산구 교동 92-9,전북특별자치도 전주시 완산구 은행로 82-10,063-271-2666,127.1524661,35.8128248,풍남동,exact_official_building_road,기존 주택 CSV의 건물 좌표; 음식점 자체 측량 좌표 아님
카페구디,덕진구 덕진동,전북특별자치도 전주시 덕진구 덕진동1가 1265-10 1층,전북특별자치도 전주시 덕진구 기린대로 464 1층,063-271-9992,127.1270114,35.84170476,덕진동,exact_official_building_road,기존 주택 CSV의 건물 좌표; 음식점 자체 측량 좌표 아님
시골소리,완산구 태평동,전북특별자치도 전주시 완산구 태평동 14-13,"전북특별자치도 전주시 완산구 공북로 68, 1층",063-231-5100,127.1394254,35.82583193,중앙동,exact_official_building_road,기존 주택 CSV의 건물 좌표; 음식점 자체 측량 좌표 아님
땡초김밥,완산구 효자동,전북특별자치도 전주시 완산구 효자동2가 1155-7,전북특별자치도 전주시 완산구 홍산남로 62,063-245-2350,127.1087755,35.8155535,효자5동,exact_official_building_road,기존 주택 CSV의 건물 좌표; 음식점 자체 측량 좌표 아님
스타벅스_전주신시가지,완산구 효자동2가,전북특별자치도 전주시 완산구 효자동2가 1233-2,전북특별자치도 전주시 완산구 우전로 255,1522-3232,127.1015834,35.81724541,효자5동,exact_official_building_road,기존 주택 CSV의 건물 좌표; 음식점 자체 측량 좌표 아님
공간봄,완산구 풍남동,전북특별자치도 전주시 완산구 풍남동3가 83-3,전북특별자치도 전주시 완산구 어진길 51,063-284-3737,127.1517225,35.81737475,풍남동,exact_official_building_road,기존 주택 CSV의 건물 좌표; 음식점 자체 측량 좌표 아님
남원복례추어탕,완산구 서신동,전북특별자치도 전주시 완산구 서신동 931-2,전북특별자치도 전주시 완산구 새터로 51-13,063-273-3777,127.1119927,35.83650251,서신동,exact_official_building_road,기존 주택 CSV의 건물 좌표; 음식점 자체 측량 좌표 아님
최동민양푼갈비_전주아중1호점,덕진구 우아동2가,전북특별자치도 전주시 덕진구 우아동2가 919-9,전북특별자치도 전주시 덕진구 아중중앙로 22,063-245-8545,127.1722944,35.8303097,우아2동,exact_official_building_road,기존 주택 CSV의 건물 좌표; 음식점 자체 측량 좌표 아님
누룩꽃피는날_전북대점,덕진구 덕진동,전북특별자치도 전주시 덕진구 덕진동1가 1314-180 2층,전북특별자치도 전주시 덕진구 명륜3길 18-1,070-4090-6139,127.1282679,35.8426583,덕진동,exact_official_building_road,기존 주택 CSV의 건물 좌표; 음식점 자체 측량 좌표 아님
옌타이양꼬치,완산구 효자동,전북특별자치도 전주시 완산구 효자동3가 1538-6,전북특별자치도 전주시 완산구 홍산남로 83-19,063-224-0188,127.1106435,35.8164167,효자5동,exact_official_building_road,기존 주택 CSV의 건물 좌표; 음식점 자체 측량 좌표 아님
올드스터프,완산구 효자동,전북특별자치도 전주시 완산구 효자동3가 1643-1 jc빌딩 1층,전북특별자치도 전주시 완산구 마전중앙로 4 jc빌딩 1층,070-8865-4511,127.102208,35.8231615,효자5동,exact_official_building_road,기존 주택 CSV의 건물 좌표; 음식점 자체 측량 좌표 아님
빙고전,완산구 서신동,전북특별자치도 전주시 완산구 서신동 851-4,전북특별자치도 전주시 완산구 서신천변로 5,063-277-5670,127.1142102,35.8257848,서신동,exact_official_building_road,기존 주택 CSV의 건물 좌표; 음식점 자체 측량 좌표 아님
진수곱창본점,완산구 다가동,전북특별자치도 전주시 완산구 다가동4가 36-3,"전북특별자치도 전주시 완산구 전주객사1길 88, 1층",063-287-2441,127.138403,35.82006523,중앙동,exact_official_building_road,기존 주택 CSV의 건물 좌표; 음식점 자체 측량 좌표 아님
선너머순대국밥,완산구 중화산동,전북특별자치도 전주시 완산구 중화산동1가 262-1,전북특별자치도 전주시 완산구 선너머3길 7,010-3670-9707,127.1306427,35.81319553,중화산1동,exact_official_building_road,기존 주택 CSV의 건물 좌표; 음식점 자체 측량 좌표 아님
곤드레에반하다,덕진구 송천2동,전북특별자치도 전주시 덕진구 전미동2가 77-6,"전북특별자치도 전주시 덕진구 전미로 224, 1층",063-909-8229,127.1061108,35.88824791,송천2동,exact_official_building_road,기존 주택 CSV의 건물 좌표; 음식점 자체 측량 좌표 아님
카페헬로,완산구 효자동,전북특별자치도 전주시 완산구 효자동1가 687-10 1층,"전북특별자치도 전주시 완산구 안행로 45, 1층","0507-1488-2210, 063-225-2205",127.1329514,35.801541,효자1동,exact_official_building_road,기존 주택 CSV의 건물 좌표; 음식점 자체 측량 좌표 아님
남해수산,덕진구 송천1동,전북특별자치도 전주시 덕진구 송천동2가 468-1,전북특별자치도 전주시 덕진구 송천중앙로 232,063-278-1770,127.1217318,35.86779523,송천1동,exact_official_building_road,기존 주택 CSV의 건물 좌표; 음식점 자체 측량 좌표 아님
장터해장국,덕진구 송천1동,전북특별자치도 전주시 덕진구 송천동2가 492-21,전북특별자치도 전주시 덕진구 송천중앙로 233-4,063-274-9257,127.1206899,35.86789578,송천2동,exact_official_building_road,기존 주택 CSV의 건물 좌표; 음식점 자체 측량 좌표 아님
성자동,덕진구 덕진동,전북특별자치도 전주시 덕진구 덕진동1가 1312-58 1동 1층 102호,전북특별자치도 전주시 덕진구 명륜4길 21-4 1동 1층 102호,0507-1336-9307,127.1265639,35.8441339,덕진동,exact_official_building_road,기존 주택 CSV의 건물 좌표; 음식점 자체 측량 좌표 아님
초록다슬기,완산구 풍남동,전북특별자치도 전주시 완산구 전동 295-5,전북특별자치도 전주시 완산구 풍남문1길 13-4,063-236-3392,127.1476123,35.81262283,풍남동,exact_official_building_road,기존 주택 CSV의 건물 좌표; 음식점 자체 측량 좌표 아님
전주숯불닭집_전북대점,덕진구 덕진동,전북특별자치도 전주시 덕진구 덕진동1가 1261-28,전북특별자치도 전주시 덕진구 명륜4길 11-10,010-3375-7838,127.1260749,35.84332933,덕진동,exact_official_building_road,기존 주택 CSV의 건물 좌표; 음식점 자체 측량 좌표 아님
신옛날통닭앤한상차림,완산구 효자동1가,전북특별자치도 전주시 완산구 효자동1가 547-9,전북특별자치도 전주시 완산구 성지산3길 22,063-232-9982,127.121074,35.8057032,효자2동,exact_official_building_road,기존 주택 CSV의 건물 좌표; 음식점 자체 측량 좌표 아님
탐탐생선구이_하가지구본점,덕진구 덕진동,전북특별자치도 전주시 덕진구 덕진동2가 677-5,전북특별자치도 전주시 덕진구 가리내10길 12-3,063-277-8818,127.1104326,35.8423078,덕진동,exact_official_building_road,기존 주택 CSV의 건물 좌표; 음식점 자체 측량 좌표 아님
류가중식,덕진구 송천동,전북특별자치도 전주시 덕진구 송천동2가 1327-6 101호,전북특별자치도 전주시 덕진구 세병1길 36 101호,070-7543-6967,127.1274238,35.8737048,송천1동,exact_official_building_road,기존 주택 CSV의 건물 좌표; 음식점 자체 측량 좌표 아님
훔친수산풍천민물장어,덕진구 우아동2가,전북특별자치도 전주시 덕진구 우아동2가 864-3,전북특별자치도 전주시 덕진구 건산로 281,063-246-8292,127.1675624,35.8360794,우아2동,exact_official_building_road,기존 주택 CSV의 건물 좌표; 음식점 자체 측량 좌표 아님
아중산장,덕진구 우아동1가,전북특별자치도 전주시 덕진구 우아동1가 738-6,전북특별자치도 전주시 덕진구 아중저수지길93-18,063-241-0505,127.1747103,35.8191839,우아2동,exact_official_building_parcel,기존 주택 CSV의 건물 좌표; 음식점 자체 측량 좌표 아님
억대국수,완산구 효자동,전북특별자치도 전주시 완산구 효자동2가 1238-4 1층 102호,전북특별자치도 전주시 완산구 홍산남로 19 1층 102호,063-221-5225,127.1039778,35.8160215,효자5동,exact_official_building_road,기존 주택 CSV의 건물 좌표; 음식점 자체 측량 좌표 아님
일등한우정육식당,덕진구 송천1동,전북특별자치도 전주시 덕진구 송천동2가 205-3,전북특별자치도 전주시 덕진구 솔내로 173-8,063-275-6155,127.126522,35.8659576,송천1동,exact_official_building_road,기존 주택 CSV의 건물 좌표; 음식점 자체 측량 좌표 아님
탐앤탐스_전주중앙점,완산구 중앙동,전북특별자치도 전주시 완산구 고사동 186 오거리메디컬스파,전북특별자치도 전주시 완산구 전주객사4길 74-50 오거리메디컬스파,063-224-4985,127.1443231,35.8208164,중앙동,exact_official_building_road,기존 주택 CSV의 건물 좌표; 음식점 자체 측량 좌표 아님
돌섬횟집,덕진구 송천1동,전북특별자치도 전주시 덕진구 송천동2가 523-1,전북특별자치도 전주시 덕진구 붓내3길 9,063-278-2112,127.1226379,35.8667531,송천1동,exact_official_building_road,기존 주택 CSV의 건물 좌표; 음식점 자체 측량 좌표 아님
교촌치킨_전북대점,덕진구 덕진동,전북특별자치도 전주시 덕진구 덕진동1가 1314-201,전북특별자치도 전주시 덕진구 덕진광장로 12,063-254-2033,127.1249026,35.8444377,덕진동,exact_official_building_road,기존 주택 CSV의 건물 좌표; 음식점 자체 측량 좌표 아님
오구본가_중화산점,완산구 중화산동2가,전북특별자치도 전주시 완산구 중화산동2가 616,전북특별자치도 전주시 완산구 중화산로 68,063-236-8259,127.1184654,35.8162435,중화산2동,exact_official_building_road,기존 주택 CSV의 건물 좌표; 음식점 자체 측량 좌표 아님
술향기,덕진구 송천동1가,전북특별자치도 전주시 덕진구 송천동1가 137-127,전북특별자치도 전주시 덕진구 솔내로 111,010-3799-5507,127.1263894,35.86009593,송천1동,exact_official_building_road,기존 주택 CSV의 건물 좌표; 음식점 자체 측량 좌표 아님
마카롱부띠끄,완산구 중화산동2가,전북특별자치도 전주시 완산구 중화산동2가 616-14,전북특별자치도 전주시 완산구 중화산로 64,0507-1353-9494,127.1184388,35.8158414,중화산2동,exact_official_building_road,기존 주택 CSV의 건물 좌표; 음식점 자체 측량 좌표 아님
무주덕유산돼야지,덕진구 송천1동,전북특별자치도 전주시 덕진구 송천동1가 119-10,전북특별자치도 전주시 덕진구 솔내7길 9-12,063-252-3353,127.1223793,35.8603857,송천1동,exact_official_building_road,기존 주택 CSV의 건물 좌표; 음식점 자체 측량 좌표 아님
인기명_전주신시가지점,완산구 효자5동,전북특별자치도 전주시 완산구 효자동3가 1528-1 골든시티 108호,전북특별자치도 전주시 완산구 홍산4길 6 골든시티 108호,063-902-1333,127.1092384,35.8182277,효자5동,exact_official_building_road,기존 주택 CSV의 건물 좌표; 음식점 자체 측량 좌표 아님
우리할매떡볶이_효자점,완산구 효자5동,전북특별자치도 전주시 완산구 효자동2가 1317-5 101호,전북특별자치도 전주시 완산구 호암로 67 101호,063-227-7889,127.1021109,35.8091146,효자4동,exact_official_building_road,기존 주택 CSV의 건물 좌표; 음식점 자체 측량 좌표 아님
더코너,덕진구 우아동2가,전북특별자치도 전주시 덕진구 우아동2가 896-8,전북특별자치도 전주시 덕진구 아중6길 20,0507-1321-5916,127.1722855,35.83211915,우아2동,exact_official_building_road,기존 주택 CSV의 건물 좌표; 음식점 자체 측량 좌표 아님
미쓰족발_전주도청점,완산구 효자5동,전북특별자치도 전주시 완산구 효자동3가 1534-2 홍산프라임빌딩 102호,전북특별자치도 전주시 완산구 홍산남로 47 홍산프라임빌딩 102호,063-237-3989,127.107253,35.8160436,효자5동,exact_official_building_road,기존 주택 CSV의 건물 좌표; 음식점 자체 측량 좌표 아님
돼지박사1997,완산구 고사동,전북특별자치도 전주시 완산구 고사동 340-4,전북특별자치도 전주시 완산구 전주객사3길 49,063-287-8255,127.1418862,35.8194062,중앙동,exact_official_building_road,기존 주택 CSV의 건물 좌표; 음식점 자체 측량 좌표 아님
선궁한우,덕진구 송천2동,전북특별자치도 전주시 덕진구 송천동1가 824-5,전북특별자치도 전주시 덕진구 두간로 22,063-251-6767,127.1168088,35.8651697,송천2동,exact_official_building_road,기존 주택 CSV의 건물 좌표; 음식점 자체 측량 좌표 아님
쿠우쿠우_전주송천점,덕진구 송천2동,전북특별자치도 전주시 덕진구 송천동2가 179-116 201~207호,"전북특별자치도 전주시 덕진구 사근1길 31, 2층",063-252-6274,127.1305541,35.8666658,송천1동,exact_official_building_road,기존 주택 CSV의 건물 좌표; 음식점 자체 측량 좌표 아님
국수연,덕진구 우아동2가,전북특별자치도 전주시 덕진구 우아동2가 883-2,전북특별자치도 전주시 덕진구 석소5길 33,063-242-8832,127.1712101,35.83442813,우아2동,exact_official_building_road,기존 주택 CSV의 건물 좌표; 음식점 자체 측량 좌표 아님
열선수애호박돼지국밥_전주혁신도시점,덕진구 혁신동,전북특별자치도 전주시 덕진구 만성동 1167-8 1동 102호,전북특별자치도 전주시 덕진구 만성로 23 1동 102호,063-227-2201,127.0708636,35.83439846,여의동,exact_official_building_road,기존 주택 CSV의 건물 좌표; 음식점 자체 측량 좌표 아님
소노야,완산구 고사동,전북특별자치도 전주시 완산구 고사동 133-1,전북특별자치도 전주시 완산구 전주객사4길 24-17,063-282-2827,127.144333,35.81918818,중앙동,exact_official_building_road,기존 주택 CSV의 건물 좌표; 음식점 자체 측량 좌표 아님
솔가,완산구 서신동,전북특별자치도 전주시 완산구 서신동 835,전북특별자치도 전주시 완산구 안터2길 39,063-275-5353,127.1163025,35.82813402,서신동,exact_official_building_road,기존 주택 CSV의 건물 좌표; 음식점 자체 측량 좌표 아님
양파링_전주객사점,완산구 다가동,전북특별자치도 전주시 완산구 다가동3가 23-2,"전북특별자치도 전주시 완산구 전주객사2길11, 1층",063-284-0800,127.14098,35.8172964,중앙동,exact_official_building_parcel,기존 주택 CSV의 건물 좌표; 음식점 자체 측량 좌표 아님
네네치킨_전주대점,완산구 효자동,전북특별자치도 전주시 완산구 효자동3가 1710-5,전북특별자치도 전주시 완산구 효자로 92,0507-0090-7652,127.0954126,35.81786617,효자5동,exact_official_building_road,기존 주택 CSV의 건물 좌표; 음식점 자체 측량 좌표 아님
일달라커피,완산구 효자5동,"전북특별자치도 전주시 완산구 효자동3가 1534-5 1-2층 102, 201, 202호","전북특별자치도 전주시 완산구 홍산남로 55 1-2층 102, 201, 202호",010-7209-3835,127.1080623,35.8160177,효자5동,exact_official_building_road,기존 주택 CSV의 건물 좌표; 음식점 자체 측량 좌표 아님
카페_수,덕진구 혁신동,전북특별자치도 전주시 덕진구 중동 786-2 1F,전북특별자치도 전주시 덕진구 오정1길 28 1F,0507-1350-2642,127.0598576,35.83379926,혁신동,exact_official_building_road,기존 주택 CSV의 건물 좌표; 음식점 자체 측량 좌표 아님
옛촌막걸리_서신별관,완산구 서신동,전북특별자치도 전주시 완산구 서신동 850-15,전북특별자치도 전주시 완산구 전룡로 9,063-251-5388,127.1143758,35.82622711,서신동,exact_official_building_road,기존 주택 CSV의 건물 좌표; 음식점 자체 측량 좌표 아님
이디야커피_전주서신주민센터점,완산구 서신동,전북특별자치도 전주시 완산구 서신동 815-2,전북특별자치도 전주시 완산구 서신로47,063-251-1060,127.1156072,35.8296692,서신동,exact_official_building_parcel,기존 주택 CSV의 건물 좌표; 음식점 자체 측량 좌표 아님
라온카페,완산구 풍남동,전북특별자치도 전주시 완산구 풍남동3가 16-6,전북특별자치도 전주시 완산구 한지길 99-6,063-284-8999,127.1542949,35.81585159,풍남동,exact_official_building_road,기존 주택 CSV의 건물 좌표; 음식점 자체 측량 좌표 아님
얌스_효자삼호점,완산구 효자3동,전북특별자치도 전주시 완산구 효자동1가 370-1,전북특별자치도 전주시 완산구 거마평로 203,063-904-3225,127.1146958,35.8103832,효자3동,exact_official_building_road,기존 주택 CSV의 건물 좌표; 음식점 자체 측량 좌표 아님
라화방_전북도청점,완산구 효자5동,전북특별자치도 전주시 완산구 효자동3가 1539-2 1층 103호,전북특별자치도 전주시 완산구 홍산남로 73 1층 103호,063-236-4243,127.1099758,35.8159923,효자5동,exact_official_building_road,기존 주택 CSV의 건물 좌표; 음식점 자체 측량 좌표 아님
유원순대_서곡점,완산구 효자동,전북특별자치도 전주시 완산구 효자동3가 1457-1,전북특별자치도 전주시 완산구 서곡1길 5,063-277-8789,127.1004,35.83486618,효자5동,exact_official_building_road,기존 주택 CSV의 건물 좌표; 음식점 자체 측량 좌표 아님
오늘,완산구 태평동,전북특별자치도 전주시 완산구 태평동 83-38 2층,전북특별자치도 전주시 완산구 대동로 19 2층,0507-1321-9009,127.1380686,35.8212792,중앙동,exact_official_building_road,기존 주택 CSV의 건물 좌표; 음식점 자체 측량 좌표 아님
신전떡볶이_전북대점,덕진구 덕진동1가,전북특별자치도 전주시 덕진구 덕진동1가 1266-2,전북특별자치도 전주시 덕진구 명륜4길 10-2,063-272-7111,127.1266503,35.8425828,덕진동,exact_official_building_road,기존 주택 CSV의 건물 좌표; 음식점 자체 측량 좌표 아님
영흥관,완산구 풍남동,전북특별자치도 전주시 완산구 경원동3가 17-1,전북특별자치도 전주시 완산구 현무1길 17,063-284-5628,127.1476748,35.82024839,풍남동,exact_official_building_road,기존 주택 CSV의 건물 좌표; 음식점 자체 측량 좌표 아님
와르르조개구이_송천점,덕진구 송천동,전북특별자치도 전주시 덕진구 송천동1가 823-3 1층,전북특별자치도 전주시 덕진구 두간로 28 1층,063-255-9289,127.1174632,35.8651659,송천2동,exact_official_building_road,기존 주택 CSV의 건물 좌표; 음식점 자체 측량 좌표 아님
한옥가_백련마을,완산구 풍남동,전북특별자치도 전주시 완산구 풍남동3가 23-11,전북특별자치도 전주시 완산구 한지길 95,0507-1369-0512,127.1543136,35.8161762,풍남동,exact_official_building_road,기존 주택 CSV의 건물 좌표; 음식점 자체 측량 좌표 아님
짝태패밀리_전주송천점,덕진구 송천1동,전북특별자치도 전주시 덕진구 송천동2가 247-5,전북특별자치도 전주시 덕진구 붓내3길 8,063-277-7798,127.1223096,35.8665046,송천1동,exact_official_building_road,기존 주택 CSV의 건물 좌표; 음식점 자체 측량 좌표 아님
하쿠나마타타,완산구 고사동,전북특별자치도 전주시 완산구 고사동 473-1,전북특별자치도 전주시 완산구 전주객사3길 37-5,0507-1409-1895,127.1416929,35.8190527,중앙동,exact_official_building_road,기존 주택 CSV의 건물 좌표; 음식점 자체 측량 좌표 아님
짱그미김밥_하가지구점,덕진구 덕진동,전북특별자치도 전주시 덕진구 덕진동2가 693-4 101호,전북특별자치도 전주시 덕진구 가련산로 5 101호,"0507-1342-5804, 063-272-5804",127.1096642,35.8407707,덕진동,exact_official_building_road,기존 주택 CSV의 건물 좌표; 음식점 자체 측량 좌표 아님
카페이프온리,덕진구 덕진동,전북특별자치도 전주시 덕진구 덕진동1가 1264-3,전북특별자치도 전주시 덕진구 명륜3길 18-4,063-251-6818,127.1280883,35.84243361,덕진동,exact_official_building_road,기존 주택 CSV의 건물 좌표; 음식점 자체 측량 좌표 아님
김실장돈까스,완산구 중화산동,전북특별자치도 전주시 완산구 중화산동1가 327-12,전북특별자치도 전주시 완산구 서원로 348,063-222-4223,127.1320567,35.81240356,중화산1동,exact_official_building_road,기존 주택 CSV의 건물 좌표; 음식점 자체 측량 좌표 아님
조선치킨_서신점,완산구 서신동,전북특별자치도 전주시 완산구 서신동 816-3,전북특별자치도 전주시 완산구 서신천변12길 6,063-274-9954,127.1147542,35.83002441,서신동,exact_official_building_road,기존 주택 CSV의 건물 좌표; 음식점 자체 측량 좌표 아님
소부당_객리단길점,완산구 다가동4가,전북특별자치도 전주시 완산구 다가동4가 40-9,전북특별자치도 전주시 완산구 전주객사1길 80-23,063-255-1576,127.1390195,35.8201875,중앙동,exact_official_building_road,기존 주택 CSV의 건물 좌표; 음식점 자체 측량 좌표 아님
또바기돼지,완산구 중화산동2가,전북특별자치도 전주시 완산구 중화산동2가 772-4,전북특별자치도 전주시 완산구 신촌4길 18-17,063-223-9282,127.1158808,35.81824354,중화산2동,exact_official_building_road,기존 주택 CSV의 건물 좌표; 음식점 자체 측량 좌표 아님
솔가숯불갈비_신시가지점,완산구 효자5동,전북특별자치도 전주시 완산구 효자동3가 1697-2 1층,전북특별자치도 전주시 완산구 석산2길 17-15 1층,063-225-1116,127.104341,35.82039,효자5동,exact_official_building_road,기존 주택 CSV의 건물 좌표; 음식점 자체 측량 좌표 아님
써브웨이_전주송천디티점,덕진구 송천1동,전북특별자치도 전주시 덕진구 송천동2가 69-47,"전북특별자치도 전주시 덕진구 동부대로 1004, 1,2층",063-255-1121,127.1372578,35.86971016,송천1동,exact_official_building_road,기존 주택 CSV의 건물 좌표; 음식점 자체 측량 좌표 아님
황태도둑_효자2호점,완산구 효자5동,전북특별자치도 전주시 완산구 효자동3가 1670-2,전북특별자치도 전주시 완산구 마전들로 8,010-9244-6200,127.0963521,35.82089262,효자5동,exact_official_building_road,기존 주택 CSV의 건물 좌표; 음식점 자체 측량 좌표 아님
대박돌판구이,완산구 서신동,전북특별자치도 전주시 완산구 서신동 951-13,전북특별자치도 전주시 완산구 고사평4길 12-5,063-273-5756,127.1107921,35.83497945,서신동,exact_official_building_road,기존 주택 CSV의 건물 좌표; 음식점 자체 측량 좌표 아님
동영,완산구 고사동,전북특별자치도 전주시 완산구 고사동 288-14,전북특별자치도 전주시 완산구 전주객사4길 73-18,0507-1333-4180,127.1425955,35.82125785,중앙동,exact_official_building_road,기존 주택 CSV의 건물 좌표; 음식점 자체 측량 좌표 아님
수다,완산구 고사동,전북특별자치도 전주시 완산구 고사동 203-6 2층,전북특별자치도 전주시 완산구 전주객사5길 47 2층,063-282-5874,127.1448756,35.82019249,중앙동,exact_official_building_road,기존 주택 CSV의 건물 좌표; 음식점 자체 측량 좌표 아님
티암,완산구 효자5동,전북특별자치도 전주시 완산구 효자동3가 1716-18 1층,전북특별자치도 전주시 완산구 농소1길 3,063-227-5175,127.0966645,35.8139243,효자5동,exact_official_building_road,기존 주택 CSV의 건물 좌표; 음식점 자체 측량 좌표 아님
간판없는집,완산구 풍남동2가,전북특별자치도 전주시 완산구 풍남동2가 27,전북특별자치도 전주시 완산구 동문길 21,0507-1496-5456,127.1526788,35.8191705,풍남동,exact_official_building_road,기존 주택 CSV의 건물 좌표; 음식점 자체 측량 좌표 아님
2차가맥,완산구 중화산동,전북특별자치도 전주시 완산구 중화산동2가 615,전북특별자치도 전주시 완산구 중산6길 2,010-2068-5025,127.1204337,35.81680775,중화산2동,exact_official_building_road,기존 주택 CSV의 건물 좌표; 음식점 자체 측량 좌표 아님
베스티,완산구 효자5동,전북특별자치도 전주시 완산구 효자동3가 1469-7 1층,전북특별자치도 전주시 완산구 서곡7길 45 1층,010-5442-9166,127.1028927,35.8326946,효자5동,exact_official_building_road,기존 주택 CSV의 건물 좌표; 음식점 자체 측량 좌표 아님
포코,덕진구 덕진동,전북특별자치도 전주시 덕진구 덕진동1가 1266-3 2층,전북특별자치도 전주시 덕진구 명륜4길 10-4 2층,"0507-1385-9007, 063-253-8999",127.1267829,35.8425055,덕진동,exact_official_building_road,기존 주택 CSV의 건물 좌표; 음식점 자체 측량 좌표 아님
지니펍,덕진구 송천동2가,전북특별자치도 전주시 덕진구 송천동2가 478-2,전북특별자치도 전주시 덕진구 붓내4길 9,0507-1353-4977,127.1223726,35.86792609,송천1동,exact_official_building_road,기존 주택 CSV의 건물 좌표; 음식점 자체 측량 좌표 아님
더뮤지션,완산구 고사동,전북특별자치도 전주시 완산구 고사동 470-3 2층,전북특별자치도 전주시 완산구 전주객사3길 35 2층,0507-1445-6321,127.1420727,35.8187034,중앙동,exact_official_building_road,기존 주택 CSV의 건물 좌표; 음식점 자체 측량 좌표 아님
마테호른,완산구 효자동,전북특별자치도 전주시 완산구 효자동2가 1155-6 6층,전북특별자치도 전주시 완산구 홍산남로 60 6층,063-242-7285,127.1083599,35.8155698,효자5동,exact_official_building_road,기존 주택 CSV의 건물 좌표; 음식점 자체 측량 좌표 아님
리버스카페,완산구 효자동3가,전북특별자치도 전주시 완산구 효자동3가 1173-1 2층,전북특별자치도 전주시 완산구 백마산길 28 2층,0507-1355-0819,127.0901389,35.8173826,효자4동,exact_official_building_road,기존 주택 CSV의 건물 좌표; 음식점 자체 측량 좌표 아님
호수산장,덕진구 우아동1가,전북특별자치도 전주시 덕진구 우아동1가 744-9,전북특별자치도 전주시 덕진구 아중호수길 86,063-242-2555,127.1757453,35.81969573,우아2동,exact_official_building_road,기존 주택 CSV의 건물 좌표; 음식점 자체 측량 좌표 아님
써니푸드_고사동빌리지,완산구 다가동3가,전북특별자치도 전주시 완산구 다가동3가 44-1,전북특별자치도 전주시 완산구 전주객사2길 45-13,010-4444-9741,127.1398915,35.81852562,중앙동,exact_official_building_road,기존 주택 CSV의 건물 좌표; 음식점 자체 측량 좌표 아님
원할머니보쌈_족발과박가부대찌개_전북도청점,완산구 효자5동,전북특별자치도 전주시 완산구 효자동3가 1539-6,전북특별자치도 전주시 완산구 홍산남로 81,063-251-5382,127.1108842,35.8160118,효자5동,exact_official_building_road,기존 주택 CSV의 건물 좌표; 음식점 자체 측량 좌표 아님
칭다오와양꼬치,덕진구 덕진동1가,전북특별자치도 전주시 덕진구 덕진도1가 1263-3 2층,전북특별자치도 전주시 덕진구 명륜4길 12 2층,0507-1350-6996,127.1267986,35.84294702,덕진동,exact_official_building_road,기존 주택 CSV의 건물 좌표; 음식점 자체 측량 좌표 아님
진짜장,덕진구 송천동,전북특별자치도 전주시 덕진구 송천동2가 247-4,전북특별자치도 전주시 덕진구 붓내3길 14,010-5786-8835,127.1227033,35.8665272,송천1동,exact_official_building_road,기존 주택 CSV의 건물 좌표; 음식점 자체 측량 좌표 아님
두끼_전북대점,덕진구 덕진동,전북특별자치도 전주시 덕진구 덕진동1가 1263-21 2층,"전북특별자치도 전주시 덕진구 명륜4길 18, 2층",063-255-2771,127.1270161,35.84330011,덕진동,exact_official_building_road,기존 주택 CSV의 건물 좌표; 음식점 자체 측량 좌표 아님
도야짬뽕_중화산점,완산구 중화산동2가,전북특별자치도 전주시 완산구 중화산동2가 770-3,전북특별자치도 전주시 완산구 효자로 294,"0507-1486-0148, 063-225-9997",127.1176553,35.81888748,중화산2동,exact_official_building_road,기존 주택 CSV의 건물 좌표; 음식점 자체 측량 좌표 아님
효자상회,완산구 효자동3가,전북특별자치도 전주시 완산구 효자동3가 1528-8,전북특별자치도 전주시 완산구 홍산4길 20-4,063-22305858,127.1109266,35.8181532,효자5동,exact_official_building_road,기존 주택 CSV의 건물 좌표; 음식점 자체 측량 좌표 아님
그림과풍경,완산구 서신동,전북특별자치도 전주시 완산구 서신동 951-1,전북특별자치도 전주시 완산구 고사평4길 12-1,063-271-0254,127.1107888,35.83527685,서신동,exact_official_building_road,기존 주택 CSV의 건물 좌표; 음식점 자체 측량 좌표 아님
카페_간다뷔하,완산구 효자5동,전북특별자치도 전주시 완산구 효자동3가 1423-4 1층,전북특별자치도 전주시 완산구 서곡4길 9 1층,010-9196-0524,127.1026294,35.83544163,효자5동,exact_official_building_road,기존 주택 CSV의 건물 좌표; 음식점 자체 측량 좌표 아님
차경,완산구 풍남동,전북특별자치도 전주시 완산구 풍남동3가 88-8,전북특별자치도 전주시 완산구 경기전길 61,0507-1328-4820,127.1507112,35.8167367,풍남동,exact_official_building_road,기존 주택 CSV의 건물 좌표; 음식점 자체 측량 좌표 아님
황산벌돌판아구찜,완산구 중화산동2가,전북특별자치도 전주시 완산구 중화산동2가 653-6,전북특별자치도 전주시 완산구 영경1길 6-11,063-224-0220,127.1236628,35.81701156,중화산2동,exact_official_building_road,기존 주택 CSV의 건물 좌표; 음식점 자체 측량 좌표 아님
소딜리셔스,완산구 효자5동,전북특별자치도 전주시 완산구 효자동2가 1240-11 수병원 1층,전북특별자치도 전주시 완산구 서원로 63 수병원 1층,070-5006-2013,127.1014427,35.81400865,효자5동,exact_official_building_road,기존 주택 CSV의 건물 좌표; 음식점 자체 측량 좌표 아님
팬닭_삼천효자점,완산구 효자동1가,전북특별자치도 전주시 완산구 효자동1가 683-7,전북특별자치도 전주시 완산구 안행9길 29-14,050-7964-1464,127.1328658,35.8019843,효자1동,exact_official_building_road,기존 주택 CSV의 건물 좌표; 음식점 자체 측량 좌표 아님
커피니_전주KBS점,완산구 효자5동,전북특별자치도 전주시 완산구 효자동3가 1643-9,전북특별자치도 전주시 완산구 우전로 302,063-221-1130,127.1021781,35.82144094,효자5동,exact_official_building_road,기존 주택 CSV의 건물 좌표; 음식점 자체 측량 좌표 아님
인쌩맥주_홍산중앙로점,완산구 효자동3가,전북특별자치도 전주시 완산구 효자동3가 1535-4,전북특별자치도 전주시 완산구 홍산중앙로 35,0507-1344-0603,127.10878,35.816728,효자5동,exact_official_building_road,기존 주택 CSV의 건물 좌표; 음식점 자체 측량 좌표 아님
하숙영,완산구 중앙동3가,전북특별자치도 전주시 완산구 중앙동3가 78-1,전북특별자치도 전주시 완산구 전라감영5길 19-3,063-285-8288,127.1458248,35.8174223,중앙동,exact_official_building_road,기존 주택 CSV의 건물 좌표; 음식점 자체 측량 좌표 아님
마왕족발_전주혁신도시점,덕진구 혁신동,전북특별자치도 전주시 덕진구 중동 774-7,전북특별자치도 전주시 덕진구 안전로 148,063-247-7878,127.0590019,35.8372636,혁신동,exact_official_building_road,기존 주택 CSV의 건물 좌표; 음식점 자체 측량 좌표 아님
대박수산,완산구 서신동,전북특별자치도 전주시 완산구 서신동 850-12 1층,전북특별자치도 전주시 완산구 전룡로 15 1층,063-255-3222,127.1147845,35.82629321,서신동,exact_official_building_road,기존 주택 CSV의 건물 좌표; 음식점 자체 측량 좌표 아님
오수장어직매장,덕진구 우아동1가,전북특별자치도 전주시 덕진구 우아동1가 1120-4,전북특별자치도 전주시 덕진구 인교9길 37,063-247-3692,127.1762891,35.82598162,우아2동,exact_official_building_road,기존 주택 CSV의 건물 좌표; 음식점 자체 측량 좌표 아님
꾸지뽕시대,완산구 효자4동,전북특별자치도 전주시 완산구 효자동2가 1210-3,전북특별자치도 전주시 완산구 소태정3길 9-4,063-224-9970,127.0998934,35.80321739,효자4동,exact_official_building_road,기존 주택 CSV의 건물 좌표; 음식점 자체 측량 좌표 아님
광장포차타운,덕진구 덕진동1가,전북특별자치도 전주시 덕진구 덕진동1가 1314-200 2층,전북특별자치도 전주시 덕진구 덕진광장로 15 2층,063-255-4733,127.1245222,35.84460692,덕진동,exact_official_building_road,기존 주택 CSV의 건물 좌표; 음식점 자체 측량 좌표 아님
1970새마을포차_전주신시가지점,완산구 효자동,전북특별자치도 전주시 완산구 효자동3가 1535-2,전북특별자치도 전주시 완산구 홍산중앙로 39,0507-1346-9789,127.1087668,35.81710952,효자5동,exact_official_building_road,기존 주택 CSV의 건물 좌표; 음식점 자체 측량 좌표 아님
행복회포차,덕진구 송천동,전북특별자치도 전주시 덕진구 송천동2가 196,전북특별자치도 전주시 덕진구 붓내3길 18-9,063-255-2434,127.1236452,35.86598854,송천1동,exact_official_building_road,기존 주택 CSV의 건물 좌표; 음식점 자체 측량 좌표 아님
푸라닭_전주에코시티점,덕진구 송천동,전북특별자치도 전주시 덕진구 송천동2가 1330-10,전북특별자치도 전주시 덕진구 세병2길 32-4,063-277-9206,127.126933,35.872317,송천1동,exact_official_building_road,기존 주택 CSV의 건물 좌표; 음식점 자체 측량 좌표 아님
열빈,완산구 효자동3가,전북특별자치도 전주시 완산구 효자동3가 1646-4,전북특별자치도 전주시 완산구 마전2길 5-4,063-271-8855,127.1036181,35.8225671,효자5동,exact_official_building_road,기존 주택 CSV의 건물 좌표; 음식점 자체 측량 좌표 아님
화덕의아침본점_근영여고점,완산구 중화산동2가,전북특별자치도 전주시 완산구 중화산동2가 654,전북특별자치도 전주시 완산구 영경1길14,063-226-3157,127.1243066,35.81783644,중화산2동,exact_official_building_parcel,기존 주택 CSV의 건물 좌표; 음식점 자체 측량 좌표 아님
카페아지,완산구 효자5동,전북특별자치도 전주시 완산구 효자동3가 1528-10 5층,전북특별자치도 전주시 완산구 홍산북로 83-17 5층,063-221-4419,127.1104559,35.8181549,효자5동,exact_official_building_road,기존 주택 CSV의 건물 좌표; 음식점 자체 측량 좌표 아님
헤렌하우스,완산구 효자5동,전북특별자치도 전주시 완산구 효자동3가 1631-6 2층,전북특별자치도 전주시 완산구 마전3길 6-3 2층,063-222-2997,127.1036217,35.82395734,효자5동,exact_official_building_road,기존 주택 CSV의 건물 좌표; 음식점 자체 측량 좌표 아님
라무드,덕진구 우아동1가,전북특별자치도 전주시 덕진구 우아동1가 1104-2,전북특별자치도 전주시 덕진구 인교로 21,0507-1365-5007,127.171433,35.82467744,우아2동,exact_official_building_road,기존 주택 CSV의 건물 좌표; 음식점 자체 측량 좌표 아님
택이네조개전골_에코시티점,덕진구 송천2동,전북특별자치도 전주시 덕진구 송천동2가 1327-14 세기빌딩 101호,전북특별자치도 전주시 덕진구 세병2길 21 세기빌딩 101호,063-277-4542,127.1263308,35.872823,송천1동,exact_official_building_road,기존 주택 CSV의 건물 좌표; 음식점 자체 측량 좌표 아님
수참치,덕진구 우아동1가,전북특별자치도 전주시 덕진구 우아동1가 1088-5,전북특별자치도 전주시 덕진구 아중로 200,063-245-3040,127.1713802,35.82763339,우아2동,exact_official_building_road,기존 주택 CSV의 건물 좌표; 음식점 자체 측량 좌표 아님
본도시락_전주전북도청점,덕진구 송천동1가,전북특별자치도 전주시 완산구 효자동2가 1235-8 103호,전북 전주시 완산구 홍산남로 11-24 103호,063-228-4282,127.1032959,35.8163871,효자5동,exact_official_building_road,기존 주택 CSV의 건물 좌표; 음식점 자체 측량 좌표 아님
막꼼닭참숯구이,덕진구 송천동1가,전북특별자치도 전주시 덕진구 송천동1가 137-127,전북특별자치도 전주시 덕진구 솔내로 111,063-251-5592,127.1263894,35.86009593,송천1동,exact_official_building_road,기존 주택 CSV의 건물 좌표; 음식점 자체 측량 좌표 아님
청담이상_도청점,완산구 효자동,전북특별자치도 전주시 완산구 효자동3가 1536,전북특별자치도 전주시 완산구 홍산중앙로 30,0507-1489-1088,127.1093203,35.8162925,효자5동,exact_official_building_road,기존 주택 CSV의 건물 좌표; 음식점 자체 측량 좌표 아님
바엉클죠,완산구 효자5동,전북특별자치도 전주시 완산구 효자동3가 1536-1,전북특별자치도 전주시 완산구 홍산중앙로 42,063-236-0313,127.1093266,35.8173184,효자5동,exact_official_building_road,기존 주택 CSV의 건물 좌표; 음식점 자체 측량 좌표 아님
전동떡갈비,완산구 풍남동,전북특별자치도 전주시 완산구 전동 16-2,전북특별자치도 전주시 완산구 전동성당길 66,063-232-5500,127.1487499,35.8159916,풍남동,exact_official_building_road,기존 주택 CSV의 건물 좌표; 음식점 자체 측량 좌표 아님
언니스포차가맥,덕진구 송천동2가,전북특별자치도 전주시 덕진구 송천동2가 481-1,전북특별자치도 전주시 덕진구 붓내4길 8,0507-1317-4860,127.1221265,35.8676224,송천1동,exact_official_building_road,기존 주택 CSV의 건물 좌표; 음식점 자체 측량 좌표 아님
군침과일,완산구 효자5동,전북특별자치도 전주시 완산구 효자동3가 1664-6 1층,전북특별자치도 전주시 완산구 척동2길 5-3 1층,010-8669-5420,127.1003063,35.82157117,효자5동,exact_official_building_road,기존 주택 CSV의 건물 좌표; 음식점 자체 측량 좌표 아님
백일몽,완산구 중앙동2가,전북특별자치도 전주시 완산구 중앙동2가 31-8 2층,전북특별자치도 전주시 완산구 전주객사3길 10 2층,010-1111-0006,127.1428657,35.81773564,중앙동,exact_official_building_road,기존 주택 CSV의 건물 좌표; 음식점 자체 측량 좌표 아님
더리터_서신여울점,완산구 서신동,전북특별자치도 전주시 완산구 서신동 954-3 103호,전북특별자치도 전주시 완산구 새터로 52-8 103호,063-251-7047,127.1119745,35.8349461,서신동,exact_official_building_road,기존 주택 CSV의 건물 좌표; 음식점 자체 측량 좌표 아님
삼주장,완산구 효자5동,전북특별자치도 전주시 완산구 효자동3가 1530-1 1층,전북특별자치도 전주시 완산구 홍산북로 69-6 1층,070-7785-9292,127.1097571,35.8178645,효자5동,exact_official_building_road,기존 주택 CSV의 건물 좌표; 음식점 자체 측량 좌표 아님
하늘천숯불갈비전주혁신점,완산구 상림동,전북특별자치도 전주시 완산구 상림동 85,전북특별자치도 전주시 완산구 콩쥐팥쥐로 1599,063-224-6100,127.0745415,35.8255309,효자5동,exact_official_building_road,기존 주택 CSV의 건물 좌표; 음식점 자체 측량 좌표 아님
설빙_전북대점,덕진구 덕진동,전북특별자치도 전주시 덕진구 덕진동1가 1314-169 2층,전북특별자치도 전주시 덕진구 명륜4길 19 2층,063-271-3988,127.1268772,35.8436626,덕진동,exact_official_building_road,기존 주택 CSV의 건물 좌표; 음식점 자체 측량 좌표 아님
기린초밥,덕진구 혁신동,전북특별자치도 전주시 덕진구 중동 774-5,전북특별자치도 전주시 덕진구 안전로 154,0507-1360-6811,127.0589816,35.8377245,혁신동,exact_official_building_road,기존 주택 CSV의 건물 좌표; 음식점 자체 측량 좌표 아님
컬러인커피_스트라다점,완산구 중화산동2가,"전북특별자치도 전주시 완산구 중화산동2가 636-5 1,2층",전북특별자치도 전주시 완산구 중산1길15,070-4155-2744,127.118679,35.81437039,중화산2동,exact_official_building_parcel,기존 주택 CSV의 건물 좌표; 음식점 자체 측량 좌표 아님
봉돼지_송천점,덕진구 송천동2가,전북특별자치도 전주시 덕진구 송천동2가 484-7,전북특별자치도 전주시 덕진구 붓내3길 9-4,0507-1414-9925,127.1225355,35.8671034,송천1동,exact_official_building_road,기존 주택 CSV의 건물 좌표; 음식점 자체 측량 좌표 아님
짬뽕지존_덕진점,덕진구 덕진동1가,전북특별자치도 전주시 덕진구 덕진동1가 1401-20,전북특별자치도 전주시 덕진구 기린대로 499,063-253-5161,127.1232738,35.8436166,덕진동,exact_official_building_road,기존 주택 CSV의 건물 좌표; 음식점 자체 측량 좌표 아님
수정회관,완산구 다가동3가,전북특별자치도 전주시 완산구 다가동3가 24-7,전북특별자치도 전주시 완산구 전주객사1길 12-6,063-284-4686,127.1406653,35.8171678,중앙동,exact_official_building_road,기존 주택 CSV의 건물 좌표; 음식점 자체 측량 좌표 아님
달콩커피,완산구 효자동,전북특별자치도 전주시 완산구 효자동1가 218-20,"전북특별자치도 전주시 완산구 효동2길 41, 1층",063-236-2358,127.1258825,35.8030024,효자1동,exact_official_building_road,기존 주택 CSV의 건물 좌표; 음식점 자체 측량 좌표 아님
열두시,덕진구 송천동2가,전북특별자치도 전주시 덕진구 송천동2가 484-13,전북특별자치도 전주시 덕진구 붓내4길 8-27,010-2278-3934,127.1227694,35.86709077,송천1동,exact_official_building_road,기존 주택 CSV의 건물 좌표; 음식점 자체 측량 좌표 아님
커피하버,완산구 중화산동2가,전북특별자치도 전주시 완산구 중화산동2가 228-1,전북특별자치도 전주시 완산구 어은로 21,063-225-3702,127.125208,35.8167634,중화산2동,exact_official_building_road,기존 주택 CSV의 건물 좌표; 음식점 자체 측량 좌표 아님
흙집,완산구 중화산동2가,전북특별자치도 전주시 완산구 중화산동2가 663-3,전북특별자치도 전주시 완산구 한두평2길 18-10,063-227-0987,127.1249021,35.81298269,중화산1동,exact_official_building_road,기존 주택 CSV의 건물 좌표; 음식점 자체 측량 좌표 아님
이디야커피_전북도청점,완산구 효자5동,전북특별자치도 전주시 완산구 효자동3가 1528-15 1층,전북특별자치도 전주시 완산구 홍산중앙로 46 1층,063-224-6330,127.1093332,35.8176135,효자5동,exact_official_building_road,기존 주택 CSV의 건물 좌표; 음식점 자체 측량 좌표 아님
국수나무_전주서신점,완산구 서신동,전북특별자치도 전주시 완산구 서신동 963-1,전북특별자치도 전주시 완산구 서신로 113,063-277-5335,127.1156134,35.83539351,서신동,exact_official_building_road,기존 주택 CSV의 건물 좌표; 음식점 자체 측량 좌표 아님
무한사랑김치찌개본점,덕진구 송천2동,전북특별자치도 전주시 덕진구 송천동2가 185-1 1층 107호,전북특별자치도 전주시 덕진구 사근1길 57 1층 107호,063-273-5291,127.1336267,35.8665673,송천1동,exact_official_building_road,기존 주택 CSV의 건물 좌표; 음식점 자체 측량 좌표 아님
동창야채닭갈비,덕진구 우아동2가,전북특별자치도 전주시 덕진구 우아동2가 915-17,전북특별자치도 전주시 덕진구 아중1길 2,063-241-5542,127.1701017,35.8281834,우아2동,exact_official_building_road,기존 주택 CSV의 건물 좌표; 음식점 자체 측량 좌표 아님
봉평메밀촌,완산구 효자동,전북특별자치도 전주시 완산구 효자동2가 1205-5,전북특별자치도 전주시 완산구 소태정3길 10-9,063-228-3779,127.0994111,35.80379964,효자4동,exact_official_building_road,기존 주택 CSV의 건물 좌표; 음식점 자체 측량 좌표 아님
이디야커피_전주휴먼시아점,완산구 효자5동,전북특별자치도 전주시 완산구 효자동3가 1738-1,전북특별자치도 전주시 완산구 봉곡로 29,063-228-1800,127.0971992,35.8119657,효자4동,exact_official_building_road,기존 주택 CSV의 건물 좌표; 음식점 자체 측량 좌표 아님
코스타클래식,완산구 효자5동,전북특별자치도 전주시 완산구 효자동3가 1527-5 청담스토리빌딩 1층,전북특별자치도 전주시 완산구 홍산3길 11 청담스토리빌딩 1층,063-236-6365,127.1078106,35.8182787,효자5동,exact_official_building_road,기존 주택 CSV의 건물 좌표; 음식점 자체 측량 좌표 아님
프리모파스타,완산구 효자동,전북특별자치도 전주시 완산구 효자동3가 1527-7,전북특별자치도 전주시 완산구 홍산3길 7,063-225-6688,127.108201,35.8183074,효자5동,exact_official_building_road,기존 주택 CSV의 건물 좌표; 음식점 자체 측량 좌표 아님
화산곱창_아중점,덕진구 우아동2가,전북특별자치도 전주시 덕진구 우아동1가 1119-5,전북특별자치도 전주시 덕진구 인교9길 23,063-247-7300,127.1754809,35.82601214,우아2동,exact_official_building_road,기존 주택 CSV의 건물 좌표; 음식점 자체 측량 좌표 아님
장수투가리,완산구 효자동1가,전북특별자치도 전주시 완산구 효자동1가 623-2,전북특별자치도 전주시 완산구 신봉로 8,063-222-1706,127.1160031,35.81018671,효자2동,exact_official_building_road,기존 주택 CSV의 건물 좌표; 음식점 자체 측량 좌표 아님
어썸,완산구 효자5동,전북특별자치도 전주시 완산구 효자동3가 1668-5,전북특별자치도 전주시 완산구 마전들로 29,070-8764-2928,127.0988022,35.8211927,효자5동,exact_official_building_road,기존 주택 CSV의 건물 좌표; 음식점 자체 측량 좌표 아님
아줌마국수,완산구 효자동1가,전북특별자치도 전주시 완산구 효자동1가 623-5,전북특별자치도 전주시 완산구 밤나무1길 2,010-3693-3253,127.1166224,35.8102183,효자2동,exact_official_building_road,기존 주택 CSV의 건물 좌표; 음식점 자체 측량 좌표 아님
가나회집,완산구 서신동,전북특별자치도 전주시 완산구 서신동 802-13,전북특별자치도 전주시 완산구 서신천변13길 4-8,063-278-3650,127.1138927,35.8308653,서신동,exact_official_building_road,기존 주택 CSV의 건물 좌표; 음식점 자체 측량 좌표 아님
서신정,완산구 서신동,전북특별자치도 전주시 완산구 서신동 786-6,전북특별자치도 전주시 완산구 감나무4길 26,063-277-3455,127.1199262,35.83172975,서신동,exact_official_building_road,기존 주택 CSV의 건물 좌표; 음식점 자체 측량 좌표 아님
위위커피,완산구 효자4동,전북특별자치도 전주시 완산구 효자동3가 1273-14,전북특별자치도 전주시 완산구 속거길 11-8,010-6436-8084,127.0880827,35.81531425,효자4동,exact_official_building_road,기존 주택 CSV의 건물 좌표; 음식점 자체 측량 좌표 아님
꿀꿀이아빠네,완산구 효자동,전북특별자치도 전주시 완산구 효자동2가 1309-8,전북특별자치도 전주시 완산구 후곡길 11-4,063-226-8892,127.0954651,35.8097721,효자4동,exact_official_building_road,기존 주택 CSV의 건물 좌표; 음식점 자체 측량 좌표 아님
김밥드림,완산구 서신동,전북특별자치도 전주시 완산구 서신동 782-3,전북특별자치도 전주시 완산구 감나무4길 6,063-277-7896,127.1220919,35.8316617,서신동,exact_official_building_road,기존 주택 CSV의 건물 좌표; 음식점 자체 측량 좌표 아님
감성꼬마김밥,완산구 중화산동2가,전북특별자치도 전주시 완산구 중화산동2가 781-6,전북특별자치도 전주시 완산구 신촌3길 12,063-225-5828,127.1169052,35.8171453,중화산2동,exact_official_building_road,기존 주택 CSV의 건물 좌표; 음식점 자체 측량 좌표 아님
동대문엽기떡볶이_전주송천점,덕진구 송천동,전북특별자치도 전주시 덕진구 송천동1가 107-110,전북특별자치도 전주시 덕진구 솔내로 149,063-247-8592,127.1267441,35.8635546,송천1동,exact_official_building_road,기존 주택 CSV의 건물 좌표; 음식점 자체 측량 좌표 아님
현대옥_전주역점,덕진구 우아1동,전북특별자치도 전주시 덕진구 우아동3가 747-68,전북특별자치도 전주시 덕진구 백제대로 797,063-242-0039,127.1555744,35.8479534,우아1동,exact_official_building_road,기존 주택 CSV의 건물 좌표; 음식점 자체 측량 좌표 아님
꽃마름_전주에코시티점,덕진구 송천동2가,전북특별자치도 전주시 덕진구 송천동2가 1336-1 5층,전북특별자치도 전주시 덕진구 세병서로 22 5층,063-272-4292,127.1246096,35.8716381,송천1동,exact_official_building_road,기존 주택 CSV의 건물 좌표; 음식점 자체 측량 좌표 아님
헤이스트릿브런치,완산구 고사동,전북특별자치도 전주시 완산구 고사동 324-48 1층,"전북특별자치도 전주시 완산구 전주객사2길 74-19, 1층",0507-1387-4151,127.1402222,35.82070014,중앙동,exact_official_building_road,기존 주택 CSV의 건물 좌표; 음식점 자체 측량 좌표 아님
한솔정,완산구 효자동2가,전북특별자치도 전주시 완산구 효자동2가 1210-5,전북특별자치도 전주시 완산구 소태정1길 12,063-229-5908,127.1001507,35.80296695,효자4동,exact_official_building_road,기존 주택 CSV의 건물 좌표; 음식점 자체 측량 좌표 아님
베러댄와플_전주고사점,완산구 고사동,전북특별자치도 전주시 완산구 고사동 360,전북특별자치도 전주시 완산구 전주객사3길 74-46,0507-1354-4432,127.1425463,35.8207167,중앙동,exact_official_building_road,기존 주택 CSV의 건물 좌표; 음식점 자체 측량 좌표 아님
5.5닭갈비_전주전북지사,완산구 서신동,전북특별자치도 전주시 완산구 서신동 853,전북특별자치도 전주시 완산구 유연로 265,063-255-5554,127.1145039,35.8255523,서신동,exact_official_building_road,기존 주택 CSV의 건물 좌표; 음식점 자체 측량 좌표 아님
고수닭갈비_전북대점,덕진구 덕진동,전북특별자치도 전주시 덕진구 덕진동1가 1314-179,전북특별자치도 전주시 덕진구 명륜3길 20,063-274-1585,127.1281536,35.8427622,덕진동,exact_official_building_road,기존 주택 CSV의 건물 좌표; 음식점 자체 측량 좌표 아님
완산골명가,완산구 서신동,전북특별자치도 전주시 완산구 서신동 939-2,전북특별자치도 전주시 완산구 새터로 42,063-278-2221,127.111013,35.8354943,서신동,exact_official_building_road,기존 주택 CSV의 건물 좌표; 음식점 자체 측량 좌표 아님
홍도주막,완산구 효자동1가,전북특별자치도 전주시 완산구 효자동1가 620-11,전북특별자치도 전주시 완산구 신봉로 7-1,063-224-3894,127.1158565,35.810438,효자2동,exact_official_building_road,기존 주택 CSV의 건물 좌표; 음식점 자체 측량 좌표 아님
금암면옥_객사점,완산구 중앙동2가,전북특별자치도 전주시 완산구 중앙동2가 31-4,전북특별자치도 전주시 완산구 전주객사3길 12-6,063-282-6699,127.1429754,35.817857,중앙동,exact_official_building_road,기존 주택 CSV의 건물 좌표; 음식점 자체 측량 좌표 아님
이가네돌솥감자탕,완산구 서신동,전북특별자치도 전주시 완산구 서신동 812-1 1층,전북특별자치도 전주시 완산구 서신로 52 1층,063-278-1566,127.1160734,35.82983581,서신동,exact_official_building_road,기존 주택 CSV의 건물 좌표; 음식점 자체 측량 좌표 아님
롯데리아_전주송천점,덕진구 송천동2가,전북특별자치도 전주시 덕진구 송천동2가 212-2,전북특별자치도 전주시 덕진구 솔내로 182,063-254-9800,127.1273535,35.8660876,송천1동,exact_official_building_road,기존 주택 CSV의 건물 좌표; 음식점 자체 측량 좌표 아님
왕뚜껑,완산구 효자4동,전북특별자치도 전주시 완산구 효자동2가 1318-3,전북특별자치도 전주시 완산구 호암로 81,063-251-3792,127.1035606,35.8086378,효자4동,exact_official_building_road,기존 주택 CSV의 건물 좌표; 음식점 자체 측량 좌표 아님
화심장어_아중점,덕진구 우아동2가,전북특별자치도 전주시 덕진구 우아동1가 1116-9,전북특별자치도 전주시 덕진구 인교9길 21-14,063-243-2456,127.1752822,35.82702926,우아2동,exact_official_building_road,기존 주택 CSV의 건물 좌표; 음식점 자체 측량 좌표 아님
등대수산,완산구 서신동,전북특별자치도 전주시 완산구 서신동 931-8,전북특별자치도 전주시 완산구 새터로 51-1,063-909-3100,127.1119562,35.83579922,서신동,exact_official_building_road,기존 주택 CSV의 건물 좌표; 음식점 자체 측량 좌표 아님
동호곱창,덕진구 우아1동,전북특별자치도 전주시 덕진구 우아동3가 748-14,전북특별자치도 전주시 덕진구 도당산3길 8,063-244-8782,127.1560268,35.8471589,우아1동,exact_official_building_road,기존 주택 CSV의 건물 좌표; 음식점 자체 측량 좌표 아님
홍경숙신쭈꾸미_서신점,완산구 서신동,전북특별자치도 전주시 완산구 서신동 948-9 1층,전북특별자치도 전주시 완산구 고사평2길 3-3 1층,063-252-6992,127.1098102,35.83469278,서신동,exact_official_building_road,기존 주택 CSV의 건물 좌표; 음식점 자체 측량 좌표 아님
진미집,덕진구 송천1동,전북특별자치도 전주시 덕진구 송천동1가 803-5,전북특별자치도 전주시 덕진구 두간로 17,0504-2015-0869,127.1164112,35.8654896,송천2동,exact_official_building_road,기존 주택 CSV의 건물 좌표; 음식점 자체 측량 좌표 아님
일피오레,완산구 효자동,전북특별자치도 전주시 완산구 효자동3가 1528-2 2층,전북특별자치도 전주시 완산구 홍산4길 8,063-223-1454,127.1097379,35.8183059,효자5동,exact_official_building_road,기존 주택 CSV의 건물 좌표; 음식점 자체 측량 좌표 아님
들턱,덕진구 덕진동,전북특별자치도 전주시 덕진구 덕진동1가 1263-11 2층,전북특별자치도 전주시 덕진구 명륜3길 13 2층,010-9319-6398,127.1275098,35.8425278,덕진동,exact_official_building_road,기존 주택 CSV의 건물 좌표; 음식점 자체 측량 좌표 아님
크라운호프_전주에코2호점,덕진구 송천2동,전북특별자치도 전주시 덕진구 송천동2가 1327-12 보고빌딩 1층,"전북특별자치도 전주시 덕진구 세병2길 27, 102,105호",0507-1336-1646,127.126785,35.8728424,송천1동,exact_official_building_road,기존 주택 CSV의 건물 좌표; 음식점 자체 측량 좌표 아님
부광양념족발구이뼈다귀탕_송천점,덕진구 송천동,전북특별자치도 전주시 덕진구 송천동2가 321-3,전북특별자치도 전주시 덕진구 붓내3길 17-25,063-905-5892,127.1236035,35.8688851,송천1동,exact_official_building_road,기존 주택 CSV의 건물 좌표; 음식점 자체 측량 좌표 아님
참국수_효자점,완산구 효자5동,전북특별자치도 전주시 완산구 효자동2가 1242-1,"전북특별자치도 전주시 완산구 홍산남로 14, 1층 105,106호",063-236-7923,127.1032155,35.8155483,효자5동,exact_official_building_road,기존 주택 CSV의 건물 좌표; 음식점 자체 측량 좌표 아님
평화양곱창,덕진구 송천동2가,전북특별자치도 전주시 덕진구 송천동2가 244-2,전북특별자치도 전주시 덕진구 붓내3길 18-1,063-277-1643,127.1236185,35.86640295,송천1동,exact_official_building_road,기존 주택 CSV의 건물 좌표; 음식점 자체 측량 좌표 아님
모정산골냉면_전주점,덕진구 송천동2가,전북특별자치도 전주시 덕진구 송천동2가 299-2,전북특별자치도 전주시 덕진구 동부대로 1098,0507-1402-9546,127.1270548,35.87011426,송천1동,exact_official_building_road,기존 주택 CSV의 건물 좌표; 음식점 자체 측량 좌표 아님
까페여우나무,완산구 중앙동,전북특별자치도 전주시 완산구 중앙동4가 36-5,전북특별자치도 전주시 완산구 전라감영로 52,063-232-4717,127.1448283,35.8154487,중앙동,exact_official_building_road,기존 주택 CSV의 건물 좌표; 음식점 자체 측량 좌표 아님
BHC치킨_송천2호점,덕진구 송천동,전북특별자치도 전주시 덕진구 송천동1가 97-6,전북특별자치도 전주시 덕진구 오송1길 37-13,050-7964-0903,127.1306685,35.8639102,송천1동,exact_official_building_road,기존 주택 CSV의 건물 좌표; 음식점 자체 측량 좌표 아님
가장맛있는족발_전북대점,덕진구 덕진동1가,전북특별자치도 전주시 덕진구 덕진동1가 664-1,전북특별자치도 전주시 덕진구 권삼득로 343,063-278-5849,127.1251477,35.8453962,덕진동,exact_official_building_road,기존 주택 CSV의 건물 좌표; 음식점 자체 측량 좌표 아님
피자스쿨_송천점,덕진구 송천동,전북특별자치도 전주시 덕진구 송천동2가 1272,전북특별자치도 전주시 덕진구 붓내3길 19,063-253-3444,127.1236928,35.8668215,송천1동,exact_official_building_road,기존 주택 CSV의 건물 좌표; 음식점 자체 측량 좌표 아님
손쿡,완산구 고사동,전북특별자치도 전주시 완산구 고사동 217-1,전북특별자치도 전주시 완산구 전주객사5길 77,063-275-7985,127.1444667,35.8215101,중앙동,exact_official_building_road,기존 주택 CSV의 건물 좌표; 음식점 자체 측량 좌표 아님
리스토란테콜리_송천점,덕진구 송천동,전북특별자치도 전주시 덕진구 송천동2가 1357 101호,전북특별자치도 전주시 덕진구 화암4길 60 101호,063-271-7171,127.1372701,35.87062056,송천1동,exact_official_building_road,기존 주택 CSV의 건물 좌표; 음식점 자체 측량 좌표 아님
만나팥죽,덕진구 송천동,전북특별자치도 전주시 덕진구 송천동1가 839-2,전북특별자치도 전주시 덕진구 용소로 92,063-232-3345,127.1182825,35.863441,송천2동,exact_official_building_road,기존 주택 CSV의 건물 좌표; 음식점 자체 측량 좌표 아님
동상집,완산구 중화산동,전북특별자치도 전주시 완산구 중화산동2가 654-6,전북특별자치도 전주시 완산구 영경2길 8,063-226-2887,127.1241371,35.81715021,중화산2동,exact_official_building_road,기존 주택 CSV의 건물 좌표; 음식점 자체 측량 좌표 아님
맥도날드_전주중화산점,완산구 중화산동2가,전북특별자치도 전주시 완산구 중화산동2가 648-11,전북특별자치도 전주시 완산구 백제대로 238,070-7017-4024,127.1235045,35.81428844,중화산1동,exact_official_building_road,기존 주택 CSV의 건물 좌표; 음식점 자체 측량 좌표 아님
우리밀동우_혁신점,덕진구 혁신동,전북특별자치도 전주시 덕진구 중동 775-4,전북특별자치도 전주시 덕진구 오공로 43-28,063-237-4748,127.0613269,35.8378035,혁신동,exact_official_building_road,기존 주택 CSV의 건물 좌표; 음식점 자체 측량 좌표 아님
개인화로한우전문미소,완산구 효자동,전북특별자치도 전주시 완산구 효자동3가 1529-10 2층,전북특별자치도 전주시 완산구 홍산북로 57 2층,0507-1401-7796,127.108174,35.8176397,효자5동,exact_official_building_road,기존 주택 CSV의 건물 좌표; 음식점 자체 측량 좌표 아님
미성,완산구 다가동,전북특별자치도 전주시 완산구 다가동4가 83-1,"전북특별자치도 전주시 완산구 전주객사2길 51, 1층",0507-1316-4608,127.140008,35.81900414,중앙동,exact_official_building_road,기존 주택 CSV의 건물 좌표; 음식점 자체 측량 좌표 아님
홍가네통구이족발,완산구 중화산동2가,전북특별자치도 전주시 완산구 중화산동2가 533-1,전북특별자치도 전주시 완산구 산월1길 15,063-222-5892,127.1214857,35.81272347,중화산2동,exact_official_building_road,기존 주택 CSV의 건물 좌표; 음식점 자체 측량 좌표 아님
중앙반점,덕진구 우아동2가,전북특별자치도 전주시 덕진구 우아동2가 909-10,전북특별자치도 전주시 덕진구 석소로 14,0507-1326-9255,127.1699062,35.82889409,우아2동,exact_official_building_road,기존 주택 CSV의 건물 좌표; 음식점 자체 측량 좌표 아님
한신포차_전북도청점,완산구 효자5동,전북특별자치도 전주시 완산구 효자동3가 1536-2,전북특별자치도 전주시 완산구 홍산중앙로 40,063-223-0410,127.1093248,35.8171145,효자5동,exact_official_building_road,기존 주택 CSV의 건물 좌표; 음식점 자체 측량 좌표 아님
듬뿍_전북대점,덕진구 덕진동,전북특별자치도 전주시 덕진구 덕진동1가 1314-174,전북특별자치도 전주시 덕진구 명륜4길 18-9,063-272-2666,127.1276373,35.84317843,덕진동,exact_official_building_road,기존 주택 CSV의 건물 좌표; 음식점 자체 측량 좌표 아님
콩뿌리콩나물국밥24시,덕진구 우아1동,전북특별자치도 전주시 덕진구 우아동3가 748-24 1층,전북특별자치도 전주시 덕진구 백제대로 808 1층,063-225-0060,127.1568879,35.8476832,우아1동,exact_official_building_road,기존 주택 CSV의 건물 좌표; 음식점 자체 측량 좌표 아님
본죽&비빔밥cafe_전주고려병원점,덕진구 산정동,전북특별자치도 전주시 덕진구 산정동 853-2,전북특별자치도 전주시 덕진구 안덕원로 373,063-241-2390,127.1673595,35.83961114,우아2동,exact_official_building_road,기존 주택 CSV의 건물 좌표; 음식점 자체 측량 좌표 아님
투썸플레이스_전주신시가지점,완산구 효자3동,전북특별자치도 전주시 완산구 효자동2가 1155-10,전북특별자치도 전주시 완산구 홍산중앙로 13,063-274-2323,127.1087421,35.8148744,효자5동,exact_official_building_road,기존 주택 CSV의 건물 좌표; 음식점 자체 측량 좌표 아님
게매니아_전주점,완산구 중화산동,전북특별자치도 전주시 완산구 중화산동2가 592-6,전북특별자치도 전주시 완산구 중화산로 88,063-236-3353,127.1183942,35.81811776,중화산2동,exact_official_building_road,기존 주택 CSV의 건물 좌표; 음식점 자체 측량 좌표 아님
미즈미스터,덕진구 송천2동,전북특별자치도 전주시 덕진구 송천동2가 1327-12,"전북특별자치도 전주시 덕진구 세병2길 27, 201호",0507-1415-7747,127.126785,35.8728424,송천1동,exact_official_building_road,기존 주택 CSV의 건물 좌표; 음식점 자체 측량 좌표 아님
왓더그레이,완산구 고사동,전북특별자치도 전주시 완산구 고사동 300-2 1층,"전북특별자치도 전주시 완산구 전주객사3길 94, 1층",070-8776-5427,127.1414332,35.8213564,중앙동,exact_official_building_road,기존 주택 CSV의 건물 좌표; 음식점 자체 측량 좌표 아님
본죽&비빔밥cafe_전주만성점,덕진구 혁신동,전북특별자치도 전주시 덕진구 만성동 1373-1,전북특별자치도 전주시 덕진구 만성중앙로 45,063-212-6288,127.0768407,35.8431125,여의동,exact_official_building_road,기존 주택 CSV의 건물 좌표; 음식점 자체 측량 좌표 아님
고래의꿈,완산구 서신동,전북특별자치도 전주시 완산구 서신동 1017-10,전북특별자치도 전주시 완산구 고사평7길 9-3,010-4840-9391,127.1092532,35.8373166,서신동,exact_official_building_road,기존 주택 CSV의 건물 좌표; 음식점 자체 측량 좌표 아님
중앙정,완산구 태평동,전북특별자치도 전주시 완산구 태평동 3-3,전북특별자치도 전주시 완산구 노송여울1길 57,063-251-2114,127.1419389,35.8268114,노송동,exact_official_building_road,기존 주택 CSV의 건물 좌표; 음식점 자체 측량 좌표 아님
양평해장국_하가점,덕진구 덕진동,전북특별자치도 전주시 덕진구 덕진동2가 678-8,전북특별자치도 전주시 덕진구 가리내10길 12-4,063-255-1551,127.110629,35.8425039,덕진동,exact_official_building_road,기존 주택 CSV의 건물 좌표; 음식점 자체 측량 좌표 아님
배스킨라빈스_전주에코시티,덕진구 송천동,전북특별자치도 전주시 덕진구 송천동2가 1326-7,전북특별자치도 전주시 덕진구 세병로 28,063-278-4218,127.127803,35.8739494,송천1동,exact_official_building_road,기존 주택 CSV의 건물 좌표; 음식점 자체 측량 좌표 아님
대가족,완산구 효자동,전북특별자치도 전주시 완산구 효자동2가 1331-5 1층,전북특별자치도 전주시 완산구 우전1길 49-2,063-236-1470,127.105503,35.8083755,효자4동,exact_official_building_road,기존 주택 CSV의 건물 좌표; 음식점 자체 측량 좌표 아님
만수성,완산구 효자동,전북특별자치도 전주시 완산구 효자동2가 218-8,전북특별자치도 전주시 완산구 쑥고개로 399,063-236-8852,127.1085565,35.8047441,효자4동,exact_official_building_road,기존 주택 CSV의 건물 좌표; 음식점 자체 측량 좌표 아님
진성식당,완산구 태평동,전북특별자치도 전주시 완산구 태평동 13-20,"전북특별자치도 전주시 완산구 공북로 67,1층",063-278-1652,127.1390467,35.82605455,중앙동,exact_official_building_road,기존 주택 CSV의 건물 좌표; 음식점 자체 측량 좌표 아님
피덴스,완산구 효자5동,전북특별자치도 전주시 완산구 효자동2가 1214-10 101호,"전북특별자치도 전주시 완산구 쑥고개로 331, 101호",063-237-1122,127.1013349,35.80293974,효자4동,exact_official_building_road,기존 주택 CSV의 건물 좌표; 음식점 자체 측량 좌표 아님
쁠랑드봉봉,완산구 효자4동,전북특별자치도 전주시 완산구 효자동2가 93-7 101호,전북특별자치도 전주시 완산구 봉곡로 132,063-228-2300,127.1074471,35.8097984,효자4동,exact_official_building_road,기존 주택 CSV의 건물 좌표; 음식점 자체 측량 좌표 아님
라인즈,완산구 중화산동2가,전북특별자치도 전주시 완산구 중화산동2가 402-9,전북특별자치도 전주시 완산구 중화산로 59,0507-1486-8598,127.1180518,35.815801,중화산2동,exact_official_building_road,기존 주택 CSV의 건물 좌표; 음식점 자체 측량 좌표 아님
서해아구탕찜,완산구 중화산동,전북특별자치도 전주시 완산구 중화산동2가 168,전북특별자치도 전주시 완산구 한두평3길 17-4,063-225-2929,127.1250902,35.815003,중화산1동,exact_official_building_road,기존 주택 CSV의 건물 좌표; 음식점 자체 측량 좌표 아님
신_고흥수산야채막회,완산구 효자동,전북특별자치도 전주시 완산구 효자동3가 1453-8,전북특별자치도 전주시 완산구 서곡1길 13-3,063-278-1797,127.0997009,35.83502319,효자5동,exact_official_building_road,기존 주택 CSV의 건물 좌표; 음식점 자체 측량 좌표 아님
가향,덕진구 송천1동,전북특별자치도 전주시 덕진구 송천동2가 1355-3,전북특별자치도 전주시 덕진구 화암2길 10-4,063-278-5840,127.1382576,35.87248433,송천1동,exact_official_building_road,기존 주택 CSV의 건물 좌표; 음식점 자체 측량 좌표 아님
유대표불막창앤닭발,완산구 효자5동,전북특별자치도 전주시 완산구 효자동3가 1642-29 1층,전북특별자치도 전주시 완산구 척동4길 15-2 1층,063-228-6688,127.1016598,35.822325,효자5동,exact_official_building_road,기존 주택 CSV의 건물 좌표; 음식점 자체 측량 좌표 아님
왕십리곱창_전주서신점,완산구 서신동,전북특별자치도 전주시 완산구 서신동 854-6,전북특별자치도 전주시 완산구 전룡로 20,063-255-5492,127.1153027,35.8261198,서신동,exact_official_building_road,기존 주택 CSV의 건물 좌표; 음식점 자체 측량 좌표 아님
두끼_전북도청점,완산구 효자5동,전북특별자치도 전주시 완산구 효자동3가 1535-8 2층,전북특별자치도 전주시 완산구 홍산중앙로 27 2층,063-224-6777,127.1087461,35.8159627,효자5동,exact_official_building_road,기존 주택 CSV의 건물 좌표; 음식점 자체 측량 좌표 아님
장어마을,완산구 효자동2가,전북특별자치도 전주시 완산구 효자동2가 1211-2,전북특별자치도 전주시 완산구 소태정3길 5,063-232-2291,127.1003649,35.80359947,효자4동,exact_official_building_road,기존 주택 CSV의 건물 좌표; 음식점 자체 측량 좌표 아님
충만치킨_아중점,덕진구 우아동2가,전북특별자치도 전주시 덕진구 우아동2가 566-1,전북특별자치도 전주시 덕진구 석소로 88,063-242-5848,127.1677008,35.8350249,우아2동,exact_official_building_road,기존 주택 CSV의 건물 좌표; 음식점 자체 측량 좌표 아님
샘샘커피,완산구 중앙동4가,전북특별자치도 전주시 완산구 중앙동4가 78-1,전북특별자치도 전주시 완산구 풍남문4길 26-6,0507-1359-1399,127.1457317,35.81464648,중앙동,exact_official_building_road,기존 주택 CSV의 건물 좌표; 음식점 자체 측량 좌표 아님
태공산장,덕진구 우아2동,전북특별자치도 전주시 덕진구 우아동1가 742-8,전북특별자치도 전주시 덕진구 아중호수길 98,063-241-9198,127.1747568,35.82004047,우아2동,exact_official_building_road,기존 주택 CSV의 건물 좌표; 음식점 자체 측량 좌표 아님
보배원,완산구 중화산동2가,"전북특별자치도 전주시 완산구 중화산동2가 199-1,16",전북특별자치도 전주시 완산구 어은로 26,063-225-0100,127.1258318,35.8166156,중화산1동,exact_official_building_road,기존 주택 CSV의 건물 좌표; 음식점 자체 측량 좌표 아님
석산참숯가마삼겹살_송천점,덕진구 송천동,전북특별자치도 전주시 덕진구 송천동2가 196-6,전북특별자치도 전주시 덕진구 붓내3길 18-7,063-275-9291,127.1236541,35.8661869,송천1동,exact_official_building_road,기존 주택 CSV의 건물 좌표; 음식점 자체 측량 좌표 아님
슬록,완산구 다가동,전북특별자치도 전주시 완산구 다가동3가 64-16,전북특별자치도 전주시 완산구 충경로 5,010-5360-6453,127.1400107,35.81670581,중앙동,exact_official_building_road,기존 주택 CSV의 건물 좌표; 음식점 자체 측량 좌표 아님
엑시트피자_아중점,덕진구 인후동,전북특별자치도 전주시 덕진구 인후동1가 867-5 1층,전북특별자치도 전주시 덕진구 정언신로 80 1층 101호,0507-1451-2052,127.1625663,35.8306222,인후3동,exact_official_building_road,기존 주택 CSV의 건물 좌표; 음식점 자체 측량 좌표 아님
백년비책오색떡갈비,덕진구 혁신동,전북특별자치도 전주시 덕진구 중동 774-3 107호,전북특별자치도 전주시 덕진구 기지로 68 107호,063-222-3237,127.0593368,35.8381051,혁신동,exact_official_building_road,기존 주택 CSV의 건물 좌표; 음식점 자체 측량 좌표 아님
부평굴요리_전문점,덕진구 우아동2가,전북특별자치도 전주시 덕진구 우아동2가 864-5,전북특별자치도 전주시 덕진구 건산로 285,063-244-0127,127.1679488,35.8361722,우아2동,exact_official_building_road,기존 주택 CSV의 건물 좌표; 음식점 자체 측량 좌표 아님
국가대표고기가맛있는집_효자점,완산구 효자동,전북특별자치도 전주시 완산구 효자동1가 395-5,전북특별자치도 전주시 완산구 거마평로 165,063-222-0109,127.1162021,35.807305,효자3동,exact_official_building_road,기존 주택 CSV의 건물 좌표; 음식점 자체 측량 좌표 아님
군자대한곱창_전주신시가지점,완산구 효자5동,전북특별자치도 전주시 완산구 효자동3가 1536-6 1층 101호,전북특별자치도 전주시 완산구 홍산중앙로 30 1층 101호,063-222-2273,127.1093203,35.8162925,효자5동,exact_official_building_road,기존 주택 CSV의 건물 좌표; 음식점 자체 측량 좌표 아님
어은골햇콩순두부전골,완산구 중화산동2가,전북특별자치도 전주시 완산구 중화산동2가 4-44,전북특별자치도 전주시 완산구 어은로 51,063-236-2361,127.1281214,35.81811649,중화산2동,exact_official_building_road,기존 주택 CSV의 건물 좌표; 음식점 자체 측량 좌표 아님
Cafe1221,완산구 효자4동,전북특별자치도 전주시 완산구 효자동3가 1627-6 104호,전북특별자치도 전주시 완산구 유연로 154 104호,010-4945-0385,127.1022332,35.8248846,효자5동,exact_official_building_road,기존 주택 CSV의 건물 좌표; 음식점 자체 측량 좌표 아님
금양정숯불구이,완산구 중화산동2가,전북특별자치도 전주시 완산구 중화산동2가 200-1,전북특별자치도 전주시 완산구 어은로 30,063-223-5566,127.1263534,35.81686888,중화산1동,exact_official_building_road,기존 주택 CSV의 건물 좌표; 음식점 자체 측량 좌표 아님
아그집왕뼈감자탕_본점,완산구 효자동,전북특별자치도 전주시 완산구 효자동2가 1065-1,전북특별자치도 전주시 완산구 천잠로 255,0507-0090-0773,127.0940926,35.809533,효자4동,exact_official_building_road,기존 주택 CSV의 건물 좌표; 음식점 자체 측량 좌표 아님
연,덕진구 우아동2가,전북특별자치도 전주시 덕진구 우아동2가 927-10,전북특별자치도 전주시 덕진구 아중중앙로18,063-242-7458,127.1724857,35.82989428,우아2동,exact_official_building_parcel,기존 주택 CSV의 건물 좌표; 음식점 자체 측량 좌표 아님
감탄떡볶이_문학점,완산구 효자5동,전북특별자치도 전주시 완산구 효자동3가 1616-7,전북특별자치도 전주시 완산구 문학대4길 31,063-242-9228,127.1051973,35.826895,효자5동,exact_official_building_road,기존 주택 CSV의 건물 좌표; 음식점 자체 측량 좌표 아님
신가네소머리국밥_서신본점,완산구 서신동,전북특별자치도 전주시 완산구 서신동 809,전북특별자치도 전주시 완산구 안터6길 43,063-251-0104,127.1163042,35.8300437,서신동,exact_official_building_road,기존 주택 CSV의 건물 좌표; 음식점 자체 측량 좌표 아님
미완성,덕진구 송천동2가,전북특별자치도 전주시 덕진구 송천동2가 1326-7 3층,전북특별자치도 전주시 덕진구 세병로 28 3층,063-246-9854,127.127803,35.8739494,송천1동,exact_official_building_road,기존 주택 CSV의 건물 좌표; 음식점 자체 측량 좌표 아님
열정아구,덕진구 우아2동,전북특별자치도 전주시 덕진구 우아동2가 901-9,전북특별자치도 전주시 덕진구 정언신로 175,063-245-3634,127.1725433,35.83180546,우아2동,exact_official_building_road,기존 주택 CSV의 건물 좌표; 음식점 자체 측량 좌표 아님
부대통령뚝배기_덕진점,덕진구 덕진동,전북특별자치도 전주시 덕진구 덕진동1가 1276-1,전북특별자치도 전주시 덕진구 덕진광장로 8,063-271-8283,127.1245833,35.8438552,덕진동,exact_official_building_road,기존 주택 CSV의 건물 좌표; 음식점 자체 측량 좌표 아님
역전할머니맥주_송천2호점,덕진구 송천동,전북특별자치도 전주시 덕진구 송천동2가 523-11 1층 101호,전북특별자치도 전주시 덕진구 붓내3길 6,063-252-7624,127.1220806,35.8665119,송천1동,exact_official_building_road,기존 주택 CSV의 건물 좌표; 음식점 자체 측량 좌표 아님
옐로우팜_효자점,완산구 효자동3가,전북특별자치도 전주시 완산구 효자동3가 1669-5 1층,전북특별자치도 전주시 완산구 마전들로 21 1층,0507-1354-2332,127.0978329,35.8212128,효자5동,exact_official_building_road,기존 주택 CSV의 건물 좌표; 음식점 자체 측량 좌표 아님
치킨더홈_전주서신점,완산구 서신동,전북특별자치도 전주시 완산구 서신동 852-1,전북특별자치도 전주시 완산구 전룡로 2,063-252-0695,127.113532,35.8258062,서신동,exact_official_building_parcel,기존 주택 CSV의 건물 좌표; 음식점 자체 측량 좌표 아님
예우랑중화산,완산구 중화산동2가,전북특별자치도 전주시 완산구 중화산동2가 579-7,전북특별자치도 전주시 완산구 효자로 333,063-225-3201,127.1220093,35.81945108,중화산2동,exact_official_building_road,기존 주택 CSV의 건물 좌표; 음식점 자체 측량 좌표 아님
해삼집,완산구 서신동,전북특별자치도 전주시 완산구 서신동 952-3,전북특별자치도 전주시 완산구 고사평4길 18-4,063-272-8216,127.1113012,35.83498321,서신동,exact_official_building_road,기존 주택 CSV의 건물 좌표; 음식점 자체 측량 좌표 아님
미가옥하가점,덕진구 덕진동,전북특별자치도 전주시 덕진구 덕진동2가 677-9,전북특별자치도 전주시 덕진구 가리내10길 18-6,063-276-4259,127.1102909,35.84220423,덕진동,exact_official_building_road,기존 주택 CSV의 건물 좌표; 음식점 자체 측량 좌표 아님
시래청_도청본점,완산구 효자동,전북특별자치도 전주시 완산구 효자동3가 1527-6,전북특별자치도 전주시 완산구 홍산3길 9,063-227-0304,127.1080071,35.8183063,효자5동,exact_official_building_road,기존 주택 CSV의 건물 좌표; 음식점 자체 측량 좌표 아님
청춘당,덕진구 송천동,전북특별자치도 전주시 덕진구 송천동2가 168-1,전북특별자치도 전주시 덕진구 동부대로 1076,063-252-6988,127.129447,35.8700221,송천1동,exact_official_building_road,기존 주택 CSV의 건물 좌표; 음식점 자체 측량 좌표 아님
엄마손생선구이,완산구 중화산동2가,전북특별자치도 전주시 완산구 중화산동2가 774-6,전북특별자치도 전주시 완산구 신촌4길 16,063-224-7763,127.1164925,35.81796863,중화산2동,exact_official_building_road,기존 주택 CSV의 건물 좌표; 음식점 자체 측량 좌표 아님
더돈까스_홈플러스효자점,완산구 효자동,전북특별자치도 전주시 완산구 효자동1가 431-5,"전북특별자치도 전주시 완산구 용머리로 31, 1층",010-3496-2920,127.1142642,35.8065785,효자3동,exact_official_building_road,기존 주택 CSV의 건물 좌표; 음식점 자체 측량 좌표 아님
장군닭발,덕진구 송천2동,전북특별자치도 전주시 덕진구 송천동2가 523-24,전북특별자치도 전주시 덕진구 붓내3길 13,063-277-1204,127.1229839,35.8669236,송천1동,exact_official_building_road,기존 주택 CSV의 건물 좌표; 음식점 자체 측량 좌표 아님
흑두부이야기,완산구 효자동3가,전북특별자치도 전주시 완산구 효자동3가 1470-1,전북특별자치도 전주시 완산구 서곡2길 30-19,063-273-2332,127.1035073,35.8330284,효자5동,exact_official_building_road,기존 주택 CSV의 건물 좌표; 음식점 자체 측량 좌표 아님
고산촌,덕진구 우아동2가,전북특별자치도 전주시 덕진구 우아동2가 865-5,전북특별자치도 전주시 덕진구 건산로 289,063-244-4846,127.168346,35.83629212,우아2동,exact_official_building_road,기존 주택 CSV의 건물 좌표; 음식점 자체 측량 좌표 아님
사계진미숯불닭갈비_전주송천점,덕진구 송천동1가,전북특별자치도 전주시 덕진구 송천동1가 809-4,전북특별자치도 전주시 덕진구 송천중앙로 211,063-252-4006,127.1211443,35.86584412,송천2동,exact_official_building_road,기존 주택 CSV의 건물 좌표; 음식점 자체 측량 좌표 아님
스마일마라탕,완산구 중화산동2가,전북특별자치도 전주시 완산구 중화산동2가 652,전북특별자치도 전주시 완산구 백제대로 276,063-901-6888,127.1233254,35.817811,중화산2동,exact_official_building_road,기존 주택 CSV의 건물 좌표; 음식점 자체 측량 좌표 아님
복돼지감자탕_만성점,덕진구 혁신동,전북특별자치도 전주시 덕진구 만성동 1167-6 1층,전북특별자치도 전주시 덕진구 만성로 27,063-227-2200,127.0709827,35.83462471,여의동,exact_official_building_road,기존 주택 CSV의 건물 좌표; 음식점 자체 측량 좌표 아님
파스쿠찌_전주서신점,완산구 서신동,전북특별자치도 전주시 완산구 서신동 889-7,"전북특별자치도 전주시 완산구 유연로301, 1층",063-255-8497,127.1186116,35.82549208,서신동,exact_official_building_parcel,기존 주택 CSV의 건물 좌표; 음식점 자체 측량 좌표 아님
양다리걸쳤네,완산구 서신동,전북특별자치도 전주시 완산구 서신동 958-5,전북특별자치도 전주시 완산구 고사평2길 10,063-251-9240,127.110424,35.83423765,서신동,exact_official_building_road,기존 주택 CSV의 건물 좌표; 음식점 자체 측량 좌표 아님
다정회가,덕진구 송천동,전북특별자치도 전주시 덕진구 송천동2가 1327-15 102호,전북특별자치도 전주시 덕진구 세병2길 19 102호,063-255-8588,127.126158,35.8729182,송천1동,exact_official_building_road,기존 주택 CSV의 건물 좌표; 음식점 자체 측량 좌표 아님
노벨밥상,완산구 효자4동,전북특별자치도 전주시 완산구 효자동2가 1250-1,전북특별자치도 전주시 완산구 봉곡1길 34,063-226-0675,127.1006472,35.8131474,효자4동,exact_official_building_road,기존 주택 CSV의 건물 좌표; 음식점 자체 측량 좌표 아님
슬기네가맥_아중점,덕진구 우아동1가,전북특별자치도 전주시 덕진구 우아동1가 1100-9,전북특별자치도 전주시 덕진구 한배미로 58,0507-1354-5630,127.1709395,35.82530497,우아2동,exact_official_building_road,기존 주택 CSV의 건물 좌표; 음식점 자체 측량 좌표 아님
깐깐한족발_전주신시가지점,완산구 효자동,전북특별자치도 전주시 완산구 효자동3가 1530-10 1층,전북특별자치도 전주시 완산구 홍산북로 71 1층,063-221-1232,127.1097576,35.8176072,효자5동,exact_official_building_road,기존 주택 CSV의 건물 좌표; 음식점 자체 측량 좌표 아님
이가네갈비한쌈_도청본점,완산구 효자동,전북특별자치도 전주시 완산구 효자동3가 1527-3,전북특별자치도 전주시 완산구 홍산3길 15,063-225-3531,127.1073479,35.81831578,효자5동,exact_official_building_road,기존 주택 CSV의 건물 좌표; 음식점 자체 측량 좌표 아님
신한강오리,완산구 중화산동,전북특별자치도 전주시 완산구 중화산동2가 783-4,전북특별자치도 전주시 완산구 신촌3길 22,063-221-8786,127.1159254,35.81720736,중화산2동,exact_official_building_road,기존 주택 CSV의 건물 좌표; 음식점 자체 측량 좌표 아님
크라운호프_전주중화산점,완산구 중화산동,전북특별자치도 전주시 완산구 중화산동2가 774-10,전북특별자치도 전주시 완산구 신촌4길 14-9,0507-1369-1008,127.1164742,35.81861744,중화산2동,exact_official_building_road,기존 주택 CSV의 건물 좌표; 음식점 자체 측량 좌표 아님
본가_전주신시가지점,완산구 효자동3가,전북특별자치도 전주시 완산구 효자동3가 1530-9,전북특별자치도 전주시 완산구 홍산북로 73,063-237-3778,127.1099818,35.8176411,효자5동,exact_official_building_road,기존 주택 CSV의 건물 좌표; 음식점 자체 측량 좌표 아님
엑시트피자_효자점,완산구 효자동2가,전북특별자치도 전주시 완산구 효자동2가 142-13,전북특별자치도 전주시 완산구 우전2길 65,0507-1377-3701,127.1066788,35.8099043,효자4동,exact_official_building_road,기존 주택 CSV의 건물 좌표; 음식점 자체 측량 좌표 아님
고궁담,완산구 효자5동,전북특별자치도 전주시 완산구 효자동3가 1627-1,"전북특별자치도 전주시 완산구 유연로 170, 2-3층",063-228-3711,127.1040205,35.82490668,효자5동,exact_official_building_road,기존 주택 CSV의 건물 좌표; 음식점 자체 측량 좌표 아님
해밀,덕진구 덕진동,전북특별자치도 전주시 덕진구 덕진동1가 1283-2,전북특별자치도 전주시 덕진구 들사평로 62,063-251-7049,127.1261855,35.8407954,덕진동,exact_official_building_road,기존 주택 CSV의 건물 좌표; 음식점 자체 측량 좌표 아님
킹아구해물찜_송천점,덕진구 송천1동,전북특별자치도 전주시 덕진구 송천동1가 838-1,전북특별자치도 전주시 덕진구 용소로 80,063-277-9229,127.1170083,35.86337131,송천2동,exact_official_building_road,기존 주택 CSV의 건물 좌표; 음식점 자체 측량 좌표 아님
고마담_에코시티점,덕진구 송천2동,전북특별자치도 전주시 덕진구 송천동2가 1330-9,"전북특별자치도 전주시 덕진구 세병2길 30, 1층 101,102호",063-255-1117,127.1269543,35.8725424,송천1동,exact_official_building_road,기존 주택 CSV의 건물 좌표; 음식점 자체 측량 좌표 아님
토프레소_송천점,덕진구 송천동1가,전북특별자치도 전주시 덕진구 송천동1가 405-4,전북특별자치도 전주시 덕진구 송천로 40,0507-1320-0389,127.1187616,35.8569281,송천2동,exact_official_building_road,기존 주택 CSV의 건물 좌표; 음식점 자체 측량 좌표 아님
엉클램,완산구 중화산동2가,전북특별자치도 전주시 완산구 중화산동2가 750-9,전북특별자치도 전주시 완산구 화산천변6길 3-4,0507-1369-2997,127.1156059,35.82108066,중화산2동,exact_official_building_road,기존 주택 CSV의 건물 좌표; 음식점 자체 측량 좌표 아님
엄마손김치찌개_서신점,완산구 서신동,전북특별자치도 전주시 완산구 서신동 857-2,전북특별자치도 전주시 완산구 유연로 285,063-223-7400,127.1166954,35.825536,서신동,exact_official_building_road,기존 주택 CSV의 건물 좌표; 음식점 자체 측량 좌표 아님
빅스타피자_전주1호점,완산구 중화산동,전북특별자치도 전주시 완산구 중화산동2가 770-8 1층,전북특별자치도 전주시 완산구 중화산로 87 1층,063-224-7440,127.1179834,35.8181518,중화산2동,exact_official_building_road,기존 주택 CSV의 건물 좌표; 음식점 자체 측량 좌표 아님
힐링정육식당,완산구 효자동,전북특별자치도 전주시 완산구 효자동2가 1156-9,전북특별자치도 전주시 완산구 홍산1길 12,063-225-3118,127.1077956,35.81489412,효자5동,exact_official_building_road,기존 주택 CSV의 건물 좌표; 음식점 자체 측량 좌표 아님
와플몽_전주대점,완산구 효자4동,전북특별자치도 전주시 완산구 효자동3가 1159-12,전북특별자치도 전주시 완산구 백마산길 7,없음,127.0924429,35.8178318,효자4동,exact_official_building_road,기존 주택 CSV의 건물 좌표; 음식점 자체 측량 좌표 아님
불타는감자탕,덕진구 우아1동,전북특별자치도 전주시 덕진구 우아동3가 747-67,전북특별자치도 전주시 덕진구 백제대로 801,063-244-3374,127.1559091,35.8480614,우아1동,exact_official_building_road,기존 주택 CSV의 건물 좌표; 음식점 자체 측량 좌표 아님
홍익돈까스_전주직영점,완산구 효자동3가,전북특별자치도 전주시 완산구 효자동3가 1134-3,전북특별자치도 전주시 완산구 효자로 52,063-221-5050,127.0906966,35.8188318,효자4동,exact_official_building_road,기존 주택 CSV의 건물 좌표; 음식점 자체 측량 좌표 아님
서양커피,완산구 효자5동,전북특별자치도 전주시 완산구 효자동3가 1674-2 1층,전북특별자치도 전주시 완산구 용호로 193 1층,063-909-9400,127.0968302,35.820509,효자5동,exact_official_building_road,기존 주택 CSV의 건물 좌표; 음식점 자체 측량 좌표 아님
카페_프로바이더,덕진구 덕진동,전북특별자치도 전주시 덕진구 덕진동1가 1263-22,전북특별자치도 전주시 덕진구 명륜3길 13-1,070-7744-8999,127.1275816,35.8426038,덕진동,exact_official_building_road,기존 주택 CSV의 건물 좌표; 음식점 자체 측량 좌표 아님
파주옥곰탕_전주점,완산구 효자5동,전북특별자치도 전주시 완산구 효자동2가 1230-3 1층,전북특별자치도 전주시 완산구 홍산북로 23-9 1층,063-226-2446,127.1043019,35.8181293,효자5동,exact_official_building_road,기존 주택 CSV의 건물 좌표; 음식점 자체 측량 좌표 아님
본죽&비빔밥cafe_전주에코시티점,덕진구 송천동2가,전북특별자치도 전주시 덕진구 송천동2가 1327-14,전북특별자치도 전주시 덕진구 세병2길 21,063-272-6288,127.1263308,35.872823,송천1동,exact_official_building_road,기존 주택 CSV의 건물 좌표; 음식점 자체 측량 좌표 아님
서가앤쿡_전주효자점,완산구 효자5동,전북특별자치도 전주시 완산구 효자동3가 1528-15,전북특별자치도 전주시 완산구 홍산중앙로 46,063-232-0023,127.1093332,35.8176135,효자5동,exact_official_building_road,기존 주택 CSV의 건물 좌표; 음식점 자체 측량 좌표 아님
예우랑_전주신시가지점,완산구 효자동2가,전북특별자치도 전주시 완산구 효자동2가 1242-4 2층,전북특별자치도 전주시 완산구 홍산남로 20 2층,063-232-5995,127.1039923,35.8156399,효자5동,exact_official_building_road,기존 주택 CSV의 건물 좌표; 음식점 자체 측량 좌표 아님
가보게,완산구 서신동,전북특별자치도 전주시 완산구 서신동 801-5,전북특별자치도 전주시 완산구 서신천변15길 3-8,063-277-9403,127.1136561,35.83124211,서신동,exact_official_building_road,기존 주택 CSV의 건물 좌표; 음식점 자체 측량 좌표 아님
카페홍시궁,완산구 다가동,전북특별자치도 전주시 완산구 다가동4가 35,전북특별자치도 전주시 완산구 전주객사1길 94,063-282-2014,127.1382693,35.820451,중앙동,exact_official_building_road,기존 주택 CSV의 건물 좌표; 음식점 자체 측량 좌표 아님
조은갈비,완산구 중화산동,전북특별자치도 전주시 완산구 중화산동2가  495-17,전북특별자치도 전주시 완산구 신촌4길 26-3,063-228-8666,127.1151864,35.818002,중화산2동,exact_official_building_road,기존 주택 CSV의 건물 좌표; 음식점 자체 측량 좌표 아님
빈키든,완산구 중화산동,전북특별자치도 전주시 완산구 중화산동2가 765-4,전북특별자치도 전주시 완산구 화산천변1길 18-5,063-903-1961,127.1140818,35.81980761,중화산2동,exact_official_building_road,기존 주택 CSV의 건물 좌표; 음식점 자체 측량 좌표 아님
