업소명,업소위치,지번주소,도로명주소,전화번호,Longitude,Latitude,행정동,coordinate_status,coordinate_source
탐앤탐스_전주에코시티점,덕진구 송천동,전북특별자치도 전주시 덕진구 송천동2가 1330-14 트윈타워2,전북특별자치도 전주시 덕진구 세병2길 32-18 트윈타워2,063-252-1445,,,,unmatched_address,기존 주택 CSV의 건물 좌표; 음식점 자체 측량 좌표 아님
유성식당,완산구 중화산동,전북특별자치도 전주시 완산구 중화산동2가 651,전북특별자치도 전주시 완산구 백제대로 270,063-221-8182,,,,unmatched_address,기존 주택 CSV의 건물 좌표; 음식점 자체 측량 좌표 아님
해방샐러드,완산구 효자5동,전북특별자치도 전주시 완산구 효자동3가 1611-10 1층,전북특별자치도 전주시 완산구 문학대5길 25 1층,010-6866-9484,127.104707,35.8273376,효자5동,exact_road_building_match,기존 주택 CSV의 건물 좌표; 음식점 자체 측량 좌표 아님
수미화,완산구 효자5동,전북특별자치도 전주시 완산구 효자동2가 1230-6 201호,전북특별자치도 전주시 완산구 홍산북로 19,063-225-6699,,,,unmatched_address,기존 주택 CSV의 건물 좌표; 음식점 자체 측량 좌표 아님
도심속의들녘,완산구 중화산동2가,전북특별자치도 전주시 완산구 중화산동2가 752-3 104호,전북특별자치도 전주시 완산구 화산천변로 24,063-226-5558,,,,unmatched_address,기존 주택 CSV의 건물 좌표; 음식점 자체 측량 좌표 아님
효미당,완산구 효자4동,전북특별자치도 전주시 완산구 효자동3가 1736-10 101호,전북특별자치도 전주시 완산구 봉곡3길 9 101호,010-5354-8797,127.0980253,35.81217718,효자4동,exact_road_building_match,기존 주택 CSV의 건물 좌표; 음식점 자체 측량 좌표 아님
삿뽀로우동집,덕진구 우아동2가,전북특별자치도 전주시 덕진구 우아동2가 866-5,전북특별자치도 전주시 덕진구 건산로 284,063-245-6970,,,,unmatched_address,기존 주택 CSV의 건물 좌표; 음식점 자체 측량 좌표 아님
토닥,덕진구 우아동3가,전북특별자치도 전주시 덕진구 우아동3가 748-79,전북특별자치도 전주시 덕진구 도당산4길 60,063-243-5845,127.155022,35.84627597,우아1동,exact_road_building_match,기존 주택 CSV의 건물 좌표; 음식점 자체 측량 좌표 아님
옛날시골양푼동태,완산구 풍남동,전북특별자치도 전주시 완산구 전동3가 2-244,전북특별자치도 전주시 완산구 풍남문2길 65,063-288-6211,,,,unmatched_address,기존 주택 CSV의 건물 좌표; 음식점 자체 측량 좌표 아님
푸른술집할라_전주신시가지점,완산구 효자5동,전북특별자치도 전주시 완산구 효자동3가 1536-1 201호,전북특별자치도 전주시 완산구 홍산중앙로 42 201호,010-7324-0580,,,,unmatched_address,기존 주택 CSV의 건물 좌표; 음식점 자체 측량 좌표 아님
가마치통닭_송천점,덕진구 송천동,전북특별자치도 전주시 덕진구 송천동1가 118-1,전북특별자치도 전주시 덕진구 솔내로 133,063-252-9092,,,,unmatched_address,기존 주택 CSV의 건물 좌표; 음식점 자체 측량 좌표 아님
예촌소바,완산구 효자동,전북특별자치도 전주시 완산구 효자동2가 1321-5,전북특별자치도 전주시 완산구 소태정4길 23-4,063-224-7707,127.1030025,35.80523276,효자4동,exact_road_building_match,기존 주택 CSV의 건물 좌표; 음식점 자체 측량 좌표 아님
더리터_서신점,완산구 서신동,전북특별자치도 전주시 완산구 서신동 783-1,전북특별자치도 전주시 완산구 당산로 124,063-271-0090,,,,unmatched_address,기존 주택 CSV의 건물 좌표; 음식점 자체 측량 좌표 아님
전주환영돌솥밥,완산구 중화산동2가,전북특별자치도 전주시 완산구 중화산동2가 631-9,전북특별자치도 전주시 완산구 중산2길 18,0507-0090-7364,127.1221426,35.81438941,중화산2동,exact_road_building_match,기존 주택 CSV의 건물 좌표; 음식점 자체 측량 좌표 아님
솜리치킨_세병호에코시티점,덕진구 송천1동,전북특별자치도 전주시 덕진구 송천동2가 1327-15 에코타워 1층 101호,전북특별자치도 전주시 덕진구 세병2길 19 에코타워 1층 101호,063-275-7792,,,,unmatched_address,기존 주택 CSV의 건물 좌표; 음식점 자체 측량 좌표 아님
탕화쿵푸마라탕_전북대점,덕진구 덕진동,전북특별자치도 전주시 덕진구 덕진동1가 1314-168,전북특별자치도 전주시 덕진구 명륜4길 21-1,010-7726-1898,,,,unmatched_address,기존 주택 CSV의 건물 좌표; 음식점 자체 측량 좌표 아님
소복가,완산구 서신동,전북특별자치도 전주시 완산구 서신동 761-2,전북특별자치도 전주시 완산구 당산로 11-1,0507-1340-8551,,,,unmatched_address,기존 주택 CSV의 건물 좌표; 음식점 자체 측량 좌표 아님
심씨네,완산구 중화산동,전북특별자치도 전주시 완산구 중화산동2가 663-3,전북특별자치도 전주시 완산구 한두평2길 18-10,063-226-1650,,,,unmatched_address,기존 주택 CSV의 건물 좌표; 음식점 자체 측량 좌표 아님
할리스_국민연금공단점,덕진구 혁신동,전북특별자치도 전주시 덕진구 만성동 1252 기금운용본부 사옥 1층,전북특별자치도 전주시 덕진구 기지로 170 기금운용본부 사옥 1층,063-221-5072,,,,unmatched_address,기존 주택 CSV의 건물 좌표; 음식점 자체 측량 좌표 아님
어랑일식,완산구 효자5동,전북특별자치도 전주시 완산구 효자동3가 1541-8 2층,전북특별자치도 전주시 완산구 홍산중앙로 20 2층,063-236-6223,,,,unmatched_address,기존 주택 CSV의 건물 좌표; 음식점 자체 측량 좌표 아님
옛촌,완산구 중화산동,전북특별자치도 전주시 완산구 중화산동2가 623-4,전북특별자치도 전주시 완산구 중산로 6,063-227-3113,,,,unmatched_address,기존 주택 CSV의 건물 좌표; 음식점 자체 측량 좌표 아님
한옥마을_시골집,완산구 풍남동,전북특별자치도 전주시 완산구 경원동1가 12-3,전북특별자치도 전주시 완산구 동문길 102,063-285-6500,,,,unmatched_address,기존 주택 CSV의 건물 좌표; 음식점 자체 측량 좌표 아님
비사벌반점,완산구 효자동1가,전북특별자치도 전주시 완산구 효자동1가 596-16,전북특별자치도 전주시 완산구 신봉4길 10,050-7982-3319,,,,unmatched_address,기존 주택 CSV의 건물 좌표; 음식점 자체 측량 좌표 아님
하가감자탕,덕진구 덕진동,전북특별자치도 전주시 덕진구 덕진동2가 660-3,전북특별자치도 전주시 덕진구 가리내3길 5,063-214-7292,127.1110227,35.84640038,덕진동,exact_road_building_match,기존 주택 CSV의 건물 좌표; 음식점 자체 측량 좌표 아님
화산능이금닭,완산구 중화산동2가,전북특별자치도 전주시 완산구 중화산동2가 636-8,전북특별자치도 전주시 완산구 산월2길 42,063-228-8883,,,,unmatched_address,기존 주택 CSV의 건물 좌표; 음식점 자체 측량 좌표 아님
카페더빌리지,덕진구 덕진동,전북특별자치도 전주시 덕진구 덕진동1가 1263-10,전북특별자치도 전주시 덕진구 명륜3길 11,070-8267-4628,,,,unmatched_address,기존 주택 CSV의 건물 좌표; 음식점 자체 측량 좌표 아님
똘똘말이김밥,완산구 서신동,전북특별자치도 전주시 완산구 서신동 803-1,전북특별자치도 전주시 완산구 서신천변로 58,063-275-9005,,,,unmatched_address,기존 주택 CSV의 건물 좌표; 음식점 자체 측량 좌표 아님
kuala,완산구 다가동3가,전북특별자치도 전주시 완산구 다가동3가 88,전북특별자치도 전주시 완산구 완산구 충경로 9,010-5906-1350,,,,unmatched_address,기존 주택 CSV의 건물 좌표; 음식점 자체 측량 좌표 아님
명작_본점,완산구 효자동3가,전북특별자치도 전주시 완산구 효자동3가 1405-4 LIG손해보험,전북특별자치도 전주시 완산구 서곡5길 16 LIG손해보험,063-277-5489,,,,unmatched_address,기존 주택 CSV의 건물 좌표; 음식점 자체 측량 좌표 아님
정가네국수,덕진구 우아동2가,전북특별자치도 전주시 덕진구 우아동2가 905-1,전북특별자치도 전주시 덕진구 아중5길 8,0507-1491-3009,,,,unmatched_address,기존 주택 CSV의 건물 좌표; 음식점 자체 측량 좌표 아님
참좋은김밥천국,완산구 효자동3가,전북특별자치도 전주시 완산구 효자동3가 1609-15,전북특별자치도 전주시 완산구 홍산로 377,063-223-6325,,,,unmatched_address,기존 주택 CSV의 건물 좌표; 음식점 자체 측량 좌표 아님
소곰집,완산구 서신동,전북특별자치도 전주시 완산구 서신동 947-3,전북특별자치도 전주시 완산구 고사평로 17,063-251-7444,127.1094148,35.83559641,서신동,exact_road_building_match,기존 주택 CSV의 건물 좌표; 음식점 자체 측량 좌표 아님
케이시원조김밥천국,완산구 서신동,전북특별자치도 전주시 완산구 서신동 963-2,전북특별자치도 전주시 완산구 서신로 111,063-274-5200,,,,unmatched_address,기존 주택 CSV의 건물 좌표; 음식점 자체 측량 좌표 아님
커피노블레스,완산구 효자동,전북특별자치도 전주시 완산구 효자동1가 688-8,전북특별자치도 전주시 완산구 안행로 46,063-229-0977,,,,unmatched_address,기존 주택 CSV의 건물 좌표; 음식점 자체 측량 좌표 아님
청양농장_전북대점,덕진구 덕진동,전북특별자치도 전주시 덕진구 덕진동1가 1261-2,전북특별자치도 전주시 덕진구 명륜5길 16-2,063-254-9282,,,,unmatched_address,기존 주택 CSV의 건물 좌표; 음식점 자체 측량 좌표 아님
문화공간카페12-4,완산구 중앙동1가,전북특별자치도 전주시 완산구 중앙동1가 32-1,전북특별자치도 전주시 완산구 전주객사2길 12-4,063-286-7479,,,,unmatched_address,기존 주택 CSV의 건물 좌표; 음식점 자체 측량 좌표 아님
효자동커피집,완산구 효자동3가,전북특별자치도 전주시 완산구 효자동3가 1672-3,전북특별자치도 전주시 완산구 배학6길 10-4,010-2058-5099,127.0977905,35.82050259,효자5동,exact_road_building_match,기존 주택 CSV의 건물 좌표; 음식점 자체 측량 좌표 아님
은희네칼국수,완산구 서신동,전북특별자치도 전주시 완산구 서신동 830-9,전북특별자치도 전주시 완산구 서신천변6길 19,063-275-1505,,,,unmatched_address,기존 주택 CSV의 건물 좌표; 음식점 자체 측량 좌표 아님
피굽남피자,완산구 효자동2가,전북특별자치도 전주시 완산구 효자동2가 1252-2,전북특별자치도 전주시 완산구 우전로 207,0507-0090-7378,,,,unmatched_address,기존 주택 CSV의 건물 좌표; 음식점 자체 측량 좌표 아님
곱창파이터_아중점,덕진구 우아동2가,전북특별자치도 전주시 덕진구 우아동2가 566-1,전북특별자치도 전주시 덕진구 석소로 88,010-4703-9888,,,,unmatched_address,기존 주택 CSV의 건물 좌표; 음식점 자체 측량 좌표 아님
탄탄면공방_전주객사점,완산구 고사동,전북특별자치도 전주시 완산구 고사동 383-6,"전북특별자치도 전주시 완산구 전주객사3길 46-13, 1층",063-232-4613,,,,unmatched_address,기존 주택 CSV의 건물 좌표; 음식점 자체 측량 좌표 아님
커피니_전주효자점,완산구 효자4동,전북특별자치도 전주시 완산구 효자동2가 1254-4,전북특별자치도 전주시 완산구 봉곡3길 38,063-222-9594,127.1011424,35.81193081,효자4동,exact_road_building_match,기존 주택 CSV의 건물 좌표; 음식점 자체 측량 좌표 아님
롯데리아_전주하가점,덕진구 덕진동2가,전북특별자치도 전주시 덕진구 덕진동2가 392-7,전북특별자치도 전주시 덕진구 가련산로 30,0507-1430-2777,,,,unmatched_address,기존 주택 CSV의 건물 좌표; 음식점 자체 측량 좌표 아님
시골밥상,완산구 효자3동,전북특별자치도 전주시 완산구 효자동3가 1405-5,전북특별자치도 전주시 완산구 서곡5길 18,063-278-3135,,,,unmatched_address,기존 주택 CSV의 건물 좌표; 음식점 자체 측량 좌표 아님
신불똥,완산구 중화산동2가,전북특별자치도 전주시 완산구 중화산동2가 613-12,전북특별자치도 전주시 완산구 중화산로 70,063-224-3345,,,,unmatched_address,기존 주택 CSV의 건물 좌표; 음식점 자체 측량 좌표 아님
더리터_서신바구멀,완산구 서신동,전북특별자치도 전주시 완산구 서신동 5-32 산호빌딩106호,전북특별자치도 전주시 완산구 전룡로 126 산호빌딩106호,0507-1362-7411,,,,unmatched_address,기존 주택 CSV의 건물 좌표; 음식점 자체 측량 좌표 아님
이버시숯불갈비무한리필_아중점,덕진구 우아동1가,전북특별자치도 전주시 덕진구 우아동1가 1088-7,전북특별자치도 전주시 덕진구 아중로 204,063-245-4288,,,,unmatched_address,기존 주택 CSV의 건물 좌표; 음식점 자체 측량 좌표 아님
족욕천국,완산구 풍남동,전북특별자치도 전주시 완산구 교동 266-3 3층,전북특별자치도 전주시 완산구 경기전길 126 3층,063-231-0759,127.151016,35.81380377,풍남동,exact_road_building_match,기존 주택 CSV의 건물 좌표; 음식점 자체 측량 좌표 아님
초가집가든,덕진구 송천2동,전북특별자치도 전주시 덕진구 송천동2가 359-2,"전북특별자치도 전주시 덕진구 과학로 67-9, 1,2층",063-262-5370,,,,unmatched_address,기존 주택 CSV의 건물 좌표; 음식점 자체 측량 좌표 아님
꼴통갈매기,완산구 중화산동2가,전북특별자치도 전주시 완산구 중화산동2가 624-12,전북특별자치도 전주시 완산구 중산로 18,063-223-4981,,,,unmatched_address,기존 주택 CSV의 건물 좌표; 음식점 자체 측량 좌표 아님
항해,완산구 고사동,전북특별자치도 전주시 완산구 고사동 460-4,전북특별자치도 전주시 완산구 전주객사2길 30,0507-1380-0630,,,,unmatched_address,기존 주택 CSV의 건물 좌표; 음식점 자체 측량 좌표 아님
신모래내가정식백반,덕진구 송천2동,전북특별자치도 전주시 덕진구 송천동2가 231-1,전북특별자치도 전주시 덕진구 솔내로 173-20,063-253-9421,127.125179,35.86628139,송천1동,exact_road_building_match,기존 주택 CSV의 건물 좌표; 음식점 자체 측량 좌표 아님
이삭토스트_상산효자점,완산구 효자동,전북특별자치도 전주시 완산구 효자동1가 650-3,"전북특별자치도 전주시 완산구 효자천변2길 10, 1층",063-228-2482,,,,unmatched_address,기존 주택 CSV의 건물 좌표; 음식점 자체 측량 좌표 아님
칸스_객리단길점,완산구 다가동,전북특별자치도 전주시 완산구 다가동3가 17,"전북특별자치도 전주시 완산구 전주객사2길 19, 1층",0507-1383-0625,,,,unmatched_address,기존 주택 CSV의 건물 좌표; 음식점 자체 측량 좌표 아님
옛날피순대,완산구 풍남동,전북특별자치도 전주시 완산구 전동3가 2-242,전북특별자치도 전주시 완산구 풍남문2길 63,063-288-0082,,,,unmatched_address,기존 주택 CSV의 건물 좌표; 음식점 자체 측량 좌표 아님
589coffee,완산구 중화산동,전북특별자치도 전주시 완산구 중화산동2가 591-13,전북특별자치도 전주시 완산구 중화산로 106,010-9943-9758,,,,unmatched_address,기존 주택 CSV의 건물 좌표; 음식점 자체 측량 좌표 아님
계륵사지숯불닭갈비_본점,덕진구 송천1동,전북특별자치도 전주시 덕진구 송천동2가 484-7,전북특별자치도 전주시 덕진구 붓내3길 9-4,063-277-9992,,,,unmatched_address,기존 주택 CSV의 건물 좌표; 음식점 자체 측량 좌표 아님
참치담,덕진구 송천동,전북특별자치도 전주시 덕진구 송천동2가 1342 에코시티 데시앙 네스트 상가 114호,전북특별자치도 전주시 덕진구 세병로 92 에코시티 데시앙 네스트 상가 114호,070-7576-1793,,,,unmatched_address,기존 주택 CSV의 건물 좌표; 음식점 자체 측량 좌표 아님
행원,완산구 풍남동,전북특별자치도 전주시 완산구 전동 96-1,전북특별자치도 전주시 완산구 풍남문3길 12,063-284-6566,,,,unmatched_address,기존 주택 CSV의 건물 좌표; 음식점 자체 측량 좌표 아님
물빛정원,덕진구 전미동,전북특별자치도 전주시 덕진구 전미동1가 산29-5,전북특별자치도 전주시 덕진구 백석길 7-11,0507-1334-3454,,,,unmatched_address,기존 주택 CSV의 건물 좌표; 음식점 자체 측량 좌표 아님
삼오소바전주점,덕진구 우아동2가,전북특별자치도 전주시 덕진구 우아동2가 890-9,전북특별자치도 전주시 덕진구 정언신로 153,063-247-0335,,,,unmatched_address,기존 주택 CSV의 건물 좌표; 음식점 자체 측량 좌표 아님
신포우리만두_서신점,완산구 서신동,전북특별자치도 전주시 완산구 서신동 857-1,전북특별자치도 전주시 완산구 유연로 283,063-275-2501,,,,unmatched_address,기존 주택 CSV의 건물 좌표; 음식점 자체 측량 좌표 아님
마이홈,완산구 다가동4가,전북특별자치도 전주시 완산구 다가동4가 80-1,전북특별자치도 전주시 완산구 전주객사2길 59,063-288-1224,,,,unmatched_address,기존 주택 CSV의 건물 좌표; 음식점 자체 측량 좌표 아님
초코트리,완산구 효자4동,전북특별자치도 전주시 완산구 효자동2가 1266-2,전북특별자치도 전주시 완산구 구룡1길 16,063-226-2219,127.1036304,35.81161316,효자4동,exact_road_building_match,기존 주택 CSV의 건물 좌표; 음식점 자체 측량 좌표 아님
꽃수니족발,완산구 풍남동,전북특별자치도 전주시 완산구 풍남동2가 15-7 동부상회 1층,전북특별자치도 전주시 완산구 은행로 3 동부상회 1층,063-288-5550,,,,unmatched_address,기존 주택 CSV의 건물 좌표; 음식점 자체 측량 좌표 아님
교촌치킨_중화산점,완산구 중화산동2가,전북특별자치도 전주시 완산구 중화산동2가 777-6,전북특별자치도 전주시 완산구 신촌4길 4,050-7982-3283,,,,unmatched_address,기존 주택 CSV의 건물 좌표; 음식점 자체 측량 좌표 아님
해이루_전북대본점,덕진구 덕진동,전북특별자치도 전주시 덕진구 덕진동1가 1277-14,전북특별자치도 전주시 덕진구 명륜5길 9,063-272-1829,,,,unmatched_address,기존 주택 CSV의 건물 좌표; 음식점 자체 측량 좌표 아님
더썬,완산구 중앙동3가,전북특별자치도 전주시 완산구 중앙동3가 87,전북특별자치도 전주시 완산구 전라감영5길 11,010-7232-0765,,,,unmatched_address,기존 주택 CSV의 건물 좌표; 음식점 자체 측량 좌표 아님
아카시아,완산구 효자5동,전북특별자치도 전주시 완산구 효자동3가 1663-8,전북특별자치도 전주시 완산구 마전들로 37-1,010-9348-1784,127.0997947,35.82121105,효자5동,exact_road_building_match,기존 주택 CSV의 건물 좌표; 음식점 자체 측량 좌표 아님
현대옥_전주본점,완산구 중화산동,전북특별자치도 전주시 완산구 중화산동2가 757-3,전북특별자치도 전주시 완산구 화산천변2길 7-4,063-228-0020,,,,unmatched_address,기존 주택 CSV의 건물 좌표; 음식점 자체 측량 좌표 아님
블리스플,완산구 중화산동2가,전북특별자치도 전주시 완산구 중화산동2가 704-8,전북특별자치도 전주시 완산구 중화산로 120,063-223-9702,,,,unmatched_address,기존 주택 CSV의 건물 좌표; 음식점 자체 측량 좌표 아님
셀렉토커피_전주효자점,완산구 효자동2가,전북특별자치도 전주시 완산구 효자동2가 1317-4,전북특별자치도 전주시 완산구 호암로 65,063-225-5972,,,,unmatched_address,기존 주택 CSV의 건물 좌표; 음식점 자체 측량 좌표 아님
돼지치마집_효자점,완산구 효자동2가,전북특별자치도 전주시 완산구 효자동2가 1312-3,전북특별자치도 전주시 완산구 후곡길 12-8,0507-1309-7392,,,,unmatched_address,기존 주택 CSV의 건물 좌표; 음식점 자체 측량 좌표 아님
고기녹소,덕진구 혁신동,전북특별자치도 전주시 덕진구 중동 776-3 202호,전북특별자치도 전주시 덕진구 오공로 33-14 202호,063-228-2266,,,,unmatched_address,기존 주택 CSV의 건물 좌표; 음식점 자체 측량 좌표 아님
토가돈,완산구 효자동2가,전북특별자치도 전주시 완산구 효자동2가 1156-12,전북특별자치도 전주시 완산구 홍산1길 18,0507-1481-8317,,,,unmatched_address,기존 주택 CSV의 건물 좌표; 음식점 자체 측량 좌표 아님
국수나무_전북대점,덕진구 덕진동,전북특별자치도 전주시 덕진구 덕진동1가 1314-176,전북특별자치도 전주시 덕진구 명륜3길 19,063-276-0924,,,,unmatched_address,기존 주택 CSV의 건물 좌표; 음식점 자체 측량 좌표 아님
커피바움,덕진구 혁신동,전북특별자치도 전주시 덕진구 중동 776-10,전북특별자치도 전주시 덕진구 오공로 43-5,063-225-4709,,,,unmatched_address,기존 주택 CSV의 건물 좌표; 음식점 자체 측량 좌표 아님
정성카츠,완산구 고사동,전북특별자치도 전주시 완산구 고사동 371,전북특별자치도 전주시 완산구 전주객사3길 46-41,0507-1488-0616,,,,unmatched_address,기존 주택 CSV의 건물 좌표; 음식점 자체 측량 좌표 아님
다연,완산구 효자5동,전북특별자치도 전주시 완산구 효자동3가 1405-3,전북특별자치도 전주시 완산구 서곡5길 14-3,063-277-0852,,,,unmatched_address,기존 주택 CSV의 건물 좌표; 음식점 자체 측량 좌표 아님
어썸케이크,완산구 효자5동,전북특별자치도 전주시 완산구 효자동3가 1678-14 1층,전북특별자치도 전주시 완산구 배학1길 12 1층,010-3661-6540,127.0957897,35.81882452,효자5동,exact_road_building_match,기존 주택 CSV의 건물 좌표; 음식점 자체 측량 좌표 아님
스시명장,완산구 효자5동,전북특별자치도 전주시 완산구 효자동3가 1632-5,전북특별자치도 전주시 완산구 마전3길 12,063-255-1800,,,,unmatched_address,기존 주택 CSV의 건물 좌표; 음식점 자체 측량 좌표 아님
낙곱새끝판왕_전북도청점,완산구 효자5동,전북특별자치도 전주시 완산구 효자동3가 1539-6,전북특별자치도 전주시 완산구 홍산남로 81 104호,0507-1376-9171,,,,unmatched_address,기존 주택 CSV의 건물 좌표; 음식점 자체 측량 좌표 아님
로가,덕진구 우아1동,전북특별자치도 전주시 덕진구 우아동3가 747-67,전북특별자치도 전주시 덕진구 백제대로 801,0507-1426-6635,,,,unmatched_address,기존 주택 CSV의 건물 좌표; 음식점 자체 측량 좌표 아님
진수곱창_송천점,덕진구 송천동2가,전북특별자치도 전주시 덕진구 송천동2가 484-7,전북특별자치도 전주시 덕진구 붓내3길 9-4,063-251-2224,,,,unmatched_address,기존 주택 CSV의 건물 좌표; 음식점 자체 측량 좌표 아님
강경원달인만두가_서신점,완산구 서신동,전북특별자치도 전주시 완산구 서신동 764-2 1층 106호,전북특별자치도 전주시 완산구 당산로 39 1층 106호,0507-1466-8935,,,,unmatched_address,기존 주택 CSV의 건물 좌표; 음식점 자체 측량 좌표 아님
지코바치킨_에코시티점,덕진구 송천동,전북특별자치도 전주시 덕진구 송천동2가 1331-14 105호,전북특별자치도 전주시 덕진구 세병남로 29 105호,063-251-8611,,,,unmatched_address,기존 주택 CSV의 건물 좌표; 음식점 자체 측량 좌표 아님
엄자매,완산구 효자동,전북특별자치도 전주시 완산구 효자동3가 1526-2,전북특별자치도 전주시 완산구 홍산북로 83,0507-1413-2003,,,,unmatched_address,기존 주택 CSV의 건물 좌표; 음식점 자체 측량 좌표 아님
1979포장마차_서신동본점,완산구 서신동,전북특별자치도 전주시 완산구 서신동 854-7 1층,전북특별자치도 전주시 완산구 전룡로 22-4 1층,063-251-5943,127.1152938,35.82593853,서신동,exact_road_building_match,기존 주택 CSV의 건물 좌표; 음식점 자체 측량 좌표 아님
원조효자소머리곰탕,완산구 효자3동,전북특별자치도 전주시 완산구 효자동1가 618-9,전북특별자치도 전주시 완산구 신봉로 37,063-226-4535,,,,unmatched_address,기존 주택 CSV의 건물 좌표; 음식점 자체 측량 좌표 아님
카페로웰,완산구 효자동3가,전북특별자치도 전주시 완산구 효자동3가 1698-1,전북특별자치도 전주시 완산구 석산1길 18,063-714-3722,,,,unmatched_address,기존 주택 CSV의 건물 좌표; 음식점 자체 측량 좌표 아님
청춘김밥,완산구 효자동3가,전북특별자치도 전주시 완산구 효자동3가 1183-11,전북특별자치도 전주시 완산구 백마산길 23,070-4177-3007,,,,unmatched_address,기존 주택 CSV의 건물 좌표; 음식점 자체 측량 좌표 아님
이서공작소카페,완산구 중앙동,전북특별자치도 전주시 완산구 중앙동1가 46-2,전북특별자치도 전주시 완산구 전라감영2길 28-27,0507-1319-3761,,,,unmatched_address,기존 주택 CSV의 건물 좌표; 음식점 자체 측량 좌표 아님
중화정_중화산점,완산구 중화산동2가,전북특별자치도 전주시 완산구 중화산동2가 780-1,전북특별자치도 전주시 완산구 신촌4길9,063-226-9959,127.1171714,35.8177694,중화산2동,exact_parcel_building_match,기존 주택 CSV의 건물 좌표; 음식점 자체 측량 좌표 아님
육감만족_서곡점,완산구 효자동,전북특별자치도 전주시 완산구 효자동3가 1472-6,전북특별자치도 전주시 완산구 세내로 506,063-272-1253,127.1034882,35.83223726,효자5동,exact_road_building_match,기존 주택 CSV의 건물 좌표; 음식점 자체 측량 좌표 아님
우연,덕진구 송천2동,전북특별자치도 전주시 덕진구 송천동2가 1331-10 302호,전북특별자치도 전주시 덕진구 세병서로 39 302호,010-5521-3601,,,,unmatched_address,기존 주택 CSV의 건물 좌표; 음식점 자체 측량 좌표 아님
크라운호프_아중1호점,덕진구 우아동2가,전북특별자치도 전주시 덕진구 우아동2가 561-7,전북특별자치도 전주시 덕진구 석소로 84,0507-1320-6380,,,,unmatched_address,기존 주택 CSV의 건물 좌표; 음식점 자체 측량 좌표 아님
뼈담,완산구 중화산동2가,전북특별자치도 전주시 완산구 중화산동2가 632,전북특별자치도 전주시 완산구 중산2길 19-7,0507-1382-1180,,,,unmatched_address,기존 주택 CSV의 건물 좌표; 음식점 자체 측량 좌표 아님
에그존앤샌드베이_서신점,완산구 서신동,전북특별자치도 전주시 완산구 서신동 969-4,전북특별자치도 전주시 완산구 여울로 17-12,063-273-0004,,,,unmatched_address,기존 주택 CSV의 건물 좌표; 음식점 자체 측량 좌표 아님
다사랑치킨피자_서신점,완산구 서신동,전북특별자치도 전주시 완산구 서신동 931-5,전북특별자치도 전주시 완산구 새터로 51-7,063-255-9992,,,,unmatched_address,기존 주택 CSV의 건물 좌표; 음식점 자체 측량 좌표 아님
순두부전문점오늘,덕진구 만성동,전북특별자치도 전주시 덕진구 만성동 1176-1,전북특별자치도 전주시 덕진구 만성로 21,063-224-1477,127.0707228,35.83411679,여의동,exact_road_building_match,기존 주택 CSV의 건물 좌표; 음식점 자체 측량 좌표 아님
맥주공장_서신점,완산구 서신동,전북특별자치도 전주시 완산구 서신동 937-2 1층,전북특별자치도 전주시 완산구 새터로 18 1층,"0507-1321-7517, 063-277-7517",127.1086728,35.83644769,서신동,exact_road_building_match,기존 주택 CSV의 건물 좌표; 음식점 자체 측량 좌표 아님
충만치킨_서곡점,완산구 효자동,전북특별자치도 전주시 완산구 효자동3가 1451 .,전북특별자치도 전주시 완산구 서곡1길 13-22 .,063-277-9898,,,,unmatched_address,기존 주택 CSV의 건물 좌표; 음식점 자체 측량 좌표 아님
본죽_전주중화산점,완산구 중화산동,전북특별자치도 전주시 완산구 중화산동2가 648-7,전북특별자치도 전주시 완산구 백제대로 230,063-224-6288,,,,unmatched_address,기존 주택 CSV의 건물 좌표; 음식점 자체 측량 좌표 아님
우전재자연밥상,완산구 풍남동,전북특별자치도 전주시 완산구 교동 132-2,전북특별자치도 전주시 완산구 향교길 85,0507-1441-2356,,,,unmatched_address,기존 주택 CSV의 건물 좌표; 음식점 자체 측량 좌표 아님
리앤차우중화요리,덕진구 덕진동,전북특별자치도 전주시 덕진구 덕진동2가 678-7,전북특별자치도 전주시 덕진구 가리내10길 12-2,063-253-2243,127.1107592,35.84241445,덕진동,exact_road_building_match,기존 주택 CSV의 건물 좌표; 음식점 자체 측량 좌표 아님
텐퍼센트커피_전주전북대점,덕진구 금암동,전북특별자치도 전주시 덕진구 금암동 664-49 1층,전북특별자치도 전주시 덕진구 명륜3길 23 1층,063-254-1010,,,,unmatched_address,기존 주택 CSV의 건물 좌표; 음식점 자체 측량 좌표 아님
그린가맥,완산구 풍남동,전북특별자치도 전주시 완산구 경원동3가 168,전북특별자치도 전주시 완산구 현무2길 34,"010-8642-3759, 063-282-0333",,,,unmatched_address,기존 주택 CSV의 건물 좌표; 음식점 자체 측량 좌표 아님
탐앤탐스_서부신시가지점,완산구 효자동2가,전북특별자치도 전주시 완산구 효자동2가 1256-2,전북특별자치도 전주시 완산구 우전로 208,063-236-7942,,,,unmatched_address,기존 주택 CSV의 건물 좌표; 음식점 자체 측량 좌표 아님
그래비티,완산구 중화산동2가,전북특별자치도 전주시 완산구 중화산동2가 656-1,전북특별자치도 전주시 완산구 어은로 9,063-904-0960,,,,unmatched_address,기존 주택 CSV의 건물 좌표; 음식점 자체 측량 좌표 아님
영동슈퍼,완산구 풍남동,전북특별자치도 전주시 완산구 경원동3가 15-6,전북특별자치도 전주시 완산구 현무1길 14,063-283-4997,,,,unmatched_address,기존 주택 CSV의 건물 좌표; 음식점 자체 측량 좌표 아님
와플칸_중화산점,완산구 중화산동2가,전북특별자치도 전주시 완산구 중화산동2가 752-3 1층,전북특별자치도 전주시 완산구 화산천변로 24 1층,"0507-1473-0557, 070-4038-0556",,,,unmatched_address,기존 주택 CSV의 건물 좌표; 음식점 자체 측량 좌표 아님
대구반야월막창_아중점,덕진구 우아동1가,전북특별자치도 전주시 덕진구 우아동1가 1091-8,전북특별자치도 전주시 덕진구 한배미로 74,063-241-6421,,,,unmatched_address,기존 주택 CSV의 건물 좌표; 음식점 자체 측량 좌표 아님
진삼미샌드위치,완산구 효자동1가,전북특별자치도 전주시 완산구 효자동1가 652,전북특별자치도 전주시 완산구 거마평로 125,063-221-9801,,,,unmatched_address,기존 주택 CSV의 건물 좌표; 음식점 자체 측량 좌표 아님
옥류관_송천점,덕진구 송천1동,전북특별자치도 전주시 덕진구 송천동2가 614-11,전북특별자치도 전주시 덕진구 시천로 114,063-255-1656,,,,unmatched_address,기존 주택 CSV의 건물 좌표; 음식점 자체 측량 좌표 아님
24시전주명가콩나물국밥_송천점,덕진구 송천동,전북특별자치도 전주시 덕진구 송천동2가 202-31,전북특별자치도 전주시 덕진구 천마산로 67,063-272-3939,,,,unmatched_address,기존 주택 CSV의 건물 좌표; 음식점 자체 측량 좌표 아님
한솥도시락_전주대앞점,완산구 효자4동,전북특별자치도 전주시 완산구 효자동3가 1173-1,전북특별자치도 전주시 완산구 백마산길 26-1,063-221-7771,,,,unmatched_address,기존 주택 CSV의 건물 좌표; 음식점 자체 측량 좌표 아님
무진장축협장수한우프라자,덕진구 우아동1가,전북특별자치도 전주시 덕진구 우아동1가 742-2,전북특별자치도 전주시 덕진구 아중호수길 96,063-245-0043,,,,unmatched_address,기존 주택 CSV의 건물 좌표; 음식점 자체 측량 좌표 아님
바글바글부대찌개,완산구 효자동2가,전북특별자치도 전주시 완산구 효자동2가 1236-4,전북특별자치도 전주시 완산구 바우배기2길 23,063-255-5050,,,,unmatched_address,기존 주택 CSV의 건물 좌표; 음식점 자체 측량 좌표 아님
김밥천국_서신중앙점,완산구 서신동,전북특별자치도 전주시 완산구 서신동 856-3,전북특별자치도 전주시 완산구 서신로 4,063-255-2177,,,,unmatched_address,기존 주택 CSV의 건물 좌표; 음식점 자체 측량 좌표 아님
골목다찌,완산구 다가동,전북특별자치도 전주시 완산구 다가동4가 59-1,"전북특별자치도 전주시 완산구 전주객사2길 65-1, 1층",063-288-2522,,,,unmatched_address,기존 주택 CSV의 건물 좌표; 음식점 자체 측량 좌표 아님
반올림피자샵_전주에코시티점,덕진구 송천1동,전북특별자치도 전주시 덕진구 송천동2가 1345,"전북특별자치도 전주시 덕진구 세병로 134, 데시앙네스트8블럭 상가동 1층 103호",063-271-8288,,,,unmatched_address,기존 주택 CSV의 건물 좌표; 음식점 자체 측량 좌표 아님
커피니_전주서신점,완산구 서신동,전북특별자치도 전주시 완산구 서신동 831 세방빌딩 1층,전북특별자치도 전주시 완산구 서신로 41 세방빌딩 1층,063-277-1325,,,,unmatched_address,기존 주택 CSV의 건물 좌표; 음식점 자체 측량 좌표 아님
구월집,완산구 중화산동2가,전북특별자치도 전주시 완산구 중화산동2가 761-5,전북특별자치도 전주시 완산구 화산천변1길 8-4,063-903-9998,,,,unmatched_address,기존 주택 CSV의 건물 좌표; 음식점 자체 측량 좌표 아님
술꼬,완산구 중화산동,전북특별자치도 전주시 완산구 중화산동2가 598-6,전북특별자치도 전주시 완산구 중산8길 15-8,063-222-5839,,,,unmatched_address,기존 주택 CSV의 건물 좌표; 음식점 자체 측량 좌표 아님
고기원칙_송천점,덕진구 송천동2가,전북특별자치도 전주시 덕진구 송천동2가 179-116,전북특별자치도 전주시 덕진구 사근1길 31,063-277-1220,,,,unmatched_address,기존 주택 CSV의 건물 좌표; 음식점 자체 측량 좌표 아님
찰스크라운,완산구 중앙동1가,전북특별자치도 전주시 완산구 중앙동1가 54-1,전북특별자치도 전주시 완산구 전라감영2길 28-36,0507-1308-5853,,,,unmatched_address,기존 주택 CSV의 건물 좌표; 음식점 자체 측량 좌표 아님
남다른감자탕_전주아중점,덕진구 우아동2가,전북특별자치도 전주시 덕진구 우아동2가 918-10,"전북특별자치도 전주시 덕진구 아중로 211, 1층",063-246-2110,,,,unmatched_address,기존 주택 CSV의 건물 좌표; 음식점 자체 측량 좌표 아님
스크린야구스킬업_도청점,완산구 효자동,전북특별자치도 전주시 완산구 효자동2가 1155-9,전북특별자치도 전주시 완산구 홍산중앙로 17,0507-1422-7970,,,,unmatched_address,기존 주택 CSV의 건물 좌표; 음식점 자체 측량 좌표 아님
명륜진사갈비서신점,완산구 서신동,전북특별자치도 전주시 완산구 서신동 970-2 트윈폴리스,전북특별자치도 전주시 완산구 온고을로 26 트윈폴리스,063-276-9292,,,,unmatched_address,기존 주택 CSV의 건물 좌표; 음식점 자체 측량 좌표 아님
부광족발_효자점,완산구 효자동3가,전북특별자치도 전주시 완산구 효자동3가 1692-2,전북특별자치도 전주시 완산구 우전로 291,0507-1340-5339,,,,unmatched_address,기존 주택 CSV의 건물 좌표; 음식점 자체 측량 좌표 아님
방가네소고기국밥수육_서신중화산점,완산구 서신동,전북특별자치도 전주시 완산구 서신동 849-4 1층,전북특별자치도 전주시 완산구 서신천변4길 12-6 1층,063-271-6663,127.115301,35.82741046,서신동,exact_road_building_match,기존 주택 CSV의 건물 좌표; 음식점 자체 측량 좌표 아님
커피하룸,완산구 효자4동,전북특별자치도 전주시 완산구 효자동2가 1158-29,전북특별자치도 전주시 완산구 봉곡로 113,063-226-2655,127.1063161,35.81115,효자4동,exact_road_building_match,기존 주택 CSV의 건물 좌표; 음식점 자체 측량 좌표 아님
완산벌연탄집,덕진구 우아1동,전북특별자치도 전주시 덕진구 우아동3가 746-10 1층,전북특별자치도 전주시 덕진구 우아4길 16 1층,"050-7982-5753, 063-244-0888",,,,unmatched_address,기존 주택 CSV의 건물 좌표; 음식점 자체 측량 좌표 아님
아중뒷고기,완산구 효자동,전북특별자치도 전주시 완산구 효자동3가 1448-7,전북특별자치도 전주시 완산구 서곡1길 19-12,010-9081-9117,127.0985025,35.83496109,효자5동,exact_road_building_match,기존 주택 CSV의 건물 좌표; 음식점 자체 측량 좌표 아님
구이쟁이_신시가지점,완산구 효자5동,전북특별자치도 전주시 완산구 효자동3가 1527-12 1층,전북특별자치도 전주시 완산구 홍산북로 59-8,063-227-2572,,,,unmatched_address,기존 주택 CSV의 건물 좌표; 음식점 자체 측량 좌표 아님
향유갤러리,완산구 효자5동,전북특별자치도 전주시 완산구 효자동3가 1539-3 승우빌딩 2층,전북특별자치도 전주시 완산구 홍산남로 75 승우빌딩 2층,070-8830-9911,,,,unmatched_address,기존 주택 CSV의 건물 좌표; 음식점 자체 측량 좌표 아님
황박사감자탕피순대,덕진구 우아동2가,전북특별자치도 전주시 덕진구 우아동2가 864-6,전북특별자치도 전주시 덕진구 건산로 287,063-244-2730,,,,unmatched_address,기존 주택 CSV의 건물 좌표; 음식점 자체 측량 좌표 아님
남원양가네추어탕,완산구 효자동3가,전북특별자치도 전주시 완산구 효자동3가 1441-1,전북특별자치도 전주시 완산구 서곡4길 14,063-254-4111,127.1029673,35.83495753,효자5동,exact_road_building_match,기존 주택 CSV의 건물 좌표; 음식점 자체 측량 좌표 아님
따박골감자탕,완산구 중화산동1가,전북특별자치도 전주시 완산구 중화산동1가 252-2,전북특별자치도 전주시 완산구 서원로 333,0507-1413-8010,,,,unmatched_address,기존 주택 CSV의 건물 좌표; 음식점 자체 측량 좌표 아님
육빵집노매드,완산구 중화산동2가,전북특별자치도 전주시 완산구 중화산동2가 701-2 1층,전북특별자치도 전주시 완산구 중화산로 138-6,063-909-0760,,,,unmatched_address,기존 주택 CSV의 건물 좌표; 음식점 자체 측량 좌표 아님
김이수아궁이,덕진구 우아동2가,전북특별자치도 전주시 덕진구 우아동2가 858-9,전북특별자치도 전주시 덕진구 진버들6길 8-5,063-246-4001,,,,unmatched_address,기존 주택 CSV의 건물 좌표; 음식점 자체 측량 좌표 아님
서가앤쿡_전주전북대점,덕진구 덕진동1가,전북특별자치도 전주시 덕진구 덕진동1가 664-6 2층,전북특별자치도 전주시 덕진구 권삼득로 333 2층,063-277-9947,,,,unmatched_address,기존 주택 CSV의 건물 좌표; 음식점 자체 측량 좌표 아님
콩샌_서곡점,완산구 효자5동,전북특별자치도 전주시 완산구 효자동3가 1458-4,전북특별자치도 전주시 완산구 서곡로 57,063-275-0007,127.10037,35.834269,효자5동,exact_road_building_match,기존 주택 CSV의 건물 좌표; 음식점 자체 측량 좌표 아님
마마셈프레,완산구 효자5동,전북특별자치도 전주시 완산구 효자동2가 1232-3,"전북특별자치도 전주시 완산구 홍산로 269, 108호",0507-1486-8221,,,,unmatched_address,기존 주택 CSV의 건물 좌표; 음식점 자체 측량 좌표 아님
요거프레소_전주송천점,덕진구 송천동1가,전북특별자치도 전주시 덕진구 송천동1가 산143-34,전북특별자치도 전주시 덕진구 오송로 17,063-275-1447,,,,unmatched_address,기존 주택 CSV의 건물 좌표; 음식점 자체 측량 좌표 아님
별따주는부뚜막_전주혁신점,덕진구 혁신동,전북특별자치도 전주시 덕진구 중동 777-6,전북특별자치도 전주시 덕진구 오공로 43-32,063-226-3392,,,,unmatched_address,기존 주택 CSV의 건물 좌표; 음식점 자체 측량 좌표 아님
이디야커피_전주혁신점,덕진구 혁신동,전북특별자치도 전주시 덕진구 중동 779-2,전북특별자치도 전주시 덕진구 오정1길 4,063-226-1146,127.0601234,35.83567489,혁신동,exact_road_building_match,기존 주택 CSV의 건물 좌표; 음식점 자체 측량 좌표 아님
씨에프오바베큐치킨,완산구 서신동,전북특별자치도 전주시 완산구 서신동 819-9,전북특별자치도 전주시 완산구 서신천변11길 18-1,063-254-0726,127.1122789,35.8302832,서신동,exact_road_building_match,기존 주택 CSV의 건물 좌표; 음식점 자체 측량 좌표 아님
어썸옐로우,완산구 중화산동2가,전북특별자치도 전주시 완산구 중화산동2가 574-7,전북특별자치도 전주시 완산구 메너머1길16,070-7576-4544,127.120971,35.82109093,중화산2동,exact_parcel_building_match,기존 주택 CSV의 건물 좌표; 음식점 자체 측량 좌표 아님
페리카나_중화산점,완산구 중화산동,전북특별자치도 전주시 완산구 중화산동2가 534-10,전북특별자치도 전주시 완산구 따박골2길 3,063-228-5700,,,,unmatched_address,기존 주택 CSV의 건물 좌표; 음식점 자체 측량 좌표 아님
망고식스_전주대학교점,완산구 효자4동,"전북특별자치도 전주시 완산구 효자동3가 1080-1, 62동","전북특별자치도 전주시 완산구 천잠로 303, 62동",063-225-9606,,,,unmatched_address,기존 주택 CSV의 건물 좌표; 음식점 자체 측량 좌표 아님
호떡대장,완산구 중화산동2가,전북특별자치도 전주시 완산구 중화산동2가 44-6,전북특별자치도 전주시 완산구 따박골6길 46,063-285-6426,,,,unmatched_address,기존 주택 CSV의 건물 좌표; 음식점 자체 측량 좌표 아님
남천마루,완산구 풍남동,전북특별자치도 전주시 완산구 교동 183-2,전북특별자치도 전주시 완산구 전주천동로 66,063-282-3330,,,,unmatched_address,기존 주택 CSV의 건물 좌표; 음식점 자체 측량 좌표 아님
뚜레쥬르_전주서신점,완산구 서신동,전북특별자치도 전주시 완산구 서신동 796-5,전북특별자치도 전주시 완산구 당산로54,063-273-1117,,,,unmatched_address,기존 주택 CSV의 건물 좌표; 음식점 자체 측량 좌표 아님
BHC치킨_전주서신점,완산구 서신동,전북특별자치도 전주시 완산구 서신동 935-7 1층,전북특별자치도 전주시 완산구 새터로 49,063-273-4970,127.1117254,35.8356991,서신동,exact_road_building_match,기존 주택 CSV의 건물 좌표; 음식점 자체 측량 좌표 아님
신포우리만두_중화산점,완산구 중화산동2가,전북특별자치도 전주시 완산구 중화산동2가 119-13 1층,전북특별자치도 전주시 완산구 서원로281,063-226-7501,,,,unmatched_address,기존 주택 CSV의 건물 좌표; 음식점 자체 측량 좌표 아님
부타_서신점,완산구 서신동,전북특별자치도 전주시 완산구 서신동 943-3,전북특별자치도 전주시 완산구 고사평3길 13-2,063-273-8900,127.1082464,35.83617554,서신동,exact_road_building_match,기존 주택 CSV의 건물 좌표; 음식점 자체 측량 좌표 아님
11초,완산구 효자4동,전북특별자치도 전주시 완산구 효자동3가 1635-4 1층,전북특별자치도 전주시 완산구 척동10길 10-6 1층,010-8358-6555,127.1008269,35.82435729,효자5동,exact_road_building_match,기존 주택 CSV의 건물 좌표; 음식점 자체 측량 좌표 아님
더폴,덕진구 송천동,전북특별자치도 전주시 덕진구 송천동1가 97-6,전북특별자치도 전주시 덕진구 오송1길 37-13,070-7723-0976,,,,unmatched_address,기존 주택 CSV의 건물 좌표; 음식점 자체 측량 좌표 아님
BHC치킨_서부시장점,완산구 효자동,전북특별자치도 전주시 완산구 효자동1가 101-5,전북특별자치도 전주시 완산구 효동3길 28,063-236-7474,127.1293023,35.80412403,효자1동,exact_road_building_match,기존 주택 CSV의 건물 좌표; 음식점 자체 측량 좌표 아님
섬마을,완산구 중화산동,전북특별자치도 전주시 완산구 중화산동2가 658-13,전북특별자치도 전주시 완산구 어은로 12-5,063-228-2777,,,,unmatched_address,기존 주택 CSV의 건물 좌표; 음식점 자체 측량 좌표 아님
오버플로우,완산구 효자5동,전북특별자치도 전주시 완산구 효자동3가 1679-3,전북특별자치도 전주시 완산구 배학3길 3-5,063-901-9866,127.0968306,35.81947701,효자5동,exact_road_building_match,기존 주택 CSV의 건물 좌표; 음식점 자체 측량 좌표 아님
다빈갈라테_서신점,완산구 서신동,전북특별자치도 전주시 완산구 서신동 958-7,전북특별자치도 전주시 완산구 고사평2길 12,"0507-1330-3165, 070-4007-3165",127.1107031,35.83422027,서신동,exact_road_building_match,기존 주택 CSV의 건물 좌표; 음식점 자체 측량 좌표 아님
히치하이커,완산구 다가동3가,전북특별자치도 전주시 완산구 다가동3가 38-5,전북특별자치도 전주시 완산구 전주객사1길 30,063-284-0079,,,,unmatched_address,기존 주택 CSV의 건물 좌표; 음식점 자체 측량 좌표 아님
익태원,완산구 다가동4가,전북특별자치도 전주시 완산구 다가동4가 57-3,전북특별자치도 전주시 완산구 전주객사2길 71,0507-1335-3081,,,,unmatched_address,기존 주택 CSV의 건물 좌표; 음식점 자체 측량 좌표 아님
나무라디오_객사점,완산구 고사동,전북특별자치도 전주시 완산구 고사동 392-4,전북특별자치도 전주시 완산구 전주객사3길 46-5,063-232-7007,,,,unmatched_address,기존 주택 CSV의 건물 좌표; 음식점 자체 측량 좌표 아님
국밥대장_송천점,덕진구 송천동1가,전북특별자치도 전주시 덕진구 송천동1가 113-25,전북특별자치도 전주시 덕진구 솔내8길 7,063-255-6408,,,,unmatched_address,기존 주택 CSV의 건물 좌표; 음식점 자체 측량 좌표 아님
황태도둑_아중점,덕진구 우아동1가,전북특별자치도 전주시 덕진구 우아동1가 1091-10,전북특별자치도 전주시 덕진구 한배미로 78,063-244-1114,,,,unmatched_address,기존 주택 CSV의 건물 좌표; 음식점 자체 측량 좌표 아님
폰타나,완산구 효자동,전북특별자치도 전주시 완산구 효자동3가 1526-2,전북특별자치도 전주시 완산구 홍산북로 83,063-237-2350,,,,unmatched_address,기존 주택 CSV의 건물 좌표; 음식점 자체 측량 좌표 아님
서양주택,완산구 고사동,전북특별자치도 전주시 완산구 고사동 486-2,전북특별자치도 전주시 완산구 전주객사2길 40,063-906-9993,,,,unmatched_address,기존 주택 CSV의 건물 좌표; 음식점 자체 측량 좌표 아님
더리터_전주고사점,완산구 고사동,전북특별자치도 전주시 완산구 고사동 192,전북특별자치도 전주시 완산구 전주객사4길 44-27,063-282-8825,,,,unmatched_address,기존 주택 CSV의 건물 좌표; 음식점 자체 측량 좌표 아님
가나안유황오리,완산구 효자동,전북특별자치도 전주시 완산구 효자동2가 799-1,전북특별자치도 전주시 완산구 쑥고개로 284-48,063-222-5291,,,,unmatched_address,기존 주택 CSV의 건물 좌표; 음식점 자체 측량 좌표 아님
효천농장,완산구 효자동,전북특별자치도 전주시 완산구 효자동2가 1054-3,전북특별자치도 전주시 완산구 천잠로 227-7,063-222-7858,,,,unmatched_address,기존 주택 CSV의 건물 좌표; 음식점 자체 측량 좌표 아님
하가참치,덕진구 덕진동2가,전북특별자치도 전주시 덕진구 덕진동2가 677-3,전북특별자치도 전주시 덕진구 가리내10길 12-7,063-273-0188,127.1101404,35.84253309,덕진동,exact_road_building_match,기존 주택 CSV의 건물 좌표; 음식점 자체 측량 좌표 아님
스시아시타,완산구 중화산동2가,전북특별자치도 전주시 완산구 중화산동2가 24-15,전북특별자치도 전주시 완산구 선너무2길 26,0507-1324-6735,,,,unmatched_address,기존 주택 CSV의 건물 좌표; 음식점 자체 측량 좌표 아님
루브,완산구 다가동,전북특별자치도 전주시 완산구 다가동4가 159-20,전북특별자치도 전주시 완산구 전주천동로276,없음,,,,unmatched_address,기존 주택 CSV의 건물 좌표; 음식점 자체 측량 좌표 아님
요리조리,완산구 효자동,전북특별자치도 전주시 완산구 효자동1가 605-2,"전북특별자치도 전주시 완산구 신봉3길 31, 1층",063-224-0285,,,,unmatched_address,기존 주택 CSV의 건물 좌표; 음식점 자체 측량 좌표 아님
전주닭강정,완산구 효자5동,전북특별자치도 전주시 완산구 효자동2가 1383,전북특별자치도 전주시 완산구 효천중앙로 30,063-225-8489,,,,unmatched_address,기존 주택 CSV의 건물 좌표; 음식점 자체 측량 좌표 아님
군계숯불닭갈비,완산구 효자동,전북특별자치도 전주시 완산구 효자동2가 1306-7,전북특별자치도 전주시 완산구 후곡길 23-18,063-225-4893,127.0947924,35.81071928,효자4동,exact_road_building_match,기존 주택 CSV의 건물 좌표; 음식점 자체 측량 좌표 아님
진수성찬깐쇼새우_전주점,완산구 중화산동2가,전북특별자치도 전주시 완산구 중화산동2가 773-3,전북특별자치도 전주시 완산구 신촌4길 20,063-236-8854,,,,unmatched_address,기존 주택 CSV의 건물 좌표; 음식점 자체 측량 좌표 아님
옛날국수사랑,덕진구 우아1동,전북특별자치도 전주시 덕진구 우아동3가 750-40,전북특별자치도 전주시 덕진구 도당산4길 59,063-245-4549,,,,unmatched_address,기존 주택 CSV의 건물 좌표; 음식점 자체 측량 좌표 아님
목련,완산구 다가동4가,전북특별자치도 전주시 완산구 다가동4가 118-6,전북특별자치도 전주시 완산구 전주객사1길 73,0507-1345-0186,,,,unmatched_address,기존 주택 CSV의 건물 좌표; 음식점 자체 측량 좌표 아님
고귀_송천동센트럴파크본점,덕진구 송천1동,전북특별자치도 전주시 덕진구 송천동1가 292-7 센트럴파크 1-103,전북특별자치도 전주시 덕진구 송천로 1 센트럴파크 1-103,063-275-9595,,,,unmatched_address,기존 주택 CSV의 건물 좌표; 음식점 자체 측량 좌표 아님
역전할머니맥주_송천점,덕진구 송천2동,전북특별자치도 전주시 덕진구 송천동1가 832-5,전북특별자치도 전주시 덕진구 시천로 60,063-272-7266,,,,unmatched_address,기존 주택 CSV의 건물 좌표; 음식점 자체 측량 좌표 아님
도시어부_전주신시가지점,완산구 효자동,전북특별자치도 전주시 완산구 효자동3가 1535-4,전북특별자치도 전주시 완산구 홍산중앙로 35,063-226-8998,,,,unmatched_address,기존 주택 CSV의 건물 좌표; 음식점 자체 측량 좌표 아님
만성한정식,완산구 효자동,전북특별자치도 전주시 완산구 효자동2가 1243-8,"전북특별자치도 전주시 완산구 바우배기1길 31-9, 2층",063-232-4141,,,,unmatched_address,기존 주택 CSV의 건물 좌표; 음식점 자체 측량 좌표 아님
해마루막회,완산구 서신동,전북특별자치도 전주시 완산구 서신동 889-4,전북특별자치도 전주시 완산구 유연로 305-1,063-273-8987,,,,unmatched_address,기존 주택 CSV의 건물 좌표; 음식점 자체 측량 좌표 아님
임실앤치즈피자_송천점,덕진구 송천동,전북특별자치도 전주시 덕진구 송천동2가 193-73,전북특별자치도 전주시 덕진구 천마산로 12,0504-0544-0104,,,,unmatched_address,기존 주택 CSV의 건물 좌표; 음식점 자체 측량 좌표 아님
티드빗,완산구 서신동,전북특별자치도 전주시 완산구 서신동 800-10 1층,전북특별자치도 전주시 완산구 서신천변13길 8-1 1층,0507-1348-0978,127.1132585,35.83061187,서신동,exact_road_building_match,기존 주택 CSV의 건물 좌표; 음식점 자체 측량 좌표 아님
모미당,완산구 효자동,전북특별자치도 전주시 완산구 효자동3가 1434-5,전북특별자치도 전주시 완산구 서곡1길 4-5,063-255-3227,,,,unmatched_address,기존 주택 CSV의 건물 좌표; 음식점 자체 측량 좌표 아님
배떡_전주에코시티점,덕진구 송천1동,전북특별자치도 전주시 덕진구 송천동2가 1342 에코시티 데시앙 네스트 3블럭 115호,"전북특별자치도 전주시 덕진구 세병로 92, 에코시티 데시앙 네스트 3블럭 1층 115호",063-252-9125,,,,unmatched_address,기존 주택 CSV의 건물 좌표; 음식점 자체 측량 좌표 아님
신진통닭_전주송천점,덕진구 송천2동,전북특별자치도 전주시 덕진구 송천동2가 1345,"전북특별자치도 전주시 덕진구 세병로 134, 1층 101호",063-901-8295,,,,unmatched_address,기존 주택 CSV의 건물 좌표; 음식점 자체 측량 좌표 아님
역전양푼집,덕진구 우아1동,전북특별자치도 전주시 덕진구 우아동3가 746-33,전북특별자치도 전주시 덕진구 백제대로 821,063-242-6556,,,,unmatched_address,기존 주택 CSV의 건물 좌표; 음식점 자체 측량 좌표 아님
촉촉버거_효천점,완산구 효자5동,전북특별자치도 전주시 완산구 효자동2가 1383 1층,전북특별자치도 전주시 완산구 효천중앙로 22 1층,063-225-3302,,,,unmatched_address,기존 주택 CSV의 건물 좌표; 음식점 자체 측량 좌표 아님
황토보신탕,완산구 서신동,전북특별자치도 전주시 완산구 서신동 965-2,전북특별자치도 전주시 완산구 서신로 102,063-273-5116,,,,unmatched_address,기존 주택 CSV의 건물 좌표; 음식점 자체 측량 좌표 아님
모닝토스트김밥,덕진구 산정동,전북특별자치도 전주시 덕진구 산정동 342-4,전북특별자치도 전주시 덕진구 금상길 2,063-242-2830,,,,unmatched_address,기존 주택 CSV의 건물 좌표; 음식점 자체 측량 좌표 아님
이씨식당,완산구 효자동,전북특별자치도 전주시 완산구 효자동3가 1533-5,전북특별자치도 전주시 완산구 홍산북로 60-10,063-228-6660,,,,unmatched_address,기존 주택 CSV의 건물 좌표; 음식점 자체 측량 좌표 아님
바르다김선생_송천점,덕진구 송천동,전북특별자치도 전주시 덕진구 송천동2가 179-40,전북특별자치도 전주시 덕진구 천마산로 73,063-252-7111,,,,unmatched_address,기존 주택 CSV의 건물 좌표; 음식점 자체 측량 좌표 아님
남노갈비_서부시장점,완산구 효자동,전북특별자치도 전주시 완산구 효자동1가 209-6,"전북특별자치도 전주시 완산구 효동2길 22-1, 1층",063-222-6989,,,,unmatched_address,기존 주택 CSV의 건물 좌표; 음식점 자체 측량 좌표 아님
꾜돈,완산구 고사동,전북특별자치도 전주시 완산구 고사동 408-8 지하1층,전북특별자치도 전주시 완산구 전주객사4길 25 지하1층,0507-1319-0083,,,,unmatched_address,기존 주택 CSV의 건물 좌표; 음식점 자체 측량 좌표 아님
가정식당,완산구 효자동,전북특별자치도 전주시 완산구 효자동1가 181-9,"전북특별자치도 전주시 완산구 용머리로 136, 1층",063-228-1921,,,,unmatched_address,기존 주택 CSV의 건물 좌표; 음식점 자체 측량 좌표 아님
각시명품한돈정육식당,완산구 효자동1가,전북특별자치도 전주시 완산구 효자동1가 219-5,전북특별자치도 전주시 완산구 효동2길 38,063-225-2980,,,,unmatched_address,기존 주택 CSV의 건물 좌표; 음식점 자체 측량 좌표 아님
가본집_화산점,완산구 중화산동2가,전북특별자치도 전주시 완산구 중화산동2가 762-6,전북특별자치도 전주시 완산구 화산천변1길 12,063-237-1257,,,,unmatched_address,기존 주택 CSV의 건물 좌표; 음식점 자체 측량 좌표 아님
일팔카츠,완산구 효자5동,전북특별자치도 전주시 완산구 효자동2가 1332-2 1층 105호,전북특별자치도 전주시 완산구 우전1길 49-3 1층 105호,063-909-3136,,,,unmatched_address,기존 주택 CSV의 건물 좌표; 음식점 자체 측량 좌표 아님
맛나광장,완산구 중화산동2가,전북특별자치도 전주시 완산구 중화산동2가 783-7,전북특별자치도 전주시 완산구 신촌4길 19,063-714-2885,,,,unmatched_address,기존 주택 CSV의 건물 좌표; 음식점 자체 측량 좌표 아님
부대통령뚝배기_전주대점,완산구 효자동3가,전북특별자치도 전주시 완산구 효자동3가 1184-8,전북특별자치도 전주시 완산구 백마산길 17,0507-1327-5780,,,,unmatched_address,기존 주택 CSV의 건물 좌표; 음식점 자체 측량 좌표 아님
커피플로트,덕진구 송천동,전북특별자치도 전주시 덕진구 송천동2가 179-119,전북특별자치도 전주시 덕진구 사근1길 31,063-252-9224,,,,unmatched_address,기존 주택 CSV의 건물 좌표; 음식점 자체 측량 좌표 아님
세븐다이얼즈,완산구 고사동,전북특별자치도 전주시 완산구 고사동 148-4 2층,전북특별자치도 전주시 완산구 전주객사4길 44-10 2층,010-9771-9907,,,,unmatched_address,기존 주택 CSV의 건물 좌표; 음식점 자체 측량 좌표 아님
부여통닭_전주도청점,완산구 효자동3가,전북특별자치도 전주시 완산구 효자동3가 1534-4,전북특별자치도 전주시 완산구 홍산남로 53,063-236-5577,,,,unmatched_address,기존 주택 CSV의 건물 좌표; 음식점 자체 측량 좌표 아님
맘스터치_전주송천점,덕진구 송천1동,전북특별자치도 전주시 덕진구 송천동1가 834-1,전북특별자치도 전주시 덕진구 시천로 46,063-253-9295,,,,unmatched_address,기존 주택 CSV의 건물 좌표; 음식점 자체 측량 좌표 아님
황가네꼼장어닭발숯불구이_효자점,완산구 효자동1가,전북특별자치도 전주시 완산구 효자동1가 388,전북특별자치도 전주시 완산구 거마평로 170,050-7987-5218,,,,unmatched_address,기존 주택 CSV의 건물 좌표; 음식점 자체 측량 좌표 아님
무한도전,완산구 효자동2가,전북특별자치도 전주시 완산구 효자동2가 1329-1,전북특별자치도 전주시 완산구 우전2길 71-5,063-227-4499,127.1065939,35.81050147,효자4동,exact_road_building_match,기존 주택 CSV의 건물 좌표; 음식점 자체 측량 좌표 아님
새마을식당_전북도청점,완산구 효자동,전북특별자치도 전주시 완산구 효자동3가 1536-6,전북특별자치도 전주시 완산구 홍산중앙로 30,063-221-0418,,,,unmatched_address,기존 주택 CSV의 건물 좌표; 음식점 자체 측량 좌표 아님
권씨네족발_혁신점,덕진구 혁신동,전북특별자치도 전주시 덕진구 혁신동 776-12 서진빌딩6층,전북특별자치도 전주시 덕진구 오공로 43-13 서진빌딩6층,063-223-4177,,,,unmatched_address,기존 주택 CSV의 건물 좌표; 음식점 자체 측량 좌표 아님
아구명가,완산구 효자5동,전북특별자치도 전주시 완산구 효자동2가 1328-1 1층,전북특별자치도 전주시 완산구 우전2길 71-23 1층,063-221-7795,,,,unmatched_address,기존 주택 CSV의 건물 좌표; 음식점 자체 측량 좌표 아님
황소알곱창_전주도청점,완산구 효자5동,전북특별자치도 전주시 완산구 효자동3가 1529-8 1층,전북특별자치도 전주시 완산구 홍산북로 59-7 1층,063-225-5031,,,,unmatched_address,기존 주택 CSV의 건물 좌표; 음식점 자체 측량 좌표 아님
작약카페,완산구 효자5동,전북특별자치도 전주시 완산구 효자동2가 1312-4,전북특별자치도 전주시 완산구 후곡길 6-11,063-252-5643,,,,unmatched_address,기존 주택 CSV의 건물 좌표; 음식점 자체 측량 좌표 아님
하가본참치,덕진구 덕진동,전북특별자치도 전주시 덕진구 덕진동2가 677-9 1동 1층,전북특별자치도 전주시 덕진구 가리내10길 18-6,063-253-3737,127.1102863,35.84220219,덕진동,exact_road_building_match,기존 주택 CSV의 건물 좌표; 음식점 자체 측량 좌표 아님
바른치킨_전주아중점,덕진구 우아동2가,전북특별자치도 전주시 덕진구 우아동2가 902-1,전북특별자치도 전주시 덕진구 정언신로 179,063-246-0334,,,,unmatched_address,기존 주택 CSV의 건물 좌표; 음식점 자체 측량 좌표 아님
고기_그리고맛있는솜씨,완산구 효자4동,전북특별자치도 전주시 완산구 효자동2가 1332-2,전북특별자치도 전주시 완산구 우전1길 49-3,063-222-2646,,,,unmatched_address,기존 주택 CSV의 건물 좌표; 음식점 자체 측량 좌표 아님
숲515,완산구 효자5동,전북특별자치도 전주시 완산구 효자동2가 1235-8,전북특별자치도 전주시 완산구 홍산남로 11-24,063-222-0515,,,,unmatched_address,기존 주택 CSV의 건물 좌표; 음식점 자체 측량 좌표 아님
효자동마카롱,완산구 효자5동,전북특별자치도 전주시 완산구 효자동3가 1669-3,전북특별자치도 전주시 완산구 마전들로 17,010-4655-7332,127.0974858,35.82120014,효자5동,exact_road_building_match,기존 주택 CSV의 건물 좌표; 음식점 자체 측량 좌표 아님
감영75,완산구 전동,전북특별자치도 전주시 완산구 전동 140-1,전북특별자치도 전주시 완산구 전라감영로 75,063-285-0005,,,,unmatched_address,기존 주택 CSV의 건물 좌표; 음식점 자체 측량 좌표 아님
라스트위크,완산구 중앙동4가,전북특별자치도 전주시 완산구 중앙동4가 31-26 2층,전북특별자치도 전주시 완산구 풍남문4길 25-22 2층,0507-1486-1215,,,,unmatched_address,기존 주택 CSV의 건물 좌표; 음식점 자체 측량 좌표 아님
누구나홀딱반한닭_전주삼천점,완산구 효자3동,전북특별자치도 전주시 완산구 효자동1가 669-2 1층,전북특별자치도 전주시 완산구 용리로 41,050-7987-8497,,,,unmatched_address,기존 주택 CSV의 건물 좌표; 음식점 자체 측량 좌표 아님
마디다,완산구 다가동,전북특별자치도 전주시 완산구 다가동3가 24-8,"전북특별자치도 전주시 완산구 전주객사1길 12, 1층",070-4849-2580,,,,unmatched_address,기존 주택 CSV의 건물 좌표; 음식점 자체 측량 좌표 아님
풍성한짜글이앤삼겹살,완산구 효자동2가,전북특별자치도 전주시 완산구 효자동2가 1305-7,전북특별자치도 전주시 완산구 후곡길 31-35,063-221-0173,127.0941852,35.81146555,효자4동,exact_road_building_match,기존 주택 CSV의 건물 좌표; 음식점 자체 측량 좌표 아님
고자루,완산구 고사동,전북특별자치도 전주시 완산구 고사동 473-9,"전북특별자치도 전주시 완산구 전주객사2길 46-12, 1층",010-7525-3688,,,,unmatched_address,기존 주택 CSV의 건물 좌표; 음식점 자체 측량 좌표 아님
아리랑숯불갈비,완산구 서신동,전북특별자치도 전주시 완산구 서신동801,전북특별자치도 전주시 완산구 서신천변15길 7,063-254-0606,,,,unmatched_address,기존 주택 CSV의 건물 좌표; 음식점 자체 측량 좌표 아님
참고깃집식당,덕진구 송천2동,전북특별자치도 전주시 덕진구 송천동2가 185-1,"전북특별자치도 전주시 덕진구 사근1길 57, 1층 112호",063-274-5063,,,,unmatched_address,기존 주택 CSV의 건물 좌표; 음식점 자체 측량 좌표 아님
동서네낙지_전주중동점,덕진구 혁신동,전북특별자치도 전주시 덕진구 혁신동 776-11,전북특별자치도 전주시 덕진구 오공로 43-7,063-223-7442,,,,unmatched_address,기존 주택 CSV의 건물 좌표; 음식점 자체 측량 좌표 아님
흑도리_전주신시가지점,완산구 효자5동,전북특별자치도 전주시 완산구 효자동3가 1693-5 1층,전북특별자치도 전주시 완산구 효자로 161 1층,063-228-9258,,,,unmatched_address,기존 주택 CSV의 건물 좌표; 음식점 자체 측량 좌표 아님
지코바_우아1호점,덕진구 우아동3가,전북특별자치도 전주시 덕진구 우아동3가 762,전북특별자치도 전주시 덕진구 우아로 48,0507-1313-9502,,,,unmatched_address,기존 주택 CSV의 건물 좌표; 음식점 자체 측량 좌표 아님
강촌떡갈비,완산구 풍남동,전북특별자치도 전주시 완산구 교동 175-3,전북특별자치도 전주시 완산구 전주천동로 56,063-283-0600,,,,unmatched_address,기존 주택 CSV의 건물 좌표; 음식점 자체 측량 좌표 아님
크로플샵,완산구 효자동,전북특별자치도 전주시 완산구 효자동2가 1157-1 서희스타힐스 상가 105동 109호,전북특별자치도 전주시 완산구 홍산1길 21 서희스타힐스 상가 105동 109호,010-6359-4688,,,,unmatched_address,기존 주택 CSV의 건물 좌표; 음식점 자체 측량 좌표 아님
생생면옥,덕진구 송천동,전북특별자치도 전주시 덕진구 송천동1가 101-30,전북특별자치도 전주시 덕진구 솔내9길 4,063-278-1238,127.1259734,35.86248277,송천1동,exact_road_building_match,기존 주택 CSV의 건물 좌표; 음식점 자체 측량 좌표 아님
여울포레스트,완산구 서신동,전북특별자치도 전주시 완산구 서신동 1010-6,전북특별자치도 전주시 완산구 고사평7길 12,063-252-4046,127.1093247,35.83776546,서신동,exact_road_building_match,기존 주택 CSV의 건물 좌표; 음식점 자체 측량 좌표 아님
블랑제리효모의집,덕진구 장동,전북특별자치도 전주시 덕진구 장동 1087-1,전북특별자치도 전주시 덕진구 출판로 84,0507-1406-7671,,,,unmatched_address,기존 주택 CSV의 건물 좌표; 음식점 자체 측량 좌표 아님
마천루,완산구 효자동3가,전북특별자치도 전주시 완산구 효자동3가 1464-7,전북특별자치도 전주시 완산구 서곡2길 14-9,063-255-3168,127.1017049,35.83333174,효자5동,exact_road_building_match,기존 주택 CSV의 건물 좌표; 음식점 자체 측량 좌표 아님
카페올리브가든,완산구 효자동3가,전북특별자치도 전주시 완산구 효자동3가 1525-2,전북특별자치도 전주시 완산구 홍산로 276,070-7722-0369,127.1064553,35.8182318,효자5동,exact_road_building_match,기존 주택 CSV의 건물 좌표; 음식점 자체 측량 좌표 아님
요거프레소_전주천변점,덕진구 송천동,전북특별자치도 전주시 덕진구 송천동1가 324-5,전북특별자치도 전주시 덕진구 가리내로 508,0507-1419-9980,,,,unmatched_address,기존 주택 CSV의 건물 좌표; 음식점 자체 측량 좌표 아님
정가네깐쇼새우,완산구 효자5동,전북특별자치도 전주시 완산구 효자동3가 1527-19 2층,전북특별자치도 전주시 완산구 홍산북로 45-24,063-278-8080,,,,unmatched_address,기존 주택 CSV의 건물 좌표; 음식점 자체 측량 좌표 아님
전당포,완산구 고사동,전북특별자치도 전주시 완산구 고사동 450-2,전북특별자치도 전주시 완산구 전주객사2길 16,0507-1344-1042,,,,unmatched_address,기존 주택 CSV의 건물 좌표; 음식점 자체 측량 좌표 아님
콩나루콩나물국밥_송천점,덕진구 송천1동,전북특별자치도 전주시 덕진구 송천동1가 485-17,전북특별자치도 전주시 덕진구 솔내8길 12,063-277-9011,,,,unmatched_address,기존 주택 CSV의 건물 좌표; 음식점 자체 측량 좌표 아님
커피홀릭,완산구 서신동,전북특별자치도 전주시 완산구 서신동 938-3,전북특별자치도 전주시 완산구 새터로 32,063-278-3766,127.1100698,35.83582699,서신동,exact_road_building_match,기존 주택 CSV의 건물 좌표; 음식점 자체 측량 좌표 아님
서유기중화요리,완산구 효자동2가,전북특별자치도 전주시 완산구 효자동2가 1256-4,전북특별자치도 전주시 완산구 우전로 204,050-7987-1925,,,,unmatched_address,기존 주택 CSV의 건물 좌표; 음식점 자체 측량 좌표 아님
한신포차_전북대점,덕진구 덕진동,전북특별자치도 전주시 덕진구 덕진동1가 1314-162,전북특별자치도 전주시 덕진구 명륜4길 17-8,063-273-4739,,,,unmatched_address,기존 주택 CSV의 건물 좌표; 음식점 자체 측량 좌표 아님
한라와라야키,완산구 효자5동,전북특별자치도 전주시 완산구 효자동3가 1533-3 성준빌딩 1층 102호,전북특별자치도 전주시 완산구 홍산북로 46-21 성준빌딩 1층 102호,063-229-3177,,,,unmatched_address,기존 주택 CSV의 건물 좌표; 음식점 자체 측량 좌표 아님
차차케이크,완산구 효자동,전북특별자치도 전주시 완산구 효자동3가 1668-5,전북특별자치도 전주시 완산구 마전들로 29 1층,010-8120-7492,127.0988052,35.82120051,효자5동,exact_road_building_match,기존 주택 CSV의 건물 좌표; 음식점 자체 측량 좌표 아님
더벤티_전주혁신도시점,덕진구 혁신동,전북특별자치도 전주시 덕진구 혁신동 775-2,전북특별자치도 전주시 덕진구 기지로 82,070-7719-6977,,,,unmatched_address,기존 주택 CSV의 건물 좌표; 음식점 자체 측량 좌표 아님
신가네정읍국밥_효자점,완산구 효자4동,전북특별자치도 전주시 완산구 효자동2가 1209-5,전북특별자치도 전주시 완산구 소태정1길 24,063-222-6457,,,,unmatched_address,기존 주택 CSV의 건물 좌표; 음식점 자체 측량 좌표 아님
풍미갈비,덕진구 혁신동,전북특별자치도 전주시 덕진구 혁신동 781-2,전북특별자치도 전주시 덕진구 오정1길 3,063-214-9292,127.0606402,35.8356594,혁신동,exact_road_building_match,기존 주택 CSV의 건물 좌표; 음식점 자체 측량 좌표 아님
브리꼴라주,완산구 고사동,전북특별자치도 전주시 완산구 다가동3가 19-1,전북특별자치도 전주시 완산구 전주객사2길 23-7,063-285-0510,,,,unmatched_address,기존 주택 CSV의 건물 좌표; 음식점 자체 측량 좌표 아님
엄마밥상,덕진구 혁신동,전북특별자치도 전주시 덕진구 만성동 1345-5,전북특별자치도 전주시 덕진구 정여립로 1115,063-211-5100,,,,unmatched_address,기존 주택 CSV의 건물 좌표; 음식점 자체 측량 좌표 아님
본참치_본점,완산구 중화산동2가,전북특별자치도 전주시 완산구 중화산동2가 656-7,전북특별자치도 전주시 완산구 어은로 15,063-222-2050,,,,unmatched_address,기존 주택 CSV의 건물 좌표; 음식점 자체 측량 좌표 아님
용이네동태마을,완산구 풍남동,전북특별자치도 전주시 완산구 전동 92-6,전북특별자치도 전주시 완산구 풍남문3길 4,063-232-9007,,,,unmatched_address,기존 주택 CSV의 건물 좌표; 음식점 자체 측량 좌표 아님
장가면옥_전주본점,완산구 중화산동2가,전북특별자치도 전주시 완산구 중화산동2가 728-3,전북특별자치도 전주시 완산구 유연로 296,063-224-0492,,,,unmatched_address,기존 주택 CSV의 건물 좌표; 음식점 자체 측량 좌표 아님
초원갈비,덕진구 우아1동,전북특별자치도 전주시 덕진구 우아동3가 257-5,전북특별자치도 전주시 덕진구 동부대로 651,063-242-8811,,,,unmatched_address,기존 주택 CSV의 건물 좌표; 음식점 자체 측량 좌표 아님
보토루,완산구 효자동3가,전북특별자치도 전주시 완산구 효자동3가 1597-16,전북특별자치도 전주시 완산구 문학대1길 10-19,0507-1337-8789,127.0990395,35.82539144,효자5동,exact_road_building_match,기존 주택 CSV의 건물 좌표; 음식점 자체 측량 좌표 아님
강변순대,덕진구 덕진동,전북특별자치도 전주시 덕진구 덕진동2가 671-11,전북특별자치도 전주시 덕진구 가리내8길 10-6,063-226-5492,127.1107971,35.84389167,덕진동,exact_road_building_match,기존 주택 CSV의 건물 좌표; 음식점 자체 측량 좌표 아님
디에떼_송천2호점,덕진구 송천동,전북특별자치도 전주시 덕진구 송천동1가 833-4,전북특별자치도 전주시 덕진구 시천로 52,063-272-1981,,,,unmatched_address,기존 주택 CSV의 건물 좌표; 음식점 자체 측량 좌표 아님
집엔납작한슬리퍼,완산구 고사동,전북특별자치도 전주시 완산구 고사동 455-2,전북특별자치도 전주시 완산구 전주객사2길 24,070-8806-3100,,,,unmatched_address,기존 주택 CSV의 건물 좌표; 음식점 자체 측량 좌표 아님
고향시래기,완산구 효자5동,전북특별자치도 전주시 완산구 효자동2가 1238-8,전북특별자치도 전주시 완산구 홍산남로 29-7,063-226-8009,,,,unmatched_address,기존 주택 CSV의 건물 좌표; 음식점 자체 측량 좌표 아님
한상차림,완산구 중화산동2가,전북특별자치도 전주시 완산구 중화산동2가 576-2,전북특별자치도 전주시 완산구 메너머1길 33,0507-1426-2065,,,,unmatched_address,기존 주택 CSV의 건물 좌표; 음식점 자체 측량 좌표 아님
아무,완산구 효자4동,전북특별자치도 전주시 완산구 효자동2가 1206-3,전북특별자치도 전주시 완산구 소태정3길 18-1,063-244-0240,,,,unmatched_address,기존 주택 CSV의 건물 좌표; 음식점 자체 측량 좌표 아님
홍스쭈꾸미_전북혁신점,덕진구 장동,"전북특별자치도 전주시 덕진구 장동 1093-5, 1-501","전북특별자치도 전주시 덕진구 중동로 104-6, 1-501",063-212-9583,,,,unmatched_address,기존 주택 CSV의 건물 좌표; 음식점 자체 측량 좌표 아님
들녘추어탕,완산구 서신동,전북특별자치도 전주시 완산구 서신동 786-4,전북특별자치도 전주시 완산구 감나무4길 30,063-277-9591,127.1196942,35.83175708,서신동,exact_road_building_match,기존 주택 CSV의 건물 좌표; 음식점 자체 측량 좌표 아님
빕스_전주점,완산구 서신동,전북특별자치도 전주시 완산구 서신동 997-10,전북특별자치도 전주시 완산구 백제대로 382,063-252-1997,,,,unmatched_address,기존 주택 CSV의 건물 좌표; 음식점 자체 측량 좌표 아님
장미맨숀_다가점,완산구 다가동,전북특별자치도 전주시 완산구 다가동3가 21-1,"전북특별자치도 전주시 완산구 전주객사2길11-2, 1층",063-232-0146,,,,unmatched_address,기존 주택 CSV의 건물 좌표; 음식점 자체 측량 좌표 아님
도예,완산구 효자동,전북특별자치도 전주시 완산구 효자동1가 667-11,전북특별자치도 전주시 완산구 효자천변1길 26-21,063-224-7972,127.1142915,35.79906621,효자3동,exact_road_building_match,기존 주택 CSV의 건물 좌표; 음식점 자체 측량 좌표 아님
조선화로집_서신롯데점,완산구 서신동,전북특별자치도 전주시 완산구 서신동 967-5,전북특별자치도 전주시 완산구 온고을로 30-30,063-288-0092,,,,unmatched_address,기존 주택 CSV의 건물 좌표; 음식점 자체 측량 좌표 아님
국수나무_전주에코시티점,덕진구 송천2동,전북특별자치도 전주시 덕진구 송천동2가 1327-8,"전북특별자치도 전주시 덕진구 세병2길 31-7, 1층 107호",063-253-5777,,,,unmatched_address,기존 주택 CSV의 건물 좌표; 음식점 자체 측량 좌표 아님
대관령동태찌개와낚지볶음_송천점,덕진구 송천1동,전북특별자치도 전주시 덕진구 송천동1가 813-8 1층,전북특별자치도 전주시 덕진구 두간3길 7 1층,063-275-5875,,,,unmatched_address,기존 주택 CSV의 건물 좌표; 음식점 자체 측량 좌표 아님
대성학원,완산구 경원동1가,전북특별자치도 전주시 완산구 경원동1가 7,전북특별자치도 전주시 완산구 전동성당길 8,0507-1366-2892,,,,unmatched_address,기존 주택 CSV의 건물 좌표; 음식점 자체 측량 좌표 아님
노랑통닭_서신행복점,완산구 서신동,전북특별자치도 전주시 완산구 서신동  854-2,전북특별자치도 전주시 완산구 전룡로 14-1,063-255-9210,,,,unmatched_address,기존 주택 CSV의 건물 좌표; 음식점 자체 측량 좌표 아님
킹스대게_도청점,완산구 효자동,전북특별자치도 전주시 완산구 효자동3가 1539-1 2층,전북특별자치도 전주시 완산구 홍산남로 71 2층,063-224-6998,,,,unmatched_address,기존 주택 CSV의 건물 좌표; 음식점 자체 측량 좌표 아님
전주대한끼마을,완산구 효자동3가,전북특별자치도 전주시 완산구 효자동3가 1277-1,전북특별자치도 전주시 완산구 백마산길 38,0507-1339-8084,127.0892894,35.81701727,효자4동,exact_road_building_match,기존 주택 CSV의 건물 좌표; 음식점 자체 측량 좌표 아님
정담_생구이전문점,덕진구 덕진동,전북특별자치도 전주시 덕진구 덕진동2가 189-25,전북특별자치도 전주시 덕진구 권삼득로 385,063-255-9222,,,,unmatched_address,기존 주택 CSV의 건물 좌표; 음식점 자체 측량 좌표 아님
다온담,덕진구 송천1동,전북특별자치도 전주시 덕진구 송천동1가 332-17,"전북특별자치도 전주시 덕진구 송천로 35-5, 1층",0507-1362-9768,127.1180824,35.8564331,송천2동,exact_road_building_match,기존 주택 CSV의 건물 좌표; 음식점 자체 측량 좌표 아님
금커피별빙수_효자점,완산구 효자동2가,전북특별자치도 전주시 완산구 효자동2가 1154-3,전북특별자치도 전주시 완산구 홍산로 238,070-5033-2002,,,,unmatched_address,기존 주택 CSV의 건물 좌표; 음식점 자체 측량 좌표 아님
아무튼커피,완산구 효자4동,전북특별자치도 전주시 완산구 효자동3가 1730-2 101호,전북특별자치도 전주시 완산구 용호로 111 101호,010-4835-2470,127.0968375,35.81302073,효자4동,exact_road_building_match,기존 주택 CSV의 건물 좌표; 음식점 자체 측량 좌표 아님
요거프레소_송천솔내점,덕진구 송천동,전북특별자치도 전주시 덕진구 송천동1가 811-4,전북특별자치도 전주시 덕진구 두간로 60,063-261-3554,,,,unmatched_address,기존 주택 CSV의 건물 좌표; 음식점 자체 측량 좌표 아님
벌떡_전주대점,완산구 효자동2가,전북특별자치도 전주시 완산구 효자동2가 1307-7,전북특별자치도 전주시 완산구 후곡길 23-6,0504-2015-0664,127.0951171,35.81076345,효자4동,exact_road_building_match,기존 주택 CSV의 건물 좌표; 음식점 자체 측량 좌표 아님
라볼타,완산구 중화산동2가,전북특별자치도 전주시 완산구 중화산동2가 750-2 1층,전북특별자치도 전주시 완산구 화산천변6길 7-3 1층,0507-1328-3314,,,,unmatched_address,기존 주택 CSV의 건물 좌표; 음식점 자체 측량 좌표 아님
상왕등도횟집,완산구 서신동,전북특별자치도 전주시 완산구 서신동 947-5,전북특별자치도 전주시 완산구 고사평로 13,063-274-3392,,,,unmatched_address,기존 주택 CSV의 건물 좌표; 음식점 자체 측량 좌표 아님
화덕초대파불고기_전주고사점,완산구 고사동,전북특별자치도 전주시 완산구 고사동 232-2,전북특별자치도 전주시 완산구 전주객사4길 74-35,0507-1429-8118,,,,unmatched_address,기존 주택 CSV의 건물 좌표; 음식점 자체 측량 좌표 아님
보배반점_전주서신점,완산구 서신동,전북특별자치도 전주시 완산구 서신동 832-1 1층,전북특별자치도 전주시 완산구 서신로 40 1층,063-275-2952,,,,unmatched_address,기존 주택 CSV의 건물 좌표; 음식점 자체 측량 좌표 아님
수복맛집,완산구 중화산동,전북특별자치도 전주시 완산구 중화산동2가 761-11,전북특별자치도 전주시 완산구 화산천변3길 3-4,063-905-1563,,,,unmatched_address,기존 주택 CSV의 건물 좌표; 음식점 자체 측량 좌표 아님
호랑이밥집,완산구 다가동,전북특별자치도 전주시 완산구 다가동3가 64-14,전북특별자치도 전주시 완산구 전주객사1길 13-1,070-4300-3027,,,,unmatched_address,기존 주택 CSV의 건물 좌표; 음식점 자체 측량 좌표 아님
전주순두부,덕진구 산정동,전북특별자치도 전주시 덕진구 산정동 748-1,전북특별자치도 전주시 덕진구 전진로 9,063-247-3838,,,,unmatched_address,기존 주택 CSV의 건물 좌표; 음식점 자체 측량 좌표 아님
봉돼지,덕진구 혁신동,전북특별자치도 전주시 덕진구 혁신동 776-10,전북특별자치도 전주시 덕진구 오공로 43-5,063-226-9925,,,,unmatched_address,기존 주택 CSV의 건물 좌표; 음식점 자체 측량 좌표 아님
요거프레소_전주대점,완산구 효자4동,전북특별자치도 전주시 완산구 효자동3가 1172-4,전북특별자치도 전주시 완산구 백마산길 22-4,063-245-2197,,,,unmatched_address,기존 주택 CSV의 건물 좌표; 음식점 자체 측량 좌표 아님
신전떡볶이_전주대신시가지점,완산구 효자4동,전북특별자치도 전주시 완산구 효자동3가 1724-3 1층 102호,전북특별자치도 전주시 완산구 서원로 6,063-224-0212,,,,unmatched_address,기존 주택 CSV의 건물 좌표; 음식점 자체 측량 좌표 아님
심플슈가,완산구 고사동,전북특별자치도 전주시 완산구 고사동 436-1 2층,전북특별자치도 전주시 완산구 전주객사3길 16 2층,0507-1366-2117,,,,unmatched_address,기존 주택 CSV의 건물 좌표; 음식점 자체 측량 좌표 아님
보나베띠_전북도청점,완산구 효자동3가,전북특별자치도 전주시 완산구 효자동2가 1155-1 2층,전북특별자치도 전주시 완산구 홍산남로 48 2층,063-226-0072,,,,unmatched_address,기존 주택 CSV의 건물 좌표; 음식점 자체 측량 좌표 아님
자담치킨_전주효자점,완산구 효자동,전북특별자치도 전주시 완산구 효자동1가 445-13,전북특별자치도 전주시 완산구 거마평로 147-9,063-222-1587,,,,unmatched_address,기존 주택 CSV의 건물 좌표; 음식점 자체 측량 좌표 아님
장미맨숀_삼천점,완산구 삼천동1가,전북특별자치도 전주시 완산구 삼천동1가 725-3 1층,전북특별자치도 전주시 완산구 강변로 19,0504-2015-2394,,,,unmatched_address,기존 주택 CSV의 건물 좌표; 음식점 자체 측량 좌표 아님
옛날양푼동태찌게,덕진구 우아동1가,전북특별자치도 전주시 덕진구 우아동1가 1100-7,전북특별자치도 전주시 덕진구 한배미로 54-1,063-253-0324,,,,unmatched_address,기존 주택 CSV의 건물 좌표; 음식점 자체 측량 좌표 아님
콜리,완산구 효자동,전북특별자치도 전주시 완산구 효자동3가 1627-1,전북특별자치도 전주시 완산구 유연로 170,063-221-2226,,,,unmatched_address,기존 주택 CSV의 건물 좌표; 음식점 자체 측량 좌표 아님
남문추어탕,완산구 풍남동,전북특별자치도 전주시 완산구 전동 288-1,전북특별자치도 전주시 완산구 풍남문1길 7,063-285-2585,,,,unmatched_address,기존 주택 CSV의 건물 좌표; 음식점 자체 측량 좌표 아님
아리아랑,완산구 효자동,"전북특별자치도 전주시 완산구 효자동2가 1231-3 2층,3층","전북특별자치도 전주시 완산구 홍산북로 29-9 2층,3층",063-242-2312,,,,unmatched_address,기존 주택 CSV의 건물 좌표; 음식점 자체 측량 좌표 아님
오리사냥_서곡점,완산구 효자동,전북특별자치도 전주시 완산구 효자동3가 710-1,전북특별자치도 전주시 완산구 천잠로 535-6,063-255-5292,,,,unmatched_address,기존 주택 CSV의 건물 좌표; 음식점 자체 측량 좌표 아님
르시엘커피,덕진구 산정동,전북특별자치도 전주시 덕진구 산정동 860-4,전북특별자치도 전주시 덕진구 산정2길 23,063-247-2744,,,,unmatched_address,기존 주택 CSV의 건물 좌표; 음식점 자체 측량 좌표 아님
유니버스,완산구 풍남동,전북특별자치도 전주시 완산구 경원동3가 15-5,전북특별자치도 전주시 완산구 현무1길 16,0507-1434-0050,,,,unmatched_address,기존 주택 CSV의 건물 좌표; 음식점 자체 측량 좌표 아님
배두둑감자탕,완산구 중화산동2가,전북특별자치도 전주시 완산구 중화산동2가 656-5,전북특별자치도 전주시 완산구 영경3길 3,063-222-3885,,,,unmatched_address,기존 주택 CSV의 건물 좌표; 음식점 자체 측량 좌표 아님
맘앤타르트,완산구 풍남동,전북특별자치도 전주시 완산구 전동 63,전북특별자치도 전주시 완산구 전동성당길 100,063-232-9582,,,,unmatched_address,기존 주택 CSV의 건물 좌표; 음식점 자체 측량 좌표 아님
온담,덕진구 우아동2가,전북특별자치도 전주시 덕진구 우아동2가 890-1,전북특별자치도 전주시 덕진구 정언신로 161-13,010-2729-9164,127.1701579,35.83114466,우아2동,exact_road_building_match,기존 주택 CSV의 건물 좌표; 음식점 자체 측량 좌표 아님
효자동떠들썩,완산구 효자동,전북특별자치도 전주시 완산구 효자동3가 1667-7,전북특별자치도 전주시 완산구 마전들로 55,010-3657-3421,,,,unmatched_address,기존 주택 CSV의 건물 좌표; 음식점 자체 측량 좌표 아님
이대연어,덕진구 송천2동,전북특별자치도 전주시 덕진구 송천동2가 1327-4,"전북특별자치도 전주시 덕진구 세병1길 32, 1층 101호",063-716-9585,,,,unmatched_address,기존 주택 CSV의 건물 좌표; 음식점 자체 측량 좌표 아님
수빈티아트,완산구 중앙동4가,전북특별자치도 전주시 완산구 중앙동4가 25-2,전북특별자치도 전주시 완산구 전라감영3길 10,0507-1403-0330,,,,unmatched_address,기존 주택 CSV의 건물 좌표; 음식점 자체 측량 좌표 아님
청담일식,완산구 효자5동,전북특별자치도 전주시 완산구 효자동3가 1696-9 2층,전북특별자치도 전주시 완산구 석산2길 5-10,063-241-5000,,,,unmatched_address,기존 주택 CSV의 건물 좌표; 음식점 자체 측량 좌표 아님
피자써클_서신점,완산구 서신동,전북특별자치도 전주시 완산구 서신동 798-18,전북특별자치도 전주시 완산구 당산로34-3,063-255-9991,,,,unmatched_address,기존 주택 CSV의 건물 좌표; 음식점 자체 측량 좌표 아님
가마꿉_호성점,덕진구 우아동3가,전북특별자치도 전주시 덕진구 우아동3가 594-29,전북특별자치도 전주시 덕진구 호성1길 10,063-245-9279,,,,unmatched_address,기존 주택 CSV의 건물 좌표; 음식점 자체 측량 좌표 아님
다인찻집,완산구 효자4동,전북특별자치도 전주시 완산구 효자동3가 1730-7 1층,전북특별자치도 전주시 완산구 용호로 101 1층,063-223-3312,127.0968246,35.81236697,효자4동,exact_road_building_match,기존 주택 CSV의 건물 좌표; 음식점 자체 측량 좌표 아님
신포우리만두_전주혁신도시점,덕진구 혁신동,전북특별자치도 전주시 덕진구 혁신동 775-3,전북특별자치도 전주시 덕진구 기지로 86,063-228-5582,,,,unmatched_address,기존 주택 CSV의 건물 좌표; 음식점 자체 측량 좌표 아님
통닭하우스,완산구 효자5동,전북특별자치도 전주시 완산구 효자동2가 1308-6 1층,전북특별자치도 전주시 완산구 후곡길 11-14 1층,063-228-9555,127.0951779,35.80988837,효자4동,exact_road_building_match,기존 주택 CSV의 건물 좌표; 음식점 자체 측량 좌표 아님
가고파막걸리,덕진구 송천1동,전북특별자치도 전주시 덕진구 송천동2가 193,전북특별자치도 전주시 덕진구 붓내2길 17-1,확인불가,,,,unmatched_address,기존 주택 CSV의 건물 좌표; 음식점 자체 측량 좌표 아님
청하반점_신시가지점,완산구 효자4동,전북특별자치도 전주시 완산구 효자동2가 1065-12,전북특별자치도 전주시 완산구 천잠로 253,063-221-6625,,,,unmatched_address,기존 주택 CSV의 건물 좌표; 음식점 자체 측량 좌표 아님
달인청국장,완산구 중화산동2가,전북특별자치도 전주시 완산구 중화산동2가 750-5,전북특별자치도 전주시 완산구 화산천변3길 8,063-229-2356,,,,unmatched_address,기존 주택 CSV의 건물 좌표; 음식점 자체 측량 좌표 아님
착한돼지,덕진구 만성동,전북특별자치도 전주시 덕진구 만성동 1169-7,전북특별자치도 전주시 덕진구 월방3길 12-1,063-226-9294,127.0696403,35.83473118,여의동,exact_road_building_match,기존 주택 CSV의 건물 좌표; 음식점 자체 측량 좌표 아님
주차포차,완산구 고사동,전북특별자치도 전주시 완산구 고사동 473-1 1층,전북특별자치도 전주시 완산구 전주객사3길 39 1층,010-8687-1114,,,,unmatched_address,기존 주택 CSV의 건물 좌표; 음식점 자체 측량 좌표 아님
용진시골아줌씨국수,덕진구 우아동1가,전북특별자치도 전주시 덕진구 우아동1가 1117-3,전북특별자치도 전주시 덕진구 인교9길 49,063-245-8384,,,,unmatched_address,기존 주택 CSV의 건물 좌표; 음식점 자체 측량 좌표 아님
고코커피,완산구 효자5동,전북특별자치도 전주시 완산구 효자동3가 1665-2,전북특별자치도 전주시 완산구 척동4길 10,010-4494-2153,127.1008217,35.8221137,효자5동,exact_road_building_match,기존 주택 CSV의 건물 좌표; 음식점 자체 측량 좌표 아님
투모로우,완산구 풍남동,전북특별자치도 전주시 완산구 풍남동3가 19-6,전북특별자치도 전주시 완산구 기린대로 71,063-288-6455,,,,unmatched_address,기존 주택 CSV의 건물 좌표; 음식점 자체 측량 좌표 아님
모모의다락방,덕진구 덕진동,"전북특별자치도 전주시 덕진구 덕진동1가 1314-203 2,3층","전북특별자치도 전주시 덕진구 명륜5길 17 2,3층",010-4881-3355,,,,unmatched_address,기존 주택 CSV의 건물 좌표; 음식점 자체 측량 좌표 아님
투썸플레이스_하가점,덕진구 덕진동,전북특별자치도 전주시 덕진구 덕진동2가 694-2,전북특별자치도 전주시 덕진구 가련산로 20,063-271-8240,,,,unmatched_address,기존 주택 CSV의 건물 좌표; 음식점 자체 측량 좌표 아님
으라차가맥,완산구 중화산동2가,전북특별자치도 전주시 완산구 중화산동2가 635-10 1층,전북특별자치도 전주시 완산구 산월2길 36 1층,"0507-1495-1281, 063-237-1170",,,,unmatched_address,기존 주택 CSV의 건물 좌표; 음식점 자체 측량 좌표 아님
미도참치,완산구 중화산동2가,전북특별자치도 전주시 완산구 중화산동2가 770-9,전북특별자치도 전주시 완산구 중화산로 85,"0507-1421-0177, 063-224-0177",,,,unmatched_address,기존 주택 CSV의 건물 좌표; 음식점 자체 측량 좌표 아님
일리예,완산구 중앙동,전북특별자치도 전주시 완산구 중앙동4가 10-1,"전북특별자치도 전주시 완산구 전라감영4길 5-1, 1층",070-8803-1749,,,,unmatched_address,기존 주택 CSV의 건물 좌표; 음식점 자체 측량 좌표 아님
남노명가_중화산점,완산구 중화산동2가,전북특별자치도 전주시 완산구 중화산동2가 732-2,전북특별자치도 전주시 완산구 메너머4길 47,063-223-8852,,,,unmatched_address,기존 주택 CSV의 건물 좌표; 음식점 자체 측량 좌표 아님
카페라이더_효자점,완산구 효자5동,전북특별자치도 전주시 완산구 효자동2가 1157-4 1층,전북특별자치도 전주시 완산구 홍산1길 7 1층,0508-8197-8377,,,,unmatched_address,기존 주택 CSV의 건물 좌표; 음식점 자체 측량 좌표 아님
배떡앤리얼하노이앤최고당돈가스_송천점,덕진구 송천동,전북특별자치도 전주시 덕진구 송천동1가 113-4,전북특별자치도 전주시 덕진구 솔내8길 7,063-253-4560,,,,unmatched_address,기존 주택 CSV의 건물 좌표; 음식점 자체 측량 좌표 아님
속풀이_아중점,덕진구 우아동2가,전북특별자치도 전주시 덕진구 우아동2가 864-4,전북특별자치도 전주시 덕진구 건산로 283,063-242-1519,,,,unmatched_address,기존 주택 CSV의 건물 좌표; 음식점 자체 측량 좌표 아님
한스커피,완산구 서신동,전북특별자치도 전주시 완산구 서신동 936-1,전북특별자치도 전주시 완산구 새터로 6,0507-1317-5457,,,,unmatched_address,기존 주택 CSV의 건물 좌표; 음식점 자체 측량 좌표 아님
스시달,완산구 효자5동,전북특별자치도 전주시 완산구 효자동2가 1214-4 1층,전북특별자치도 전주시 완산구 쑥고개로 315 1층,063-229-4334,,,,unmatched_address,기존 주택 CSV의 건물 좌표; 음식점 자체 측량 좌표 아님
서신동한방족발,완산구 서신동,전북특별자치도 전주시 완산구 서신동 953-2,전북특별자치도 전주시 완산구 고사평4길 22,063-276-2828,127.1116734,35.83507854,서신동,exact_road_building_match,기존 주택 CSV의 건물 좌표; 음식점 자체 측량 좌표 아님
킹스타피자_만성점,덕진구 만성동,전북특별자치도 전주시 덕진구 만성동 1291-1 드림타워 1층,전북특별자치도 전주시 덕진구 만성로 82,063-214-8999,,,,unmatched_address,기존 주택 CSV의 건물 좌표; 음식점 자체 측량 좌표 아님
신가네정읍국밥,덕진구 혁신동,전북특별자치도 전주시 덕진구 장동 1088-4,전북특별자치도 전주시 덕진구 기지로 93,063-228-8592,,,,unmatched_address,기존 주택 CSV의 건물 좌표; 음식점 자체 측량 좌표 아님
지코바치킨_덕진1호점,덕진구 덕진동1가,전북특별자치도 전주시 덕진구 덕진동1가 664-6 원플러스 108호,전북특별자치도 전주시 덕진구 권삼득로 333 원플러스 108호,063-271-9293,,,,unmatched_address,기존 주택 CSV의 건물 좌표; 음식점 자체 측량 좌표 아님
육빵집,완산구 효자5동,전북특별자치도 전주시 완산구 효자동3가 1688-1 1층,전북특별자치도 전주시 완산구 배학4길 36-1 1층,010-9221-2003,127.1000979,35.82063768,효자5동,exact_road_building_match,기존 주택 CSV의 건물 좌표; 음식점 자체 측량 좌표 아님
역전할머니맥주_서곡점,완산구 효자동3가,전북특별자치도 전주시 완산구 효자동3가 1435-5,전북특별자치도 전주시 완산구 서곡로 71,063-273-7624,,,,unmatched_address,기존 주택 CSV의 건물 좌표; 음식점 자체 측량 좌표 아님
명성불타는쟁반짜장,완산구 효자동,전북특별자치도 전주시 완산구 효자동3가 1167-5,전북특별자치도 전주시 완산구 백마산길 10,063-224-7249,,,,unmatched_address,기존 주택 CSV의 건물 좌표; 음식점 자체 측량 좌표 아님
쌈장집_중화산점,완산구 중화산동2가,전북특별자치도 전주시 완산구 중화산동2가 224-2,전북특별자치도 전주시 완산구 어은로 25,063-225-7762,,,,unmatched_address,기존 주택 CSV의 건물 좌표; 음식점 자체 측량 좌표 아님
한들김밥,완산구 중화산동,전북특별자치도 전주시 완산구 중화산동2가 760-2,전북특별자치도 전주시 완산구 화산천변로 13,063-904-2700,,,,unmatched_address,기존 주택 CSV의 건물 좌표; 음식점 자체 측량 좌표 아님
던킨_전주대점,완산구 효자4동,전북특별자치도 전주시 완산구 효자동2가 1246-14  102호,전북특별자치도 전주시 완산구 서원로 66  102호,063-902-8700,,,,unmatched_address,기존 주택 CSV의 건물 좌표; 음식점 자체 측량 좌표 아님
위드빅,완산구 중화산동1가,전북특별자치도 전주시 완산구 중화산동1가 300 암센터 지하 1층,전북특별자치도 전주시 완산구 서원로 365 암센터 지하 1층,0507-1441-9889,,,,unmatched_address,기존 주택 CSV의 건물 좌표; 음식점 자체 측량 좌표 아님
다가양조장_전북대점,덕진구 덕진동,전북특별자치도 전주시 덕진구 덕진동1가 1261-32 1층,전북특별자치도 전주시 덕진구 명륜4길 11-2 1층,0507-1485-8113,,,,unmatched_address,기존 주택 CSV의 건물 좌표; 음식점 자체 측량 좌표 아님
오후청제주생선구이백반,완산구 중화산동,전북특별자치도 전주시 완산구 중화산동2가 497-11,전북특별자치도 전주시 완산구 신촌4길 26-7,063-229-3395,,,,unmatched_address,기존 주택 CSV의 건물 좌표; 음식점 자체 측량 좌표 아님
샹떼쥬르,완산구 효자동3가,전북특별자치도 전주시 완산구 효자동3가 1631-12,전북특별자치도 전주시 완산구 마전4길 11-3,063-223-7200,,,,unmatched_address,기존 주택 CSV의 건물 좌표; 음식점 자체 측량 좌표 아님
더게스트,덕진구 혁신동,전북특별자치도 전주시 덕진구 혁신동  776-12,전북특별자치도 전주시 덕진구 오공로 43-13,063-237-1206,,,,unmatched_address,기존 주택 CSV의 건물 좌표; 음식점 자체 측량 좌표 아님
앳커피,완산구 효자동,전북특별자치도 전주시 완산구 효자동1가 373-3,전북특별자치도 전주시 완산구 거마평로 207 뷰티빌상가 105호,0503-7500-4997,,,,unmatched_address,기존 주택 CSV의 건물 좌표; 음식점 자체 측량 좌표 아님
충만치킨_송천점,덕진구 송천동,전북특별자치도 전주시 덕진구 송천동1가 107-179,전북특별자치도 전주시 덕진구 솔내로 148,063-288-6633,,,,unmatched_address,기존 주택 CSV의 건물 좌표; 음식점 자체 측량 좌표 아님
번지농장돌판아구찜_아중점,덕진구 우아동3가,전북특별자치도 전주시 덕진구 우아동3가 752-47,전북특별자치도 전주시 덕진구 백제대로 832,063-278-8555,,,,unmatched_address,기존 주택 CSV의 건물 좌표; 음식점 자체 측량 좌표 아님
베로나,완산구 효자5동,전북특별자치도 전주시 완산구 효자동2가1214-4 호화빌딩 7층,"전북특별자치도 전주시 완산구 쑥고개로 315, 7층",063-241-4200,,,,unmatched_address,기존 주택 CSV의 건물 좌표; 음식점 자체 측량 좌표 아님
장가면옥,완산구 효자동1가,전북특별자치도 전주시 완산구 효자동1가 598-16,전북특별자치도 전주시 완산구 중화산로 20,063-236-0678,,,,unmatched_address,기존 주택 CSV의 건물 좌표; 음식점 자체 측량 좌표 아님
전주왱이콩나물국밥전문점,완산구 풍남동,전북특별자치도 전주시 완산구 경원동2가  12-1,전북특별자치도 전주시 완산구 동문길 88,063-287-6980,,,,unmatched_address,기존 주택 CSV의 건물 좌표; 음식점 자체 측량 좌표 아님
치쿠린,덕진구 덕진동,전북특별자치도 전주시 덕진구 덕진동1가 1266-6 지하1층,전북특별자치도 전주시 덕진구 명륜3길 9-1 지하1층,063-277-7703,,,,unmatched_address,기존 주택 CSV의 건물 좌표; 음식점 자체 측량 좌표 아님
배떡_효자점,완산구 효자5동,전북특별자치도 전주시 완산구 효자동2가 1265-4,전북특별자치도 전주시 완산구 봉곡로 79,063-909-9500,,,,unmatched_address,기존 주택 CSV의 건물 좌표; 음식점 자체 측량 좌표 아님
섬진강다슬기마을,완산구 효자동3가,전북특별자치도 전주시 완산구 효자동3가 1697-2,전북특별자치도 전주시 완산구 석산2길 17-15,063-222-1516,,,,unmatched_address,기존 주택 CSV의 건물 좌표; 음식점 자체 측량 좌표 아님
나들벌,완산구 풍남동,전북특별자치도 전주시 완산구 풍남동3가 79-1,전북특별자치도 전주시 완산구 최명희길 30-3,063-282-8191,,,,unmatched_address,기존 주택 CSV의 건물 좌표; 음식점 자체 측량 좌표 아님
팔공티_효천점,완산구 효자동,전북특별자치도 전주시 완산구 효자동2가 1377-3 106호,전북특별자치도 전주시 완산구 효천중앙로 51 106호,0507-1387-7882,,,,unmatched_address,기존 주택 CSV의 건물 좌표; 음식점 자체 측량 좌표 아님
더리터_중화산점,완산구 중화산동2가,전북특별자치도 전주시 완산구 중화산동2가 729-6,전북특별자치도 전주시 완산구 유연로 308,063-222-5478,,,,unmatched_address,기존 주택 CSV의 건물 좌표; 음식점 자체 측량 좌표 아님
한솥도시락_예수병원점,완산구 중화산동1가,전북특별자치도 전주시 완산구 중화산동1가 3000 예수병원 암센터 B04호,전북특별자치도 전주시 완산구 서원로 365 예수병원 암센터 B04호,063-285-1008,,,,unmatched_address,기존 주택 CSV의 건물 좌표; 음식점 자체 측량 좌표 아님
오풍미족발전주서곡효자점,완산구 효자동3가,전북특별자치도 전주시 완산구 효자동3가 1597-2,전북특별자치도 전주시 완산구 황강서원로 6,063-225-9222,,,,unmatched_address,기존 주택 CSV의 건물 좌표; 음식점 자체 측량 좌표 아님
뚱보집_전북대점,덕진구 덕진동,전북특별자치도 전주시 덕진구 덕진동1가 1314-175,전북특별자치도 전주시 덕진구 명륜3길 17-2,063-271-9594,,,,unmatched_address,기존 주택 CSV의 건물 좌표; 음식점 자체 측량 좌표 아님
고고곱창삼겹살,완산구 서신동,전북특별자치도 전주시 완산구 서신동 933-6,전북특별자치도 전주시 완산구 새터로 21,063-273-8787,,,,unmatched_address,기존 주택 CSV의 건물 좌표; 음식점 자체 측량 좌표 아님
김순례묵은지생등갈비찜,완산구 효자동,전북특별자치도 전주시 완산구 효자동1가 630-6 1층,전북특별자치도 전주시 완산구 밤나무1길 18,063-228-8898,127.1163405,35.80911287,효자2동,exact_road_building_match,기존 주택 CSV의 건물 좌표; 음식점 자체 측량 좌표 아님
도니카츠,완산구 중화산동2가,전북특별자치도 전주시 완산구 중화산동2가 746-1,전북특별자치도 전주시 완산구 화산천변로 55,0507-1338-7047,,,,unmatched_address,기존 주택 CSV의 건물 좌표; 음식점 자체 측량 좌표 아님
커피면회소_효자신시가지점,완산구 효자동2가,전북특별자치도 전주시 완산구 효자동2가 1155-10,전북특별자치도 전주시 완산구 홍산중앙로 13,063-224-0222,,,,unmatched_address,기존 주택 CSV의 건물 좌표; 음식점 자체 측량 좌표 아님
59쌀피자_송천점,덕진구 송천동,전북특별자치도 전주시 덕진구 송천동2가 233-1,전북특별자치도 전주시 덕진구 붓내3길 34,063-255-5979,,,,unmatched_address,기존 주택 CSV의 건물 좌표; 음식점 자체 측량 좌표 아님
고즈넉,완산구 중화산동,전북특별자치도 전주시 완산구 중화산동2가 195-12,전북특별자치도 전주시 완산구 선너머로 21,010-8643-7020,,,,unmatched_address,기존 주택 CSV의 건물 좌표; 음식점 자체 측량 좌표 아님
엔커피,완산구 효자동,전북특별자치도 전주시 완산구 효자동1가 444-3,"전북특별자치도 전주시 완산구 거마평로 147-5, 1층",063-906-2080,,,,unmatched_address,기존 주택 CSV의 건물 좌표; 음식점 자체 측량 좌표 아님
로맨티움,덕진구 덕진동,전북특별자치도 전주시 덕진구 덕진동1가 1120-10,전북특별자치도 전주시 덕진구 가리내로 96,0507-1343-1476,,,,unmatched_address,기존 주택 CSV의 건물 좌표; 음식점 자체 측량 좌표 아님
모먼트로스티드빈스,완산구 효자동3가,전북특별자치도 전주시 완산구 효자동3가 1615-6,전북특별자치도 전주시 완산구 문학대5길 10,010-2463-1722,127.1029984,35.82711619,효자5동,exact_road_building_match,기존 주택 CSV의 건물 좌표; 음식점 자체 측량 좌표 아님
육장갈비_효자점,완산구 효자동2가,전북특별자치도 전주시 완산구 효자동2가 1196-1,전북특별자치도 전주시 완산구 소태정로 8,063-229-5443,,,,unmatched_address,기존 주택 CSV의 건물 좌표; 음식점 자체 측량 좌표 아님
투썸플레이스_전주혁신호수공원점,덕진구 장동,전북특별자치도 전주시 덕진구 장동 1093-3,전북특별자치도 전주시 덕진구 중동로 104-12,063-214-5888,,,,unmatched_address,기존 주택 CSV의 건물 좌표; 음식점 자체 측량 좌표 아님
토브,완산구 고사동,전북특별자치도 전주시 완산구 고사동 428-7,전북특별자치도 전주시 완산구 전주객사3길 34,063-283-7802,,,,unmatched_address,기존 주택 CSV의 건물 좌표; 음식점 자체 측량 좌표 아님
스시다미,완산구 효자5동,전북특별자치도 전주시 완산구 효자동3가 1645-8 피디빌딩2층,전북특별자치도 전주시 완산구 마전로 5,063-228-9758,,,,unmatched_address,기존 주택 CSV의 건물 좌표; 음식점 자체 측량 좌표 아님
장가네고깃집,덕진구 덕진동,전북특별자치도 전주시 덕진구 덕진동2가 662-5 1층,전북특별자치도 전주시 덕진구 가리내5길 2 1층,"0507-1495-1057, 070-4001-1021",127.1114399,35.84615071,덕진동,exact_road_building_match,기존 주택 CSV의 건물 좌표; 음식점 자체 측량 좌표 아님
고봉민김밥인_서신점,완산구 서신동,전북특별자치도 전주시 완산구 서신동 763-1 서신신일아파트상가 115동 114호,"전북특별자치도 전주시 완산구 당산로27, 서신신일아파트상가 115동 114호",063-253-6668,,,,unmatched_address,기존 주택 CSV의 건물 좌표; 음식점 자체 측량 좌표 아님
땡스비어,덕진구 송천동,전북특별자치도 전주시 덕진구 송천동1가 98-2 102호,전북특별자치도 전주시 덕진구 오송1길 31 102호,010-4848-8367,,,,unmatched_address,기존 주택 CSV의 건물 좌표; 음식점 자체 측량 좌표 아님
부여통닭_아중점,덕진구 우아동1가,전북특별자치도 전주시 덕진구 우아동1가 1088-2,전북특별자치도 전주시 덕진구 아중로 194,063-242-9982,,,,unmatched_address,기존 주택 CSV의 건물 좌표; 음식점 자체 측량 좌표 아님
소담사랑방,완산구 중화산동,전북특별자치도 전주시 완산구 중화산동2가 758-7번지,전북특별자치도 전주시 완산구 화산천변2길 7,063-226-8300,,,,unmatched_address,기존 주택 CSV의 건물 좌표; 음식점 자체 측량 좌표 아님
상상플러스닭강정_송천점,덕진구 송천동,전북특별자치도 전주시 덕진구 송천동2가 1309,전북특별자치도 전주시 덕진구 세병로 67,063-251-2936,,,,unmatched_address,기존 주택 CSV의 건물 좌표; 음식점 자체 측량 좌표 아님
대물대숲포차,완산구 중화산동,전북특별자치도 전주시 완산구 중화산동2가 780-7,전북특별자치도 전주시 완산구 신촌4길 5-4,0507-1310-4519,127.1173418,35.8175167,중화산2동,exact_road_building_match,기존 주택 CSV의 건물 좌표; 음식점 자체 측량 좌표 아님
만년닭강정_서신점,완산구 서신동,전북특별자치도 전주시 완산구 서신동 796-1,전북특별자치도 전주시 완산구 당산로 46,063-253-5400,,,,unmatched_address,기존 주택 CSV의 건물 좌표; 음식점 자체 측량 좌표 아님
갱꼬2,완산구 서신동,전북특별자치도 전주시 완산구 서신동 802-17,전북특별자치도 전주시 완산구 서신천변15길 3-5,063-272-0702,,,,unmatched_address,기존 주택 CSV의 건물 좌표; 음식점 자체 측량 좌표 아님
신돈조선별관_본점,덕진구 우아2동,전북특별자치도 전주시 덕진구 우아동2가 866-19,전북특별자치도 전주시 덕진구 석소로 90-9,063-241-5289,,,,unmatched_address,기존 주택 CSV의 건물 좌표; 음식점 자체 측량 좌표 아님
대동국수_서신1지구점,완산구 서신동,전북특별자치도 전주시 완산구 서신동 936-5,전북특별자치도 전주시 완산구 새터로 12-1,063-271-1710,127.1081679,35.83661335,서신동,exact_road_building_match,기존 주택 CSV의 건물 좌표; 음식점 자체 측량 좌표 아님
일등낙지_서신본점,완산구 서신동,전북특별자치도 전주시 완산구 서신동 830-8,전북특별자치도 전주시 완산구 서신천변6길 21,063-276-5851,127.115312,35.82833487,서신동,exact_road_building_match,기존 주택 CSV의 건물 좌표; 음식점 자체 측량 좌표 아님
우리밀누룩꽃빵,덕진구 우아동2가,전북특별자치도 전주시 덕진구 우아동2가 893-3,전북특별자치도 전주시 덕진구 석소5길 17,0507-1316-3031,,,,unmatched_address,기존 주택 CSV의 건물 좌표; 음식점 자체 측량 좌표 아님
장미맨숀_평화점,완산구 평화동1가,전북특별자치도 전주시 완산구 평화동1가 730-5 1층,전북특별자치도 전주시 완산구 평화18길 29-7 1층,0507-1341-1975,,,,unmatched_address,기존 주택 CSV의 건물 좌표; 음식점 자체 측량 좌표 아님
남노갈비_효자점,완산구 효자동,전북특별자치도 전주시 완산구 효자동2가 1159-3,전북특별자치도 전주시 완산구 서원로 138,063-226-3525,,,,unmatched_address,기존 주택 CSV의 건물 좌표; 음식점 자체 측량 좌표 아님
옥자네생고기,완산구 효자동,전북특별자치도 전주시 완산구 효자동1가 620-10 1층,전북특별자치도 전주시 완산구 신봉로 9,063-222-8292,,,,unmatched_address,기존 주택 CSV의 건물 좌표; 음식점 자체 측량 좌표 아님
빈대떡신사_전주본점,완산구 서신동,전북특별자치도 전주시 완산구 서신동 925-6,전북특별자치도 전주시 완산구 고사평로 27,063-273-9925,,,,unmatched_address,기존 주택 CSV의 건물 좌표; 음식점 자체 측량 좌표 아님
엘린스샌드위치_전주효자동점,완산구 효자동,전북특별자치도 전주시 완산구 효자동2가 1210-1,전북특별자치도 전주시 완산구 소태정3길 15,010-6514-3150,,,,unmatched_address,기존 주택 CSV의 건물 좌표; 음식점 자체 측량 좌표 아님
스타벅스_전주서신점,완산구 서신동,전북특별자치도 전주시 완산구 서신동 964-6,전북특별자치도 전주시 완산구 서신로 104,1522-3232,,,,unmatched_address,기존 주택 CSV의 건물 좌표; 음식점 자체 측량 좌표 아님
감탄떡볶이_전주중화산점,완산구 중화산동2가,전북특별자치도 전주시 완산구 중화산동2가 748-3,전북특별자치도 전주시 완산구 화산천벼로 29,063-229-3515,,,,unmatched_address,기존 주택 CSV의 건물 좌표; 음식점 자체 측량 좌표 아님
이삭토스트_전주혁신점,덕진구 혁신동,전북특별자치도 전주시 덕진구 중동 776-8,전북특별자치도 전주시 덕진구 오공로 43,063-228-1005,,,,unmatched_address,기존 주택 CSV의 건물 좌표; 음식점 자체 측량 좌표 아님
스타벅스_전주송천DT,덕진구 송천동2가,전북특별자치도 전주시 덕진구 송천동2가 487,전북특별자치도 전주시 덕진구 송천중앙로 228,1522-3232,,,,unmatched_address,기존 주택 CSV의 건물 좌표; 음식점 자체 측량 좌표 아님
밥스터,완산구 효자5동,전북특별자치도 전주시 완산구 효자동3가 1645-5,전북특별자치도 전주시 완산구 마전로 11,070-7762-0659,,,,unmatched_address,기존 주택 CSV의 건물 좌표; 음식점 자체 측량 좌표 아님
바른치킨_전주효자신시가지점,완산구 효자5동,전북특별자치도 전주시 완산구 효자동2가 1157-1 105동 1층 146호,전북특별자치도 전주시 완산구 홍산1길 21 105동 1층 146호,063-221-5851,,,,unmatched_address,기존 주택 CSV의 건물 좌표; 음식점 자체 측량 좌표 아님
조선옥_한옥마을점,완산구 풍남동,전북특별자치도 전주시 완산구 풍남동3가 24-1,전북특별자치도 전주시 완산구 한지길 89,063-286-5522,,,,unmatched_address,기존 주택 CSV의 건물 좌표; 음식점 자체 측량 좌표 아님
맛있는밥상,완산구 효자동1가,전북특별자치도 전주시 완산구 효자동1가 408-6,전북특별자치도 전주시 완산구 용머리로 9-15,0507-0090-0755,,,,unmatched_address,기존 주택 CSV의 건물 좌표; 음식점 자체 측량 좌표 아님
태하식당,완산구 서신동,전북특별자치도 전주시 완산구 서신동 799-1,전북특별자치도 전주시 완산구 서신천변15길 13,063-255-3436,,,,unmatched_address,기존 주택 CSV의 건물 좌표; 음식점 자체 측량 좌표 아님
다온초밥,완산구 효자동1가,전북특별자치도 전주시 완산구 효자동1가 621-12,전북특별자치도 전주시 완산구 거마평로 204-1,063-236-4558,,,,unmatched_address,기존 주택 CSV의 건물 좌표; 음식점 자체 측량 좌표 아님
원유로스페셜티_전주혁신점,덕진구 장동,전북특별자치도 전주시 덕진구 장동 1074 511동 1층 101호,전북특별자치도 전주시 덕진구 출판로 43 511동 1층 101호,0507-1461-5048,,,,unmatched_address,기존 주택 CSV의 건물 좌표; 음식점 자체 측량 좌표 아님
우가양평해장국_효자점,완산구 효자동,전북특별자치도 전주시 완산구 효자동1가 382,전북특별자치도 전주시 완산구 거마평로 180,"0507-1444-5950, 063-228-5949",,,,unmatched_address,기존 주택 CSV의 건물 좌표; 음식점 자체 측량 좌표 아님
장가네왕족발,완산구 풍남동,전북특별자치도 전주시 완산구 풍남동2가 6-2,전북특별자치도 전주시 완산구 동문길 24,063-282-7476,,,,unmatched_address,기존 주택 CSV의 건물 좌표; 음식점 자체 측량 좌표 아님
신이조참치_중화산점,완산구 중화산동2가,전북특별자치도 전주시 완산구 중화산동2가 658-11,전북특별자치도 전주시 완산구 어은로 14,063-228-2537,,,,unmatched_address,기존 주택 CSV의 건물 좌표; 음식점 자체 측량 좌표 아님
제주돈,완산구 중화산동,전북특별자치도 전주시 완산구 중화산동2가 767-3,전북특별자치도 전주시 완산구 효자로 267,063-224-0098,,,,unmatched_address,기존 주택 CSV의 건물 좌표; 음식점 자체 측량 좌표 아님
브로식당,완산구 고사동,전북특별자치도 전주시 완산구 고사동 288-17,전북특별자치도 전주시 완산구 전주객사4길 73-32,010-2595-8295,,,,unmatched_address,기존 주택 CSV의 건물 좌표; 음식점 자체 측량 좌표 아님
고래짬뽕,덕진구 송천동2가,전북특별자치도 전주시 덕진구 송천동2가 554-1,전북특별자치도 전주시 덕진구 와룡1길 21,063-252-8259,,,,unmatched_address,기존 주택 CSV의 건물 좌표; 음식점 자체 측량 좌표 아님
오픈프라이빗,완산구 다가동,전북특별자치도 전주시 완산구 다가동4가 125-1 2층,"전북특별자치도 전주시 완산구 전주천동로 264-3, 2층","0507-1363-9903, 063-285-9900",,,,unmatched_address,기존 주택 CSV의 건물 좌표; 음식점 자체 측량 좌표 아님
돌산복집,완산구 효자4동,전북특별자치도 전주시 완산구 효자동2가 151,전북특별자치도 전주시 완산구 우전1길 58,063-223-5255,,,,unmatched_address,기존 주택 CSV의 건물 좌표; 음식점 자체 측량 좌표 아님
황금코다리_아중역2호점,덕진구 우아동1가,전북특별자치도 전주시 덕진구 우아동1가 1114-4,전북특별자치도 전주시 덕진구 아중로 240,0507-1336-3330,,,,unmatched_address,기존 주택 CSV의 건물 좌표; 음식점 자체 측량 좌표 아님
현아네등갈비찜_서신점,완산구 서신동,전북특별자치도 전주시 완산구 서신동 958-4,전북특별자치도 전주시 완산구 고사평2길 8,063-278-0809,,,,unmatched_address,기존 주택 CSV의 건물 좌표; 음식점 자체 측량 좌표 아님
가마꿉_전주효자점,완산구 효자동,전북특별자치도 전주시 완산구 효자동2가 541-7,"전북특별자치도 전주시 완산구 우전1길 54, 1층",063-226-8401,,,,unmatched_address,기존 주택 CSV의 건물 좌표; 음식점 자체 측량 좌표 아님
보글보글부대찌개짜글이,완산구 효자동3가,전북특별자치도 전주시 완산구 효자동3가 1527-18,전북특별자치도 전주시 완산구 홍산북로 45-22,063-236-0722,,,,unmatched_address,기존 주택 CSV의 건물 좌표; 음식점 자체 측량 좌표 아님
이토록,완산구 다가동1가,전북특별자치도 전주시 완산구 다가동1가 85,전북특별자치도 전주시 완산구 풍남문2길 137,0507-1311-3105,,,,unmatched_address,기존 주택 CSV의 건물 좌표; 음식점 자체 측량 좌표 아님
미르밀옥류관_본점,완산구 효자5동,전북특별자치도 전주시 완산구 효자동3가 1648-3,전북특별자치도 전주시 완산구 마전들로 71,063-222-1656,,,,unmatched_address,기존 주택 CSV의 건물 좌표; 음식점 자체 측량 좌표 아님
리큐,덕진구 혁신동,전북특별자치도 전주시 덕진구 중동 776-12 105호,전북특별자치도 전주시 덕진구 오공로 43-13 105호,0507-1366-3031,,,,unmatched_address,기존 주택 CSV의 건물 좌표; 음식점 자체 측량 좌표 아님
왕통큰,덕진구 송천동2가,전북특별자치도 전주시 덕진구 송천동2가 551-1,전북특별자치도 전주시 덕진구 와룡로 57,063-273-1233,,,,unmatched_address,기존 주택 CSV의 건물 좌표; 음식점 자체 측량 좌표 아님
역전할머니맥주_전주중화산점,완산구 중화산동2가,전북특별자치도 전주시 완산구 중화산동2가 755-11,전북특별자치도 전주시 완산구 효자로 291,063-226-7991,,,,unmatched_address,기존 주택 CSV의 건물 좌표; 음식점 자체 측량 좌표 아님
홍콩반점0410_전북대점,덕진구 덕진동,전북특별자치도 전주시 덕진구 덕진동1가 1277-1,전북특별자치도 전주시 덕진구 덕진광장로 10,063-255-0410,,,,unmatched_address,기존 주택 CSV의 건물 좌표; 음식점 자체 측량 좌표 아님
여기야생고기_송천점,덕진구 송천동,전북특별자치도 전주시 덕진구 송천동1가 107-200,전북특별자치도 전주시 덕진구 천마산로 52,063-272-9922,,,,unmatched_address,기존 주택 CSV의 건물 좌표; 음식점 자체 측량 좌표 아님
이디야커피_전주한옥마을점,완산구 풍남동,전북특별자치도 전주시 완산구 전동 65-1,전북특별자치도 전주시 완산구 팔달로 130-1,063-288-8393,,,,unmatched_address,기존 주택 CSV의 건물 좌표; 음식점 자체 측량 좌표 아님
해적수산,덕진구 송천동,전북특별자치도 전주시 덕진구 송천동2가 54-25,전북특별자치도 전주시 덕진구 동부대로 1029,063-252-9001,,,,unmatched_address,기존 주택 CSV의 건물 좌표; 음식점 자체 측량 좌표 아님
엠유이,덕진구 송천1동,전북특별자치도 전주시 덕진구 송천동1가 819-2,"전북특별자치도 전주시 덕진구 용소로 91-11, 1층",0507-1321-5410,,,,unmatched_address,기존 주택 CSV의 건물 좌표; 음식점 자체 측량 좌표 아님
전통옻닭,완산구 서신동,전북특별자치도 전주시 완산구 서신동 941-5,전북특별자치도 전주시 완산구 고사평3길 21-8,063-254-6669,,,,unmatched_address,기존 주택 CSV의 건물 좌표; 음식점 자체 측량 좌표 아님
카페연교,완산구 중화산동2가,전북특별자치도 전주시 완산구 중화산동2가 764-3,전북특별자치도 전주시 완산구 화산천변3길 19-5,063-222-8385,127.1143861,35.81999558,중화산2동,exact_road_building_match,기존 주택 CSV의 건물 좌표; 음식점 자체 측량 좌표 아님
소옥순여사아바이순대,완산구 중화산동2가,전북특별자치도 전주시 완산구 중화산동2가 585-15,전북특별자치도 전주시 완산구 효자로 321,010-2108-8243,,,,unmatched_address,기존 주택 CSV의 건물 좌표; 음식점 자체 측량 좌표 아님
정가네군산막회,덕진구 산정동,전북특별자치도 전주시 덕진구 산정동 876-1,"전북특별자치도 전주시 덕진구 건산로 300, 1층",063-247-3660,,,,unmatched_address,기존 주택 CSV의 건물 좌표; 음식점 자체 측량 좌표 아님
셀라,완산구 효자동,전북특별자치도 전주시 완산구 효자동가 1432-4,전북특별자치도 전주시 완산구 서곡1길 14-16,0507-1326-7602,127.1005692,35.83540055,효자5동,exact_road_building_match,기존 주택 CSV의 건물 좌표; 음식점 자체 측량 좌표 아님
완도수산이오준야채막회중화산동본부직영,완산구 중화산동2가,전북특별자치도 전주시 완산구 중화산동2가 729-3,전북특별자치도 전주시 완산구 유연로 302,063-221-0093,,,,unmatched_address,기존 주택 CSV의 건물 좌표; 음식점 자체 측량 좌표 아님
기왓집,완산구 다가동1가,전북특별자치도 전주시 완산구 다가동1가 46-3,전북특별자치도 전주시 완산구 전라감영2길 11,063-285-3431,,,,unmatched_address,기존 주택 CSV의 건물 좌표; 음식점 자체 측량 좌표 아님
전주식당,완산구 효자동,전북특별자치도 전주시 완산구 효자동3가 1647-11,전북특별자치도 전주시 완산구 마전1길 18-4,063-221-0046,,,,unmatched_address,기존 주택 CSV의 건물 좌표; 음식점 자체 측량 좌표 아님
홍익궁중전통육개장_덕진점,덕진구 덕진동2가,전북특별자치도 전주시 덕진구 덕진동2가 192-1,전북특별자치도 전주시 덕진구 송천중앙로 12,063-251-6676,,,,unmatched_address,기존 주택 CSV의 건물 좌표; 음식점 자체 측량 좌표 아님
맘은콩밭에,완산구 고사동,전북특별자치도 전주시 완산구 고사동 244-2,전북특별자치도 전주시 완산구 전주객사4길 84-2,063-254-0825,,,,unmatched_address,기존 주택 CSV의 건물 좌표; 음식점 자체 측량 좌표 아님
청년다방_전북도청점,완산구 효자동,전북특별자치도 전주시 완산구 효자동3가 1538-6,전북특별자치도 전주시 완산구 홍산남로 83-19,063-221-2230,,,,unmatched_address,기존 주택 CSV의 건물 좌표; 음식점 자체 측량 좌표 아님
다가수산,완산구 다가동,전북특별자치도 전주시 완산구 다가동3가 22-1,전북특별자치도 전주시 완산구 전주객사2길 15,0507-1329-9333,,,,unmatched_address,기존 주택 CSV의 건물 좌표; 음식점 자체 측량 좌표 아님
연와미당_신관,완산구 효자동1가,전북특별자치도 전주시 완산구 효자동1가 223-9,전북특별자치도 전주시 완산구 백제대로 122,063-222-5007,,,,unmatched_address,기존 주택 CSV의 건물 좌표; 음식점 자체 측량 좌표 아님
백제성_숯불구이_정육식당,완산구 효자동,전북특별자치도 전주시 완산구 효자동3가 1543-1,전북특별자치도 전주시 완산구 홍산2길 5-8,063-221-8592,,,,unmatched_address,기존 주택 CSV의 건물 좌표; 음식점 자체 측량 좌표 아님
수복회관,덕진구 덕진동,전북특별자치도 전주시 덕진구 덕진동2가 199-3,전북특별자치도 전주시 덕진구 덕진연못3길 8,063-275-5806,,,,unmatched_address,기존 주택 CSV의 건물 좌표; 음식점 자체 측량 좌표 아님
신독도참치,완산구 중화산동2가,전북특별자치도 전주시 완산구 중화산동2가 655-3,전북특별자치도 전주시 완산구 영경3길 9,063-229-5882,,,,unmatched_address,기존 주택 CSV의 건물 좌표; 음식점 자체 측량 좌표 아님
고수닭갈비_영화의거리점,완산구 고사동,전북특별자치도 전주시 완산구 고사동 194,전북특별자치도 전주시 완산구 전주객사4길 44-31,063-231-2342,,,,unmatched_address,기존 주택 CSV의 건물 좌표; 음식점 자체 측량 좌표 아님
두남자가맥포차,덕진구 송천동,전북특별자치도 전주시 덕진구 송천동1가 98 102호,전북특별자치도 전주시 덕진구 오송1길 37-5 102호,010-9279-6359,,,,unmatched_address,기존 주택 CSV의 건물 좌표; 음식점 자체 측량 좌표 아님
돈기부여_돈까스전문점,완산구 중화산동2가,전북특별자치도 전주시 완산구 중화산동2가 545,전북특별자치도 전주시 완산구 서원로 274,0507-0090-7665,,,,unmatched_address,기존 주택 CSV의 건물 좌표; 음식점 자체 측량 좌표 아님
어반라운지,덕진구 우아동1가,전북특별자치도 전주시 덕진구 우아동1가 1120-5 4층,전북특별자치도 전주시 덕진구 인교9길 35 4층,0507-1385-5202,,,,unmatched_address,기존 주택 CSV의 건물 좌표; 음식점 자체 측량 좌표 아님
모닥,완산구 효자동,전북특별자치도 전주시 완산구 효자동2가 1236-2,전북특별자치도 전주시 완산구 홍산북로 22,010-7161-0644,,,,unmatched_address,기존 주택 CSV의 건물 좌표; 음식점 자체 측량 좌표 아님
백년족발_송천점,덕진구 송천1동,전북특별자치도 전주시 덕진구 송천동2가 193-34 1층,전북특별자치도 전주시 덕진구 붓내2길 16-1 1층,063-272-5123,,,,unmatched_address,기존 주택 CSV의 건물 좌표; 음식점 자체 측량 좌표 아님
뽀빠이수산시장,덕진구 송천2동,전북특별자치도 전주시 덕진구 송천동2가 1195 1층,전북특별자치도 전주시 덕진구 동부대로 1267 1층,063-276-6644,,,,unmatched_address,기존 주택 CSV의 건물 좌표; 음식점 자체 측량 좌표 아님
해와달_전주효자점,완산구 효자동,전북특별자치도 전주시 완산구 효자동1가 411-9,"전북특별자치도 전주시 완산구 용머리로 9-14, 1층",063-224-6021,127.1113009,35.80645234,효자3동,exact_road_building_match,기존 주택 CSV의 건물 좌표; 음식점 자체 측량 좌표 아님
아귀,덕진구 덕진동,전북특별자치도 전주시 덕진구 덕진동2가 675-8,전북특별자치도 전주시 덕진구 경동로 34,063-252-8400,127.1099436,35.84302923,덕진동,exact_road_building_match,기존 주택 CSV의 건물 좌표; 음식점 자체 측량 좌표 아님
대동국수_아이파크점,완산구 효자동3가,전북특별자치도 전주시 완산구 효자동3가 1609-14,전북특별자치도 전주시 완산구 홍산로 381,0504-820-0790,,,,unmatched_address,기존 주택 CSV의 건물 좌표; 음식점 자체 측량 좌표 아님
공차_전주혁신도시점,덕진구 혁신동,전북특별자치도 전주시 덕진구 혁신동 774-4,전북특별자치도 전주시 덕진구 기지로 66,063-227-1236,,,,unmatched_address,기존 주택 CSV의 건물 좌표; 음식점 자체 측량 좌표 아님
카페인테이크,덕진구 혁신동,전북특별자치도 전주시 덕진구 혁신동 779-12,전북특별자치도 전주시 덕진구 오정1길 22,070-7537-0081,127.0597786,35.83416509,혁신동,exact_road_building_match,기존 주택 CSV의 건물 좌표; 음식점 자체 측량 좌표 아님
팸퍼,덕진구 송천1동,전북특별자치도 전주시 덕진구 송천동1가 701-1,"전북특별자치도 전주시 덕진구 가리내로 546, 1층",063-277-0613,,,,unmatched_address,기존 주택 CSV의 건물 좌표; 음식점 자체 측량 좌표 아님
바이드림,완산구 효자동,전북특별자치도 전주시 완산구 효자동2가 1308-10,전북특별자치도 전주시 완산구 후곡길 11-26,063-236-1105,127.0949723,35.80999146,효자4동,exact_road_building_match,기존 주택 CSV의 건물 좌표; 음식점 자체 측량 좌표 아님
힐스턴커피,완산구 효자동,전북특별자치도 전주시 완산구 효자동3가  1412-4 1층,전북특별자치도 전주시 완산구 서곡5길 13-32 1층,063-277-1302,127.100892,35.83697324,효자5동,exact_road_building_match,기존 주택 CSV의 건물 좌표; 음식점 자체 측량 좌표 아님
오븐제이,완산구 효자5동,전북특별자치도 전주시 완산구 효자동2가 1324-4,전북특별자치도 전주시 완산구 소태정4길 7,063-222-7176,,,,unmatched_address,기존 주택 CSV의 건물 좌표; 음식점 자체 측량 좌표 아님
스타벅스_전주백제대로DT,완산구 중화산동2가,전북특별자치도 전주시 완산구 중화산동2가 648,전북특별자치도 전주시 완산구 백제대로 242,1522-3232,,,,unmatched_address,기존 주택 CSV의 건물 좌표; 음식점 자체 측량 좌표 아님
서가낙지_전주점,완산구 중화산동,전북특별자치도 전주시 완산구 중화산동2가  732-9,전북특별자치도 전주시 완산구 중화산로 156,063-225-5335,,,,unmatched_address,기존 주택 CSV의 건물 좌표; 음식점 자체 측량 좌표 아님
이도생선가,완산구 중화산동2가,전북특별자치도 전주시 완산구 중화산동2가 595-12,전북특별자치도 전주시 완산구 효자로 334,063-223-2076,,,,unmatched_address,기존 주택 CSV의 건물 좌표; 음식점 자체 측량 좌표 아님
커피커플,완산구 효자동,전북특별자치도 전주시 완산구 효자동3가 1159-10,전북특별자치도 전주시 완산구 백마산길 3,063-228-9595,,,,unmatched_address,기존 주택 CSV의 건물 좌표; 음식점 자체 측량 좌표 아님
BBQ치킨_전주효천점,완산구 효자5동,전북특별자치도 전주시 완산구 효자동2가 1377-3 1층 102호,전북특별자치도 전주시 완산구 효천중앙로 51 1층 102호,063-221-4292,,,,unmatched_address,기존 주택 CSV의 건물 좌표; 음식점 자체 측량 좌표 아님
한솥도시락_전북대정문점,덕진구 덕진동,전북특별자치도 전주시 덕진구 덕진동1가 1312-70,전북특별자치도 전주시 덕진구 명륜5길 20,063-252-8555,,,,unmatched_address,기존 주택 CSV의 건물 좌표; 음식점 자체 측량 좌표 아님
카프카,완산구 중앙동4가,전북특별자치도 전주시 완산구 중앙동4가 47-1 2층,전북특별자치도 전주시 완산구 풍남분4길 32 2층,0507-1315-7853,,,,unmatched_address,기존 주택 CSV의 건물 좌표; 음식점 자체 측량 좌표 아님
펭귄네구이구이,완산구 중화산동,전북특별자치도 전주시 완산구 중화산동2가  115,전북특별자치도 전주시 완산구 서원로 291,063-222-7970,,,,unmatched_address,기존 주택 CSV의 건물 좌표; 음식점 자체 측량 좌표 아님
신포우리만두_전북도청점,완산구 효자4동,전북특별자치도 전주시 완산구 효자동2가 1155-3,전북특별자치도 전주시 완산구 홍산남로 52,063-222-7502,,,,unmatched_address,기존 주택 CSV의 건물 좌표; 음식점 자체 측량 좌표 아님
장모님순대국밥,덕진구 송천1동,전북특별자치도 전주시 덕진구 송천동2가 558-3,전북특별자치도 전주시 덕진구 와룡1길 11-4,063-252-0880,,,,unmatched_address,기존 주택 CSV의 건물 좌표; 음식점 자체 측량 좌표 아님
솜리뼈다구탕_전주점,완산구 중화산동2가,전북특별자치도 전주시 완산구 중화산동2가 658-6,전북특별자치도 전주시 완산구 한두평4길 17-3,063-229-8777,,,,unmatched_address,기존 주택 CSV의 건물 좌표; 음식점 자체 측량 좌표 아님
오시롬,덕진구 우아동1가,전북특별자치도 전주시 덕진구 우아동1가 953-6,전북특별자치도 전주시 덕진구 행치길 24-104,0507-1426-5680,,,,unmatched_address,기존 주택 CSV의 건물 좌표; 음식점 자체 측량 좌표 아님
맛나손수제비,덕진구 우아동3가,전북특별자치도 전주시 덕진구 우아동3가 744-12,전북특별자치도 전주시 덕진구 우아9길 10,0507-1303-0180,,,,unmatched_address,기존 주택 CSV의 건물 좌표; 음식점 자체 측량 좌표 아님
다원밥상,완산구 풍남동2가,전북특별자치도 전주시 완산구 풍남동2가 4-4,전북특별자치도 전주시 완산구 동문길 16,010-3445-0149,,,,unmatched_address,기존 주택 CSV의 건물 좌표; 음식점 자체 측량 좌표 아님
열선수돼지국밥_송천점,덕진구 송천동1가,전북특별자치도 전주시 덕진구 송천동1가 831-4,전북특별자치도 전주시 덕진구 두간로 12,063-271-3008,,,,unmatched_address,기존 주택 CSV의 건물 좌표; 음식점 자체 측량 좌표 아님
짬뽕한그릇,덕진구 산정동,전북특별자치도 전주시 덕진구 산정동 873-5,전북특별자치도 전주시 덕진구 건산로 299,063-245-9281,,,,unmatched_address,기존 주택 CSV의 건물 좌표; 음식점 자체 측량 좌표 아님
효자분식,완산구 효자동,전북특별자치도 전주시 완산구 효자동1가 193-7,전북특별자치도 전주시 완산구 용머리로 165,063-225-6103,,,,unmatched_address,기존 주택 CSV의 건물 좌표; 음식점 자체 측량 좌표 아님
벌크커피_전주중화산점,완산구 중화산동2가,전북특별자치도 전주시 완산구 중화산동2가 659-7,전북특별자치도 전주시 완산구 한두평4길 12-5,063-229-0837,,,,unmatched_address,기존 주택 CSV의 건물 좌표; 음식점 자체 측량 좌표 아님
논가마_본점,완산구 효자동,전북특별자치도 전주시 완산구 효자동2가 730,전북특별자치도 전주시 완산구 천잠로 175,063-221-7447,,,,unmatched_address,기존 주택 CSV의 건물 좌표; 음식점 자체 측량 좌표 아님
굽네치킨_서부신시가지점,완산구 효자동2가,전북특별자치도 전주시 완산구 효자동2가 1308-4,전북특별자치도 전주시 완산구 후곡길 23-11,0504-3143-8180,127.0950779,35.8101773,효자4동,exact_road_building_match,기존 주택 CSV의 건물 좌표; 음식점 자체 측량 좌표 아님
뽀글뽀글양푼집,완산구 중화산동2가,전북특별자치도 전주시 완산구 중화산동2가 574-11,전북특별자치도 전주시 완산구 메너머1길 24,063-227-7778,127.1202389,35.82108058,중화산2동,exact_road_building_match,기존 주택 CSV의 건물 좌표; 음식점 자체 측량 좌표 아님
명동쫄면_롯데백화점_전주점,완산구 서신동,전북특별자치도 전주시 완산구 서신동 971 롯데백화점 전주점 지하 1층,전북특별자치도 전주시 완산구 온고을로 2 롯데백화점 전주점 지하 1층,063-289-3054,,,,unmatched_address,기존 주택 CSV의 건물 좌표; 음식점 자체 측량 좌표 아님
국수사랑전사랑,덕진구 송천동,전북특별자치도 전주시 덕진구 송천동1가 348-2 삼정빌딩 1층,전북특별자치도 전주시 덕진구 송천로 25 삼정빌딩 1층,063-272-5292,,,,unmatched_address,기존 주택 CSV의 건물 좌표; 음식점 자체 측량 좌표 아님
콩샌_송천점,덕진구 송천동,전북특별자치도 전주시 덕진구 송천동1가 138-6,전북특별자치도 전주시 덕진구 솔내로 119,063-285-5353,,,,unmatched_address,기존 주택 CSV의 건물 좌표; 음식점 자체 측량 좌표 아님
겐돈소바_서신점,완산구 서신동,전북특별자치도 전주시 완산구 서신동814-1 지하1층,전북특별자치도 전주시 완산구 서신로 57,063-278-2585,,,,unmatched_address,기존 주택 CSV의 건물 좌표; 음식점 자체 측량 좌표 아님
오솔,덕진구 우아동1가,전북특별자치도 전주시 덕진구 우아동1가 1107-3,전북특별자치도 전주시 덕진구 인교로 43,063-247-2317,,,,unmatched_address,기존 주택 CSV의 건물 좌표; 음식점 자체 측량 좌표 아님
원조부안집_전주서신점,완산구 서신동,전북특별자치도 전주시 완산구 서신동 933-4,전북특별자치도 전주시 완산구 새터로 17,010-8793-8789,127.1089746,35.83660883,서신동,exact_road_building_match,기존 주택 CSV의 건물 좌표; 음식점 자체 측량 좌표 아님
샐디치,완산구 효자5동,전북특별자치도 전주시 완산구 효자동3가 1730-4,전북특별자치도 전주시 완산구 용호로 107,063-909-9252,127.0968509,35.8127745,효자4동,exact_road_building_match,기존 주택 CSV의 건물 좌표; 음식점 자체 측량 좌표 아님
듀숑,완산구 고사동,전북특별자치도 전주시 완산구 고사동 427-6,전북특별자치도 전주시 완산구 전주객사3길 26-7,063-231-4220,,,,unmatched_address,기존 주택 CSV의 건물 좌표; 음식점 자체 측량 좌표 아님
올소,덕진구 송천동,전북특별자치도 전주시 덕진구 송천동1가 822-3,전북특별자치도 전주시 덕진구 두간5길 4-15,070-7783-9037,,,,unmatched_address,기존 주택 CSV의 건물 좌표; 음식점 자체 측량 좌표 아님
청년다방_전주송천점,덕진구 송천2동,"전북특별자치도 전주시 덕진구 송천동2가 202-27, 1-101","전북특별자치도 전주시 덕진구 천마산로 55, 1-101",063-251-6565,,,,unmatched_address,기존 주택 CSV의 건물 좌표; 음식점 자체 측량 좌표 아님
이춘봉인생치킨_전주효자점,완산구 효자동,전북특별자치도 전주시 완산구 효자동3가 1538-3 1층 101호,전북특별자치도 전주시 완산구 홍산북로 84-20 1층 101호,063-226-9222,,,,unmatched_address,기존 주택 CSV의 건물 좌표; 음식점 자체 측량 좌표 아님
미쓰족발_전주혁신도시점,덕진구 혁신동,전북특별자치도 전주시 덕진구 혁신동 785-11,전북특별자치도 전주시 덕진구 오정2길 19,063-221-7123,127.0613645,35.83430111,혁신동,exact_road_building_match,기존 주택 CSV의 건물 좌표; 음식점 자체 측량 좌표 아님
커피퐁당,완산구 중화산동2가,전북특별자치도 전주시 완산구 중화산동2가 780-4 2층,전북특별자치도 전주시 완산구 신촌3길 10 2층,063-226-3311,,,,unmatched_address,기존 주택 CSV의 건물 좌표; 음식점 자체 측량 좌표 아님
메이드,덕진구 혁신동,전북특별자치도 전주시 덕진구 만성동 1353-5 1층 101호,전북특별자치도 전주시 덕진구 만성북2길 7 1층 101호,0507-1330-2499,127.0758576,35.84922405,여의동,exact_road_building_match,기존 주택 CSV의 건물 좌표; 음식점 자체 측량 좌표 아님
효자할매집곰탕,완산구 효자동1가,전북특별자치도 전주시 완산구 효자동1가 358-26,전북특별자치도 전주시 완산구 서원로 199,063-236-7733,,,,unmatched_address,기존 주택 CSV의 건물 좌표; 음식점 자체 측량 좌표 아님
송가네생선조림구이,완산구 서신동,전북특별자치도 전주시 완산구 서신동 939-3,전북특별자치도 전주시 완산구 고사평4길 15,063-901-8368,,,,unmatched_address,기존 주택 CSV의 건물 좌표; 음식점 자체 측량 좌표 아님
무지개가든_안행점,완산구 효자동,전북특별자치도 전주시 완산구 효자동1가 687-6,전북특별자치도 전주시 완산구 안행로 53,063-229-8859,127.1335205,35.80178002,효자1동,exact_road_building_match,기존 주택 CSV의 건물 좌표; 음식점 자체 측량 좌표 아님
전주전집,완산구 풍남동,전북특별자치도 전주시 완산구 풍남동2가 21-4,전북특별자치도 전주시 완산구 동문길 36,0507-1303-6513,,,,unmatched_address,기존 주택 CSV의 건물 좌표; 음식점 자체 측량 좌표 아님
완산성순대,완산구 효자4동,전북특별자치도 전주시 완산구 효자동2가 1306-1,전북특별자치도 전주시 완산구 후곡길 31-25,063-227-5066,,,,unmatched_address,기존 주택 CSV의 건물 좌표; 음식점 자체 측량 좌표 아님
차차키친,완산구 효자동3가,전북특별자치도 전주시 완산구 효자동3가 1725-11 누리울 1층,전북특별자치도 전주시 완산구 봉곡2길 27 누리울 1층,0507-1389-6537,127.0947189,35.81261992,효자4동,exact_road_building_match,기존 주택 CSV의 건물 좌표; 음식점 자체 측량 좌표 아님
리틀하노이베트남쌀국수_혁신점,덕진구 혁신동,전북특별자치도 전주시 덕진구 혁신동 776-14,전북특별자치도 전주시 덕진구 오공로 43-17,0507-1442-0926,,,,unmatched_address,기존 주택 CSV의 건물 좌표; 음식점 자체 측량 좌표 아님
이디야커피_중산점,완산구 중화산동2가,전북특별자치도 전주시 완산구 중화산동2가 613-9,전북특별자치도 전주시 완산구 중산중앙로7,063-229-2824,,,,unmatched_address,기존 주택 CSV의 건물 좌표; 음식점 자체 측량 좌표 아님
택이네조개전골_전주신시가지점,완산구 효자동,전북특별자치도 전주시 완산구 효자동3가 1630-4,전북특별자치도 전주시 완산구 마전3길 2,0507-1483-3852,,,,unmatched_address,기존 주택 CSV의 건물 좌표; 음식점 자체 측량 좌표 아님
춘포집,완산구 서신동,전북특별자치도 전주시 완산구 서신동 1015-10,전북특별자치도 전주시 완산구 고사평5길 18-6,063-246-9031,,,,unmatched_address,기존 주택 CSV의 건물 좌표; 음식점 자체 측량 좌표 아님
태조국수,완산구 중화산동2가,전북특별자치도 전주시 완산구 중화산동2가 753-8,전북특별자치도 전주시 완산구 화산천변4길 3,063-227-0407,,,,unmatched_address,기존 주택 CSV의 건물 좌표; 음식점 자체 측량 좌표 아님
홍익궁중전통육개장_전주혁신점,덕진구 혁신동,전북특별자치도 전주시 덕진구 혁신동 779-4,전북특별자치도 전주시 덕진구 오정1길 8,063-237-3690,127.0601252,35.83531529,혁신동,exact_road_building_match,기존 주택 CSV의 건물 좌표; 음식점 자체 측량 좌표 아님
그라비,완산구 서신동,전북특별자치도 전주시 완산구 서신동 840-7 1층,전북특별자치도 전주시 완산구 서신천변6길 20,010-7397-7135,127.1153111,35.82811388,서신동,exact_road_building_match,기존 주택 CSV의 건물 좌표; 음식점 자체 측량 좌표 아님
카페맘마,완산구 효자동2가,전북특별자치도 전주시 완산구 효자동2가 1253-7 1층,전북특별자치도 전주시 완산구 봉곡3길 28-1 1층,0507-1377-9790,127.1000629,35.81196199,효자4동,exact_road_building_match,기존 주택 CSV의 건물 좌표; 음식점 자체 측량 좌표 아님
고하우스,완산구 효자5동,전북특별자치도 전주시 완산구 효자동2가 1229-10,전북특별자치도 전주시 완산구 홍산북로 11-10,063-223-6554,,,,unmatched_address,기존 주택 CSV의 건물 좌표; 음식점 자체 측량 좌표 아님
소부당카페_효자점,완산구 효자동3가,전북특별자치도 전주시 완산구 효자동3가 1642-24,전북특별자치도 전주시 완산구 우전로 319,063-228-1577,,,,unmatched_address,기존 주택 CSV의 건물 좌표; 음식점 자체 측량 좌표 아님
한옥마을커피로드,완산구 풍남동,전북특별자치도 전주시 완산구 풍남동2가 24,전북특별자치도 전주시 완산구 동문길 33,063-284-4548,,,,unmatched_address,기존 주택 CSV의 건물 좌표; 음식점 자체 측량 좌표 아님
엄니김밥,덕진구 덕진동,전북특별자치도 전주시 덕진구 덕진동2가 675-8 1층,"전북특별자치도 전주시 덕진구 경동로 34, 1층",063-272-3352,127.1099436,35.84302923,덕진동,exact_road_building_match,기존 주택 CSV의 건물 좌표; 음식점 자체 측량 좌표 아님
피자헛_전주효자점,완산구 효자동,전북특별자치도 전주시 완산구 효자동1가 298-4,전북특별자치도 전주시 완산구 용머리로 105,063-244-1588,,,,unmatched_address,기존 주택 CSV의 건물 좌표; 음식점 자체 측량 좌표 아님
짜장일번지,완산구 서신동,전북특별자치도 전주시 완산구 서신동 860-8,전북특별자치도 전주시 완산구 전룡로 40,063-255-2164,127.1172967,35.82642732,서신동,exact_road_building_match,기존 주택 CSV의 건물 좌표; 음식점 자체 측량 좌표 아님
가맥에꼬치다,완산구 고사동,전북특별자치도 전주시 완산구 고사동 423-1 1층,"전북특별자치도 전주시 완산구 전주객사3길 12-27, 1층",010-7653-9685,,,,unmatched_address,기존 주택 CSV의 건물 좌표; 음식점 자체 측량 좌표 아님
블레드전주아중점,덕진구 우아동1가,전북특별자치도 전주시 덕진구 우아동1가 1114-1,전북특별자치도 전주시 덕진구 아중로 236,0507-1392-1010,,,,unmatched_address,기존 주택 CSV의 건물 좌표; 음식점 자체 측량 좌표 아님
신황태가맥,완산구 효자동,전북특별자치도 전주시 완산구 효자동1가 369-21,전북특별자치도 전주시 완산구 거마평로 197,063-224-4222,,,,unmatched_address,기존 주택 CSV의 건물 좌표; 음식점 자체 측량 좌표 아님
안스카페,덕진구 우아동3가,전북특별자치도 전주시 덕진구 우아동3가 347,전북특별자치도 전주시 덕진구 동부대로 585,063-247-7118,,,,unmatched_address,기존 주택 CSV의 건물 좌표; 음식점 자체 측량 좌표 아님
데이지,완산구 효자동3가,전북특별자치도 전주시 완산구 효자동3가 1680-1,전북특별자치도 전주시 완산구 배학4길2,0507-1469-8841,,,,unmatched_address,기존 주택 CSV의 건물 좌표; 음식점 자체 측량 좌표 아님
카페인히얼,완산구 중화산동,전북특별자치도 전주시 완산구 중화산동2가 634,전북특별자치도 전주시 완산구 중산2길 2,063-902-4637,127.1205852,35.81435196,중화산2동,exact_road_building_match,기존 주택 CSV의 건물 좌표; 음식점 자체 측량 좌표 아님
포차천국_전북대점,덕진구 덕진동,전북특별자치도 전주시 덕진구 덕진동1가 1277-2 1층,전북특별자치도 전주시 덕진구 명륜5길 15-5 1층,063-5413-8493,,,,unmatched_address,기존 주택 CSV의 건물 좌표; 음식점 자체 측량 좌표 아님
촌댁맥주_효자점,완산구 효자5동,전북특별자치도 전주시 완산구 효자동2가 1332-2 101~2호,전북특별자치도 전주시 완산구 우전1길 49-3 101~2호,010-9887-7001,,,,unmatched_address,기존 주택 CSV의 건물 좌표; 음식점 자체 측량 좌표 아님
피자컴퍼니_효자점,완산구 효자동,전북특별자치도 전주시 완산구 효자동1가 444-2,전북특별자치도 전주시 완산구 거마평로 147,063-228-9983,,,,unmatched_address,기존 주택 CSV의 건물 좌표; 음식점 자체 측량 좌표 아님
땡벌정육식당,덕진구 우아동1가,전북특별자치도 전주시 덕진구 우아동1가 1119-7,전북특별자치도 전주시 덕진구 인교9길 21-4,063-241-0706,,,,unmatched_address,기존 주택 CSV의 건물 좌표; 음식점 자체 측량 좌표 아님
착한낙지_전주점,덕진구 송천1동,전북특별자치도 전주시 덕진구 송천동2가 527-18,전북특별자치도 전주시 덕진구 송천중앙로 193,063-254-5001,,,,unmatched_address,기존 주택 CSV의 건물 좌표; 음식점 자체 측량 좌표 아님
이삭토스트_에코세병호점,덕진구 송천1동,전북특별자치도 전주시 덕진구 송천동2가 1299-6 어썸빌딩 1층 103호,전북특별자치도 전주시 덕진구 세병로 174-9 어썸빌딩 1층 103호,063-909-8111,,,,unmatched_address,기존 주택 CSV의 건물 좌표; 음식점 자체 측량 좌표 아님
도원김밥_만성점,덕진구 혁신동,전북특별자치도 전주시 덕진구 만성동 1373-2 1층,전북특별자치도 전주시 덕진구 만성중앙로 49 1층,0507-1385-1330,,,,unmatched_address,기존 주택 CSV의 건물 좌표; 음식점 자체 측량 좌표 아님
BHC치킨_효자신도시점,완산구 효자동,전북특별자치도 전주시 완산구 효자동2가 1331-3,전북특별자치도 전주시 완산구 우전1길 53,063-229-5711,127.1056604,35.80848753,효자4동,exact_road_building_match,기존 주택 CSV의 건물 좌표; 음식점 자체 측량 좌표 아님
웰바베큐족발,덕진구 송천1동,전북특별자치도 전주시 덕진구 송천동2가 529-5,전북특별자치도 전주시 덕진구 붓내1길 5,063-255-2233,,,,unmatched_address,기존 주택 CSV의 건물 좌표; 음식점 자체 측량 좌표 아님
구식커피앤드링스,완산구 중화산동2가,전북특별자치도 전주시 완산구 중화산동2가 734-18,전북특별자치도 전주시 완산구 메너머3길 30-19,063-221-3019,127.1193278,35.82445391,중화산2동,exact_road_building_match,기존 주택 CSV의 건물 좌표; 음식점 자체 측량 좌표 아님
두메산골촌닭,완산구 서신동,전북특별자치도 전주시 완산구 서신동 926-9,전북특별자치도 전주시 완산구 고사평로 32,063-276-2226,127.1101404,35.83671106,서신동,exact_road_building_match,기존 주택 CSV의 건물 좌표; 음식점 자체 측량 좌표 아님
루트120,완산구 효자3동,전북특별자치도 전주시 완산구 효자동1가 222-1,전북특별자치도 전주시 완산구 백제대로 120,063-222-0120,,,,unmatched_address,기존 주택 CSV의 건물 좌표; 음식점 자체 측량 좌표 아님
독도수산,완산구 효자동,전북특별자치도 전주시 완산구 효자동3가 1480-1,전북특별자치도 전주시 완산구 서곡7길 1,0507-1310-4002,,,,unmatched_address,기존 주택 CSV의 건물 좌표; 음식점 자체 측량 좌표 아님
변산반도횟집,완산구 중화산동2가,전북특별자치도 전주시 완산구 중화산동2가 597-8,전북특별자치도 전주시 완산구 중산6길 15-6,050-7744-3383,,,,unmatched_address,기존 주택 CSV의 건물 좌표; 음식점 자체 측량 좌표 아님
맥주공장_효천점,완산구 효자5동,전북특별자치도 전주시 완산구 효자동2가 1377-3 1층 101호,전북특별자치도 전주시 완산구 효천중앙로 51 1층 101호,063-224-0070,,,,unmatched_address,기존 주택 CSV의 건물 좌표; 음식점 자체 측량 좌표 아님
오색김밥반찬,완산구 효자동1가,"전북특별자치도 전주시 완산구 효자동1가 652, 114호",전북특별자치도 전주시 완산구 거마평로127 상산타운 114호,063-284-8282,,,,unmatched_address,기존 주택 CSV의 건물 좌표; 음식점 자체 측량 좌표 아님
태양관,완산구 태평동,전북특별자치도 전주시 완산구 태평동 218-2,전북특별자치도 전주시 완산구 태평1길 41,063-252-0095,,,,unmatched_address,기존 주택 CSV의 건물 좌표; 음식점 자체 측량 좌표 아님
태풍화,완산구 서신동,전북특별자치도 전주시 완산구 서신동 859-7,전북특별자치도 전주시 완산구 전룡2길 9,063-273-2992,,,,unmatched_address,기존 주택 CSV의 건물 좌표; 음식점 자체 측량 좌표 아님
목살집,덕진구 혁신동,전북특별자치도 전주시 덕진구 혁신동 777-5,전북특별자치도 전주시 덕진구 오공로 43-34,0504-2015-1004,,,,unmatched_address,기존 주택 CSV의 건물 좌표; 음식점 자체 측량 좌표 아님
손수짜글이,완산구 중화산동,전북특별자치도 전주시 완산구 중화산동2가 776-8 1층,전북특별자치도 전주시 완산구 신촌4길 6-5 1층,063-228-6777,,,,unmatched_address,기존 주택 CSV의 건물 좌표; 음식점 자체 측량 좌표 아님
르뤼땡블랑제리_에코시티점,덕진구 송천동,전북특별자치도 전주시 덕진구 송천동2가 1323-3 1층,전북특별자치도 전주시 덕진구 백석동로 13 1층,063-255-3400,,,,unmatched_address,기존 주택 CSV의 건물 좌표; 음식점 자체 측량 좌표 아님
롯데리아_전주혁신점,덕진구 혁신동,전북특별자치도 전주시 덕진구 혁신동 774-5,전북특별자치도 전주시 덕진구 안전로 154,063-229-8235,,,,unmatched_address,기존 주택 CSV의 건물 좌표; 음식점 자체 측량 좌표 아님
오늘나의선물꽃카페,완산구 효자동,전북특별자치도 전주시 완산구 효자동3가 1533-3 6층,전북특별자치도 전주시 완산구 홍산북로 46-21 6층,010-3459-4789,,,,unmatched_address,기존 주택 CSV의 건물 좌표; 음식점 자체 측량 좌표 아님
일송정,완산구 중화산동2가,전북특별자치도 전주시 완산구 중화산동2가 441-1,전북특별자치도 전주시 완산구 중화산로 49,063-223-9393,,,,unmatched_address,기존 주택 CSV의 건물 좌표; 음식점 자체 측량 좌표 아님
다사랑치킨피자_송천2호점,덕진구 송천1동,전북특별자치도 전주시 덕진구 송천동1가 833-1,전북특별자치도 전주시 덕진구 시천로 58,063-277-9233,,,,unmatched_address,기존 주택 CSV의 건물 좌표; 음식점 자체 측량 좌표 아님
팔공티_전주만성점,덕진구 만성동,전북특별자치도 전주시 덕진구 만성동 1261-1,전북특별자치도 전주시 덕진구 만성중앙로 56,063-212-8088,,,,unmatched_address,기존 주택 CSV의 건물 좌표; 음식점 자체 측량 좌표 아님
브루잉스테이션,완산구 효자5동,전북특별자치도 전주시 완산구 효자동2가 1198-7,전북특별자치도 전주시 완산구 소태정5길 22-4,010-2959-7587,,,,unmatched_address,기존 주택 CSV의 건물 좌표; 음식점 자체 측량 좌표 아님
왓쇼이_우아점,덕진구 우아2동,전북특별자치도 전주시 덕진구 우아동2가 920-3,전북특별자치도 전주시 덕진구 정언신로 178,063-246-6442,,,,unmatched_address,기존 주택 CSV의 건물 좌표; 음식점 자체 측량 좌표 아님
순정닭발_신시가지점,완산구 효자5동,전북특별자치도 전주시 완산구 효자동2가 1155-4 1층,전북특별자치도 전주시 완산구 홍산남로 54 1층,063-225-3401,,,,unmatched_address,기존 주택 CSV의 건물 좌표; 음식점 자체 측량 좌표 아님
메가엠지씨커피_전주삼천점,완산구 효자3동,전북특별자치도 전주시 완산구 효자동1가 669-11,전북특별자치도 전주시 완산구 용리로 55,063-222-7933,,,,unmatched_address,기존 주택 CSV의 건물 좌표; 음식점 자체 측량 좌표 아님
설빙_서신동점,완산구 서신동,"전북특별자치도 전주시 완산구 서신동 784-1, 2층","전북특별자치도 전주시 완산구 당산로114, 2층",063-255-0077,,,,unmatched_address,기존 주택 CSV의 건물 좌표; 음식점 자체 측량 좌표 아님
미스터꽉찬만두김밥,덕진구 송천동,전북특별자치도 전주시 덕진구 송천동1가 143-26,전북특별자치도 전주시 덕진구 솔내로 128,063-275-3690,,,,unmatched_address,기존 주택 CSV의 건물 좌표; 음식점 자체 측량 좌표 아님
청춘당꽈배기_전주대점,완산구 효자5동,전북특별자치도 전주시 완산구 효자동3가 1070,전북특별자치도 전주시 완산구 효자로 6,063-226-1900,,,,unmatched_address,기존 주택 CSV의 건물 좌표; 음식점 자체 측량 좌표 아님
파인트리,완산구 효자동,전북특별자치도 전주시 완산구 효자동2가 156-4,전북특별자치도 전주시 완산구 우전2길 45,063-228-0062,,,,unmatched_address,기존 주택 CSV의 건물 좌표; 음식점 자체 측량 좌표 아님
본죽&비빔밥cafe_전주솔내점,덕진구 송천2동,전북특별자치도 전주시 덕진구 송천동1가 833-6,전북특별자치도 전주시 덕진구 시천로 48,063-274-6288,,,,unmatched_address,기존 주택 CSV의 건물 좌표; 음식점 자체 측량 좌표 아님
대복식당,완산구 중화산동2가,전북특별자치도 전주시 완산구 중화산동2가 735-8,전북특별자치도 전주시 완산구 메너머3길 34,063-288-2368,,,,unmatched_address,기존 주택 CSV의 건물 좌표; 음식점 자체 측량 좌표 아님
빽다방_전주에코시티점,덕진구 송천1동,전북특별자치도 전주시 덕진구 송천동2가 1326-4,"전북특별자치도 전주시 덕진구 세병로 22, 1층 103호",063-275-5632,,,,unmatched_address,기존 주택 CSV의 건물 좌표; 음식점 자체 측량 좌표 아님
이쪽저쪽,덕진구 덕진동2가,전북특별자치도 전주시 덕진구 덕진동2가 660-1,전북특별자치도 전주시 덕진구 가리내3길 9,063-252-1919,127.1106342,35.84635703,덕진동,exact_road_building_match,기존 주택 CSV의 건물 좌표; 음식점 자체 측량 좌표 아님
명동닭발,완산구 서신동,전북특별자치도 전주시 완산구 서신동 799-5 1층,전북특별자치도 전주시 완산구 서신천변15길 11-8 1층,010-3270-8383,,,,unmatched_address,기존 주택 CSV의 건물 좌표; 음식점 자체 측량 좌표 아님
기찻길옆오막살이,덕진구 우아동1가,전북특별자치도 전주시 덕진구 우아동1가 1114-5,전북특별자치도 전주시 덕진구 인교9길 71,0507-1404-5870,,,,unmatched_address,기존 주택 CSV의 건물 좌표; 음식점 자체 측량 좌표 아님
송림일식,완산구 중앙동2가,전북특별자치도 전주시 완산구 중앙동2가 43-3,전북특별자치도 전주시 완산구 전라감영3길 12-9,063-287-0854,,,,unmatched_address,기존 주택 CSV의 건물 좌표; 음식점 자체 측량 좌표 아님
수타5900,완산구 효자동1가,전북특별자치도 전주시 완산구 효자동1가 667-1,전북특별자치도 전주시 완산구 효자천변1길 26-13,063-225-5911,127.1141169,35.79921932,효자3동,exact_road_building_match,기존 주택 CSV의 건물 좌표; 음식점 자체 측량 좌표 아님
주유소가맥,완산구 효자5동,전북특별자치도 전주시 완산구 효자동2가 1155-3,전북특별자치도 전주시 완산구 홍산남로 52,063-228-2025,,,,unmatched_address,기존 주택 CSV의 건물 좌표; 음식점 자체 측량 좌표 아님
맛스넥하우스_전주점,완산구 풍남동,전북특별자치도 전주시 완산구 풍남동1가 15-1,전북특별자치도 전주시 완산구 경기전길 15,063-286-2860,,,,unmatched_address,기존 주택 CSV의 건물 좌표; 음식점 자체 측량 좌표 아님
60계치킨_송천점,덕진구 송천동,전북특별자치도 전주시 덕진구 송천동1가 98-1 104호,전북특별자치도 전주시 덕진구 오송1길 37-7 104호,063-275-6092,,,,unmatched_address,기존 주택 CSV의 건물 좌표; 음식점 자체 측량 좌표 아님
복이네고깃집,덕진구 덕진동2가,전북특별자치도 전주시 덕진구 덕진동2가 678-1,전북특별자치도 전주시 덕진구 가리내9길 13,0507-1368-8407,127.1103414,35.84278264,덕진동,exact_road_building_match,기존 주택 CSV의 건물 좌표; 음식점 자체 측량 좌표 아님
아리랑국수,완산구 서신동,전북특별자치도 전주시 완산구 서신동 859-6,전북특별자치도 전주시 완산구 전룡2길 11,063-255-3399,,,,unmatched_address,기존 주택 CSV의 건물 좌표; 음식점 자체 측량 좌표 아님
커피모아,완산구 효자3동,전북특별자치도 전주시 완산구 효자동3가 1727-1,전북특별자치도 전주시 완산구 봉곡2길 12,063-227-6482,127.0957839,35.81336694,효자4동,exact_road_building_match,기존 주택 CSV의 건물 좌표; 음식점 자체 측량 좌표 아님
도현한식당,덕진구 만성동,전북특별자치도 전주시 덕진구 만성동 1169-3,전북특별자치도 전주시 덕진구 월방3길 26-10,063-228-6652,127.0690566,35.83501199,여의동,exact_road_building_match,기존 주택 CSV의 건물 좌표; 음식점 자체 측량 좌표 아님
1964금이정,완산구 효자5동,전북특별자치도 전주시 완산구 효자동3가 1528-10 2층,전북특별자치도 전주시 완산구 홍산북로 83-17 2층,063-236-0303,,,,unmatched_address,기존 주택 CSV의 건물 좌표; 음식점 자체 측량 좌표 아님
은쟁반커피,완산구 효자5동,전북특별자치도 전주시 완산구 효자동3가 1595-9,전북특별자치도 전주시 완산구 황강서원로 39,063-223-0357,127.1015874,35.82884853,효자5동,exact_road_building_match,기존 주택 CSV의 건물 좌표; 음식점 자체 측량 좌표 아님
역전할머니맥주_전주대점,완산구 효자동2가,전북특별자치도 전주시 완산구 효자동2가 1306-2,전북특별자치도 전주시 완산구 후곡길 31-19,063-232-7624,127.0946326,35.81143275,효자4동,exact_road_building_match,기존 주택 CSV의 건물 좌표; 음식점 자체 측량 좌표 아님
어컵어데이,덕진구 송천동,전북특별자치도 전주시 덕진구 송천동1가 819-7,전북특별자치도 전주시 덕진구 용소로 91,070-8770-5600,,,,unmatched_address,기존 주택 CSV의 건물 좌표; 음식점 자체 측량 좌표 아님
수타피자_서신중화산점,완산구 서신동,전북특별자치도 전주시 완산구 서신동 803-5,전북특별자치도 전주시 완산구 서신천변12길 3,063-278-5924,,,,unmatched_address,기존 주택 CSV의 건물 좌표; 음식점 자체 측량 좌표 아님
파파엘,완산구 서신동,"전북특별자치도 전주시 완산구 서신동 800-5 , 1층",전북특별자치도 전주시 완산구 서신천변15길 7-8,063-277-6889,,,,unmatched_address,기존 주택 CSV의 건물 좌표; 음식점 자체 측량 좌표 아님
스펠바운드,완산구 중앙동2가,전북특별자치도 전주시 완산구 중앙동2가 55-2,전북특별자치도 전주시 완산구 전라감영4길 13,0507-1433-6603,,,,unmatched_address,기존 주택 CSV의 건물 좌표; 음식점 자체 측량 좌표 아님
엄마손맛집짜글이,완산구 효자동,전북특별자치도 전주시 완산구 효자동3가 1667-7,전북특별자치도 전주시 완산구 마전들로 55,063-222-0166,,,,unmatched_address,기존 주택 CSV의 건물 좌표; 음식점 자체 측량 좌표 아님
샤브향_송천점,덕진구 송천동2가,전북특별자치도 전주시 덕진구 송천동2가 202-31 2층,전북특별자치도 전주시 덕진구 천마산로 67 2층,0507-1478-3636,,,,unmatched_address,기존 주택 CSV의 건물 좌표; 음식점 자체 측량 좌표 아님
고기한점_전주효자점,완산구 효자5동,전북특별자치도 전주시 완산구 효자동3가 1529-10,전북특별자치도 전주시 완산구 홍산북로 57,063-221-3390,,,,unmatched_address,기존 주택 CSV의 건물 좌표; 음식점 자체 측량 좌표 아님
메가엠지씨커피전주_에코시티점,덕진구 송천동,전북특별자치도 전주시 덕진구 송천동2가 1299-9,전북특별자치도 전주시 덕진구 세병로 178-4,0507-1319-9121,,,,unmatched_address,기존 주택 CSV의 건물 좌표; 음식점 자체 측량 좌표 아님
수울술,완산구 효자5동,전북특별자치도 전주시 완산구 효자동3가 1435-8,전북특별자치도 전주시 완산구 서곡로 67-1,063-273-4986,127.1010231,35.83504948,효자5동,exact_road_building_match,기존 주택 CSV의 건물 좌표; 음식점 자체 측량 좌표 아님
킹스타피자_평화점,완산구 평화동,전북특별자치도 전주시 완산구 평화동2가 259-12 상가동 107호,전북특별자치도 전주시 완산구 모악로 4715 상가동 107호,063-236-5006,,,,unmatched_address,기존 주택 CSV의 건물 좌표; 음식점 자체 측량 좌표 아님
김씨네순대국밥,완산구 효자동,전북특별자치도 전주시 완산구 효자동2가 1243-16,전북특별자치도 전주시 완산구 바우배기1길 17,063-223-2210,,,,unmatched_address,기존 주택 CSV의 건물 좌표; 음식점 자체 측량 좌표 아님
돼지잔치,완산구 효자동1가,전북특별자치도 전주시 완산구 효자동1가 108-2,전북특별자치도 전주시 완산구 효동3길 9,063-222-2353,,,,unmatched_address,기존 주택 CSV의 건물 좌표; 음식점 자체 측량 좌표 아님
마타비,완산구 중앙동,전북특별자치도 전주시 완산구 중앙동3가 28-2 2층,전북특별자치도 전주시 완산구 전라감영4길16-1 2층,0507-1342-5343,,,,unmatched_address,기존 주택 CSV의 건물 좌표; 음식점 자체 측량 좌표 아님
뿌사리_전주본점,완산구 효자5동,전북특별자치도 전주시 완산구 효자동3가 1529-8,전북특별자치도 전주시 완산구 홍산북로 59-7,063-227-8690,,,,unmatched_address,기존 주택 CSV의 건물 좌표; 음식점 자체 측량 좌표 아님
굽네치킨_전주서신점,완산구 서신동,전북특별자치도 전주시 완산구 서신동 860-1,전북특별자치도 전주시 완산구 전룡로 28,063-274-9294,,,,unmatched_address,기존 주택 CSV의 건물 좌표; 음식점 자체 측량 좌표 아님
소금인형,완산구 풍남동,전북특별자치도 전주시 완산구 경원동2가 25-2 2층,전북특별자치도 전주시 완산구 동문길 71 2층,010-3656-1011,,,,unmatched_address,기존 주택 CSV의 건물 좌표; 음식점 자체 측량 좌표 아님
전래동화_전주신시가지점,완산구 효자4동,전북특별자치도 전주시 완산구 효자동2가 1307-1,전북특별자치도 전주시 완산구 후곡길 31,063-223-7759,127.0949818,35.81144185,효자4동,exact_road_building_match,기존 주택 CSV의 건물 좌표; 음식점 자체 측량 좌표 아님
엔엔에프,완산구 다가동4가,전북특별자치도 전주시 완산구 다가동4가 80-2,전북특별자치도 전주시 완산구 전주객사2길 59-3,0507-1444-8486,,,,unmatched_address,기존 주택 CSV의 건물 좌표; 음식점 자체 측량 좌표 아님
미아뜨,완산구 중화산동2가,전북특별자치도 전주시 완산구 중화산동2가 266-39,전북특별자치도 전주시 완산구 영선로 7-24,0507-1418-5042,,,,unmatched_address,기존 주택 CSV의 건물 좌표; 음식점 자체 측량 좌표 아님
닭튀남,덕진구 우아동2가,전북특별자치도 전주시 덕진구 우아동2가 915-17,전북특별자치도 전주시 덕진구 아중1길 2,063-247-7778,,,,unmatched_address,기존 주택 CSV의 건물 좌표; 음식점 자체 측량 좌표 아님
명기주막,완산구 효자동1가,전북특별자치도 전주시 완산구 효자동1가 554,전북특별자치도 전주시 완산구 성지산3길 21,063-237-0831,,,,unmatched_address,기존 주택 CSV의 건물 좌표; 음식점 자체 측량 좌표 아님
사선대또랑장어,덕진구 송천1동,전북특별자치도 전주시 덕진구 송천동1가 814-1,전북특별자치도 전주시 덕진구 두간로 46-1,063-262-0060,,,,unmatched_address,기존 주택 CSV의 건물 좌표; 음식점 자체 측량 좌표 아님
전주술로시티,완산구 풍남동,전북특별자치도 전주시 완산구 풍남동2가 29-2,전북특별자치도 전주시 완산구 한지길 22,070-4067-3338,,,,unmatched_address,기존 주택 CSV의 건물 좌표; 음식점 자체 측량 좌표 아님
리빙헛_서신점,완산구 서신동,전북특별자치도 전주시 완산구 서신동 791-3,전북특별자치도 전주시 완산구 감나무로 61-13,063-224-8929,,,,unmatched_address,기존 주택 CSV의 건물 좌표; 음식점 자체 측량 좌표 아님
장원중화요리,덕진구 만성동,전북특별자치도 전주시 덕진구 만성동 1169-5,전북특별자치도 전주시 덕진구 월방3길 26-14,063-236-9991,127.0693795,35.83498269,여의동,exact_road_building_match,기존 주택 CSV의 건물 좌표; 음식점 자체 측량 좌표 아님
채선당_플러스_서신점,완산구 서신동,전북특별자치도 전주시 완산구 서신동 775 삼성전자,전북특별자치도 전주시 완산구 백제대로 422 삼성전자,063-272-2952,,,,unmatched_address,기존 주택 CSV의 건물 좌표; 음식점 자체 측량 좌표 아님
원조뽀글뽀글양푼집,완산구 효자5동,전북특별자치도 전주시 완산구 효자동3가 1450-1,전북특별자치도 전주시 완산구 서곡1길 15,010-6739-8910,127.0994608,35.83533297,효자5동,exact_road_building_match,기존 주택 CSV의 건물 좌표; 음식점 자체 측량 좌표 아님
솜씨,완산구 중화산동,전북특별자치도 전주시 완산구 중화산동1가 303-7 102호,전북특별자치도 전주시 완산구 서원로 356-1 102호,063-285-9933,,,,unmatched_address,기존 주택 CSV의 건물 좌표; 음식점 자체 측량 좌표 아님
라멘81번옥,완산구 효자동,전북특별자치도 전주시 완산구 효자동2가 1154-1,전북특별자치도 전주시 완산구 홍산로 246,063-224-8110,,,,unmatched_address,기존 주택 CSV의 건물 좌표; 음식점 자체 측량 좌표 아님
민들레찐빵만두,완산구 효자동,전북특별자치도 전주시 완산구 효자동1가 445-1,전북특별자치도 전주시 완산구 거마평로 145,063-224-7776,,,,unmatched_address,기존 주택 CSV의 건물 좌표; 음식점 자체 측량 좌표 아님
도미노피자_전주효자점,완산구 효자동,전북특별자치도 전주시 완산구 효자동1가 549-5,전북특별자치도 전주시 완산구 백제대로 133,063-222-3480,,,,unmatched_address,기존 주택 CSV의 건물 좌표; 음식점 자체 측량 좌표 아님
명품짬뽕_송천점,덕진구 송천1동,전북특별자치도 전주시 덕진구 송천동2가 468-5,전북특별자치도 전주시 덕진구 송천중앙로 234,063-252-6663,,,,unmatched_address,기존 주택 CSV의 건물 좌표; 음식점 자체 측량 좌표 아님
드롭탑_전주씨지브이점,완산구 효자5동,전북특별자치도 전주시 완산구 효자동3가 1531-2 6층,전북특별자치도 전주시 완산구 홍산로 260 6층,063-228-5242,,,,unmatched_address,기존 주택 CSV의 건물 좌표; 음식점 자체 측량 좌표 아님
포크패밀리,완산구 효자동,전북특별자치도 전주시 완산구 효자동3가 1527-10 1층,전북특별자치도 전주시 완산구 홍산중앙로 47 1층,063-223-4192,,,,unmatched_address,기존 주택 CSV의 건물 좌표; 음식점 자체 측량 좌표 아님
Cafe_느그시봄_2호점,덕진구 우아동1가,전북특별자치도 전주시 덕진구 우아동1가 744-4,전북특별자치도 전주시 덕진구 아중호수길 92-1,0507-1340-2020,,,,unmatched_address,기존 주택 CSV의 건물 좌표; 음식점 자체 측량 좌표 아님
우리할매떡볶이_전주혁신점,덕진구 혁신동,전북특별자치도 전주시 덕진구 중동 776-14,전북특별자치도 전주시 덕진구 오공로 43-17,0507-1353-9695,,,,unmatched_address,기존 주택 CSV의 건물 좌표; 음식점 자체 측량 좌표 아님
88켄터키치킨_전주효자점,완산구 효자동,전북특별자치도 전주시 완산구 효자동1가 392,전북특별자치도 전주시 완산구 거마평로 177,"0507-1311-8844, 063-285-8844",,,,unmatched_address,기존 주택 CSV의 건물 좌표; 음식점 자체 측량 좌표 아님
왓커피_경찰청점,완산구 효자5동,전북특별자치도 전주시 완산구 효자동3가 1633-7 1층 101호,전북특별자치도 전주시 완산구 마전중앙로 21 1층 101호,063-715-3256,,,,unmatched_address,기존 주택 CSV의 건물 좌표; 음식점 자체 측량 좌표 아님
꼬꼬영양통닭,완산구 풍남동,전북특별자치도 전주시 완산구 경원동2가 53-5,전북특별자치도 전주시 완산구 경기전길 38-10,063-283-2655,,,,unmatched_address,기존 주택 CSV의 건물 좌표; 음식점 자체 측량 좌표 아님
우천칡냉면,완산구 중앙동4가,전북특별자치도 전주시 완산구 중앙동4가 31-39,전북특별자치도 전주시 완산구 전라감영로 46-4,063-284-8583,,,,unmatched_address,기존 주택 CSV의 건물 좌표; 음식점 자체 측량 좌표 아님
감탄떡볶이_효자2호점,완산구 효자4동,전북특별자치도 전주시 완산구 효자동2가 1313-5,전북특별자치도 전주시 완산구 호암로 23,063-221-1600,,,,unmatched_address,기존 주택 CSV의 건물 좌표; 음식점 자체 측량 좌표 아님
오른케이크,완산구 다가동,전북특별자치도 전주시 완산구 다가동4가 39-2,전북특별자치도 전주시 완산구 전주객사1길 80-1,063-284-3999,127.1385845,35.81983782,중앙동,exact_road_building_match,기존 주택 CSV의 건물 좌표; 음식점 자체 측량 좌표 아님
가마꿉_송천점,덕진구 송천동,전북특별자치도 전주시 덕진구 송천동2가 179-116 1층 105호,전북특별자치도 전주시 덕진구 사근1길 31 1층 105호,063-274-9282,,,,unmatched_address,기존 주택 CSV의 건물 좌표; 음식점 자체 측량 좌표 아님
술반고기반,완산구 서신동,전북특별자치도 전주시 완산구 서신동 801-1,전북특별자치도 전주시 완산구 서신천변15길 5,1577-1142,,,,unmatched_address,기존 주택 CSV의 건물 좌표; 음식점 자체 측량 좌표 아님
더벤티_중화산점,완산구 중화산동,전북특별자치도 전주시 완산구 중화산동2가 770-7,전북특별자치도 전주시 완산구 중화산로 89,063-903-7007,,,,unmatched_address,기존 주택 CSV의 건물 좌표; 음식점 자체 측량 좌표 아님
롯데리아_전주에코점,덕진구 송천동2가,전북특별자치도 전주시 덕진구 송천동2가 1331-13,전북특별자치도 전주시 덕진구 세병남로 25,063-254-0907,,,,unmatched_address,기존 주택 CSV의 건물 좌표; 음식점 자체 측량 좌표 아님
청춘튀겨_전북대점,덕진구 덕진동,전북특별자치도 전주시 덕진구 덕진동1가 1314-176,전북특별자치도 전주시 덕진구 명륜3길 19,063-278-9607,,,,unmatched_address,기존 주택 CSV의 건물 좌표; 음식점 자체 측량 좌표 아님
세인트존,완산구 중앙동1가,전북특별자치도 전주시 완산구 중앙동1가 19-1,전북특별자치도 전주시 완산구 전라감영3길 17,010-4222-1664,,,,unmatched_address,기존 주택 CSV의 건물 좌표; 음식점 자체 측량 좌표 아님
노랑카페,완산구 서신동,전북특별자치도 전주시 완산구 서신동 966-1,전북특별자치도 전주시 완산구 여울로 35,070-4793-8889,,,,unmatched_address,기존 주택 CSV의 건물 좌표; 음식점 자체 측량 좌표 아님
루담,완산구 효자동2가,전북특별자치도 전주시 완산구 효자동2가 1305-27 1층,전북특별자치도 전주시 완산구 후곡길 5,0507-1322-3991,127.0958902,35.809039,효자4동,exact_road_building_match,기존 주택 CSV의 건물 좌표; 음식점 자체 측량 좌표 아님
빽다방_전주송천오송점,덕진구 송천동,전북특별자치도 전주시 덕진구 송천동1가 107-200,전북특별자치도 전주시 덕진구 천마산로 52,063-251-3255,,,,unmatched_address,기존 주택 CSV의 건물 좌표; 음식점 자체 측량 좌표 아님
카페다복,완산구 효자5동,전북특별자치도 전주시 완산구 효자동3가 1694-6 1층 101호,전북특별자치도 전주시 완산구 마전들로 82 1층 101호,010-4755-1977,,,,unmatched_address,기존 주택 CSV의 건물 좌표; 음식점 자체 측량 좌표 아님
백김치새싹막회_본점,덕진구 우아동2가,전북특별자치도 전주시 덕진구 우아동2가 934-5,전북특별자치도 전주시 덕진구 아중2길 5,063-242-1288,,,,unmatched_address,기존 주택 CSV의 건물 좌표; 음식점 자체 측량 좌표 아님
풍남정,완산구 풍남동,전북특별자치도 전주시 완산구 전동 71-1,전북특별자치도 전주시 완산구 태조로 52,063-285-7782,,,,unmatched_address,기존 주택 CSV의 건물 좌표; 음식점 자체 측량 좌표 아님
마라시대,완산구 효자동3가,전북특별자치도 전주시 완산구 효자동3가 1167-5,전북특별자치도 전주시 완산구 백마산길 10,063-224-9546,,,,unmatched_address,기존 주택 CSV의 건물 좌표; 음식점 자체 측량 좌표 아님
중화요리성용,완산구 효자동,전북특별자치도 전주시 완산구 효자동1가 665-12,전북특별자치도 전주시 완산구 효자천변1길 32-5,063-226-4033,127.1148022,35.80006369,효자3동,exact_road_building_match,기존 주택 CSV의 건물 좌표; 음식점 자체 측량 좌표 아님
소소떡볶이_효자점,완산구 효자동,전북특별자치도 전주시 완산구 효자동1가 392,"전북특별자치도 전주시 완산구 거마평로 177, 1층",063-225-2368,,,,unmatched_address,기존 주택 CSV의 건물 좌표; 음식점 자체 측량 좌표 아님
바다사냥,완산구 서신동,전북특별자치도 전주시 완산구 서신동 948-17,전북특별자치도 전주시 완산구 고사평로 16,063-274-2478,,,,unmatched_address,기존 주택 CSV의 건물 좌표; 음식점 자체 측량 좌표 아님
수지커피,완산구 효자동1가,전북특별자치도 전주시 완산구 효자동1가 669-8,전북특별자치도 전주시 완산구 용리로 49,063-236-9575,,,,unmatched_address,기존 주택 CSV의 건물 좌표; 음식점 자체 측량 좌표 아님
야간비행,완산구 풍남동,전북특별자치도 전주시 완산구 풍남동1가 42-1 2층,전북특별자치도 전주시 완산구 동문길 61 2층,0507-1405-3604,,,,unmatched_address,기존 주택 CSV의 건물 좌표; 음식점 자체 측량 좌표 아님
블레스롤_전주신시가지점,완산구 효자5동,전북특별자치도 전주시 완산구 효자동2가 1155-5 1층,전북특별자치도 전주시 완산구 홍산남로 56 1층,063-227-0070,,,,unmatched_address,기존 주택 CSV의 건물 좌표; 음식점 자체 측량 좌표 아님
글로리더안채,완산구 풍남동,전북특별자치도 전주시 완산구 교동 222-14,전북특별자치도 전주시 완산구 동문길 182,0507-1358-6699,,,,unmatched_address,기존 주택 CSV의 건물 좌표; 음식점 자체 측량 좌표 아님
여일식당,완산구 효자동2가,전북특별자치도 전주시 완산구 효자동2가 1239-1,전북특별자치도 전주시 완산구 홍산로 263,0507-1469-2213,,,,unmatched_address,기존 주택 CSV의 건물 좌표; 음식점 자체 측량 좌표 아님
슬기네가맥,덕진구 덕진동,전북특별자치도 전주시 덕진구 덕진동1가 1312-56,전북특별자치도 전주시 덕진구 덕진광장로 22,010-2682-4718,,,,unmatched_address,기존 주택 CSV의 건물 좌표; 음식점 자체 측량 좌표 아님
명랑핫도그_중화산점,완산구 중화산동2가,전북특별자치도 전주시 완산구 중화산동2가 744-2,전북특별자치도 전주시 완산구 유연로 282,063-222-3476,,,,unmatched_address,기존 주택 CSV의 건물 좌표; 음식점 자체 측량 좌표 아님
조개주인_중화산본점,완산구 중화산동2가,전북특별자치도 전주시 완산구 중화산동2가  776-6,전북특별자치도 전주시 완산구 신촌4길 8,"0507-1431-8593, 063-222-8592",,,,unmatched_address,기존 주택 CSV의 건물 좌표; 음식점 자체 측량 좌표 아님
엑시트피자_송천점,덕진구 송천동,전북특별자치도 전주시 덕진구 송천동1가 405-1,전북특별자치도 전주시 덕진구 송천로 42,0507-1348-7903,,,,unmatched_address,기존 주택 CSV의 건물 좌표; 음식점 자체 측량 좌표 아님
본죽_전주효자문학점,완산구 효자동3가,전북특별자치도 전주시 완산구 효자동3가 1618-3,전북특별자치도 전주시 완산구 문학대4길 32-4,063-224-8008,127.1052436,35.82646408,효자5동,exact_road_building_match,기존 주택 CSV의 건물 좌표; 음식점 자체 측량 좌표 아님
마성방진안흑돼지,완산구 효자동,전북특별자치도 전주시 완산구 효자동3가 1529-9,전북특별자치도 전주시 완산구 홍산북로 59,063-229-0528,,,,unmatched_address,기존 주택 CSV의 건물 좌표; 음식점 자체 측량 좌표 아님
봉구스밥버거_신흥점,완산구 중화산동,전북특별자치도 전주시 완산구 중화산동1가 196,전북특별자치도 전주시 완산구 서원로 406,063-287-7676,,,,unmatched_address,기존 주택 CSV의 건물 좌표; 음식점 자체 측량 좌표 아님
교촌치킨_하가덕진점,덕진구 덕진동2가,전북특별자치도 전주시 덕진구 덕진동2가 670-1,전북특별자치도 전주시 덕진구 가리내7길 13,063-278-1991,127.1102246,35.84449676,덕진동,exact_road_building_match,기존 주택 CSV의 건물 좌표; 음식점 자체 측량 좌표 아님
돈미당,덕진구 송천2동,전북특별자치도 전주시 덕진구 송천동2가 1304 에코시티 더샵3차상가,"전북특별자치도 전주시 덕진구 세병로 138, 에코시티 더샵3차상가 1층 104호",063-903-0212,,,,unmatched_address,기존 주택 CSV의 건물 좌표; 음식점 자체 측량 좌표 아님
석화도,완산구 효자동1가,전북특별자치도 전주시 완산구 효자동1가 454-1 8층,전북특별자치도 전주시 완산구 용머리로 36 8층,063-228-8006,,,,unmatched_address,기존 주택 CSV의 건물 좌표; 음식점 자체 측량 좌표 아님
족떡이네,완산구 풍남동,전북특별자치도 전주시 완산구 교동 64-8,전북특별자치도 전주시 완산구 은행로 65-3,063-285-0198,,,,unmatched_address,기존 주택 CSV의 건물 좌표; 음식점 자체 측량 좌표 아님
돼지막_본점,완산구 효자5동,전북특별자치도 전주시 완산구 효자동3가 1429-7,전북특별자치도 전주시 완산구 서곡1길 16,063-255-6492,127.0996309,35.83552651,효자5동,exact_road_building_match,기존 주택 CSV의 건물 좌표; 음식점 자체 측량 좌표 아님
우리순대집,덕진구 우아1동,전북특별자치도 전주시 덕진구 우아동3가 594-18,전북특별자치도 전주시 덕진구 호성1길 9,063-242-8077,,,,unmatched_address,기존 주택 CSV의 건물 좌표; 음식점 자체 측량 좌표 아님
경양카츠_전주객사점,완산구 고사동,전북특별자치도 전주시 완산구 고사동 155-3,전북특별자치도 전주시 완산구 전주객사4길 47,0507-1322-2346,,,,unmatched_address,기존 주택 CSV의 건물 좌표; 음식점 자체 측량 좌표 아님
가마,완산구 고사동,전북특별자치도 전주시 완산구 고사동 172-1 2층,전북특별자치도 전주시 완산구 전주객사4길 74 2층,0507-1309-8521,,,,unmatched_address,기존 주택 CSV의 건물 좌표; 음식점 자체 측량 좌표 아님
여유,완산구 효자동,전북특별자치도 전주시 완산구 효자동3가 1528-7,전북특별자치도 전주시 완산구 홍산4길 20-2,0507-1379-7901,,,,unmatched_address,기존 주택 CSV의 건물 좌표; 음식점 자체 측량 좌표 아님
베이커리카페0185,완산구 효자동,전북특별자치도 전주시 완산구 효자동1가 113-2,"전북특별자치도 전주시 완산구 효동3길 17-6, 101동",063-236-0185,,,,unmatched_address,기존 주택 CSV의 건물 좌표; 음식점 자체 측량 좌표 아님
수제국돈,덕진구 송천동1가,전북특별자치도 전주시 덕진구 송천동1가 800-8,전북특별자치도 전주시 덕진구 시천로 70-1,063-277-3247,,,,unmatched_address,기존 주택 CSV의 건물 좌표; 음식점 자체 측량 좌표 아님
오늘도봄,완산구 효자5동,전북특별자치도 전주시 완산구 효자동3가 1536-3 메가타워 1층,전북특별자치도 전주시 완산구 홍산중앙로 38 메가타워 1층,0507-1352-0213,,,,unmatched_address,기존 주택 CSV의 건물 좌표; 음식점 자체 측량 좌표 아님
이자카야_고양이,완산구 효자동,전북특별자치도 전주시 완산구 효자동2가 1332-1 109호,전북특별자치도 전주시 완산구 홍산로 160-3,063-227-8664,,,,unmatched_address,기존 주택 CSV의 건물 좌표; 음식점 자체 측량 좌표 아님
명륜진사갈비_전주아중점,덕진구 우아동2가,전북특별자치도 전주시 덕진구 우아동2가 915-13,전북특별자치도 전주시 덕진구 아중로 197,063-247-9898,,,,unmatched_address,기존 주택 CSV의 건물 좌표; 음식점 자체 측량 좌표 아님
바우네나주곰탕_전주본점,덕진구 덕진동,전북특별자치도 전주시 덕진구 덕진동1가 1276-4,전북특별자치도 전주시 덕진구 덕진광장로 2,063-277-9885,,,,unmatched_address,기존 주택 CSV의 건물 좌표; 음식점 자체 측량 좌표 아님
커피유럽,완산구 효자3동,전북특별자치도 전주시 완산구 효자동3가 1621-13,전북특별자치도 전주시 완산구 문학대2길 4,063-227-8772,127.1021575,35.82545931,효자5동,exact_road_building_match,기존 주택 CSV의 건물 좌표; 음식점 자체 측량 좌표 아님
카페안행,완산구 효자3동,전북특별자치도 전주시 완산구 효자동1가  688-5,전북특별자치도 전주시 완산구 안행6길 7,063-224-9191,,,,unmatched_address,기존 주택 CSV의 건물 좌표; 음식점 자체 측량 좌표 아님
가장맛있는족발_삼천점,완산구 효자동1가,전북특별자치도 전주시 완산구 효자동1가 669-9,전북특별자치도 전주시 완산구 용리로 51,0507-0090-7386,,,,unmatched_address,기존 주택 CSV의 건물 좌표; 음식점 자체 측량 좌표 아님
돈쌈냉면_전주대점,완산구 효자동3가,전북특별자치도 전주시 완산구 효자동3가 1167-9,전북특별자치도 전주시 완산구 효자로 64,063-277-8008,,,,unmatched_address,기존 주택 CSV의 건물 좌표; 음식점 자체 측량 좌표 아님
강남칼국수,덕진구 송천1동,전북특별자치도 전주시 덕진구 송천동1가 827-8,전북특별자치도 전주시 덕진구 용소로 71,063-271-6191,,,,unmatched_address,기존 주택 CSV의 건물 좌표; 음식점 자체 측량 좌표 아님
아이언쉐프,완산구 서신동,전북특별자치도 전주시 완산구 서신동 932-6,전북특별자치도 전주시 완산구 새터로 9-1,0507-1448-3035,127.1081119,35.83694299,서신동,exact_road_building_match,기존 주택 CSV의 건물 좌표; 음식점 자체 측량 좌표 아님
시멘트,덕진구 덕진동,전북특별자치도 전주시 덕진구 덕진동1가 1314-182 2층,전북특별자치도 전주시 덕진구 명륜3길 18-3 2층,010-4240-1513,,,,unmatched_address,기존 주택 CSV의 건물 좌표; 음식점 자체 측량 좌표 아님
재하로스터리카페,완산구 풍남동,전북특별자치도 전주시 완산구 교동 976-3,전북특별자치도 전주시 완산구 낙수정1길 20,063-247-7247,,,,unmatched_address,기존 주택 CSV의 건물 좌표; 음식점 자체 측량 좌표 아님
예쁜하루_전북대점,덕진구 덕진동1가,전북특별자치도 전주시 덕진구 덕진동1가 664-6,전북특별자치도 전주시 덕진구 권삼득로 333,063-277-8179,,,,unmatched_address,기존 주택 CSV의 건물 좌표; 음식점 자체 측량 좌표 아님
할리스_전주시네마점,완산구 중앙동,전북특별자치도 전주시 완산구 고사동 340-3,전북특별자치도 전주시 완산구 전주객사3길 67,063-232-2240,,,,unmatched_address,기존 주택 CSV의 건물 좌표; 음식점 자체 측량 좌표 아님
청년피자_전주도청점,완산구 효자5동,전북특별자치도 전주시 완산구 효자동2가 1157-1 115호,전북특별자치도 전주시 완산구 홍산1길 21 115호,063-223-7482,,,,unmatched_address,기존 주택 CSV의 건물 좌표; 음식점 자체 측량 좌표 아님
다슬기본가,덕진구 송천2동,전북특별자치도 전주시 덕진구 송천동1가 838-5,전북특별자치도 전주시 덕진구 용소로 86,063-251-2550,,,,unmatched_address,기존 주택 CSV의 건물 좌표; 음식점 자체 측량 좌표 아님
산이솔이야,덕진구 송천동,전북특별자치도 전주시 덕진구 송천동1가 835-3,전북특별자치도 전주시 덕진구 송천로 111,063-252-1205,,,,unmatched_address,기존 주택 CSV의 건물 좌표; 음식점 자체 측량 좌표 아님
무모한초밥_전주에코시티점,덕진구 송천동,전북특별자치도 전주시 덕진구 송천동2가 1301-2 1층 101호,전북특별자치도 전주시 덕진구 세병로 174-10 1층 101호,063-715-1500,,,,unmatched_address,기존 주택 CSV의 건물 좌표; 음식점 자체 측량 좌표 아님
이디야커피_전주신시가지점,완산구 효자5동,전북특별자치도 전주시 완산구 효자동2가 1227-2,전북특별자치도 전주시 완산구 홍산북로 11-3,063-224-8503,,,,unmatched_address,기존 주택 CSV의 건물 좌표; 음식점 자체 측량 좌표 아님
보드게임카페_온앤오프_전주직영점,덕진구 덕진동,전북특별자치도 전주시 덕진구 덕진동1가 1264-5 3층,전북특별자치도 전주시 덕진구 명륜3길 14 3층,"0507-1476-7995, 063-271-7983",,,,unmatched_address,기존 주택 CSV의 건물 좌표; 음식점 자체 측량 좌표 아님
컴바인커피,완산구 중화산동,전북특별자치도 전주시 완산구 중화산동2가 196-3 나-102,전북특별자치도 전주시 완산구 선너머3길 61 나-102,063-221-0402,,,,unmatched_address,기존 주택 CSV의 건물 좌표; 음식점 자체 측량 좌표 아님
설빙_전주한옥마을점,완산구 풍남동,전북특별자치도 전주시 완산구 풍남동3가 36-15,전북특별자치도 전주시 완산구 은행로 33,070-7799-8883,,,,unmatched_address,기존 주택 CSV의 건물 좌표; 음식점 자체 측량 좌표 아님
시래뜰_전주본점,완산구 서신동,전북특별자치도 전주시 완산구 서신동 970-3,전북특별자치도 전주시 완산구 온고을로 22,063-255-7770,,,,unmatched_address,기존 주택 CSV의 건물 좌표; 음식점 자체 측량 좌표 아님
Espresso_822-7,덕진구 송천동,전북특별자치도 전주시 덕진구 송천동1가 822-7,전북특별자치도 전주시 덕진구 두간5길 16-14,063-277-8227,,,,unmatched_address,기존 주택 CSV의 건물 좌표; 음식점 자체 측량 좌표 아님
맘스터치_전주대점,완산구 효자4동,전북특별자치도 전주시 완산구 효자동3가 1724-2,전북특별자치도 전주시 완산구 서원로 8,063-225-3600,,,,unmatched_address,기존 주택 CSV의 건물 좌표; 음식점 자체 측량 좌표 아님
알엘커피,덕진구 덕진동,전북특별자치도 전주시 덕진구 덕진동1가 1266-6,전북특별자치도 전주시 덕진구 명륜3길 9-1,010-4948-7711,,,,unmatched_address,기존 주택 CSV의 건물 좌표; 음식점 자체 측량 좌표 아님
홀리졸리키즈카페,덕진구 송천동,전북특별자치도 전주시 덕진구 송천동2가 179-116,전북특별자치도 전주시 덕진구 사근1길 31,0507-1325-2025,,,,unmatched_address,기존 주택 CSV의 건물 좌표; 음식점 자체 측량 좌표 아님
우아한새참,완산구 중화산동2가,전북특별자치도 전주시 완산구 중화산동2가 762-1,전북특별자치도 전주시 완산구 화산천변3길 11,063-221-3011,127.1150859,35.82036182,중화산2동,exact_road_building_match,기존 주택 CSV의 건물 좌표; 음식점 자체 측량 좌표 아님
엘리팝_신시가지점,완산구 효자동,전북특별자치도 전주시 완산구 효자동3가 1534-3 2층,전북특별자치도 전주시 완산구 홍산남로 51 2층,063-221-2018,,,,unmatched_address,기존 주택 CSV의 건물 좌표; 음식점 자체 측량 좌표 아님
인정식당,완산구 서신동,전북특별자치도 전주시 완산구 서신동 947-6,전북특별자치도 전주시 완산구 고사평로 11-1,063-274-3338,127.1094104,35.83519842,서신동,exact_road_building_match,기존 주택 CSV의 건물 좌표; 음식점 자체 측량 좌표 아님
차이나팬더,완산구 효자동2가,전북특별자치도 전주시 완산구 효자동2가 1165-1,전북특별자치도 전주시 완산구 범안1길 7-27,063-225-6883,,,,unmatched_address,기존 주택 CSV의 건물 좌표; 음식점 자체 측량 좌표 아님
풀입밥상_전주본점,완산구 중화산동2가,전북특별자치도 전주시 완산구 중화산동2가 773-2,전북특별자치도 전주시 완산구 신촌4길 18-7,"0507-1352-3653, 063-222-3652",,,,unmatched_address,기존 주택 CSV의 건물 좌표; 음식점 자체 측량 좌표 아님
레이크갤러리,덕진구 우아동1가,전북특별자치도 전주시 덕진구 우아동1가 742-2 2층,전북특별자치도 전주시 덕진구 아중호수길 96 2층,063-241-3498,,,,unmatched_address,기존 주택 CSV의 건물 좌표; 음식점 자체 측량 좌표 아님
먹으면보신되는한우뼈백프로설렁탕,덕진구 우아동1가,전북특별자치도 전주시 덕진구 우아동1가 1123-2,전북특별자치도 전주시 덕진구 동부대로 393,063-245-9290,,,,unmatched_address,기존 주택 CSV의 건물 좌표; 음식점 자체 측량 좌표 아님
줄리앤소피,완산구 중화산동2가,전북특별자치도 전주시 완산구 중화산동2가 584-7,전북특별자치도 전주시 완산구 인정로8,070-8633-5117,,,,unmatched_address,기존 주택 CSV의 건물 좌표; 음식점 자체 측량 좌표 아님
한스델리_전주삼천점,완산구 효자3동,전북특별자치도 전주시 완산구 효자동1가 669-5 2층,전북특별자치도 전주시 완산구 용리로 45,063-236-0057,,,,unmatched_address,기존 주택 CSV의 건물 좌표; 음식점 자체 측량 좌표 아님
진미면막국수,완산구 효자동,전북특별자치도 전주시 완산구 효자동3가 690-9,전북특별자치도 전주시 완산구 천잠로 461,063-243-4955,,,,unmatched_address,기존 주택 CSV의 건물 좌표; 음식점 자체 측량 좌표 아님
피자마루_전주신시가지점,완산구 효자3동,전북특별자치도 전주시 완산구 효자동2가 1313-7,전북특별자치도 전주시 완산구 호암로 19,0507-0090-0668,,,,unmatched_address,기존 주택 CSV의 건물 좌표; 음식점 자체 측량 좌표 아님
고릴라커피,완산구 효자5동,전북특별자치도 전주시 완산구 효자동3가 1597-9,전북특별자치도 전주시 완산구 황강서원4길 16-29,010-5510-5511,127.0988765,35.82664829,효자5동,exact_road_building_match,기존 주택 CSV의 건물 좌표; 음식점 자체 측량 좌표 아님
하서방_송천점,덕진구 송천1동,전북특별자치도 전주시 덕진구 송천동2가 582-1,전북특별자치도 전주시 덕진구 시천로 92,063-278-8884,,,,unmatched_address,기존 주택 CSV의 건물 좌표; 음식점 자체 측량 좌표 아님
가족회관,완산구 중앙동3가,전북특별자치도 전주시 완산구 중앙동3가 80,전북특별자치도 전주시 완산구 전라감영5길 17,063-284-0982,,,,unmatched_address,기존 주택 CSV의 건물 좌표; 음식점 자체 측량 좌표 아님
이가네짬뽕,완산구 효자동,전북특별자치도 전주시 완산구 효자동1가 552-11,"전북특별자치도 전주시 완산구 완산구 성지산3길 13, 1층",063-222-0330,,,,unmatched_address,기존 주택 CSV의 건물 좌표; 음식점 자체 측량 좌표 아님
누룩꽃피는날_중화산점,완산구 중화산동2가,전북특별자치도 전주시 완산구 중화산동2가 777-9,전북특별자치도 전주시 완산구 신촌4길 2-9,063-225-5775,,,,unmatched_address,기존 주택 CSV의 건물 좌표; 음식점 자체 측량 좌표 아님
홍콩반점0410_전주대점,완산구 효자동,전북특별자치도 전주시 완산구 효자동3가 1183-10 2층,전북특별자치도 전주시 완산구 백마산길 25 2층,063-225-0410,,,,unmatched_address,기존 주택 CSV의 건물 좌표; 음식점 자체 측량 좌표 아님
구구양꼬치,덕진구 덕진동1가,전북특별자치도 전주시 덕진구 덕진동1가 1261-2 2층,전북특별자치도 전주시 덕진구 명륜5길 16-2 2층,063-255-9281,,,,unmatched_address,기존 주택 CSV의 건물 좌표; 음식점 자체 측량 좌표 아님
일루카,덕진구 송천동2가,전북특별자치도 전주시 덕진구 송천동2가 1330-4 4층,전북특별자치도 전주시 덕진구 세병2길 16 4층,0507-1388-2244,,,,unmatched_address,기존 주택 CSV의 건물 좌표; 음식점 자체 측량 좌표 아님
모이세가맥,완산구 중화산동2가,전북특별자치도 전주시 완산구 중화산동2가 632-4,전북특별자치도 전주시 완산구 중산2길 15-4,063-903-3283,,,,unmatched_address,기존 주택 CSV의 건물 좌표; 음식점 자체 측량 좌표 아님
아쿠아락,완산구 중화산동2가,전북특별자치도 전주시 완산구 중화산동2가 775-1,전북특별자치도 전주시 완산구 신촌4길 14-10,063-228-8307,127.1167288,35.8186245,중화산2동,exact_road_building_match,기존 주택 CSV의 건물 좌표; 음식점 자체 측량 좌표 아님
빅063,완산구 효자5동,전북특별자치도 전주시 완산구 효자동3가 1644-5 코드빌딩 1층,전북특별자치도 전주시 완산구 마전중앙로 16 코드빌딩 1층,063-222-5804,,,,unmatched_address,기존 주택 CSV의 건물 좌표; 음식점 자체 측량 좌표 아님
오징어촌_오촌,완산구 서신동,전북특별자치도 전주시 완산구 서신동 854-1,전북특별자치도 전주시 완산구 전룡로 14,063-277-0225,,,,unmatched_address,기존 주택 CSV의 건물 좌표; 음식점 자체 측량 좌표 아님
예술공간결,덕진구 우아동1가,전북특별자치도 전주시 덕진구 우아동1가 1119-5 3층,전북특별자치도 전주시 덕진구 인교9길 23 3층,063-247-2205,,,,unmatched_address,기존 주택 CSV의 건물 좌표; 음식점 자체 측량 좌표 아님
대야순대,완산구 효자5동,전북특별자치도 전주시 완산구 효자동3가 1596-1 1층,전북특별자치도 전주시 완산구 황강서원로 11,063-224-6002,127.0985018,35.82837442,효자5동,exact_road_building_match,기존 주택 CSV의 건물 좌표; 음식점 자체 측량 좌표 아님
온고을맛전_본점,완산구 중화산동2가,전북특별자치도 전주시 완산구 중화산동2가 615-14,전북특별자치도 전주시 완산구 중산중앙로 21,"0507-1404-0014, 063-225-9992",,,,unmatched_address,기존 주택 CSV의 건물 좌표; 음식점 자체 측량 좌표 아님
팔공티_에코시티이마트점,덕진구 송천동,전북특별자치도 전주시 덕진구 송천동2가 1333-5,전북특별자치도 전주시 덕진구 세병서로 18,063-244-8080,,,,unmatched_address,기존 주택 CSV의 건물 좌표; 음식점 자체 측량 좌표 아님
태조면가,완산구 풍남동,전북특별자치도 전주시 완산구 전동 142-15,전북특별자치도 전주시 완산구 풍남문3길 27-8,063-231-8288,,,,unmatched_address,기존 주택 CSV의 건물 좌표; 음식점 자체 측량 좌표 아님
이대가메밀,완산구 효자동,전북특별자치도 전주시 완산구 효자동2가 1210-2,"전북특별자치도 전주시 완산구 소태정3길 11, 1층","0507-1497-2241, 063-221-2234",,,,unmatched_address,기존 주택 CSV의 건물 좌표; 음식점 자체 측량 좌표 아님
무진장갈비명가_본점,완산구 효자5동,전북특별자치도 전주시 완산구 효자동3가 1698-9,전북특별자치도 전주시 완산구 석산1길 12,063-236-0092,,,,unmatched_address,기존 주택 CSV의 건물 좌표; 음식점 자체 측량 좌표 아님
뷰,완산구 풍남동,전북특별자치도 전주시 완산구 풍남동1가 56-3,전북특별자치도 전주시 완산구 은행로 22,063-287-0810,,,,unmatched_address,기존 주택 CSV의 건물 좌표; 음식점 자체 측량 좌표 아님
엠브레드,덕진구 덕진동,전북특별자치도 전주시 덕진구 덕진동1가 1408-15,전북특별자치도 전주시 덕진구 들사평3길 8,010-8447-0049,127.1219219,35.84100733,덕진동,exact_road_building_match,기존 주택 CSV의 건물 좌표; 음식점 자체 측량 좌표 아님
장어명가청산_송천점,덕진구 송천동,전북특별자치도 전주시 덕진구 송천동1가 828-6,전북특별자치도 전주시 덕진구 용소로 69,063-276-9592,,,,unmatched_address,기존 주택 CSV의 건물 좌표; 음식점 자체 측량 좌표 아님
디에떼_전주에코시티점,덕진구 송천동,전북특별자치도 전주시 덕진구 송천동2가 1331-15,전북특별자치도 전주시 덕진구 세병남로 31,063-714-2342,,,,unmatched_address,기존 주택 CSV의 건물 좌표; 음식점 자체 측량 좌표 아님
리에또,완산구 효자동,전북특별자치도 전주시 완산구 효자동3가 1528-4 준빌딩2층,전북특별자치도 전주시 완산구 홍산4길 12 준빌딩2층,063-229-5996,,,,unmatched_address,기존 주택 CSV의 건물 좌표; 음식점 자체 측량 좌표 아님
야곱별미,덕진구 덕진동,전북특별자치도 전주시 덕진구 덕진동1가 1327-37,전북특별자치도 전주시 덕진구 창포길 93,063-219-7013,,,,unmatched_address,기존 주택 CSV의 건물 좌표; 음식점 자체 측량 좌표 아님
나잇나잇,완산구 다가동,전북특별자치도 전주시 완산구 다가동3가 53-1 다산빌딩3층,"전북특별자치도 전주시 완산구 전주천동로 244, 다산빌딩3층",010-3910-0219,,,,unmatched_address,기존 주택 CSV의 건물 좌표; 음식점 자체 측량 좌표 아님
우리고기무한리필,완산구 서신동,전북특별자치도 전주시 완산구 서신동 932-7,전북특별자치도 전주시 완산구 새터로 11,063-252-9258,,,,unmatched_address,기존 주택 CSV의 건물 좌표; 음식점 자체 측량 좌표 아님
상하이반점,완산구 효자동2가,전북특별자치도 전주시 완산구 효자동2가 1231-7 1층 102호,전북특별자치도 전주시 완산구 홍산북로 29-1 1층 102호,063-232-0902,,,,unmatched_address,기존 주택 CSV의 건물 좌표; 음식점 자체 측량 좌표 아님
꺼구리시장통닭_송천점,덕진구 송천동,전북특별자치도 전주시 덕진구 송천동1가 326-2,전북특별자치도 전주시 덕진구 송천로 49,0504-2015-2241,,,,unmatched_address,기존 주택 CSV의 건물 좌표; 음식점 자체 측량 좌표 아님
객사마요동,완산구 고사동,전북특별자치도 전주시 완산구 고사동 426-2,전북특별자치도 전주시 완산구 전주객사3길 26-16,0507-1419-0907,,,,unmatched_address,기존 주택 CSV의 건물 좌표; 음식점 자체 측량 좌표 아님
고인돌똥돼지,덕진구 송천1동,전북특별자치도 전주시 덕진구 송천동2가 244-8,전북특별자치도 전주시 덕진구 붓내3길 17-3,063-274-7741,,,,unmatched_address,기존 주택 CSV의 건물 좌표; 음식점 자체 측량 좌표 아님
돈돈_객사점,완산구 고사동,전북특별자치도 전주시 완산구 고사동 186 로니관광호텔,전북특별자치도 전주시 완산구 전주객사4길 74-50 로니관광호텔,063-282-6551,,,,unmatched_address,기존 주택 CSV의 건물 좌표; 음식점 자체 측량 좌표 아님
채선당도시락엔샐러드_만성혁신점,덕진구 만성동,전북특별자치도 전주시 덕진구 만성동 1373-3,전북특별자치도 전주시 덕진구 만성중앙로 51,063-211-0807,,,,unmatched_address,기존 주택 CSV의 건물 좌표; 음식점 자체 측량 좌표 아님
피콕,완산구 효자5동,전북특별자치도 전주시 완산구 효자동3가 1663-15,전북특별자치도 전주시 완산구 마전들로 37,070-8875-7700,127.0995699,35.82122818,효자5동,exact_road_building_match,기존 주택 CSV의 건물 좌표; 음식점 자체 측량 좌표 아님
롤링파스타_전주객사점,완산구 고사동,전북특별자치도 전주시 완산구 고사동 184,전북특별자치도 전주시 완산구 전주객사5길 73-5,"0507-1306-6317, 063-277-6317",,,,unmatched_address,기존 주택 CSV의 건물 좌표; 음식점 자체 측량 좌표 아님
미미마라_전주본점,덕진구 덕진동,전북특별자치도 전주시 덕진구 덕진동1가 1312-59,전북특별자치도 전주시 덕진구 명륜4길 21-2,063-253-9233,,,,unmatched_address,기존 주택 CSV의 건물 좌표; 음식점 자체 측량 좌표 아님
풍남집,완산구 효자5동,전북특별자치도 전주시 완산구 효자동3가 1460-1,전북특별자치도 전주시 완산구 서곡2길 4,063-252-4622,127.1012539,35.83442319,효자5동,exact_road_building_match,기존 주택 CSV의 건물 좌표; 음식점 자체 측량 좌표 아님
커피니_전주서곡점,완산구 효자동,전북특별자치도 전주시 완산구 효자동3가 1453-6,전북특별자치도 전주시 완산구 서곡1길 13-7,063-903-5325,,,,unmatched_address,기존 주택 CSV의 건물 좌표; 음식점 자체 측량 좌표 아님
옛날시골찐빵,완산구 서신동,전북특별자치도 전주시 완산구 서신동 948-11,전북특별자치도 전주시 완산구 고사평2길 1,063-271-4242,,,,unmatched_address,기존 주택 CSV의 건물 좌표; 음식점 자체 측량 좌표 아님
풍년제과_전북대점,덕진구 덕진동,전북특별자치도 전주시 덕진구 덕진동1가 1283-2,전북특별자치도 전주시 덕진구 들사평로 62,063-276-0047,,,,unmatched_address,기존 주택 CSV의 건물 좌표; 음식점 자체 측량 좌표 아님
루어스,완산구 중앙동,전북특별자치도 전주시 완산구 중앙동2가 16-8,"전북특별자치도 전주시 완산구 전라감영4길 17-1, 1층",0507-1493-0132,,,,unmatched_address,기존 주택 CSV의 건물 좌표; 음식점 자체 측량 좌표 아님
황제보쌈_전북대점,덕진구 덕진동,전북특별자치도 전주시 덕진구 덕진동1가 1264-10,전북특별자치도 전주시 덕진구 명륜3길 18-6,063-277-7893,,,,unmatched_address,기존 주택 CSV의 건물 좌표; 음식점 자체 측량 좌표 아님
지코바치킨_서신점,완산구 서신동,전북특별자치도 전주시 완산구 서신동 849-6,전북특별자치도 전주시 완산구 서신천변4길 12-10,063-905-2278,,,,unmatched_address,기존 주택 CSV의 건물 좌표; 음식점 자체 측량 좌표 아님
종가삼대화로집,덕진구 우아동2가,전북특별자치도 전주시 덕진구 우아동2가 918-13,전북특별자치도 전주시 덕진구 아중로 209,063-244-0343,,,,unmatched_address,기존 주택 CSV의 건물 좌표; 음식점 자체 측량 좌표 아님
일흥옥,덕진구 송천동1가,전북특별자치도 전주시 덕진구 송천동1가 101-2,전북특별자치도 전주시 덕진구 솔내9길 10,010-7657-0156,127.125729,35.86246554,송천1동,exact_road_building_match,기존 주택 CSV의 건물 좌표; 음식점 자체 측량 좌표 아님
블루밍,완산구 효자동2가,전북특별자치도 전주시 완산구 효자동2가 1255-11,전북특별자치도 전주시 완산구 구룡2길 19-1,0507-1320-3995,127.1040268,35.8133646,효자4동,exact_road_building_match,기존 주택 CSV의 건물 좌표; 음식점 자체 측량 좌표 아님
에이치플레터,완산구 전동,전북특별자치도 전주시 완산구 전동 110-1,전북특별자치도 전주시 완산구 풍남문3길 26,010-6505-2665,,,,unmatched_address,기존 주택 CSV의 건물 좌표; 음식점 자체 측량 좌표 아님
메가엠지씨커피_전주대점,완산구 효자5동,전북특별자치도 전주시 완산구 효자동3가 1175-2 1층,전북특별자치도 전주시 완산구 백마산길 36 1층,063-226-4420,127.0894469,35.81731069,효자4동,exact_parcel_building_match,기존 주택 CSV의 건물 좌표; 음식점 자체 측량 좌표 아님
국민운동식당_전주점,완산구 서신동,전북특별자치도 전주시 완산구 서신동 950-2 1층,전북특별자치도 전주시 완산구 고사평4길 12-2 1층,"0507-1403-1756, 063-272-1756",127.1105491,35.83535699,서신동,exact_road_building_match,기존 주택 CSV의 건물 좌표; 음식점 자체 측량 좌표 아님
카페브리즈,완산구 풍남동,전북특별자치도 전주시 완산구 전동 16-2,전북특별자치도 전주시 완산구 전동성당길 66,063-232-5501,,,,unmatched_address,기존 주택 CSV의 건물 좌표; 음식점 자체 측량 좌표 아님
토레오,덕진구 만성동,전북특별자치도 전주시 덕진구 만성동 1169-13,전북특별자치도 전주시 덕진구 월방3길 26,063-222-1551,127.068599,35.83481091,여의동,exact_road_building_match,기존 주택 CSV의 건물 좌표; 음식점 자체 측량 좌표 아님
한얼소,완산구 중화산동2가,전북특별자치도 전주시 완산구 중화산동2가 653-3,"전북특별자치도 전주시 완산구 영경2길 9, 1층",0503-6986-0475,,,,unmatched_address,기존 주택 CSV의 건물 좌표; 음식점 자체 측량 좌표 아님
깨순이김밥_포스코점,완산구 효자동2가,전북특별자치도 전주시 완산구 효자동2가 1166-10,전북특별자치도 전주시 완산구 범안1길 30,063-224-2010,127.1072738,35.81141015,효자4동,exact_road_building_match,기존 주택 CSV의 건물 좌표; 음식점 자체 측량 좌표 아님
전주영화호텔커피숍,완산구 중앙동,전북특별자치도 전주시 완산구 고사동 462-4,전북특별자치도 전주시 완산구 전주객사2길 28-27,063-283-0800,,,,unmatched_address,기존 주택 CSV의 건물 좌표; 음식점 자체 측량 좌표 아님
달빛,완산구 효자동3가,전북특별자치도 전주시 완산구 효자동3가 1412-10,전북특별자치도 전주시 완산구 서곡5길 13-22,063-273-4636,,,,unmatched_address,기존 주택 CSV의 건물 좌표; 음식점 자체 측량 좌표 아님
배부른밥상,덕진구 송천2동,전북특별자치도 전주시 덕진구 송천동2가 491-3,전북특별자치도 전주시 덕진구 송천중앙로 233-17,063-255-5544,,,,unmatched_address,기존 주택 CSV의 건물 좌표; 음식점 자체 측량 좌표 아님
빽다방_전주예수병원점,완산구 중화산동1가,전북특별자치도 전주시 완산구 중화산동1가 321-3,전북특별자치도 전주시 완산구 서원로 345,0507-1389-1011,,,,unmatched_address,기존 주택 CSV의 건물 좌표; 음식점 자체 측량 좌표 아님
와르르조개구이,덕진구 우아동1가,전북특별자치도 전주시 덕진구 우아동1가 1088-1,전북특별자치도 전주시 덕진구 아중로 192,063-241-8420,,,,unmatched_address,기존 주택 CSV의 건물 좌표; 음식점 자체 측량 좌표 아님
남원골추어탕_효자점,완산구 효자동1가,전북특별자치도 전주시 완산구 효자동1가 383-2,전북특별자치도 전주시 완산구 밤나무1길 15-15,063-242-3131,,,,unmatched_address,기존 주택 CSV의 건물 좌표; 음식점 자체 측량 좌표 아님
이디야커피_전주삼천점,완산구 효자3동,전북특별자치도 전주시 완산구 효자동1가 669-4,전북특별자치도 전주시 완산구 용리로 43,063-236-8252,,,,unmatched_address,기존 주택 CSV의 건물 좌표; 음식점 자체 측량 좌표 아님
가본,완산구 고사동,전북특별자치도 전주시 완산구 고사동 484-2,"전북특별자치도 전주시 완산구 전주객사2길 38-5, 1층",063-284-4842,,,,unmatched_address,기존 주택 CSV의 건물 좌표; 음식점 자체 측량 좌표 아님
맛드림김밥랜드,덕진구 혁신동,전북특별자치도 전주시 덕진구 중동 775-1,전북특별자치도 전주시 덕진구 기지로 78,063-227-5955,,,,unmatched_address,기존 주택 CSV의 건물 좌표; 음식점 자체 측량 좌표 아님
대박면옥,덕진구 우아2동,전북특별자치도 전주시 덕진구 우아동1가 1118-5 1층,전북특별자치도 전주시 덕진구 인교9길 17 1층,063-241-7775,,,,unmatched_address,기존 주택 CSV의 건물 좌표; 음식점 자체 측량 좌표 아님
1984세븐어클락,완산구 효자5동,전북특별자치도 전주시 완산구 효자동3가 1184-8 2층,전북특별자치도 전주시 완산구 백마산길 17 2층,010-8293-3680,,,,unmatched_address,기존 주택 CSV의 건물 좌표; 음식점 자체 측량 좌표 아님
1983돈카츠앤초밥,완산구 효자동3가,전북특별자치도 전주시 완산구 효자동1가 568-7,전북특별자치도 전주시 완산구 송정로 43,"0507-1326-1983, 063-222-1983",,,,unmatched_address,기존 주택 CSV의 건물 좌표; 음식점 자체 측량 좌표 아님
만금당,완산구 중화산동,전북특별자치도 전주시 완산구 중화산동2가 195-13,전북특별자치도 전주시 완산구 선너머로 26,063-228-0502,,,,unmatched_address,기존 주택 CSV의 건물 좌표; 음식점 자체 측량 좌표 아님
효자막창_전주고사본점,완산구 다가동3가,전북특별자치도 전주시 완산구 다가동3가 23-3,전북특별자치도 전주시 완산구 전주객사2길 7,010-9214-3878,,,,unmatched_address,기존 주택 CSV의 건물 좌표; 음식점 자체 측량 좌표 아님
손수막걸리,완산구 중화산동,전북특별자치도 전주시 완산구 중화산동2가 624-14,전북특별자치도 전주시 완산구 중산로 20,063-225-6237,,,,unmatched_address,기존 주택 CSV의 건물 좌표; 음식점 자체 측량 좌표 아님
원조함흥냉면_본점,완산구 고사동,전북특별자치도 전주시 완산구 고사동 367-3,전북특별자치도 전주시 완산구 전주객사4길 59,063-282-9946,,,,unmatched_address,기존 주택 CSV의 건물 좌표; 음식점 자체 측량 좌표 아님
엔젤북카페_전북대1호점,덕진구 덕진동,전북특별자치도 전주시 덕진구 덕진동1가 1261-4,전북특별자치도 전주시 덕진구 명륜4길 17,063-252-6300,,,,unmatched_address,기존 주택 CSV의 건물 좌표; 음식점 자체 측량 좌표 아님
스타벅스_전북도청점,완산구 효자동3가,전북특별자치도 전주시 완산구 효자동3가 1541-7,전북특별자치도 전주시 완산구 홍산중앙로 22,1522-3232,,,,unmatched_address,기존 주택 CSV의 건물 좌표; 음식점 자체 측량 좌표 아님
커피블랙워터,완산구 효자5동,전북특별자치도 전주시 완산구 효자동2가 1228-7,전북특별자치도 전주시 완산구 효자로 178,063-228-7148,,,,unmatched_address,기존 주택 CSV의 건물 좌표; 음식점 자체 측량 좌표 아님
후켄송천,덕진구 송천동2가,전북특별자치도 전주시 덕진구 송천동2가 179-116,전북특별자치도 전주시 덕진구 사근1길 31,063-272-7776,,,,unmatched_address,기존 주택 CSV의 건물 좌표; 음식점 자체 측량 좌표 아님
한옥마을전주비빔밥_전주효자점,완산구 효자동,전북특별자치도 전주시 완산구 효자동1가 431-5,전북특별자치도 전주시 완산구 용머리로 31,0507-1396-1116,,,,unmatched_address,기존 주택 CSV의 건물 좌표; 음식점 자체 측량 좌표 아님
마루벌돌구이_호남본점,완산구 효자4동,전북특별자치도 전주시 완산구 효자동2가 1312-6,전북특별자치도 전주시 완산구 후곡길 6-5,063-224-8279,,,,unmatched_address,기존 주택 CSV의 건물 좌표; 음식점 자체 측량 좌표 아님
충만치킨_서신점,완산구 서신동,전북특별자치도 전주시 완산구 서신동 935-6,전북특별자치도 전주시 완산구 새터로 47,063-277-8292,127.1115877,35.83570482,서신동,exact_road_building_match,기존 주택 CSV의 건물 좌표; 음식점 자체 측량 좌표 아님
포멀커피,덕진구 덕진동,전북특별자치도 전주시 덕진구 덕진동1가 1264-18,전북특별자치도 전주시 덕진구 명륜2길 15-1,0507-1377-0413,127.1287103,35.84192828,덕진동,exact_road_building_match,기존 주택 CSV의 건물 좌표; 음식점 자체 측량 좌표 아님
가마솥소머리곰탕,완산구 서신동,전북특별자치도 전주시 완산구 서신동 816-1,전북특별자치도 전주시 완산구 서신천변12길 2,0507-1392-0427,,,,unmatched_address,기존 주택 CSV의 건물 좌표; 음식점 자체 측량 좌표 아님
총각파티,완산구 효자동1가,전북특별자치도 전주시 완산구 효자동1가 369-10,전북특별자치도 전주시 완산구 거마평로 191-6,063-228-6665,,,,unmatched_address,기존 주택 CSV의 건물 좌표; 음식점 자체 측량 좌표 아님
써브웨이_전북도청점,완산구 효자5동,전북특별자치도 전주시 완산구 효자동3가 1541-7,전북특별자치도 전주시 완산구 홍산중앙로 22,063-903-1191,,,,unmatched_address,기존 주택 CSV의 건물 좌표; 음식점 자체 측량 좌표 아님
치킨프렌즈_전북대점,덕진구 덕진동1가,전북특별자치도 전주시 덕진구 덕진동1가 1277-10,전북특별자치도 전주시 덕진구 명륜5길 13,063-278-9333,,,,unmatched_address,기존 주택 CSV의 건물 좌표; 음식점 자체 측량 좌표 아님
치킨이참맛있는집,완산구 효자5동,전북특별자치도 전주시 완산구 효자동2가 1313-7 1층,전북특별자치도 전주시 완산구 호암로 19 1층,063-226-2992,,,,unmatched_address,기존 주택 CSV의 건물 좌표; 음식점 자체 측량 좌표 아님
본죽&비빔밥cafe_전주효천점,완산구 효자5동,전북특별자치도 전주시 완산구 효자동2가 1377-2 106호,전북특별자치도 전주시 완산구 효천중앙로 55 106호,063-221-0830,,,,unmatched_address,기존 주택 CSV의 건물 좌표; 음식점 자체 측량 좌표 아님
최가돈,완산구 효자동,전북특별자치도 전주시 완산구 효자동2가 1306-8 101호,전북특별자치도 전주시 완산구 후곡길 23-24 101호,0507-1362-5931,127.0946548,35.81086936,효자4동,exact_road_building_match,기존 주택 CSV의 건물 좌표; 음식점 자체 측량 좌표 아님
24시풍천민물장어,완산구 중화산동2가,전북특별자치도 전주시 완산구 중화산동2가 591-5,전북특별자치도 전주시 완산구 효자로 305,063-226-2268,,,,unmatched_address,기존 주택 CSV의 건물 좌표; 음식점 자체 측량 좌표 아님
제니러브스젤라또_효자점,완산구 효자5동,전북특별자치도 전주시 완산구 효자동3가 1604-18 1층,전북특별자치도 전주시 완산구 문학로 27 1층,070-4159-9399,127.1016981,35.82756,효자5동,exact_road_building_match,기존 주택 CSV의 건물 좌표; 음식점 자체 측량 좌표 아님
미스사이공,덕진구 덕진동,전북특별자치도 전주시 덕진구 덕진동1가 1312-38,전북특별자치도 전주시 덕진구 명륜5길 19,070-8112-6611,,,,unmatched_address,기존 주택 CSV의 건물 좌표; 음식점 자체 측량 좌표 아님
떡볶이참잘하는집_전북대점,덕진구 덕진동,전북특별자치도 전주시 덕진구 덕진동1가 1262-31 1층,전북특별자치도 전주시 덕진구 명륜4길 11-3 1층,063-909-8787,,,,unmatched_address,기존 주택 CSV의 건물 좌표; 음식점 자체 측량 좌표 아님
커피니_전주송천점,덕진구 송천동,전북특별자치도 전주시 덕진구 송천동2가 523-7,전북특별자치도 전주시 덕진구 붓내3길 1,0507-1419-8687,,,,unmatched_address,기존 주택 CSV의 건물 좌표; 음식점 자체 측량 좌표 아님
이파네마소녀,완산구 효자동3가,전북특별자치도 전주시 완산구 효자동3가 1719-4,전북특별자치도 전주시 완산구 용호로 128,010-4798-4722,127.0972292,35.81467036,효자5동,exact_road_building_match,기존 주택 CSV의 건물 좌표; 음식점 자체 측량 좌표 아님
지지미전,완산구 효자5동,전북특별자치도 전주시 완산구 효자동3가 1454-1 1층,전북특별자치도 전주시 완산구 서곡1길 9 1층,063-906-2007,127.1000871,35.83500611,효자5동,exact_road_building_match,기존 주택 CSV의 건물 좌표; 음식점 자체 측량 좌표 아님
마릴린먼로_2호점,완산구 중화산동2가,전북특별자치도 전주시 완산구 중화산동2가 615-8,전북특별자치도 전주시 완산구 중산중앙로 33,063-236-1655,,,,unmatched_address,기존 주택 CSV의 건물 좌표; 음식점 자체 측량 좌표 아님
바글바글콩나물국밥,덕진구 우아동2가,전북특별자치도 전주시 덕진구 우아동2가 892-10,전북특별자치도 전주시 덕진구 아중7길 12,063-242-7686,,,,unmatched_address,기존 주택 CSV의 건물 좌표; 음식점 자체 측량 좌표 아님
박가네해물칼국수,완산구 효자동2가,전북특별자치도 전주시 완산구 효자동2가 1331-6,"전북특별자치도 전주시 완산구 우전1길 49-4, 1층",063-224-3325,127.1053671,35.8084292,효자4동,exact_road_building_match,기존 주택 CSV의 건물 좌표; 음식점 자체 측량 좌표 아님
고려숯불갈비,덕진구 우아동2가,전북특별자치도 전주시 덕진구 우아동2가 932-3,전북특별자치도 전주시 덕진구 동부대로 431,063-243-2222,,,,unmatched_address,기존 주택 CSV의 건물 좌표; 음식점 자체 측량 좌표 아님
베테랑_칼국수,완산구 풍남동,전북특별자치도 전주시 완산구 교동 84-10,전북특별자치도 전주시 완산구 경기전길 135,063-285-9898,,,,unmatched_address,기존 주택 CSV의 건물 좌표; 음식점 자체 측량 좌표 아님
전복궁,완산구 서신동,전북특별자치도 전주시 완산구 서신동 829-7,전북특별자치도 전주시 완산구 서신천변8길 11-5,063-252-9995,127.1153094,35.82892736,서신동,exact_road_building_match,기존 주택 CSV의 건물 좌표; 음식점 자체 측량 좌표 아님
능이백숙세미,완산구 효자동,전북특별자치도 전주시 완산구 효자동3가 1645-5,전북특별자치도 전주시 완산구 마전로 11,063-221-9902,,,,unmatched_address,기존 주택 CSV의 건물 좌표; 음식점 자체 측량 좌표 아님
일루와,완산구 서신동,전북특별자치도 전주시 완산구 서신동 965-3,전북특별자치도 전주시 완산구 새터로 112,0507-1344-0858,,,,unmatched_address,기존 주택 CSV의 건물 좌표; 음식점 자체 측량 좌표 아님
600흑돈_송천점,덕진구 송천2동,전북특별자치도 전주시 덕진구 송천동2가 492-1,전북특별자치도 전주시 덕진구 송천중앙로 249,0507-1342-9252,,,,unmatched_address,기존 주택 CSV의 건물 좌표; 음식점 자체 측량 좌표 아님
빈타이_신시가지점,완산구 효자4동,전북특별자치도 전주시 완산구 효자동2가 1165-2 1층,전북특별자치도 전주시 완산구 범안1길 7-29,063-236-4376,,,,unmatched_address,기존 주택 CSV의 건물 좌표; 음식점 자체 측량 좌표 아님
성진명가,덕진구 우아동2가,전북특별자치도 전주시 덕진구 우아동2가 894-10,전북특별자치도 전주시 덕진구 아중중앙로 44,0507-1343-1740,,,,unmatched_address,기존 주택 CSV의 건물 좌표; 음식점 자체 측량 좌표 아님
풍천장어숯불구이,덕진구 우아동1가,전북특별자치도 전주시 덕진구 우아동1가 1092-8,전북특별자치도 전주시 덕진구 인교2길 9-3,063-244-8777,,,,unmatched_address,기존 주택 CSV의 건물 좌표; 음식점 자체 측량 좌표 아님
지지고_전주대점,완산구 효자동3가,전북특별자치도 전주시 완산구 효자동3가 1159-13,전북특별자치도 전주시 완산구 백마산길 5-5,063-236-2081,,,,unmatched_address,기존 주택 CSV의 건물 좌표; 음식점 자체 측량 좌표 아님
정성호두랑커피랑,완산구 효자5동,전북특별자치도 전주시 완산구 효자동2가 1158-33,전북특별자치도 전주시 완산구 범안1길 36,063-903-7230,,,,unmatched_address,기존 주택 CSV의 건물 좌표; 음식점 자체 측량 좌표 아님
투썸플레이스_전주송천점,덕진구 송천동,전북특별자치도 전주시 덕진구 송천동2가 454-1,전북특별자치도 전주시 덕진구 동부대로 1145,0507-1444-3351,,,,unmatched_address,기존 주택 CSV의 건물 좌표; 음식점 자체 측량 좌표 아님
제주의_봄날,덕진구 혁신동,전북특별자치도 전주시 덕진구 만성동 1170-5,전북특별자치도 전주시 덕진구 월방3길 4-7,063-212-2525,127.0706838,35.83468398,여의동,exact_road_building_match,기존 주택 CSV의 건물 좌표; 음식점 자체 측량 좌표 아님
팔공티_전주신시가지점,완산구 효자5동,전북특별자치도 전주시 완산구 효자동3가 1535-8 1층,전북특별자치도 전주시 완산구 홍산중앙로 27 1층,063-226-8088,,,,unmatched_address,기존 주택 CSV의 건물 좌표; 음식점 자체 측량 좌표 아님
준스시,덕진구 덕진동2가,전북특별자치도 전주시 덕진구 덕진동2가 678-1,전북특별자치도 전주시 덕진구 가리내9길 13,063-273-8088,127.1103414,35.84278264,덕진동,exact_road_building_match,기존 주택 CSV의 건물 좌표; 음식점 자체 측량 좌표 아님
드롭탑_중화산점,완산구 중화산동2가,"전북특별자치도 전주시 완산구 중화산동2가  772, 2층",전북특별자치도 전주시 완산구 효자로2802층,063-227-8250,,,,unmatched_address,기존 주택 CSV의 건물 좌표; 음식점 자체 측량 좌표 아님
누미카롱,완산구 서신동,전북특별자치도 전주시 완산구 서신동 960-5,전북특별자치도 전주시 완산구 새터로 53,0507-1366-3301,,,,unmatched_address,기존 주택 CSV의 건물 좌표; 음식점 자체 측량 좌표 아님
미과당,완산구 중화산동2가,전북특별자치도 전주시 완산구 중화산동2가 751-4,전북특별자치도 전주시 완산구 화산천변로 19,0507-1340-6270,,,,unmatched_address,기존 주택 CSV의 건물 좌표; 음식점 자체 측량 좌표 아님
포메인_전주도청점,완산구 효자동,전북특별자치도 전주시 완산구 효자동3가 1527-11,전북특별자치도 전주시 완산구 홍산중앙로 45,063-225-2231,,,,unmatched_address,기존 주택 CSV의 건물 좌표; 음식점 자체 측량 좌표 아님
평양보신탕,완산구 서신동,전북특별자치도 전주시 완산구 서신동 818-1,전북특별자치도 전주시 완산구 서신천변13길 9,063-271-1517,127.1132932,35.83044357,서신동,exact_road_building_match,기존 주택 CSV의 건물 좌표; 음식점 자체 측량 좌표 아님
청학동버섯전골,완산구 중화산동2가,전북특별자치도 전주시 완산구 중화산동2가 585-8,전북특별자치도 전주시 완산구 효자로 331,063-224-0787,,,,unmatched_address,기존 주택 CSV의 건물 좌표; 음식점 자체 측량 좌표 아님
감탄떡볶이_하가지구점,덕진구 덕진동2가,전북특별자치도 전주시 덕진구 덕진동2가 675-9 경동빌 101호,전북특별자치도 전주시 덕진구 경동로 36 경동빌 101호,063-717-7770,127.1101416,35.84302743,덕진동,exact_road_building_match,기존 주택 CSV의 건물 좌표; 음식점 자체 측량 좌표 아님
돼지치마집_마전점,완산구 효자5동,전북특별자치도 전주시 완산구 효자동3가 1609-14 102호,전북특별자치도 전주시 완산구 홍산로 381 102호,063-225-7392,,,,unmatched_address,기존 주택 CSV의 건물 좌표; 음식점 자체 측량 좌표 아님
지코바치킨_혁신중동1호점,덕진구 혁신동,전북특별자치도 전주시 덕진구 중동 774-12,전북특별자치도 전주시 덕진구 오공로 33,063-222-2155,,,,unmatched_address,기존 주택 CSV의 건물 좌표; 음식점 자체 측량 좌표 아님
PUB_PIERROT,완산구 효자5동,전북특별자치도 전주시 완산구 효자동3가 1533-8 1층,전북특별자치도 전주시 완산구 홍산남로 59-19 1층,010-2331-4500,,,,unmatched_address,기존 주택 CSV의 건물 좌표; 음식점 자체 측량 좌표 아님
가쯔야생돈가스,완산구 서신동,전북특별자치도 전주시 완산구 서신동 849-5,전북특별자치도 전주시 완산구 서신천변4길 12-8,063-273-0569,127.1153028,35.82729978,서신동,exact_road_building_match,기존 주택 CSV의 건물 좌표; 음식점 자체 측량 좌표 아님
더블도어,완산구 전동3가,전북특별자치도 전주시 완산구 전동3가 61,전북특별자치도 전주시 완산구 풍남문4길 15-25,070-8865-1525,,,,unmatched_address,기존 주택 CSV의 건물 좌표; 음식점 자체 측량 좌표 아님
아중가,덕진구 우아동1가,전북특별자치도 전주시 덕진구 우아동1가 1120-2,전북특별자치도 전주시 덕진구 인교9길 43,0507-1357-7708,127.1761612,35.82645983,우아2동,exact_road_building_match,기존 주택 CSV의 건물 좌표; 음식점 자체 측량 좌표 아님
이지비부대찌개_본점,완산구 효자동,전북특별자치도 전주시 완산구 효자동3가 1529-6,전북특별자치도 전주시 완산구 홍산북로 59-11,063-226-2568,,,,unmatched_address,기존 주택 CSV의 건물 좌표; 음식점 자체 측량 좌표 아님
미가옥본가,완산구 효자5동,전북특별자치도 전주시 완산구 효자동2가 1211-3,전북특별자치도 전주시 완산구 소태정3길 5-4,063-224-7591,,,,unmatched_address,기존 주택 CSV의 건물 좌표; 음식점 자체 측량 좌표 아님
웃을꽃,완산구 효자5동,전북특별자치도 전주시 완산구 효자동3가 1733-1,전북특별자치도 전주시 완산구 봉곡1길 1,063-222-5279,127.097179,35.81336979,효자4동,exact_road_building_match,기존 주택 CSV의 건물 좌표; 음식점 자체 측량 좌표 아님
더리터_효자점,완산구 효자4동,전북특별자치도 전주시 완산구 효자동2가 1316-4,전북특별자치도 전주시 완산구 호암로 91,070-7767-1000,,,,unmatched_address,기존 주택 CSV의 건물 좌표; 음식점 자체 측량 좌표 아님
땅땅치킨_전북도청점,완산구 효자5동,전북특별자치도 전주시 완산구 효자동2가 1157-4 1층119호,전북특별자치도 전주시 완산구 홍산1길 7 1층119호,063-221-0668,,,,unmatched_address,기존 주택 CSV의 건물 좌표; 음식점 자체 측량 좌표 아님
육연식당,덕진구 덕진동,전북특별자치도 전주시 덕진구 덕진동1가 1261-34 1층,전북특별자치도 전주시 덕진구 명륜4길 11-8 1층,063-251-0567,,,,unmatched_address,기존 주택 CSV의 건물 좌표; 음식점 자체 측량 좌표 아님
바이린,완산구 중화산동2가,전북특별자치도 전주시 완산구 중화산동2가 749-5,전북특별자치도 전주시 완산구 화산천변3길 12,0507-1337-6540,,,,unmatched_address,기존 주택 CSV의 건물 좌표; 음식점 자체 측량 좌표 아님
고향전,완산구 서신동,전북특별자치도 전주시 완산구 서신동 817-6,전북특별자치도 전주시 완산구 서신천변11길 3,063-909-7171,,,,unmatched_address,기존 주택 CSV의 건물 좌표; 음식점 자체 측량 좌표 아님
홍대돈까스,덕진구 덕진동2가,전북특별자치도 전주시 덕진구 덕진동2가 678-5,전북특별자치도 전주시 덕진구 가리내10길 10,063-251-6785,127.1110308,35.8424535,덕진동,exact_road_building_match,기존 주택 CSV의 건물 좌표; 음식점 자체 측량 좌표 아님
홍주부순대국밥,완산구 효자5동,전북특별자치도 전주시 완산구 효자동2가 1229-5 1층,전북특별자치도 전주시 완산구 홍산북로 15 1층,063-222-9890,,,,unmatched_address,기존 주택 CSV의 건물 좌표; 음식점 자체 측량 좌표 아님
모란,완산구 풍남동,전북특별자치도 전주시 완산구 경원동3가 58-3,전북특별자치도 전주시 완산구 팔달로 192-1,063-285-5043,,,,unmatched_address,기존 주택 CSV의 건물 좌표; 음식점 자체 측량 좌표 아님
송촌꼬마김밥,완산구 서신동,전북특별자치도 전주시 완산구 서신동 818-13,전북특별자치도 전주시 완산구 서신천변11길 8-1,063-253-0055,127.1133807,35.83027639,서신동,exact_road_building_match,기존 주택 CSV의 건물 좌표; 음식점 자체 측량 좌표 아님
해피돈스,완산구 서신동,전북특별자치도 전주시 완산구 서신동 183-4,전북특별자치도 전주시 완산구 감나무4길 13,070-4655-8892,,,,unmatched_address,기존 주택 CSV의 건물 좌표; 음식점 자체 측량 좌표 아님
알베르베로,완산구 효자동2가,전북특별자치도 전주시 완산구 효자동2가 1158-30 102호,"전북특별자치도 전주시 완산구 봉곡로115, 102호",010-8511-4442,,,,unmatched_address,기존 주택 CSV의 건물 좌표; 음식점 자체 측량 좌표 아님
앗뽕이다_본점,완산구 중화산동2가,전북특별자치도 전주시 완산구 중화산동2가 578,전북특별자치도 전주시 완산구 메너머1길 7,0507-0090-6979,127.1219247,35.82087186,중화산2동,exact_road_building_match,기존 주택 CSV의 건물 좌표; 음식점 자체 측량 좌표 아님
파스쿠찌_전주에코시티점,덕진구 송천동,전북특별자치도 전주시 덕진구 송천동2가 354-1,전북특별자치도 전주시 덕진구 과학로 65,063-903-9929,,,,unmatched_address,기존 주택 CSV의 건물 좌표; 음식점 자체 측량 좌표 아님
마중블리스플,덕진구 우아동3가,전북특별자치도 전주시 덕진구 우아동3가 731-10,전북특별자치도 전주시 덕진구 우아1길 26,0507-1446-3300,,,,unmatched_address,기존 주택 CSV의 건물 좌표; 음식점 자체 측량 좌표 아님
북창동순두부_전주신시가지점,완산구 효자5동,전북특별자치도 전주시 완산구 효자동3가 1527-13,전북특별자치도 전주시 완산구 홍산북로 59-10,063-222-7751,,,,unmatched_address,기존 주택 CSV의 건물 좌표; 음식점 자체 측량 좌표 아님
칼자비숯불고기,완산구 서신동,전북특별자치도 전주시 완산구 서신동 802-14,전북특별자치도 전주시 완산구 서신천변13길 4-12,063-271-4307,,,,unmatched_address,기존 주택 CSV의 건물 좌표; 음식점 자체 측량 좌표 아님
새벽식탁,덕진구 덕진동,전북특별자치도 전주시 덕진구 덕진동1가 1312-58 지하 1층,전북특별자치도 전주시 덕진구 명륜4길 21-4 지하 1층,063-277-9500,,,,unmatched_address,기존 주택 CSV의 건물 좌표; 음식점 자체 측량 좌표 아님
아중장어,덕진구 우아2동,전북특별자치도 전주시 덕진구 우아동1가 1117-1,전북특별자치도 전주시 덕진구 인교9길 53,063-244-5392,,,,unmatched_address,기존 주택 CSV의 건물 좌표; 음식점 자체 측량 좌표 아님
동대문엽기떡볶이_전주효자점,완산구 효자동,전북특별자치도 전주시 완산구 효자동1가 518-69 102호,"전북특별자치도 전주시 완산구 거마평로 169, 102호",063-236-8591,,,,unmatched_address,기존 주택 CSV의 건물 좌표; 음식점 자체 측량 좌표 아님
북경루,완산구 서신동,전북특별자치도 전주시 완산구 서신동 967-1,전북특별자치도 전주시 완산구 새터로 120,063-276-5252,,,,unmatched_address,기존 주택 CSV의 건물 좌표; 음식점 자체 측량 좌표 아님
매란국죽_전주중화산점,완산구 중화산동1가,전북특별자치도 전주시 완산구 중화산동1가 166-9,전북특별자치도 전주시 완산구 선너머로 83,063-284-0829,,,,unmatched_address,기존 주택 CSV의 건물 좌표; 음식점 자체 측량 좌표 아님
가마솥통닭_하가점,덕진구 덕진동,전북특별자치도 전주시 덕진구 덕진동2가 661-5,전북특별자치도 전주시 덕진구 가리내4길 19,063-255-3001,127.1095445,35.84609243,덕진동,exact_road_building_match,기존 주택 CSV의 건물 좌표; 음식점 자체 측량 좌표 아님
닭터닭갈비_전북대점,덕진구 덕진동,전북특별자치도 전주시 덕진구 덕진동1가 1264-1,전북특별자치도 전주시 덕진구 명륜3길 18,063-252-6669,,,,unmatched_address,기존 주택 CSV의 건물 좌표; 음식점 자체 측량 좌표 아님
짬뽕지존_도청점,완산구 효자5동,전북특별자치도 전주시 완산구 효자동3가 1528-1 103호,전북특별자치도 전주시 완산구 홍산4길 6 103호,063-237-5161,,,,unmatched_address,기존 주택 CSV의 건물 좌표; 음식점 자체 측량 좌표 아님
소주집_송천점,덕진구 송천1동,전북특별자치도 전주시 덕진구 송천동2가 484-4,전북특별자치도 전주시 덕진구 붓내3길 9-3,010-2431-8010,,,,unmatched_address,기존 주택 CSV의 건물 좌표; 음식점 자체 측량 좌표 아님
베테랑_신시가지점,완산구 효자동,전북특별자치도 전주시 완산구 효자동2가 1227-3,전북특별자치도 전주시 완산구 우전로 260,063-229-1977,,,,unmatched_address,기존 주택 CSV의 건물 좌표; 음식점 자체 측량 좌표 아님
돈데이_송천점,덕진구 송천2동,전북특별자치도 전주시 덕진구 송천동1가 828-7,전북특별자치도 전주시 덕진구 용소로 65,063-252-3337,,,,unmatched_address,기존 주택 CSV의 건물 좌표; 음식점 자체 측량 좌표 아님
태권비어치킨,완산구 다가동,전북특별자치도 전주시 완산구 다가동3가 53-3,"전북특별자치도 전주시 완산구 전주객사2길 45, 1층",063-287-9664,,,,unmatched_address,기존 주택 CSV의 건물 좌표; 음식점 자체 측량 좌표 아님
더돌체카페,덕진구 덕진동,전북특별자치도 전주시 덕진구 덕진동2가 397-3,전북특별자치도 전주시 덕진구 가련산로 26-9,"0507-1332-6501, 063-278-6500",,,,unmatched_address,기존 주택 CSV의 건물 좌표; 음식점 자체 측량 좌표 아님
석기시대,덕진구 송천1동,전북특별자치도 전주시 덕진구 송천동2가 248-6,전북특별자치도 전주시 덕진구 붓내3길 17-5,063-272-3331,,,,unmatched_address,기존 주택 CSV의 건물 좌표; 음식점 자체 측량 좌표 아님
카페토투가,덕진구 덕진동2가,전북특별자치도 전주시 덕진구 덕진동2가 676-1 1층,전북특별자치도 전주시 덕진구 가리내9길 10 1층,010-7162-1615,127.1108427,35.84306518,덕진동,exact_road_building_match,기존 주택 CSV의 건물 좌표; 음식점 자체 측량 좌표 아님
에이비씨커피_효자4동점,완산구 효자5동,전북특별자치도 전주시 완산구 효자동2가 1196-9,전북특별자치도 전주시 완산구 천잠로 186,063-229-6777,,,,unmatched_address,기존 주택 CSV의 건물 좌표; 음식점 자체 측량 좌표 아님
별미순대,덕진구 송천동,전북특별자치도 전주시 덕진구 송천동2가 193-34,전북특별자치도 전주시 덕진구 붓내2길 16-1,063-212-3900,,,,unmatched_address,기존 주택 CSV의 건물 좌표; 음식점 자체 측량 좌표 아님
본도시락_전주송천에코시티점,덕진구 송천동1가,전북특별자치도 전주시 덕진구 송천동1가 12-10,전북특별자치도 전주시 덕진구 천마산로 100,063-278-4282,,,,unmatched_address,기존 주택 CSV의 건물 좌표; 음식점 자체 측량 좌표 아님
크라운호프_전주서신점,완산구 서신동,전북특별자치도 전주시 완산구 서신동 937-7,전북특별자치도 전주시 완산구 새터로 24,0507-1322-7766,,,,unmatched_address,기존 주택 CSV의 건물 좌표; 음식점 자체 측량 좌표 아님
전주애항아리보쌈,완산구 효자5동,전북특별자치도 전주시 완산구 효자동2가 1243-8,전북특별자치도 전주시 완산구 바우배기1길 31-9,0507-1313-5359,,,,unmatched_address,기존 주택 CSV의 건물 좌표; 음식점 자체 측량 좌표 아님
해산아구찜,덕진구 덕진동,전북특별자치도 전주시 덕진구 덕진동2가 677-11 1동 1층,전북특별자치도 전주시 덕진구 가리내10길 18-10,063-278-7776,127.1099986,35.84237613,덕진동,exact_road_building_match,기존 주택 CSV의 건물 좌표; 음식점 자체 측량 좌표 아님
하나초밥,덕진구 송천2동,전북특별자치도 전주시 덕진구 송천동1가 98,"전북특별자치도 전주시 덕진구 오송1길 37-5, 1층 101호",063-251-2257,,,,unmatched_address,기존 주택 CSV의 건물 좌표; 음식점 자체 측량 좌표 아님
피자런_완산구점,완산구 효자동2가,전북특별자치도 전주시 완산구 효자동2가 1254-3 1층,전북특별자치도 전주시 완산구 봉곡3길 36 1층,"0507-0090-6961, 063-222-8294",127.1009169,35.8119766,효자4동,exact_road_building_match,기존 주택 CSV의 건물 좌표; 음식점 자체 측량 좌표 아님
공차_전주대점,완산구 효자4동,전북특별자치도 전주시 완산구 효자동3가 1169-10,전북특별자치도 전주시 완산구 백마산길 14,070-7576-0422,127.0914967,35.81784675,효자4동,exact_road_building_match,기존 주택 CSV의 건물 좌표; 음식점 자체 측량 좌표 아님
이삭토스트_전주에코시티점,덕진구 송천2동,전북특별자치도 전주시 덕진구 송천동2가 1331-14 104호,전북특별자치도 전주시 덕진구 세병남로 29 104호,063-253-0814,,,,unmatched_address,기존 주택 CSV의 건물 좌표; 음식점 자체 측량 좌표 아님
전주생선구이본가,완산구 효자동3가,전북특별자치도 전주시 완산구 효자동3가 1467-5,전북특별자치도 전주시 완산구 서곡4길 42,063-272-3792,127.1027631,35.83305569,효자5동,exact_road_building_match,기존 주택 CSV의 건물 좌표; 음식점 자체 측량 좌표 아님
맘스터치_서신점,완산구 중화산동,전북특별자치도 전주시 완산구 중화산동2가 744-1,전북특별자치도 전주시 완산구 유연로 278,063-224-2220,,,,unmatched_address,기존 주택 CSV의 건물 좌표; 음식점 자체 측량 좌표 아님
모토이시_송천점,덕진구 송천동,전북특별자치도 전주시 덕진구 송천동2가 484,전북특별자치도 전주시 덕진구 붓내4길 8-3,010-6863-8388,,,,unmatched_address,기존 주택 CSV의 건물 좌표; 음식점 자체 측량 좌표 아님
파리몽,완산구 풍남동,전북특별자치도 전주시 완산구 전동 122-1,전북특별자치도 전주시 완산구 팔달로 143,063-221-5392,,,,unmatched_address,기존 주택 CSV의 건물 좌표; 음식점 자체 측량 좌표 아님
신포우리만두_효자휴먼시아점,완산구 효자4동,전북특별자치도 전주시 완산구 효자동2가 1318-1,전북특별자치도 전주시 완산구 호암로 77,063-222-0677,,,,unmatched_address,기존 주택 CSV의 건물 좌표; 음식점 자체 측량 좌표 아님
족발타령_본점,덕진구 송천2동,전북특별자치도 전주시 덕진구 송천동1가 561-1,전북특별자치도 전주시 덕진구 시천로 82-1,0504-2015-1942,,,,unmatched_address,기존 주택 CSV의 건물 좌표; 음식점 자체 측량 좌표 아님
평화와평화,완산구 중앙동,전북특별자치도 전주시 완산구 중앙동3가 29 3층,전북특별자치도 전주시 완산구 전라감영4길 16-7 3층,0507-1324-9340,,,,unmatched_address,기존 주택 CSV의 건물 좌표; 음식점 자체 측량 좌표 아님
카페트럼펫,덕진구 덕진동,전북특별자치도 전주시 덕진구 덕진동1가 1314-184,전북특별자치도 전주시 덕진구 명륜3길 18-7,063-252-9990,,,,unmatched_address,기존 주택 CSV의 건물 좌표; 음식점 자체 측량 좌표 아님
더리터_효자_2호점,완산구 효자3동,전북특별자치도 전주시 완산구 효자동1가 282-6,전북특별자치도 전주시 완산구 거마평로 150,063-901-3115,,,,unmatched_address,기존 주택 CSV의 건물 좌표; 음식점 자체 측량 좌표 아님
참국수,완산구 서신동,전북특별자치도 전주시 완산구 서신동 1012-1,전북특별자치도 전주시 완산구 고사평7길 23-2,063-255-7923,127.1079116,35.83829163,서신동,exact_road_building_match,기존 주택 CSV의 건물 좌표; 음식점 자체 측량 좌표 아님
동네찻집,완산구 서신동,전북특별자치도 전주시 완산구 서신동 791-2,전북특별자치도 전주시 완산구 감나무로 61-15,0507-1360-5236,127.1183001,35.83172259,서신동,exact_road_building_match,기존 주택 CSV의 건물 좌표; 음식점 자체 측량 좌표 아님
임실엔치즈하우스,완산구 효자동3가,전북특별자치도 전주시 완산구 효자동3가 1541-10,전북특별자치도 전주시 완산구 홍산중앙로 14,010-4540-1817,,,,unmatched_address,기존 주택 CSV의 건물 좌표; 음식점 자체 측량 좌표 아님
이중본,완산구 중화산동2가,전북특별자치도 전주시 완산구 중화산동2가 646-15,전북특별자치도 전주시 완산구 산월2길 9-3,063-224-7171,,,,unmatched_address,기존 주택 CSV의 건물 좌표; 음식점 자체 측량 좌표 아님
사랑오리,완산구 효자동2가,전북특별자치도 전주시 완산구 효자동2가,전북특별자치도 전주시 완산구 쑥고개로 241-6,063-229-8877,,,,unmatched_address,기존 주택 CSV의 건물 좌표; 음식점 자체 측량 좌표 아님
1250_송천점,덕진구 송천1동,전북특별자치도 전주시 덕진구 송천동2가 522-6,전북특별자치도 전주시 덕진구 붓내3길 16,063-252-2323,,,,unmatched_address,기존 주택 CSV의 건물 좌표; 음식점 자체 측량 좌표 아님
장군김밥,완산구 효자5동,전북특별자치도 전주시 완산구 효자동3가 1622-2,전북특별자치도 전주시 완산구 문학대4길 12,063-236-7642,127.1030665,35.82668497,효자5동,exact_road_building_match,기존 주택 CSV의 건물 좌표; 음식점 자체 측량 좌표 아님
에코해적선,덕진구 송천동2가,전북특별자치도 전주시 덕진구 송천동2가 1327-1,전북특별자치도 전주시 덕진구 세병1길 20,0507-1368-7882,,,,unmatched_address,기존 주택 CSV의 건물 좌표; 음식점 자체 측량 좌표 아님
바른산먹장어,덕진구 우아동2가,전북특별자치도 전주시 덕진구 우아동2가 917-1,전북특별자치도 전주시 덕진구 아중1길 16,0507-1394-8284,,,,unmatched_address,기존 주택 CSV의 건물 좌표; 음식점 자체 측량 좌표 아님
신포우리만두_홈플러스점,덕진구 우아동3가,전북특별자치도 전주시 덕진구 우아동3가,전북특별자치도 전주시 덕진구 백제대로 771,063-242-0042,,,,unmatched_address,기존 주택 CSV의 건물 좌표; 음식점 자체 측량 좌표 아님
술꽃이피다,덕진구 우아동1가,전북특별자치도 전주시 덕진구 우아동1가 1108-1,전북특별자치도 전주시 덕진구 인교로 50,010-9139-6685,127.172965,35.82609649,우아2동,exact_road_building_match,기존 주택 CSV의 건물 좌표; 음식점 자체 측량 좌표 아님
카페미미랜드_커피_앤_네일,완산구 효자동3가,전북특별자치도 전주시 완산구 효자동3가 1603-6 혜성빌 1층,전북특별자치도 전주시 완산구 황강서원2길 26-1 혜성빌1층,0507-1327-4065,127.1012224,35.82779617,효자5동,exact_road_building_match,기존 주택 CSV의 건물 좌표; 음식점 자체 측량 좌표 아님
핸즈커피_중화산점,완산구 중화산동2가,전북특별자치도 전주시 완산구 중화산동2가 755-12,"전북특별자치도 전주시 완산구 효자로289, 1층",063-224-8118,,,,unmatched_address,기존 주택 CSV의 건물 좌표; 음식점 자체 측량 좌표 아님
도누그릴,완산구 서신동,전북특별자치도 전주시 완산구 서신동 862-4,전북특별자치도 전주시 완산구 전룡2길 6,063-255-1709,,,,unmatched_address,기존 주택 CSV의 건물 좌표; 음식점 자체 측량 좌표 아님
번지농장돌판아구찜_송천점,덕진구 송천동,전북특별자치도 전주시 덕진구 송천동1가 113-1,전북특별자치도 전주시 덕진구 솔내8길 23-12,063-254-2626,,,,unmatched_address,기존 주택 CSV의 건물 좌표; 음식점 자체 측량 좌표 아님
강경원달인만두가_동서로마트점,덕진구 송천동,전북특별자치도 전주시 덕진구 송천동1가 97-28,전북특별자치도 전주시 덕진구 천마산로 68,063-241-0822,,,,unmatched_address,기존 주택 CSV의 건물 좌표; 음식점 자체 측량 좌표 아님
13_11컴패니언,완산구 중화산동2가,전북특별자치도 전주시 완산구 중화산동2가 550-1,전북특별자치도 전주시 완산구 따박골6길41,0507-1498-5616,127.1281654,35.81029268,중화산1동,exact_parcel_building_match,기존 주택 CSV의 건물 좌표; 음식점 자체 측량 좌표 아님
못난이꽈배기_전주효자점,완산구 효자4동,전북특별자치도 전주시 완산구 효자동2가 1266-8,전북특별자치도 전주시 완산구 구룡1길 26,063-226-2800,,,,unmatched_address,기존 주택 CSV의 건물 좌표; 음식점 자체 측량 좌표 아님
차이킹,완산구 효자5동,전북특별자치도 전주시 완산구 효자동2가 1242-1 202호,전북특별자치도 전주시 완산구 홍산남로 14 202호,063-221-8383,,,,unmatched_address,기존 주택 CSV의 건물 좌표; 음식점 자체 측량 좌표 아님
하이트광장_전주대점,완산구 효자동,전북특별자치도 전주시 완산구 효자동3가 1167-5 2층,전북특별자치도 전주시 완산구 백마산길 10 2층,063-223-2723,,,,unmatched_address,기존 주택 CSV의 건물 좌표; 음식점 자체 측량 좌표 아님
서호순대촌,완산구 서신동,전북특별자치도 전주시 완산구 서신동 965-2 101호,전북특별자치도 전주시 완산구 서신로 102,063-275-1727,,,,unmatched_address,기존 주택 CSV의 건물 좌표; 음식점 자체 측량 좌표 아님
장꼬방,완산구 효자5동,전북특별자치도 전주시 완산구 효자동3가 1674-1,전북특별자치도 전주시 완산구 용호로 195,063-909-3329,127.0968397,35.82064071,효자5동,exact_road_building_match,기존 주택 CSV의 건물 좌표; 음식점 자체 측량 좌표 아님
진미면막국수,덕진구 우아동2가,전북특별자치도 전주시 덕진구 우아동2가 897-5 1층,전북특별자치도 전주시 덕진구 석소5길 13,063-225-2508,,,,unmatched_address,기존 주택 CSV의 건물 좌표; 음식점 자체 측량 좌표 아님
더문,완산구 효자5동,전북특별자치도 전주시 완산구 효자동3가 1691-9,전북특별자치도 전주시 완산구 배학2길 39,010-2484-6307,127.1013377,35.81966887,효자5동,exact_road_building_match,기존 주택 CSV의 건물 좌표; 음식점 자체 측량 좌표 아님
본한우설렁탕,완산구 서신동,전북특별자치도 전주시 완산구 서신동 968-8,전북특별자치도 전주시 완산구 새터로 122-11,063-253-1025,,,,unmatched_address,기존 주택 CSV의 건물 좌표; 음식점 자체 측량 좌표 아님
전주본가,완산구 서신동,전북특별자치도 전주시 완산구 서신동 837-2,전북특별자치도 전주시 완산구 서신로 16,063-254-5645,,,,unmatched_address,기존 주택 CSV의 건물 좌표; 음식점 자체 측량 좌표 아님
몽상블,완산구 풍남동,전북특별자치도 전주시 완산구 전동 136-8,전북특별자치도 전주시 완산구 팔달로 156-2,063-287-9068,,,,unmatched_address,기존 주택 CSV의 건물 좌표; 음식점 자체 측량 좌표 아님
샘물맥주_효자1호점,완산구 효자동,전북특별자치도 전주시 완산구 효자동3가 1667-7,전북특별자치도 전주시 완산구 마전들로 55,063-225-1253,,,,unmatched_address,기존 주택 CSV의 건물 좌표; 음식점 자체 측량 좌표 아님
전주부븸온,완산구 풍남동,전북특별자치도 전주시 완산구 경원동3가 14-2,전북특별자치도 전주시 완산구 현무1길 20,063-282-9400,,,,unmatched_address,기존 주택 CSV의 건물 좌표; 음식점 자체 측량 좌표 아님
배스킨라빈스_전주중화산점,완산구 서신동,전북특별자치도 전주시 완산구 서신동 857,전북특별자치도 전주시 완산구 유연로 281,063-253-3030,,,,unmatched_address,기존 주택 CSV의 건물 좌표; 음식점 자체 측량 좌표 아님
이디야커피_전주서신점,완산구 서신동,전북특별자치도 전주시 완산구 서신동 968-7,전북특별자치도 전주시 완산구 여울로 17-8,063-254-1060,,,,unmatched_address,기존 주택 CSV의 건물 좌표; 음식점 자체 측량 좌표 아님
형우짬뽕,완산구 서신동,전북특별자치도 전주시 완산구 서신동 941-6,전북특별자치도 전주시 완산구 고사평1길 22-7,063-255-4185,,,,unmatched_address,기존 주택 CSV의 건물 좌표; 음식점 자체 측량 좌표 아님
덮밥만드는남자,완산구 고사동,전북특별자치도 전주시 완산구 고사동 473-9,전북특별자치도 전주시 완산구 전주객사2길 46-12,063-282-8360,,,,unmatched_address,기존 주택 CSV의 건물 좌표; 음식점 자체 측량 좌표 아님
해오름한식뷔페,완산구 효자5동,전북특별자치도 전주시 완산구 효자동2가 1229-6 수정빌딩 2층,전북특별자치도 전주시 완산구 홍산북로 13 수정빌딩 2층,063-237-2070,,,,unmatched_address,기존 주택 CSV의 건물 좌표; 음식점 자체 측량 좌표 아님
메가엠지씨커피_전주효자휴먼시아점,완산구 효자5동,전북특별자치도 전주시 완산구 효자동2가 1319-2 성심빌딩 1층,전북특별자치도 전주시 완산구 호암로 80,063-906-2066,,,,unmatched_address,기존 주택 CSV의 건물 좌표; 음식점 자체 측량 좌표 아님
케이빈,덕진구 덕진동1가,전북특별자치도 전주시 덕진구 덕진동1가 1314-195,전북특별자치도 전주시 덕진구 명륜1길 13-24,010-4450-6771,,,,unmatched_address,기존 주택 CSV의 건물 좌표; 음식점 자체 측량 좌표 아님
홍익궁중전통육개장_서신점,완산구 서신동,전북특별자치도 전주시 완산구 서신동  969-3,전북특별자치도 전주시 완산구 새터로 122-13,063-251-8609,,,,unmatched_address,기존 주택 CSV의 건물 좌표; 음식점 자체 측량 좌표 아님
갓포마츠,완산구 효자동,전북특별자치도 전주시 완산구 효자동2가 1237-1,전북특별자치도 전주시 완산구 바우배기2길 23-6,063-222-2221,,,,unmatched_address,기존 주택 CSV의 건물 좌표; 음식점 자체 측량 좌표 아님
나무카페,완산구 서신동,전북특별자치도 전주시 완산구 서신동 817 1층,전북특별자치도 전주시 완산구 서신천변11길 11 1층,0507-1301-3163,,,,unmatched_address,기존 주택 CSV의 건물 좌표; 음식점 자체 측량 좌표 아님
솔솔커피,완산구 중화산동,전북특별자치도 전주시 완산구 중화산동2가 708-9 1층,전북특별자치도 전주시 완산구 메너머1길 30,063-222-1358,127.1196331,35.82106244,중화산2동,exact_road_building_match,기존 주택 CSV의 건물 좌표; 음식점 자체 측량 좌표 아님
고향숯불에구운족발보쌈_전북본점,완산구 중화산동2가,전북특별자치도 전주시 완산구 중화산동2가 467-1,전북특별자치도 전주시 완산구 중화산로 29,063-229-1048,,,,unmatched_address,기존 주택 CSV의 건물 좌표; 음식점 자체 측량 좌표 아님
한솥밥,덕진구 우아동1가,전북특별자치도 전주시 덕진구 우아동1가 1091-3,전북특별자치도 전주시 덕진구 인교2길 9-4,063-241-2761,,,,unmatched_address,기존 주택 CSV의 건물 좌표; 음식점 자체 측량 좌표 아님
동창국밥,완산구 중화산동2가,전북특별자치도 전주시 완산구 중화산동2가 773-1,전북특별자치도 전주시 완산구 신촌4길 18-9,063-224-1186,,,,unmatched_address,기존 주택 CSV의 건물 좌표; 음식점 자체 측량 좌표 아님
막이오름_전북도청점,완산구 효자동3가,전북특별자치도 전주시 완산구 효자동3가 1530-1,전북특별자치도 전주시 완산구 홍산북로 69-6,063-714-2677,,,,unmatched_address,기존 주택 CSV의 건물 좌표; 음식점 자체 측량 좌표 아님
황가네꼼장어닭발_혁신점,덕진구 혁신동,전북특별자치도 전주시 덕진구 중동 776-5,전북특별자치도 전주시 덕진구 오공로 33-6,063-224-5092,,,,unmatched_address,기존 주택 CSV의 건물 좌표; 음식점 자체 측량 좌표 아님
롯데리아_전주효자씨지브이점,완산구 효자동1가,전북특별자치도 전주시 완산구 효자동1가 434,전북특별자치도 전주시 완산구 용머리로 45,0507-1399-0222,,,,unmatched_address,기존 주택 CSV의 건물 좌표; 음식점 자체 측량 좌표 아님
본설렁탕_전주전북도청점,완산구 효자동,전북특별자치도 전주시 완산구 효자동2가 1237-7,전북특별자치도 전주시 완산구 홍산남로 29-25,063-227-4282,,,,unmatched_address,기존 주택 CSV의 건물 좌표; 음식점 자체 측량 좌표 아님
주나루,완산구 다가동4가,"전북특별자치도 전주시 완산구 다가동4가 80-4 1층, 2층","전북특별자치도 전주시 완산구 전주객사2길 55 1층, 2층",0507-1380-7824,,,,unmatched_address,기존 주택 CSV의 건물 좌표; 음식점 자체 측량 좌표 아님
정거장,덕진구 우아동3가,전북특별자치도 전주시 덕진구 우아동3가 746-64,전북특별자치도 전주시 덕진구 백제대로 829,063-242-1717,,,,unmatched_address,기존 주택 CSV의 건물 좌표; 음식점 자체 측량 좌표 아님
열라불라연탄집_송천점,덕진구 송천동1가,전북특별자치도 전주시 덕진구 송천동1가 137-127,전북특별자치도 전주시 덕진구 솔내로 111,063-251-6682,,,,unmatched_address,기존 주택 CSV의 건물 좌표; 음식점 자체 측량 좌표 아님
더리터_에코시티점,덕진구 송천동,전북특별자치도 전주시 덕진구 송천동2가 1326-7,전북특별자치도 전주시 덕진구 세병로 28,063-255-2342,,,,unmatched_address,기존 주택 CSV의 건물 좌표; 음식점 자체 측량 좌표 아님
로스터리마노,완산구 서신동,전북특별자치도 전주시 완산구 서신동 1013-13,전북특별자치도 전주시 완산구 고사평5길 24-6,063-254-1100,,,,unmatched_address,기존 주택 CSV의 건물 좌표; 음식점 자체 측량 좌표 아님
장미맨숀_송천점,덕진구 송천1동,전북특별자치도 전주시 덕진구 송천동2가 484-7,전북특별자치도 전주시 덕진구 붓내3길 9-4,063-904-9700,,,,unmatched_address,기존 주택 CSV의 건물 좌표; 음식점 자체 측량 좌표 아님
바르다김선생_전주효자점,완산구 효자5동,전북특별자치도 전주시 완산구 효자동2가 1154-1 105호,전북특별자치도 전주시 완산구 홍산로 246,063-228-4499,,,,unmatched_address,기존 주택 CSV의 건물 좌표; 음식점 자체 측량 좌표 아님
쌈밥마을고기나라,덕진구 산정동,전북특별자치도 전주시 덕진구 산정동 874-9,전북특별자치도 전주시 덕진구 건산로 305,063-246-4060,,,,unmatched_address,기존 주택 CSV의 건물 좌표; 음식점 자체 측량 좌표 아님
오랄라,덕진구 송천동,전북특별자치도 전주시 덕진구 송천동1가 819-1 1층,전북특별자치도 전주시 덕진구 두간5길 9 1층,010-7204-7580,,,,unmatched_address,기존 주택 CSV의 건물 좌표; 음식점 자체 측량 좌표 아님
천변집황칠능이백숙,완산구 효자동2가,전북특별자치도 전주시 완산구 효자동2가 135-6,전북특별자치도 전주시 완산구 세내로 193,0507-1463-3471,,,,unmatched_address,기존 주택 CSV의 건물 좌표; 음식점 자체 측량 좌표 아님
번지농장돌판아귀찜_효자점,완산구 효자동,전북특별자치도 전주시 완산구 효자동3가 1539-4,전북특별자치도 전주시 완산구 홍산남로 77,063-237-1233,,,,unmatched_address,기존 주택 CSV의 건물 좌표; 음식점 자체 측량 좌표 아님
참치일번가_중화산본점,완산구 중화산동,전북특별자치도 전주시 완산구 중화산동2가  735-7,전북특별자치도 전주시 완산구 메너머3길 32,063-228-5005,,,,unmatched_address,기존 주택 CSV의 건물 좌표; 음식점 자체 측량 좌표 아님
무한퓨전,완산구 효자동1가,전북특별자치도 전주시 완산구 효자동1가 664-8,전북특별자치도 전주시 완산구 효자천변1길 30-13,063-228-3051,,,,unmatched_address,기존 주택 CSV의 건물 좌표; 음식점 자체 측량 좌표 아님
전주회센터3층18호,덕진구 송천1동,전북특별자치도 전주시 덕진구 송천동2가 587-5 전주회센터 3층 18호,전북특별자치도 전주시 덕진구 시천로 96-14 전주회센터 3층 18호,063-278-0794,,,,unmatched_address,기존 주택 CSV의 건물 좌표; 음식점 자체 측량 좌표 아님
현아네등갈비찜_본점,완산구 중화산동,전북특별자치도 전주시 완산구 중화산동2가 592-16,전북특별자치도 전주시 완산구 중화산로 98,063-236-3220,,,,unmatched_address,기존 주택 CSV의 건물 좌표; 음식점 자체 측량 좌표 아님
보리보리,완산구 효자동,전북특별자치도 전주시 완산구 효자동3가 1528-4,전북특별자치도 전주시 완산구 홍산4길 12,063-229-9291,,,,unmatched_address,기존 주택 CSV의 건물 좌표; 음식점 자체 측량 좌표 아님
낙지마쪽갈비,덕진구 송천동,전북특별자치도 전주시 덕진구 송천동2가 179-116 CM빌딩 112호,전북특별자치도 전주시 덕진구 사근1길 31 CM빌딩 112호,063-901-1660,,,,unmatched_address,기존 주택 CSV의 건물 좌표; 음식점 자체 측량 좌표 아님
맥공_에코시티점,덕진구 송천2동,전북특별자치도 전주시 덕진구 송천동2가 1301-2 대강빌딩2,"전북특별자치도 전주시 덕진구 세병로 174-10, 대강빌딩2 1층 107호",063-278-5600,,,,unmatched_address,기존 주택 CSV의 건물 좌표; 음식점 자체 측량 좌표 아님
황제면가,완산구 풍남동,전북특별자치도 전주시 완산구 교동 232-1,전북특별자치도 전주시 완산구 향교길 22,063-274-7942,,,,unmatched_address,기존 주택 CSV의 건물 좌표; 음식점 자체 측량 좌표 아님
미장생술집_중화산점,완산구 중화산동,전북특별자치도 전주시 완산구 중화산동2가 755-11,전북특별자치도 전주시 완산구 효자로 291,063-222-0107,,,,unmatched_address,기존 주택 CSV의 건물 좌표; 음식점 자체 측량 좌표 아님
시완이네고창민물장어,완산구 중화산동2가,전북특별자치도 전주시 완산구 중화산동2가 627-10,전북특별자치도 전주시 완산구 중산5길 14,063-223-9277,,,,unmatched_address,기존 주택 CSV의 건물 좌표; 음식점 자체 측량 좌표 아님
신본참치,완산구 효자5동,전북특별자치도 전주시 완산구 효자동3가 1648-3 2층,전북특별자치도 전주시 완산구 마전들로 71,063-226-7171,,,,unmatched_address,기존 주택 CSV의 건물 좌표; 음식점 자체 측량 좌표 아님
바른치킨_전주송천점,덕진구 송천동,전북특별자치도 전주시 덕진구 송천동1가 98-1 1층 102호,전북특별자치도 전주시 덕진구 오송1길 37-7 1층 102호,063-255-5154,,,,unmatched_address,기존 주택 CSV의 건물 좌표; 음식점 자체 측량 좌표 아님
생참치시대_본점,덕진구 혁신동,전북특별자치도 전주시 덕진구 중동 782-6 1층,전북특별자치도 전주시 덕진구 오정2길 12 1층,063-221-3553,127.061061,35.83511501,혁신동,exact_road_building_match,기존 주택 CSV의 건물 좌표; 음식점 자체 측량 좌표 아님
참좋은갈비,완산구 서신동,전북특별자치도 전주시 완산구 서신동  953-6,전북특별자치도 전주시 완산구 고사평2길 19,063-252-6800,,,,unmatched_address,기존 주택 CSV의 건물 좌표; 음식점 자체 측량 좌표 아님
꿀비,완산구 효자동2가,전북특별자치도 전주시 완산구 효자동2가 1312-2,전북특별자치도 전주시 완산구 후곡길 12-6,063-226-5277,,,,unmatched_address,기존 주택 CSV의 건물 좌표; 음식점 자체 측량 좌표 아님
풍년제과카페_아중요양병원점,덕진구 우아동2가,전북특별자치도 전주시 덕진구 우아동2가 933-9,전북특별자치도 전주시 덕진구 아중로 225,063-285-9988,,,,unmatched_address,기존 주택 CSV의 건물 좌표; 음식점 자체 측량 좌표 아님
큰집닭강정,덕진구 송천동,전북특별자치도 전주시 덕진구 송천동1가 107-103,전북특별자치도 전주시 덕진구 천마산로 58,063-255-8225,,,,unmatched_address,기존 주택 CSV의 건물 좌표; 음식점 자체 측량 좌표 아님
고궁,덕진구 덕진동,전북특별자치도 전주시 덕진구 덕진동2가 168-9,전북특별자치도 전주시 덕진구 송천중앙로 33,063-251-3211,,,,unmatched_address,기존 주택 CSV의 건물 좌표; 음식점 자체 측량 좌표 아님
60계치킨_전주전북대점,덕진구 덕진동,전북특별자치도 전주시 덕진구 덕진동1가 1314-203 1층 1호,전북특별자치도 전주시 덕진구 명륜5길 17 1층 1호,0504-2015-2199,,,,unmatched_address,기존 주택 CSV의 건물 좌표; 음식점 자체 측량 좌표 아님
남촌칼국수_전주본점,완산구 효자5동,전북특별자치도 전주시 완산구 효자동3가 1696-7 1층,전북특별자치도 전주시 완산구 석산2길 7 1층,063-221-1030,,,,unmatched_address,기존 주택 CSV의 건물 좌표; 음식점 자체 측량 좌표 아님
왕뚜껑삼겹살_중화산점,완산구 중화산동,전북특별자치도 전주시 완산구 중화산동2가  613-13,전북특별자치도 전주시 완산구 중화산로 72,063-288-8892,,,,unmatched_address,기존 주택 CSV의 건물 좌표; 음식점 자체 측량 좌표 아님
미스터리초밥집_서신점,완산구 서신동,전북특별자치도 전주시 완산구 서신동 812-4 1층,전북특별자치도 전주시 완산구 서신로 46 1층,063-272-7391,,,,unmatched_address,기존 주택 CSV의 건물 좌표; 음식점 자체 측량 좌표 아님
육회한남자들의달달한밤,완산구 효자5동,전북특별자치도 전주시 완산구 효자동3가 1539-2 1층,전북특별자치도 전주시 완산구 홍산남로 73 1층,0507-1441-5355,,,,unmatched_address,기존 주택 CSV의 건물 좌표; 음식점 자체 측량 좌표 아님
키즈다쿵,덕진구 송천동,전북특별자치도 전주시 덕진구 송천동2가 1336-1 에이스빌딩 6층,전북특별자치도 전주시 덕진구 세병서로 22 에이스빌딩 6층,063-273-7279,,,,unmatched_address,기존 주택 CSV의 건물 좌표; 음식점 자체 측량 좌표 아님
진까,완산구 풍남동,전북특별자치도 전주시 완산구 교동 202-2,전북특별자치도 전주시 완산구 향교길 48,010-8772-7017,,,,unmatched_address,기존 주택 CSV의 건물 좌표; 음식점 자체 측량 좌표 아님
벌크커피_신시가지점,완산구 효자동3가,전북특별자치도 전주시 완산구 효자동3가 1534-1 1층,전북특별자치도 전주시 완산구 홍산남로 45 1층,063-909-5225,,,,unmatched_address,기존 주택 CSV의 건물 좌표; 음식점 자체 측량 좌표 아님
역전우동0410_전북도청점,완산구 효자동3가,전북특별자치도 전주시 완산구 효자동3가 1534-6,전북특별자치도 전주시 완산구 홍산남로 59,063-909-0098,,,,unmatched_address,기존 주택 CSV의 건물 좌표; 음식점 자체 측량 좌표 아님
장수한우곱창,완산구 효자동2가,전북특별자치도 전주시 완산구 효자동2가 1309-8,전북특별자치도 전주시 완산구 후곡길 11-4,063-221-7684,127.0954717,35.80978206,효자4동,exact_road_building_match,기존 주택 CSV의 건물 좌표; 음식점 자체 측량 좌표 아님
갑기원_만성점,덕진구 혁신동,"전북특별자치도 전주시 덕진구 만성동 1372-3 301, 302호",전북특별자치도 전주시 덕진구 만성중앙로 53-37,0507-1391-7744,,,,unmatched_address,기존 주택 CSV의 건물 좌표; 음식점 자체 측량 좌표 아님
요거프레소_전주하가점,덕진구 덕진동,전북특별자치도 전주시 덕진구 덕진동2가 667-3,전북특별자치도 전주시 덕진구 추탄로 46,063-276-0088,,,,unmatched_address,기존 주택 CSV의 건물 좌표; 음식점 자체 측량 좌표 아님
다산가든,덕진구 송천1동,전북특별자치도 전주시 덕진구 송천동1가 543-17,전북특별자치도 전주시 덕진구 용소로 113-7,063-252-4785,,,,unmatched_address,기존 주택 CSV의 건물 좌표; 음식점 자체 측량 좌표 아님
옛사천성,완산구 서신동,전북특별자치도 전주시 완산구 서신동 806-2,전북특별자치도 전주시 완산구 안터6길 35,0504-0544-2991,,,,unmatched_address,기존 주택 CSV의 건물 좌표; 음식점 자체 측량 좌표 아님
왓커피_서곡점,완산구 효자5동,전북특별자치도 전주시 완산구 효자동3가 1452-2 1층,전북특별자치도 전주시 완산구 세내로 558 1층,010-3164-1882,,,,unmatched_address,기존 주택 CSV의 건물 좌표; 음식점 자체 측량 좌표 아님
롯데리아_전주도청점,완산구 효자동2가,전북특별자치도 전주시 완산구 효자동2가 1239-4,전북특별자치도 전주시 완산구 홍산로 253,063-221-0661,,,,unmatched_address,기존 주택 CSV의 건물 좌표; 음식점 자체 측량 좌표 아님
오늘의날씨,덕진구 송천동,전북특별자치도 전주시 덕진구 송천동1가 395-16,전북특별자치도 전주시 덕진구 송천중앙로 130,0507-1335-4268,,,,unmatched_address,기존 주택 CSV의 건물 좌표; 음식점 자체 측량 좌표 아님
매운손맛,완산구 중화산동,전북특별자치도 전주시 완산구 중화산동2가 776-5,전북특별자치도 전주시 완산구 신촌4길 10,063-224-9998,,,,unmatched_address,기존 주택 CSV의 건물 좌표; 음식점 자체 측량 좌표 아님
다미가,완산구 서신동,전북특별자치도 전주시 완산구 서신동 816-2,전북특별자치도 전주시 완산구 서신천변12길 4,063-903-1439,,,,unmatched_address,기존 주택 CSV의 건물 좌표; 음식점 자체 측량 좌표 아님
아젤리아_효자점,완산구 효자4동,전북특별자치도 전주시 완산구 효자동2가 1214-5,전북특별자치도 전주시 완산구 쑥고개로 317,063-222-1448,,,,unmatched_address,기존 주택 CSV의 건물 좌표; 음식점 자체 측량 좌표 아님
프레드피자_전주1호점,완산구 중화산동2가,전북특별자치도 전주시 완산구 중화산동2가 755-2,전북특별자치도 전주시 완산구 중화산로 113,0507-1472-7280,,,,unmatched_address,기존 주택 CSV의 건물 좌표; 음식점 자체 측량 좌표 아님
보리마당,완산구 효자동,전북특별자치도 전주시 완산구 효자동3가 1469-6,전북특별자치도 전주시 완산구 서곡4길 43,0507-1343-0991,127.1029949,35.83280521,효자5동,exact_road_building_match,기존 주택 CSV의 건물 좌표; 음식점 자체 측량 좌표 아님
온고을회포차,완산구 중화산동2가,전북특별자치도 전주시 완산구 중화산동2가 663-5,전북특별자치도 전주시 완산구 한두평1길 17-9,063-288-1777,,,,unmatched_address,기존 주택 CSV의 건물 좌표; 음식점 자체 측량 좌표 아님
하참치,완산구 서신동,전북특별자치도 전주시 완산구 서신동 939-1,전북특별자치도 전주시 완산구 고사평4길 11,063-276-3735,,,,unmatched_address,기존 주택 CSV의 건물 좌표; 음식점 자체 측량 좌표 아님
청기와뼈해장국감자탕전문점,덕진구 송천동,전북특별자치도 전주시 덕진구 송천동2가 38-2 1층,전북특별자치도 전주시 덕진구 동부대로 962 1층,063-275-1313,,,,unmatched_address,기존 주택 CSV의 건물 좌표; 음식점 자체 측량 좌표 아님
우리동네커피,완산구 효자동1가,전북특별자치도 전주시 완산구 효자동1가 518-12,전북특별자치도 전주시 완산구 효동2길 4,0507-1486-8885,,,,unmatched_address,기존 주택 CSV의 건물 좌표; 음식점 자체 측량 좌표 아님
부자순대집,완산구 효자동,전북특별자치도 전주시 완산구 효자동1가 664-7,전북특별자치도 전주시 완산구 효자천변1길 32-14,063-223-7504,,,,unmatched_address,기존 주택 CSV의 건물 좌표; 음식점 자체 측량 좌표 아님
한온,완산구 다가동3가,전북특별자치도 전주시 완산구 다가동3가 24-13,전북특별자치도 전주시 완산구 전주객사1길 12-3,0507-1367-8324,,,,unmatched_address,기존 주택 CSV의 건물 좌표; 음식점 자체 측량 좌표 아님
감동인생족발,덕진구 송천동,전북특별자치도 전주시 덕진구 송천동2가 179-121 2층,전북특별자치도 전주시 덕진구 사근1길 37 2층,063-714-2918,,,,unmatched_address,기존 주택 CSV의 건물 좌표; 음식점 자체 측량 좌표 아님
강남최부자집_전주신시가지점,완산구 효자5동,전북특별자치도 전주시 완산구 효자동3가 1535-3 1층,전북특별자치도 전주시 완산구 홍산중앙로 37 1층,063-221-1500,,,,unmatched_address,기존 주택 CSV의 건물 좌표; 음식점 자체 측량 좌표 아님
블리스플_만성점,덕진구 만성동,전북특별자치도 전주시 덕진구 만성동 1365-3 1층 101호,전북특별자치도 전주시 덕진구 만성중앙로 17-16 1층 101호,063-211-9702,,,,unmatched_address,기존 주택 CSV의 건물 좌표; 음식점 자체 측량 좌표 아님
비어드파파_전주효자점,완산구 효자4동,전북특별자치도 전주시 완산구 효자동3가 1648-6,전북특별자치도 전주시 완산구 마전들로 77,063-282-9393,,,,unmatched_address,기존 주택 CSV의 건물 좌표; 음식점 자체 측량 좌표 아님
장수농장,완산구 효자동,전북특별자치도 전주시 완산구 효자동2가 1230-8,전북특별자치도 전주시 완산구 홍산북로 21-7,063-226-5678,,,,unmatched_address,기존 주택 CSV의 건물 좌표; 음식점 자체 측량 좌표 아님
처갓집양념치킨_덕진하가점,덕진구 덕진동2가,전북특별자치도 전주시 덕진구 덕진동2가 661-7,전북특별자치도 전주시 덕진구 가리내5길 16,063-272-9262,127.1099445,35.84609945,덕진동,exact_road_building_match,기존 주택 CSV의 건물 좌표; 음식점 자체 측량 좌표 아님
파스쿠찌_전북도청점,완산구 효자동2가,전북특별자치도 전주시 완산구 효자동2가 1234-2,전북특별자치도 전주시 완산구 바우배기2길 11,063-223-8497,,,,unmatched_address,기존 주택 CSV의 건물 좌표; 음식점 자체 측량 좌표 아님
역전할머니맥주_전주만성점,덕진구 혁신동,전북특별자치도 전주시 덕진구 만성동 1373-2 1층,전북특별자치도 전주시 덕진구 만성중앙로 49,063-213-6939,,,,unmatched_address,기존 주택 CSV의 건물 좌표; 음식점 자체 측량 좌표 아님
카페제이엔젤,덕진구 송천동,전북특별자치도 전주시 덕진구 송천동1가 393-13,전북특별자치도 전주시 덕진구 솔내5길 28,0507-1324-5705,127.1234151,35.85677787,송천1동,exact_road_building_match,기존 주택 CSV의 건물 좌표; 음식점 자체 측량 좌표 아님
다미부대찌개,덕진구 송천1동,전북특별자치도 전주시 덕진구 송천동1가 137-69,전북특별자치도 전주시 덕진구 솔내8길 41,063-273-6861,,,,unmatched_address,기존 주택 CSV의 건물 좌표; 음식점 자체 측량 좌표 아님
씨플랫,완산구 효자5동,전북특별자치도 전주시 완산구 효자동3가 1645-8 1층,전북특별자치도 전주시 완산구 마전로 5 1층,063-287-2226,,,,unmatched_address,기존 주택 CSV의 건물 좌표; 음식점 자체 측량 좌표 아님
화산국수,완산구 중화산동,전북특별자치도 전주시 완산구 중화산동2가 541-3,전북특별자치도 전주시 완산구 따박골로 57-5,063-232-4940,,,,unmatched_address,기존 주택 CSV의 건물 좌표; 음식점 자체 측량 좌표 아님
탕화쿵푸마라탕_효자동점,완산구 효자5동,전북특별자치도 전주시 완산구 효자동3가 1534-2 1층 101호,전북특별자치도 전주시 완산구 홍산남로 47 1층 101호,063-224-8898,,,,unmatched_address,기존 주택 CSV의 건물 좌표; 음식점 자체 측량 좌표 아님
족발야시장_전주혁신도시점,덕진구 혁신동,전북특별자치도 전주시 덕진구 중동 775-3 109호,전북특별자치도 전주시 덕진구 기지로 86 109호,0504-2015-1405,,,,unmatched_address,기존 주택 CSV의 건물 좌표; 음식점 자체 측량 좌표 아님
탐앤탐스_전주점,완산구 중화산동2가,전북특별자치도 전주시 완산구 중화산동2가 771-3,전북특별자치도 전주시 완산구 효자로 288,063-236-3565,,,,unmatched_address,기존 주택 CSV의 건물 좌표; 음식점 자체 측량 좌표 아님
커피콩,완산구 효자4동,전북특별자치도 전주시 완산구 효자동3가 1730-5,전북특별자치도 전주시 완산구 용호로 105,063-224-1128,127.0968204,35.8126141,효자4동,exact_road_building_match,기존 주택 CSV의 건물 좌표; 음식점 자체 측량 좌표 아님
블리스플_전라감영점,완산구 중앙동4가,전북특별자치도 전주시 완산구 중앙동4가 31-7,전북특별자치도 전주시 완산구 전라감영로 40,0507-1455-9703,,,,unmatched_address,기존 주택 CSV의 건물 좌표; 음식점 자체 측량 좌표 아님
예우랑_혁신점,덕진구 혁신동,전북특별자치도 전주시 덕진구 중동 776-7,전북특별자치도 전주시 덕진구 오공로 37,063-905-5577,,,,unmatched_address,기존 주택 CSV의 건물 좌표; 음식점 자체 측량 좌표 아님
금화왕돈까스_전주산정점,덕진구 산정동,전북특별자치도 전주시 덕진구 산정동 800,전북특별자치도 전주시 덕진구 동부대로 586,063-247-1082,,,,unmatched_address,기존 주택 CSV의 건물 좌표; 음식점 자체 측량 좌표 아님
한마음고기,덕진구 송천동1가,전북특별자치도 전주시 덕진구 송천동1가 138-2 2층,전북특별자치도 전주시 덕진구 솔내로 121 2층,0507-1490-6070,,,,unmatched_address,기존 주택 CSV의 건물 좌표; 음식점 자체 측량 좌표 아님
아구나라,덕진구 송천동,전북특별자치도 전주시 덕진구 송천동1가 835-4,전북특별자치도 전주시 덕진구 용소로 68,063-251-4525,,,,unmatched_address,기존 주택 CSV의 건물 좌표; 음식점 자체 측량 좌표 아님
여수굴세꼬시,덕진구 우아동2가,전북특별자치도 전주시 덕진구 우아동2가 859-6,전북특별자치도 전주시 덕진구 진버들7길 11,063-241-7762,,,,unmatched_address,기존 주택 CSV의 건물 좌표; 음식점 자체 측량 좌표 아님
빈앤빈,덕진구 송천동,전북특별자치도 전주시 덕진구 송천동2가 202-5,전북특별자치도 전주시 덕진구 솔내로 170-1,063-271-2622,,,,unmatched_address,기존 주택 CSV의 건물 좌표; 음식점 자체 측량 좌표 아님
슈가빌리지,완산구 효자동3가,전북특별자치도 전주시 완산구 효자동3가 1731-1 1층,전북특별자치도 전주시 완산구 봉곡2길 35 1층,010-8892-8618,127.0944864,35.81195461,효자4동,exact_road_building_match,기존 주택 CSV의 건물 좌표; 음식점 자체 측량 좌표 아님
1도씨맥주_에코시티점,덕진구 송천동2가,전북특별자치도 전주시 덕진구 송천동2가 1327-10,전북특별자치도 전주시 덕진구 세병2길 31-3,063-251-2501,,,,unmatched_address,기존 주택 CSV의 건물 좌표; 음식점 자체 측량 좌표 아님
닭찬들마켓_서신점,완산구 서신동,전북특별자치도 전주시 완산구 서신동 797-1,전북특별자치도 전주시 완산구 당산로 38,063-903-8035,,,,unmatched_address,기존 주택 CSV의 건물 좌표; 음식점 자체 측량 좌표 아님
섬진강,완산구 중화산동,전북특별자치도 전주시 완산구 중화산동2가 533-6,전북특별자치도 전주시 완산구 산월1길 5,063-224-8621,,,,unmatched_address,기존 주택 CSV의 건물 좌표; 음식점 자체 측량 좌표 아님
도야족발_송천점,덕진구 송천2동,전북특별자치도 전주시 덕진구 송천동1가 811-2,전북특별자치도 전주시 덕진구 두간로 56,063-902-8181,,,,unmatched_address,기존 주택 CSV의 건물 좌표; 음식점 자체 측량 좌표 아님
태종대조개구이,덕진구 우아동3가,전북특별자치도 전주시 덕진구 우아동3가 747-2,전북특별자치도 전주시 덕진구 우아7길 9-5,0507-1328-4436,,,,unmatched_address,기존 주택 CSV의 건물 좌표; 음식점 자체 측량 좌표 아님
휴림집앤버거_본점,완산구 효자동2가,전북특별자치도 전주시 완산구 효자동2가 1057-5,전북특별자치도 전주시 완산구 천잠로 227-12,063-225-0312,,,,unmatched_address,기존 주택 CSV의 건물 좌표; 음식점 자체 측량 좌표 아님
애프터아트,완산구 효자5동,전북특별자치도 전주시 완산구 효자동3가 1613-1 1층 101호,전북특별자치도 전주시 완산구 문학대6길 14 1층 101호,010-5925-3673,127.103361,35.82831933,효자5동,exact_road_building_match,기존 주택 CSV의 건물 좌표; 음식점 자체 측량 좌표 아님
더로스_서신점,완산구 서신동,전북특별자치도 전주시 완산구 서신동 837-3,전북특별자치도 전주시 완산구 서신로 14,063-271-9933,,,,unmatched_address,기존 주택 CSV의 건물 좌표; 음식점 자체 측량 좌표 아님
이삭토스트_서일점,완산구 서신동,전북특별자치도 전주시 완산구 서신동 963-6,전북특별자치도 전주시 완산구 서신로 103,063-277-5689,,,,unmatched_address,기존 주택 CSV의 건물 좌표; 음식점 자체 측량 좌표 아님
버거킹_전주중앙점,완산구 중앙동,전북특별자치도 전주시 완산구 고사동 2-6,전북특별자치도 전주시 완산구 팔달로 225,063-278-1505,,,,unmatched_address,기존 주택 CSV의 건물 좌표; 음식점 자체 측량 좌표 아님
진안초원흑돼지깜도니,완산구 효자5동,전북특별자치도 전주시 완산구 효자동3가 1484-1 105호,전북특별자치도 전주시 완산구 천잠로 506 105호,010-2745-0206,,,,unmatched_address,기존 주택 CSV의 건물 좌표; 음식점 자체 측량 좌표 아님
도미노피자_전주송천점,덕진구 송천동,전북특별자치도 전주시 덕진구 송천동1가 270-6,전북특별자치도 전주시 덕진구 송천중앙로 56,063-246-3082,,,,unmatched_address,기존 주택 CSV의 건물 좌표; 음식점 자체 측량 좌표 아님
경성시장_전북대점,덕진구 덕진동,전북특별자치도 전주시 덕진구 덕진동1가 1261-1 1층,전북특별자치도 전주시 덕진구 명륜5길 14 1층,063-255-6485,,,,unmatched_address,기존 주택 CSV의 건물 좌표; 음식점 자체 측량 좌표 아님
이공포차,완산구 다가동,전북특별자치도 전주시 완산구 다가동4가 22-1,"전북특별자치도 전주시 완산구 전주객사2길 94, 1층",0507-1337-1675,,,,unmatched_address,기존 주택 CSV의 건물 좌표; 음식점 자체 측량 좌표 아님
서신전일가맥,완산구 서신동,전북특별자치도 전주시 완산구 서신동 809-17,전북특별자치도 전주시 완산구 안터6길 43-3,063-275-7119,,,,unmatched_address,기존 주택 CSV의 건물 좌표; 음식점 자체 측량 좌표 아님
신풍갈비_송천점,덕진구 송천1동,전북특별자치도 전주시 덕진구 송천동1가 821-2,전북특별자치도 전주시 덕진구 두간5길 6,063-278-2337,,,,unmatched_address,기존 주택 CSV의 건물 좌표; 음식점 자체 측량 좌표 아님
커피쿡_전주본점,완산구 효자5동,전북특별자치도 전주시 완산구 효자동3가 1456-4 1층,전북특별자치도 전주시 완산구 세내로 544 1층,063-902-1002,,,,unmatched_address,기존 주택 CSV의 건물 좌표; 음식점 자체 측량 좌표 아님
참다인,완산구 효자동,전북특별자치도 전주시 완산구 효자동1가 196-3,전북특별자치도 전주시 완산구 효동2길 3,063-223-2551,,,,unmatched_address,기존 주택 CSV의 건물 좌표; 음식점 자체 측량 좌표 아님
디데이디저트데이,덕진구 송천동,전북특별자치도 전주시 덕진구 송천동2가 534-10 1F,전북특별자치도 전주시 덕진구 와룡1길 11-13 1F,010-9801-6026,,,,unmatched_address,기존 주택 CSV의 건물 좌표; 음식점 자체 측량 좌표 아님
밀락,완산구 중화산동2가,전북특별자치도 전주시 완산구 중화산동2가 640-4 밀락,전북특별자치도 전주시 완산구 산월2길 25 밀락,063-221-2002,,,,unmatched_address,기존 주택 CSV의 건물 좌표; 음식점 자체 측량 좌표 아님
말마니,완산구 효자동3가,전북특별자치도 전주시 완산구 효자동3가 1626-1,전북특별자치도 전주시 완산구 척동10길1,070-7766-8673,127.1000798,35.82486875,효자5동,exact_parcel_building_match,기존 주택 CSV의 건물 좌표; 음식점 자체 측량 좌표 아님
호남성_중화요리,완산구 효자동1가,전북특별자치도 전주시 완산구 효자동1가 668-2,전북특별자치도 전주시 완산구 효자천변1길 36-35,0507-0090-7366,,,,unmatched_address,기존 주택 CSV의 건물 좌표; 음식점 자체 측량 좌표 아님
김충기꽃삼겹_전주효자점,완산구 효자동,전북특별자치도 전주시 완산구 효자동1가 605-7,"전북특별자치도 전주시 완산구 신봉3길 35-7, 1층",063-227-5820,,,,unmatched_address,기존 주택 CSV의 건물 좌표; 음식점 자체 측량 좌표 아님
즐거운심야식당,완산구 효자동2가,전북특별자치도 전주시 완산구 효자동2가 1155-9 1층,전북특별자치도 전주시 완산구 홍산중앙로 17,063-223-5798,,,,unmatched_address,기존 주택 CSV의 건물 좌표; 음식점 자체 측량 좌표 아님
스타벅스_전주경원점,완산구 고사동,전북특별자치도 전주시 완산구 고사동 142-2,전북특별자치도 전주시 완산구 전주객사4길 44-18,1522-3232,,,,unmatched_address,기존 주택 CSV의 건물 좌표; 음식점 자체 측량 좌표 아님
비레레,완산구 고사동,전북특별자치도 전주시 완산구 고사동 432-1 2층,전북특별자치도 전주시 완산구 전주객사3길 12-17,063-288-3300,,,,unmatched_address,기존 주택 CSV의 건물 좌표; 음식점 자체 측량 좌표 아님
세렌디프,완산구 서신동,전북특별자치도 전주시 완산구 서신동 850-7,전북특별자치도 전주시 완산구 서신천변2길12,063-909-2033,,,,unmatched_address,기존 주택 CSV의 건물 좌표; 음식점 자체 측량 좌표 아님
양푼집,완산구 서신동,전북특별자치도 전주시 완산구 서신동 854-14,전북특별자치도 전주시 완산구 서신천변로 4-5,050-7964-1121,127.1147357,35.8258054,서신동,exact_road_building_match,기존 주택 CSV의 건물 좌표; 음식점 자체 측량 좌표 아님
화산꼼장어숯불구이,완산구 중화산동,전북특별자치도 전주시 완산구 중화산동2가 770-2,전북특별자치도 전주시 완산구 효자로 292,063-228-9255,,,,unmatched_address,기존 주택 CSV의 건물 좌표; 음식점 자체 측량 좌표 아님
육값어치,완산구 효자5동,전북특별자치도 전주시 완산구 효자동3가 1538-1 1층 103호,전북특별자치도 전주시 완산구 홍산북로 70-19 1층 103호,010-2474-7995,,,,unmatched_address,기존 주택 CSV의 건물 좌표; 음식점 자체 측량 좌표 아님
페르마타,완산구 고사동,전북특별자치도 전주시 완산구 고사동 147-1,전북특별자치도 전주시 완산구 전주객사4길 24-29,063-231-7179,,,,unmatched_address,기존 주택 CSV의 건물 좌표; 음식점 자체 측량 좌표 아님
팔복감자탕_중화신시가지점,완산구 효자동,전북특별자치도 전주시 완산구 효자동2가 1235-10,전북특별자치도 전주시 완산구 바우배기2길 14,063-273-2334,,,,unmatched_address,기존 주택 CSV의 건물 좌표; 음식점 자체 측량 좌표 아님
닥엔돈스쪽갈비치킨_전주송천점,덕진구 송천동,전북특별자치도 전주시 덕진구 송천동1가 819-1 1층,전북특별자치도 전주시 덕진구 두간5길 9 1층,063-276-9007,,,,unmatched_address,기존 주택 CSV의 건물 좌표; 음식점 자체 측량 좌표 아님
샤브쌈주머니_전주덕진하가점,덕진구 덕진동2가,전북특별자치도 전주시 덕진구 덕진동2가 681-1 2층,전북특별자치도 전주시 덕진구 가련산로 31 2층,063-211-0234,,,,unmatched_address,기존 주택 CSV의 건물 좌표; 음식점 자체 측량 좌표 아님
푸라닭_송천점,덕진구 송천동1가,전북특별자치도 전주시 덕진구 송천동1가 107-44,전북특별자치도 전주시 덕진구 천마산로 32,063-255-9206,,,,unmatched_address,기존 주택 CSV의 건물 좌표; 음식점 자체 측량 좌표 아님
감탄떡볶이_송천3호점,덕진구 송천동,전북특별자치도 전주시 덕진구 송천동1가 138-2,전북특별자치도 전주시 덕진구 솔내로 121,063-255-8020,,,,unmatched_address,기존 주택 CSV의 건물 좌표; 음식점 자체 측량 좌표 아님
본죽_전주효자휴먼시아점,완산구 효자4동,전북특별자치도 전주시 완산구 효자동2가 1316-4,전북특별자치도 전주시 완산구 호암로 91,063-253-6288,,,,unmatched_address,기존 주택 CSV의 건물 좌표; 음식점 자체 측량 좌표 아님
카페오월,덕진구 송천동,전북특별자치도 전주시 덕진구 송천동1가 472-7,전북특별자치도 전주시 덕진구 송천2길 24,0507-1335-3379,127.1185704,35.85962693,송천2동,exact_road_building_match,기존 주택 CSV의 건물 좌표; 음식점 자체 측량 좌표 아님
내고향전통설렁탕,덕진구 덕진동2가,전북특별자치도 전주시 덕진구 덕진동2가 678-6,전북특별자치도 전주시 덕진구 가리내10길 12,063-275-4611,127.1108981,35.8423096,덕진동,exact_road_building_match,기존 주택 CSV의 건물 좌표; 음식점 자체 측량 좌표 아님
버거킹_전북도청점,완산구 효자5동,전북특별자치도 전주시 완산구 효자동3가 1525-1,전북특별자치도 전주시 완산구 효자로 194,063-224-0332,127.1064715,35.81863285,효자5동,exact_road_building_match,기존 주택 CSV의 건물 좌표; 음식점 자체 측량 좌표 아님
구미당_아중점,덕진구 우아동2가,전북특별자치도 전주시 덕진구 우아동2가 858-7,전북특별자치도 전주시 덕진구 진버들6길 8-3,063-247-8588,,,,unmatched_address,기존 주택 CSV의 건물 좌표; 음식점 자체 측량 좌표 아님
육쌈냉면_전주중앙점,완산구 고사동,전북특별자치도 전주시 완산구 고사동 125-3,전북특별자치도 전주시 완산구 전주객사4길 20,063-232-6392,,,,unmatched_address,기존 주택 CSV의 건물 좌표; 음식점 자체 측량 좌표 아님
이화원,완산구 효자5동,전북특별자치도 전주시 완산구 효자동3가 1543-3,전북특별자치도 전주시 완산구 홍산2길 5-12,063-284-1900,,,,unmatched_address,기존 주택 CSV의 건물 좌표; 음식점 자체 측량 좌표 아님
와룡소바,덕진구 송천2동,전북특별자치도 전주시 덕진구 송천동2가 556-10,전북특별자치도 전주시 덕진구 와룡로 58-7,063-255-6573,127.1128564,35.86489359,송천2동,exact_road_building_match,기존 주택 CSV의 건물 좌표; 음식점 자체 측량 좌표 아님
원조진안흑돼지,덕진구 우아동2가,전북특별자치도 전주시 덕진구 우아동2가 901-10,"전북특별자치도 전주시 덕진구 정언신로 173-1, 1층",063-244-5565,,,,unmatched_address,기존 주택 CSV의 건물 좌표; 음식점 자체 측량 좌표 아님
이석쇠한판_본점,완산구 중화산동,전북특별자치도 전주시 완산구 중화산동2가 761-4,전북특별자치도 전주시 완산구 화산천변1길 4-5,063-228-3245,,,,unmatched_address,기존 주택 CSV의 건물 좌표; 음식점 자체 측량 좌표 아님
김삿갓9292,덕진구 우아동2가,전북특별자치도 전주시 덕진구 우아동2가 927-8,전북특별자치도 전주시 덕진구 아중중앙로 14,063-246-7892,,,,unmatched_address,기존 주택 CSV의 건물 좌표; 음식점 자체 측량 좌표 아님
새벽한시,완산구 효자동,전북특별자치도 전주시 완산구 효자동2가 1305-2 1층,전북특별자치도 전주시 완산구 봉곡로 10 1층,"0507-1352-6227, 010-2466-0646",127.0948714,35.81168212,효자4동,exact_road_building_match,기존 주택 CSV의 건물 좌표; 음식점 자체 측량 좌표 아님
팬도로시_전북대점,덕진구 덕진동,전북특별자치도 전주시 덕진구 덕진동1가 1327-37,전북특별자치도 전주시 덕진구 창포길 93,063-255-0823,,,,unmatched_address,기존 주택 CSV의 건물 좌표; 음식점 자체 측량 좌표 아님
천객,완산구 다가동,전북특별자치도 전주시 완산구 다가동4가 57-1,전북특별자치도 전주시 완산구 전주객사2길 73-5,010-7630-2377,,,,unmatched_address,기존 주택 CSV의 건물 좌표; 음식점 자체 측량 좌표 아님
놀부보쌈앤부대찌개_전주중화산점,완산구 중화산동2가,전북특별자치도 전주시 완산구 중화산동2가 533-8,전북특별자치도 전주시 완산구 백제대로 217,063-227-4314,,,,unmatched_address,기존 주택 CSV의 건물 좌표; 음식점 자체 측량 좌표 아님
홍콩살롱,덕진구 덕진동,전북특별자치도 전주시 덕진구 덕진동1가 1264-8,전북특별자치도 전주시 덕진구 명륜3길 10-3,063-275-1387,,,,unmatched_address,기존 주택 CSV의 건물 좌표; 음식점 자체 측량 좌표 아님
도래지,덕진구 우아1동,전북특별자치도 전주시 덕진구 우아동3가 748-25,전북특별자치도 전주시 덕진구 백제대로 810,063-241-3993,,,,unmatched_address,기존 주택 CSV의 건물 좌표; 음식점 자체 측량 좌표 아님
흑화당_전주고사점,완산구 고사동,전북특별자치도 전주시 완산구 고사동 65-5,전북특별자치도 전주시 완산구 전주객사5길 22,0507-1371-1043,,,,unmatched_address,기존 주택 CSV의 건물 좌표; 음식점 자체 측량 좌표 아님
세은이네,완산구 풍남동,전북특별자치도 전주시 완산구 전동 165-1,전북특별자치도 전주시 완산구 풍남문2길 42-3,063-283-3376,,,,unmatched_address,기존 주택 CSV의 건물 좌표; 음식점 자체 측량 좌표 아님
보아네술집프리지아,완산구 서신동,전북특별자치도 전주시 완산구 서신동 951-2 1층,전북특별자치도 전주시 완산구 고사평4길 14 1층,063-255-5822,127.1109368,35.83525047,서신동,exact_road_building_match,기존 주택 CSV의 건물 좌표; 음식점 자체 측량 좌표 아님
1943_전주신시가지점,완산구 효자5동,전북특별자치도 전주시 완산구 효자동3가 1527-11,전북특별자치도 전주시 완산구 홍산중앙로 45,063-227-1943,,,,unmatched_address,기존 주택 CSV의 건물 좌표; 음식점 자체 측량 좌표 아님
프랭크버거_송천에코시티점,덕진구 송천동2가,"전북특별자치도 전주시 덕진구 송천동2가 1342 , 근린생활시설동 116호","전북특별자치도 전주시 덕진구 세병로 92 , 근린생활시설동 116호",063-251-1103,,,,unmatched_address,기존 주택 CSV의 건물 좌표; 음식점 자체 측량 좌표 아님
공차_전주중화산점,완산구 서신동,전북특별자치도 전주시 완산구 서신동 857-2,전북특별자치도 전주시 완산구 유연로 285,063-247-0707,,,,unmatched_address,기존 주택 CSV의 건물 좌표; 음식점 자체 측량 좌표 아님
배불러,완산구 효자동,전북특별자치도 전주시 완산구 효자동2가 1305-9,전북특별자치도 전주시 완산구 후곡길 31-31,063-237-0288,,,,unmatched_address,기존 주택 CSV의 건물 좌표; 음식점 자체 측량 좌표 아님
올스타피자_전주송천점,덕진구 송천동,전북특별자치도 전주시 덕진구 송천동1가 873 1층,전북특별자치도 전주시 덕진구 송천3길 59 1층,063-251-5535,,,,unmatched_address,기존 주택 CSV의 건물 좌표; 음식점 자체 측량 좌표 아님
맘스터치_객사점,완산구 풍남동,전북특별자치도 전주시 완산구 경원동1가 56-1,전북특별자치도 전주시 완산구 팔달로 187-1,063-288-0085,,,,unmatched_address,기존 주택 CSV의 건물 좌표; 음식점 자체 측량 좌표 아님
세이토,완산구 효자5동,전북특별자치도 전주시 완산구 효자동3가 1633-4 1층,전북특별자치도 전주시 완산구 마전중앙로 13 1층,010-9534-4322,,,,unmatched_address,기존 주택 CSV의 건물 좌표; 음식점 자체 측량 좌표 아님
피자플래넷_서신점,완산구 서신동,전북특별자치도 전주시 완산구 서신동 803-5 106호,"전북특별자치도 전주시 완산구 서신천변12길 3, 106호",063-255-3132,,,,unmatched_address,기존 주택 CSV의 건물 좌표; 음식점 자체 측량 좌표 아님
카페211,덕진구 송천1동,전북특별자치도 전주시 덕진구 송천동1가 809-4,"전북특별자치도 전주시 덕진구 송천중앙로 211, 1층",063-252-1494,,,,unmatched_address,기존 주택 CSV의 건물 좌표; 음식점 자체 측량 좌표 아님
교동떡갈비,완산구 풍남동,전북특별자치도 전주시 완산구 풍남동3가 73-2,전북특별자치도 전주시 완산구 은행로 52,"063-288-2282, 063-288-2232",,,,unmatched_address,기존 주택 CSV의 건물 좌표; 음식점 자체 측량 좌표 아님
카페2-21,완산구 효자동,전북특별자치도 전주시 완산구 효자동2가 1160-2,전북특별자치도 전주시 완산구 범안2길 21,063-225-0221,127.1068043,35.81313919,효자4동,exact_road_building_match,기존 주택 CSV의 건물 좌표; 음식점 자체 측량 좌표 아님
신덕일관,덕진구 덕진동,전북특별자치도 전주시 덕진구 덕진동1가 664-38 1층,"전북특별자치도 전주시 덕진구 권삼득로 321-1, 1층",063-272-1429,,,,unmatched_address,기존 주택 CSV의 건물 좌표; 음식점 자체 측량 좌표 아님
연가,완산구 중화산동2가,전북특별자치도 전주시 완산구 중화산동2가 199-23,전북특별자치도 전주시 완산구 어은로 28,063-228-3301,,,,unmatched_address,기존 주택 CSV의 건물 좌표; 음식점 자체 측량 좌표 아님
최태연반반김밥,완산구 중화산동,전북특별자치도 전주시 완산구 중화산동2가 707-8 1층,전북특별자치도 전주시 완산구 메너머2길 25-12 1층,010-3321-2283,,,,unmatched_address,기존 주택 CSV의 건물 좌표; 음식점 자체 측량 좌표 아님
고향솥단지삼겹살_우아점,덕진구 우아1동,전북특별자치도 전주시 덕진구 우아동3가 747-49,전북특별자치도 전주시 덕진구 우아1길 14,063-247-5217,,,,unmatched_address,기존 주택 CSV의 건물 좌표; 음식점 자체 측량 좌표 아님
용성양갈비,완산구 경원동3가,전북특별자치도 전주시 완산구 경원동3가 86-5,전북특별자치도 전주시 완산구 현무2길 11,0507-1418-8991,,,,unmatched_address,기존 주택 CSV의 건물 좌표; 음식점 자체 측량 좌표 아님
돈백미가,완산구 효자5동,전북특별자치도 전주시 완산구 효자동2가 1234-2 1층,전북특별자치도 전주시 완산구 바우배기2길 11 1층,070-7543-5965,,,,unmatched_address,기존 주택 CSV의 건물 좌표; 음식점 자체 측량 좌표 아님
국수나무_효자3가점,완산구 효자5동,전북특별자치도 전주시 완산구 효자동3가 1609-16 1층 103호,전북특별자치도 전주시 완산구 홍산로 375 1층 103호,063-222-3691,,,,unmatched_address,기존 주택 CSV의 건물 좌표; 음식점 자체 측량 좌표 아님
바른생활_하가점,덕진구 덕진동,전북특별자치도 전주시 덕진구 덕진동2가 678-5 1층,전북특별자치도 전주시 덕진구 가리내10길 10,063-277-2239,127.1110308,35.8424535,덕진동,exact_road_building_match,기존 주택 CSV의 건물 좌표; 음식점 자체 측량 좌표 아님
본하우스,완산구 효자4동,전북특별자치도 전주시 완산구 효자동2가 141-4,전북특별자치도 전주시 완산구 우전2길 58,063-228-3378,,,,unmatched_address,기존 주택 CSV의 건물 좌표; 음식점 자체 측량 좌표 아님
커피숲515_전주대점,완산구 효자4동,전북특별자치도 전주시 완산구 효자동3가 1733-5,전북특별자치도 전주시 완산구 봉곡1길 9,070-7782-3838,127.0979948,35.81336137,효자4동,exact_road_building_match,기존 주택 CSV의 건물 좌표; 음식점 자체 측량 좌표 아님
호식이두마리치킨_중화산점,완산구 중화산동2가,전북특별자치도 전주시 완산구 중화산동2가 708-7 1층,"전북특별자치도 전주시 완산구 메너머1길 28, 1층",0507-0090-7695,127.1197918,35.82106201,중화산2동,exact_road_building_match,기존 주택 CSV의 건물 좌표; 음식점 자체 측량 좌표 아님
아프로,완산구 효자5동,전북특별자치도 전주시 완산구 효자동3가 1541-9,전북특별자치도 전주시 완산구 홍산중앙로 18,0507-1424-5799,,,,unmatched_address,기존 주택 CSV의 건물 좌표; 음식점 자체 측량 좌표 아님
조선화로집_송천에코시티점,덕진구 송천2동,전북특별자치도 전주시 덕진구 송천동2가 1331-5,전북특별자치도 전주시 덕진구 세병서로 29,063-271-8899,,,,unmatched_address,기존 주택 CSV의 건물 좌표; 음식점 자체 측량 좌표 아님
바라봄,완산구 효자3동,전북특별자치도 전주시 완산구 효자동3가 1652-2,전북특별자치도 전주시 완산구 척동5길 1,063-224-0102,127.0998032,35.82297426,효자5동,exact_road_building_match,기존 주택 CSV의 건물 좌표; 음식점 자체 측량 좌표 아님
다래면옥,완산구 서신동,전북특별자치도 전주시 완산구 서신동 40-7,전북특별자치도 전주시 완산구 백제대로 402,063-255-4291,,,,unmatched_address,기존 주택 CSV의 건물 좌표; 음식점 자체 측량 좌표 아님
아중도토리묵촌,덕진구 우아동1가,전북특별자치도 전주시 덕진구 우아동1가 1123-11,전북특별자치도 전주시 덕진구 동부대로 381,063-244-1233,,,,unmatched_address,기존 주택 CSV의 건물 좌표; 음식점 자체 측량 좌표 아님
고산한우,덕진구 우아동3가,전북특별자치도 전주시 덕진구 우아동3가 746-37,전북특별자치도 전주시 덕진구 우아2길 18,063-247-3077,,,,unmatched_address,기존 주택 CSV의 건물 좌표; 음식점 자체 측량 좌표 아님
가르송,완산구 효자5동,전북특별자치도 전주시 완산구 효자동3가 1719-8,전북특별자치도 전주시 완산구 농소2길 1,070-4062-0946,127.097202,35.81414449,효자5동,exact_road_building_match,기존 주택 CSV의 건물 좌표; 음식점 자체 측량 좌표 아님
루메,완산구 다가동,전북특별자치도 전주시 완산구 다가동3가 53-1,"전북특별자치도 전주시 완산구 전주천동로 244, 1층",0507-1332-8470,,,,unmatched_address,기존 주택 CSV의 건물 좌표; 음식점 자체 측량 좌표 아님
사카나,완산구 효자동2가,전북특별자치도 전주시 완산구 효자동2가 1157-4,전북특별자치도 전주시 완산구 홍산1길 7,0507-1472-9787,,,,unmatched_address,기존 주택 CSV의 건물 좌표; 음식점 자체 측량 좌표 아님
23호털보네횟집,덕진구 송천2동,전북특별자치도 전주시 덕진구 송천동2가 587-5 2층 23호,"전북특별자치도 전주시 덕진구 시천로 96-14, 2동 2층 23호",063-254-7129,,,,unmatched_address,기존 주택 CSV의 건물 좌표; 음식점 자체 측량 좌표 아님
영옥이네국수집,완산구 효자3동,전북특별자치도 전주시 완산구 효자동1가 598-8,"전북특별자치도 전주시 완산구 신봉2길 3, 1층",010-3734-9814,,,,unmatched_address,기존 주택 CSV의 건물 좌표; 음식점 자체 측량 좌표 아님
동서네낙지_아중점,덕진구 우아동1가,전북특별자치도 전주시 덕진구 우아동1가 1100-8,전북특별자치도 전주시 덕진구 한배미로 56,063-241-5585,,,,unmatched_address,기존 주택 CSV의 건물 좌표; 음식점 자체 측량 좌표 아님
최동민양푼갈비_전주중화산점,완산구 중화산동2가,전북특별자치도 전주시 완산구 중화산동2가 596-10,전북특별자치도 전주시 완산구 중산6길 18,063-903-8546,,,,unmatched_address,기존 주택 CSV의 건물 좌표; 음식점 자체 측량 좌표 아님
바푸리_전주효자점,완산구 효자4동,전북특별자치도 전주시 완산구 효자동2가 1317-3,전북특별자치도 전주시 완산구 호암로 63,0504-0999-1264,,,,unmatched_address,기존 주택 CSV의 건물 좌표; 음식점 자체 측량 좌표 아님
할리스_전주한옥마을점,완산구 풍남동,전북특별자치도 전주시 완산구 풍남동1가 53-3,전북특별자치도 전주시 완산구 은행로 16,063-288-0801,,,,unmatched_address,기존 주택 CSV의 건물 좌표; 음식점 자체 측량 좌표 아님
또바기나주곰탕,완산구 중화산동,전북특별자치도 전주시 완산구 중화산동2가 618-7,전북특별자치도 전주시 완산구 중산로 19,063-286-2522,,,,unmatched_address,기존 주택 CSV의 건물 좌표; 음식점 자체 측량 좌표 아님
상류집,덕진구 우아동1가,전북특별자치도 전주시 덕진구 우아동1가 708-1,전북특별자치도 전주시 덕진구 아중호수길 17,0507-1415-3581,,,,unmatched_address,기존 주택 CSV의 건물 좌표; 음식점 자체 측량 좌표 아님
용가리불짬뽕,완산구 중화산동,전북특별자치도 전주시 완산구 중화산동2가 755-4,전북특별자치도 전주시 완산구 중화산로 109,063-244-8421,,,,unmatched_address,기존 주택 CSV의 건물 좌표; 음식점 자체 측량 좌표 아님
펍로이,덕진구 덕진동,전북특별자치도 전주시 덕진구 덕진동1가 664-31 3층,전북특별자치도 전주시 덕진구 권삼득로 323 3층,010-2033-8545,,,,unmatched_address,기존 주택 CSV의 건물 좌표; 음식점 자체 측량 좌표 아님
파파존스피자_전북도청점,완산구 효자4동,전북특별자치도 전주시 완산구 효자동2가 1157-4 116호,전북특별자치도 전주시 완산구 홍산1길 7 1층 116호,063-236-8880,,,,unmatched_address,기존 주택 CSV의 건물 좌표; 음식점 자체 측량 좌표 아님
그때산집,완산구 태평동,전북특별자치도 전주시 완산구 태평동47-9,전북특별자치도 전주시 완산구 태평5길 13-4,063-277-0492,,,,unmatched_address,기존 주택 CSV의 건물 좌표; 음식점 자체 측량 좌표 아님
옴그호프,덕진구 덕진동,전북특별자치도 전주시 덕진구 덕진동2가 670-8,전북특별자치도 전주시 덕진구 가리내8길 12,070-8691-0255,127.1105025,35.8435856,덕진동,exact_road_building_match,기존 주택 CSV의 건물 좌표; 음식점 자체 측량 좌표 아님
구들식탁,덕진구 혁신동,전북특별자치도 전주시 덕진구 중동 775-2 대방빌딩 1층,전북특별자치도 전주시 덕진구 기지로 82 대방빌딩 1층,010-9975-4111,,,,unmatched_address,기존 주택 CSV의 건물 좌표; 음식점 자체 측량 좌표 아님
스토커피,완산구 효자5동,전북특별자치도 전주시 완산구 효자동3가 1615-11,전북특별자치도 전주시 완산구 문학대4길 21,010-5739-0906,,,,unmatched_address,기존 주택 CSV의 건물 좌표; 음식점 자체 측량 좌표 아님
호텔아프리카_객리단길점,완산구 다가동,전북특별자치도 전주시 완산구 다가동4가 90-7,전북특별자치도 전주시 완산구 전주객사1길 48,063-225-8538,,,,unmatched_address,기존 주택 CSV의 건물 좌표; 음식점 자체 측량 좌표 아님
전주소바,완산구 서신동,전북특별자치도 전주시 완산구 서신동 958-10,전북특별자치도 전주시 완산구 고사평2길 16,063-223-1813,,,,unmatched_address,기존 주택 CSV의 건물 좌표; 음식점 자체 측량 좌표 아님
오리온,완산구 다가동1가,전북특별자치도 전주시 완산구 다가동1가 52-1,전북특별자치도 전주시 완산구 전라감영2길 1,070-4084-0222,,,,unmatched_address,기존 주택 CSV의 건물 좌표; 음식점 자체 측량 좌표 아님
카페임,완산구 효자5동,전북특별자치도 전주시 완산구 효자동3가 1540-2 신원아침도시펜트 상가 2층,전북특별자치도 전주시 완산구 세내로 299 신원아침도시펜트 2층 202호,010-3924-2499,,,,unmatched_address,기존 주택 CSV의 건물 좌표; 음식점 자체 측량 좌표 아님
아중리낙지마당_본점,덕진구 우아동2가,전북특별자치도 전주시 덕진구 우아동2가 927-4,전북특별자치도 전주시 덕진구 아중중앙로 8,063-247-3647,,,,unmatched_address,기존 주택 CSV의 건물 좌표; 음식점 자체 측량 좌표 아님
구들장청국장우렁쌈밥,덕진구 우아2동,전북특별자치도 전주시 덕진구 우아동1가 1118-3,전북특별자치도 전주시 덕진구 인교9길 21,063-903-2880,,,,unmatched_address,기존 주택 CSV의 건물 좌표; 음식점 자체 측량 좌표 아님
강변산장,덕진구 우아2동,전북특별자치도 전주시 덕진구 우아동1가 757-6,전북특별자치도 전주시 덕진구 아중호수길 114,063-242-4791,,,,unmatched_address,기존 주택 CSV의 건물 좌표; 음식점 자체 측량 좌표 아님
이디야커피_효천우미린점,완산구 효자5동,전북특별자치도 전주시 완산구 효자동2가 1358-1 1층,전북특별자치도 전주시 완산구 효천천변길 20 1층,063-222-2263,,,,unmatched_address,기존 주택 CSV의 건물 좌표; 음식점 자체 측량 좌표 아님
놀부보쌈_아중점,덕진구 우아동1가,전북특별자치도 전주시 덕진구 우아동1가 1089-3 1층,전북특별자치도 전주시 덕진구 아중로 212,050-7964-0471,,,,unmatched_address,기존 주택 CSV의 건물 좌표; 음식점 자체 측량 좌표 아님
삼첩분식송천점,덕진구 송천1동,전북특별자치도 전주시 덕진구 송천동1가 837-15,"전북특별자치도 전주시 덕진구 송천로 112-9, 1층",063-278-2442,,,,unmatched_address,기존 주택 CSV의 건물 좌표; 음식점 자체 측량 좌표 아님
자유식당,완산구 풍남동,전북특별자치도 전주시 완산구 전동 146-7,전북특별자치도 전주시 완산구 풍남문3길 25,063-286-1986,,,,unmatched_address,기존 주택 CSV의 건물 좌표; 음식점 자체 측량 좌표 아님
유가반점,덕진구 우아동2가,전북특별자치도 전주시 덕진구 우아동2가 903-11,전북특별자치도 전주시 덕진구 정언신로 144,063-247-1610,,,,unmatched_address,기존 주택 CSV의 건물 좌표; 음식점 자체 측량 좌표 아님
Gusto9,완산구 중화산동2가,전북특별자치도 전주시 완산구 중화산동2가 266-12,전북특별자치도 전주시 완산구 영선로 21-7,063-717-1234,,,,unmatched_address,기존 주택 CSV의 건물 좌표; 음식점 자체 측량 좌표 아님
진국청국장,완산구 서신동,전북특별자치도 전주시 완산구 서신동 952-6,전북특별자치도 전주시 완산구 고사평2길 17-3,063-275-2726,,,,unmatched_address,기존 주택 CSV의 건물 좌표; 음식점 자체 측량 좌표 아님
공차_전주서신점,완산구 서신동,전북특별자치도 전주시 완산구 서신동 796-4 103호,전북특별자치도 전주시 완산구 당산로 52 103호,0507-1320-7335,,,,unmatched_address,기존 주택 CSV의 건물 좌표; 음식점 자체 측량 좌표 아님
홍곱창_전북대점,덕진구 덕진동1가,전북특별자치도 전주시 덕진구 덕진동1가 1264-28,전북특별자치도 전주시 덕진구 명륜2길 11-12,063-232-3204,,,,unmatched_address,기존 주택 CSV의 건물 좌표; 음식점 자체 측량 좌표 아님
한스델리_전주점,완산구 고사동,전북특별자치도 전주시 완산구 고사동 196-1 2층,전북특별자치도 전주시 완산구 전주객사5길 43-18 2층,063-286-1007,,,,unmatched_address,기존 주택 CSV의 건물 좌표; 음식점 자체 측량 좌표 아님
이비가짬뽕_전주혁신점,덕진구 혁신동,전북특별자치도 전주시 덕진구 혁신동 787-1,전북특별자치도 전주시 덕진구 안전로 106,063-222-9086,,,,unmatched_address,기존 주택 CSV의 건물 좌표; 음식점 자체 측량 좌표 아님
소풍참나무통닭구이,완산구 서신동,전북특별자치도 전주시 완산구 서신동 969-4,전북특별자치도 전주시 완산구 여울로 17-12,063-277-9999,,,,unmatched_address,기존 주택 CSV의 건물 좌표; 음식점 자체 측량 좌표 아님
일품대패,덕진구 우아동2가,전북특별자치도 전주시 덕진구 우아동2가 918-8,전북특별자치도 전주시 덕진구 아중로 217,0507-1317-3228,,,,unmatched_address,기존 주택 CSV의 건물 좌표; 음식점 자체 측량 좌표 아님
할미집,완산구 중화산동,전북특별자치도 전주시 완산구 중화산동2가 768-1 1층,전북특별자치도 전주시 완산구 효자로 275 1층,063-902-7892,,,,unmatched_address,기존 주택 CSV의 건물 좌표; 음식점 자체 측량 좌표 아님
다사랑치킨_전주혁신점,덕진구 혁신동,전북특별자치도 전주시 덕진구 혁신동 776-4,전북특별자치도 전주시 덕진구 오공로 33-8,063-221-9272,,,,unmatched_address,기존 주택 CSV의 건물 좌표; 음식점 자체 측량 좌표 아님
전일슈퍼_도청점,완산구 효자동,전북특별자치도 전주시 완산구 효자동3가 1538-3,전북특별자치도 전주시 완산구 홍산북로 84-20,063-229-8892,,,,unmatched_address,기존 주택 CSV의 건물 좌표; 음식점 자체 측량 좌표 아님
원컴퍼니,완산구 효자5동,전북특별자치도 전주시 완산구 효자동3가 1683-5 1층 상가,전북특별자치도 전주시 완산구 배학2길 17 1층 상가,063-222-4006,127.0987833,35.81934285,효자5동,exact_road_building_match,기존 주택 CSV의 건물 좌표; 음식점 자체 측량 좌표 아님
마라부마라탕,덕진구 혁신동,전북특별자치도 전주시 덕진구 중동 774-5 1층 103호,전북특별자치도 전주시 덕진구 안전로 154 1층 103호,0507-1488-7836,,,,unmatched_address,기존 주택 CSV의 건물 좌표; 음식점 자체 측량 좌표 아님
북촌손만두_전주혁신도시점,덕진구 혁신동,전북특별자치도 전주시 덕진구 장동 1111 103동 상가,전북특별자치도 전주시 덕진구 기지로 77 103동 상가,0507-1330-4882,,,,unmatched_address,기존 주택 CSV의 건물 좌표; 음식점 자체 측량 좌표 아님
킹콩쥬스앤커피_한옥마을점,완산구 풍남동,전북특별자치도 전주시 완산구 전동 187-10,전북특별자치도 전주시 완산구 팔달로 121-1,063-285-4595,,,,unmatched_address,기존 주택 CSV의 건물 좌표; 음식점 자체 측량 좌표 아님
김가네김밥_효자점,완산구 효자동,전북특별자치도 전주시 완산구 효자동1가 440-9,전북특별자치도 전주시 완산구 거마평로 147,063-228-1128,,,,unmatched_address,기존 주택 CSV의 건물 좌표; 음식점 자체 측량 좌표 아님
역전할머니맥주_전주효자3호점,완산구 효자5동,전북특별자치도 전주시 완산구 효자동3가 1694-2 1층 101호,전북특별자치도 전주시 완산구 마전들로 74 1층 101호,063-222-3385,,,,unmatched_address,기존 주택 CSV의 건물 좌표; 음식점 자체 측량 좌표 아님
푸른수산,완산구 효자5동,전북특별자치도 전주시 완산구 효자동3가 1539-4,전북특별자치도 전주시 완산구 홍산남로 77,063-229-8808,,,,unmatched_address,기존 주택 CSV의 건물 좌표; 음식점 자체 측량 좌표 아님
족장_전주서신점,완산구 서신동,전북특별자치도 전주시 완산구 서신동 955-1,전북특별자치도 전주시 완산구 새터로 52-10,063-251-5544,,,,unmatched_address,기존 주택 CSV의 건물 좌표; 음식점 자체 측량 좌표 아님
로얄자카르타_전주신시가지점,완산구 효자5동,"전북특별자치도 전주시 완산구 효자동2가 1230-6 1층 102,103","전북특별자치도 전주시 완산구 홍산북로 19 1층 102,103",063-223-0626,,,,unmatched_address,기존 주택 CSV의 건물 좌표; 음식점 자체 측량 좌표 아님
장수원,완산구 중화산동2가,전북특별자치도 전주시 완산구 중화산동2가 538-12,전북특별자치도 전주시 완산구 따박골5길 60,063-224-8584,,,,unmatched_address,기존 주택 CSV의 건물 좌표; 음식점 자체 측량 좌표 아님
참곱다,완산구 효자동3가,전북특별자치도 전주시 완산구 효자동3가 1686-5,전북특별자치도 전주시 완산구 마전들로 42,0507-1406-9242,,,,unmatched_address,기존 주택 CSV의 건물 좌표; 음식점 자체 측량 좌표 아님
동대문엽기떡볶이_전북도청점,완산구 효자5동,전북특별자치도 전주시 완산구 효자동2가 1155-2 1층 103호,전북특별자치도 전주시 완산구 홍산남로 50 1층 103호,063-224-8591,,,,unmatched_address,기존 주택 CSV의 건물 좌표; 음식점 자체 측량 좌표 아님
사천마라,완산구 서신동,전북특별자치도 전주시 완산구 서신동 809-3 1층,전북특별자치도 전주시 완산구 안터6길 39 1층,063-228-5008,127.1167482,35.83002704,서신동,exact_road_building_match,기존 주택 CSV의 건물 좌표; 음식점 자체 측량 좌표 아님
커피브래드,덕진구 송천동,전북특별자치도 전주시 덕진구 송천동1가 832-1,전북특별자치도 전주시 덕진구 시천로 68,063-255-3926,,,,unmatched_address,기존 주택 CSV의 건물 좌표; 음식점 자체 측량 좌표 아님
미소식당,덕진구 우아1동,전북특별자치도 전주시 덕진구 우아동3가 602-69,전북특별자치도 전주시 덕진구 호성로 18-7,063-247-3339,,,,unmatched_address,기존 주택 CSV의 건물 좌표; 음식점 자체 측량 좌표 아님
피자에땅_전주효자점,완산구 효자3동,전북특별자치도 전주시 완산구 효자동1가 652,전북특별자치도 전주시 완산구 거마평로 125,050-7987-3634,,,,unmatched_address,기존 주택 CSV의 건물 좌표; 음식점 자체 측량 좌표 아님
일층집,완산구 효자동3가,전북특별자치도 전주시 완산구 효자동3가 1536-5,전북특별자치도 전주시 완산구 홍산남로 69-7,063-221-6258,,,,unmatched_address,기존 주택 CSV의 건물 좌표; 음식점 자체 측량 좌표 아님
이룩,완산구 다가동4가,전북특별자치도 전주시 완산구 다가동4가 149-1,전북특별자치도 전주시 완산구 전주객사1길 101,0507-1483-3125,,,,unmatched_address,기존 주택 CSV의 건물 좌표; 음식점 자체 측량 좌표 아님
채선당도시락앤샐러드_전북대점,덕진구 덕진동,전북특별자치도 전주시 덕진구 덕진동1가 1275-19,전북특별자치도 전주시 덕진구 기린대로 487,063-273-3300,,,,unmatched_address,기존 주택 CSV의 건물 좌표; 음식점 자체 측량 좌표 아님
유로하우스,완산구 다가동3가,전북특별자치도 전주시 완산구 다가동3가 26,전북특별자치도 전주시 완산구 전주객사1길 8,0507-1394-1065,,,,unmatched_address,기존 주택 CSV의 건물 좌표; 음식점 자체 측량 좌표 아님
북경반점,완산구 서신동,전북특별자치도 전주시 완산구 서신동 801-19,전북특별자치도 전주시 완산구 서신천변15길 7-1,0503-6986-0321,127.1134927,35.83161294,서신동,exact_road_building_match,기존 주택 CSV의 건물 좌표; 음식점 자체 측량 좌표 아님
객리단길오후그리고와인,완산구 다가동,전북특별자치도 전주시 완산구 다가동3가 64-24 지하1층,전북특별자치도 전주시 완산구 전주천동로 232 지하1층,0507-1349-3254,,,,unmatched_address,기존 주택 CSV의 건물 좌표; 음식점 자체 측량 좌표 아님
나애뜰,완산구 효자5동,전북특별자치도 전주시 완산구 효자동2가 791-4,전북특별자치도 전주시 완산구 쑥고개로 284-32,063-226-8655,,,,unmatched_address,기존 주택 CSV의 건물 좌표; 음식점 자체 측량 좌표 아님
정돈까스_서신점,완산구 서신동,전북특별자치도 전주시 완산구 서신동 963-6,전북특별자치도 전주시 완산구 서신로 103,063-251-9790,,,,unmatched_address,기존 주택 CSV의 건물 좌표; 음식점 자체 측량 좌표 아님
띠아모커피_전주한옥마을점,완산구 풍남동,전북특별자치도 전주시 완산구 전동 303-7,전북특별자치도 전주시 완산구 풍남문2길 45,063-288-8240,,,,unmatched_address,기존 주택 CSV의 건물 좌표; 음식점 자체 측량 좌표 아님
달빛옥상,덕진구 송천동2가,전북특별자치도 전주시 덕진구 송천동2가 202-109,전북특별자치도 전주시 덕진구 천마산로 67-1,063-715-6034,,,,unmatched_address,기존 주택 CSV의 건물 좌표; 음식점 자체 측량 좌표 아님
아구세상_송천점,덕진구 송천동,전북특별자치도 전주시 덕진구 송천동2가 38-2,전북특별자치도 전주시 덕진구 동부대로 962,063-255-6305,,,,unmatched_address,기존 주택 CSV의 건물 좌표; 음식점 자체 측량 좌표 아님
1박2일광장,완산구 효자동2가,전북특별자치도 전주시 완산구 효자동2가 1329-5,전북특별자치도 전주시 완산구 우전1길 73,063-282-9011,127.1064107,35.81014636,효자4동,exact_road_building_match,기존 주택 CSV의 건물 좌표; 음식점 자체 측량 좌표 아님
도도랑_효자점,완산구 효자동2가,전북특별자치도 전주시 완산구 효자동2가 1330-2,전북특별자치도 전주시 완산구 우전1길 63,063-284-0033,127.1058578,35.80936779,효자4동,exact_road_building_match,기존 주택 CSV의 건물 좌표; 음식점 자체 측량 좌표 아님
Lutz,완산구 고사동,전북특별자치도 전주시 완산구 고사동 320-4 1층,"전북특별자치도 전주시 완산구 전주객사3길 91, 1층",010-3155-3189,,,,unmatched_address,기존 주택 CSV의 건물 좌표; 음식점 자체 측량 좌표 아님
전주옥_전주역점,덕진구 우아1동,전북특별자치도 전주시 덕진구 우아동3가 746-64,전북특별자치도 전주시 덕진구 백제대로 829,063-247-3090,,,,unmatched_address,기존 주택 CSV의 건물 좌표; 음식점 자체 측량 좌표 아님
치킨마루_전북대점,덕진구 덕진동,전북특별자치도 전주시 덕진구 덕진동1가 1312-36,전북특별자치도 전주시 덕진구 덕진광장로 19,063-271-8592,127.1250362,35.84501328,덕진동,exact_road_building_match,기존 주택 CSV의 건물 좌표; 음식점 자체 측량 좌표 아님
488,완산구 효자동3가,전북특별자치도 전주시 완산구 효자동3가 1609-14 101호,전북특별자치도 전주시 완산구 홍산로 381 101호,0507-1313-4880,,,,unmatched_address,기존 주택 CSV의 건물 좌표; 음식점 자체 측량 좌표 아님
굿베이크샵,완산구 고사동,전북특별자치도 전주시 완산구 고사동 291,전북특별자치도 전주시 완산구 전주객사3길 74-1,063-274-9296,,,,unmatched_address,기존 주택 CSV의 건물 좌표; 음식점 자체 측량 좌표 아님
대게예쁘다,완산구 효자5동,전북특별자치도 전주시 완산구 효자동2가 1227-3 1층,전북특별자치도 전주시 완산구 우전로 260 1층,063-229-1984,,,,unmatched_address,기존 주택 CSV의 건물 좌표; 음식점 자체 측량 좌표 아님
쪼오꼬,완산구 중앙동3가,전북특별자치도 전주시 완산구 중앙동3가 12-6,전북특별자치도 전주시 완산구 전주객사4길 6,063-232-7772,,,,unmatched_address,기존 주택 CSV의 건물 좌표; 음식점 자체 측량 좌표 아님
투리스타_만성점,덕진구 만성동,전북특별자치도 전주시 덕진구 만성동 1343-8 1층 106~9호,전북특별자치도 전주시 덕진구 만성북로 19 1층 106~9호,063-211-2258,,,,unmatched_address,기존 주택 CSV의 건물 좌표; 음식점 자체 측량 좌표 아님
카페_빈타이_전북대점,덕진구 덕진동,전북특별자치도 전주시 덕진구 덕진동1가 1265-3,전북특별자치도 전주시 덕진구 명륜3길 10-4,063-277-4376,,,,unmatched_address,기존 주택 CSV의 건물 좌표; 음식점 자체 측량 좌표 아님
컬러인커피_신시가지점,완산구 효자동2가,전북특별자치도 전주시 완산구 효자동2가 1157-4 SK Leaders view MALL 156호,전북특별자치도 전주시 완산구 홍산1길 7 SK Leaders view MALL 156호,"070-7758-0730, 063-902-1653",,,,unmatched_address,기존 주택 CSV의 건물 좌표; 음식점 자체 측량 좌표 아님
굽네치킨_송천에코,덕진구 송천동,전북특별자치도 전주시 덕진구 송천동1가 840-2,전북특별자치도 전주시 덕진구 송천로 112-42,0504-3143-8536,,,,unmatched_address,기존 주택 CSV의 건물 좌표; 음식점 자체 측량 좌표 아님
풍남수퍼,완산구 효자동3가,전북특별자치도 전주시 완산구 효자동3가 1539-6,전북특별자치도 전주시 완산구 홍산남로 81,063-282-4622,,,,unmatched_address,기존 주택 CSV의 건물 좌표; 음식점 자체 측량 좌표 아님
카페디테,완산구 효자5동,전북특별자치도 전주시 완산구 효자동3가 1652-7 1층,전북특별자치도 전주시 완산구 척동3길 2 1층,063-904-1667,127.0998012,35.82230643,효자5동,exact_road_building_match,기존 주택 CSV의 건물 좌표; 음식점 자체 측량 좌표 아님
공차_전주신시가지점,완산구 효자동2가,전북특별자치도 전주시 완산구 효자동2가 1155-7,전북특별자치도 전주시 완산구 홍산남로62,063-228-1780,,,,unmatched_address,기존 주택 CSV의 건물 좌표; 음식점 자체 측량 좌표 아님
향기나는사람들점핑카페,완산구 효자동1가,전북특별자치도 전주시 완산구 효자동1가 636-2 성원골드맨션 상가,전북특별자치도 전주시 완산구 신봉로 74 성원골드맨션아파트 상가,063-224-7262,,,,unmatched_address,기존 주택 CSV의 건물 좌표; 음식점 자체 측량 좌표 아님
커피타래,덕진구 송천동,전북특별자치도 전주시 덕진구 송천동1가 826-5,전북특별자치도 전주시 덕진구 두간7길 10,063-276-0022,,,,unmatched_address,기존 주택 CSV의 건물 좌표; 음식점 자체 측량 좌표 아님
서곡세꼬시장어마을,완산구 효자동,전북특별자치도 전주시 완산구 효자동3가 1414-10,전북특별자치도 전주시 완산구 서곡5길 13-7,063-278-4051,127.1011182,35.8368722,효자5동,exact_road_building_match,기존 주택 CSV의 건물 좌표; 음식점 자체 측량 좌표 아님
60계치킨_전주아중인후우아점,덕진구 우아동2가,전북특별자치도 전주시 덕진구 우아동2가 866-1,전북특별자치도 전주시 덕진구 건산로 276,0504-2015-1592,,,,unmatched_address,기존 주택 CSV의 건물 좌표; 음식점 자체 측량 좌표 아님
쏘일워크,완산구 중앙동,전북특별자치도 전주시 완산구 중앙동4가 31-24,전북특별자치도 전주시 완산구 풍남문2길 124,0507-1315-3922,,,,unmatched_address,기존 주택 CSV의 건물 좌표; 음식점 자체 측량 좌표 아님
풍전콩나물국밥,완산구 풍남동,전북특별자치도 전주시 완산구 경원동2가 26-3,전북특별자치도 전주시 완산구 동문길 73,063-231-0730,,,,unmatched_address,기존 주택 CSV의 건물 좌표; 음식점 자체 측량 좌표 아님
밥맛나는세상_전주예수병원점,완산구 중화산동1가,전북특별자치도 전주시 완산구 중화산동1가 300 예수병원 암센터 1층,전북특별자치도 전주시 완산구 서원로 365 예수병원 암센터 1층,063-232-0077,,,,unmatched_address,기존 주택 CSV의 건물 좌표; 음식점 자체 측량 좌표 아님
조선족,완산구 서신동,전북특별자치도 전주시 완산구 서신동 765-1,전북특별자치도 전주시 완산구 당산로 101,063-251-1282,,,,unmatched_address,기존 주택 CSV의 건물 좌표; 음식점 자체 측량 좌표 아님
남문손칼국수,완산구 풍남동,전북특별자치도 전주시 완산구 전동3가 13-2,전북특별자치도 전주시 완산구 풍남문2길 56,063-224-1062,,,,unmatched_address,기존 주택 CSV의 건물 좌표; 음식점 자체 측량 좌표 아님
시장골목집_송천점,덕진구 송천1동,전북특별자치도 전주시 덕진구 송천동2가 1272,전북특별자치도 전주시 덕진구 붓내3길 19,063-277-9001,,,,unmatched_address,기존 주택 CSV의 건물 좌표; 음식점 자체 측량 좌표 아님
왕본참치,완산구 효자5동,전북특별자치도 전주시 완산구 효자동3가 1536-5,전북특별자치도 전주시 완산구 홍산남로 69-7,063-221-3792,,,,unmatched_address,기존 주택 CSV의 건물 좌표; 음식점 자체 측량 좌표 아님
명태항구_전주효자점,완산구 효자5동,전북특별자치도 전주시 완산구 효자동3가 1543-5,전북특별자치도 전주시 완산구 홍산2길 17,063-224-9295,,,,unmatched_address,기존 주택 CSV의 건물 좌표; 음식점 자체 측량 좌표 아님
구스커피바,완산구 다가동,전북특별자치도 전주시 완산구 다가동3가 83 2층,"전북특별자치도 전주시 완산구 충경로 4, 2층",0507-1385-5986,,,,unmatched_address,기존 주택 CSV의 건물 좌표; 음식점 자체 측량 좌표 아님
새참국수,완산구 고사동,전북특별자치도 전주시 완산구 고사동 257-5,전북특별자치도 전주시 완산구 전주객사4길 100,063-278-6188,127.1428883,35.82203861,중앙동,exact_road_building_match,기존 주택 CSV의 건물 좌표; 음식점 자체 측량 좌표 아님
기브앤케이크,완산구 효자동3가,전북특별자치도 전주시 완산구 효자동3가 1682-7 평화스토리2 1층,전북특별자치도 전주시 완산구 배학2길 11 평화스토리2 1층,063-222-8581,127.0980911,35.81912342,효자5동,exact_road_building_match,기존 주택 CSV의 건물 좌표; 음식점 자체 측량 좌표 아님
신흥반점,완산구 서신동,전북특별자치도 전주시 완산구 서신동 854-8,전북특별자치도 전주시 완산구 전룡로 22-6,0507-0090-7690,,,,unmatched_address,기존 주택 CSV의 건물 좌표; 음식점 자체 측량 좌표 아님
대승곱창,덕진구 송천2동,전북특별자치도 전주시 덕진구 송천동2가 1330-9,"전북특별자치도 전주시 덕진구 세병2길 30, 1층 103호",063-272-8293,,,,unmatched_address,기존 주택 CSV의 건물 좌표; 음식점 자체 측량 좌표 아님
맥주의전설_송천점,덕진구 송천2동,전북특별자치도 전주시 덕진구 송천동2가 247-4,전북특별자치도 전주시 덕진구 붓내3길 14,063-903-2604,,,,unmatched_address,기존 주택 CSV의 건물 좌표; 음식점 자체 측량 좌표 아님
스윗플랜트_신시가지점,완산구 효자5동,전북특별자치도 전주시 완산구 효자동2가 1242-1,전북특별자치도 전주시 완산구 홍산남로 14,063-222-8717,,,,unmatched_address,기존 주택 CSV의 건물 좌표; 음식점 자체 측량 좌표 아님
이레팥죽,완산구 중화산동,전북특별자치도 전주시 완산구 중화산동2가 548-6,전북특별자치도 전주시 완산구 따박골로 38,063-222-3372,127.1270917,35.80946204,중화산1동,exact_road_building_match,기존 주택 CSV의 건물 좌표; 음식점 자체 측량 좌표 아님
한우야정육식당,완산구 서신동,전북특별자치도 전주시 완산구 서신동 948-18,전북특별자치도 전주시 완산구 고사평로 18,063-275-6492,,,,unmatched_address,기존 주택 CSV의 건물 좌표; 음식점 자체 측량 좌표 아님
대왕가든_효자점,완산구 효자동3가,전북특별자치도 전주시 완산구 효자동3가 1738-7 청송빌 103호,전북특별자치도 전주시 완산구 봉곡로 39 청송빌 103호,063-226-2930,127.0981418,35.81199305,효자4동,exact_road_building_match,기존 주택 CSV의 건물 좌표; 음식점 자체 측량 좌표 아님
청년다방_전주에코시티점,덕진구 송천2동,전북특별자치도 전주시 덕진구 송천동2가 1326-12,"전북특별자치도 전주시 덕진구 세병남로 37, 1층 106호",063-253-2030,,,,unmatched_address,기존 주택 CSV의 건물 좌표; 음식점 자체 측량 좌표 아님
마실밥상,덕진구 우아동2가,전북특별자치도 전주시 덕진구 우아동2가 918-5,전북특별자치도 전주시 덕진구 아중1길 24,063-241-9696,,,,unmatched_address,기존 주택 CSV의 건물 좌표; 음식점 자체 측량 좌표 아님
완산한우곱창,완산구 효자동1가,전북특별자치도 전주시 완산구 효자동1가 296-119,전북특별자치도 전주시 완산구 오두정길 11,063-223-3075,,,,unmatched_address,기존 주택 CSV의 건물 좌표; 음식점 자체 측량 좌표 아님
포차나,완산구 효자동2가,전북특별자치도 전주시 완산구 효자동2가 1305-6,"전북특별자치도 전주시 완산구 봉곡로 4, 1층",0507-1319-4211,,,,unmatched_address,기존 주택 CSV의 건물 좌표; 음식점 자체 측량 좌표 아님
어반다이닝,덕진구 우아동3가,전북특별자치도 전주시 덕진구 우아동3가 750-1,전북특별자치도 전주시 덕진구 도당산4길 65,063-245-8020,127.1545495,35.84583685,우아1동,exact_road_building_match,기존 주택 CSV의 건물 좌표; 음식점 자체 측량 좌표 아님
장미맨숀_하가지구,덕진구 덕진동,전북특별자치도 전주시 덕진구 덕진동2가 672-9,전북특별자치도 전주시 덕진구 가리내8길 4,010-2488-0089,127.1113515,35.84362024,덕진동,exact_road_building_match,기존 주택 CSV의 건물 좌표; 음식점 자체 측량 좌표 아님
갓블랙,완산구 효자동,전북특별자치도 전주시 완산구 효자동3가 1724-4 기정빌딩 101,전북특별자치도 전주시 완산구 서원로 2 기정빌딩 101,063-236-4746,,,,unmatched_address,기존 주택 CSV의 건물 좌표; 음식점 자체 측량 좌표 아님
백대불고기,완산구 중화산동2가,전북특별자치도 전주시 완산구 중화산동2가 780-5,전북특별자치도 전주시 완산구 신촌3길 8,063-225-9201,,,,unmatched_address,기존 주택 CSV의 건물 좌표; 음식점 자체 측량 좌표 아님
벌크커피_효자점,완산구 효자동1가,전북특별자치도 전주시 완산구 효자동1가 663-8,전북특별자치도 전주시 완산구 효자천변1길 26-11,0507-1338-8879,127.1141149,35.79943085,효자3동,exact_road_building_match,기존 주택 CSV의 건물 좌표; 음식점 자체 측량 좌표 아님
황가네닭발숯불꼼장어_효자휴먼시아점,완산구 효자4동,전북특별자치도 전주시 완산구 효자동2가 1309-4,전북특별자치도 전주시 완산구 후곡길 17,063-229-2111,127.0954779,35.81021223,효자4동,exact_road_building_match,기존 주택 CSV의 건물 좌표; 음식점 자체 측량 좌표 아님
연화,완산구 효자4동,전북특별자치도 전주시 완산구 효자동2가 1323-3,전북특별자치도 전주시 완산구 소태정4길 19-9,063-278-8582,127.1020723,35.80516371,효자4동,exact_road_building_match,기존 주택 CSV의 건물 좌표; 음식점 자체 측량 좌표 아님
고기1번지,덕진구 송천2동,전북특별자치도 전주시 덕진구 송천동1가 824-2 1층,전북특별자치도 전주시 덕진구 두간로 16 1층,0507-1344-8624,,,,unmatched_address,기존 주택 CSV의 건물 좌표; 음식점 자체 측량 좌표 아님
빽다방_전주서신중앙점,완산구 서신동,전북특별자치도 전주시 완산구 서신동 764-2,전북특별자치도 전주시 완산구 당산로 39,0507-1327-2233,,,,unmatched_address,기존 주택 CSV의 건물 좌표; 음식점 자체 측량 좌표 아님
마시랑게,완산구 효자5동,전북특별자치도 전주시 완산구 전동 64-1 2층,전북특별자치도 전주시 완산구 전동성당길 100 2층,010-4114-8558,,,,unmatched_address,기존 주택 CSV의 건물 좌표; 음식점 자체 측량 좌표 아님
돼지막_서신점,완산구 서신동,전북특별자치도 전주시 완산구 서신동  806-12,전북특별자치도 전주시 완산구 안터6길 33,063-277-3392,127.1169726,35.83046573,서신동,exact_road_building_match,기존 주택 CSV의 건물 좌표; 음식점 자체 측량 좌표 아님
곰갈비,완산구 서신동,전북특별자치도 전주시 완산구 서신동 952-7,전북특별자치도 전주시 완산구 고사평2길 17,063-272-9288,,,,unmatched_address,기존 주택 CSV의 건물 좌표; 음식점 자체 측량 좌표 아님
금색돼지,완산구 효자5동,"전북특별자치도 전주시 완산구 효자동3가 1527-10 105호, 106호","전북특별자치도 전주시 완산구 홍산중앙로 47 105호, 106호",063-236-6692,,,,unmatched_address,기존 주택 CSV의 건물 좌표; 음식점 자체 측량 좌표 아님
1930한잔,완산구 풍남동,전북특별자치도 전주시 완산구 경원동3가 90-6,전북특별자치도 전주시 완산구 현무2길 14-14,063-232-1930,,,,unmatched_address,기존 주택 CSV의 건물 좌표; 음식점 자체 측량 좌표 아님
가락숯불구이,덕진구 우아동1가,전북특별자치도 전주시 덕진구 우아동1가 1091-1,전북특별자치도 전주시 덕진구 인교2길 11,063-246-5782,,,,unmatched_address,기존 주택 CSV의 건물 좌표; 음식점 자체 측량 좌표 아님
런드리95,완산구 효자5동,전북특별자치도 전주시 완산구 효자동2가 880-7 1층 101호,전북특별자치도 전주시 완산구 쑥고개로 229 1층 101호,010-3004-9992,,,,unmatched_address,기존 주택 CSV의 건물 좌표; 음식점 자체 측량 좌표 아님
맛깔참죽_전주병원점,완산구 중화산동2가,전북특별자치도 전주시 완산구 중화산동2가 660-4,전북특별자치도 전주시 완산구 한두평3길 11,063-228-6088,,,,unmatched_address,기존 주택 CSV의 건물 좌표; 음식점 자체 측량 좌표 아님
달리는커피_전주효자1호점,완산구 효자동,전북특별자치도 전주시 완산구 효자동2가 131-15,전북특별자치도 전주시 완산구 우전2길 46-1,063-225-7750,127.1071192,35.80848254,효자4동,exact_road_building_match,기존 주택 CSV의 건물 좌표; 음식점 자체 측량 좌표 아님
마이산쌈밥,완산구 중화산동2가,전북특별자치도 전주시 완산구 중화산동2가 597-7,전북특별자치도 전주시 완산구 중산6길 15-4,063-223-0890,127.1220493,35.81720658,중화산2동,exact_road_building_match,기존 주택 CSV의 건물 좌표; 음식점 자체 측량 좌표 아님
메가커피_전주송천점,덕진구 송천동,전북특별자치도 전주시 덕진구 송천동2가 220-8,전북특별자치도 전주시 덕진구 솔내로 184,063-255-5868,,,,unmatched_address,기존 주택 CSV의 건물 좌표; 음식점 자체 측량 좌표 아님
바울에클레시아카페,덕진구 송천동,전북특별자치도 전주시 덕진구 송천동2가 1348-12,전북특별자치도 전주시 덕진구 화암1길 30,010-4141-0884,,,,unmatched_address,기존 주택 CSV의 건물 좌표; 음식점 자체 측량 좌표 아님
한쌈_중화산점,완산구 중화산동2가,전북특별자치도 전주시 완산구 중화산동2가 497-2,전북특별자치도 전주시 완산구 효자로 270,0507-1373-3678,,,,unmatched_address,기존 주택 CSV의 건물 좌표; 음식점 자체 측량 좌표 아님
김복남맥주1995_신시가지점,완산구 효자동,전북특별자치도 전주시 완산구 효자동3가 1534-3,전북특별자치도 전주시 완산구 홍산남로 51,0507-1359-8558,,,,unmatched_address,기존 주택 CSV의 건물 좌표; 음식점 자체 측량 좌표 아님
카페리코,완산구 효자5동,전북특별자치도 전주시 완산구 효자동3가 1446-1 1층,전북특별자치도 전주시 완산구 서곡4길 23-2 1층,063-251-5101,127.1038146,35.8343133,효자5동,exact_road_building_match,기존 주택 CSV의 건물 좌표; 음식점 자체 측량 좌표 아님
5.5닭갈비_송천점,덕진구 송천2동,전북특별자치도 전주시 덕진구 송천동2가 486,전북특별자치도 전주시 덕진구 송천중앙로 226,063-255-1123,,,,unmatched_address,기존 주택 CSV의 건물 좌표; 음식점 자체 측량 좌표 아님
88켄터키치킨_한옥마을점,완산구 풍남동,전북특별자치도 전주시 완산구 경원동2가 62,전북특별자치도 전주시 완산구 경기전길 46,063-288-9288,,,,unmatched_address,기존 주택 CSV의 건물 좌표; 음식점 자체 측량 좌표 아님
리프커피랩,완산구 효자5동,전북특별자치도 전주시 완산구 효자동2가 1239-1 1층,전북특별자치도 전주시 완산구 홍산로 263 1층,010-7135-6067,,,,unmatched_address,기존 주택 CSV의 건물 좌표; 음식점 자체 측량 좌표 아님
첨단공원국밥_전주혁신점,덕진구 혁신동,전북특별자치도 전주시 덕진구 혁신동  777-3,전북특별자치도 전주시 덕진구 오공로 43-48,063-237-0544,,,,unmatched_address,기존 주택 CSV의 건물 좌표; 음식점 자체 측량 좌표 아님
한국콩나물국밥,완산구 중화산동2가,전북특별자치도 전주시 완산구 중화산동2가 774-1,전북특별자치도 전주시 완산구 신촌4길 18-10,063-236-3188,,,,unmatched_address,기존 주택 CSV의 건물 좌표; 음식점 자체 측량 좌표 아님
할리스_서전주DT점,완산구 효자5동,전북특별자치도 전주시 완산구 효자동3가 1045-50 A동 1~2층,전북특별자치도 전주시 완산구 유연로 5 A동 1~2층,063-901-0802,,,,unmatched_address,기존 주택 CSV의 건물 좌표; 음식점 자체 측량 좌표 아님
카페메르헨,완산구 효자동3가,전북특별자치도 전주시 완산구 효자동3가 1481-7,전북특별자치도 전주시 완산구 서곡7길 3-10,0507-1315-1639,,,,unmatched_address,기존 주택 CSV의 건물 좌표; 음식점 자체 측량 좌표 아님
짝태앤노가리_서신점,완산구 서신동,전북특별자치도 전주시 완산구 서신동 937-4,전북특별자치도 전주시 완산구 새터로 22,063-252-5305,127.1089303,35.83633417,서신동,exact_road_building_match,기존 주택 CSV의 건물 좌표; 음식점 자체 측량 좌표 아님
주인테이블,덕진구 덕진동,전북특별자치도 전주시 덕진구 덕진동1가 1312-68 1층,전북특별자치도 전주시 덕진구 명륜5길 19-6 1층,063-252-9232,,,,unmatched_address,기존 주택 CSV의 건물 좌표; 음식점 자체 측량 좌표 아님
황산벌연탄구이,덕진구 송천1동,전북특별자치도 전주시 덕진구 송천동2가 202-26,전북특별자치도 전주시 덕진구 솔내로 164,063-272-5534,,,,unmatched_address,기존 주택 CSV의 건물 좌표; 음식점 자체 측량 좌표 아님
수상한커리,완산구 서신동,전북특별자치도 전주시 완산구 서신동  921-6,전북특별자치도 전주시 완산구 고사평7길 6,063-271-8686,,,,unmatched_address,기존 주택 CSV의 건물 좌표; 음식점 자체 측량 좌표 아님
위너분식,완산구 효자5동,전북특별자치도 전주시 완산구 효자동3가 1531-3,"전북특별자치도 전주시 완산구 홍산로 254, 4층 일부",010-4925-9690,,,,unmatched_address,기존 주택 CSV의 건물 좌표; 음식점 자체 측량 좌표 아님
명륜진사갈비_중화산점,완산구 중화산동,전북특별자치도 전주시 완산구 중화산동2가 729-4,전북특별자치도 전주시 완산구 유연로 304,063-225-4464,,,,unmatched_address,기존 주택 CSV의 건물 좌표; 음식점 자체 측량 좌표 아님
성완각,덕진구 산정동,전북특별자치도 전주시 덕진구 산정동 875-4,전북특별자치도 전주시 덕진구 동부대로 517,050-7964-0853,,,,unmatched_address,기존 주택 CSV의 건물 좌표; 음식점 자체 측량 좌표 아님
남원논두렁추어탕,완산구 중화산동2가,전북특별자치도 전주시 완산구 중화산동2가 571-4,전북특별자치도 전주시 완산구 백제대로 313,063-223-0009,,,,unmatched_address,기존 주택 CSV의 건물 좌표; 음식점 자체 측량 좌표 아님
림밀,완산구 효자5동,전북특별자치도 전주시 완산구 효자동3가 1527-5 청담스토리빌딩 1층 101호,전북특별자치도 전주시 완산구 홍산3길 11 청담스토리빌딩 1층 101호,063-715-5292,,,,unmatched_address,기존 주택 CSV의 건물 좌표; 음식점 자체 측량 좌표 아님
임실엔치즈핫도그,덕진구 혁신동,전북특별자치도 전주시 덕진구 혁신동 774-5,전북특별자치도 전주시 덕진구 안전로 154,0507-1437-7179,,,,unmatched_address,기존 주택 CSV의 건물 좌표; 음식점 자체 측량 좌표 아님
송원정,완산구 효자동2가,전북특별자치도 전주시 완산구 효자동2가 1323-5,전북특별자치도 전주시 완산구 소태정4길 19-4,063-222-6013,,,,unmatched_address,기존 주택 CSV의 건물 좌표; 음식점 자체 측량 좌표 아님
효천골,완산구 효자동2가,전북특별자치도 전주시 완산구 효자동2가 1202-6,전북특별자치도 전주시 완산구 소태정5길 17-12,063-288-2356,,,,unmatched_address,기존 주택 CSV의 건물 좌표; 음식점 자체 측량 좌표 아님
피슈마라홍탕_효자점,완산구 효자동2가,전북특별자치도 전주시 완산구 효자동2가 1231-6,전북특별자치도 전주시 완산구 홍산북로 29-3,063-227-8010,,,,unmatched_address,기존 주택 CSV의 건물 좌표; 음식점 자체 측량 좌표 아님
곰푸드,완산구 효자4동,전북특별자치도 전주시 완산구 효자동2가 1316-4,전북특별자치도 전주시 완산구 호암로 91,063-229-9002,,,,unmatched_address,기존 주택 CSV의 건물 좌표; 음식점 자체 측량 좌표 아님
빠레뜨한남_전주혁신점,덕진구 혁신동,"전북특별자치도 전주시 덕진구 장동 1111 A-109,A-110호","전북특별자치도 전주시 덕진구 기지로 77 A-109,A-110호",070-7868-0880,,,,unmatched_address,기존 주택 CSV의 건물 좌표; 음식점 자체 측량 좌표 아님
전주보신탕,완산구 효자동1가,전북특별자치도 전주시 완산구 효자동1가 535-49,전북특별자치도 전주시 완산구 성지산3길 11,063-222-4422,,,,unmatched_address,기존 주택 CSV의 건물 좌표; 음식점 자체 측량 좌표 아님
불땡고기주는국수집,완산구 효자동3가,전북특별자치도 전주시 완산구 효자동3가 1169-5,전북특별자치도 전주시 완산구 효자로 52-2,063-224-5556,127.091195,35.81821091,효자4동,exact_road_building_match,기존 주택 CSV의 건물 좌표; 음식점 자체 측량 좌표 아님
토지원,완산구 효자3동,전북특별자치도 전주시 완산구 효자동3가 1414-12,전북특별자치도 전주시 완산구 서곡5길 13-3,063-272-1010,,,,unmatched_address,기존 주택 CSV의 건물 좌표; 음식점 자체 측량 좌표 아님
소담식당,완산구 서신동,전북특별자치도 전주시 완산구 서신동 895-2,전북특별자치도 전주시 완산구 유연로 313,063-903-7733,,,,unmatched_address,기존 주택 CSV의 건물 좌표; 음식점 자체 측량 좌표 아님
냉고르,덕진구 덕진동,전북특별자치도 전주시 덕진구 덕진동1가 1277-14 2층,전북특별자치도 전주시 덕진구 명륜5길 9,063-227-6393,,,,unmatched_address,기존 주택 CSV의 건물 좌표; 음식점 자체 측량 좌표 아님
"오늘,고기",완산구 효자5동,전북특별자치도 전주시 완산구 효자동3가 1643-9 1층,전북특별자치도 전주시 완산구 우전로 302 1층,063-221-2033,,,,unmatched_address,기존 주택 CSV의 건물 좌표; 음식점 자체 측량 좌표 아님
남근숯불갈비,완산구 중화산동2가,전북특별자치도 전주시 완산구 중화산동2가 780-3,전북특별자치도 전주시 완산구 신촌3길 10-4,063-226-3500,,,,unmatched_address,기존 주택 CSV의 건물 좌표; 음식점 자체 측량 좌표 아님
올웨더쿠키,완산구 효자5동,전북특별자치도 전주시 완산구 효자동3가 1683-2 1층,전북특별자치도 전주시 완산구 배학4길 18 1층,063-228-1110,127.0987823,35.81978041,효자5동,exact_road_building_match,기존 주택 CSV의 건물 좌표; 음식점 자체 측량 좌표 아님
신호등연탄구이,완산구 효자동2가,전북특별자치도 전주시 완산구 효자동2가 1238-4,전북특별자치도 전주시 완산구 홍산남로 19,063-229-0911,,,,unmatched_address,기존 주택 CSV의 건물 좌표; 음식점 자체 측량 좌표 아님
곰소어간장,완산구 중화산동2가,전북특별자치도 전주시 완산구 중화산동2가 755-10,전북특별자치도 전주시 완산구 효자로 293,063-227-0355,,,,unmatched_address,기존 주택 CSV의 건물 좌표; 음식점 자체 측량 좌표 아님
전주할매국밥,완산구 고사동,전북특별자치도 전주시 완산구 고사동 81,전북특별자치도 전주시 완산구 전주객사5길 13-4,063-282-8885,,,,unmatched_address,기존 주택 CSV의 건물 좌표; 음식점 자체 측량 좌표 아님
하루온찬상공점,완산구 효자동3가,전북특별자치도 전주시 완산구 효자동3가 1525-2,전북특별자치도 전주시 완산구 홍산로 276,063-224-9300,127.1064553,35.8182318,효자5동,exact_road_building_match,기존 주택 CSV의 건물 좌표; 음식점 자체 측량 좌표 아님
장미맨숀_본점,완산구 효자동,전북특별자치도 전주시 완산구 효자동3가 1529-8,전북특별자치도 전주시 완산구 홍산북로 59-7,063-228-9769,,,,unmatched_address,기존 주택 CSV의 건물 좌표; 음식점 자체 측량 좌표 아님
더칼디스,완산구 풍남동,전북특별자치도 전주시 완산구 전동 126,전북특별자치도 전주시 완산구 전라감영로 78,0507-1433-2080,,,,unmatched_address,기존 주택 CSV의 건물 좌표; 음식점 자체 측량 좌표 아님
민성민물장어,완산구 서신동,전북특별자치도 전주시 완산구 서신동 935-2,전북특별자치도 전주시 완산구 새터로 39-1,063-251-0592,,,,unmatched_address,기존 주택 CSV의 건물 좌표; 음식점 자체 측량 좌표 아님
시원칼국수,완산구 효자동2가,전북특별자치도 전주시 완산구 효자동2가 1165-1,전북특별자치도 전주시 완산구 범안1길 7-27,063-228-2005,,,,unmatched_address,기존 주택 CSV의 건물 좌표; 음식점 자체 측량 좌표 아님
비화실,완산구 효자동,전북특별자치도 전주시 완산구 효자동1가 630-1 1층,전북특별자치도 전주시 완산구 밤나무1길 8-5,063-909-0188,,,,unmatched_address,기존 주택 CSV의 건물 좌표; 음식점 자체 측량 좌표 아님
마왕족발_효자점,완산구 효자동,전북특별자치도 전주시 완산구 효자동2가 1157-4,전북특별자치도 전주시 완산구 홍산1길 7,063-247-9282,,,,unmatched_address,기존 주택 CSV의 건물 좌표; 음식점 자체 측량 좌표 아님
매운상회,덕진구 우아동3가,전북특별자치도 전주시 덕진구 우아동3가 743-1,전북특별자치도 전주시 덕진구 견훤로 510,0507-1365-9914,,,,unmatched_address,기존 주택 CSV의 건물 좌표; 음식점 자체 측량 좌표 아님
신포우리만두,완산구 고사동,전북특별자치도 전주시 완산구 고사동 132-1,전북특별자치도 전주시 완산구 전주객사4길 24-5,063-288-7428,,,,unmatched_address,기존 주택 CSV의 건물 좌표; 음식점 자체 측량 좌표 아님
목포홍어횟집,완산구 중화산동2가,전북특별자치도 전주시 완산구 중화산동2가 533-2,전북특별자치도 전주시 완산구 산월1길 13,063-225-1519,127.1216665,35.81270787,중화산2동,exact_road_building_match,기존 주택 CSV의 건물 좌표; 음식점 자체 측량 좌표 아님
디핀,완산구 중앙동3가,전북특별자치도 전주시 완산구 중앙동3가 98,전북특별자치도 전주시 완산구 전라감영4길 16-16,070-4063-1997,,,,unmatched_address,기존 주택 CSV의 건물 좌표; 음식점 자체 측량 좌표 아님
양파링,덕진구 덕진동,전북특별자치도 전주시 덕진구 덕진동1가 1277-2,전북특별자치도 전주시 덕진구 명륜5길 15-5,0507-1337-8618,,,,unmatched_address,기존 주택 CSV의 건물 좌표; 음식점 자체 측량 좌표 아님
로프,완산구 중화산동,전북특별자치도 전주시 완산구 중화산동2가 764-6,전북특별자치도 전주시 완산구 화산천변1길 18,063-228-2193,,,,unmatched_address,기존 주택 CSV의 건물 좌표; 음식점 자체 측량 좌표 아님
만나별미,완산구 효자동1가,전북특별자치도 전주시 완산구 효자동1가  579-1,전북특별자치도 전주시 완산구 거마평로 122,063-224-9529,,,,unmatched_address,기존 주택 CSV의 건물 좌표; 음식점 자체 측량 좌표 아님
더리터_근영점,완산구 중화산동2가,전북특별자치도 전주시 완산구 중화산동2가 653,전북특별자치도 전주시 완산구 영경2길 15,063-225-1220,,,,unmatched_address,기존 주택 CSV의 건물 좌표; 음식점 자체 측량 좌표 아님
충만치킨_전주본병원점,완산구 서신동,전북특별자치도 전주시 완산구 서신동 855,전북특별자치도 전주시 완산구 서신로 9,063-255-6688,,,,unmatched_address,기존 주택 CSV의 건물 좌표; 음식점 자체 측량 좌표 아님
누룩_전북대점,덕진구 덕진동,전북특별자치도 전주시 덕진구 덕진동1가 1314-183 1층,전북특별자치도 전주시 덕진구 명륜3길 18-5 1층,0507-1395-3858,,,,unmatched_address,기존 주택 CSV의 건물 좌표; 음식점 자체 측량 좌표 아님
루나세라,완산구 서신동,전북특별자치도 전주시 완산구 서신동 863-5,전북특별자치도 전주시 완산구 전룡2길 4-15,063-252-3697,127.1179021,35.82572952,서신동,exact_road_building_match,기존 주택 CSV의 건물 좌표; 음식점 자체 측량 좌표 아님
자성화맛집코다리네_송천에코점,덕진구 송천동,"전북특별자치도 전주시 덕진구 송천동2가 1327-6 베스트타워 203,204호","전북특별자치도 전주시 덕진구 세병1길 36 베스트타워 203,204호",063-272-7707,,,,unmatched_address,기존 주택 CSV의 건물 좌표; 음식점 자체 측량 좌표 아님
자금성,덕진구 송천1동,전북특별자치도 전주시 덕진구 송천동2가 485,전북특별자치도 전주시 덕진구 송천중앙로 222,063-277-9966,,,,unmatched_address,기존 주택 CSV의 건물 좌표; 음식점 자체 측량 좌표 아님
홍참치,덕진구 우아동2가,전북특별자치도 전주시 덕진구 우아동2가 860-6,전북특별자치도 전주시 덕진구 건산로 261,0507-1485-3738,,,,unmatched_address,기존 주택 CSV의 건물 좌표; 음식점 자체 측량 좌표 아님
효자문식당,완산구 고사동,전북특별자치도 전주시 완산구 고사동 378-5,전북특별자치도 전주시 완산구 전주객사4길 43-24,063-284-4236,,,,unmatched_address,기존 주택 CSV의 건물 좌표; 음식점 자체 측량 좌표 아님
취팔선객잔,완산구 효자동,전북특별자치도 전주시 완산구 효자동3가 1627-7,전북특별자치도 전주시 완산구 우전로 336,063-224-4798,,,,unmatched_address,기존 주택 CSV의 건물 좌표; 음식점 자체 측량 좌표 아님
호박촌,완산구 효자동1가,전북특별자치도 전주시 완산구 효자동1가 411-1,전북특별자치도 전주시 완산구 용머리로 15,0507-0090-0838,,,,unmatched_address,기존 주택 CSV의 건물 좌표; 음식점 자체 측량 좌표 아님
컬러인커피_예수병원점,완산구 중화산동1가,전북특별자치도 전주시 완산구 중화산동1가 300,전북특별자치도 전주시 완산구 서원로 365,063-285-2744,,,,unmatched_address,기존 주택 CSV의 건물 좌표; 음식점 자체 측량 좌표 아님
순아곱창,덕진구 송천2동,전북특별자치도 전주시 덕진구 송천동2가 179-116,"전북특별자치도 전주시 덕진구 사근1길 31, 1층 108호",063-251-9091,,,,unmatched_address,기존 주택 CSV의 건물 좌표; 음식점 자체 측량 좌표 아님
바른치킨_전주에코시티점,덕진구 송천2동,전북특별자치도 전주시 덕진구 송천동2가 1308 103호,전북특별자치도 전주시 덕진구 세병로 111 103호,063-902-5851,,,,unmatched_address,기존 주택 CSV의 건물 좌표; 음식점 자체 측량 좌표 아님
더스토리프렌즈,완산구 효자4동,전북특별자치도 전주시 완산구 효자동2가 1205-3,전북특별자치도 전주시 완산구 소태정5길 9-12,063-222-5055,,,,unmatched_address,기존 주택 CSV의 건물 좌표; 음식점 자체 측량 좌표 아님
막이오름_객리단길점,완산구 다가동,전북특별자치도 전주시 완산구 다가동4가 80-1 2층,"전북특별자치도 전주시 완산구 전주객사2길 59, 2층",070-7543-9175,,,,unmatched_address,기존 주택 CSV의 건물 좌표; 음식점 자체 측량 좌표 아님
오목대,완산구 풍남동,전북특별자치도 전주시 완산구 풍남동3가 12-12,전북특별자치도 전주시 완산구 기린대로 68-9,063-232-2255,,,,unmatched_address,기존 주택 CSV의 건물 좌표; 음식점 자체 측량 좌표 아님
햇살_도청점,완산구 효자5동,전북특별자치도 전주시 완산구 효자동3가 1534-6,전북특별자치도 전주시 완산구 홍산남로 59,063-227-9494,,,,unmatched_address,기존 주택 CSV의 건물 좌표; 음식점 자체 측량 좌표 아님
유로코피자_전주완산구점,완산구 효자5동,전북특별자치도 전주시 완산구 효자동2가 1157-4 SK리더스뷰상가 130호,전북특별자치도 전주시 완산구 홍산1길 7 SK리더스뷰상가 130호,063-223-1828,,,,unmatched_address,기존 주택 CSV의 건물 좌표; 음식점 자체 측량 좌표 아님
모두랑_전북대점,덕진구 덕진동,전북특별자치도 전주시 덕진구 덕진동1가 1312-6,전북특별자치도 전주시 덕진구 명륜4길 21-6,063-909-5201,,,,unmatched_address,기존 주택 CSV의 건물 좌표; 음식점 자체 측량 좌표 아님
할리스_전주아중점,덕진구 우아동2가,전북특별자치도 전주시 덕진구 우아동2가 915-14,전북특별자치도 전주시 덕진구 아중로 193,063-241-2007,,,,unmatched_address,기존 주택 CSV의 건물 좌표; 음식점 자체 측량 좌표 아님
선뜻카페,완산구 효자4동,전북특별자치도 전주시 완산구 효자동3가 1184-22,전북특별자치도 전주시 완산구 백마산길 19-4,063-236-1324,,,,unmatched_address,기존 주택 CSV의 건물 좌표; 음식점 자체 측량 좌표 아님
커피에반하다_전주덕진점,덕진구 덕진동,전북특별자치도 전주시 덕진구 덕진동2가 667-1,전북특별자치도 전주시 덕진구 추탄로 50,063-252-1512,,,,unmatched_address,기존 주택 CSV의 건물 좌표; 음식점 자체 측량 좌표 아님
육쌈냉면_전북대점,덕진구 덕진동,전북특별자치도 전주시 덕진구 덕진동1가 1314-168,전북특별자치도 전주시 덕진구 명륜4길 21-1,063-253-6392,,,,unmatched_address,기존 주택 CSV의 건물 좌표; 음식점 자체 측량 좌표 아님
오술차_전주신시가지점,완산구 효자5동,전북특별자치도 전주시 완산구 효자동3가 1535-1,전북특별자치도 전주시 완산구 홍산중앙로 41,063-224-5901,,,,unmatched_address,기존 주택 CSV의 건물 좌표; 음식점 자체 측량 좌표 아님
손가네바지락칼국수,덕진구 송천1동,전북특별자치도 전주시 덕진구 송천동1가 485-6,전북특별자치도 전주시 덕진구 솔내8길 8,063-276-1154,,,,unmatched_address,기존 주택 CSV의 건물 좌표; 음식점 자체 측량 좌표 아님
놀숲_전주신시가지점,완산구 효자동,전북특별자치도 전주시 완산구 효자동2가 1155-4 6층,전북특별자치도 전주시 완산구 홍산남로 54 6층,063-226-1130,,,,unmatched_address,기존 주택 CSV의 건물 좌표; 음식점 자체 측량 좌표 아님
김돈이_아중점,덕진구 우아동2가,전북특별자치도 전주시 덕진구 우아동2가 862-3,전북특별자치도 전주시 덕진구 건산로 269,063-278-7458,,,,unmatched_address,기존 주택 CSV의 건물 좌표; 음식점 자체 측량 좌표 아님
돔베초밥,덕진구 우아동2가,전북특별자치도 전주시 덕진구 우아동2가 933-8,전북특별자치도 전주시 덕진구 아중로 231,063-241-5566,,,,unmatched_address,기존 주택 CSV의 건물 좌표; 음식점 자체 측량 좌표 아님
마당김밥_서신직영점,완산구 서신동,전북특별자치도 전주시 완산구 서신동 1044 서신 아이파크 e-편한세상,전북특별자치도 전주시 완산구 전주천서로 445 서신 아이파크 e-편한세상,063-275-0217,,,,unmatched_address,기존 주택 CSV의 건물 좌표; 음식점 자체 측량 좌표 아님
니하오,완산구 효자4동,전북특별자치도 전주시 완산구 효자동3가 1734-1,전북특별자치도 전주시 완산구 봉곡1길 4,063-225-8582,127.0972151,35.81312921,효자4동,exact_road_building_match,기존 주택 CSV의 건물 좌표; 음식점 자체 측량 좌표 아님
16시간,완산구 효자5동,전북특별자치도 전주시 완산구 효자동2가 884-2 2층,전북특별자치도 전주시 완산구 쑥고개로 245 2층,010-4474-3604,,,,unmatched_address,기존 주택 CSV의 건물 좌표; 음식점 자체 측량 좌표 아님
힘멜,완산구 효자동3가,전북특별자치도 전주시 완산구 효자동3가 1726-1 1층,전북특별자치도 전주시 완산구 봉곡2길 15 1층,없음,127.0952939,35.81315914,효자4동,exact_road_building_match,기존 주택 CSV의 건물 좌표; 음식점 자체 측량 좌표 아님
한우한돈숯불구이,덕진구 우아동2가,전북특별자치도 전주시 덕진구 우아동2가 916-6,전북특별자치도 전주시 덕진구 아중1길 14,063-245-9291,,,,unmatched_address,기존 주택 CSV의 건물 좌표; 음식점 자체 측량 좌표 아님
아이갓에브리씽_효자도서관점,완산구 효자5동,전북특별자치도 전주시 완산구 효자동2가 1314-9,전북특별자치도 전주시 완산구 우전로 181,063-225-1988,,,,unmatched_address,기존 주택 CSV의 건물 좌표; 음식점 자체 측량 좌표 아님
다사랑치킨_중화산점,완산구 중화산동2가,전북특별자치도 전주시 완산구 중화산동2가 774-7,전북특별자치도 전주시 완산구 신촌4길 14-3,063-236-4545,,,,unmatched_address,기존 주택 CSV의 건물 좌표; 음식점 자체 측량 좌표 아님
교동김밥,덕진구 우아1동,전북특별자치도 전주시 덕진구 우아동3가 746-64,전북특별자치도 전주시 덕진구 백제대로 829,063-244-3090,,,,unmatched_address,기존 주택 CSV의 건물 좌표; 음식점 자체 측량 좌표 아님
진가진설렁탕,덕진구 송천동2가,전북특별자치도 전주시 덕진구 송천동2가 54-3,전북특별자치도 전주시 덕진구 동부대로 1022,063-251-9207,,,,unmatched_address,기존 주택 CSV의 건물 좌표; 음식점 자체 측량 좌표 아님
감성커피_서곡점,완산구 효자동3가,전북특별자치도 전주시 완산구 효자동3가 1419-1,전북특별자치도 전주시 완산구 서곡로 92,0507-1336-0401,,,,unmatched_address,기존 주택 CSV의 건물 좌표; 음식점 자체 측량 좌표 아님
톰캣,완산구 효자5동,전북특별자치도 전주시 완산구 효자동2가 1327-5 102호,전북특별자치도 전주시 완산구 봉곡로 120 102호,010-4704-2868,127.1068063,35.81074084,효자4동,exact_road_building_match,기존 주택 CSV의 건물 좌표; 음식점 자체 측량 좌표 아님
신전떡볶이_송천점,덕진구 송천동,전북특별자치도 전주시 덕진구 송천동2가 245-1,전북특별자치도 전주시 덕진구 붓내3길 18,063-252-5253,,,,unmatched_address,기존 주택 CSV의 건물 좌표; 음식점 자체 측량 좌표 아님
돈키호테,완산구 태평동,전북특별자치도 전주시 완산구 태평동 123-14,전북특별자치도 전주시 완산구 물레방아3길 3-25,070-4105-0440,,,,unmatched_address,기존 주택 CSV의 건물 좌표; 음식점 자체 측량 좌표 아님
우나기,완산구 효자5동,전북특별자치도 전주시 완산구 효자동2가 1236-1 1층 101호,전북특별자치도 전주시 완산구 홍산북로 20 1층 101호,063-236-8881,,,,unmatched_address,기존 주택 CSV의 건물 좌표; 음식점 자체 측량 좌표 아님
우희,완산구 효자동,전북특별자치도 전주시 완산구 효자동2가 1236-2,"전북특별자치도 전주시 완산구 홍산북로 22, 해송빌딩 1층",063-222-2223,,,,unmatched_address,기존 주택 CSV의 건물 좌표; 음식점 자체 측량 좌표 아님
아르틱,완산구 다가동,전북특별자치도 전주시 완산구 다가동2가 108-2,전북특별자치도 전주시 완산구 전주천동로 206,010-8574-4928,,,,unmatched_address,기존 주택 CSV의 건물 좌표; 음식점 자체 측량 좌표 아님
비틀즈커피,완산구 효자5동,전북특별자치도 전주시 완산구 효자동2가 1235-5,전북특별자치도 전주시 완산구 바우배기2길 18,063-236-8802,,,,unmatched_address,기존 주택 CSV의 건물 좌표; 음식점 자체 측량 좌표 아님
낙지누리,완산구 효자4동,전북특별자치도 전주시 완산구 효자동2가 1328-4,전북특별자치도 전주시 완산구 우전2길 71-15,"0507-1409-8904, 063-225-8889",127.1062153,35.81026784,효자4동,exact_road_building_match,기존 주택 CSV의 건물 좌표; 음식점 자체 측량 좌표 아님
카페밸류,완산구 효자5동,전북특별자치도 전주시 완산구 효자동3가 1479-1 1층,전북특별자치도 전주시 완산구 서곡7길 4 1층,010-2220-4106,127.1021154,35.83220203,효자5동,exact_road_building_match,기존 주택 CSV의 건물 좌표; 음식점 자체 측량 좌표 아님
밥이랑고기랑,덕진구 우아동2가,전북특별자치도 전주시 덕진구 우아동2가 875-1,전북특별자치도 전주시 덕진구 석소로 68,063-242-3090,,,,unmatched_address,기존 주택 CSV의 건물 좌표; 음식점 자체 측량 좌표 아님
다가연어,완산구 중앙동1가,전북특별자치도 전주시 완산구 중앙동1가 56,전북특별자치도 전주시 완산구 전라감영3길 13-27,063-283-5129,,,,unmatched_address,기존 주택 CSV의 건물 좌표; 음식점 자체 측량 좌표 아님
바인쿡,덕진구 덕진동,전북특별자치도 전주시 덕진구 덕진동1가 1265-2,전북특별자치도 전주시 덕진구 명륜3길 10-2,010-4402-1365,,,,unmatched_address,기존 주택 CSV의 건물 좌표; 음식점 자체 측량 좌표 아님
백김치새싹막회_우아본점,덕진구 우아1동,전북특별자치도 전주시 덕진구 우아동3가  732-5,전북특별자치도 전주시 덕진구 백제대로 781,063-246-3456,,,,unmatched_address,기존 주택 CSV의 건물 좌표; 음식점 자체 측량 좌표 아님
청마루뼈다귀,덕진구 금상동,전북특별자치도 전주시 덕진구 금상동 524-4,전북특별자치도 전주시 덕진구 삼거1길 60,063-241-7001,,,,unmatched_address,기존 주택 CSV의 건물 좌표; 음식점 자체 측량 좌표 아님
크리크사이드,덕진구 덕진동,전북특별자치도 전주시 덕진구 덕진동1가 1547-69,전북특별자치도 전주시 덕진구 가리내로 176,"0507-1386-3347, 063-255-3343",,,,unmatched_address,기존 주택 CSV의 건물 좌표; 음식점 자체 측량 좌표 아님
블랙라운지,완산구 효자동2가,전북특별자치도 전주시 완산구 효자동2가 1156-8 4층,전북특별자치도 전주시 완산구 홍산1길 10 4층,063-224-0420,,,,unmatched_address,기존 주택 CSV의 건물 좌표; 음식점 자체 측량 좌표 아님
호수집,덕진구 우아동1가,전북특별자치도 전주시 덕진구 우아동1가 1120-5,전북특별자치도 전주시 덕진구 인교9길 35,0507-1484-9013,,,,unmatched_address,기존 주택 CSV의 건물 좌표; 음식점 자체 측량 좌표 아님
아주르,덕진구 우아동1가,전북특별자치도 전주시 덕진구 우아동1가 산 330-2 2층,전북특별자치도 전주시 덕진구 아중호수길 117 2층,0507-1471-1997,,,,unmatched_address,기존 주택 CSV의 건물 좌표; 음식점 자체 측량 좌표 아님
곱창고_서신점,완산구 서신동,전북특별자치도 전주시 완산구 서신동 934-3,전북특별자치도 전주시 완산구 새터로 29,063-277-7788,127.1101772,35.83608663,서신동,exact_road_building_match,기존 주택 CSV의 건물 좌표; 음식점 자체 측량 좌표 아님
탑푸드_전주혁신점,덕진구 혁신동,전북특별자치도 전주시 덕진구 혁신동 778-2,전북특별자치도 전주시 덕진구 오공로 47,063-222-0207,,,,unmatched_address,기존 주택 CSV의 건물 좌표; 음식점 자체 측량 좌표 아님
연어이야기_하가점,덕진구 덕진동2가,전북특별자치도 전주시 덕진구 덕진동2가 670-5,전북특별자치도 전주시 덕진구 가리내8길 10-7,063-272-5567,127.1104589,35.84402987,덕진동,exact_road_building_match,기존 주택 CSV의 건물 좌표; 음식점 자체 측량 좌표 아님
청년순대국_서신점,완산구 서신동,전북특별자치도 전주시 완산구 서신동 818-11,전북특별자치도 전주시 완산구 서신천변11길 6,0507-1390-2428,127.113649,35.83027353,서신동,exact_road_building_match,기존 주택 CSV의 건물 좌표; 음식점 자체 측량 좌표 아님
더리터_송천2호점,덕진구 송천점,전북특별자치도 전주시 덕진구 송천동2가 202-27,전북특별자치도 전주시 덕진구 천마산로 55,063-251-9100,,,,unmatched_address,기존 주택 CSV의 건물 좌표; 음식점 자체 측량 좌표 아님
현대옥_한옥마을점,완산구 풍남동,전북특별자치도 전주시 완산구 교동  92-12,전북특별자치도 전주시 완산구 오목대길 66,063-285-8989,,,,unmatched_address,기존 주택 CSV의 건물 좌표; 음식점 자체 측량 좌표 아님
완산다원,완산구 효자3동,전북특별자치도 전주시 완산구 효자동1가 689-2,전북특별자치도 전주시 완산구 안행8길 10,063-228-1350,,,,unmatched_address,기존 주택 CSV의 건물 좌표; 음식점 자체 측량 좌표 아님
국수나무_전주효천점,완산구 효자5동,전북특별자치도 전주시 완산구 효자동2가 1377-3 1층 104호,전북특별자치도 전주시 완산구 효천중앙로 51 1층 104호,063-221-2200,,,,unmatched_address,기존 주택 CSV의 건물 좌표; 음식점 자체 측량 좌표 아님
탭하우스40,완산구 효자동,전북특별자치도 전주시 완산구 효자동3가 1533-4,전북특별자치도 전주시 완산구 홍산북로 60-18,0507-1315-8200,,,,unmatched_address,기존 주택 CSV의 건물 좌표; 음식점 자체 측량 좌표 아님
소랑소랑,완산구 서신동,전북특별자치도 전주시 완산구 서신동 895-6,전북특별자치도 전주시 완산구 유연로 317,063-271-3392,,,,unmatched_address,기존 주택 CSV의 건물 좌표; 음식점 자체 측량 좌표 아님
빽다방_전주효자LH점,완산구 효자5동,전북특별자치도 전주시 완산구 효자동2가 1332-1,전북특별자치도 전주시 완산구 홍산로 160-3,063-714-2119,,,,unmatched_address,기존 주택 CSV의 건물 좌표; 음식점 자체 측량 좌표 아님
배통시,완산구 서신동,전북특별자치도 전주시 완산구 서신동 816-8,전북특별자치도 전주시 완산구 서신천변10길 11,063-905-7775,127.1153361,35.82987005,서신동,exact_road_building_match,기존 주택 CSV의 건물 좌표; 음식점 자체 측량 좌표 아님
와플대학_전주효자캠퍼스점,완산구 효자3동,전북특별자치도 전주시 완산구 효자동1가 436,전북특별자치도 전주시 완산구 용머리로 59,063-236-9500,,,,unmatched_address,기존 주택 CSV의 건물 좌표; 음식점 자체 측량 좌표 아님
하루사께,완산구 효자동1가,전북특별자치도 전주시 완산구 효자동1가 411-27,전북특별자치도 전주시 완산구 용머리로 9-10,063-221-1288,127.1116794,35.80647101,효자3동,exact_road_building_match,기존 주택 CSV의 건물 좌표; 음식점 자체 측량 좌표 아님
효자물총칼국수,완산구 효자5동,전북특별자치도 전주시 완산구 효자동3가 1645-7 천지목빌딩 1층,전북특별자치도 전주시 완산구 마전로 7 천지목빌딩 1층,063-715-1885,,,,unmatched_address,기존 주택 CSV의 건물 좌표; 음식점 자체 측량 좌표 아님
홍산삼겹살,완산구 효자동2가,전북특별자치도 전주시 완산구 효자동2가 1237-7,전북특별자치도 전주시 완산구 홍산남로 29-25,063-236-8899,,,,unmatched_address,기존 주택 CSV의 건물 좌표; 음식점 자체 측량 좌표 아님
거북선브루잉,완산구 중화산동2가,전북특별자치도 전주시 완산구 중화산동2가 818-12,전북특별자치도 전주시 완산구 화산천변3길 16,0507-1362-5832,127.1144434,35.82058946,중화산2동,exact_road_building_match,기존 주택 CSV의 건물 좌표; 음식점 자체 측량 좌표 아님
투썸플레이스_전주교직원공제회관점,완산구 서신동,전북특별자치도 전주시 완산구 서신동769-1,"전북특별자치도 전주시 완산구 온고을로1, 1층",063-251-2324,,,,unmatched_address,기존 주택 CSV의 건물 좌표; 음식점 자체 측량 좌표 아님
보배정,완산구 풍남동,전북특별자치도 전주시 완산구 전동 92-3,전북특별자치도 전주시 완산구 풍남문3길 8,063-286-7814,,,,unmatched_address,기존 주택 CSV의 건물 좌표; 음식점 자체 측량 좌표 아님
현대극장,완산구 풍남동2가,전북특별자치도 전주시 완산구 풍남동2가 36-7,전북특별자치도 전주시 완산구 은행로 17,0507-1367-0180,,,,unmatched_address,기존 주택 CSV의 건물 좌표; 음식점 자체 측량 좌표 아님
팔팔호프_전북대점,덕진구 덕진동,전북특별자치도 전주시 덕진구 덕진동1가 1261-17,전북특별자치도 전주시 덕진구 명륜4길 17-25,010-5169-5586,,,,unmatched_address,기존 주택 CSV의 건물 좌표; 음식점 자체 측량 좌표 아님
흐노니,완산구 풍남동1가,전북특별자치도 전주시 완산구 풍남동1가 66-3,전북특별자치도 전주시 완산구 경기전길 43,0507-1398-8444,,,,unmatched_address,기존 주택 CSV의 건물 좌표; 음식점 자체 측량 좌표 아님
도시어부_효자점,완산구 효자동1가,전북특별자치도 전주시 완산구 효자동1가 370-1,전북특별자치도 전주시 완산구 거마평로 203,"0507-1336-8484, 063-224-8484",,,,unmatched_address,기존 주택 CSV의 건물 좌표; 음식점 자체 측량 좌표 아님
에코식탁,덕진구 송천동,전북특별자치도 전주시 덕진구 송천동2가 1326-5 2F 201호,전북특별자치도 전주시 덕진구 세병로 24 2F 201호,063-255-0137,,,,unmatched_address,기존 주택 CSV의 건물 좌표; 음식점 자체 측량 좌표 아님
노벨반점,완산구 풍남동,전북특별자치도 전주시 완산구 전동3가 56-4,전북특별자치도 전주시 완산구 풍남문2길 100,063-284-4318,,,,unmatched_address,기존 주택 CSV의 건물 좌표; 음식점 자체 측량 좌표 아님
마치래빗_전주신시가지점,완산구 효자동,전북특별자치도 전주시 완산구 효자동2가 1242-8,전북특별자치도 전주시 완산구 홍산남로 30,0507-1416-1074,,,,unmatched_address,기존 주택 CSV의 건물 좌표; 음식점 자체 측량 좌표 아님
큰집,덕진구 송천동2가,전북특별자치도 전주시 덕진구 송천동2가 916-1,전북특별자치도 전주시 덕진구 와룡3길 7,0507-1496-5288,,,,unmatched_address,기존 주택 CSV의 건물 좌표; 음식점 자체 측량 좌표 아님
우리돈,완산구 중화산동2가,전북특별자치도 전주시 완산구 중화산동2가 663,전북특별자치도 전주시 완산구 한두평2길 18,063-228-8395,,,,unmatched_address,기존 주택 CSV의 건물 좌표; 음식점 자체 측량 좌표 아님
미친고기_전주효자점,완산구 효자5동,전북특별자치도 전주시 완산구 효자동3가 1694-2 1층 103호,전북특별자치도 전주시 완산구 마전들로 74 1층 103호,063-714-2588,,,,unmatched_address,기존 주택 CSV의 건물 좌표; 음식점 자체 측량 좌표 아님
장군,완산구 서신동,전북특별자치도 전주시 완산구 서신동 809-2 1층,전북특별자치도 전주시 완산구 안터6길 43 1층,"0507-1413-3890, 063-271-3890",127.1163042,35.83004369,서신동,exact_road_building_match,기존 주택 CSV의 건물 좌표; 음식점 자체 측량 좌표 아님
코코호도_송천점,덕진구 송천동,전북특별자치도 전주시 덕진구 송천동1가 349-1,전북특별자치도 전주시 덕진구 송천로 20,063-271-5989,,,,unmatched_address,기존 주택 CSV의 건물 좌표; 음식점 자체 측량 좌표 아님
더벤티_전주송천점,덕진구 송천1동,전북특별자치도 전주시 덕진구 송천동1가 828-9,"전북특별자치도 전주시 덕진구 두간11길 19, 1층",063-909-5803,,,,unmatched_address,기존 주택 CSV의 건물 좌표; 음식점 자체 측량 좌표 아님
몽리,완산구 다가동3가,전북특별자치도 전주시 완산구 다가동3가 50-2,전북특별자치도 전주시 완산구 전주객사1길 46,010-9452-3299,,,,unmatched_address,기존 주택 CSV의 건물 좌표; 음식점 자체 측량 좌표 아님
킹스타피자_전주에코시티점,덕진구 송천동2가,전북특별자치도 전주시 덕진구 송천동2가 1331-10,전북특별자치도 전주시 덕진구 세병서로 39,0507-1445-5989,,,,unmatched_address,기존 주택 CSV의 건물 좌표; 음식점 자체 측량 좌표 아님
티라미수,완산구 중화산동2가,전북특별자치도 전주시 완산구 중화산동2가 751-2,전북특별자치도 전주시 완산구 화산천변로 23,063-229-5600,,,,unmatched_address,기존 주택 CSV의 건물 좌표; 음식점 자체 측량 좌표 아님
만계치킨_전북대점,덕진구 덕진동,전북특별자치도 전주시 덕진구 덕진동1가 1314-164 1층,전북특별자치도 전주시 덕진구 명륜4길 21-5 1층,063-271-9229,,,,unmatched_address,기존 주택 CSV의 건물 좌표; 음식점 자체 측량 좌표 아님
신포우리만두_신시가지점,완산구 효자5동,전북특별자치도 전주시 완산구 효자동2가 1234-1,전북특별자치도 전주시 완산구 우전로 250,063-222-7796,,,,unmatched_address,기존 주택 CSV의 건물 좌표; 음식점 자체 측량 좌표 아님
어부사시사,완산구 중화산동2가,전북특별자치도 전주시 완산구 중화산동2가 646-13,전북특별자치도 전주시 완산구 산월1길 10-8,063-228-7265,,,,unmatched_address,기존 주택 CSV의 건물 좌표; 음식점 자체 측량 좌표 아님
컬러인커피_송천점,덕진구 송천동,전북특별자치도 전주시 덕진구 송천동2가 186-7,전북특별자치도 전주시 덕진구 천마산로 53,063-255-1313,,,,unmatched_address,기존 주택 CSV의 건물 좌표; 음식점 자체 측량 좌표 아님
바다양푼이동태탕회,덕진구 혁신동,전북특별자치도 전주시 덕진구 혁신동 776-6,전북특별자치도 전주시 덕진구 오공로 33-4,063-228-6104,,,,unmatched_address,기존 주택 CSV의 건물 좌표; 음식점 자체 측량 좌표 아님
용범이네인계동껍데기_전북도청점,완산구 효자동,전북특별자치도 전주시 완산구 효자동3가 1530-8 1층 102호,전북특별자치도 전주시 완산구 홍산북로 75 1층 102호,063-221-7292,,,,unmatched_address,기존 주택 CSV의 건물 좌표; 음식점 자체 측량 좌표 아님
고깃집,완산구 효자5동,전북특별자치도 전주시 완산구 효자동3가 1645-4,전북특별자치도 전주시 완산구 마전로 13,063-227-8292,,,,unmatched_address,기존 주택 CSV의 건물 좌표; 음식점 자체 측량 좌표 아님
산들다헌,완산구 중앙동1가,전북특별자치도 전주시 완산구 중앙동1가 1-5,전북특별자치도 전주시 완산구 전주객사3길 9,063-232-3251,,,,unmatched_address,기존 주택 CSV의 건물 좌표; 음식점 자체 측량 좌표 아님
60계치킨_효자신시가지점,완산구 효자5동,전북특별자치도 전주시 완산구 효자동2가 1157-4,"전북특별자치도 전주시 완산구 홍산1길 7, 1층 137호",063-227-9982,,,,unmatched_address,기존 주택 CSV의 건물 좌표; 음식점 자체 측량 좌표 아님
저세상닭발_객사점,완산구 고사동,전북특별자치도 전주시 완산구 고사동 473-9,전북특별자치도 전주시 완산구 전주객사2길 46-12,063-223-1651,,,,unmatched_address,기존 주택 CSV의 건물 좌표; 음식점 자체 측량 좌표 아님
핸더,덕진구 우아동1가,전북특별자치도 전주시 덕진구 우아동2가 934-10,전북특별자치도 전주시 덕진구 아중로 233,063-909-3200,,,,unmatched_address,기존 주택 CSV의 건물 좌표; 음식점 자체 측량 좌표 아님
여수돌섬,완산구 서신동,전북특별자치도 전주시 완산구 서신동 937-3,전북특별자치도 전주시 완산구 새터로20,063-272-3290,127.1088012,35.83639107,서신동,exact_parcel_building_match,기존 주택 CSV의 건물 좌표; 음식점 자체 측량 좌표 아님
한옥면옥,덕진구 우아동2가,전북특별자치도 전주시 덕진구 우아동2가 871-6,전북특별자치도 전주시 덕진구 석소5길 39,063-243-5532,,,,unmatched_address,기존 주택 CSV의 건물 좌표; 음식점 자체 측량 좌표 아님
수미네집밥_아중점,덕진구 우아동1가,전북특별자치도 전주시 덕진구 우아동1가 1116-7,전북특별자치도 전주시 덕진구 인교9길 21-10,063-243-9995,,,,unmatched_address,기존 주택 CSV의 건물 좌표; 음식점 자체 측량 좌표 아님
국민수육국밥앤막국수_전주대점,완산구 효자동3가,전북특별자치도 전주시 완산구 효자동3가 1175-3,전북특별자치도 전주시 완산구 백마산길 32,063-236-9030,,,,unmatched_address,기존 주택 CSV의 건물 좌표; 음식점 자체 측량 좌표 아님
미카도스시_전주전북도청점,완산구 효자5동,전북특별자치도 전주시 완산구 효자동3가  1527-8 1층,전북특별자치도 전주시 완산구 홍산3길 5 1층,063-226-7866,,,,unmatched_address,기존 주택 CSV의 건물 좌표; 음식점 자체 측량 좌표 아님
선이랑,완산구 다가동2가,전북특별자치도 전주시 완산구 다가동2가 117-3,전북특별자치도 전주시 완산구 전라감영로 8,063-282-1173,,,,unmatched_address,기존 주택 CSV의 건물 좌표; 음식점 자체 측량 좌표 아님
육감만족_송천점,덕진구 송천1동,전북특별자치도 전주시 덕진구 송천동2가 202-14,전북특별자치도 전주시 덕진구 솔내로 174,063-255-9212,,,,unmatched_address,기존 주택 CSV의 건물 좌표; 음식점 자체 측량 좌표 아님
쿠키버니비,덕진구 덕진동,전북특별자치도 전주시 덕진구 덕진동1가 1267-2 2층,전북특별자치도 전주시 덕진구 기린대로 483-1 2층,063-277-1493,,,,unmatched_address,기존 주택 CSV의 건물 좌표; 음식점 자체 측량 좌표 아님
무청시래기감자탕,덕진구 송천1동,전북특별자치도 전주시 덕진구 송천동2가 484,전북특별자치도 전주시 덕진구 붓내4길 8-3,063-253-0815,,,,unmatched_address,기존 주택 CSV의 건물 좌표; 음식점 자체 측량 좌표 아님
다이닝스푼,완산구 고사동,전북특별자치도 전주시 완산구 고사동 238,전북특별자치도 전주시 완산구 전주객사4길 74-11,063-255-9636,,,,unmatched_address,기존 주택 CSV의 건물 좌표; 음식점 자체 측량 좌표 아님
일공공샤브_송천점,덕진구 송천1동,전북특별자치도 전주시 덕진구 송천동1가 374-2,전북특별자치도 전주시 덕진구 송천중앙로 94-1,063-271-2114,,,,unmatched_address,기존 주택 CSV의 건물 좌표; 음식점 자체 측량 좌표 아님
신시가맥,완산구 효자동,전북특별자치도 전주시 완산구 효자동2가 1155-6 2층,전북특별자치도 전주시 완산구 홍산남로 60 2층,063-222-2356,,,,unmatched_address,기존 주택 CSV의 건물 좌표; 음식점 자체 측량 좌표 아님
낭만마라,덕진구 혁신동,전북특별자치도 전주시 덕진구 중동 776-11 107호,전북특별자치도 전주시 덕진구 오공로 43-7 107호,0507-1418-1401,,,,unmatched_address,기존 주택 CSV의 건물 좌표; 음식점 자체 측량 좌표 아님
피렌체,완산구 중화산동,전북특별자치도 전주시 완산구 중화산동2가 756-1,전북특별자치도 전주시 완산구 화산천변4길 14,063-223-2279,127.1175316,35.82037829,중화산2동,exact_road_building_match,기존 주택 CSV의 건물 좌표; 음식점 자체 측량 좌표 아님
알지커피숍_우아점,덕진구 우아1동,전북특별자치도 전주시 덕진구 우아동3가 754-1,전북특별자치도 전주시 덕진구 견훤로 366,063-244-1331,,,,unmatched_address,기존 주택 CSV의 건물 좌표; 음식점 자체 측량 좌표 아님
크라운호프_송천2호점,덕진구 송천2동,전북특별자치도 전주시 덕진구 송천동2가 484-2,"전북특별자치도 전주시 덕진구 붓내3길 3, 1층",010-4013-0248,,,,unmatched_address,기존 주택 CSV의 건물 좌표; 음식점 자체 측량 좌표 아님
모가네닭발찜_활어도매시장,덕진구 송천동,전북특별자치도 전주시 덕진구 송천동2가 600-1,전북특별자치도 전주시 덕진구 시천로 96-7,063-251-2427,,,,unmatched_address,기존 주택 CSV의 건물 좌표; 음식점 자체 측량 좌표 아님
이디야커피_전주하가지구점,덕진구 덕진동,전북특별자치도 전주시 덕진구 덕진동2가 695-2,전북특별자치도 전주시 덕진구 가련산로 10,063-275-3003,,,,unmatched_address,기존 주택 CSV의 건물 좌표; 음식점 자체 측량 좌표 아님
델리바스켓,덕진구 덕진동,전북특별자치도 전주시 덕진구 덕진동2가 141-12,전북특별자치도 전주시 덕진구 하가2길 9,0507-1353-4292,,,,unmatched_address,기존 주택 CSV의 건물 좌표; 음식점 자체 측량 좌표 아님
곤이랑대패랑삼겹살,완산구 중화산동2가,전북특별자치도 전주시 완산구 중화산동2가 774-3,전북특별자치도 전주시 완산구 신촌4길 18-6,063-222-3329,,,,unmatched_address,기존 주택 CSV의 건물 좌표; 음식점 자체 측량 좌표 아님
에스카페,완산구 효자4동,전북특별자치도 전주시 완산구 효자동3가 1649-8 1층,전북특별자치도 전주시 완산구 척동4길 11 1층,010-9105-9850,127.1011322,35.82230108,효자5동,exact_road_building_match,기존 주택 CSV의 건물 좌표; 음식점 자체 측량 좌표 아님
송천연탄흑돼지,덕진구 송천1동,전북특별자치도 전주시 덕진구 송천동2가 249-7,전북특별자치도 전주시 덕진구 붓내3길 17-11,063-906-2474,,,,unmatched_address,기존 주택 CSV의 건물 좌표; 음식점 자체 측량 좌표 아님
로고스,덕진구 송천동,전북특별자치도 전주시 덕진구 송천동1가 826-1,전북특별자치도 전주시 덕진구 두간7길 16-10,0507-1373-2238,,,,unmatched_address,기존 주택 CSV의 건물 좌표; 음식점 자체 측량 좌표 아님
와우호프_전주송천점,덕진구 송천1동,전북특별자치도 전주시 덕진구 송천동2가 523-13,전북특별자치도 전주시 덕진구 붓내3길 5,063-275-2060,,,,unmatched_address,기존 주택 CSV의 건물 좌표; 음식점 자체 측량 좌표 아님
맥도날드_전주덕진DT점,덕진구 덕진동1가,전북특별자치도 전주시 덕진구 덕진동1가 1401-18,전북특별자치도 전주시 덕진구 기린대로 503,070-7017-6858,,,,unmatched_address,기존 주택 CSV의 건물 좌표; 음식점 자체 측량 좌표 아님
동명카츠_전주효자점,완산구 효자5동,전북특별자치도 전주시 완산구 효자동2가 1327-4 1층,전북특별자치도 전주시 완산구 봉곡로 118-1 1층,063-226-6655,127.1066693,35.8107789,효자4동,exact_road_building_match,기존 주택 CSV의 건물 좌표; 음식점 자체 측량 좌표 아님
춘천닭갈비비비리_삼천점,완산구 삼천동,전북특별자치도 전주시 완산구 삼천동1가 284-32,전북특별자치도 전주시 완산구 용리로 30,063-224-8900,,,,unmatched_address,기존 주택 CSV의 건물 좌표; 음식점 자체 측량 좌표 아님
커피누림,덕진구 송천동,전북특별자치도 전주시 덕진구 송천동1가 807-7,전북특별자치도 전주시 덕진구 두간4길 10,063-275-0022,,,,unmatched_address,기존 주택 CSV의 건물 좌표; 음식점 자체 측량 좌표 아님
양뜰,완산구 효자동,전북특별자치도 전주시 완산구 효자동2가 1156-3,전북특별자치도 전주시 완산구 홍산1길 4-11,0507-1425-9296,,,,unmatched_address,기존 주택 CSV의 건물 좌표; 음식점 자체 측량 좌표 아님
뿔난황소곱창_에코시티점,덕진구 송천동,전북특별자치도 전주시 덕진구 송천동2가 1327-6 102호 103호,전북특별자치도 전주시 덕진구 세병1길 36 102호 103호,063-275-9955,,,,unmatched_address,기존 주택 CSV의 건물 좌표; 음식점 자체 측량 좌표 아님
한방가마솥족발_송천점,덕진구 송천동,전북특별자치도 전주시 덕진구 송천동2가 244-25,전북특별자치도 전주시 덕진구 붓내3길 17-1,063-253-0701,,,,unmatched_address,기존 주택 CSV의 건물 좌표; 음식점 자체 측량 좌표 아님
예궁,완산구 효자동2가,전북특별자치도 전주시 완산구 효자동2가 1206-4,전북특별자치도 전주시 완산구 소태정3길 18,063-225-6700,,,,unmatched_address,기존 주택 CSV의 건물 좌표; 음식점 자체 측량 좌표 아님
오감짬뽕,덕진구 우아동2가,전북특별자치도 전주시 덕진구 우아동2가 861-3,전북특별자치도 전주시 덕진구 진버들6길 7-7,063-241-7701,,,,unmatched_address,기존 주택 CSV의 건물 좌표; 음식점 자체 측량 좌표 아님
에루화,완산구 서신동,전북특별자치도 전주시 완산구 서신동 932-10,전북특별자치도 전주시 완산구 고사평5길 25,063-252-9946,,,,unmatched_address,기존 주택 CSV의 건물 좌표; 음식점 자체 측량 좌표 아님
아중리장미맨숀,덕진구 우아동2가,전북특별자치도 전주시 덕진구 우아동2가 927-4,전북특별자치도 전주시 덕진구 아중중앙로 8,0507-1301-5783,,,,unmatched_address,기존 주택 CSV의 건물 좌표; 음식점 자체 측량 좌표 아님
미가,완산구 효자동2가,전북특별자치도 전주시 완산구 효자동2가 1237-1,전북특별자치도 전주시 완산구 바우배기2길 23-6,0507-1385-0618,,,,unmatched_address,기존 주택 CSV의 건물 좌표; 음식점 자체 측량 좌표 아님
엔제리너스_전북대점,덕진구 덕진동,전북특별자치도 전주시 덕진구 덕진동1가 664-1,"전북특별자치도 전주시 덕진구 권삼득로 343, 1층,2층 102호,202호",063-225-3099,,,,unmatched_address,기존 주택 CSV의 건물 좌표; 음식점 자체 측량 좌표 아님
아이것이갈비탕이다,완산구 전동,전북특별자치도 전주시 완산구 전동 296-7,전북특별자치도 전주시 완산구 풍남문1길 15,063-287-1110,,,,unmatched_address,기존 주택 CSV의 건물 좌표; 음식점 자체 측량 좌표 아님
호랭이면옥,덕진구 송천동2가,전북특별자치도 전주시 덕진구 송천동2가 333-1,전북특별자치도 전주시 덕진구 동부대로 1132,0507-1476-5567,,,,unmatched_address,기존 주택 CSV의 건물 좌표; 음식점 자체 측량 좌표 아님
평화한우전문점,덕진구 송천1동,전북특별자치도 전주시 덕진구 송천동2가 202-11,전북특별자치도 전주시 덕진구 솔내로 175,063-278-2232,,,,unmatched_address,기존 주택 CSV의 건물 좌표; 음식점 자체 측량 좌표 아님
우리밀동우_본점,완산구 중화산동,전북특별자치도 전주시 완산구 중화산동2가 647,전북특별자치도 전주시 완산구 한두평2길 6,063-224-2255,,,,unmatched_address,기존 주택 CSV의 건물 좌표; 음식점 자체 측량 좌표 아님
쭈불로드_도청점,완산구 효자동2가,전북특별자치도 전주시 완산구 효자동2가 1155-4,전북특별자치도 전주시 완산구 홍산남로 54,063-224-7986,,,,unmatched_address,기존 주택 CSV의 건물 좌표; 음식점 자체 측량 좌표 아님
여덟개의달,완산구 풍남동,전북특별자치도 전주시 완산구 경원동3가 44-2,전북특별자치도 전주시 완산구 팔달로 202-8,010-9915-7151,,,,unmatched_address,기존 주택 CSV의 건물 좌표; 음식점 자체 측량 좌표 아님
북창동순두부_전주점,완산구 서신동,전북특별자치도 전주시 완산구 서신동 968-9,전북특별자치도 전주시 완산구 새터로 122-9,063-271-2317,,,,unmatched_address,기존 주택 CSV의 건물 좌표; 음식점 자체 측량 좌표 아님
실비아팥죽집,완산구 다가동3가,전북특별자치도 전주시 완산구 다가동3가 99-5,"전북특별자치도 전주시 완산구 전라감영2길 32, 1층",063-288-0871,,,,unmatched_address,기존 주택 CSV의 건물 좌표; 음식점 자체 측량 좌표 아님
데메테르,완산구 중화산동2가,전북특별자치도 전주시 완산구 중화산동2가 574-13,전북특별자치도 전주시 완산구 메너머1길 14-1,063-221-7940,127.121107,35.82109602,중화산2동,exact_road_building_match,기존 주택 CSV의 건물 좌표; 음식점 자체 측량 좌표 아님
메밀방앗간,완산구 중화산동,전북특별자치도 전주시 완산구 중화산동2가 652-3,전북특별자치도 전주시 완산구 백제대로 272,063-224-9946,,,,unmatched_address,기존 주택 CSV의 건물 좌표; 음식점 자체 측량 좌표 아님
조선치킨_신시가지점,완산구 효자동,전북특별자치도 전주시 완산구 효자동2가 93-7 104호,전북특별자치도 전주시 완산구 봉곡로 132 104호,063-225-9982,,,,unmatched_address,기존 주택 CSV의 건물 좌표; 음식점 자체 측량 좌표 아님
언더커버,덕진구 덕진동,전북특별자치도 전주시 덕진구 덕진동1가 1265-1,전북특별자치도 전주시 덕진구 명륜3길 10,0507-1352-3045,,,,unmatched_address,기존 주택 CSV의 건물 좌표; 음식점 자체 측량 좌표 아님
전주물망초,완산구 다가동,전북특별자치도 전주시 완산구 다가동3가 23-2,"전북특별자치도 전주시 완산구 전주객사2길 11, 2층",0507-1411-4758,,,,unmatched_address,기존 주택 CSV의 건물 좌표; 음식점 자체 측량 좌표 아님
솔내냉면황태찜,덕진구 송천동1가,전북특별자치도 전주시 덕진구 송천동1가 107-62,전북특별자치도 전주시 덕진구 솔내9길 14,0507-1408-3482,,,,unmatched_address,기존 주택 CSV의 건물 좌표; 음식점 자체 측량 좌표 아님
나베_롯데백화점전주점,완산구 서신동,전북특별자치도 전주시 완산구 서신동 971,전북특별자치도 전주시 완산구 온고을로2,063-289-3054,,,,unmatched_address,기존 주택 CSV의 건물 좌표; 음식점 자체 측량 좌표 아님
어썸그린,완산구 서신동,전북특별자치도 전주시 완산구 서신동 763-1 신일아파트상가 어썸그린,전북특별자치도 전주시 완산구 당산로 17 신일아파트상가 어썸그린,063-255-2589,,,,unmatched_address,기존 주택 CSV의 건물 좌표; 음식점 자체 측량 좌표 아님
도싯골묵은지삼겹살_송천동직영점,덕진구 송천동,전북특별자치도 전주시 덕진구 송천동2가 197-11 1층,전북특별자치도 전주시 덕진구 붓내3길 12 1층,063-255-3392,,,,unmatched_address,기존 주택 CSV의 건물 좌표; 음식점 자체 측량 좌표 아님
걸작떡볶이치킨_송천점,덕진구 송천동,전북특별자치도 전주시 덕진구 송천동2가 481-1,전북특별자치도 전주시 덕진구 붓내4길 8,063-271-2821,,,,unmatched_address,기존 주택 CSV의 건물 좌표; 음식점 자체 측량 좌표 아님
토박이식당,덕진구 우아동2가,전북특별자치도 전주시 덕진구 우아동2가 894-9,전북특별자치도 전주시 덕진구 아중중앙로 42,063-246-5675,,,,unmatched_address,기존 주택 CSV의 건물 좌표; 음식점 자체 측량 좌표 아님
벙커스커피,완산구 중앙동,전북특별자치도 전주시 완산구 중앙동1가 36-13 지하1층,전북특별자치도 전주시 완산구 충경로 22,063-288-7237,,,,unmatched_address,기존 주택 CSV의 건물 좌표; 음식점 자체 측량 좌표 아님
카페려우,완산구 중화산동,전북특별자치도 전주시 완산구 중화산동2가 581-11 1층,전북특별자치도 전주시 완산구 인정4길 12-3 1층,010-9667-2258,127.1215252,35.82022192,중화산2동,exact_road_building_match,기존 주택 CSV의 건물 좌표; 음식점 자체 측량 좌표 아님
응급실국물떡볶이_전주송천점,덕진구 송천동1가,전북특별자치도 전주시 덕진구 송천동1가484,전북특별자치도 전주시 덕진구 솔내8길 16,0507-1342-7119,,,,unmatched_address,기존 주택 CSV의 건물 좌표; 음식점 자체 측량 좌표 아님
정원당호두과자_전주본점,완산구 효자5동,전북특별자치도 전주시 완산구 상림동 108-1,전북특별자치도 전주시 완산구 콩쥐팥쥐로 1548,063-228-8822,,,,unmatched_address,기존 주택 CSV의 건물 좌표; 음식점 자체 측량 좌표 아님
원,완산구 중앙동,전북특별자치도 전주시 완산구 중앙동1가 49-6,"전북특별자치도 전주시 완산구 전라감영2길 28-17, 1층",010-4334-9190,,,,unmatched_address,기존 주택 CSV의 건물 좌표; 음식점 자체 측량 좌표 아님
우에우에테낭고,덕진구 우아1동,전북특별자치도 전주시 덕진구 우아동3가 747-65,전북특별자치도 전주시 덕진구 백제대로 805,063-246-0173,,,,unmatched_address,기존 주택 CSV의 건물 좌표; 음식점 자체 측량 좌표 아님
굽네치킨_효자중화산2호점,완산구 효자동,"전북특별자치도 전주시 완산구 효자동1가 810 201호, 202호","전북특별자치도 전주시 완산구 용머리로 101 201호, 202호",0504-3143-8602,,,,unmatched_address,기존 주택 CSV의 건물 좌표; 음식점 자체 측량 좌표 아님
골목집,완산구 효자동2가,전북특별자치도 전주시 완산구 효자동2가 1328-2,전북특별자치도 전주시 완산구 우전2길 71-21,0507-1370-0901,,,,unmatched_address,기존 주택 CSV의 건물 좌표; 음식점 자체 측량 좌표 아님
천궁,덕진구 덕진동,전북특별자치도 전주시 덕진구 덕진동1가 1263-3 서주빌딩 7층,전북특별자치도 전주시 덕진구 명륜4길 12 서주빌딩 7층,0507-1440-9003,,,,unmatched_address,기존 주택 CSV의 건물 좌표; 음식점 자체 측량 좌표 아님
라따블데뤼뗑,완산구 효자동,전북특별자치도 전주시 완산구 효자동2가 1324-1 1층,전북특별자치도 전주시 완산구 소태정4길 11-3,063-227-1026,127.101498,35.8050162,효자4동,exact_road_building_match,기존 주택 CSV의 건물 좌표; 음식점 자체 측량 좌표 아님
고창해성수산장어왕새우직판장,덕진구 우아동2가,전북특별자치도 전주시 덕진구 우아동2가 866-13,전북특별자치도 전주시 덕진구 석소5길 57,010-5683-6513,,,,unmatched_address,기존 주택 CSV의 건물 좌표; 음식점 자체 측량 좌표 아님
바오,덕진구 우아동3가,전북특별자치도 전주시 덕진구 우아동3가 749-57,전북특별자치도 전주시 덕진구 견훤로 368,0507-1359-8596,,,,unmatched_address,기존 주택 CSV의 건물 좌표; 음식점 자체 측량 좌표 아님
일등낙지_전주본점,완산구 효자동3가,전북특별자치도 전주시 완산구 효자동3가 1534-6,전북특별자치도 전주시 완산구 홍산남로 59,063-222-5851,,,,unmatched_address,기존 주택 CSV의 건물 좌표; 음식점 자체 측량 좌표 아님
아마스빈_전북도청점,완산구 효자5동,전북특별자치도 전주시 완산구 효자동2가 1155-6,전북특별자치도 전주시 완산구 홍산남로 60,063-221-7111,,,,unmatched_address,기존 주택 CSV의 건물 좌표; 음식점 자체 측량 좌표 아님
피자써클_혁식중동점,덕진구 혁신동,전북특별자치도 전주시 덕진구 중동 777-1,전북특별자치도 전주시 덕진구 오공로 43-52,0507-990-2444,,,,unmatched_address,기존 주택 CSV의 건물 좌표; 음식점 자체 측량 좌표 아님
역전할머니맥주_서신2호점,완산구 서신동,전북특별자치도 전주시 완산구 서신동 843-17,전북특별자치도 전주시 완산구 서신천변로 9,063-271-7624,,,,unmatched_address,기존 주택 CSV의 건물 좌표; 음식점 자체 측량 좌표 아님
생선맛집,덕진구 우아동2가,전북특별자치도 전주시 덕진구 우아동2가 858-4,전북특별자치도 전주시 덕진구 진버들6길 12-8,0507-1366-2260,127.1675343,35.83682996,우아2동,exact_road_building_match,기존 주택 CSV의 건물 좌표; 음식점 자체 측량 좌표 아님
우가양평해장국_중화산점,완산구 중화산동2가,전북특별자치도 전주시 완산구 중화산동2가 758-7,전북특별자치도 전주시 완산구 화산천변2길 7,063-221-5995,,,,unmatched_address,기존 주택 CSV의 건물 좌표; 음식점 자체 측량 좌표 아님
소옽,완산구 다가동,"전북특별자치도 전주시 완산구 다가동4가 129-5 1, 2층","전북특별자치도 전주시 완산구 전주객사1길 89 1, 2층",010-7335-2754,,,,unmatched_address,기존 주택 CSV의 건물 좌표; 음식점 자체 측량 좌표 아님
라푸르따,완산구 효자5동,전북특별자치도 전주시 완산구 효자동3가 1687-7 소나무빌 1층,전북특별자치도 전주시 완산구 배학2길 27 소나무빌 1층,010-4787-0199,127.0997966,35.81960815,효자5동,exact_road_building_match,기존 주택 CSV의 건물 좌표; 음식점 자체 측량 좌표 아님
수지킴델리_롯데백화점전주점,완산구 서신동,전북특별자치도 전주시 완산구 서신동 971,전북특별자치도 전주시 완산구 온고을로2,없음,,,,unmatched_address,기존 주택 CSV의 건물 좌표; 음식점 자체 측량 좌표 아님
반야돌솥밥_본점,완산구 효자5동,전북특별자치도 전주시 완산구 효자동2가 1156-6,전북특별자치도 전주시 완산구 홍산1길 6,063-288-3174,,,,unmatched_address,기존 주택 CSV의 건물 좌표; 음식점 자체 측량 좌표 아님
콤마,완산구 효자동3가,전북특별자치도 전주시 완산구 효자동3가 1646-15 2층,전북특별자치도 전주시 완산구 마전2길 11-7 2층,0507-1340-2514,,,,unmatched_address,기존 주택 CSV의 건물 좌표; 음식점 자체 측량 좌표 아님
다사랑치킨_신시가지점,완산구 효자동2가,전북특별자치도 전주시 완산구 효자동2가 93-1,전북특별자치도 전주시 완산구 우전2길 72,0507-0090-0749,,,,unmatched_address,기존 주택 CSV의 건물 좌표; 음식점 자체 측량 좌표 아님
셀렉토커피_전주혁신도시점,덕진구 혁신동,전북특별자치도 전주시 덕진구 만성동 1170-7,전북특별자치도 전주시 덕진구 월방3길 6,063-226-1638,127.0704063,35.83453669,여의동,exact_road_building_match,기존 주택 CSV의 건물 좌표; 음식점 자체 측량 좌표 아님
전라도음식이야기,덕진구 우아동2가,전북특별자치도 전주시 덕진구 우아동2가 899-1,전북특별자치도 전주시 덕진구 아중6길 14-6,063-244-4477,,,,unmatched_address,기존 주택 CSV의 건물 좌표; 음식점 자체 측량 좌표 아님
하루_작은술집,덕진구 덕진동,전북특별자치도 전주시 덕진구 덕진동2가 671-14 1층,전북특별자치도 전주시 덕진구 가리내8길 10-12 1층,0507-1372-4844,127.1107801,35.84434222,덕진동,exact_road_building_match,기존 주택 CSV의 건물 좌표; 음식점 자체 측량 좌표 아님
흐엉꾸에하롱베이퍼,완산구 중앙동,전북특별자치도 전주시 완산구 고사동 42-3 2층,전북특별자치도 전주시 완산구 팔달로 201-3 2층,063-232-3340,,,,unmatched_address,기존 주택 CSV의 건물 좌표; 음식점 자체 측량 좌표 아님
크리스피크림_롯데전주점,완산구 서신동,전북특별자치도 전주시 완산구 서신동 971 롯데백화점 전주점 B1,전북특별자치도 전주시 완산구 온고을로 2 롯데백화점 전주점 B1,063-289-3011,,,,unmatched_address,기존 주택 CSV의 건물 좌표; 음식점 자체 측량 좌표 아님
한솥도시락_전주송천점,덕진구 송천1동,전북특별자치도 전주시 덕진구 송천동1가 101-15,전북특별자치도 전주시 덕진구 솔내로 141,063-278-8289,,,,unmatched_address,기존 주택 CSV의 건물 좌표; 음식점 자체 측량 좌표 아님
충만치킨_객사점,완산구 고사동,전북특별자치도 전주시 완산구 고사동 142-2 2층,전북특별자치도 전주시 완산구 전주객사4길 44-18 2층,0507-1417-3468,,,,unmatched_address,기존 주택 CSV의 건물 좌표; 음식점 자체 측량 좌표 아님
작은카페,완산구 풍남동,전북특별자치도 전주시 완산구 전동 64-4,전북특별자치도 전주시 완산구 전동성당길 106,063-283-1949,,,,unmatched_address,기존 주택 CSV의 건물 좌표; 음식점 자체 측량 좌표 아님
이맛콩나물국밥,완산구 서신동,전북특별자치도 전주시 완산구 서신동 791-6,전북특별자치도 전주시 완산구 감나무로 61-5,063-272-0086,,,,unmatched_address,기존 주택 CSV의 건물 좌표; 음식점 자체 측량 좌표 아님
이치아더포라이프,완산구 다가동,전북특별자치도 전주시 완산구 다가동3가 53-1 다산빌딩,"전북특별자치도 전주시 완산구 전주천동로 244, 다산빌딩",063-901-5000,,,,unmatched_address,기존 주택 CSV의 건물 좌표; 음식점 자체 측량 좌표 아님
그리즐리,덕진구 덕진동,전북특별자치도 전주시 덕진구 덕진동1가  1314-172 2층,전북특별자치도 전주시 덕진구 명륜4길 18-3 2층,0507-1458-5254,,,,unmatched_address,기존 주택 CSV의 건물 좌표; 음식점 자체 측량 좌표 아님
가장맛있는족발_객사점,완산구 다가동,전북특별자치도 전주시 완산구 고사동 300-2 1층 101호,전북특별자치도 전주시 완산구 전주객사3길 94 1층 101호,063-231-5849,,,,unmatched_address,기존 주택 CSV의 건물 좌표; 음식점 자체 측량 좌표 아님
올스타피자_전주완산점,완산구 중화산동2가,전북특별자치도 전주시 완산구 중화산동2가 587-11,전북특별자치도 전주시 완산구 인정로 13,063-222-3811,127.1200508,35.82024791,중화산2동,exact_road_building_match,기존 주택 CSV의 건물 좌표; 음식점 자체 측량 좌표 아님
골든트리,완산구 태평동,전북특별자치도 전주시 완산구 태평동 6-10,"전북특별자치도 전주시 완산구 공북로 86, 1층",063-255-2670,,,,unmatched_address,기존 주택 CSV의 건물 좌표; 음식점 자체 측량 좌표 아님
명품꽈배기앤핫도그_중화산점,완산구 중화산동2가,전북특별자치도 전주시 완산구 중화산동2가 759-2,전북특별자치도 전주시 완산구 화산천변로 14,063-224-6001,,,,unmatched_address,기존 주택 CSV의 건물 좌표; 음식점 자체 측량 좌표 아님
대국민찜닭_서신중화산점,완산구 서신동,전북특별자치도 전주시 완산구 서신동 855-2,전북특별자치도 전주시 완산구 서신로 5,063-254-0601,,,,unmatched_address,기존 주택 CSV의 건물 좌표; 음식점 자체 측량 좌표 아님
우장군참숯화로구이,완산구 중화산동,전북특별자치도 전주시 완산구 중화산동2가 777-9,전북특별자치도 전주시 완산구 신촌4길 2-9,010-5686-3800,,,,unmatched_address,기존 주택 CSV의 건물 좌표; 음식점 자체 측량 좌표 아님
피싱빌리지630_신시가지점,완산구 효자5동,전북특별자치도 전주시 완산구 효자동3가 1529-7 2층,전북특별자치도 전주시 완산구 홍산북로 59-9,0507-1427-0630,,,,unmatched_address,기존 주택 CSV의 건물 좌표; 음식점 자체 측량 좌표 아님
푸드카페김밥천국_오송점,덕진구 송천동,전북특별자치도 전주시 덕진구 송천동1가 97-6,전북특별자치도 전주시 덕진구 오송1길 37-13,063-274-1919,,,,unmatched_address,기존 주택 CSV의 건물 좌표; 음식점 자체 측량 좌표 아님
상무초밥_전주_송천직영점,덕진구 송천동1가,전북특별자치도 전주시 덕진구 송천동1가 809-1,전북특별자치도 전주시 덕진구 송천중앙로 217,063-251-9003,,,,unmatched_address,기존 주택 CSV의 건물 좌표; 음식점 자체 측량 좌표 아님
커피집_효자점,완산구 효자5동,전북특별자치도 전주시 완산구 효자동2가 1209-1 1층,전북특별자치도 전주시 완산구 소태정3길 19 1층,070-7799-1119,,,,unmatched_address,기존 주택 CSV의 건물 좌표; 음식점 자체 측량 좌표 아님
걸작떡볶이치킨_전주아중점,덕진구 우아동2가,전북특별자치도 전주시 덕진구 우아동2가 909-11,전북특별자치도 전주시 덕진구 석소로 18,063-242-2821,,,,unmatched_address,기존 주택 CSV의 건물 좌표; 음식점 자체 측량 좌표 아님
감탄떡볶이_송천센트럴점,덕진구 송천2동,전북특별자치도 전주시 덕진구 송천동1가 382-2,전북특별자치도 전주시 덕진구 송천로 28,063-252-8316,,,,unmatched_address,기존 주택 CSV의 건물 좌표; 음식점 자체 측량 좌표 아님
마음의온도37.5도씨,덕진구 혁신동,전북특별자치도 전주시 덕진구 만성동 1281-4 1층,전북특별자치도 전주시 덕진구 만성남6길 8 1층,010-3840-0999,127.0718547,35.83942705,여의동,exact_road_building_match,기존 주택 CSV의 건물 좌표; 음식점 자체 측량 좌표 아님
초밥장이,완산구 중앙동,전북특별자치도 전주시 완산구 중앙동1가 59-2 1층,전북특별자치도 전주시 완산구 전라감영3길 13 1층,063-288-4944,,,,unmatched_address,기존 주택 CSV의 건물 좌표; 음식점 자체 측량 좌표 아님
다인촌,완산구 서신동,전북특별자치도 전주시 완산구 서신동 849-9,전북특별자치도 전주시 완산구 서신천변2길 11-3,063-274-2516,,,,unmatched_address,기존 주택 CSV의 건물 좌표; 음식점 자체 측량 좌표 아님
BHC치킨_전주중화산2호점,완산구 중화산동2가,전북특별자치도 전주시 완산구 중화산동2가 576-5,전북특별자치도 전주시 완산구 메너머1길 27,063-236-7333,,,,unmatched_address,기존 주택 CSV의 건물 좌표; 음식점 자체 측량 좌표 아님
파스텔디,덕진구 우아동3가,전북특별자치도 전주시 덕진구 우아동3가 743-105,전북특별자치도 전주시 덕진구 우아10길 22,0507-1311-4762,127.1576637,35.85231527,우아1동,exact_road_building_match,기존 주택 CSV의 건물 좌표; 음식점 자체 측량 좌표 아님
드림박스샐러드카페,덕진구 혁신동,전북특별자치도 전주시 덕진구 중동 774-2 1층 101호,전북특별자치도 전주시 덕진구 기지로 70 1층 101호,0507-1349-6900,127.0596511,35.83809437,혁신동,exact_road_building_match,기존 주택 CSV의 건물 좌표; 음식점 자체 측량 좌표 아님
엔젤북카페_전주1호점,완산구 효자동2가,전북특별자치도 전주시 완산구 효자동2가 1227-2 4층,전북특별자치도 전주시 완산구 홍산북로 11-3 4층,070-4139-4330,,,,unmatched_address,기존 주택 CSV의 건물 좌표; 음식점 자체 측량 좌표 아님
만복감자탕,완산구 중화산동2가,전북특별자치도 전주시 완산구 중화산동2가 663-7,전북특별자치도 전주시 완산구 한두평1길 17-5,063-237-1100,,,,unmatched_address,기존 주택 CSV의 건물 좌표; 음식점 자체 측량 좌표 아님
커피팀버_전북도청점,완산구 효자동,전북특별자치도 전주시 완산구 효자동3가 1527-2 1층,"전북특별자치도 전주시 완산구 홍산3길 17, 1층",063-221-9113,,,,unmatched_address,기존 주택 CSV의 건물 좌표; 음식점 자체 측량 좌표 아님
전복과돌솥밥,완산구 중화산동,전북특별자치도 전주시 완산구 중화산동2가 485-94 1층,전북특별자치도 전주시 완산구 강변로 284 1층,063-255-0380,,,,unmatched_address,기존 주택 CSV의 건물 좌표; 음식점 자체 측량 좌표 아님
구운통닭_서신점,완산구 서신동,전북특별자치도 전주시 완산구 서신동 763-1 상가115동 113호,전북특별자치도 전주시 완산구 당산로 27 상가115동 113호,063-252-9279,,,,unmatched_address,기존 주택 CSV의 건물 좌표; 음식점 자체 측량 좌표 아님
도나돈아_서신점,완산구 서신동,전북특별자치도 전주시 완산구 서신동 829-5,전북특별자치도 전주시 완산구 서신천변10길 12-8,063-255-9299,,,,unmatched_address,기존 주택 CSV의 건물 좌표; 음식점 자체 측량 좌표 아님
성미당_서신점,완산구 서신동,전북특별자치도 전주시 완산구 서신동 258-5,전북특별자치도 전주시 완산구 전룡로 45-12,063-273-0029,,,,unmatched_address,기존 주택 CSV의 건물 좌표; 음식점 자체 측량 좌표 아님
효자회관_전주객사점,완산구 중앙동,전북특별자치도 전주시 완산구 중앙동1가 31-1 2층,전북특별자치도 전주시 완산구 전주객사2길 10 2층,063-286-4490,,,,unmatched_address,기존 주택 CSV의 건물 좌표; 음식점 자체 측량 좌표 아님
통파이브_전주서신점,완산구 서신동,전북특별자치도 전주시 완산구 서신동 938-6 101호,전북특별자치도 전주시 완산구 새터로 36,063-275-0799,,,,unmatched_address,기존 주택 CSV의 건물 좌표; 음식점 자체 측량 좌표 아님
카페디쟈트,완산구 중앙동,전북특별자치도 전주시 완산구 중앙동2가 26-16,전북특별자치도 전주시 완산구 충경로 45,070-5080-3332,,,,unmatched_address,기존 주택 CSV의 건물 좌표; 음식점 자체 측량 좌표 아님
일품한우곱창,완산구 중화산동2가,전북특별자치도 전주시 완산구 중화산동2가 657-13 1층,전북특별자치도 전주시 완산구 어은로 12 1층,063-906-2300,,,,unmatched_address,기존 주택 CSV의 건물 좌표; 음식점 자체 측량 좌표 아님
이탈리돈,완산구 풍남동3가,전북특별자치도 전주시 완산구 풍남동3가 7-7,전북특별자치도 전주시 완산구 간납로 4,1661-8418,,,,unmatched_address,기존 주택 CSV의 건물 좌표; 음식점 자체 측량 좌표 아님
릴리스코브,완산구 서신동,전북특별자치도 전주시 완산구 서신동 774,전북특별자치도 전주시 완산구 백제대로 424-8,063-252-0774,,,,unmatched_address,기존 주택 CSV의 건물 좌표; 음식점 자체 측량 좌표 아님
성연횟집,완산구 효자5동,전북특별자치도 전주시 완산구 효자동2가 93-1,"전북특별자치도 전주시 완산구 우전2길 72, 효정빌딩 1층",010-4629-3587,,,,unmatched_address,기존 주택 CSV의 건물 좌표; 음식점 자체 측량 좌표 아님
감성커피_전주케이비에스점,완산구 효자5동,전북특별자치도 전주시 완산구 효자동3가 1633-4 101호,전북특별자치도 전주시 완산구 마전중앙로 13,063-222-5552,,,,unmatched_address,기존 주택 CSV의 건물 좌표; 음식점 자체 측량 좌표 아님
호떡집,덕진구 송천동1가,전북특별자치도 전주시 덕진구 송천동1가 137-135,전북특별자치도 전주시 덕진구 솔내로 103,063-253-1212,,,,unmatched_address,기존 주택 CSV의 건물 좌표; 음식점 자체 측량 좌표 아님
카페옛날사람,완산구 중화산동2가,전북특별자치도 전주시 완산구 중화산동2가 765-1,전북특별자치도 전주시 완산구 화산천변3길 19-2,010-8858-5483,127.1140801,35.82038513,중화산2동,exact_road_building_match,기존 주택 CSV의 건물 좌표; 음식점 자체 측량 좌표 아님
한라맥주,덕진구 덕진동,전북특별자치도 전주시 덕진구 덕진동1가 1277-2,전북특별자치도 전주시 덕진구 명륜5길 15-5,010-2647-4541,,,,unmatched_address,기존 주택 CSV의 건물 좌표; 음식점 자체 측량 좌표 아님
청정한우미고,완산구 서신동,전북특별자치도 전주시 완산구 서신동 941-3,전북특별자치도 전주시 완산구 고사평3길 21-4,063-273-7747,127.1074179,35.8363468,서신동,exact_road_building_match,기존 주택 CSV의 건물 좌표; 음식점 자체 측량 좌표 아님
전일갑오,완산구 풍남동,전북특별자치도 전주시 완산구 경원동3가 13-12,전북특별자치도 전주시 완산구 현무2길 16,063-284-0793,,,,unmatched_address,기존 주택 CSV의 건물 좌표; 음식점 자체 측량 좌표 아님
피자몰_NC전주점,완산구 고사동,전북특별자치도 전주시 완산구 고사동 96-1,전북특별자치도 전주시 완산구 전주객사5길 35,070-5154-4364,,,,unmatched_address,기존 주택 CSV의 건물 좌표; 음식점 자체 측량 좌표 아님
느릿느린커피,완산구 중화산동2가,전북특별자치도 전주시 완산구 중화산동2가 266-49,전북특별자치도 전주시 완산구 영선로 7,010-5870-0645,,,,unmatched_address,기존 주택 CSV의 건물 좌표; 음식점 자체 측량 좌표 아님
참맛장어,덕진구 우아동1가,전북특별자치도 전주시 덕진구 우아동1가 1113-2,전북특별자치도 전주시 덕진구 아중로 228,063-246-1058,,,,unmatched_address,기존 주택 CSV의 건물 좌표; 음식점 자체 측량 좌표 아님
콩시밥상,완산구 풍남동,전북특별자치도 전주시 완산구 전동3가 144-2,전북특별자치도 전주시 완산구 풍남문2길 71,010-8644-8847,,,,unmatched_address,기존 주택 CSV의 건물 좌표; 음식점 자체 측량 좌표 아님
향토한우,완산구 중화산동,전북특별자치도 전주시 완산구 중화산동2가 750-6,전북특별자치도 전주시 완산구 화산천변3길 6,063-226-9922,,,,unmatched_address,기존 주택 CSV의 건물 좌표; 음식점 자체 측량 좌표 아님
장어야놀자_송천점,덕진구 송천1동,전북특별자치도 전주시 덕진구 송천동1가 811-1,전북특별자치도 전주시 덕진구 두간로 54,063-271-0592,,,,unmatched_address,기존 주택 CSV의 건물 좌표; 음식점 자체 측량 좌표 아님
유어글라스,완산구 다가동3가,전북특별자치도 전주시 완산구 다가동3가 24-1,전북특별자치도 전주시 완산구 전주객사1길 12-7,0507-1415-7100,,,,unmatched_address,기존 주택 CSV의 건물 좌표; 음식점 자체 측량 좌표 아님
사계절시장골목집,완산구 서신동,전북특별자치도 전주시 완산구 서신동 936-6,전북특별자치도 전주시 완산구 새터로 14,063-274-7944,,,,unmatched_address,기존 주택 CSV의 건물 좌표; 음식점 자체 측량 좌표 아님
원조사계절칡냉면_본점,완산구 효자동,전북특별자치도 전주시 완산구 효자동1가 667-10,전북특별자치도 전주시 완산구 효자천변1길 26-23,063-226-7999,,,,unmatched_address,기존 주택 CSV의 건물 좌표; 음식점 자체 측량 좌표 아님
오유민동태마을_본점,완산구 중화산동,전북특별자치도 전주시 완산구 중화산동2가 780-4,전북특별자치도 전주시 완산구 신촌3길 10,063-225-5252,,,,unmatched_address,기존 주택 CSV의 건물 좌표; 음식점 자체 측량 좌표 아님
송천궁,덕진구 송천1동,전북특별자치도 전주시 덕진구 송천동1가 137-70,전북특별자치도 전주시 덕진구 솔내8길 44,063-902-2008,,,,unmatched_address,기존 주택 CSV의 건물 좌표; 음식점 자체 측량 좌표 아님
대동국수_아중점,덕진구 우아2동,전북특별자치도 전주시 덕진구 우아동2가 918-1,전북특별자치도 전주시 덕진구 아중로 205-1,063-245-3233,127.1716076,35.82839565,우아2동,exact_road_building_match,기존 주택 CSV의 건물 좌표; 음식점 자체 측량 좌표 아님
가루랑키즈카페,덕진구 혁신동,전북특별자치도 전주시 덕진구 만성동 1372-1 7층,전북특별자치도 전주시 덕진구 만성로 140 7층,063-213-1123,,,,unmatched_address,기존 주택 CSV의 건물 좌표; 음식점 자체 측량 좌표 아님
꼬무아,덕진구 우아동2가,전북특별자치도 전주시 덕진구 우아동2가 878-8,전북특별자치도 전주시 덕진구 석소2길 14-2,0507-1396-0981,,,,unmatched_address,기존 주택 CSV의 건물 좌표; 음식점 자체 측량 좌표 아님
코앤타베_신시가지점,완산구 효자5동,전북특별자치도 전주시 완산구 효자동3가 1535-1 2층,전북특별자치도 전주시 완산구 홍산중앙로 41 2층,063-717-1734,,,,unmatched_address,기존 주택 CSV의 건물 좌표; 음식점 자체 측량 좌표 아님
경아분식_서신점,완산구 서신동,전북특별자치도 전주시 완산구 서신동 815,전북특별자치도 전주시 완산구 서신로 51,063-273-1135,,,,unmatched_address,기존 주택 CSV의 건물 좌표; 음식점 자체 측량 좌표 아님
이선자떡카페,완산구 풍남동,전북특별자치도 전주시 완산구 전동 161-2,전북특별자치도 전주시 완산구 풍남문2길 30,063-288-4210,,,,unmatched_address,기존 주택 CSV의 건물 좌표; 음식점 자체 측량 좌표 아님
씨에나뷔페,완산구 중화산동2가,전북특별자치도 전주시 완산구 중화산동2가 261-14 3층,전북특별자치도 전주시 완산구 백제대로 332 3층,063-247-6868,,,,unmatched_address,기존 주택 CSV의 건물 좌표; 음식점 자체 측량 좌표 아님
피플레이트,완산구 효자동,전북특별자치도 전주시 완산구 효자동3가 1689-5,전북특별자치도 전주시 완산구 마전들로 52,063-224-6540,,,,unmatched_address,기존 주택 CSV의 건물 좌표; 음식점 자체 측량 좌표 아님
빽다방_전주KBS점,완산구 효자5동,전북특별자치도 전주시 완산구 효자동3가 1645-7 1동 1층,전북특별자치도 전주시 완산구 마전로 7 1동 1층,063-222-1021,,,,unmatched_address,기존 주택 CSV의 건물 좌표; 음식점 자체 측량 좌표 아님
욱도사,덕진구 우아동1가,전북특별자치도 전주시 덕진구 우아동1가 1088-6,전북특별자치도 전주시 덕진구 아중로 202,0507-1467-2570,,,,unmatched_address,기존 주택 CSV의 건물 좌표; 음식점 자체 측량 좌표 아님
떡볶이참잘하는집_전주대점,완산구 효자4동,전북특별자치도 전주시 완산구 효자동3가 1172-1,전북특별자치도 전주시 완산구 백마산길 24,063-901-0052,,,,unmatched_address,기존 주택 CSV의 건물 좌표; 음식점 자체 측량 좌표 아님
곱창이야기_전북도청점,완산구 효자5동,전북특별자치도 전주시 완산구 효자동3가 1530-8,전북특별자치도 전주시 완산구 홍산북로 75,063-229-0292,,,,unmatched_address,기존 주택 CSV의 건물 좌표; 음식점 자체 측량 좌표 아님
구_전주성,완산구 효자5동,전북특별자치도 전주시 완산구 효자동3가 1647-11,전북특별자치도 전주시 완산구 마전1길 18-4,063-252-3939,,,,unmatched_address,기존 주택 CSV의 건물 좌표; 음식점 자체 측량 좌표 아님
희야네,완산구 풍남동,전북특별자치도 전주시 완산구 전동 152-1 1층,전북특별자치도 전주시 완산구 풍남문3길 15 1층,063-232-2714,,,,unmatched_address,기존 주택 CSV의 건물 좌표; 음식점 자체 측량 좌표 아님
컵밥열차999_전주대점,완산구 효자4동,전북특별자치도 전주시 완산구 효자동3가 1080-1 학생회관 1층,전북특별자치도 전주시 완산구 천잠로 303 학생회관 1층,010-4781-5241,,,,unmatched_address,기존 주택 CSV의 건물 좌표; 음식점 자체 측량 좌표 아님
삼도리식당,완산구 다가동,전북특별자치도 전주시 완산구 다가동4가 36-8,전북특별자치도 전주시 완산구 전주객사1길 90,063-287-8034,,,,unmatched_address,기존 주택 CSV의 건물 좌표; 음식점 자체 측량 좌표 아님
우로,완산구 다가동,전북특별자치도 전주시 완산구 다가동4가 61-3,전북특별자치도 전주시 완산구 전주객사2길 73-7,010-2869-1155,,,,unmatched_address,기존 주택 CSV의 건물 좌표; 음식점 자체 측량 좌표 아님
일미리금계찜닭_효자효천점,완산구 효자동2가,전북특별자치도 전주시 완산구 효자동2가 1305-15,전북특별자치도 전주시 완산구 후곡길 23-27,063-222-8299,127.0946502,35.81007832,효자4동,exact_road_building_match,기존 주택 CSV의 건물 좌표; 음식점 자체 측량 좌표 아님
스타벅스_전주한옥마을점,완산구 전동,전북특별자치도 전주시 완산구 전동 187-9,전북특별자치도 전주시 완산구 팔달로 123,1522-3232,,,,unmatched_address,기존 주택 CSV의 건물 좌표; 음식점 자체 측량 좌표 아님
육회야수육아,완산구 서신동,전북특별자치도 전주시 완산구 서신동 931-4,전북특별자치도 전주시 완산구 새터로 51-9,063-902-3041,,,,unmatched_address,기존 주택 CSV의 건물 좌표; 음식점 자체 측량 좌표 아님
포롱,완산구 효자동,전북특별자치도 전주시 완산구 효자동3가 1620-4 1층,전북특별자치도 전주시 완산구 문학대4길 22-4 1층,0507-1485-0612,127.1041198,35.82639818,효자5동,exact_road_building_match,기존 주택 CSV의 건물 좌표; 음식점 자체 측량 좌표 아님
사드락사드락,완산구 효자5동,전북특별자치도 전주시 완산구 효자동2가 1312-4,전북특별자치도 전주시 완산구 후곡길 6-11,063-252-7691,,,,unmatched_address,기존 주택 CSV의 건물 좌표; 음식점 자체 측량 좌표 아님
마포선장_전주신시가지점,완산구 효자동3가,전북특별자치도 전주시 완산구 효자동3가 1528-13 1층,전북특별자치도 전주시 완산구 홍산북로 69-7 1층,"0507-1335-0345, 063-222-0345",,,,unmatched_address,기존 주택 CSV의 건물 좌표; 음식점 자체 측량 좌표 아님
달토끼의떡볶이흡입구역_신시가지점,완산구 효자5동,전북특별자치도 전주시 완산구 효자동3가 1604-23 1층,전북특별자치도 전주시 완산구 문학대3길 6,063-227-0708,127.101397,35.8269236,효자5동,exact_road_building_match,기존 주택 CSV의 건물 좌표; 음식점 자체 측량 좌표 아님
더리터_서곡점,완산구 효자동3가,전북특별자치도 전주시 완산구 효자동3가 1452-4,전북특별자치도 전주시 완산구 세내로 554,063-278-0048,,,,unmatched_address,기존 주택 CSV의 건물 좌표; 음식점 자체 측량 좌표 아님
팔공티_하가점,덕진구 덕진동,전북특별자치도 전주시 덕진구 덕진동2가 693-3 103호,전북특별자치도 전주시 덕진구 가련산로 7  103호,063-277-5484,,,,unmatched_address,기존 주택 CSV의 건물 좌표; 음식점 자체 측량 좌표 아님
필스너하우스,완산구 고사동,전북특별자치도 전주시 완산구 고사동 461-1,전북특별자치도 전주시 완산구 전주객사2길 38-4,063-231-8259,127.140867,35.81845434,중앙동,exact_road_building_match,기존 주택 CSV의 건물 좌표; 음식점 자체 측량 좌표 아님
하오츠,덕진구 송천동,전북특별자치도 전주시 덕진구 송천동1가 406-6,전북특별자치도 전주시 덕진구 송천로 34,063-251-8177,,,,unmatched_address,기존 주택 CSV의 건물 좌표; 음식점 자체 측량 좌표 아님
김밥천국_휴먼시아점,완산구 효자5동,전북특별자치도 전주시 완산구 효자동2가 1319-1,전북특별자치도 전주시 완산구 호암로 78,063-227-0110,,,,unmatched_address,기존 주택 CSV의 건물 좌표; 음식점 자체 측량 좌표 아님
두부키친_전북대점,덕진구 덕진동,전북특별자치도 전주시 덕진구 덕진동1가 1314-161 2층,전북특별자치도 전주시 덕진구 명륜4길 21-7 2층,0507-1354-9491,,,,unmatched_address,기존 주택 CSV의 건물 좌표; 음식점 자체 측량 좌표 아님
더리터_전주대점,완산구 효자동3가,전북특별자치도 전주시 완산구 효자동3가 1167-9,전북특별자치도 전주시 완산구 효자로 64,063-221-0028,,,,unmatched_address,기존 주택 CSV의 건물 좌표; 음식점 자체 측량 좌표 아님
춘천닭갈비비비리_평화점,덕진구 덕진동,전북특별자치도 전주시 완산구 평화동1가 734-6,전북특별자치도 전주시 완산구 평화14길 28-7,0507-415-3927,,,,unmatched_address,기존 주택 CSV의 건물 좌표; 음식점 자체 측량 좌표 아님
비스트로_찬,덕진구 송천동,전북특별자치도 전주시 덕진구 송천동1가 474-27,전북특별자치도 전주시 덕진구 송천2길 3-15,063-255-0524,,,,unmatched_address,기존 주택 CSV의 건물 좌표; 음식점 자체 측량 좌표 아님
초밥대통령_전주효자점,완산구 효자동2가,전북특별자치도 전주시 완산구 효자동2가 1318-4,전북특별자치도 전주시 완산구 호암로 85,0507-1407-7858,,,,unmatched_address,기존 주택 CSV의 건물 좌표; 음식점 자체 측량 좌표 아님
오대양세꼬시회,완산구 중화산동2가,전북특별자치도 전주시 완산구 중화산동2가 653-10,전북특별자치도 전주시 완산구 영경1길 6-3,063-221-4114,,,,unmatched_address,기존 주택 CSV의 건물 좌표; 음식점 자체 측량 좌표 아님
썬데이칠,완산구 다가동,전북특별자치도 전주시 완산구 다가동4가  90-6 1층,전북특별자치도 전주시 완산구 전주객사1길 46-3 1층,010-4028-2433,,,,unmatched_address,기존 주택 CSV의 건물 좌표; 음식점 자체 측량 좌표 아님
백탄참숯불구이,완산구 효자동,전북특별자치도 전주시 완산구 효자동1가 667-7,전북특별자치도 전주시 완산구 효자천변1길 26-33,063-236-1161,,,,unmatched_address,기존 주택 CSV의 건물 좌표; 음식점 자체 측량 좌표 아님
다온정,덕진구 송천동,전북특별자치도 전주시 덕진구 송천동1가 835-2 1층,전북특별자치도 전주시 덕진구 용소로 64 1층,063-252-9899,,,,unmatched_address,기존 주택 CSV의 건물 좌표; 음식점 자체 측량 좌표 아님
플로리아,완산구 효자동3가,전북특별자치도 전주시 완산구 효자동3가 1539-3,"전북특별자치도 전주시 완산구 홍산남로75, 103호",063-221-3999,,,,unmatched_address,기존 주택 CSV의 건물 좌표; 음식점 자체 측량 좌표 아님
인생한잔,덕진구 우아동2가,전북특별자치도 전주시 덕진구 우아동1가 1097-10,전북특별자치도 전주시 덕진구 한배미로 68,010-6256-3556,,,,unmatched_address,기존 주택 CSV의 건물 좌표; 음식점 자체 측량 좌표 아님
솔솔커피_신시가지점,완산구 효자동3가,전북특별자치도 전주시 완산구 효자동3가 1539-2 1층 솔솔커피,전북특별자치도 전주시 완산구 홍산남로 73,063-236-1358,,,,unmatched_address,기존 주택 CSV의 건물 좌표; 음식점 자체 측량 좌표 아님
청춘연가_1992_전주신시가지점,완산구 효자5동,전북특별자치도 전주시 완산구 효자동3가 1534-3 201호,전북특별자치도 전주시 완산구 홍산남로 51 201호,063-221-1992,,,,unmatched_address,기존 주택 CSV의 건물 좌표; 음식점 자체 측량 좌표 아님
카페코펜하겐_서곡점,완산구 효자5동,전북특별자치도 전주시 완산구 효자동3가 1459-1,전북특별자치도 전주시 완산구 서곡로 64,063-283-8080,,,,unmatched_address,기존 주택 CSV의 건물 좌표; 음식점 자체 측량 좌표 아님
카페기역,완산구 효자4동,전북특별자치도 전주시 완산구 효자동2가 1163-5,전북특별자치도 전주시 완산구 범안1길 12,010-8541-1603,127.1084314,35.81271621,효자4동,exact_parcel_building_match,기존 주택 CSV의 건물 좌표; 음식점 자체 측량 좌표 아님
장터목휴게실,완산구 중화산동2가,전북특별자치도 전주시 완산구 중화산동2가 640-3,전북특별자치도 전주시 완산구 산월2길27,063-228-7538,,,,unmatched_address,기존 주택 CSV의 건물 좌표; 음식점 자체 측량 좌표 아님
달리는커피_전주서신점,완산구 서신동,전북특별자치도 전주시 완산구 서신동 831-3,전북특별자치도 전주시 완산구 서신로 35,063-278-5351,,,,unmatched_address,기존 주택 CSV의 건물 좌표; 음식점 자체 측량 좌표 아님
명동소바,완산구 중화산동,전북특별자치도 전주시 완산구 중화산동2가 748-6,전북특별자치도 전주시 완산구 화산천변6길 4,063-224-7292,,,,unmatched_address,기존 주택 CSV의 건물 좌표; 음식점 자체 측량 좌표 아님
콩샌_휴먼시아점,완산구 효자4동,전북특별자치도 전주시 완산구 효자동2가 1312-4,전북특별자치도 전주시 완산구 후곡길 6-11,063-229-0007,,,,unmatched_address,기존 주택 CSV의 건물 좌표; 음식점 자체 측량 좌표 아님
옻닭매니아,완산구 중화산동2가,전북특별자치도 전주시 완산구 중화산동2가 531-2,전북특별자치도 전주시 완산구 산월1길 12,063-222-5022,,,,unmatched_address,기존 주택 CSV의 건물 좌표; 음식점 자체 측량 좌표 아님
자매떡볶이_효자점,완산구 효자동3가,전북특별자치도 전주시 완산구 효자동3가 1732-3,전북특별자치도 전주시 완산구 봉곡로 19,063-237-0900,127.0960778,35.8119702,효자4동,exact_road_building_match,기존 주택 CSV의 건물 좌표; 음식점 자체 측량 좌표 아님
탕화쿵푸마라탕_객사점,완산구 고사동,전북특별자치도 전주시 완산구 고사동 232-4,전북특별자치도 전주시 완산구 전주객사5길 73-26,0507-1427-8886,,,,unmatched_address,기존 주택 CSV의 건물 좌표; 음식점 자체 측량 좌표 아님
서신홍탁,완산구 서신동,전북특별자치도 전주시 완산구 서신동 843-5,전북특별자치도 전주시 완산구 서신천변1길 11,063-255-1771,127.1134507,35.82647392,서신동,exact_road_building_match,기존 주택 CSV의 건물 좌표; 음식점 자체 측량 좌표 아님
이디야커피_전주고사점,완산구 중앙동,전북특별자치도 전주시 완산구 고사동 55-6,전북특별자치도 전주시 완산구 전주객사5길 32,063-288-1725,,,,unmatched_address,기존 주택 CSV의 건물 좌표; 음식점 자체 측량 좌표 아님
모퉁이케이크,덕진구 우아동2가,전북특별자치도 전주시 덕진구 우아동2가 884-10,전북특별자치도 전주시 덕진구 중상보로 17,010-2648-7500,127.1697227,35.83302178,우아2동,exact_parcel_building_match,기존 주택 CSV의 건물 좌표; 음식점 자체 측량 좌표 아님
이디야커피_전주서곡지구점,완산구 효자5동,전북특별자치도 전주시 완산구 효자동3가 1450-5,전북특별자치도 전주시 완산구 서곡1길 13-8,063-271-1000,127.0992498,35.83486395,효자5동,exact_road_building_match,기존 주택 CSV의 건물 좌표; 음식점 자체 측량 좌표 아님
천안당호두과자_전주에코점,덕진구 송천동2가,전북특별자치도 전주시 덕진구 송천동2가 38-2 101-105,전북특별자치도 전주시 덕진구 동부대로 962 101-105,063-255-0190,,,,unmatched_address,기존 주택 CSV의 건물 좌표; 음식점 자체 측량 좌표 아님
신뱅이,완산구 풍남동,전북특별자치도 전주시 완산구 교동 98-1,전북특별자치도 전주시 완산구 경기전길 153-9,063-282-3030,,,,unmatched_address,기존 주택 CSV의 건물 좌표; 음식점 자체 측량 좌표 아님
마싣다한상,완산구 효자동,전북특별자치도 전주시 완산구 효자동3가 1544-2,전북특별자치도 전주시 완산구 홍산2길 10,063-229-9090,127.1101153,35.81441428,효자5동,exact_road_building_match,기존 주택 CSV의 건물 좌표; 음식점 자체 측량 좌표 아님
장가육고기,완산구 중화산동2가,전북특별자치도 전주시 완산구 중화산동2가 576-2,전북특별자치도 전주시 완산구 메너머1길 33,0507-1343-1933,,,,unmatched_address,기존 주택 CSV의 건물 좌표; 음식점 자체 측량 좌표 아님
팔공티_전주대점,완산구 효자동3가,전북특별자치도 전주시 완산구 효자동3가 1184-6,전북특별자치도 전주시 완산구 백마산길 19,0507-1338-8421,,,,unmatched_address,기존 주택 CSV의 건물 좌표; 음식점 자체 측량 좌표 아님
돈앤김,덕진구 송천동1가,전북특별자치도 전주시 덕진구 송천동1가 46-6,전북특별자치도 전주시 덕진구 사근1길 71,0507-1340-2383,,,,unmatched_address,기존 주택 CSV의 건물 좌표; 음식점 자체 측량 좌표 아님
이디야커피_전주송천점,덕진구 송천1동,전북특별자치도 전주시 덕진구 송천동2가 516-4,전북특별자치도 전주시 덕진구 송천중앙로 220,070-4412-1066,,,,unmatched_address,기존 주택 CSV의 건물 좌표; 음식점 자체 측량 좌표 아님
본죽&비빔밥cafe_전북대점,덕진구 덕진동1가,전북특별자치도 전주시 덕진구 덕진동1가 664-6,전북특별자치도 전주시 덕진구 권삼득로 333,063-271-6288,,,,unmatched_address,기존 주택 CSV의 건물 좌표; 음식점 자체 측량 좌표 아님
효자동그집,완산구 효자동,전북특별자치도 전주시 완산구 효자동3가 1656-13,전북특별자치도 전주시 완산구 마전들로 9,063-223-0022,,,,unmatched_address,기존 주택 CSV의 건물 좌표; 음식점 자체 측량 좌표 아님
고선생한접시참치_송천점,덕진구 송천동,전북특별자치도 전주시 덕진구 송천동2가 176-31 1층,전북특별자치도 전주시 덕진구 사근1길 19,063-288-0114,,,,unmatched_address,기존 주택 CSV의 건물 좌표; 음식점 자체 측량 좌표 아님
인생극장쪽갈비,완산구 효자동,전북특별자치도 전주시 완산구 효자동3가 1689-4,전북특별자치도 전주시 완산구 마전들로 50,063-221-8292,,,,unmatched_address,기존 주택 CSV의 건물 좌표; 음식점 자체 측량 좌표 아님
종로곱창,완산구 태평동,전북특별자치도 전주시 완산구 태평동 3-4,전북특별자치도 전주시 완산구 노송여울1길 57,063-276-3376,,,,unmatched_address,기존 주택 CSV의 건물 좌표; 음식점 자체 측량 좌표 아님
이삭토스트_전주신시가지점,완산구 효자5동,전북특별자치도 전주시 완산구 효자동2가 1256-1,전북특별자치도 전주시 완산구 우전로 210,063-221-2421,,,,unmatched_address,기존 주택 CSV의 건물 좌표; 음식점 자체 측량 좌표 아님
소문난대구왕뽈찜탕,완산구 효자동1가,전북특별자치도 전주시 완산구 효자동1가 393-4,전북특별자치도 전주시 완산구 거마평로 179,063-222-4455,,,,unmatched_address,기존 주택 CSV의 건물 좌표; 음식점 자체 측량 좌표 아님
하랑카페,완산구 중화산동2가,전북특별자치도 전주시 완산구 중화산동2가  616-10,전북특별자치도 전주시 완산구 중산3길 15-6,063-229-5456,,,,unmatched_address,기존 주택 CSV의 건물 좌표; 음식점 자체 측량 좌표 아님
추노네가맥,덕진구 송천동2가,전북특별자치도 전주시 덕진구 송천동2가 179-119,전북특별자치도 전주시 덕진구 사근1길 31,010-5096-1981,,,,unmatched_address,기존 주택 CSV의 건물 좌표; 음식점 자체 측량 좌표 아님
야키니쿠우연,완산구 서신동,전북특별자치도 전주시 완산구 서신동 933-8 1층,전북특별자치도 전주시 완산구 고사평5길 3 1층,010-7413-9203,127.10947,35.83643228,서신동,exact_road_building_match,기존 주택 CSV의 건물 좌표; 음식점 자체 측량 좌표 아님
한뚝배기,완산구 효자동2가,전북특별자치도 전주시 완산구 효자동2가 1157-4,전북특별자치도 전주시 완산구 홍산1길 7,063-221-7238,,,,unmatched_address,기존 주택 CSV의 건물 좌표; 음식점 자체 측량 좌표 아님
멕시칸치킨_한일동아점,완산구 서신동,전북특별자치도 전주시 완산구 서신동 961,전북특별자치도 전주시 완산구 새터로 95,063-278-2929,,,,unmatched_address,기존 주택 CSV의 건물 좌표; 음식점 자체 측량 좌표 아님
후켄치킨,완산구 서신동,전북특별자치도 전주시 완산구 서신동 765-1 동아현대상가 111~2호,"전북특별자치도 전주시 완산구 당산로 99, 111~2호",063-277-7010,,,,unmatched_address,기존 주택 CSV의 건물 좌표; 음식점 자체 측량 좌표 아님
KFC_전북도청점,완산구 효자동,전북특별자치도 전주시 완산구 효자동3가 1525-1,전북특별자치도 전주시 완산구 효자로 194,063-221-2920,127.1064715,35.81863285,효자5동,exact_road_building_match,기존 주택 CSV의 건물 좌표; 음식점 자체 측량 좌표 아님
진상,완산구 다가동3가,전북특별자치도 전주시 완산구 다가동3가 47-2,전북특별자치도 전주시 완산구 전주객사1길 46-8,010-6484-3570,,,,unmatched_address,기존 주택 CSV의 건물 좌표; 음식점 자체 측량 좌표 아님
처가집양념치킨_전주혁신,덕진구 혁신동,전북특별자치도 전주시 덕진구 중동 785-2,전북특별자치도 전주시 덕진구 오정2길 3,063-222-9283,127.0613654,35.83568616,혁신동,exact_road_building_match,기존 주택 CSV의 건물 좌표; 음식점 자체 측량 좌표 아님
공간하나줌,덕진구 혁신동,전북특별자치도 전주시 덕진구 혁신동 774-6 4층,전북특별자치도 전주시 덕진구 안전로 152 4층,063-226-7020,,,,unmatched_address,기존 주택 CSV의 건물 좌표; 음식점 자체 측량 좌표 아님
파,덕진구 덕진동,전북특별자치도 전주시 덕진구 덕진동1가 1439-2,전북특별자치도 전주시 덕진구 들사평1길 44,063-278-3658,,,,unmatched_address,기존 주택 CSV의 건물 좌표; 음식점 자체 측량 좌표 아님
개똥이네,완산구 효자동3가,전북특별자치도 전주시 완산구 효자동3가 1159-12,전북특별자치도 전주시 완산구 백마산길7,063-228-9998,,,,unmatched_address,기존 주택 CSV의 건물 좌표; 음식점 자체 측량 좌표 아님
마루벌돌구이_효자점,완산구 효자동,전북특별자치도 전주시 완산구 효자동1가 395-2,전북특별자치도 전주시 완산구 거마평로 171-5,063-225-8579,,,,unmatched_address,기존 주택 CSV의 건물 좌표; 음식점 자체 측량 좌표 아님
짱닭치킨_전주서신점,완산구 서신동,전북특별자치도 전주시 완산구 서신동 921-7,전북특별자치도 전주시 완산구 고사평7길 8,063-272-1532,127.1098494,35.83749569,서신동,exact_road_building_match,기존 주택 CSV의 건물 좌표; 음식점 자체 측량 좌표 아님
모닝무드,완산구 중화산동,전북특별자치도 전주시 완산구 중화산동2가 701-6 1층,전북특별자치도 전주시 완산구 메너머2길 37-4 1층,010-2026-0909,,,,unmatched_address,기존 주택 CSV의 건물 좌표; 음식점 자체 측량 좌표 아님
역전우동0410_전북대점,덕진구 덕진동,전북특별자치도 전주시 덕진구 덕진동1가 1314-169,전북특별자치도 전주시 덕진구 명륜4길 19,063-251-3235,,,,unmatched_address,기존 주택 CSV의 건물 좌표; 음식점 자체 측량 좌표 아님
몽유도,완산구 다가동,전북특별자치도 전주시 완산구 다가동 3가 6-1,전북특별자치도 전주시 완산구 전주객사2길 37,063-285-5300,,,,unmatched_address,기존 주택 CSV의 건물 좌표; 음식점 자체 측량 좌표 아님
오원집_전주대직영점,완산구 효자동2가,전북특별자치도 전주시 완산구 효자동2가 1312-3,전북특별자치도 전주시 완산구 후곡길 12-8,063-232-1123,,,,unmatched_address,기존 주택 CSV의 건물 좌표; 음식점 자체 측량 좌표 아님
헤리티지,완산구 중화산동2가,전북특별자치도 전주시 완산구 중화산동2가 686-1,전북특별자치도 전주시 완산구 유연로 328,063-227-7485,,,,unmatched_address,기존 주택 CSV의 건물 좌표; 음식점 자체 측량 좌표 아님
제이키즈클럽,완산구 효자동,전북특별자치도 전주시 완산구 효자동1가 173-8 효자메디컬프라자 2층,"전북특별자치도 전주시 완산구 백제대로 140, 효자메디컬프라자 2층",063-222-8700,,,,unmatched_address,기존 주택 CSV의 건물 좌표; 음식점 자체 측량 좌표 아님
피자스쿨_서부점,완산구 효자동1가,전북특별자치도 전주시 완산구 효자동1가 193-2,전북특별자치도 전주시 완산구 용머리로 157,063-908-8255,,,,unmatched_address,기존 주택 CSV의 건물 좌표; 음식점 자체 측량 좌표 아님
공차_에코시티점,덕진구 송천1동,전북특별자치도 전주시 덕진구 송천동2가 1326-11 청동빌딩,"전북특별자치도 전주시 덕진구 세병남로 39, 1층 105,106호",063-252-0456,,,,unmatched_address,기존 주택 CSV의 건물 좌표; 음식점 자체 측량 좌표 아님
남원본가추어탕,완산구 중화산동2가,전북특별자치도 전주시 완산구 중화산동2가 774-5,전북특별자치도 전주시 완산구 신촌4길 18,063-225-3357,,,,unmatched_address,기존 주택 CSV의 건물 좌표; 음식점 자체 측량 좌표 아님
암소야돼지야_서곡점,완산구 효자동3가,전북특별자치도 전주시 완산구 효자동3가 1436-6,전북특별자치도 전주시 완산구 서곡로 72,063-224-3228,,,,unmatched_address,기존 주택 CSV의 건물 좌표; 음식점 자체 측량 좌표 아님
하가뷔페,덕진구 덕진동,전북특별자치도 전주시 덕진구 덕진동2가 675-3,전북특별자치도 전주시 덕진구 추탄로 20,063-255-0491,,,,unmatched_address,기존 주택 CSV의 건물 좌표; 음식점 자체 측량 좌표 아님
얌스_전주송천센트럴점,덕진구 송천동,전북특별자치도 전주시 덕진구 송천동1가 349-13,전북특별자치도 전주시 덕진구 송천로 20,063-254-9933,,,,unmatched_address,기존 주택 CSV의 건물 좌표; 음식점 자체 측량 좌표 아님
일미식당,덕진구 송천1동,전북특별자치도 전주시 덕진구 송천동2가 492-51,전북특별자치도 전주시 덕진구 송천중앙로 241,063-276-1138,,,,unmatched_address,기존 주택 CSV의 건물 좌표; 음식점 자체 측량 좌표 아님
고수라김밥_중화산점,완산구 중화산동,전북특별자치도 전주시 완산구 중화산동2가 654,전북특별자치도 전주시 완산구 영경1길 14,063-905-6000,,,,unmatched_address,기존 주택 CSV의 건물 좌표; 음식점 자체 측량 좌표 아님
명동할머니국수_효자cgv점,완산구 효자3동,전북특별자치도 전주시 완산구 효자동1가 434,전북특별자치도 전주시 완산구 용머리로 45,063-228-6834,,,,unmatched_address,기존 주택 CSV의 건물 좌표; 음식점 자체 측량 좌표 아님
포차이즈백_두꺼비집_전주신시가지점,완산구 효자동3가,전북특별자치도 전주시 완산구 효자동3가 1536-2,전북특별자치도 전주시 완산구 홍산중앙로 40,1877-3132,,,,unmatched_address,기존 주택 CSV의 건물 좌표; 음식점 자체 측량 좌표 아님
부엉이돈가스_전주중화산점,완산구 중화산동,전북특별자치도 전주시 완산구 중화산동2가 268,전북특별자치도 전주시 완산구 백제대로 354,063-227-1284,,,,unmatched_address,기존 주택 CSV의 건물 좌표; 음식점 자체 측량 좌표 아님
장수청정삼겹살,완산구 서신동,전북특별자치도 전주시 완산구 서신동 862,전북특별자치도 전주시 완산구 전룡2길 12-4,063-251-6500,127.1176359,35.82626251,서신동,exact_road_building_match,기존 주택 CSV의 건물 좌표; 음식점 자체 측량 좌표 아님
보리먹은한우,덕진구 송천동,전북특별자치도 전주시 덕진구 송천동1가 808-7,전북특별자치도 전주시 덕진구 두간2길 3-4,063-276-6700,,,,unmatched_address,기존 주택 CSV의 건물 좌표; 음식점 자체 측량 좌표 아님
장수촌마을,완산구 중화산동2가,전북특별자치도 전주시 완산구 중화산동2가 530-1,전북특별자치도 전주시 완산구 산월1길 22 ),063-225-5403,,,,unmatched_address,기존 주택 CSV의 건물 좌표; 음식점 자체 측량 좌표 아님
라화쿵부_전북대점,덕진구 덕진동1가,전북특별자치도 전주시 덕진구 덕진동1가 664-8 2층,전북특별자치도 전주시 덕진구 명륜4길 23 2층,063-272-8666,,,,unmatched_address,기존 주택 CSV의 건물 좌표; 음식점 자체 측량 좌표 아님
한우물바지락죽,완산구 중화산동2가,전북특별자치도 전주시 완산구 중화산동2가 654-11,전북특별자치도 전주시 완산구 영경2길 14,063-225-5166,,,,unmatched_address,기존 주택 CSV의 건물 좌표; 음식점 자체 측량 좌표 아님
독도쭈꾸미,완산구 서신동,전북특별자치도 전주시 완산구 서신동 830-7,전북특별자치도 전주시 완산구 서신천변8길 12,063-272-2280,127.1153151,35.82849574,서신동,exact_road_building_match,기존 주택 CSV의 건물 좌표; 음식점 자체 측량 좌표 아님
카페유독,완산구 효자5동,전북특별자치도 전주시 완산구 효자동3가 1599-9,전북특별자치도 전주시 완산구 황강서원로 42,063-226-9900,127.1016996,35.82856986,효자5동,exact_road_building_match,기존 주택 CSV의 건물 좌표; 음식점 자체 측량 좌표 아님
레릿비미_전주본점,완산구 서신동,전북특별자치도 전주시 완산구 서신동802-4,전북특별자치도 전주시 완산구 서신천변로 67,063-276-5010,,,,unmatched_address,기존 주택 CSV의 건물 좌표; 음식점 자체 측량 좌표 아님
미친짝태앤노가리,덕진구 덕진동,전북특별자치도 전주시 덕진구 덕진동2가 670-6,전북특별자치도 전주시 덕진구 가리내8길 10-5,063-253-1288,127.1104842,35.84388799,덕진동,exact_road_building_match,기존 주택 CSV의 건물 좌표; 음식점 자체 측량 좌표 아님
전주새알팥죽,덕진구 우아동1가,전북특별자치도 전주시 덕진구 우아동1가 1101-9,전북특별자치도 전주시 덕진구 인교6길 9,063-243-3735,,,,unmatched_address,기존 주택 CSV의 건물 좌표; 음식점 자체 측량 좌표 아님
해뜰김밥,완산구 서신동,전북특별자치도 전주시 완산구 서신동 761-1 서신광진아파트상가 2동 8호,전북특별자치도 전주시 완산구 온고을로 119-4 서신광진아파트상가 2동 8호,063-902-0191,,,,unmatched_address,기존 주택 CSV의 건물 좌표; 음식점 자체 측량 좌표 아님
교동시래청,완산구 풍남동,전북특별자치도 전주시 완산구 풍남동3가 76-12,전북특별자치도 전주시 완산구 은행로 40,063-273-9171,,,,unmatched_address,기존 주택 CSV의 건물 좌표; 음식점 자체 측량 좌표 아님
김밥이좋다,덕진구 송천1동,전북특별자치도 전주시 덕진구 송천동1가 543-62 성원무지개아파트 1층 105호,"전북특별자치도 전주시 덕진구 용소로 101, 성원무지개아파트 A동 1층 105호",063-277-0704,,,,unmatched_address,기존 주택 CSV의 건물 좌표; 음식점 자체 측량 좌표 아님
더팟틀럭,완산구 효자동,전북특별자치도 전주시 완산구 효자동2가 1255-3,전북특별자치도 전주시 완산구 구룡2길 7,063-237-4280,,,,unmatched_address,기존 주택 CSV의 건물 좌표; 음식점 자체 측량 좌표 아님
안녕다가동,완산구 고사동,전북특별자치도 전주시 완산구 고사동 462-8,전북특별자치도 전주시 완산구 전주객사2길 28-7,0507-1475-0014,,,,unmatched_address,기존 주택 CSV의 건물 좌표; 음식점 자체 측량 좌표 아님
부부파스타,덕진구 송천동,전북특별자치도 전주시 덕진구 송천동1가 98-2 원재빌딩 104호,전북특별자치도 전주시 덕진구 오송1길 31 원재빌딩 104호,063-278-9003,,,,unmatched_address,기존 주택 CSV의 건물 좌표; 음식점 자체 측량 좌표 아님
카페테라,완산구 효자4동,전북특별자치도 전주시 완산구 효자동2가 1163-4,전북특별자치도 전주시 완산구 범안1길 12-3,063-221-7122,127.1082419,35.81280804,효자4동,exact_road_building_match,기존 주택 CSV의 건물 좌표; 음식점 자체 측량 좌표 아님
아줌마순대국밥,완산구 서신동,전북특별자치도 전주시 완산구 서신동 801-10,전북특별자치도 전주시 완산구 서신천변13길 6,063-275-8659,,,,unmatched_address,기존 주택 CSV의 건물 좌표; 음식점 자체 측량 좌표 아님
살롱드노체,완산구 효자동,전북특별자치도 전주시 완산구 효자동1가 669-11,"전북특별자치도 전주시 완산구 용리로 55, 1층","0507-1485-6655, 010-7245-6655",,,,unmatched_address,기존 주택 CSV의 건물 좌표; 음식점 자체 측량 좌표 아님
굴리,완산구 중앙동,"전북특별자치도 전주시 완산구 중앙동1가 38-1, 1층","전북특별자치도 전주시 완산구 충경로 24, 1층",010-9125-3173,,,,unmatched_address,기존 주택 CSV의 건물 좌표; 음식점 자체 측량 좌표 아님
독도쭈꾸미_에코시티점,덕진구 송천동,전북특별자치도 전주시 덕진구 송천동2가 1331-12 1층 105호,전북특별자치도 전주시 덕진구 세병서로 43 1층 105호,063-251-8799,,,,unmatched_address,기존 주택 CSV의 건물 좌표; 음식점 자체 측량 좌표 아님
동래분식,완산구 풍남동,전북특별자치도 전주시 완산구 전동 303-238,전북특별자치도 전주시 완산구 풍남문2길 39,063-288-4607,,,,unmatched_address,기존 주택 CSV의 건물 좌표; 음식점 자체 측량 좌표 아님
개성삼계탕닭한마리,완산구 효자5동,전북특별자치도 전주시 완산구 효자동3가 1528-5,"전북특별자치도 전주시 완산구 홍산4길 14, 1~3층",063-222-2415,,,,unmatched_address,기존 주택 CSV의 건물 좌표; 음식점 자체 측량 좌표 아님
피자헛_전주송천점,덕진구 송천동,전북특별자치도 전주시 덕진구 송천동1가 107-202,전북특별자치도 전주시 덕진구 천마산로 54,063-276-9915,,,,unmatched_address,기존 주택 CSV의 건물 좌표; 음식점 자체 측량 좌표 아님
아중리퓨전가맥,덕진구 우아동1가,전북특별자치도 전주시 덕진구 우아동1가 1102-4,전북특별자치도 전주시 덕진구 한배미로 48,063-244-8736,,,,unmatched_address,기존 주택 CSV의 건물 좌표; 음식점 자체 측량 좌표 아님
인생닭강정_전주대점,완산구 효자5동,전북특별자치도 전주시 완산구 효자동3가 1724-4 1층,전북특별자치도 전주시 완산구 서원로 2 1층,063-717-7966,,,,unmatched_address,기존 주택 CSV의 건물 좌표; 음식점 자체 측량 좌표 아님
닭대갈이_본점,완산구 효자5동,전북특별자치도 전주시 완산구 효자동3가 1670-1,전북특별자치도 전주시 완산구 마전들로 12,063-836-8210,,,,unmatched_address,기존 주택 CSV의 건물 좌표; 음식점 자체 측량 좌표 아님
그룸,완산구 다가동3가,전북특별자치도 전주시 완산구 다가동3가 96-2,전북특별자치도 전주시 완산구 전라감영2길 36,0507-1425-1450,,,,unmatched_address,기존 주택 CSV의 건물 좌표; 음식점 자체 측량 좌표 아님
참숯한우천국_전주점,덕진구 송천동,전북특별자치도 전주시 덕진구 송천동1가 809-2,전북특별자치도 전주시 덕진구 송천중앙로 215,063-272-5399,,,,unmatched_address,기존 주택 CSV의 건물 좌표; 음식점 자체 측량 좌표 아님
뵈레,완산구 효자동1가,전북특별자치도 전주시 완산구 효자동1가 408-1,전북특별자치도 전주시 완산구 강변로 212-6,010-4349-0624,,,,unmatched_address,기존 주택 CSV의 건물 좌표; 음식점 자체 측량 좌표 아님
누룩꽃피는날_아중점,덕진구 우아동2가,전북특별자치도 전주시 덕진구 우아동2가 918-7,전북특별자치도 전주시 덕진구 아중중앙로 5,063-242-1331,,,,unmatched_address,기존 주택 CSV의 건물 좌표; 음식점 자체 측량 좌표 아님
교동국수_안행점,완산구 효자동1가,전북특별자치도 전주시 완산구 효자동1가 687-10,전북특별자치도 전주시 완산구 안행로 45,063-223-9082,,,,unmatched_address,기존 주택 CSV의 건물 좌표; 음식점 자체 측량 좌표 아님
오늘카페,완산구 효자5동,전북특별자치도 전주시 완산구 효자동2가 1157-1 서희스타힐스상가 1층,전북특별자치도 전주시 완산구 홍산1길 21 서희스타힐스상가 1층,063-221-2714,,,,unmatched_address,기존 주택 CSV의 건물 좌표; 음식점 자체 측량 좌표 아님
투데이커피,완산구 효자동,전북특별자치도 전주시 완산구 효자동1가 428-5,전북특별자치도 전주시 완산구 용머리로 44,없음,,,,unmatched_address,기존 주택 CSV의 건물 좌표; 음식점 자체 측량 좌표 아님
김가네보쌈족발,덕진구 송천1동,전북특별자치도 전주시 덕진구 송천동2가 193 1층 3호,전북특별자치도 전주시 덕진구 붓내2길 17-1 1층 3호,063-278-9294,,,,unmatched_address,기존 주택 CSV의 건물 좌표; 음식점 자체 측량 좌표 아님
초밥만_전주점,완산구 효자5동,전북특별자치도 전주시 완산구 효자동2가 1157-4 127호,전북특별자치도 전주시 완산구 홍산1길 7 127호,063-225-2918,,,,unmatched_address,기존 주택 CSV의 건물 좌표; 음식점 자체 측량 좌표 아님
동대문엽기떡볶이_전주혁신도시점,덕진구 혁신동,전북특별자치도 전주시 덕진구 혁신동 776-12,전북특별자치도 전주시 덕진구 오공로 43-13,063-287-8592,,,,unmatched_address,기존 주택 CSV의 건물 좌표; 음식점 자체 측량 좌표 아님
역전뚝배기짬뽕_본점,덕진구 송천2동,전북특별자치도 전주시 덕진구 송천동1가 833-1 1층,전북특별자치도 전주시 덕진구 시천로 58,063-276-7686,,,,unmatched_address,기존 주택 CSV의 건물 좌표; 음식점 자체 측량 좌표 아님
독도막회,완산구 서신동,전북특별자치도 전주시 완산구 서신동 935-4 1층,전북특별자치도 전주시 완산구 새터로 43 1층,063-255-3563,,,,unmatched_address,기존 주택 CSV의 건물 좌표; 음식점 자체 측량 좌표 아님
청록원가든,덕진구 송천1동,전북특별자치도 전주시 덕진구 송천동2가 690-1,전북특별자치도 전주시 덕진구 전미로 37-8,063-252-2074,,,,unmatched_address,기존 주택 CSV의 건물 좌표; 음식점 자체 측량 좌표 아님
해성수산,완산구 서신동,전북특별자치도 전주시 완산구 서신동 832-3 1층,"전북특별자치도 전주시 완산구 서신로 36, 1층",063-223-8282,,,,unmatched_address,기존 주택 CSV의 건물 좌표; 음식점 자체 측량 좌표 아님
수도회관,완산구 중앙동4가,전북특별자치도 전주시 완산구 중앙동4가 49-17,전북특별자치도 전주시 완산구 풍남문4길 26-3,063-286-5104,,,,unmatched_address,기존 주택 CSV의 건물 좌표; 음식점 자체 측량 좌표 아님
참삼겹살,완산구 중화산동2가,전북특별자치도 전주시 완산구 중화산동2가 577,전북특별자치도 전주시 완산구 인정로 20,063-226-7794,127.120337,35.82083299,중화산2동,exact_road_building_match,기존 주택 CSV의 건물 좌표; 음식점 자체 측량 좌표 아님
셀렉토커피_전주대점,완산구 효자5동,전북특별자치도 전주시 완산구 효자동3가 1718-3,전북특별자치도 전주시 완산구 용호로 129-1,063-278-5575,127.0968151,35.81479353,효자5동,exact_road_building_match,기존 주택 CSV의 건물 좌표; 음식점 자체 측량 좌표 아님
호남각,덕진구 송천1동,전북특별자치도 전주시 덕진구 송천동2가 558-3,전북특별자치도 전주시 덕진구 와룡1길 11-4,063-278-8150,,,,unmatched_address,기존 주택 CSV의 건물 좌표; 음식점 자체 측량 좌표 아님
서도분식,완산구 효자동1가,전북특별자치도 전주시 완산구 효자동1가 454-1,전북특별자치도 전주시 완산구 용머리로 36,063-224-3878,,,,unmatched_address,기존 주택 CSV의 건물 좌표; 음식점 자체 측량 좌표 아님
두레박,완산구 서신동,전북특별자치도 전주시 완산구 서신동 958-9,전북특별자치도 전주시 완산구 고사평2길 14-1,063-273-2532,127.1109973,35.83420874,서신동,exact_road_building_match,기존 주택 CSV의 건물 좌표; 음식점 자체 측량 좌표 아님
미가옥_송천점,덕진구 송천동,전북특별자치도 전주시 덕진구 송천동2가  1221,전북특별자치도 전주시 덕진구 와룡로 100,063-277-7720,,,,unmatched_address,기존 주택 CSV의 건물 좌표; 음식점 자체 측량 좌표 아님
예그리나,덕진구 덕진동,전북특별자치도 전주시 덕진구 덕진동1가 1261-30 3층,전북특별자치도 전주시 덕진구 명륜4길 15 3층,070-4237-0019,,,,unmatched_address,기존 주택 CSV의 건물 좌표; 음식점 자체 측량 좌표 아님
용자돈까스,덕진구 송천동1가,전북특별자치도 전주시 덕진구 송천동1가 101-3,전북특별자치도 전주시 덕진구  솔내로 144,0507-1413-8499,,,,unmatched_address,기존 주택 CSV의 건물 좌표; 음식점 자체 측량 좌표 아님
맘스터치_전북대점,덕진구 덕진동1가,전북특별자치도 전주시 덕진구 덕진동1가 1266-22 2층,전북특별자치도 전주시 덕진구 명륜4길 4 2층,063-252-0054,,,,unmatched_address,기존 주택 CSV의 건물 좌표; 음식점 자체 측량 좌표 아님
킹마니치킨앤찜닭_송천점,덕진구 송천동1가,전북특별자치도 전주시 덕진구 송천동1가 832-2,전북특별자치도 전주시 덕진구 시천로 66,0504-2015-0868,,,,unmatched_address,기존 주택 CSV의 건물 좌표; 음식점 자체 측량 좌표 아님
원평피순대_남부시장점,완산구 풍남동,전북특별자치도 전주시 완산구 전동3가 2-244,전북특별자치도 전주시 완산구 풍남문2길 65,063-288-9882,,,,unmatched_address,기존 주택 CSV의 건물 좌표; 음식점 자체 측량 좌표 아님
달콤커피_전주고사점,완산구 중앙동,전북특별자치도 전주시 완산구 고사동 155-3,전북특별자치도 전주시 완산구 전주객사4길 47,063-288-7266,,,,unmatched_address,기존 주택 CSV의 건물 좌표; 음식점 자체 측량 좌표 아님
마루김밥_서부신시가지점,완산구 효자동2가,"전북특별자치도 전주시 완산구 효자동2가 1238-8, 1동 105호","전북특별자치도 전주시 완산구 홍산남로29-7, 1동 105호",063-226-2955,,,,unmatched_address,기존 주택 CSV의 건물 좌표; 음식점 자체 측량 좌표 아님
동창갈비_본점,덕진구 송천2동,전북특별자치도 전주시 덕진구 송천동1가 812-2,전북특별자치도 전주시 덕진구 송천중앙로 201,063-255-9090,,,,unmatched_address,기존 주택 CSV의 건물 좌표; 음식점 자체 측량 좌표 아님
포레스트,완산구 효자5동,전북특별자치도 전주시 완산구 효자동3가 1480-6 2층,전북특별자치도 전주시 완산구 세내로 505 2층,063-901-8019,127.1032604,35.83195167,효자5동,exact_road_building_match,기존 주택 CSV의 건물 좌표; 음식점 자체 측량 좌표 아님
장어명가청산_전주직영점,완산구 중화산동,전북특별자치도 전주시 완산구 중화산동2가 247-1,전북특별자치도 전주시 완산구 백제대로 294,063-229-9592,,,,unmatched_address,기존 주택 CSV의 건물 좌표; 음식점 자체 측량 좌표 아님
포이스트_전주본점,완산구 효자동,전북특별자치도 전주시 완산구 효자동3가 1531-1 117호,전북특별자치도 전주시 완산구 홍산로 262 117호,063-224-9400,,,,unmatched_address,기존 주택 CSV의 건물 좌표; 음식점 자체 측량 좌표 아님
달인매콤돈까스,완산구 효자동3가,전북특별자치도 전주시 완산구 효자동3가 1664-2,전북특별자치도 전주시 완산구 척동4길6,050-7987-5845,127.1003065,35.82209953,효자5동,exact_parcel_building_match,기존 주택 CSV의 건물 좌표; 음식점 자체 측량 좌표 아님
전풍손칼국수,완산구 서신동,전북특별자치도 전주시 완산구 서신동 950-4,전북특별자치도 전주시 완산구 고사평4길 12-6,063-285-5200,,,,unmatched_address,기존 주택 CSV의 건물 좌표; 음식점 자체 측량 좌표 아님
맥도날드_전주송천DT점,덕진구 송천동2가,전북특별자치도 전주시 덕진구 송천동2가 527,전북특별자치도 전주시 덕진구 송천중앙로 200,070-7017-4551,,,,unmatched_address,기존 주택 CSV의 건물 좌표; 음식점 자체 측량 좌표 아님
이태리부대찌개_전주혁신점,덕진구 혁신동,전북특별자치도 전주시 덕진구 중동 776-7,전북특별자치도 전주시 덕진구 오공로 37,063-229-9998,,,,unmatched_address,기존 주택 CSV의 건물 좌표; 음식점 자체 측량 좌표 아님
스타벅스_전주덕진광장DT,덕진구 덕진동1가,전북특별자치도 전주시 덕진구 덕진동1가 1275-22,전북특별자치도 전주시 덕진구 기린대로 491,1522-3232,,,,unmatched_address,기존 주택 CSV의 건물 좌표; 음식점 자체 측량 좌표 아님
돈벗,완산구 서신동,전북특별자치도 전주시 완산구 서신동 967-5 106호,전북특별자치도 전주시 완산구 온고을로 30-30 106호,063-211-7942,,,,unmatched_address,기존 주택 CSV의 건물 좌표; 음식점 자체 측량 좌표 아님
더키마클럽,완산구 다가동,전북특별자치도 전주시 완산구 다가동4가 90-6 2층,전북특별자치도 전주시 완산구 전주객사1길 46-3 2층,0507-1377-4619,,,,unmatched_address,기존 주택 CSV의 건물 좌표; 음식점 자체 측량 좌표 아님
청담동말자싸롱_전주중화산점,완산구 중화산동2가,전북특별자치도 전주시 완산구 중화산동2가 774-8,전북특별자치도 전주시 완산구 신촌4길 14-5,063-222-2653,,,,unmatched_address,기존 주택 CSV의 건물 좌표; 음식점 자체 측량 좌표 아님
중국성_송천점,덕진구 송천1동,전북특별자치도 전주시 덕진구 송천동1가  812-4,전북특별자치도 전주시 덕진구 송천중앙로 199,063-255-7738,,,,unmatched_address,기존 주택 CSV의 건물 좌표; 음식점 자체 측량 좌표 아님
맘스케익앤커피_전주점,덕진구 송천1동,전북특별자치도 전주시 덕진구 송천동1가 137-3,"전북특별자치도 전주시 덕진구 솔내로 108, 1동 107호",063-252-0904,,,,unmatched_address,기존 주택 CSV의 건물 좌표; 음식점 자체 측량 좌표 아님
경기전길45,완산구 풍남동1가,전북특별자치도 전주시 완산구 풍남동1가 66-9,전북특별자치도 전주시 완산구 경기전길45,0507-1385-0566,,,,unmatched_address,기존 주택 CSV의 건물 좌표; 음식점 자체 측량 좌표 아님
카페샵지금여기,완산구 효자5동,전북특별자치도 전주시 완산구 효자동3가 1604-21 뿌리빌라 1층,전북특별자치도 전주시 완산구 문학로 19 뿌리빌라 1층,010-5800-9679,127.1017252,35.82692819,효자5동,exact_road_building_match,기존 주택 CSV의 건물 좌표; 음식점 자체 측량 좌표 아님
도마_송천점,덕진구 송천동,전북특별자치도 전주시 덕진구 송천동2가 523-16,전북특별자치도 전주시 덕진구 붓내4길 8-23,063-277-4800,,,,unmatched_address,기존 주택 CSV의 건물 좌표; 음식점 자체 측량 좌표 아님
논오피스,완산구 다가동,전북특별자치도 전주시 완산구 다가동3가 43-5 2층,전북특별자치도 전주시 완산구 전주객사1길 42 2층,010-4116-5544,,,,unmatched_address,기존 주택 CSV의 건물 좌표; 음식점 자체 측량 좌표 아님
강호,완산구 중화산동2가,전북특별자치도 전주시 완산구 중화산동2가 467-1,전북특별자치도 전주시 완산구 중화산로 29,063-247-5007,,,,unmatched_address,기존 주택 CSV의 건물 좌표; 음식점 자체 측량 좌표 아님
문학분식,완산구 효자5동,전북특별자치도 전주시 완산구 효자동3가 1624-1,전북특별자치도 전주시 완산구 문학대4길 2,063-229-1964,127.1020725,35.82667167,효자5동,exact_road_building_match,기존 주택 CSV의 건물 좌표; 음식점 자체 측량 좌표 아님
갑기회관_효자점,완산구 효자동,전북특별자치도 전주시 완산구 효자동3가 1533-7,전북특별자치도 전주시 완산구 홍산남로 59-5,063-221-6265,,,,unmatched_address,기존 주택 CSV의 건물 좌표; 음식점 자체 측량 좌표 아님
에스프레소팩토리_효자점,완산구 효자5동,전북특별자치도 전주시 완산구 효자동3가 1682-1 1층,전북특별자치도 전주시 완산구 배학4길 10-1 1층,070-8824-1575,127.0980945,35.81977313,효자5동,exact_road_building_match,기존 주택 CSV의 건물 좌표; 음식점 자체 측량 좌표 아님
리즈카페,완산구 효자동2가,전북특별자치도 전주시 완산구 효자동2가 1213-2,전북특별자치도 전주시 완산구 우전로 96,010-8765-5004,,,,unmatched_address,기존 주택 CSV의 건물 좌표; 음식점 자체 측량 좌표 아님
사천왕마라탕,덕진구 혁신동,전북특별자치도 전주시 덕진구 중동 774-6,전북특별자치도 전주시 덕진구 안전로 152,0504-2015-1590,,,,unmatched_address,기존 주택 CSV의 건물 좌표; 음식점 자체 측량 좌표 아님
BHC치킨_덕진하가점,덕진구 덕진동,전북특별자치도 전주시 덕진구 덕진동2가 676-2,전북특별자치도 전주시 덕진구 가리내9길 8,063-271-8292,127.1110405,35.84307626,덕진동,exact_road_building_match,기존 주택 CSV의 건물 좌표; 음식점 자체 측량 좌표 아님
스시아마루,완산구 효자동3가,전북특별자치도 전주시 완산구 효자동3가 1533-3,전북특별자치도 전주시 완산구 홍산북로 46-21,0507-1392-2249,,,,unmatched_address,기존 주택 CSV의 건물 좌표; 음식점 자체 측량 좌표 아님
천씨씨커피_에코시티점,덕진구 송천동,전북특별자치도 전주시 덕진구 송천동2가 1311 에코시티네시앙4블럭 B206호,전북특별자치도 전주시 덕진구 세병로35 에코시티데시앙4블럭 B206호,063-251-1123,,,,unmatched_address,기존 주택 CSV의 건물 좌표; 음식점 자체 측량 좌표 아님
카페레드브릭스,완산구 효자5동,전북특별자치도 전주시 완산구 효자동2가 1202-2 1층,전북특별자치도 전주시 완산구 소태정5길 19 1층,063-904-5658,,,,unmatched_address,기존 주택 CSV의 건물 좌표; 음식점 자체 측량 좌표 아님
돈젠,완산구 중화산동,전북특별자치도 전주시 완산구 중화산동2가 760-5,전북특별자치도 전주시 완산구 화산천변로 5,063-229-1433,,,,unmatched_address,기존 주택 CSV의 건물 좌표; 음식점 자체 측량 좌표 아님
동명카츠_전주객사NC웨이브점,완산구 고사동,전북특별자치도 전주시 완산구 고사동 96-1 A동 지하1층,전북특별자치도 전주시 완산구 전주객사5길 35 A동 지하1층,063-710-5118,,,,unmatched_address,기존 주택 CSV의 건물 좌표; 음식점 자체 측량 좌표 아님
달금목장,덕진구 송천동1가,전북특별자치도 전주시 덕진구 송천동1가 137-1,전북특별자치도 전주시 덕진구 솔내로 115,063-276-1229,,,,unmatched_address,기존 주택 CSV의 건물 좌표; 음식점 자체 측량 좌표 아님
모란객잔,완산구 효자4동,전북특별자치도 전주시 완산구 효자동2가 1330-9,전북특별자치도 전주시 완산구 우전1길 55,0507-987-6735,127.1056905,35.80871056,효자4동,exact_road_building_match,기존 주택 CSV의 건물 좌표; 음식점 자체 측량 좌표 아님
명가등심,완산구 효자동,전북특별자치도 전주시 완산구 효자동3가 1698-6,전북특별자치도 전주시 완산구 석산1길 6-7,063-223-1122,,,,unmatched_address,기존 주택 CSV의 건물 좌표; 음식점 자체 측량 좌표 아님
단골손님,완산구 효자5동,전북특별자치도 전주시 완산구 효자동3가1539-1 1층,"전북특별자치도 전주시 완산구 홍산남로 71, 1층 139호",063-227-0808,,,,unmatched_address,기존 주택 CSV의 건물 좌표; 음식점 자체 측량 좌표 아님
모퉁이,덕진구 송천2동,전북특별자치도 전주시 덕진구 송천동2가 1330-10,"전북특별자치도 전주시 덕진구 세병2길 32-4, 1층 105호",0507-1313-5556,,,,unmatched_address,기존 주택 CSV의 건물 좌표; 음식점 자체 측량 좌표 아님
팬텀팬피그_전북대점,덕진구 덕진동,전북특별자치도 전주시 덕진구 덕진동1가 1314-174,전북특별자치도 전주시 덕진구 명륜4길 18-9,063-255-9555,,,,unmatched_address,기존 주택 CSV의 건물 좌표; 음식점 자체 측량 좌표 아님
봉주르밥상,완산구 서신동,전북특별자치도 전주시 완산구 서신동 802-2,전북특별자치도 전주시 완산구 서신천변로 71,063-273-5595,,,,unmatched_address,기존 주택 CSV의 건물 좌표; 음식점 자체 측량 좌표 아님
써니김밥_효자점,완산구 효자동2가,전북특별자치도 전주시 완산구 효자동2가 1266-5,전북특별자치도 전주시 완산구 봉곡로 93,063-223-3512,127.1039991,35.81155615,효자4동,exact_road_building_match,기존 주택 CSV의 건물 좌표; 음식점 자체 측량 좌표 아님
다래성,완산구 효자동,전북특별자치도 전주시 완산구 효자동1가 201-2,전북특별자치도 전주시 완산구 효동2길 18,0507-0090-0839,,,,unmatched_address,기존 주택 CSV의 건물 좌표; 음식점 자체 측량 좌표 아님
청담김밥,완산구 효자동2가,전북특별자치도 전주시 완산구 효자동2가 1316-4 1층,전북특별자치도 전주시 완산구 호암로 91,063-227-2001,,,,unmatched_address,기존 주택 CSV의 건물 좌표; 음식점 자체 측량 좌표 아님
역전우동0410_전주객사점,완산구 고사동,전북특별자치도 전주시 완산구 고사동 155-3,전북특별자치도 전주시 완산구 전주객사4길 47,063-288-0410,,,,unmatched_address,기존 주택 CSV의 건물 좌표; 음식점 자체 측량 좌표 아님
오아시스카페,완산구 서신동,"전북특별자치도 전주시 완산구 서신동 763-1,133 상가동 2층","전북특별자치도 전주시 완산구 온고을로 119-1,133 상가동 2층",063-277-2722,,,,unmatched_address,기존 주택 CSV의 건물 좌표; 음식점 자체 측량 좌표 아님
피콜로,완산구 다가동3가,전북특별자치도 전주시 완산구 다가동3가 43-5,전북특별자치도 전주시 완산구 전주객사1길 42,0507-1388-5252,,,,unmatched_address,기존 주택 CSV의 건물 좌표; 음식점 자체 측량 좌표 아님
길거리야_본점,완산구 풍남동,전북특별자치도 전주시 완산구 교동 267-2,전북특별자치도 전주시 완산구 경기전길 124,063-286-5533,,,,unmatched_address,기존 주택 CSV의 건물 좌표; 음식점 자체 측량 좌표 아님
장미맨숀_서신점,완산구 서신동,전북특별자치도 전주시 완산구 서신동 938-2,전북특별자치도 전주시 완산구 새터로 30,0507-1321-6039,127.1099521,35.8358699,서신동,exact_road_building_match,기존 주택 CSV의 건물 좌표; 음식점 자체 측량 좌표 아님
보듬,완산구 효자동2가,전북특별자치도 전주시 완산구 효자동2가 1323-9,전북특별자치도 전주시 완산구 소태정4길 21,063-225-5577,127.1026416,35.80512915,효자4동,exact_road_building_match,기존 주택 CSV의 건물 좌표; 음식점 자체 측량 좌표 아님
얌스롯데점,완산구 서신동,전북특별자치도 전주시 완산구 서신동 969-9,전북특별자치도 전주시 완산구 새터로 122-23,063-255-8281,,,,unmatched_address,기존 주택 CSV의 건물 좌표; 음식점 자체 측량 좌표 아님
엔제리너스_전주송천신도시점,덕진구 송천동,전북특별자치도 전주시 덕진구 송천동2가 561-5,전북특별자치도 전주시 덕진구 시천로 59,063-272-1177,,,,unmatched_address,기존 주택 CSV의 건물 좌표; 음식점 자체 측량 좌표 아님
이차돌_전주서신점,완산구 서신동,전북특별자치도 전주시 완산구 서신동 933-9,전북특별자치도 전주시 완산구 고사평5길 1,063-273-8253,127.1095837,35.8363781,서신동,exact_road_building_match,기존 주택 CSV의 건물 좌표; 음식점 자체 측량 좌표 아님
문어스토리해천_전주점,완산구 효자5동,전북특별자치도 전주시 완산구 효자동3가 1529-5 1층,전북특별자치도 전주시 완산구 홍산북로 59-13 1층,063-229-5563,,,,unmatched_address,기존 주택 CSV의 건물 좌표; 음식점 자체 측량 좌표 아님
카페다잉,덕진구 덕진동,전북특별자치도 전주시 덕진구 덕진동1가 1402-29 1층,전북특별자치도 전주시 덕진구 사평로 65 1층,0507-1314-7804,,,,unmatched_address,기존 주택 CSV의 건물 좌표; 음식점 자체 측량 좌표 아님
코코루스시,완산구 중화산동,전북특별자치도 전주시 완산구 중화산동2가 652-1,전북특별자치도 전주시 완산구 백제대로 274,063-227-3921,,,,unmatched_address,기존 주택 CSV의 건물 좌표; 음식점 자체 측량 좌표 아님
안심농장,완산구 효자동,전북특별자치도 전주시 완산구 효자동3가 1647-9,전북특별자치도 전주시 완산구 마전1길 12-3,063-221-9233,,,,unmatched_address,기존 주택 CSV의 건물 좌표; 음식점 자체 측량 좌표 아님
황가네닭발꼼장어참숯구이_송천점,덕진구 송천1동,전북특별자치도 전주시 덕진구 송천동2가 522-6,전북특별자치도 전주시 덕진구 붓내3길 16,063-274-5473,,,,unmatched_address,기존 주택 CSV의 건물 좌표; 음식점 자체 측량 좌표 아님
마살라,완산구 중화산동,전북특별자치도 전주시 완산구 중화산동2가 261-16 1층 101,전북특별자치도 전주시 완산구 영선로 10 1층 101,063-286-1226,,,,unmatched_address,기존 주택 CSV의 건물 좌표; 음식점 자체 측량 좌표 아님
김재완원조돼지김치구이_전주점,완산구 효자5동,전북특별자치도 전주시 완산구 효자동3가 1535-8 1층 105호,전북특별자치도 전주시 완산구 홍산중앙로 27 1층 105호,063-236-2246,,,,unmatched_address,기존 주택 CSV의 건물 좌표; 음식점 자체 측량 좌표 아님
덕이네한식뷔페,완산구 효자4동,전북특별자치도 전주시 완산구 효자동3가 1735-2,전북특별자치도 전주시 완산구 봉곡1길 8,063-224-1600,127.0977296,35.8131452,효자4동,exact_road_building_match,기존 주택 CSV의 건물 좌표; 음식점 자체 측량 좌표 아님
만성초밥,덕진구 만성동,전북특별자치도 전주시 덕진구 만성동 1175-12,전북특별자치도 전주시 덕진구 월방3길 3-6,063-226-5777,127.0703322,35.83395624,여의동,exact_road_building_match,기존 주택 CSV의 건물 좌표; 음식점 자체 측량 좌표 아님
교촌치킨_에코시티점,덕진구 송천2동,전북특별자치도 전주시 덕진구 송천동2가 1298 KCC스위첸 13블럭 상가,"전북특별자치도 전주시 덕진구 세병로 182, KCC스위첸 13블럭 상가 1층 102,103,104호",063-909-9111,,,,unmatched_address,기존 주택 CSV의 건물 좌표; 음식점 자체 측량 좌표 아님
플레잉빈커피,덕진구 덕진동,전북특별자치도 전주시 덕진구 덕진동1가 1314-170,전북특별자치도 전주시 덕진구 명륜4길 20,063-276-0010,,,,unmatched_address,기존 주택 CSV의 건물 좌표; 음식점 자체 측량 좌표 아님
일구팔팔,완산구 효자동,전북특별자치도 전주시 완산구 효자동2가 1308-7,전북특별자치도 전주시 완산구 후곡길 11-18,063-225-2360,127.0952398,35.80972321,효자4동,exact_road_building_match,기존 주택 CSV의 건물 좌표; 음식점 자체 측량 좌표 아님
두거리우신탕_효천점,완산구 효자4동,전북특별자치도 전주시 완산구 효자동2가 1212-3 1층,전북특별자치도 전주시 완산구 우전로 93 1층,063-222-1592,,,,unmatched_address,기존 주택 CSV의 건물 좌표; 음식점 자체 측량 좌표 아님
킹마니치킨_신시가지점,완산구 효자5동,전북특별자치도 전주시 완산구 효자동3가 1642-24 1층,전북특별자치도 전주시 완산구 우전로 319 1층,063-227-5882,,,,unmatched_address,기존 주택 CSV의 건물 좌표; 음식점 자체 측량 좌표 아님
진곱창연탄구이,완산구 서신동,전북특별자치도 전주시 완산구 서신동  949-1,전북특별자치도 전주시 완산구 고사평4길 6,063-272-1191,127.1100354,35.83554411,서신동,exact_road_building_match,기존 주택 CSV의 건물 좌표; 음식점 자체 측량 좌표 아님
전주엔스시,덕진구 우아동2가,전북특별자치도 전주시 덕진구 우아동2가 917-1,전북특별자치도 전주시 덕진구 아중1길 16,0507-1324-5758,,,,unmatched_address,기존 주택 CSV의 건물 좌표; 음식점 자체 측량 좌표 아님
고향통닭신서방,완산구 효자5동,전북특별자치도 전주시 완산구 효자동3가 1427-6 1층,전북특별자치도 전주시 완산구 서곡1길 22 1층,063-276-0280,127.099148,35.83577286,효자5동,exact_road_building_match,기존 주택 CSV의 건물 좌표; 음식점 자체 측량 좌표 아님
이시키닭발_전주혁신점,덕진구 혁신동,전북특별자치도 전주시 덕진구 중동 776-6 101호,전북특별자치도 전주시 덕진구 오공로 33-4 101호,063-226-5382,,,,unmatched_address,기존 주택 CSV의 건물 좌표; 음식점 자체 측량 좌표 아님
신함지박,완산구 서신동,전북특별자치도 전주시 완산구 서신동 924-6,전북특별자치도 전주시 완산구 고사평5길 6,063-251-9002,,,,unmatched_address,기존 주택 CSV의 건물 좌표; 음식점 자체 측량 좌표 아님
COORONGC,완산구 중앙동,"전북특별자치도 전주시 완산구 중앙동1가 4-1, 2층","전북특별자치도 전주시 완산구 충경로 29, 2층",010-2388-8648,,,,unmatched_address,기존 주택 CSV의 건물 좌표; 음식점 자체 측량 좌표 아님
돈쌈냉면_송천점,덕진구 송천동2가,전북특별자치도 전주시 덕진구 송천동2가 166-1,전북특별자치도 전주시 덕진구 동부대로 1077,063-242-7000,,,,unmatched_address,기존 주택 CSV의 건물 좌표; 음식점 자체 측량 좌표 아님
노랑통닭_효자점,완산구 효자동,전북특별자치도 전주시 완산구 효자동1가 451 삼성효자타운,전북특별자치도 전주시 완산구 거마평로 139 삼성효자타운,0507-0090-7370,,,,unmatched_address,기존 주택 CSV의 건물 좌표; 음식점 자체 측량 좌표 아님
번지농장돌판아구찜_혁신점,덕진구 혁신동,전북특별자치도 전주시 덕진구 혁신동 774-3 2층 202호,전북특별자치도 전주시 덕진구 기지로 68 2층202호,063-237-5977,,,,unmatched_address,기존 주택 CSV의 건물 좌표; 음식점 자체 측량 좌표 아님
서유구와_빙허각,완산구 풍남동,전북특별자치도 전주시 완산구 교동 141-1,전북특별자치도 전주시 완산구 향교길 104,063-291-2583,,,,unmatched_address,기존 주택 CSV의 건물 좌표; 음식점 자체 측량 좌표 아님
퐁당스윗,완산구 효자동3가,전북특별자치도 전주시 완산구 효자동3가 1718-2 1층,전북특별자치도 전주시 완산구 용호로 131 1층,"0507-1309-6576, 063-222-6576",127.0968033,35.81491125,효자5동,exact_road_building_match,기존 주택 CSV의 건물 좌표; 음식점 자체 측량 좌표 아님
프라이빗도어,완산구 효자5동,전북특별자치도 전주시 완산구 효자동3가 741-3,전북특별자치도 전주시 완산구 천잠로 539,010-9677-6757,,,,unmatched_address,기존 주택 CSV의 건물 좌표; 음식점 자체 측량 좌표 아님
카페드솔레,완산구 효자동,전북특별자치도 전주시 완산구 효자동2가 1242-8,전북특별자치도 전주시 완산구 홍산남로 30,063-226-0078,,,,unmatched_address,기존 주택 CSV의 건물 좌표; 음식점 자체 측량 좌표 아님
스시백프로,완산구 서신동,전북특별자치도 전주시 완산구 서신동 932-5,전북특별자치도 전주시 완산구 새터로 9,063-252-7712,,,,unmatched_address,기존 주택 CSV의 건물 좌표; 음식점 자체 측량 좌표 아님
피코엘로,덕진구 송천동,전북특별자치도 전주시 덕진구 송천동1가 137-3 301호,전북특별자치도 전주시 덕진구 솔내로 108 301호,063-275-1008,,,,unmatched_address,기존 주택 CSV의 건물 좌표; 음식점 자체 측량 좌표 아님
소막창숯불구이_중화산점,완산구 중화산동,전북특별자치도 전주시 완산구 중화산동2가 628-13,전북특별자치도 전주시 완산구 중산로 24,063-222-7641,,,,unmatched_address,기존 주택 CSV의 건물 좌표; 음식점 자체 측량 좌표 아님
두찜_전주중화산점,완산구 중화산동2가,전북특별자치도 전주시 완산구 중화산동2가 615-14,전북특별자치도 전주시 완산구 중산중앙로 21,063-225-3711,,,,unmatched_address,기존 주택 CSV의 건물 좌표; 음식점 자체 측량 좌표 아님
또봉이통닭_서신점,완산구 서신동,전북특별자치도 전주시 완산구 서신동 958-6 1층,전북특별자치도 전주시 완산구 고사평2길 10-1 1층,063-253-2390,127.1105639,35.8342259,서신동,exact_road_building_match,기존 주택 CSV의 건물 좌표; 음식점 자체 측량 좌표 아님
스시미아카,덕진구 혁신동,전북특별자치도 전주시 덕진구 장동 1088-4,전북특별자치도 전주시 덕진구 기지로 93,063-225-8492,,,,unmatched_address,기존 주택 CSV의 건물 좌표; 음식점 자체 측량 좌표 아님
스타벅스_전주중화산점,완산구 중화산동2가,전북특별자치도 전주시 완산구 중화산동2가 744-5,전북특별자치도 전주시 완산구 유연로 288,1522-3232,,,,unmatched_address,기존 주택 CSV의 건물 좌표; 음식점 자체 측량 좌표 아님
미곡스토리,완산구 효자5동,전북특별자치도 전주시 완산구 효자동3가 1617-4,전북특별자치도 전주시 완산구 문학대4길 32-5,063-228-2220,127.1055783,35.82625722,효자5동,exact_road_building_match,기존 주택 CSV의 건물 좌표; 음식점 자체 측량 좌표 아님
서울양꼬치,완산구 효자동2가,전북특별자치도 전주시 완산구 효자동2가 1307-3,전북특별자치도 전주시 완산구 후곡길 29,063-221-8883,,,,unmatched_address,기존 주택 CSV의 건물 좌표; 음식점 자체 측량 좌표 아님
군산아구탕,완산구 효자동1가,전북특별자치도 전주시 완산구 효자동1가 387-2,전북특별자치도 전주시 완산구 거마평로 178,0507-1398-6890,,,,unmatched_address,기존 주택 CSV의 건물 좌표; 음식점 자체 측량 좌표 아님
따볼로,완산구 중앙동1가,전북특별자치도 전주시 완산구 중앙동1가 49-2,전북특별자치도 전주시 완산구 전라감영2길 28-19,0507-1303-1485,,,,unmatched_address,기존 주택 CSV의 건물 좌표; 음식점 자체 측량 좌표 아님
이삭토스트_전주송천점,덕진구 송천1동,전북특별자치도 전주시 덕진구 송천동1가 116 열방빌딩 103호,전북특별자치도 전주시 덕진구 솔내로 131 열방빌딩 103호,063-904-0605,,,,unmatched_address,기존 주택 CSV의 건물 좌표; 음식점 자체 측량 좌표 아님
김미숙부대찌개보쌈_본점,완산구 중화산동,전북특별자치도 전주시 완산구 중화산동2가 647-1,전북특별자치도 전주시 완산구 백제대로 226,063-226-8864,,,,unmatched_address,기존 주택 CSV의 건물 좌표; 음식점 자체 측량 좌표 아님
돈마니석쇠불고기,완산구 서신동,전북특별자치도 전주시 완산구 서신동 958-8,전북특별자치도 전주시 완산구 고사평2길 14,063-277-9888,127.1108531,35.83420959,서신동,exact_road_building_match,기존 주택 CSV의 건물 좌표; 음식점 자체 측량 좌표 아님
육값,완산구 중앙동,전북특별자치도 전주시 완산구 중앙동1가 31-1,"전북특별자치도 전주시 완산구 전주객사2길 10, 1층",010-4097-3160,,,,unmatched_address,기존 주택 CSV의 건물 좌표; 음식점 자체 측량 좌표 아님
청춘당꽈배기_전주하가지구점,덕진구 덕진동2가,전북특별자치도 전주시 덕진구 덕진동2가 695-4,전북특별자치도 전주시 덕진구 가련산로 6,063-251-7999,,,,unmatched_address,기존 주택 CSV의 건물 좌표; 음식점 자체 측량 좌표 아님
대동집,덕진구 혁신동,전북특별자치도 전주시 덕진구 중동 776-5,전북특별자치도 전주시 덕진구 오공로 33-6,063-224-2975,,,,unmatched_address,기존 주택 CSV의 건물 좌표; 음식점 자체 측량 좌표 아님
경풍상회,완산구 중화산동2가,전북특별자치도 전주시 완산구 중화산동2가 613-17,전북특별자치도 전주시 완산구 중화산로 80,063-227-1584,,,,unmatched_address,기존 주택 CSV의 건물 좌표; 음식점 자체 측량 좌표 아님
오구본가_신시가지점,완산구 효자동3가,전북특별자치도 전주시 완산구 효자동3가 1616-9,전북특별자치도 전주시 완산구 문학대4길 29,063-228-5982,127.1049575,35.82688936,효자5동,exact_road_building_match,기존 주택 CSV의 건물 좌표; 음식점 자체 측량 좌표 아님
해미별궁,덕진구 송천동,전북특별자치도 전주시 덕진구 송천동1가 814-6,전북특별자치도 전주시 덕진구 두간3길 8-6,063-276-5011,,,,unmatched_address,기존 주택 CSV의 건물 좌표; 음식점 자체 측량 좌표 아님
명랑맥가,완산구 효자동3가,전북특별자치도 전주시 완산구 효자동3가 1642-5,전북특별자치도 전주시 완산구 우전로 321,0507-1484-0810,,,,unmatched_address,기존 주택 CSV의 건물 좌표; 음식점 자체 측량 좌표 아님
필스수제버거,완산구 효자5동,전북특별자치도 전주시 완산구 효자동2가 1157-4 151호,전북특별자치도 전주시 완산구 홍산1길 7 151호,063-227-0778,,,,unmatched_address,기존 주택 CSV의 건물 좌표; 음식점 자체 측량 좌표 아님
소피즈테이블,완산구 효자5동,전북특별자치도 전주시 완산구 효자동3가 1697-2 2층,전북특별자치도 전주시 완산구 석산2길 17-15 2층,063-221-1997,,,,unmatched_address,기존 주택 CSV의 건물 좌표; 음식점 자체 측량 좌표 아님
신안수산,덕진구 덕진동,전북특별자치도 전주시 덕진구 덕진동1가 1438-18,전북특별자치도 전주시 덕진구 들사평로 12,063-272-8002,,,,unmatched_address,기존 주택 CSV의 건물 좌표; 음식점 자체 측량 좌표 아님
소막창숯불구이,완산구 태평동,전북특별자치도 전주시 완산구 태평동 8-9,전북특별자치도 전주시 완산구 공북로 95,063-255-3977,,,,unmatched_address,기존 주택 CSV의 건물 좌표; 음식점 자체 측량 좌표 아님
마실,덕진구 덕진동,전북특별자치도 전주시 덕진구 덕진동1가 664-48 3층,전북특별자치도 전주시 덕진구 권삼득로 327 3층,063-251-8406,,,,unmatched_address,기존 주택 CSV의 건물 좌표; 음식점 자체 측량 좌표 아님
신포우리만두_전북대점,덕진구 덕진동,전북특별자치도 전주시 덕진구 덕진동1가 1314-160,전북특별자치도 전주시 덕진구 명륜5길 20-2,063-273-2266,,,,unmatched_address,기존 주택 CSV의 건물 좌표; 음식점 자체 측량 좌표 아님
e석쇠한판,완산구 서신동,전북특별자치도 전주시 완산구 서신동 935-5,전북특별자치도 전주시 완산구 새터로 45,063-277-3245,127.1114578,35.83571521,서신동,exact_road_building_match,기존 주택 CSV의 건물 좌표; 음식점 자체 측량 좌표 아님
길거리야,완산구 효자동3가,전북특별자치도 전주시 완산구 효자동3가 1173-1,전북특별자치도 전주시 완산구 백마산길 28,063-229-3735,,,,unmatched_address,기존 주택 CSV의 건물 좌표; 음식점 자체 측량 좌표 아님
미가옥,덕진구 만성동,전북특별자치도 전주시 덕진구 만성동 1166-1,전북특별자치도 전주시 덕진구 오공로 120,063-222-4742,,,,unmatched_address,기존 주택 CSV의 건물 좌표; 음식점 자체 측량 좌표 아님
플랫,덕진구 덕진동,전북특별자치도 전주시 덕진구 덕진동1가 1408-15,전북특별자치도 전주시 덕진구 들사평3길 8,없음,127.1219219,35.84100733,덕진동,exact_road_building_match,기존 주택 CSV의 건물 좌표; 음식점 자체 측량 좌표 아님
대파생곱창_서신본점,완산구 서신동,전북특별자치도 전주시 완산구 서신동 933-5,전북특별자치도 전주시 완산구 새터로 19,063-277-8004,,,,unmatched_address,기존 주택 CSV의 건물 좌표; 음식점 자체 측량 좌표 아님
누룩꽃피는날_중앙점,완산구 중앙동1가,전북특별자치도 전주시 완산구 중앙동1가 7-1,전북특별자치도 전주시 완산구 전주객사3길 11-7,0507-1423-4701,,,,unmatched_address,기존 주택 CSV의 건물 좌표; 음식점 자체 측량 좌표 아님
첫마중부잣집,덕진구 우아1동,전북특별자치도 전주시 덕진구 우아동3가 752-65,전북특별자치도 전주시 덕진구 도당산로 70,063-244-5656,,,,unmatched_address,기존 주택 CSV의 건물 좌표; 음식점 자체 측량 좌표 아님
청년다방_전주대점,완산구 효자동,전북특별자치도 전주시 완산구 효자동3가 1275-3,전북특별자치도 전주시 완산구 속거길 11-5,050-7987-1915,127.0883173,35.8154753,효자4동,exact_road_building_match,기존 주택 CSV의 건물 좌표; 음식점 자체 측량 좌표 아님
요가파이어매운갈비찜_전주점,완산구 효자5동,전북특별자치도 전주시 완산구 효자동3가 1527-11 1층 102호,전북특별자치도 전주시 완산구 홍산중앙로 45 1층 102호,063-229-0930,,,,unmatched_address,기존 주택 CSV의 건물 좌표; 음식점 자체 측량 좌표 아님
향차이나,완산구 효자5동,전북특별자치도 전주시 완산구 효자동3가 1665-1,전북특별자치도 전주시 완산구 척동4길 8,063-229-8330,127.1006134,35.82211433,효자5동,exact_road_building_match,기존 주택 CSV의 건물 좌표; 음식점 자체 측량 좌표 아님
이디야커피_중화산동점,완산구 중화산동2가,전북특별자치도 전주시 완산구 중화산동2가 119-14,전북특별자치도 전주시 완산구 서원로 283,063-227-7277,,,,unmatched_address,기존 주택 CSV의 건물 좌표; 음식점 자체 측량 좌표 아님
엘피카페소리,완산구 풍남동,전북특별자치도 전주시 완산구 경원동3가 86-9,전북특별자치도 전주시 완산구 현무2길 13-7,0507-1421-9802,,,,unmatched_address,기존 주택 CSV의 건물 좌표; 음식점 자체 측량 좌표 아님
아중막꽐리,덕진구 우아동2가,전북특별자치도 전주시 덕진구 우아동2가 918-10 2층,전북특별자치도 전주시 덕진구 아중로 211 2층,0507-1333-9962,,,,unmatched_address,기존 주택 CSV의 건물 좌표; 음식점 자체 측량 좌표 아님
카페_엔튜프,완산구 효자5동,전북특별자치도 전주시 완산구 효자동2가 1240-8 1층,전북특별자치도 전주시 완산구 우전로 225 1층,010-2068-7833,,,,unmatched_address,기존 주택 CSV의 건물 좌표; 음식점 자체 측량 좌표 아님
오리사랑,완산구 중화산동2가,전북특별자치도 전주시 완산구 중화산동2가 739-1,전북특별자치도 전주시 완산구 메너머4길 17,063-225-5292,,,,unmatched_address,기존 주택 CSV의 건물 좌표; 음식점 자체 측량 좌표 아님
전주연갈비,완산구 효자동1가,전북특별자치도 전주시 완산구 효자동1가 451,전북특별자치도 전주시 완산구 거마평로 147-11,063-282-6565,,,,unmatched_address,기존 주택 CSV의 건물 좌표; 음식점 자체 측량 좌표 아님
만나리정육회관,완산구 풍남동,전북특별자치도 전주시 완산구 전동3가 140-1,전북특별자치도 전주시 완산구 풍남문2길 89-3,063-284-1412,,,,unmatched_address,기존 주택 CSV의 건물 좌표; 음식점 자체 측량 좌표 아님
가배1896,완산구 효자동,전북특별자치도 전주시 완산구 효자동2가 1231-5 1층,전북특별자치도 전주시 완산구 홍산북로 29-5 1층,1811-9786,,,,unmatched_address,기존 주택 CSV의 건물 좌표; 음식점 자체 측량 좌표 아님
가장맛있는족발_중화산점,완산구 중화산동2가,전북특별자치도 전주시 완산구 중화산동2가 103-7,전북특별자치도 전주시 완산구 서원로 307,063-227-5848,,,,unmatched_address,기존 주택 CSV의 건물 좌표; 음식점 자체 측량 좌표 아님
신참떡볶이_호성점,덕진구 우아동3가,전북특별자치도 전주시 덕진구 우아동3가 594-29,전북특별자치도 전주시 덕진구 호선1길 10,0507-1430-2447,,,,unmatched_address,기존 주택 CSV의 건물 좌표; 음식점 자체 측량 좌표 아님
아트커피,완산구 중앙동,전북특별자치도 전주시 완산구 태평동 291 전주 태평 SK VIEW,전북특별자치도 전주시 완산구 태평2길 21 전주 태평 SK VIEW,063-273-8932,,,,unmatched_address,기존 주택 CSV의 건물 좌표; 음식점 자체 측량 좌표 아님
비스트로준,완산구 경원동3가,전북특별자치도 전주시 완산구 경원동3가 32-16,전북특별자치도 전주시 완산구 현무1길 33,0507-1323-6286,,,,unmatched_address,기존 주택 CSV의 건물 좌표; 음식점 자체 측량 좌표 아님
강촌식당_전주혁신점,덕진구 혁신동,전북특별자치도 전주시 덕진구 중동 775-4,전북특별자치도 전주시 덕진구 오공로 43-28,063-227-7692,,,,unmatched_address,기존 주택 CSV의 건물 좌표; 음식점 자체 측량 좌표 아님
배스킨라빈스_전주송천점,덕진구 송천동,전북특별자치도 전주시 덕진구 송천동1가 478-3,전북특별자치도 전주시 덕진구 송천중앙로 146,063-274-5655,,,,unmatched_address,기존 주택 CSV의 건물 좌표; 음식점 자체 측량 좌표 아님
카페레이크뷰,완산구 효자5동,전북특별자치도 전주시 완산구 효자동2가 1080 지역혁신관,전북특별자치도 전주시 완산구 천잠로 303 지역혁신관,063-236-7320,,,,unmatched_address,기존 주택 CSV의 건물 좌표; 음식점 자체 측량 좌표 아님
홍짜장_홈플러스전주효자점,완산구 효자동,전북특별자치도 전주시 완산구 효자동1가 431-5,"전북특별자치도 전주시 완산구 용머리로 31, 1층",070-7755-8282,,,,unmatched_address,기존 주택 CSV의 건물 좌표; 음식점 자체 측량 좌표 아님
두밥,완산구 서신동,전북특별자치도 전주시 완산구 서신동 895-4,전북특별자치도 전주시 완산구 유연로 315,010-3652-0429,,,,unmatched_address,기존 주택 CSV의 건물 좌표; 음식점 자체 측량 좌표 아님
감자탕나라,덕진구 산정동,전북특별자치도 전주시 덕진구 산정동873-4,전북특별자치도 전주시 덕진구 건산로 301,063-241-8999,,,,unmatched_address,기존 주택 CSV의 건물 좌표; 음식점 자체 측량 좌표 아님
라쿵푸마라탕_전주점,완산구 고사동,전북특별자치도 전주시 완산구 고사동 81 2층,전북특별자치도 전주시 완산구 전주객사5길 13-4 2층,063-288-7821,,,,unmatched_address,기존 주택 CSV의 건물 좌표; 음식점 자체 측량 좌표 아님
오몽,완산구 다가동4가,전북특별자치도 전주시 완산구 다가동4가 22-11,전북특별자치도 전주시 완산구 전주객사2길 84,010-9474-6449,,,,unmatched_address,기존 주택 CSV의 건물 좌표; 음식점 자체 측량 좌표 아님
해담아구찜_전주본점,완산구 효자5동,전북특별자치도 전주시 완산구 효자동3가 1633-4 1층,전북특별자치도 전주시 완산구 마전중앙로 13 1층,063-222-3808,,,,unmatched_address,기존 주택 CSV의 건물 좌표; 음식점 자체 측량 좌표 아님
굿스고로케_전주점,덕진구 송천1동,전북특별자치도 전주시 덕진구 송천동2가 175-52,"전북특별자치도 전주시 덕진구 사근1길 10, 1층 107호",063-255-3248,,,,unmatched_address,기존 주택 CSV의 건물 좌표; 음식점 자체 측량 좌표 아님
명륜진사갈비_효자점,완산구 효자동,전북특별자치도 전주시 완산구 효자동2가 541-1,전북특별자치도 전주시 완산구 우전1길 52,063-226-2914,,,,unmatched_address,기존 주택 CSV의 건물 좌표; 음식점 자체 측량 좌표 아님
이비가짬뽕_전주효자점,완산구 효자4동,전북특별자치도 전주시 완산구 효자동3가 1250-15,전북특별자치도 전주시 완산구 천잠로 261,063-229-8879,,,,unmatched_address,기존 주택 CSV의 건물 좌표; 음식점 자체 측량 좌표 아님
짬뽕신화,완산구 서신동,전북특별자치도 전주시 완산구 서신동 817-7 1층,전북특별자치도 전주시 완산구 서신천변11길 1 1층,063-224-3316,127.1140535,35.83001755,서신동,exact_road_building_match,기존 주택 CSV의 건물 좌표; 음식점 자체 측량 좌표 아님
설빙_전주혁신점,덕진구 혁신동,전북특별자치도 전주시 덕진구 혁신동 774-6,전북특별자치도 전주시 덕진구 안전로 152,070-8812-3877,,,,unmatched_address,기존 주택 CSV의 건물 좌표; 음식점 자체 측량 좌표 아님
건강을마시자이영마켓,덕진구 덕진동,전북특별자치도 전주시 덕진구 덕진동1가 1117-18 1층,전북특별자치도 전주시 덕진구 떡전로 23 1층,063-905-8486,,,,unmatched_address,기존 주택 CSV의 건물 좌표; 음식점 자체 측량 좌표 아님
묵은지김치독,완산구 중화산동,전북특별자치도 전주시 완산구 중화산동2가 773-4,전북특별자치도 전주시 완산구 신촌4길 22,063-227-9974,,,,unmatched_address,기존 주택 CSV의 건물 좌표; 음식점 자체 측량 좌표 아님
7번가피자_송천점,덕진구 송천동,전북특별자치도 전주시 덕진구 송천동1가 97-6,전북특별자치도 전주시 덕진구 오송1길 37-13,0507-1404-7759,,,,unmatched_address,기존 주택 CSV의 건물 좌표; 음식점 자체 측량 좌표 아님
진안숯불생구이,완산구 효자동,전북특별자치도 전주시 완산구 효자동1가 652,"전북특별자치도 전주시 완산구 거마평로 113, 상산타운상가3동 1층 102호",063-229-8450,,,,unmatched_address,기존 주택 CSV의 건물 좌표; 음식점 자체 측량 좌표 아님
노다지,완산구 효자동3가,전북특별자치도 전주시 완산구 효자동3가 1623-2,전북특별자치도 전주시 완산구 문학대4길 8,063-228-8255,127.1025717,35.82668801,효자5동,exact_road_building_match,기존 주택 CSV의 건물 좌표; 음식점 자체 측량 좌표 아님
김밥천국,완산구 효자동1가,전북특별자치도 전주시 완산구 효자동1가 652,전북특별자치도 전주시 완산구 효자천변2길 14,063-226-0808,,,,unmatched_address,기존 주택 CSV의 건물 좌표; 음식점 자체 측량 좌표 아님
하누야,덕진구 송천동,전북특별자치도 전주시 덕진구 송천동2가 653,전북특별자치도 전주시 덕진구 발단길 10,063-275-0092,,,,unmatched_address,기존 주택 CSV의 건물 좌표; 음식점 자체 측량 좌표 아님
홍산김밥,완산구 효자동3가,전북특별자치도 전주시 완산구 효자동3가 1686-1,전북특별자치도 전주시 완산구 마전들로 36,0507-1355-7121,127.0995127,35.82084086,효자5동,exact_road_building_match,기존 주택 CSV의 건물 좌표; 음식점 자체 측량 좌표 아님
탄광맥주_전북도청점,완산구 효자5동,전북특별자치도 전주시 완산구 효자동3가 1538-2 한승빌딩 1층,전북특별자치도 전주시 완산구 홍산북로 70-17 한승빌딩 1층,070-4647-2460,,,,unmatched_address,기존 주택 CSV의 건물 좌표; 음식점 자체 측량 좌표 아님
바다나라_서신본점,완산구 서신동,전북특별자치도 전주시 완산구 서신동 951-9,전북특별자치도 전주시 완산구 고사평2길 11,063-255-9292,127.1107882,35.83444281,서신동,exact_road_building_match,기존 주택 CSV의 건물 좌표; 음식점 자체 측량 좌표 아님
미스사이공전주NC웨이브점,완산구 고사동,전북특별자치도 전주시 완산구 고사동 96-1 전주NC웨이브 A관 지하1층,전북특별자치도 전주시 완산구 전주객사5길 35 전주NC웨이브 A관 지하1층,063-710-5222,,,,unmatched_address,기존 주택 CSV의 건물 좌표; 음식점 자체 측량 좌표 아님
천사곱창_전주송천점,덕진구 송천동,전북특별자치도 전주시 덕진구 송천동2가 523-24,전북특별자치도 전주시 덕진구 붓내3길 13,063-252-9004,,,,unmatched_address,기존 주택 CSV의 건물 좌표; 음식점 자체 측량 좌표 아님
주당공선생,완산구 효자동,전북특별자치도 전주시 완산구 효자동3가 1536-2 2층,전북특별자치도 전주시 완산구 홍산중앙로 40 2층,010-9365-7876,,,,unmatched_address,기존 주택 CSV의 건물 좌표; 음식점 자체 측량 좌표 아님
라미,완산구 중앙동,전북특별자치도 전주시 완산구 중앙동2가 16-6,전북특별자치도 전주시 완산구 전라감영4길 15,063-282-7670,,,,unmatched_address,기존 주택 CSV의 건물 좌표; 음식점 자체 측량 좌표 아님
고래술상,덕진구 덕진동,전북특별자치도 전주시 덕진구 덕진동1가 1314-157,전북특별자치도 전주시 덕진구 명륜5길 18,010-9109-6430,,,,unmatched_address,기존 주택 CSV의 건물 좌표; 음식점 자체 측량 좌표 아님
파이브페이스,완산구 효자5동,전북특별자치도 전주시 완산구 효자동3가 1536-1 402호,전북특별자치도 전주시 완산구 홍산중앙로 42 402호,010-2634-3542,,,,unmatched_address,기존 주택 CSV의 건물 좌표; 음식점 자체 측량 좌표 아님
량량,완산구 다가동,전북특별자치도 전주시 완산구 다가동4가 125-1 1층,"전북특별자치도 전주시 완산구 전주천동로 264-13, 1층",070-7543-7965,,,,unmatched_address,기존 주택 CSV의 건물 좌표; 음식점 자체 측량 좌표 아님
누룩_송천점,덕진구 송천동,전북특별자치도 전주시 덕진구 송천동2가 523-11,전북특별자치도 전주시 덕진구 붓내3길 6,010-7104-2916,,,,unmatched_address,기존 주택 CSV의 건물 좌표; 음식점 자체 측량 좌표 아님
김정훈,덕진구 덕진동,전북특별자치도 전주시 덕진구 덕진동2가 671-9,전북특별자치도 전주시 덕진구 가리내8길 10,063-252-2009,127.1108206,35.84359378,덕진동,exact_road_building_match,기존 주택 CSV의 건물 좌표; 음식점 자체 측량 좌표 아님
신쭈꾸미_전주점,덕진구 송천동,전북특별자치도 전주시 덕진구 송천동2가 1327-4 동화빌딩 106호,전북특별자치도 전주시 덕진구 세병1길 32 동화빌딩 106호,063-255-5072,,,,unmatched_address,기존 주택 CSV의 건물 좌표; 음식점 자체 측량 좌표 아님
투썸플레이스_전주에코호수DT점,덕진구 전미동,전북특별자치도 전주시 덕진구 전미동1가 593-11,전북특별자치도 전주시 덕진구 과학로 147,063-276-8118,,,,unmatched_address,기존 주택 CSV의 건물 좌표; 음식점 자체 측량 좌표 아님
닥엔돈스_전주인후아중점,덕진구 우아동1가,전북특별자치도 전주시 덕진구 우아동2가 875-1,전북특별자치도 전주시 덕진구 석소로 70,063-905-2122,,,,unmatched_address,기존 주택 CSV의 건물 좌표; 음식점 자체 측량 좌표 아님
전주미당,완산구 효자5동,전북특별자치도 전주시 완산구 효자동2가 1244-3,전북특별자치도 전주시 완산구 홍산로 237,063-225-6403,,,,unmatched_address,기존 주택 CSV의 건물 좌표; 음식점 자체 측량 좌표 아님
이너프샐러드,덕진구 덕진동,전북특별자치도 전주시 덕진구 덕진동1가 1314-168,전북특별자치도 전주시 덕진구 명륜4길 21-1,063-255-4546,,,,unmatched_address,기존 주택 CSV의 건물 좌표; 음식점 자체 측량 좌표 아님
돌돌,덕진구 덕진동,전북특별자치도 전주시 덕진구 덕진동1가 1264-15,전북특별자치도 전주시 덕진구 명륜2길 11-6,063-272-4011,,,,unmatched_address,기존 주택 CSV의 건물 좌표; 음식점 자체 측량 좌표 아님
산오징어바지락칼국수,완산구 효자5동,전북특별자치도 전주시 완산구 효자동3가 1689-3 1층,전북특별자치도 전주시 완산구 마전들로 48 1층,010-2441-7702,,,,unmatched_address,기존 주택 CSV의 건물 좌표; 음식점 자체 측량 좌표 아님
에그드랍_전북도청점,완산구 효자동2가,전북특별자치도 전주시 완산구 효자동2가 1155-7 1층 105호,전북특별자치도 전주시 완산구 홍산남로 62 1층 105호,0507-1346-2922,,,,unmatched_address,기존 주택 CSV의 건물 좌표; 음식점 자체 측량 좌표 아님
근영목우촌삼겹살전문점,완산구 중화산동2가,전북특별자치도 전주시 완산구 중화산동2가 653-5,전북특별자치도 전주시 완산구 영경2길 5,063-225-2140,,,,unmatched_address,기존 주택 CSV의 건물 좌표; 음식점 자체 측량 좌표 아님
파티오,완산구 서신동,전북특별자치도 전주시 완산구 서신동 250-2,전북특별자치도 전주시 완산구 안터1길 8-5,063-285-6833,,,,unmatched_address,기존 주택 CSV의 건물 좌표; 음식점 자체 측량 좌표 아님
산쪼메_전북대점,덕진구 덕진동,전북특별자치도 전주시 덕진구 덕진동1가 1264-11,전북특별자치도 전주시 덕진구 명륜3길 18-8,063-277-7677,,,,unmatched_address,기존 주택 CSV의 건물 좌표; 음식점 자체 측량 좌표 아님
더벤티_송천현대점,덕진구 송천1동,전북특별자치도 전주시 덕진구 송천동1가 138-13 1층 일부,"전북특별자치도 전주시 덕진구 솔내로 118, 1층",070-8691-3024,,,,unmatched_address,기존 주택 CSV의 건물 좌표; 음식점 자체 측량 좌표 아님
한옥집,덕진구 금상동,전북특별자치도 전주시 덕진구 금상동222-6,전북특별자치도 전주시 덕진구 삼거1길 67,063-244-8131,,,,unmatched_address,기존 주택 CSV의 건물 좌표; 음식점 자체 측량 좌표 아님
B1,완산구 다가동,전북특별자치도 전주시 완산구 다가동4가 125-8 지하 1층,전북특별자치도 전주시 완산구 전주천동로 266 지하1층,010-6394-9091,,,,unmatched_address,기존 주택 CSV의 건물 좌표; 음식점 자체 측량 좌표 아님
피자플래넷_효자효천점,완산구 효자5동,전북특별자치도 전주시 완산구 효자동3가 1671-2 1층,전북특별자치도 전주시 완산구 마전들로 16 1층,063-223-0181,127.0973645,35.82087092,효자5동,exact_road_building_match,기존 주택 CSV의 건물 좌표; 음식점 자체 측량 좌표 아님
꽃담집,완산구 풍남동,전북특별자치도 전주시 완산구 풍남동3가 76-23,전북특별자치도 전주시 완산구 은행로 38,0507-1358-3393,,,,unmatched_address,기존 주택 CSV의 건물 좌표; 음식점 자체 측량 좌표 아님
더스토리,완산구 풍남동,전북특별자치도 전주시 완산구 풍남동3가 67-18,전북특별자치도 전주시 완산구 경기전길 87,063-282-9247,,,,unmatched_address,기존 주택 CSV의 건물 좌표; 음식점 자체 측량 좌표 아님
명륜진사갈비_혁신점,덕진구 혁신동,전북특별자치도 전주시 덕진구 중동 774-3,전북특별자치도 전주시 덕진구 기지로 68,063-225-2488,,,,unmatched_address,기존 주택 CSV의 건물 좌표; 음식점 자체 측량 좌표 아님
메종드쁘띠푸르_전주점,완산구 효자동2가,전북특별자치도 전주시 완산구 효자동2가 1238-5,전북특별자치도 전주시 완산구 홍산남로 29-15,063-227-0919,,,,unmatched_address,기존 주택 CSV의 건물 좌표; 음식점 자체 측량 좌표 아님
양심치킨가맥,완산구 효자5동,전북특별자치도 전주시 완산구 효자동2가 1312-2,전북특별자치도 전주시 완산구 후곡길 12-6,063-228-6755,,,,unmatched_address,기존 주택 CSV의 건물 좌표; 음식점 자체 측량 좌표 아님
60계치킨_전주중화산점,완산구 중화산동2가,전북특별자치도 전주시 완산구 중화산동2가 615-10 1층,전북특별자치도 전주시 완산구 중산중앙로 27 1층,063-222-1160,,,,unmatched_address,기존 주택 CSV의 건물 좌표; 음식점 자체 측량 좌표 아님
둥과점,덕진구 우아동2가,전북특별자치도 전주시 덕진구 우아동2가 903-9,전북특별자치도 전주시 덕진구 정언신로 148,063-245-2289,127.1698959,35.83047458,우아2동,exact_road_building_match,기존 주택 CSV의 건물 좌표; 음식점 자체 측량 좌표 아님
일레븐시즈,완산구 중화산동2가,전북특별자치도 전주시 완산구 서신동 802-7,전북특별자치도 전주시 완산구 서신천변로 61,070-8803-2111,,,,unmatched_address,기존 주택 CSV의 건물 좌표; 음식점 자체 측량 좌표 아님
설빙_전주효자점,완산구 효자5동,전북특별자치도 전주시 완산구 효자동3가 1527-8,전북특별자치도 전주시 완산구 홍산3길 5,063-221-3988,,,,unmatched_address,기존 주택 CSV의 건물 좌표; 음식점 자체 측량 좌표 아님
붕붕돼지뽈집,덕진구 우아동1가,전북특별자치도 전주시 덕진구 우아동1가 1091-10,전북특별자치도 전주시 덕진구 한배미로 78,063-241-8880,,,,unmatched_address,기존 주택 CSV의 건물 좌표; 음식점 자체 측량 좌표 아님
명품찹쌀꽈배기앤핫도그,완산구 효자5동,전북특별자치도 전주시 완산구 효자동2가 1313-7,전북특별자치도 전주시 완산구 호암로 19,063-226-8228,,,,unmatched_address,기존 주택 CSV의 건물 좌표; 음식점 자체 측량 좌표 아님
족발명가_설래,완산구 중화산동,전북특별자치도 전주시 완산구 중화산동2가 628-1,전북특별자치도 전주시 완산구 중산중앙로 24,063-228-7787,,,,unmatched_address,기존 주택 CSV의 건물 좌표; 음식점 자체 측량 좌표 아님
이태리부대찌개_전주효자점,완산구 효자동,전북특별자치도 전주시 완산구 효자동1가 651-2 1층,전북특별자치도 전주시 완산구 효자천변2길 17 1층,063-227-0125,,,,unmatched_address,기존 주택 CSV의 건물 좌표; 음식점 자체 측량 좌표 아님
김영희강남동태찜,완산구 서신동,전북특별자치도 전주시 완산구 서신동 816-6,전북특별자치도 전주시 완산구 서신천변12길 10,063-278-7333,,,,unmatched_address,기존 주택 CSV의 건물 좌표; 음식점 자체 측량 좌표 아님
온정,완산구 효자동,전북특별자치도 전주시 완산구 효자동3가 1697-6,전북특별자치도 전주시 완산구 석산1길 6-23,063-282-0907,,,,unmatched_address,기존 주택 CSV의 건물 좌표; 음식점 자체 측량 좌표 아님
술술가맥,완산구 중화산동2가,전북특별자치도 전주시 완산구 중화산동2가 640-2,전북특별자치도 전주시 완산구 산월2길 29,063-225-3565,,,,unmatched_address,기존 주택 CSV의 건물 좌표; 음식점 자체 측량 좌표 아님
겐돈소바_도청점,완산구 효자5동,전북특별자치도 전주시 완산구 효자동3가 1646-15,전북특별자치도 전주시 완산구 마전2길 11-7,063-237-2535,,,,unmatched_address,기존 주택 CSV의 건물 좌표; 음식점 자체 측량 좌표 아님
신대도회관,완산구 전동,전북특별자치도 전주시 완산구 전동 126-9,전북특별자치도 전주시 완산구 팔달로 147-2,063-283-8689,,,,unmatched_address,기존 주택 CSV의 건물 좌표; 음식점 자체 측량 좌표 아님
효자전집,완산구 효자5동,전북특별자치도 전주시 완산구 효자동2가 1312-2 1층,전북특별자치도 전주시 완산구 후곡길 12-6 1층,063-225-4005,,,,unmatched_address,기존 주택 CSV의 건물 좌표; 음식점 자체 측량 좌표 아님
팔팔호프_객사점,완산구 다가동,전북특별자치도 전주시 완산구 다가동3가 23-2 1층,"전북특별자치도 전주시 완산구 전주객사2길 11, 1층",070-4085-0428,,,,unmatched_address,기존 주택 CSV의 건물 좌표; 음식점 자체 측량 좌표 아님
맥도날드_효자DT점,완산구 효자동1가,전북특별자치도 전주시 완산구 효자동1가 411-5,전북특별자치도 전주시 완산구 용머리로 13,070-7017-6859,,,,unmatched_address,기존 주택 CSV의 건물 좌표; 음식점 자체 측량 좌표 아님
배스킨라빈스_전북도청점,완산구 효자5동,전북특별자치도 전주시 완산구 효자동3가 1535-8 백악빌딩 1층 102호,전북특별자치도 전주시 완산구 홍산중앙로 27,063-226-3142,,,,unmatched_address,기존 주택 CSV의 건물 좌표; 음식점 자체 측량 좌표 아님
신지네전집,덕진구 송천동2가,전북특별자치도 전주시 덕진구 송천동2가 196,전북특별자치도 전주시 덕진구 붓내3길 18-9,010-2448-6103,,,,unmatched_address,기존 주택 CSV의 건물 좌표; 음식점 자체 측량 좌표 아님
닭찬들마켓_효자점,완산구 효자동2가,전북특별자치도 전주시 완산구 효자동2가 1318-2,전북특별자치도 전주시 완산구 호암로 79,0507-1307-5186,,,,unmatched_address,기존 주택 CSV의 건물 좌표; 음식점 자체 측량 좌표 아님
리얼커피,완산구 고사동,전북특별자치도 전주시 완산구 고사동 251-1,전북특별자치도 전주시 완산구 전주객사4길 84-1,070-8884-1660,,,,unmatched_address,기존 주택 CSV의 건물 좌표; 음식점 자체 측량 좌표 아님
오리흙갈비,완산구 효자동1가,전북특별자치도 전주시 완산구 효자동1가 688-4,전북특별자치도 전주시 완산구 안행8길 18,063-221-5292,,,,unmatched_address,기존 주택 CSV의 건물 좌표; 음식점 자체 측량 좌표 아님
두부키친,완산구 중앙동1가,전북특별자치도 전주시 완산구 중앙동1가 53-5,전북특별자치도 전주시 완산구 전라감영2길 28-24,070-4229-6680,,,,unmatched_address,기존 주택 CSV의 건물 좌표; 음식점 자체 측량 좌표 아님
초마초마,덕진구 송천동,전북특별자치도 전주시 덕진구 송천동2가 202-60,전북특별자치도 전주시 덕진구 천마산로 63,063-275-2756,,,,unmatched_address,기존 주택 CSV의 건물 좌표; 음식점 자체 측량 좌표 아님
명품짬뽕각,덕진구 우아동3가,전북특별자치도 전주시 덕진구 우아동3가 456-10,전북특별자치도 전주시 덕진구 진버들1길 75,063-244-2770,,,,unmatched_address,기존 주택 CSV의 건물 좌표; 음식점 자체 측량 좌표 아님
부송국수_전주_천마지구점,덕진구 송천동,전북특별자치도 전주시 덕진구 송천동2가 181-2,전북특별자치도 전주시 덕진구 사근1길 49,063-271-2999,,,,unmatched_address,기존 주택 CSV의 건물 좌표; 음식점 자체 측량 좌표 아님
커피베이_중화산점,완산구 중화산동2가,전북특별자치도 전주시 완산구 중화산동2가 596-13 1층,전북특별자치도 전주시 완산구 백제대로 265 1층,0507-1363-4500,,,,unmatched_address,기존 주택 CSV의 건물 좌표; 음식점 자체 측량 좌표 아님
최가네낙지마당,완산구 효자동2가,전북특별자치도 전주시 완산구 효자동2가 1243-2,전북특별자치도 전주시 완산구 바우배기1길 13-14,0507-1375-4545,,,,unmatched_address,기존 주택 CSV의 건물 좌표; 음식점 자체 측량 좌표 아님
칸스_서곡점,완산구 효자5동,전북특별자치도 전주시 완산구 효자동3가 1435-7 1층,전북특별자치도 전주시 완산구 서곡1길 4-6 1층,010-8883-8766,,,,unmatched_address,기존 주택 CSV의 건물 좌표; 음식점 자체 측량 좌표 아님
추억과낭만,덕진구 송천2동,전북특별자치도 전주시 덕진구 송천동1가 626-76,전북특별자치도 전주시 덕진구 시천로 29-6,063-241-3050,,,,unmatched_address,기존 주택 CSV의 건물 좌표; 음식점 자체 측량 좌표 아님
커피지,덕진구 덕진동,전북특별자치도 전주시 덕진구 덕진동2가 168-25,전북특별자치도 전주시 덕진구 호반2길 17,0507-1389-2901,,,,unmatched_address,기존 주택 CSV의 건물 좌표; 음식점 자체 측량 좌표 아님
국수랑김밥,덕진구 우아동2가,전북특별자치도 전주시 덕진구 우아동2가 558-11,전북특별자치도 전주시 덕진구 석소로 80,0507-1324-1533,,,,unmatched_address,기존 주택 CSV의 건물 좌표; 음식점 자체 측량 좌표 아님
우리동네국수빈대떡,덕진구 송천1동,전북특별자치도 전주시 덕진구 송천동2가 523-1,전북특별자치도 전주시 덕진구 붓내3길 9,063-251-9602,,,,unmatched_address,기존 주택 CSV의 건물 좌표; 음식점 자체 측량 좌표 아님
전주회센터_흑산도13호횟집,덕진구 송천1동,전북특별자치도 전주시 덕진구 송천동2가 587-5 전주회센터 3층 13호,전북특별자치도 전주시 덕진구 시천로 96-14 전주회센터 3층 13호,063-255-3888,,,,unmatched_address,기존 주택 CSV의 건물 좌표; 음식점 자체 측량 좌표 아님
신풍갈비,완산구 효자4동,전북특별자치도 전주시 완산구 효자동2가 785-6,전북특별자치도 전주시 완산구 쑥고개로 284-10,063-237-0222,,,,unmatched_address,기존 주택 CSV의 건물 좌표; 음식점 자체 측량 좌표 아님
맷돌순두부,덕진구 덕진동2가,전북특별자치도 전주시 덕진구 덕진동2가 677-2,전북특별자치도 전주시 덕진구 가리내9길 17,063-211-3253,127.1100373,35.84276336,덕진동,exact_road_building_match,기존 주택 CSV의 건물 좌표; 음식점 자체 측량 좌표 아님
전주콩나루콩나물국밥_휴먼시아점,완산구 효자4동,전북특별자치도 전주시 완산구 효자동2가 1312-7,전북특별자치도 전주시 완산구 후곡길 6,063-236-1999,,,,unmatched_address,기존 주택 CSV의 건물 좌표; 음식점 자체 측량 좌표 아님
부부상회,완산구 풍남동,전북특별자치도 전주시 완산구 경원동3가 86-16,전북특별자치도 전주시 완산구 현무2길 13-5,0507-1306-7409,,,,unmatched_address,기존 주택 CSV의 건물 좌표; 음식점 자체 측량 좌표 아님
오래옥본점,완산구 효자5동,전북특별자치도 전주시 완산구 효자동2가 1242-1,전북특별자치도 전주시 완산구 홍산남로 14,063-227-9935,,,,unmatched_address,기존 주택 CSV의 건물 좌표; 음식점 자체 측량 좌표 아님
요거프레소_전주에코시티점,덕진구 송천동,전북특별자치도 전주시 덕진구 송천동2가 1326-11,전북특별자치도 전주시 덕진구 세병남로 39,063-272-1117,,,,unmatched_address,기존 주택 CSV의 건물 좌표; 음식점 자체 측량 좌표 아님
구룸,완산구 고사동,전북특별자치도 전주시 완산구 고사동 436-1 1층,전북특별자치도 전주시 완산구 전주객사3길 16 1층,0507-1378-4924,,,,unmatched_address,기존 주택 CSV의 건물 좌표; 음식점 자체 측량 좌표 아님
우리할매떡볶이_송천점,덕진구 송천1동,전북특별자치도 전주시 덕진구 송천동1가 107-179,"전북특별자치도 전주시 덕진구 솔내로 148, 나동 1층 102호",063-278-7899,,,,unmatched_address,기존 주택 CSV의 건물 좌표; 음식점 자체 측량 좌표 아님
건밤,완산구 효자5동,전북특별자치도 전주시 완산구 효자동3가 1656-13 1층,전북특별자치도 전주시 완산구 마전들로 9 1층,없음,,,,unmatched_address,기존 주택 CSV의 건물 좌표; 음식점 자체 측량 좌표 아님
무한리필김대호_아중점,덕진구 우아동2가,전북특별자치도 전주시 덕진구 우아동2가 890-4 1층,전북특별자치도 전주시 덕진구 정언신로 157 1층,063-244-9252,,,,unmatched_address,기존 주택 CSV의 건물 좌표; 음식점 자체 측량 좌표 아님
블랙내니커피숍,완산구 효자동1가,전북특별자치도 전주시 완산구 효자동2가 1326-2 1층,전북특별자치도 전주시 완산구 용머리로31,063-221-8830,,,,unmatched_address,기존 주택 CSV의 건물 좌표; 음식점 자체 측량 좌표 아님
오빠네가맥,완산구 서신동,전북특별자치도 전주시 완산구 서신동 826-3,전북특별자치도 전주시 완산구 서신천변로 47,010-2675-4882,,,,unmatched_address,기존 주택 CSV의 건물 좌표; 음식점 자체 측량 좌표 아님
초담불고기,덕진구 덕진동,전북특별자치도 전주시 덕진구 덕진동2가 663-13 1층,전북특별자치도 전주시 덕진구 가리내6길 20-12 1층,063-277-8400,127.1096292,35.84566416,덕진동,exact_road_building_match,기존 주택 CSV의 건물 좌표; 음식점 자체 측량 좌표 아님
명랑핫도그_효자문학점,완산구 효자동3가,전북특별자치도 전주시 완산구 효자동3가 1618-1,전북특별자치도 전주시 완산구 문학대4길 28,063-226-0399,127.1051541,35.82667199,효자5동,exact_road_building_match,기존 주택 CSV의 건물 좌표; 음식점 자체 측량 좌표 아님
공룡닭발,완산구 서신동,전북특별자치도 전주시 완산구 서신동 946-8,전북특별자치도 전주시 완산구 고사평1길 6,063-909-7717,127.1090247,35.83479852,서신동,exact_road_building_match,기존 주택 CSV의 건물 좌표; 음식점 자체 측량 좌표 아님
피스비,덕진구 덕진동,전북특별자치도 전주시 덕진구 덕진동1가 664-34,전북특별자치도 전주시 덕진구 권삼득로 319-1,063-714-3033,,,,unmatched_address,기존 주택 CSV의 건물 좌표; 음식점 자체 측량 좌표 아님
삼백집,완산구 고사동,전북특별자치도 전주시 완산구 고사동 454-1,전북특별자치도 전주시 완산구 전주객사2길 22,063-284-2227,,,,unmatched_address,기존 주택 CSV의 건물 좌표; 음식점 자체 측량 좌표 아님
주미담,덕진구 덕진동,전북특별자치도 전주시 덕진구 덕진동1가 1277-2 105호,전북특별자치도 전주시 덕진구 명륜5길 15-5 105호,"0507-1429-8988, 063-254-8988",,,,unmatched_address,기존 주택 CSV의 건물 좌표; 음식점 자체 측량 좌표 아님
브라더아구찜,완산구 효자동,전북특별자치도 전주시 완산구 효자동3가 1670-32 1층,전북특별자치도 전주시 완산구 배학1길 1-1,063-717-0167,127.0967135,35.81863677,효자5동,exact_road_building_match,기존 주택 CSV의 건물 좌표; 음식점 자체 측량 좌표 아님
더술집,덕진구 송천2동,전북특별자치도 전주시 덕진구 송천동2가 265-4,전북특별자치도 전주시 덕진구 붓내3길 17-21,063-251-1381,127.1234822,35.8686785,송천1동,exact_road_building_match,기존 주택 CSV의 건물 좌표; 음식점 자체 측량 좌표 아님
원조1958생두부_풍남점,덕진구 우아동3가,전북특별자치도 전주시 덕진구 우아동3가 732-2,전북특별자치도 전주시 덕진구 우아1길 29,063-245-1958,,,,unmatched_address,기존 주택 CSV의 건물 좌표; 음식점 자체 측량 좌표 아님
배스킨라빈스_전주서부점,완산구 효자3동,전북특별자치도 전주시 완산구 효자동2가 1316-4,전북특별자치도 전주시 완산구 호암로 91,063-228-3142,,,,unmatched_address,기존 주택 CSV의 건물 좌표; 음식점 자체 측량 좌표 아님
카페오아,덕진구 장동,전북특별자치도 전주시 덕진구 장동 1093-3 5층 5층,전북특별자치도 전주시 덕진구 중동로 104-12 5층,063-211-4948,,,,unmatched_address,기존 주택 CSV의 건물 좌표; 음식점 자체 측량 좌표 아님
배스킨라빈스_전주서신점,완산구 서신동,전북특별자치도 전주시 완산구 서신동965-1,전북특별자치도 전주시 완산구 온고을로 62,063-276-3131,,,,unmatched_address,기존 주택 CSV의 건물 좌표; 음식점 자체 측량 좌표 아님
쿼드,완산구 고사동,전북특별자치도 전주시 완산구 고사동 227-18,전북특별자치도 전주시 완산구 전주객사5길 95,0507-1451-1219,,,,unmatched_address,기존 주택 CSV의 건물 좌표; 음식점 자체 측량 좌표 아님
쭈불로드_객사점,완산구 고사동,전북특별자치도 전주시 완산구 고사동 199,전북특별자치도 전주시 완산구 전주객사5길 43-3,063-282-5690,,,,unmatched_address,기존 주택 CSV의 건물 좌표; 음식점 자체 측량 좌표 아님
꼬꼬리그_삼천점,완산구 효자동,전북특별자치도 전주시 완산구 효자동1가669-7,전북특별자치도 전주시 완산구 용리로 47-1,063-236-9299,,,,unmatched_address,기존 주택 CSV의 건물 좌표; 음식점 자체 측량 좌표 아님
광어랑아구랑,완산구 중화산동2가,전북특별자치도 전주시 완산구 중화산동2가 616-3 1층,전북특별자치도 전주시 완산구 중산중앙로 8,063-224-9701,,,,unmatched_address,기존 주택 CSV의 건물 좌표; 음식점 자체 측량 좌표 아님
자매밥상,덕진구 덕진동,전북특별자치도 전주시 덕진구 덕진동1가 1267-2,전북특별자치도 전주시 덕진구 기린대로 483-1,063-272-0920,,,,unmatched_address,기존 주택 CSV의 건물 좌표; 음식점 자체 측량 좌표 아님
알마마테르,완산구 효자4동,전북특별자치도 전주시 완산구 효자동2가 1257-11,전북특별자치도 전주시 완산구 구룡1길 5,063-252-5482,127.1024243,35.81211124,효자4동,exact_road_building_match,기존 주택 CSV의 건물 좌표; 음식점 자체 측량 좌표 아님
식껍전주_서신점,완산구 서신동,전북특별자치도 전주시 완산구 서신동 934-4,전북특별자치도 전주시 완산구 새터로 31,0507-1484-2408,,,,unmatched_address,기존 주택 CSV의 건물 좌표; 음식점 자체 측량 좌표 아님
오꾸꼬_송천점,덕진구 송천2동,전북특별자치도 전주시 덕진구 송천동2가 1272 1층 105호,전북특별자치도 전주시 덕진구 붓내3길 19 1층 105호,0504-2015-1394,,,,unmatched_address,기존 주택 CSV의 건물 좌표; 음식점 자체 측량 좌표 아님
뉴욕쟁이디저트_에코시티점,덕진구 송천동,전북특별자치도 전주시 덕진구 송천동2가 1331-11,전북특별자치도 전주시 덕진구 세병서로 41,070-8778-3252,,,,unmatched_address,기존 주택 CSV의 건물 좌표; 음식점 자체 측량 좌표 아님
네네치킨_송천점,덕진구 송천1동,전북특별자치도 전주시 덕진구 송천동2가 193-73,전북특별자치도 전주시 덕진구 천마산로 12,050-7964-1206,,,,unmatched_address,기존 주택 CSV의 건물 좌표; 음식점 자체 측량 좌표 아님
엄마손해물파전,완산구 서신동,전북특별자치도 전주시 완산구 서신동  798-8,전북특별자치도 전주시 완산구 서신천변13길 14-3,063-254-4844,,,,unmatched_address,기존 주택 CSV의 건물 좌표; 음식점 자체 측량 좌표 아님
메가엠지씨커피_전북도청점,완산구 효자5동,전북특별자치도 전주시 완산구 효자동2가 1155-2 104호,전북특별자치도 전주시 완산구 홍산남로 50 104호,063-222-8859,,,,unmatched_address,기존 주택 CSV의 건물 좌표; 음식점 자체 측량 좌표 아님
웰덤치킨_송천전북대점,덕진구 송천동,전북특별자치도 전주시 덕진구 송천동1가 171-5,전북특별자치도 전주시 덕진구 솔내2길 63,063-273-8283,,,,unmatched_address,기존 주택 CSV의 건물 좌표; 음식점 자체 측량 좌표 아님
촌댁맥주_서신점,완산구 서신동,전북특별자치도 전주시 완산구 서신동 933-3,전북특별자치도 전주시 완산구 고사평5길 9,010-6348-8351,,,,unmatched_address,기존 주택 CSV의 건물 좌표; 음식점 자체 측량 좌표 아님
에버빈,완산구 효자5동,전북특별자치도 전주시 완산구 효자동3가 1527-1,전북특별자치도 전주시 완산구 홍산3길 21-1,070-4241-9911,,,,unmatched_address,기존 주택 CSV의 건물 좌표; 음식점 자체 측량 좌표 아님
카페_유,완산구 풍남동,전북특별자치도 전주시 완산구 교동 118-3,전북특별자치도 전주시 완산구 은행로 86,063-284-6100,,,,unmatched_address,기존 주택 CSV의 건물 좌표; 음식점 자체 측량 좌표 아님
용소루,덕진구 송천1동,전북특별자치도 전주시 덕진구 송천동1가 626-33,전북특별자치도 전주시 덕진구 송천4길 56-7,063-272-5857,,,,unmatched_address,기존 주택 CSV의 건물 좌표; 음식점 자체 측량 좌표 아님
달곰,완산구 효자동3가,전북특별자치도 전주시 완산구 효자동3가 1527-5 청담빌딩2층,전북특별자치도 전주시 완산구 홍산3길 11 청담빌딩2층,063-223-5887,,,,unmatched_address,기존 주택 CSV의 건물 좌표; 음식점 자체 측량 좌표 아님
솔래촌,덕진구 송천동1가,전북특별자치도 전주시 덕진구 송천동1가 823-2,전북특별자치도 전주시 덕진구 두간로 26,063-252-4171,,,,unmatched_address,기존 주택 CSV의 건물 좌표; 음식점 자체 측량 좌표 아님
굽네치킨_에코시티점,덕진구 송천2동,"전북특별자치도 전주시 덕진구 송천동2가 1341, 101호","전북특별자치도 전주시 덕진구 세병로 74, 101호",063-278-9494,,,,unmatched_address,기존 주택 CSV의 건물 좌표; 음식점 자체 측량 좌표 아님
와플대학_전북대캠퍼스점,덕진구 덕진동,전북특별자치도 전주시 덕진구 덕진동1가 664-6,전북특별자치도 전주시 덕진구 권삼득로 333,063-255-1815,,,,unmatched_address,기존 주택 CSV의 건물 좌표; 음식점 자체 측량 좌표 아님
프랭크커피인바,완산구 다가동,전북특별자치도 전주시 완산구 다가동3가 44-2,"전북특별자치도 전주시 완산구 전주객사1길 46-12, 1층",010-2180-0527,,,,unmatched_address,기존 주택 CSV의 건물 좌표; 음식점 자체 측량 좌표 아님
푸라닭_전주혁신도시점,덕진구 혁신동,전북특별자치도 전주시 덕진구 중동 774-2 하모니시티 105호,전북특별자치도 전주시 덕진구 기지로 70 하모니시티 105호,063-221-9206,127.0596511,35.83809437,혁신동,exact_road_building_match,기존 주택 CSV의 건물 좌표; 음식점 자체 측량 좌표 아님
싸움의고수_전주도청점,완산구 효자3동,전북특별자치도 전주시 완산구 효자동3가 1669-3 1층 101호,전북특별자치도 전주시 완산구 마전들로 17 1층 101호,063-223-3100,127.0974858,35.82120014,효자5동,exact_road_building_match,기존 주택 CSV의 건물 좌표; 음식점 자체 측량 좌표 아님
금커피별빙수앤과일_하가점,덕진구 덕진동,전북특별자치도 전주시 덕진구 덕진동2가 675-2 1층,전북특별자치도 전주시 덕진구 추탄로 18,070-4065-2002,,,,unmatched_address,기존 주택 CSV의 건물 좌표; 음식점 자체 측량 좌표 아님
마이마이치킨_전북대점,덕진구 덕진동,전북특별자치도 전주시 덕진구 덕진동1가 1263-11 1층,전북특별자치도 전주시 덕진구 명륜3길 13 1층,063-905-6262,,,,unmatched_address,기존 주택 CSV의 건물 좌표; 음식점 자체 측량 좌표 아님
소문난가맥,완산구 중화산동,전북특별자치도 전주시 완산구 중화산동2가 782-4,전북특별자치도 전주시 완산구 신촌3길 18,063-236-5454,,,,unmatched_address,기존 주택 CSV의 건물 좌표; 음식점 자체 측량 좌표 아님
드롭탑_전주아중점,덕진구 우아동2가,전북특별자치도 전주시 덕진구 우아동2가 915-7,전북특별자치도 전주시 덕진구 아중로 203,063-242-4645,,,,unmatched_address,기존 주택 CSV의 건물 좌표; 음식점 자체 측량 좌표 아님
광수네짜장,완산구 중화산동,전북특별자치도 전주시 완산구 중화산동2가 660-3,전북특별자치도 전주시 완산구 한두평3길 11-3,063-229-0083,,,,unmatched_address,기존 주택 CSV의 건물 좌표; 음식점 자체 측량 좌표 아님
뉴타입,완산구 태평동,전북특별자치도 전주시 완산구 태평동 31-7,전북특별자치도 전주시 완산구 태평3길 43-11,0507-1368-1269,,,,unmatched_address,기존 주택 CSV의 건물 좌표; 음식점 자체 측량 좌표 아님
하루텐,완산구 중앙동,전북특별자치도 전주시 완산구 중앙동1가 22-4,"전북특별자치도 전주시 완산구 전라감영3길 13-8, 1층",063-284-2050,,,,unmatched_address,기존 주택 CSV의 건물 좌표; 음식점 자체 측량 좌표 아님
고수닭갈비_혁신점,덕진구 혁신동,전북특별자치도 전주시 덕진구 혁신동 774-1,전북특별자치도 전주시 덕진구 기지로 72,063-223-9488,,,,unmatched_address,기존 주택 CSV의 건물 좌표; 음식점 자체 측량 좌표 아님
카페아치,완산구 다가동,전북특별자치도 전주시 완산구 다가동1가 55-3,전북특별자치도 전주시 완산구 전라감영로 23,063-231-5600,,,,unmatched_address,기존 주택 CSV의 건물 좌표; 음식점 자체 측량 좌표 아님
피자플래넷_만성혁신점,덕진구 혁신동,전북특별자치도 전주시 덕진구 만성동 1366-9,전북특별자치도 전주시 덕진구 만성중앙로 39,063-909-1113,,,,unmatched_address,기존 주택 CSV의 건물 좌표; 음식점 자체 측량 좌표 아님
계경목장_전주본점,덕진구 송천1동,전북특별자치도 전주시 덕진구 송천동1가 406-1,전북특별자치도 전주시 덕진구 송천로 36,063-278-9533,,,,unmatched_address,기존 주택 CSV의 건물 좌표; 음식점 자체 측량 좌표 아님
피자오래_효자점,완산구 효자5동,전북특별자치도 전주시 완산구 효자동3가 1636-2 1층,전북특별자치도 전주시 완산구 척동10길 4 1층,063-226-6667,127.1003081,35.82463613,효자5동,exact_road_building_match,기존 주택 CSV의 건물 좌표; 음식점 자체 측량 좌표 아님
청혜참치,덕진구 우아동1가,전북특별자치도 전주시 덕진구 우아동1가 1120-10,전북특별자치도 전주시 덕진구 인교9길 27-2,063-227-8211,,,,unmatched_address,기존 주택 CSV의 건물 좌표; 음식점 자체 측량 좌표 아님
옴그냉삼,덕진구 덕진동,전북특별자치도 전주시 덕진구 덕진동2가 671-12 1층,전북특별자치도 전주시 덕진구 가리내8길 10-8 1층,"0507-1339-5970, 063-252-5065",127.110802,35.84405173,덕진동,exact_road_building_match,기존 주택 CSV의 건물 좌표; 음식점 자체 측량 좌표 아님
삼바리,덕진구 송천2동,전북특별자치도 전주시 덕진구 송천동2가 523-14,"전북특별자치도 전주시 덕진구 붓내3길 7, 1층",0507-1335-6970,,,,unmatched_address,기존 주택 CSV의 건물 좌표; 음식점 자체 측량 좌표 아님
코나,완산구 서신동,전북특별자치도 전주시 완산구 서신동 937-7,전북특별자치도 전주시 완산구 새터로 24,0507-1407-7531,,,,unmatched_address,기존 주택 CSV의 건물 좌표; 음식점 자체 측량 좌표 아님
끄터리,완산구 다가동,전북특별자치도 전주시 완산구 다가동4가 125-8,전북특별자치도 전주시 완산구 전주천동로 266,0507-1327-4124,,,,unmatched_address,기존 주택 CSV의 건물 좌표; 음식점 자체 측량 좌표 아님
스시앤후라이,덕진구 우아동2가,전북특별자치도 전주시 덕진구 우아동2가 890-9 2충,전북특별자치도 전주시 덕진구 정언신로 153 2층,050-7744-2104,,,,unmatched_address,기존 주택 CSV의 건물 좌표; 음식점 자체 측량 좌표 아님
카페31,덕진구 송천동,전북특별자치도 전주시 덕진구 송천동1가 626-55,전북특별자치도 전주시 덕진구 시천로 31,063-277-3231,,,,unmatched_address,기존 주택 CSV의 건물 좌표; 음식점 자체 측량 좌표 아님
하츠야,완산구 중화산동,전북특별자치도 전주시 완산구 중화산동2가 616,전북특별자치도 전주시 완산구 중화산로 68,063-225-0520,,,,unmatched_address,기존 주택 CSV의 건물 좌표; 음식점 자체 측량 좌표 아님
촌댁맥주_송천점,덕진구 송천동2가,전북특별자치도 전주시 덕진구 송천동2가 523-11,전북특별자치도 전주시 덕진구 붓내3길 6,0507-1322-5598,,,,unmatched_address,기존 주택 CSV의 건물 좌표; 음식점 자체 측량 좌표 아님
다온하루,덕진구 우아동1가,전북특별자치도 전주시 덕진구 우아동1가 1103-14,전북특별자치도 전주시 덕진구 인교로 9,063-244-9811,,,,unmatched_address,기존 주택 CSV의 건물 좌표; 음식점 자체 측량 좌표 아님
어가,완산구 효자5동,전북특별자치도 전주시 완산구 효자동3가 1656-14,전북특별자치도 전주시 완산구 마전들로 11,010-4383-9203,,,,unmatched_address,기존 주택 CSV의 건물 좌표; 음식점 자체 측량 좌표 아님
가맥아저씨,완산구 서신동,전북특별자치도 전주시 완산구 서신동 829-2,전북특별자치도 전주시 완산구 서신천변10길 12-2,"0507-1329-2540, 063-278-2540",,,,unmatched_address,기존 주택 CSV의 건물 좌표; 음식점 자체 측량 좌표 아님
신진미감자탕,완산구 효자동,전북특별자치도 전주시 완산구 효자동1가 445-6,전북특별자치도 전주시 완산구 거마평로 145,063-224-9229,,,,unmatched_address,기존 주택 CSV의 건물 좌표; 음식점 자체 측량 좌표 아님
전복가,완산구 서신동,전북특별자치도 전주시 완산구 서신동 1007-2,전북특별자치도 전주시 완산구 고사평9길 21,063-271-8503,127.1089506,35.83875745,서신동,exact_road_building_match,기존 주택 CSV의 건물 좌표; 음식점 자체 측량 좌표 아님
라디오가든_전주객사점,완산구 다가동,전북특별자치도 전주시 완산구 다가동3가 53-3 2층,"전북특별자치도 전주시 완산구 전주객사1길 45, 2층",010-6692-0039,,,,unmatched_address,기존 주택 CSV의 건물 좌표; 음식점 자체 측량 좌표 아님
이등병부대찌개_전북대점,덕진구 덕진동,전북특별자치도 전주시 덕진구 덕진동1가 1264-5 1층,전북특별자치도 전주시 덕진구 명륜3길 14 1층,063-255-8889,,,,unmatched_address,기존 주택 CSV의 건물 좌표; 음식점 자체 측량 좌표 아님
모리커피전주에코시티점,덕진구 송천1동,전북특별자치도 전주시 덕진구 송천동2가 1326-2 1동 1층 103호,"전북특별자치도 전주시 덕진구 세병로 18, 1동 1층 103호",064-254-7711,,,,unmatched_address,기존 주택 CSV의 건물 좌표; 음식점 자체 측량 좌표 아님
경우,완산구 고사동,전북특별자치도 전주시 완산구 고사동 377-4,전북특별자치도 전주시 완산구 전주객사4길 43-6,063-285-2018,,,,unmatched_address,기존 주택 CSV의 건물 좌표; 음식점 자체 측량 좌표 아님
대아성,완산구 중화산동,전북특별자치도 전주시 완산구 중화산동2가 658-10,전북특별자치도 전주시 완산구 어은로 12-3,063-229-7774,,,,unmatched_address,기존 주택 CSV의 건물 좌표; 음식점 자체 측량 좌표 아님
채식주의자의무화과,완산구 중화산동2가,전북특별자치도 전주시 완산구 중화산동2가 20-10 맥디자인 빌딩 1층,전북특별자치도 전주시 완산구 선너머로 36 맥디자인 빌딩 1층,0507-1423-8258,,,,unmatched_address,기존 주택 CSV의 건물 좌표; 음식점 자체 측량 좌표 아님
뚱보집_하가지구점,덕진구 덕진동2가,전북특별자치도 전주시 덕진구 덕진동2가 673-3,전북특별자치도 전주시 덕진구 가리내8길 19,063-278-3007,127.1097145,35.84330766,덕진동,exact_road_building_match,기존 주택 CSV의 건물 좌표; 음식점 자체 측량 좌표 아님
더리터_전주신시가지점,완산구 효자5동,전북특별자치도 전주시 완산구 효자동3가 1694-5,전북특별자치도 전주시 완산구 마전들로 80,063-227-1181,,,,unmatched_address,기존 주택 CSV의 건물 좌표; 음식점 자체 측량 좌표 아님
사천향손짜장,완산구 중화산동,전북특별자치도 전주시 완산구 중화산동2가 256,전북특별자치도 전주시 완산구 영경1길 25,063-227-5543,,,,unmatched_address,기존 주택 CSV의 건물 좌표; 음식점 자체 측량 좌표 아님
예향돌솥밥,완산구 효자동2가,전북특별자치도 전주시 완산구 효자동2가 1321-4,전북특별자치도 전주시 완산구 소태정4길 23-6,0507-0090-7372,127.1029938,35.80542068,효자4동,exact_road_building_match,기존 주택 CSV의 건물 좌표; 음식점 자체 측량 좌표 아님
달빛든솔,덕진구 산정동,전북특별자치도 전주시 덕진구 산정동 422-1,전북특별자치도 전주시 덕진구 해이길 26,063-241-6786,,,,unmatched_address,기존 주택 CSV의 건물 좌표; 음식점 자체 측량 좌표 아님
미휘월,완산구 효자5동,전북특별자치도 전주시 완산구 효자동3가 1680-2 1층,전북특별자치도 전주시 완산구 배학4길 4-4 1층,010-5695-0604,127.0972212,35.81962504,효자5동,exact_road_building_match,기존 주택 CSV의 건물 좌표; 음식점 자체 측량 좌표 아님
볼드,완산구 풍남동,전북특별자치도 전주시 완산구 경원동3가 34-1,전북특별자치도 전주시 완산구 현무1길 31-7,010-9647-0863,,,,unmatched_address,기존 주택 CSV의 건물 좌표; 음식점 자체 측량 좌표 아님
차이차이,완산구 중화산동2가,전북특별자치도 전주시 완산구 중화산동2가 775-5,전북특별자치도 전주시 완산구 신촌4길 10-9,063-222-3994,,,,unmatched_address,기존 주택 CSV의 건물 좌표; 음식점 자체 측량 좌표 아님
플뢰르,완산구 풍남동,전북특별자치도 전주시 완산구 경원동3가 6-16,전북특별자치도 전주시 완산구 현무2길 14-23,063-909-5015,,,,unmatched_address,기존 주택 CSV의 건물 좌표; 음식점 자체 측량 좌표 아님
고을돌솥밥,완산구 중앙동4가,전북특별자치도 전주시 완산구 중앙동4가 80-2,전북특별자치도 전주시 완산구 풍남문4길 25,063-223-8740,,,,unmatched_address,기존 주택 CSV의 건물 좌표; 음식점 자체 측량 좌표 아님
스테디에스프레소,완산구 효자5동,전북특별자치도 전주시 완산구 효자동3가 1648-5,전북특별자치도 전주시 완산구 마전들로 75,063-227-4608,,,,unmatched_address,기존 주택 CSV의 건물 좌표; 음식점 자체 측량 좌표 아님
인생역전,덕진구 송천동,전북특별자치도 전주시 덕진구 송천동2가 179-121 센텀시티 1층 101호,전북특별자치도 전주시 덕진구 사근1길 37 센텀시티 1층 101호,063-274-0777,,,,unmatched_address,기존 주택 CSV의 건물 좌표; 음식점 자체 측량 좌표 아님
전주보리밥,덕진구 혁신동,전북특별자치도 전주시 덕진구 중동 774-5 2층 중동),전북특별자치도 전주시 덕진구 안전로 154 2층 중동),063-225-8822,,,,unmatched_address,기존 주택 CSV의 건물 좌표; 음식점 자체 측량 좌표 아님
한울상회,완산구 중화산동2가,전북특별자치도 전주시 완산구 중화산동2가  775-4,전북특별자치도 전주시 완산구 신촌4길 10-7,063-227-1587,,,,unmatched_address,기존 주택 CSV의 건물 좌표; 음식점 자체 측량 좌표 아님
써니네집_혁신점,덕진구 장동,전북특별자치도 전주시 덕진구 장동 1093-2 3층,전북특별자치도 전주시 덕진구 중동로 104-14 3층,063-213-9777,,,,unmatched_address,기존 주택 CSV의 건물 좌표; 음식점 자체 측량 좌표 아님
우아한가맥앤치킨,덕진구 우아동3가,전북특별자치도 전주시 덕진구 우아동3가 726-1,전북특별자치도 전주시 덕진구 견훤로 428,0507-1415-2665,,,,unmatched_address,기존 주택 CSV의 건물 좌표; 음식점 자체 측량 좌표 아님
청돈참숯구이,덕진구 덕진동2가,전북특별자치도 전주시 덕진구 덕진동2가 678-2,전북특별자치도 전주시 덕진구 가리내9길 11,063-251-1141,127.1105965,35.84277285,덕진동,exact_road_building_match,기존 주택 CSV의 건물 좌표; 음식점 자체 측량 좌표 아님
중앙포차,완산구 태평동,전북특별자치도 전주시 완산구 태평동 3-3,전북특별자치도 전주시 완산구 노송여울1길 57,063-286-7630,,,,unmatched_address,기존 주택 CSV의 건물 좌표; 음식점 자체 측량 좌표 아님
용담식당,완산구 중화산동,전북특별자치도 전주시 완산구 중화산동2가 628-12,전북특별자치도 전주시 완산구 중산5길 3,063-224-4121,,,,unmatched_address,기존 주택 CSV의 건물 좌표; 음식점 자체 측량 좌표 아님
건지산도토리,덕진구 송천2동,전북특별자치도 전주시 덕진구 송천동2가 159-17,"전북특별자치도 전주시 덕진구 동부대로 1051, 1층",063-255-1415,,,,unmatched_address,기존 주택 CSV의 건물 좌표; 음식점 자체 측량 좌표 아님
흐엉꾸에하롱베이퍼_본점,덕진구 덕진동,전북특별자치도 전주시 덕진구 덕진동1가 1277-2,전북특별자치도 전주시 덕진구 명륜5길 15-5,063-253-3340,,,,unmatched_address,기존 주택 CSV의 건물 좌표; 음식점 자체 측량 좌표 아님
메가커피_전주서신점,완산구 서신동,전북특별자치도 전주시 완산구 서신동 856-3,전북특별자치도 전주시 완산구 서신로 4,063-271-5292,,,,unmatched_address,기존 주택 CSV의 건물 좌표; 음식점 자체 측량 좌표 아님
볼몬드,완산구 효자동,전북특별자치도 전주시 완산구 효자동3가 1528-4 준빌딩 3층,전북특별자치도 전주시 완산구 홍산4길 12 준빌딩 3층,010-8080-5194,,,,unmatched_address,기존 주택 CSV의 건물 좌표; 음식점 자체 측량 좌표 아님
고기데이,덕진구 덕진동,전북특별자치도 전주시 덕진구 덕진동1가 1314-166 1층,전북특별자치도 전주시 덕진구 명륜4길 17-4 1층,063-253-9253,,,,unmatched_address,기존 주택 CSV의 건물 좌표; 음식점 자체 측량 좌표 아님
이든식당,완산구 경원동3가,전북특별자치도 전주시 완산구 경원동3가 13-9,전북특별자치도 전주시 완산구 현무2길 22,0507-1366-6617,,,,unmatched_address,기존 주택 CSV의 건물 좌표; 음식점 자체 측량 좌표 아님
자성화맛집코다리네_전주혁신점,덕진구 혁신동,전북특별자치도 전주시 덕진구 혁신동 776-7 2층,전북특별자치도 전주시 덕진구 오공로 37 2층,063-221-9294,,,,unmatched_address,기존 주택 CSV의 건물 좌표; 음식점 자체 측량 좌표 아님
홍루이젠_아중점,덕진구 우아동2가,전북특별자치도 전주시 덕진구 우아동2가 904-8,전북특별자치도 전주시 덕진구 석소로 24,063-244-3003,,,,unmatched_address,기존 주택 CSV의 건물 좌표; 음식점 자체 측량 좌표 아님
풍년순대,완산구 중화산동,전북특별자치도 전주시 완산구 중화산동2가 755-7,전북특별자치도 전주시 완산구 중화산로 103,063-229-0117,,,,unmatched_address,기존 주택 CSV의 건물 좌표; 음식점 자체 측량 좌표 아님
달빛소리,완산구 중화산동2가,전북특별자치도 전주시 완산구 중화산동2가 274-5,전북특별자치도 전주시 완산구 영선로 21-10,063-282-5900,,,,unmatched_address,기존 주택 CSV의 건물 좌표; 음식점 자체 측량 좌표 아님
강정원초밥,완산구 서신동,전북특별자치도 전주시 완산구 서신동 949-12,전북특별자치도 전주시 완산구 고사평2길 3-6,063-272-5523,127.110032,35.83479292,서신동,exact_road_building_match,기존 주택 CSV의 건물 좌표; 음식점 자체 측량 좌표 아님
송천정육식당,덕진구 송천동2가,전북특별자치도 전주시 덕진구 송천동2가 531-10,전북특별자치도 전주시 덕진구 시천로 55,063-273-2757,,,,unmatched_address,기존 주택 CSV의 건물 좌표; 음식점 자체 측량 좌표 아님
춘하추동,덕진구 송천2동,전북특별자치도 전주시 덕진구 송천동1가 386-1,전북특별자치도 전주시 덕진구 송천1길 3-1,063-714-3558,,,,unmatched_address,기존 주택 CSV의 건물 좌표; 음식점 자체 측량 좌표 아님
물고기세마리초밥,완산구 다가동4가,전북특별자치도 전주시 완산구 다가동4가 83-5,전북특별자치도 전주시 완산구 전주객사2길 45-4,063-288-0442,,,,unmatched_address,기존 주택 CSV의 건물 좌표; 음식점 자체 측량 좌표 아님
권씨네족발_서곡점,완산구 효자동3가,전북특별자치도 전주시 완산구 효자동3가 1438-7,전북특별자치도 전주시 완산구 서곡2길 5,"0507-1325-4177, 063-254-4177",,,,unmatched_address,기존 주택 CSV의 건물 좌표; 음식점 자체 측량 좌표 아님
남쪽나라,덕진구 우아동2가,전북특별자치도 전주시 덕진구 우아동2가 859-4,전북특별자치도 전주시 덕진구 진버들6길 12-9,063-245-8878,,,,unmatched_address,기존 주택 CSV의 건물 좌표; 음식점 자체 측량 좌표 아님
포스트레,완산구 효자동,전북특별자치도 전주시 완산구 효자동3가 1533-12,전북특별자치도 전주시 완산구 홍산남로 45-28,0507-1428-1218,,,,unmatched_address,기존 주택 CSV의 건물 좌표; 음식점 자체 측량 좌표 아님
다사랑치킨피자_송천1호점,덕진구 송천1동,전북특별자치도 전주시 덕진구 송천동2가 522-1,전북특별자치도 전주시 덕진구 송천중앙로 216,063-255-9235,,,,unmatched_address,기존 주택 CSV의 건물 좌표; 음식점 자체 측량 좌표 아님
불스떡볶이_송천에코점,덕진구 송천동,전북특별자치도 전주시 덕진구 송천동1가 98 104호,전북특별자치도 전주시 덕진구 오송1길 37-5 104호,063-277-3456,,,,unmatched_address,기존 주택 CSV의 건물 좌표; 음식점 자체 측량 좌표 아님
서울소바,완산구 중앙동1가,전북특별자치도 전주시 완산구 중앙동1가 17-1,전북특별자치도 전주시 완산구 전라감영3길 17-2,063-284-3879,,,,unmatched_address,기존 주택 CSV의 건물 좌표; 음식점 자체 측량 좌표 아님
신마포갈매기_전북대점,덕진구 덕진동,전북특별자치도 전주시 덕진구 덕진동1가 1314-205,전북특별자치도 전주시 덕진구 명륜5길 15,063-255-2627,,,,unmatched_address,기존 주택 CSV의 건물 좌표; 음식점 자체 측량 좌표 아님
정가네양평해장국_아중직영점,덕진구 우아동2가,전북특별자치도 전주시 덕진구 우아동2가 860-5,전북특별자치도 전주시 덕진구 건산로 259,063-244-4411,,,,unmatched_address,기존 주택 CSV의 건물 좌표; 음식점 자체 측량 좌표 아님
발레리노,완산구 경원동3가,전북특별자치도 전주시 완산구 경원동3가 28-11,전북특별자치도 전주시 완산구 현무1길 36,0507-1353-0257,,,,unmatched_address,기존 주택 CSV의 건물 좌표; 음식점 자체 측량 좌표 아님
개성비당,완산구 풍남동,전북특별자치도 전주시 완산구 풍남동3가 65-4,전북특별자치도 전주시 완산구 태조로 22-1,010-8075-4864,,,,unmatched_address,기존 주택 CSV의 건물 좌표; 음식점 자체 측량 좌표 아님
오원집_서신점,완산구 서신동,전북특별자치도 전주시 완산구 서신동 836-2,전북특별자치도 전주시 완산구 서신로 26,063-254-0990,,,,unmatched_address,기존 주택 CSV의 건물 좌표; 음식점 자체 측량 좌표 아님
소담가,완산구 중앙동3가,전북특별자치도 전주시 완산구 중앙동3가 32-9,전북특별자치도 전주시 완산구 전라감영5길 17-20,063-288-9595,,,,unmatched_address,기존 주택 CSV의 건물 좌표; 음식점 자체 측량 좌표 아님
더도리칼국수,덕진구 덕진동,전북특별자치도 전주시 덕진구 덕진동1가 1314-165,전북특별자치도 전주시 덕진구 명륜4길 21-3,063-272-4446,,,,unmatched_address,기존 주택 CSV의 건물 좌표; 음식점 자체 측량 좌표 아님
황금코다리_전주송천점,덕진구 송천1동,전북특별자치도 전주시 덕진구 송천동1가 813-1,전북특별자치도 전주시 덕진구 두간3길 5,063-277-8886,,,,unmatched_address,기존 주택 CSV의 건물 좌표; 음식점 자체 측량 좌표 아님
쌈가_송천직영점,덕진구 송천2동,전북특별자치도 전주시 덕진구 송천동1가 821-3,전북특별자치도 전주시 덕진구 두간5길 8,063-228-2040,,,,unmatched_address,기존 주택 CSV의 건물 좌표; 음식점 자체 측량 좌표 아님
오유민동태마을_아중점,덕진구 우아동2가,전북특별자치도 전주시 덕진구 우아동2가 862-4,전북특별자치도 전주시 덕진구 건산로 271,063-241-6655,,,,unmatched_address,기존 주택 CSV의 건물 좌표; 음식점 자체 측량 좌표 아님
홍가네꼼장어_아중2호점,덕진구 우아동2가,전북특별자치도 전주시 덕진구 우아동2가 915-8,전북특별자치도 전주시 덕진구 아중로 203-1,063-242-0228,,,,unmatched_address,기존 주택 CSV의 건물 좌표; 음식점 자체 측량 좌표 아님
김형제고기의철학_전주효자점,완산구 효자동,전북특별자치도 전주시 완산구 효자동3가 1539-3,전북특별자치도 전주시 완산구 홍산남로 75,063-236-1633,,,,unmatched_address,기존 주택 CSV의 건물 좌표; 음식점 자체 측량 좌표 아님
푸라닭_전주서신점,완산구 서신동,전북특별자치도 전주시 완산구 서신동 854-16,전북특별자치도 전주시 완산구 서신천변로 6,063-278-9206,127.11447,35.82580331,서신동,exact_road_building_match,기존 주택 CSV의 건물 좌표; 음식점 자체 측량 좌표 아님
BBQ치킨_전북도청점,완산구 효자5동,전북특별자치도 전주시 완산구 효자동2가 1157-1 1층 137호,전북특별자치도 전주시 완산구 홍산1길 21 1층 137호,063-229-9288,,,,unmatched_address,기존 주택 CSV의 건물 좌표; 음식점 자체 측량 좌표 아님
빽다방_전주서신롯데점,완산구 서신동,전북특별자치도 전주시 완산구 서신동 969-9,전북특별자치도 전주시 완산구 새터로 122-23,063-251-8989,,,,unmatched_address,기존 주택 CSV의 건물 좌표; 음식점 자체 측량 좌표 아님
늘푸른밥상,완산구 서신동,전북특별자치도 전주시 완산구 서신동 799,전북특별자치도 전주시 완산구 서신천변15길 15,0507-1419-2456,,,,unmatched_address,기존 주택 CSV의 건물 좌표; 음식점 자체 측량 좌표 아님
카페빈타이_서신점,완산구 서신동,전북특별자치도 전주시 완산구 서신동 959-1,전북특별자치도 전주시 완산구 온고을로 104,063-271-4376,,,,unmatched_address,기존 주택 CSV의 건물 좌표; 음식점 자체 측량 좌표 아님
피자스쿨_서신점,완산구 서신동,전북특별자치도 전주시 완산구 서신동 764-2,전북특별자치도 전주시 완산구 당산로 39,063-272-0202,,,,unmatched_address,기존 주택 CSV의 건물 좌표; 음식점 자체 측량 좌표 아님
에이바우트커피_전주하가점,덕진구 덕진동,전북특별자치도 전주시 덕진구 덕진동2가 681-3 1층,전북특별자치도 전주시 덕진구 가련산로 27,063-253-6667,,,,unmatched_address,기존 주택 CSV의 건물 좌표; 음식점 자체 측량 좌표 아님
화룡반점,완산구 효자5동,전북특별자치도 전주시 완산구 효자동3가 1419-7,전북특별자치도 전주시 완산구 서곡로 84,063-251-6364,,,,unmatched_address,기존 주택 CSV의 건물 좌표; 음식점 자체 측량 좌표 아님
시라키,완산구 효자동2가,전북특별자치도 전주시 완산구 효자동2가 1157-4,전북특별자치도 전주시 완산구 홍산1길 7,0507-1382-9328,,,,unmatched_address,기존 주택 CSV의 건물 좌표; 음식점 자체 측량 좌표 아님
카페오푸스,완산구 효자4동,전북특별자치도 전주시 완산구 효자동3가 1734-4,전북특별자치도 전주시 완산구 봉곡1길 4-8,010-3737-3183,127.0972011,35.81275556,효자4동,exact_road_building_match,기존 주택 CSV의 건물 좌표; 음식점 자체 측량 좌표 아님
효자동김밥,완산구 효자5동,전북특별자치도 전주시 완산구 효자동2가 1157-4 SK리더스뷰 상가 146호,전북특별자치도 전주시 완산구 홍산1길 7 SK리더스뷰 상가 146호,063-226-1230,,,,unmatched_address,기존 주택 CSV의 건물 좌표; 음식점 자체 측량 좌표 아님
포코포코,덕진구 우아동1가,전북특별자치도 전주시 덕진구 우아동1가 742-8 2층,전북특별자치도 전주시 덕진구 아중호수길 98 2층,063-245-8789,,,,unmatched_address,기존 주택 CSV의 건물 좌표; 음식점 자체 측량 좌표 아님
명가포차,완산구 효자4동,전북특별자치도 전주시 완산구 효자동2가 1256-3,전북특별자치도 전주시 완산구 우전로 206,063-225-7088,,,,unmatched_address,기존 주택 CSV의 건물 좌표; 음식점 자체 측량 좌표 아님
오븐어클락,완산구 효자4동,전북특별자치도 전주시 완산구 효자동2가 1246-10,전북특별자치도 전주시 완산구 봉곡1길 35,063-229-2292,127.1007431,35.81334955,효자4동,exact_road_building_match,기존 주택 CSV의 건물 좌표; 음식점 자체 측량 좌표 아님
현대옥_홈플러스점,완산구 효자동3가,전북특별자치도 전주시 완산구 효자동1가 518-69,전북특별자치도 전주시 완산구 거마평로 169,063-227-2626,,,,unmatched_address,기존 주택 CSV의 건물 좌표; 음식점 자체 측량 좌표 아님
형제수산,덕진구 덕진동,전북특별자치도 전주시 덕진구 덕진동2가 671-9,전북특별자치도 전주시 덕진구 가리내8길 10,063-271-8812,127.1108206,35.84359378,덕진동,exact_road_building_match,기존 주택 CSV의 건물 좌표; 음식점 자체 측량 좌표 아님
감성커피_전주효천점,완산구 효자5동,전북특별자치도 전주시 완산구 효자동2가 1377-3 효림빌딩 103호,전북특별자치도 전주시 완산구 효천중앙로 51 효림빌딩 103호,063-227-7306,,,,unmatched_address,기존 주택 CSV의 건물 좌표; 음식점 자체 측량 좌표 아님
배불뚝집_효자점,완산구 효자5동,전북특별자치도 전주시 완산구 효자동3가 1541-2,전북특별자치도 전주시 완산구 홍산남로 80,063-236-7000,,,,unmatched_address,기존 주택 CSV의 건물 좌표; 음식점 자체 측량 좌표 아님
돈올레,덕진구 덕진동,전북특별자치도 전주시 덕진구 덕진동2가 678-3,전북특별자치도 전주시 덕진구 가리내10길 8-5,063-255-3009,127.1107667,35.84263643,덕진동,exact_road_building_match,기존 주택 CSV의 건물 좌표; 음식점 자체 측량 좌표 아님
스타벅스_전주홍산로점,완산구 효자동2가,전북특별자치도 전주시 완산구 효자동2가 1154-3,전북특별자치도 전주시 완산구 홍산로 238,1522-3232,,,,unmatched_address,기존 주택 CSV의 건물 좌표; 음식점 자체 측량 좌표 아님
소호,완산구 서신동,전북특별자치도 전주시 완산구 서신동 782-1,전북특별자치도 전주시 완산구 감나무4길 10-8,063-255-1253,,,,unmatched_address,기존 주택 CSV의 건물 좌표; 음식점 자체 측량 좌표 아님
현대옥_서곡점,완산구 효자동3가,전북특별자치도 전주시 완산구 효자동3가 1419-3,전북특별자치도 전주시 완산구 서곡6길 4-4,063-271-6767,,,,unmatched_address,기존 주택 CSV의 건물 좌표; 음식점 자체 측량 좌표 아님
조선치킨_중화산점,완산구 중화산동2가,전북특별자치도 전주시 완산구 중화산동2가  773-5,전북특별자치도 전주시 완산구 신촌4길 24,063-229-9993,,,,unmatched_address,기존 주택 CSV의 건물 좌표; 음식점 자체 측량 좌표 아님
이삭토스트_서신점,완산구 서신동,전북특별자치도 전주시 완산구 서신동 763-1,전북특별자치도 전주시 완산구 당산로 17,063-253-7884,,,,unmatched_address,기존 주택 CSV의 건물 좌표; 음식점 자체 측량 좌표 아님
멕시카나치킨_전주혁신도시점,덕진구 혁신동,전북특별자치도 전주시 덕진구 혁신동 784-8,전북특별자치도 전주시 덕진구 오정2길 26,063-226-4999,127.0610498,35.83427684,혁신동,exact_road_building_match,기존 주택 CSV의 건물 좌표; 음식점 자체 측량 좌표 아님
마라전주,완산구 효자4동,전북특별자치도 전주시 완산구 효자동3가 1728-1 1층,전북특별자치도 전주시 완산구 봉곡2길 11 1층,010-9520-5209,127.0957984,35.81314702,효자4동,exact_road_building_match,기존 주택 CSV의 건물 좌표; 음식점 자체 측량 좌표 아님
맨날술이야,완산구 효자동,전북특별자치도 전주시 완산구 효자동3가 1686-5,전북특별자치도 전주시 완산구 마전들로 42,0507-1376-0950,,,,unmatched_address,기존 주택 CSV의 건물 좌표; 음식점 자체 측량 좌표 아님
중앙상가가든,완산구 태평동,전북특별자치도 전주시 완산구 태평동 36-1,전북특별자치도 전주시 완산구 태평3길 70,063-252-9882,,,,unmatched_address,기존 주택 CSV의 건물 좌표; 음식점 자체 측량 좌표 아님
고매드비,덕진구 덕진동,전북특별자치도 전주시 덕진구 덕진동1가 1314-191,전북특별자치도 전주시 덕진구 명륜2길 16-5,0507-1303-7062,,,,unmatched_address,기존 주택 CSV의 건물 좌표; 음식점 자체 측량 좌표 아님
소리막걸리,덕진구 송천동,전북특별자치도 전주시 덕진구 송천동2가 196,전북특별자치도 전주시 덕진구 붓내3길 18-9,010-5667-3079,,,,unmatched_address,기존 주택 CSV의 건물 좌표; 음식점 자체 측량 좌표 아님
전대전,완산구 풍남동,전북특별자치도 전주시 완산구 풍남동2가 27 1층,전북특별자치도 전주시 완산구 동문길 21 1층,0507-1460-7800,,,,unmatched_address,기존 주택 CSV의 건물 좌표; 음식점 자체 측량 좌표 아님
오박사동태탕아구찜,덕진구 송천1동,전북특별자치도 전주시 덕진구 송천동2가 489-1,전북특별자치도 전주시 덕진구 송천중앙로 230,063-274-2727,,,,unmatched_address,기존 주택 CSV의 건물 좌표; 음식점 자체 측량 좌표 아님
한양소바,완산구 고사동,전북특별자치도 전주시 완산구 고사동 286-2,전북특별자치도 전주시 완산구 전주객사4길 83,063-251-1377,,,,unmatched_address,기존 주택 CSV의 건물 좌표; 음식점 자체 측량 좌표 아님
노매딕,완산구 풍남동,전북특별자치도 전주시 완산구 교동 110-1,전북특별자치도 전주시 완산구 향교길 57,063-288-2298,,,,unmatched_address,기존 주택 CSV의 건물 좌표; 음식점 자체 측량 좌표 아님
별따주는부뚜막,완산구 효자동3가,전북특별자치도 전주시 완산구 효자동3가 1529-2,전북특별자치도 전주시 완산구 홍산북로 45-12,0507-1406-9925,,,,unmatched_address,기존 주택 CSV의 건물 좌표; 음식점 자체 측량 좌표 아님
이디야커피_전주효자점,완산구 효자3동,전북특별자치도 전주시 완산구 효자동1가 457-1 1층,전북특별자치도 전주시 완산구 효자천변2길 11 1층,063-221-1205,,,,unmatched_address,기존 주택 CSV의 건물 좌표; 음식점 자체 측량 좌표 아님
할매국수_본점,완산구 중화산동2가,전북특별자치도 전주시 완산구 중화산동2가 578-3,전북특별자치도 전주시 완산구 메너머1길 5,063-222-2227,,,,unmatched_address,기존 주택 CSV의 건물 좌표; 음식점 자체 측량 좌표 아님
충만치킨_전주전북대점,덕진구 덕진동,전북특별자치도 전주시 덕진구 덕진동1가 1261-4,전북특별자치도 전주시 덕진구 명륜4길 17,063-252-7979,,,,unmatched_address,기존 주택 CSV의 건물 좌표; 음식점 자체 측량 좌표 아님
초밥집,완산구 고사동,전북특별자치도 전주시 완산구 고사동 242-1,전북특별자치도 전주시 완산구 전주객사4길 74-1,063-271-0741,,,,unmatched_address,기존 주택 CSV의 건물 좌표; 음식점 자체 측량 좌표 아님
모조,완산구 효자동,전북특별자치도 전주시 완산구 효자동2가 1229-5,전북특별자치도 전주시 완산구 홍산북로 15,063-226-2204,,,,unmatched_address,기존 주택 CSV의 건물 좌표; 음식점 자체 측량 좌표 아님
72번가에비뉴커피,완산구 효자5동,전북특별자치도 전주시 완산구 효자동3가 1541-6,전북특별자치도 전주시 완산구 홍산남로 72,063-282-0072,,,,unmatched_address,기존 주택 CSV의 건물 좌표; 음식점 자체 측량 좌표 아님
신포우리만두_효자직영점,완산구 효자동1가,전북특별자치도 전주시 완산구 효자동1가 284-4,전북특별자치도 전주시 완산구 거마평로 152,063-229-7502,,,,unmatched_address,기존 주택 CSV의 건물 좌표; 음식점 자체 측량 좌표 아님
설빙_전주송천점,덕진구 송천동,전북특별자치도 전주시 덕진구 송천동2가 179-40 백두산빌딩 2층,전북특별자치도 전주시 덕진구 천마산로 73 2층,063-274-6181,,,,unmatched_address,기존 주택 CSV의 건물 좌표; 음식점 자체 측량 좌표 아님
무이사회,덕진구 금상동,전북특별자치도 전주시 덕진구 금상동 1285-12,전북특별자치도 전주시 덕진구 수곡길 22-5,0507-1354-4422,,,,unmatched_address,기존 주택 CSV의 건물 좌표; 음식점 자체 측량 좌표 아님
아웃닭_전북대점,덕진구 덕진동,전북특별자치도 전주시 덕진구 덕진동1가 1264-24 1층,전북특별자치도 전주시 덕진구 명륜3길 18-2 1층,063-255-9418,,,,unmatched_address,기존 주택 CSV의 건물 좌표; 음식점 자체 측량 좌표 아님
꽃마차,완산구 중화산동,전북특별자치도 전주시 완산구 중화산동2가 658-4,전북특별자치도 전주시 완산구 어은로 18-12,063-236-7183,,,,unmatched_address,기존 주택 CSV의 건물 좌표; 음식점 자체 측량 좌표 아님
보쌈다온,완산구 효자동,전북특별자치도 전주시 완산구 효자동2가 1237-6,전북특별자치도 전주시 완산구 홍산남로 29-29,063-229-6776,,,,unmatched_address,기존 주택 CSV의 건물 좌표; 음식점 자체 측량 좌표 아님
돼지코생곱창갈비_에코시티송천점,덕진구 송천동,전북특별자치도 전주시 덕진구 송천동2가 1327-13 1층 102호,전북특별자치도 전주시 덕진구 세병2길 25 1층 102호,063-252-8930,,,,unmatched_address,기존 주택 CSV의 건물 좌표; 음식점 자체 측량 좌표 아님
유성식당순대국밥_서신점,완산구 서신동,전북특별자치도 전주시 완산구 서신동 802,전북특별자치도 전주시 완산구 서신천변15길 3,063-275-5599,,,,unmatched_address,기존 주택 CSV의 건물 좌표; 음식점 자체 측량 좌표 아님
스무디킹,완산구 효자3동,전북특별자치도 전주시 완산구 효자동1가 434,전북특별자치도 전주시 완산구 용머리로 45,070-8821-3040,,,,unmatched_address,기존 주택 CSV의 건물 좌표; 음식점 자체 측량 좌표 아님
미카도스시_전주객사점,완산구 고사동,전북특별자치도 전주시 완산구 고사동 212-1 1층,"전북특별자치도 전주시 완산구 전주객사5길 63, 1층",063-232-7866,,,,unmatched_address,기존 주택 CSV의 건물 좌표; 음식점 자체 측량 좌표 아님
육회랑낙지랑,덕진구 우아1동,전북특별자치도 전주시 덕진구 우아동3가 747-46,전북특별자치도 전주시 덕진구 우아3길 9,063-244-6411,,,,unmatched_address,기존 주택 CSV의 건물 좌표; 음식점 자체 측량 좌표 아님
미각,덕진구 송천동1가,전북특별자치도 전주시 덕진구 송천동1가 818-8,전북특별자치도 전주시 덕진구 용소로 93,010-4460-1052,,,,unmatched_address,기존 주택 CSV의 건물 좌표; 음식점 자체 측량 좌표 아님
자판기술집,완산구 다가동3가,전북특별자치도 전주시 완산구 다가동3가 66-1,전북특별자치도 전주시 완산구 전주객사1길 9,063-282-4564,,,,unmatched_address,기존 주택 CSV의 건물 좌표; 음식점 자체 측량 좌표 아님
수플레,완산구 중화산동2가,전북특별자치도 전주시 완산구 중화산동2가 749-7,전북특별자치도 전주시 완산구 화산천변3길 8-3,063-236-0246,,,,unmatched_address,기존 주택 CSV의 건물 좌표; 음식점 자체 측량 좌표 아님
착한낙지_전주완산점,완산구 효자동,전북특별자치도 전주시 완산구 효자동2가 1065-11,전북특별자치도 전주시 천잠로 245,063-286-5678,,,,unmatched_address,기존 주택 CSV의 건물 좌표; 음식점 자체 측량 좌표 아님
탁사발,덕진구 우아동1가,전북특별자치도 전주시 덕진구 우아동1가 1097-8,전북특별자치도 전주시 덕진구 한배미로 66,0507-1309-0523,,,,unmatched_address,기존 주택 CSV의 건물 좌표; 음식점 자체 측량 좌표 아님
삼광,완산구 효자동,전북특별자치도 전주시 완산구 효자동2가 1211-3,전북특별자치도 전주시 완산구 소태정3길 5-4,063-222-6664,,,,unmatched_address,기존 주택 CSV의 건물 좌표; 음식점 자체 측량 좌표 아님
고구려막걸리,완산구 효자동,전북특별자치도 전주시 완산구 효자동3가 1453-2,전북특별자치도 전주시 완산구 서곡1길 11,063-255-9033,,,,unmatched_address,기존 주택 CSV의 건물 좌표; 음식점 자체 측량 좌표 아님
연안식당_전주송천점,덕진구 송천동2가,전북특별자치도 전주시 덕진구 송천동2가 179-119,전북특별자치도 전주시 덕진구 사근1길 31,063-274-2952,,,,unmatched_address,기존 주택 CSV의 건물 좌표; 음식점 자체 측량 좌표 아님
어나더데이,완산구 서신동,전북특별자치도 전주시 완산구 서신동 840-15 1층,전북특별자치도 전주시 완산구 서신천변4길 1 1층,0507-1382-6355,,,,unmatched_address,기존 주택 CSV의 건물 좌표; 음식점 자체 측량 좌표 아님
거기커피,덕진구 덕진동,전북특별자치도 전주시 덕진구 덕진동1가 1312-77,전북특별자치도 전주시 덕진구 명륜4길 21,063-273-0428,,,,unmatched_address,기존 주택 CSV의 건물 좌표; 음식점 자체 측량 좌표 아님
얌스,완산구 효자5동,전북특별자치도 전주시 완산구 효자동3가 1619-2,전북특별자치도 전주시 완산구 문학대4길 28-4,063-237-3009,127.1047024,35.8266183,효자5동,exact_road_building_match,기존 주택 CSV의 건물 좌표; 음식점 자체 측량 좌표 아님
더불우키친,완산구 효자동,전북특별자치도 전주시 완산구 효자동2가 1330-2,전북특별자치도 전주시 완산구 우전1길 63,0507-1444-6769,127.1058578,35.80936779,효자4동,exact_road_building_match,기존 주택 CSV의 건물 좌표; 음식점 자체 측량 좌표 아님
본죽&비빔밥cafe_전주서신점,완산구 서신동,전북특별자치도 전주시 완산구 서신동 838-2,전북특별자치도 전주시 완산구 서신로 11,063-251-5060,,,,unmatched_address,기존 주택 CSV의 건물 좌표; 음식점 자체 측량 좌표 아님
1층포장마차,완산구 효자5동,전북특별자치도 전주시 완산구 효자동3가 1529-4 이룸빌딩 1층,전북특별자치도 전주시 완산구 홍산북로 45-16 이룸빌딩 1층,063-227-0917,,,,unmatched_address,기존 주택 CSV의 건물 좌표; 음식점 자체 측량 좌표 아님
전주더엠,완산구 효자동,전북특별자치도 전주시 완산구 효자동2가 1157-4 SK Leaders view MALL 162호,전북특별자치도 전주시 완산구 홍산1길 7 SK Leaders view MALL 162호,0507-1469-9701,,,,unmatched_address,기존 주택 CSV의 건물 좌표; 음식점 자체 측량 좌표 아님
라화쿵부_도청점,완산구 효자동,전북특별자치도 전주시 완산구 효자동3가 1534-4,전북특별자치도 전주시 완산구 홍산남로 53,063-909-1666,,,,unmatched_address,기존 주택 CSV의 건물 좌표; 음식점 자체 측량 좌표 아님
불스피자_에코본점,덕진구 송천1동,전북특별자치도 전주시 덕진구 송천동2가 1359-3,"전북특별자치도 전주시 덕진구 백석로 24-11, 1층",063-909-9123,,,,unmatched_address,기존 주택 CSV의 건물 좌표; 음식점 자체 측량 좌표 아님
카페인소,완산구 서신동,전북특별자치도 전주시 완산구 서신동  823-15,전북특별자치도 전주시 완산구 서신천변5길 12,070-7637-0517,,,,unmatched_address,기존 주택 CSV의 건물 좌표; 음식점 자체 측량 좌표 아님
양대감600,완산구 효자동,전북특별자치도 전주시 완산구 효자동3가 1533-6,전북특별자치도 전주시 완산구 홍산북로 60-22,063-227-7769,,,,unmatched_address,기존 주택 CSV의 건물 좌표; 음식점 자체 측량 좌표 아님
황태도둑_서신점,완산구 서신동,전북특별자치도 전주시 완산구 서신동 850-8,전북특별자치도 전주시 완산구 전룡로 21,063-255-3782,127.1153116,35.82639572,서신동,exact_road_building_match,기존 주택 CSV의 건물 좌표; 음식점 자체 측량 좌표 아님
마마카롱,완산구 서신동,"전북특별자치도 전주시 완산구 서신동 763-1 신일아파트상가 114동 124,125호","전북특별자치도 전주시 완산구 당산로 17 신일아파트상가 114동 124,125호",070-8778-0041,,,,unmatched_address,기존 주택 CSV의 건물 좌표; 음식점 자체 측량 좌표 아님
전주안행골,완산구 효자동1가,전북특별자치도 전주시 완산구 효자동1가 683-14,전북특별자치도 전주시 완산구 안행5길 18,063-228-5355,127.1322788,35.80261551,효자1동,exact_road_building_match,기존 주택 CSV의 건물 좌표; 음식점 자체 측량 좌표 아님
카페베네_전주서신점,완산구 서신동,전북특별자치도 전주시 완산구 서신동 805,전북특별자치도 전주시 완산구 서신로 62,063-277-3844,,,,unmatched_address,기존 주택 CSV의 건물 좌표; 음식점 자체 측량 좌표 아님
도싯골묵은지삼겹살_도청점,완산구 효자5동,전북특별자치도 전주시 완산구 효자동3가 1528-10,전북특별자치도 전주시 완산구 홍산북로 83-17,063-283-3392,,,,unmatched_address,기존 주택 CSV의 건물 좌표; 음식점 자체 측량 좌표 아님
설빙_전주에코시티점,덕진구 송천1동,전북특별자치도 전주시 덕진구 송천동2가 1299-6,"전북특별자치도 전주시 덕진구 세병로 174-9, 2층",063-252-7505,,,,unmatched_address,기존 주택 CSV의 건물 좌표; 음식점 자체 측량 좌표 아님
순진한순대국밥_서신점,완산구 서신동,전북특별자치도 전주시 완산구 서신동838-1,전북특별자치도 전주시 완산구 서신로 17,063-278-9882,,,,unmatched_address,기존 주택 CSV의 건물 좌표; 음식점 자체 측량 좌표 아님
이가네바지락손칼국수,완산구 중화산동,전북특별자치도 전주시 완산구 중화산동2가 693-1,전북특별자치도 전주시 완산구 메너머3길 21,063-245-7887,127.1204645,35.82374529,중화산2동,exact_road_building_match,기존 주택 CSV의 건물 좌표; 음식점 자체 측량 좌표 아님
부타_효자점,완산구 효자동,전북특별자치도 전주시 완산구 효자동3가 1656-12,전북특별자치도 전주시 완산구 마전들로 7,063-228-2227,,,,unmatched_address,기존 주택 CSV의 건물 좌표; 음식점 자체 측량 좌표 아님
김밥명가_신시가지점,완산구 효자동,전북특별자치도 전주시 완산구 효자동2가 1155-2,전북특별자치도 전주시 완산구 홍산남로 50,063-284-2299,,,,unmatched_address,기존 주택 CSV의 건물 좌표; 음식점 자체 측량 좌표 아님
교촌치킨_효자점,완산구 효자동1가,전북특별자치도 전주시 완산구 효자동1가 652,전북특별자치도 전주시 완산구 거마평로 125,063-229-2992,,,,unmatched_address,기존 주택 CSV의 건물 좌표; 음식점 자체 측량 좌표 아님
아이라이크어스커피,완산구 효자동,전북특별자치도 전주시 완산구 효자동3가 1619-11 1층,전북특별자치도 전주시 완산구 문학대2길 21-4 1층,063-227-5746,127.1044592,35.82585551,효자5동,exact_road_building_match,기존 주택 CSV의 건물 좌표; 음식점 자체 측량 좌표 아님
옛날팥죽집,완산구 중화산동2가,전북특별자치도 전주시 완산구 중화산동2가 652,전북특별자치도 전주시 완산구 백제대로 276,063-226-2022,,,,unmatched_address,기존 주택 CSV의 건물 좌표; 음식점 자체 측량 좌표 아님
크라운호프_전주대점,완산구 효자동2가,전북특별자치도 전주시 완산구 효자동2가 1305-1,전북특별자치도 전주시 완산구 봉곡로 12,0507-1333-9825,127.0950168,35.81168715,효자4동,exact_road_building_match,기존 주택 CSV의 건물 좌표; 음식점 자체 측량 좌표 아님
즐거운심야식당_만성점,덕진구 혁신동,전북특별자치도 전주시 덕진구 만성동 1260-8 105호,전북특별자치도 전주시 덕진구 만성중앙로 54-40 105호,063-212-7578,,,,unmatched_address,기존 주택 CSV의 건물 좌표; 음식점 자체 측량 좌표 아님
모몽크,덕진구 혁신동,전북특별자치도 전주시 덕진구 혁신동 775-6,전북특별자치도 전주시 덕진구 오공로 43-22,063-229-0920,,,,unmatched_address,기존 주택 CSV의 건물 좌표; 음식점 자체 측량 좌표 아님
치마집_송천점,덕진구 송천동1가,전북특별자치도 전주시 덕진구 송천동1가 137-3,전북특별자치도 전주시 덕진구 솔내로 108,0507-1325-7392,,,,unmatched_address,기존 주택 CSV의 건물 좌표; 음식점 자체 측량 좌표 아님
동키치킨_서신점,완산구 서신동,전북특별자치도 전주시 완산구 서신동 761-1,전북특별자치도 전주시 완산구 온고을로 119-4,063-253-4121,,,,unmatched_address,기존 주택 CSV의 건물 좌표; 음식점 자체 측량 좌표 아님
우리할매떡볶이_전주서신점,완산구 서신동,전북특별자치도 전주시 완산구 서신동 763-1 115동 104호,전북특별자치도 전주시 완산구 당산로 27 115동 104호,063-255-5244,,,,unmatched_address,기존 주택 CSV의 건물 좌표; 음식점 자체 측량 좌표 아님
하펠,완산구 중화산동1가,전북특별자치도 전주시 완산구 중화산동1가 192-5,전북특별자치도 전주시 완산구 서원로 402-6,0507-1447-5550,,,,unmatched_address,기존 주택 CSV의 건물 좌표; 음식점 자체 측량 좌표 아님
계수나무,완산구 풍남동,전북특별자치도 전주시 완산구 경원동1가 115-5 1층,전북특별자치도 전주시 완산구 전동성당길 26 1층,0507-1390-5232,,,,unmatched_address,기존 주택 CSV의 건물 좌표; 음식점 자체 측량 좌표 아님
누룩꽃피는날_전주대점,완산구 효자4동,전북특별자치도 전주시 완산구 효자동2가 1307-5,전북특별자치도 전주시 완산구 후곡길 25,063-221-9695,127.0951957,35.81096482,효자4동,exact_road_building_match,기존 주택 CSV의 건물 좌표; 음식점 자체 측량 좌표 아님
꿀밤,덕진구 덕진동,전북특별자치도 전주시 덕진구 덕진동1가 1261-1,전북특별자치도 전주시 덕진구 명륜5길 14,0507-1419-5959,,,,unmatched_address,기존 주택 CSV의 건물 좌표; 음식점 자체 측량 좌표 아님
텐노쇼군,완산구 효자5동,전북특별자치도 전주시 완산구 효자동2가 1155-6 103~5호,전북특별자치도 전주시 완산구 홍산남로 60 103~5호,063-222-3615,,,,unmatched_address,기존 주택 CSV의 건물 좌표; 음식점 자체 측량 좌표 아님
이왕이면,완산구 중화산동,전북특별자치도 전주시 완산구 중화산동2가 744-6,전북특별자치도 전주시 완산구 유연로 290,063-902-6637,,,,unmatched_address,기존 주택 CSV의 건물 좌표; 음식점 자체 측량 좌표 아님
수니네감자탕부대찌개,덕진구 덕진동,전북특별자치도 전주시 덕진구 덕진동1가 1264-1 2층,전북특별자치도 전주시 덕진구 명륜3길 18 2층,063-273-3612,,,,unmatched_address,기존 주택 CSV의 건물 좌표; 음식점 자체 측량 좌표 아님
무궁화한정식,덕진구 덕진동,전북특별자치도 전주시 덕진구 덕진동2가 167-47,전북특별자치도 전주시 덕진구 권삼득로 436,063-271-3307,,,,unmatched_address,기존 주택 CSV의 건물 좌표; 음식점 자체 측량 좌표 아님
전통웰빙팥죽,완산구 서신동,전북특별자치도 전주시 완산구 서신동 786-3,전북특별자치도 전주시 완산구 감나무로 62-8,063-273-5388,127.1195752,35.83174936,서신동,exact_road_building_match,기존 주택 CSV의 건물 좌표; 음식점 자체 측량 좌표 아님
더벤티_전주아중점,덕진구 우아동2가,전북특별자치도 전주시 덕진구 우아동2가 904-8,전북특별자치도 전주시 덕진구 석소로 24,063-244-0758,,,,unmatched_address,기존 주택 CSV의 건물 좌표; 음식점 자체 측량 좌표 아님
현대옥_전주대평생교육원점,완산구 효자동2가,전북특별자치도 전주시 완산구 효자동2가 1312-1,전북특별자치도 전주시 완산구 후곡길 10,063-222-2623,,,,unmatched_address,기존 주택 CSV의 건물 좌표; 음식점 자체 측량 좌표 아님
이레부대찌개,완산구 효자동,전북특별자치도 전주시 완산구 효자동3가 1425-2,전북특별자치도 전주시 완산구 서곡3길 23-4,063-255-1442,,,,unmatched_address,기존 주택 CSV의 건물 좌표; 음식점 자체 측량 좌표 아님
이기자피순대,덕진구 송천동,전북특별자치도 전주시 덕진구 송천동1가 634-3,전북특별자치도 전주시 덕진구 송천3길 43,063-252-0660,,,,unmatched_address,기존 주택 CSV의 건물 좌표; 음식점 자체 측량 좌표 아님
웰미가_서신점,완산구 서신동,전북특별자치도 전주시 완산구 서신동 785-8 1층,전북특별자치도 전주시 완산구 감나무4길 22 1층,063-273-4567,,,,unmatched_address,기존 주택 CSV의 건물 좌표; 음식점 자체 측량 좌표 아님
기성이네,완산구 서신동,전북특별자치도 전주시 완산구 서신동 838,전북특별자치도 전주시 완산구 서신로 19,063-903-0822,,,,unmatched_address,기존 주택 CSV의 건물 좌표; 음식점 자체 측량 좌표 아님
두거리우신탕_본점,덕진구 송천동,전북특별자치도 전주시 덕진구 송천동2가 305-4,전북특별자치도 전주시 덕진구 동부대로 1106,063-277-8188,,,,unmatched_address,기존 주택 CSV의 건물 좌표; 음식점 자체 측량 좌표 아님
해궁,덕진구 송천1동,전북특별자치도 전주시 덕진구 송천동2가 492-11,전북특별자치도 전주시 덕진구 송천중앙로 235,063-275-1400,,,,unmatched_address,기존 주택 CSV의 건물 좌표; 음식점 자체 측량 좌표 아님
격포수산,완산구 효자5동,전북특별자치도 전주시 완산구 효자동2가 1159-3 1층,전북특별자치도 전주시 완산구 서원로 138 1층,063-236-8007,,,,unmatched_address,기존 주택 CSV의 건물 좌표; 음식점 자체 측량 좌표 아님
빈센트반고흐,완산구 고사동,전북특별자치도 전주시 완산구 고사동 66-5,전북특별자치도 전주시 완산구 전주객사5길 22-6,063-288-2189,,,,unmatched_address,기존 주택 CSV의 건물 좌표; 음식점 자체 측량 좌표 아님
해요,완산구 고사동,전북특별자치도 전주시 완산구 고사동 96-1 NCWAVE A동 3층,"전북특별자치도 전주시 완산구 전주객사5길 35, NCWAVE A동 3층",063-710-5130,,,,unmatched_address,기존 주택 CSV의 건물 좌표; 음식점 자체 측량 좌표 아님
파인땡큐,덕진구 덕진동,전북특별자치도 전주시 덕진구 덕진동1가 1314-170 1층,전북특별자치도 전주시 덕진구 명륜4길 20,063-273-0201,,,,unmatched_address,기존 주택 CSV의 건물 좌표; 음식점 자체 측량 좌표 아님
본가한가족감자탕,완산구 효자5동,전북특별자치도 전주시 완산구 효자동3가 1527-17 1층,전북특별자치도 전주시 완산구 홍산북로 45-20 1층,063-222-4288,,,,unmatched_address,기존 주택 CSV의 건물 좌표; 음식점 자체 측량 좌표 아님
리프,완산구 효자5동,전북특별자치도 전주시 완산구 효자동3가 1626-14 1층 리프커피,전북특별자치도 전주시 완산구 우전로 331,070-8814-1914,,,,unmatched_address,기존 주택 CSV의 건물 좌표; 음식점 자체 측량 좌표 아님
셀러드기념일,덕진구 송천동,전북특별자치도 전주시 덕진구 송천동2가 1348-32,전북특별자치도 전주시 덕진구 화암로 19,070-4038-2083,127.1398602,35.87304686,송천1동,exact_road_building_match,기존 주택 CSV의 건물 좌표; 음식점 자체 측량 좌표 아님
수제전주초코파이_한옥마을본점,완산구 풍남동,전북특별자치도 전주시 완산구 교동 271-5,전북특별자치도 전주시 완산구 태조로 35,063-288-2899,,,,unmatched_address,기존 주택 CSV의 건물 좌표; 음식점 자체 측량 좌표 아님
남원춘향골추어탕,덕진구 우아동2가,전북특별자치도 전주시 덕진구 우아동2가 865-2,"전북특별자치도 전주시 덕진구 진버들7길 5, 제1동 1층",063-246-7560,,,,unmatched_address,기존 주택 CSV의 건물 좌표; 음식점 자체 측량 좌표 아님
바른돈까스,완산구 효자5동,전북특별자치도 전주시 완산구 효자동2가 1157-1 105동 1층 148호,전북특별자치도 전주시 완산구 홍산1길 21 105동 1층 148호,063-221-0204,,,,unmatched_address,기존 주택 CSV의 건물 좌표; 음식점 자체 측량 좌표 아님
청춘,완산구 고사동,전북특별자치도 전주시 완산구 고사동 409-4 2층,전북특별자치도 전주시 완산구 전주객사4길 23-10 2층,063-286-8090,,,,unmatched_address,기존 주택 CSV의 건물 좌표; 음식점 자체 측량 좌표 아님
도가옥,덕진구 덕진동,전북특별자치도 전주시 덕진구 덕진동2가 167-204,전북특별자치도 전주시 덕진구 호반3길 8-4,063-275-9859,,,,unmatched_address,기존 주택 CSV의 건물 좌표; 음식점 자체 측량 좌표 아님
향토식당,덕진구 산정동,전북특별자치도 전주시 덕진구 산정동 873-2 1층 1동,"전북특별자치도 전주시 덕진구 산정1길 6, 1동 1층",063-244-0818,,,,unmatched_address,기존 주택 CSV의 건물 좌표; 음식점 자체 측량 좌표 아님
고진감래,덕진구 송천동,전북특별자치도 전주시 덕진구 송천동1가 811-4 1층,전북특별자치도 전주시 덕진구 두간로 60 1층,010-5873-7692,,,,unmatched_address,기존 주택 CSV의 건물 좌표; 음식점 자체 측량 좌표 아님
계륵사지_서신점,완산구 서신동,전북특별자치도 전주시 완산구 서신동 934-7,전북특별자치도 전주시 완산구 새터로 37,063-252-8292,127.1107117,35.83587506,서신동,exact_road_building_match,기존 주택 CSV의 건물 좌표; 음식점 자체 측량 좌표 아님
피자상회_아중점,덕진구 우아동2가,전북특별자치도 전주시 덕진구 우아동2가 909-9,전북특별자치도 전주시 덕진구 석소로 12,070-7543-8360,127.1698573,35.82865752,우아2동,exact_road_building_match,기존 주택 CSV의 건물 좌표; 음식점 자체 측량 좌표 아님
동경소바_본점,완산구 효자동1가,전북특별자치도 전주시 완산구 효자동1가 667-8,전북특별자치도 전주시 완산구 효자천변1길 26-29,063-909-1555,127.1147545,35.79907451,효자3동,exact_road_building_match,기존 주택 CSV의 건물 좌표; 음식점 자체 측량 좌표 아님
샘물맥주_객사점,완산구 고사동,전북특별자치도 전주시 완산구 고사동 450-6,전북특별자치도 전주시 완산구 전주객사2길 14,0507-1433-8234,,,,unmatched_address,기존 주택 CSV의 건물 좌표; 음식점 자체 측량 좌표 아님
본소바,완산구 효자동1가,전북특별자치도 전주시 완산구 효자동1가 687-2,전북특별자치도 전주시 완산구 안행7길 3,063-902-6367,,,,unmatched_address,기존 주택 CSV의 건물 좌표; 음식점 자체 측량 좌표 아님
산촌회관,완산구 효자동,전북특별자치도 전주시 완산구 효자동3가 1467-6,전북특별자치도 전주시 완산구 서곡4길 42-1,063-251-0933,127.1026911,35.83294814,효자5동,exact_road_building_match,기존 주택 CSV의 건물 좌표; 음식점 자체 측량 좌표 아님
배스킨라빈스_하가점,덕진구 덕진동,전북특별자치도 전주시 덕진구 덕진동2가 693-3 1동 1층 104-105호,"전북특별자치도 전주시 덕진구 가련산로 7, 1동 1층 104-105호",063-214-3131,,,,unmatched_address,기존 주택 CSV의 건물 좌표; 음식점 자체 측량 좌표 아님
어텀리브즈,완산구 다가동,전북특별자치도 전주시 완산구 다가동4가 129-2 2층,전북특별자치도 전주시 완산구 전주객사1길 91 2층,010-2816-6744,,,,unmatched_address,기존 주택 CSV의 건물 좌표; 음식점 자체 측량 좌표 아님
라붐데세르,완산구 효자동3가,전북특별자치도 전주시 완산구 효자동3가 1534-6,전북특별자치도 전주시 완산구 홍산남로 59,1800-1678,,,,unmatched_address,기존 주택 CSV의 건물 좌표; 음식점 자체 측량 좌표 아님
원참치,완산구 서신동,전북특별자치도 전주시 완산구 서신동 947-4,전북특별자치도 전주시 완산구 고사평로 15,063-228-3737,,,,unmatched_address,기존 주택 CSV의 건물 좌표; 음식점 자체 측량 좌표 아님
떡볶이참잘하는집_전주혁신점,덕진구 혁신동,전북특별자치도 전주시 덕진구 중동 776-3 105호,전북특별자치도 전주시 덕진구 오공로 33-14 105호,063-221-5876,,,,unmatched_address,기존 주택 CSV의 건물 좌표; 음식점 자체 측량 좌표 아님
남녀공학,덕진구 송천동,전북특별자치도 전주시 덕진구 송천동2가 1327-8 109호,전북특별자치도 전주시 덕진구 세병2길 31-7 109호,063-273-1357,,,,unmatched_address,기존 주택 CSV의 건물 좌표; 음식점 자체 측량 좌표 아님
한우마을정육식당,완산구 효자동,전북특별자치도 전주시 완산구 효자동 1가 451,전북특별자치도 전주시 완산구 거마평로 147-11,063-222-5288,,,,unmatched_address,기존 주택 CSV의 건물 좌표; 음식점 자체 측량 좌표 아님
공차_전주효자점,완산구 효자3동,전북특별자치도 전주시 완산구 효자동1가 443-2,전북특별자치도 전주시 완산구 용머리로 50,063-221-8008,,,,unmatched_address,기존 주택 CSV의 건물 좌표; 음식점 자체 측량 좌표 아님
홍루몽_에코시티점,덕진구 전미동1가,전북특별자치도 전주시 덕진구 전미동1가 565-29 1층,전북특별자치도 전주시 덕진구 과학로 173 1층,063-277-8838,,,,unmatched_address,기존 주택 CSV의 건물 좌표; 음식점 자체 측량 좌표 아님
아리가또맘마,완산구 효자5동,전북특별자치도 전주시 완산구 효자동2가 1227-2,전북특별자치도 전주시 완산구 홍산북로 11-3,063-228-8938,,,,unmatched_address,기존 주택 CSV의 건물 좌표; 음식점 자체 측량 좌표 아님
금암면옥,완산구 효자동,전북특별자치도 전주시 완산구 효자동2가  1155-10,전북특별자치도 전주시 완산구 홍산중앙로 13,063-274-7000,,,,unmatched_address,기존 주택 CSV의 건물 좌표; 음식점 자체 측량 좌표 아님
청하우스with수제청만드는언니,완산구 중화산동,전북특별자치도 전주시 완산구 중화산동2가 654-9 1층,전북특별자치도 전주시 완산구 영경2길 10 1층,0507-1322-9438,,,,unmatched_address,기존 주택 CSV의 건물 좌표; 음식점 자체 측량 좌표 아님
범프리카인생치킨_완산점,완산구 효자동2가,전북특별자치도 전주시 완산구 효자동2가 1308-7,"전북특별자치도 전주시 완산구 후곡길 11-18, 1층",063-227-7089,127.0952398,35.80972321,효자4동,exact_road_building_match,기존 주택 CSV의 건물 좌표; 음식점 자체 측량 좌표 아님
놋뜰민속마당,덕진구 송천2동,전북특별자치도 전주시 덕진구 송천동2가 558-2,전북특별자치도 전주시 덕진구 와룡1길 11-5,063-277-7191,,,,unmatched_address,기존 주택 CSV의 건물 좌표; 음식점 자체 측량 좌표 아님
송연포차,완산구 효자5동,전북특별자치도 전주시 완산구 효자동3가 1663-10,전북특별자치도 전주시 완산구 마전들로 41,063-222-3682,,,,unmatched_address,기존 주택 CSV의 건물 좌표; 음식점 자체 측량 좌표 아님
어코드,완산구 중화산동2가,전북특별자치도 전주시 완산구 중화산동2가 751-5,전북특별자치도 전주시 완산구 화산천변3길 4,없음,,,,unmatched_address,기존 주택 CSV의 건물 좌표; 음식점 자체 측량 좌표 아님
우주라이크커피_전주에코시티점,덕진구 송천동,전북특별자치도 전주시 덕진구 송천동 2가 1326-12,전북특별자치도 전주시 덕진구 세병남로 37,063-255-2665,,,,unmatched_address,기존 주택 CSV의 건물 좌표; 음식점 자체 측량 좌표 아님
청담이상_만성혁신점,덕진구 만성동,"전북특별자치도 전주시 덕진구 만성동 1262-10 111, 204, 205호","전북특별자치도 전주시 덕진구 만성중앙로 54-47 111, 204, 205호","0507-1325-2331, 063-212-9283",,,,unmatched_address,기존 주택 CSV의 건물 좌표; 음식점 자체 측량 좌표 아님
더리터_태평점,완산구 태평동,전북특별자치도 전주시 완산구 태평동 243-12,전북특별자치도 전주시 완산구 공북로 55,010-8193-5858,,,,unmatched_address,기존 주택 CSV의 건물 좌표; 음식점 자체 측량 좌표 아님
우박집_전주동문점,완산구 풍남동,전북특별자치도 전주시 완산구 경원동1가 17-1,전북특별자치도 전주시 완산구 동문길 112,063-288-3335,,,,unmatched_address,기존 주택 CSV의 건물 좌표; 음식점 자체 측량 좌표 아님
꽃마름_전북도청점,완산구 효자동,전북특별자치도 전주시 완산구 효자동2가 1228-7 2층,전북특별자치도 전주시 완산구 효자로 178 2층,063-226-4992,,,,unmatched_address,기존 주택 CSV의 건물 좌표; 음식점 자체 측량 좌표 아님
태화춘,덕진구 덕진동,전북특별자치도 전주시 덕진구 덕진동2가 659-2,전북특별자치도 전주시 덕진구 추탄로 68,063-253-5111,,,,unmatched_address,기존 주택 CSV의 건물 좌표; 음식점 자체 측량 좌표 아님
ST이태원,완산구 중화산동,전북특별자치도 전주시 완산구 중화산동2가 776-10,전북특별자치도 전주시 완산구 신촌4길 6-9,063-225-3384,127.1173286,35.81863761,중화산2동,exact_road_building_match,기존 주택 CSV의 건물 좌표; 음식점 자체 측량 좌표 아님
컬러인커피_심플스탠다드문학점,완산구 효자5동,전북특별자치도 전주시 완산구 효자동3가 1616-5 무궁화빌라 1층,전북특별자치도 전주시 완산구 문학대5길 30 무궁화빌라 1층,063-229-9200,127.1051252,35.82709867,효자5동,exact_road_building_match,기존 주택 CSV의 건물 좌표; 음식점 자체 측량 좌표 아님
목우촌감자탕,덕진구 산정동,전북특별자치도 전주시 덕진구 산정동 853-5,전북특별자치도 전주시 덕진구 안덕원로 375,063-245-9779,,,,unmatched_address,기존 주택 CSV의 건물 좌표; 음식점 자체 측량 좌표 아님
곰초밥,완산구 중앙동1가,전북특별자치도 전주시 완산구 중앙동1가 48-1,전북특별자치도 전주시 완산구 전라감영2길 28-21,070-7767-1231,,,,unmatched_address,기존 주택 CSV의 건물 좌표; 음식점 자체 측량 좌표 아님
컵오브조,덕진구 우아동3가,전북특별자치도 전주시 덕진구 우아동3가 752-46 1층,전북특별자치도 전주시 덕진구 백제대로 826 1층,0507-1399-2464,,,,unmatched_address,기존 주택 CSV의 건물 좌표; 음식점 자체 측량 좌표 아님
1250,완산구 효자4동,전북특별자치도 전주시 완산구 효자동2가 1309-2 1층,전북특별자치도 전주시 완산구 후곡길 21 1층 1250,0507-1349-2596,127.0953432,35.81060537,효자4동,exact_road_building_match,기존 주택 CSV의 건물 좌표; 음식점 자체 측량 좌표 아님
크라운호프_효자1호점,완산구 효자동3가,전북특별자치도 전주시 완산구 효자동3가 1667-7,전북특별자치도 전주시 완산구 마전들로 55,063-224-7982,,,,unmatched_address,기존 주택 CSV의 건물 좌표; 음식점 자체 측량 좌표 아님
강릉교동짬뽕,완산구 효자5동,전북특별자치도 전주시 완산구 효자동3가 1647-6,전북특별자치도 전주시 완산구 마전2길 11-8,063-223-9997,,,,unmatched_address,기존 주택 CSV의 건물 좌표; 음식점 자체 측량 좌표 아님
전주제일옥,덕진구 송천동,전북특별자치도 전주시 덕진구 송천동1가 342,전북특별자치도 전주시 덕진구 송천로 1,063-275-1991,,,,unmatched_address,기존 주택 CSV의 건물 좌표; 음식점 자체 측량 좌표 아님
스타벅스_전북대점,덕진구 덕진동1가,전북특별자치도 전주시 덕진구 덕진동1가 1263-3,전북특별자치도 전주시 덕진구 명륜4길 12,1522-3232,,,,unmatched_address,기존 주택 CSV의 건물 좌표; 음식점 자체 측량 좌표 아님
불로만치킨바베큐_서신점,완산구 서신동,전북특별자치도 전주시 완산구 서신동 962-2 중흥아파트,전북특별자치도 전주시 완산구 새터로 78 중흥아파트,063-277-9289,,,,unmatched_address,기존 주택 CSV의 건물 좌표; 음식점 자체 측량 좌표 아님
동창갈비_중화산점,완산구 중화산동2가,전북특별자치도 전주시 완산구 중화산동2가 762-12,전북특별자치도 전주시 완산구 화산천변3길 9,063-229-9211,,,,unmatched_address,기존 주택 CSV의 건물 좌표; 음식점 자체 측량 좌표 아님
하서방해물칼국수,완산구 효자동1가,전북특별자치도 전주시 완산구 효자동1가 145-3,전북특별자치도 전주시 완산구 용머리로 170,063-221-8816,,,,unmatched_address,기존 주택 CSV의 건물 좌표; 음식점 자체 측량 좌표 아님
오원집_혁신점,덕진구 혁신동,전북특별자치도 전주시 덕진구 중동 776-11,전북특별자치도 전주시 덕진구 오공로 43-7,0504-2015-0982,,,,unmatched_address,기존 주택 CSV의 건물 좌표; 음식점 자체 측량 좌표 아님
은여우두마리치킨_효자본점,완산구 효자동2가,전북특별자치도 전주시 완산구 효자동2가 1252-2,전북특별자치도 전주시 완산구 우전로 207,063-221-9252,,,,unmatched_address,기존 주택 CSV의 건물 좌표; 음식점 자체 측량 좌표 아님
봉명동내커피_전주효자점,완산구 효자동,전북특별자치도 전주시 완산구 효자동2가 1158-4 1층,전북특별자치도 전주시 완산구 범안2길 6-1,063-224-4789,127.1083631,35.81336104,효자4동,exact_road_building_match,기존 주택 CSV의 건물 좌표; 음식점 자체 측량 좌표 아님
완이네연탄구이,완산구 효자동,전북특별자치도 전주시 완산구 효자동3가 1457-12,전북특별자치도 전주시 완산구 서곡1길 5-3,063-271-1130,,,,unmatched_address,기존 주택 CSV의 건물 좌표; 음식점 자체 측량 좌표 아님
온고을막창_중화산점,완산구 중화산동2가,전북특별자치도 전주시 완산구 중화산동2가 186-28,전북특별자치도 전주시 완산구 한두평4길 18-1,063-225-8626,,,,unmatched_address,기존 주택 CSV의 건물 좌표; 음식점 자체 측량 좌표 아님
너를닮아,완산구 효자5동,전북특별자치도 전주시 완산구 효자동3가  1672-5,전북특별자치도 전주시 완산구 배학4길 9-3,063-223-3428,127.0977798,35.82023483,효자5동,exact_road_building_match,기존 주택 CSV의 건물 좌표; 음식점 자체 측량 좌표 아님
정가옥,완산구 서신동,전북특별자치도 전주시 완산구 서신동 995-1 1층 7호,전북특별자치도 전주시 완산구 백제대로 377 107호,063-273-7555,,,,unmatched_address,기존 주택 CSV의 건물 좌표; 음식점 자체 측량 좌표 아님
짱그미김밥,완산구 효자5동,전북특별자치도 전주시 완산구 효자동3가 1669-4,전북특별자치도 전주시 완산구 마전들로 19,063-228-1634,127.097642,35.82120245,효자5동,exact_road_building_match,기존 주택 CSV의 건물 좌표; 음식점 자체 측량 좌표 아님
영등동골목길,완산구 효자5동,전북특별자치도 전주시 완산구 효자동3가 1630-4 1층,전북특별자치도 전주시 완산구 마전3길 2 1층,010-4524-5904,,,,unmatched_address,기존 주택 CSV의 건물 좌표; 음식점 자체 측량 좌표 아님
롯데리아_전주고사점,완산구 고사동,전북특별자치도 전주시 완산구 고사동 63,전북특별자치도 전주시 완산구 전주객사5길 22-3,063-285-0127,,,,unmatched_address,기존 주택 CSV의 건물 좌표; 음식점 자체 측량 좌표 아님
장군닭발_송천점,덕진구 송천2동,전북특별자치도 전주시 덕진구 송천동2가 523-24,전북특별자치도 전주시 덕진구 붓내3길 13,063-277-1204,,,,unmatched_address,기존 주택 CSV의 건물 좌표; 음식점 자체 측량 좌표 아님
간이역중화산점,완산구 중화산동,전북특별자치도 전주시 완산구 중화산동2가 28-3,전북특별자치도 전주시 완산구 서원로 318,063-284-6464,,,,unmatched_address,기존 주택 CSV의 건물 좌표; 음식점 자체 측량 좌표 아님
카페_드_오즈,완산구 중화산동2가,전북특별자치도 전주시 완산구 중화산동2가 261-13,전북특별자치도 전주시 완산구 백제대로332,063-225-9256,,,,unmatched_address,기존 주택 CSV의 건물 좌표; 음식점 자체 측량 좌표 아님
예찬이한식뷔페,완산구 중화산동2가,전북특별자치도 전주시 완산구 중화산동2가 540-4 1층,전북특별자치도 전주시 완산구 따박골로 53 1층,010-7447-2355,,,,unmatched_address,기존 주택 CSV의 건물 좌표; 음식점 자체 측량 좌표 아님
도제_롯데전주점,완산구 서신동,전북특별자치도 전주시 완산구 서신동 971,전북특별자치도 전주시 완산구 온고을로 2,010-8821-9649,,,,unmatched_address,기존 주택 CSV의 건물 좌표; 음식점 자체 측량 좌표 아님
산아가든,완산구 효자5동,전북특별자치도 전주시 완산구 상림동 38-1,전북특별자치도 전주시 완산구 방마길 8,063-221-8935,,,,unmatched_address,기존 주택 CSV의 건물 좌표; 음식점 자체 측량 좌표 아님
옛촌막걸리_서신본점,완산구 서신동,전북특별자치도 전주시 완산구 서신동 843-16,전북특별자치도 전주시 완산구 서신천변로 11,063-272-9992,127.1140691,35.82635139,서신동,exact_road_building_match,기존 주택 CSV의 건물 좌표; 음식점 자체 측량 좌표 아님
알로하버거,완산구 경원동3가,전북특별자치도 전주시 완산구 경원동3가 35-12,전북특별자치도 전주시 완산구 팔달로 212,0507-1429-8314,,,,unmatched_address,기존 주택 CSV의 건물 좌표; 음식점 자체 측량 좌표 아님
지금여기,완산구 중화산동,전북특별자치도 전주시 완산구 중화산동2가 738-8,전북특별자치도 전주시 완산구 메너머3길 20,010-2469-5445,,,,unmatched_address,기존 주택 CSV의 건물 좌표; 음식점 자체 측량 좌표 아님
엘가,완산구 서신동,전북특별자치도 전주시 완산구 서신동 941-2 1층,전북특별자치도 전주시 완산구 고사평3길 21-2 1층,0507-1315-6948,127.1074102,35.83646415,서신동,exact_road_building_match,기존 주택 CSV의 건물 좌표; 음식점 자체 측량 좌표 아님
스시요헤이,완산구 효자동3가,전북특별자치도 전주시 완산구 효자동3가 1667-6,전북특별자치도 전주시 완산구 우전로 299,063-221-9500,,,,unmatched_address,기존 주택 CSV의 건물 좌표; 음식점 자체 측량 좌표 아님
원평시골피순대_중화산점,완산구 효자동,전북특별자치도 전주시 완산구 중화산동2가 247-12,전북특별자치도 전주시 완산구 백제대로 292,063-222-6948,,,,unmatched_address,기존 주택 CSV의 건물 좌표; 음식점 자체 측량 좌표 아님
목우촌_골목식당,완산구 서신동,전북특별자치도 전주시 완산구 서신동 835,전북특별자치도 전주시 완산구 안터2길 39,063-277-5517,127.1162981,35.82813699,서신동,exact_road_building_match,기존 주택 CSV의 건물 좌표; 음식점 자체 측량 좌표 아님
낮밥밤술,완산구 서신동,전북특별자치도 전주시 완산구 서신동 925-5,전북특별자치도 전주시 완산구 고사평로 29,063-275-9070,127.1098575,35.83668365,서신동,exact_road_building_match,기존 주택 CSV의 건물 좌표; 음식점 자체 측량 좌표 아님
호반정육식당,덕진구 덕진동,전북특별자치도 전주시 덕진구 덕진동2가 78,전북특별자치도 전주시 덕진구 기린대로 608,063-271-9204,,,,unmatched_address,기존 주택 CSV의 건물 좌표; 음식점 자체 측량 좌표 아님
교촌치킨_중앙점,완산구 고사동,전북특별자치도 전주시 완산구 고사동 470-3,전북특별자치도 전주시 완산구 전주객사3길 35,063-282-9123,,,,unmatched_address,기존 주택 CSV의 건물 좌표; 음식점 자체 측량 좌표 아님
맛찬들왕소금구이_전주혁신도시점,덕진구 혁신동,전북특별자치도 전주시 덕진구 장동 1093-2 나인빌딩 1층,전북특별자치도 전주시 덕진구 중동로 104-14 나인빌딩 1층,063-212-6692,,,,unmatched_address,기존 주택 CSV의 건물 좌표; 음식점 자체 측량 좌표 아님
덕담골유황청둥오리_전주점,완산구 서신동,전북특별자치도 전주시 완산구 서신동 957-6,전북특별자치도 전주시 완산구 고사평1길 3,063-255-5250,127.1090515,35.83452064,서신동,exact_road_building_match,기존 주택 CSV의 건물 좌표; 음식점 자체 측량 좌표 아님
성찬우동,덕진구 혁신동,전북특별자치도 전주시 덕진구 장동 1111,전북특별자치도 전주시 덕진구 기지로 77,063-236-7299,,,,unmatched_address,기존 주택 CSV의 건물 좌표; 음식점 자체 측량 좌표 아님
산아래,덕진구 우아동1가,전북특별자치도 전주시 덕진구 우아동1가 128,전북특별자치도 전주시 덕진구 재전길 23-2,063-242-0108,,,,unmatched_address,기존 주택 CSV의 건물 좌표; 음식점 자체 측량 좌표 아님
묘향산가마솥삼겹살,완산구 중화산동,전북특별자치도 전주시 완산구 중화산동2가 656-10,전북특별자치도 전주시 완산구 어은로 11,063-236-3592,,,,unmatched_address,기존 주택 CSV의 건물 좌표; 음식점 자체 측량 좌표 아님
윤가네감자탕,완산구 중화산동2가,전북특별자치도 전주시 완산구 중화산동2가 633,전북특별자치도 전주시 완산구 중산2길 15-7,063-229-5392,,,,unmatched_address,기존 주택 CSV의 건물 좌표; 음식점 자체 측량 좌표 아님
가장맛있는족발_전주도청점,완산구 효자동3가,전북특별자치도 전주시 완산구 효자동3가 1538-4,전북특별자치도 전주시 완산구 홍산북로 84-22,063-226-5849,,,,unmatched_address,기존 주택 CSV의 건물 좌표; 음식점 자체 측량 좌표 아님
길손네,덕진구 덕진동,전북특별자치도 전주시 덕진구 덕진동1가 664-25,전북특별자치도 전주시 덕진구 권삼득로 321,063-271-6453,,,,unmatched_address,기존 주택 CSV의 건물 좌표; 음식점 자체 측량 좌표 아님
민속광장,덕진구 덕진동,전북특별자치도 전주시 덕진구 덕진동1가 1276-1,전북특별자치도 전주시 덕진구 덕진광장로 8,063-272-3773,,,,unmatched_address,기존 주택 CSV의 건물 좌표; 음식점 자체 측량 좌표 아님
짬뽕의맛,완산구 중화산동2가,전북특별자치도 전주시 완산구 중화산동2가 654 1층,전북특별자치도 전주시 완산구 영경1길 14 1층,0507-1439-8584,,,,unmatched_address,기존 주택 CSV의 건물 좌표; 음식점 자체 측량 좌표 아님
송천해물탕,덕진구 송천1동,전북특별자치도 전주시 덕진구 송천동2가 249-1,전북특별자치도 전주시 덕진구 붓내3길 17-9,063-252-5737,,,,unmatched_address,기존 주택 CSV의 건물 좌표; 음식점 자체 측량 좌표 아님
BHC치킨_송천점,덕진구 송천동,전북특별자치도 전주시 덕진구 송천동1가 836-3,전북특별자치도 전주시 완산구 송천로 111,0503-3142-1084,,,,unmatched_address,기존 주택 CSV의 건물 좌표; 음식점 자체 측량 좌표 아님
두둠,완산구 효자5동,전북특별자치도 전주시 완산구 효자동2가 1230-6 104호,전북특별자치도 전주시 완산구 홍산북로 19 104호,063-222-9592,,,,unmatched_address,기존 주택 CSV의 건물 좌표; 음식점 자체 측량 좌표 아님
매드헝그리,완산구 효자5동,전북특별자치도 전주시 완산구 효자동3가 1536-1 암빌딩 6층,전북특별자치도 전주시 완산구 홍산중앙로 42,063-237-3618,,,,unmatched_address,기존 주택 CSV의 건물 좌표; 음식점 자체 측량 좌표 아님
블레스롤_전주에코시티점,덕진구 송천1동,전북특별자치도 전주시 덕진구 송천동2가 1327-6 베스트타워 주1동,"전북특별자치도 전주시 덕진구 세병1길 36, 베스트타워 주1동 1층 105호, 106호",0507-1315-9991,,,,unmatched_address,기존 주택 CSV의 건물 좌표; 음식점 자체 측량 좌표 아님
에그존앤샌드_전주효자점,완산구 효자5동,전북특별자치도 전주시 완산구 효자동2가 1157-4,전북특별자치도 전주시 완산구 홍산1길 7,063-226-2982,,,,unmatched_address,기존 주택 CSV의 건물 좌표; 음식점 자체 측량 좌표 아님
청학동들깨요리,완산구 중화산동,전북특별자치도 전주시 완산구 중화산동2가 646-2,전북특별자치도 전주시 완산구 백제대로 231,063-226-9114,,,,unmatched_address,기존 주택 CSV의 건물 좌표; 음식점 자체 측량 좌표 아님
신초밥,완산구 효자5동,전북특별자치도 전주시 완산구 효자동3가 1661-7,전북특별자치도 전주시 완산구 척동1길 12,063-222-1431,127.0987839,35.8214417,효자5동,exact_road_building_match,기존 주택 CSV의 건물 좌표; 음식점 자체 측량 좌표 아님
송천동짜장나라,덕진구 송천1동,전북특별자치도 전주시 덕진구 송천동1가 819-8,전북특별자치도 전주시 덕진구 용소로 89,063-278-5144,,,,unmatched_address,기존 주택 CSV의 건물 좌표; 음식점 자체 측량 좌표 아님
공룡슈퍼_전주신시가지점,완산구 효자동,전북특별자치도 전주시 완산구 효자동3가 1535-2,전북특별자치도 전주시 완산구 홍산중앙로 39,0507-1348-5842,,,,unmatched_address,기존 주택 CSV의 건물 좌표; 음식점 자체 측량 좌표 아님
찌개랑_백반,덕진구 덕진동,전북특별자치도 전주시 덕진구 덕진동1가 1262-6 2층,전북특별자치도 전주시 덕진구 명륜4길 11-7 2층,063-254-2923,,,,unmatched_address,기존 주택 CSV의 건물 좌표; 음식점 자체 측량 좌표 아님
태조로39,완산구 풍남동,전북특별자치도 전주시 완산구 교동  274-2,전북특별자치도 전주시 완산구 태조로 39,010-5100-5421,,,,unmatched_address,기존 주택 CSV의 건물 좌표; 음식점 자체 측량 좌표 아님
장수버섯마을,완산구 중화산동2가,전북특별자치도 전주시 완산구 중화산동2가 238-1,전북특별자치도 전주시 완산구 영경1길 15,063-227-8184,,,,unmatched_address,기존 주택 CSV의 건물 좌표; 음식점 자체 측량 좌표 아님
정이품곱창,완산구 중화산동2가,전북특별자치도 전주시 완산구 중화산동2가 779-4,전북특별자치도 전주시 완산구 신촌3길 6-4,063-236-8592,,,,unmatched_address,기존 주택 CSV의 건물 좌표; 음식점 자체 측량 좌표 아님
통큰소갈비살,완산구 서신동,전북특별자치도 전주시 완산구 서신동  926-8,전북특별자치도 전주시 완산구 고사평로 30,063-251-9909,127.1100888,35.83657618,서신동,exact_road_building_match,기존 주택 CSV의 건물 좌표; 음식점 자체 측량 좌표 아님
고기오_우아점,덕진구 우아동2가,전북특별자치도 전주시 덕진구 우아동1가 1089-1,전북특별자치도 전주시 덕진구 아중로 208,063-241-5259,,,,unmatched_address,기존 주택 CSV의 건물 좌표; 음식점 자체 측량 좌표 아님
송정원,완산구 풍남동,전북특별자치도 전주시 완산구 풍남동1가 55-3,전북특별자치도 전주시 완산구 은행로 20-1,063-284-5569,,,,unmatched_address,기존 주택 CSV의 건물 좌표; 음식점 자체 측량 좌표 아님
주인공,완산구 효자동,전북특별자치도 전주시 완산구 효자동3가 1645-7 2층,전북특별자치도 전주시 완산구 마전로 7 2층,0507-1410-2095,,,,unmatched_address,기존 주택 CSV의 건물 좌표; 음식점 자체 측량 좌표 아님
콩나루콩나물국밥_서곡점,완산구 효자동,전북특별자치도 전주시 완산구 효자동3가 1447-5,전북특별자치도 전주시 완산구 서곡1길 23-10,063-273-9101,127.0982588,35.83520346,효자5동,exact_road_building_match,기존 주택 CSV의 건물 좌표; 음식점 자체 측량 좌표 아님
남문할매콩나물,덕진구 우아1동,전북특별자치도 전주시 덕진구 우아동3가 747-66,전북특별자치도 전주시 덕진구 백제대로 803,063-244-6489,,,,unmatched_address,기존 주택 CSV의 건물 좌표; 음식점 자체 측량 좌표 아님
커피발전소엘오지,덕진구 덕진동,전북특별자치도 전주시 덕진구 덕진동1가 1314-120,전북특별자치도 전주시 덕진구 권삼득로 379,063-276-7055,,,,unmatched_address,기존 주택 CSV의 건물 좌표; 음식점 자체 측량 좌표 아님
카페_뉴웨이브,완산구 효자5동,전북특별자치도 전주시 완산구 효자동3가 1250-19,전북특별자치도 전주시 완산구 천잠로 259-12,063-278-1425,,,,unmatched_address,기존 주택 CSV의 건물 좌표; 음식점 자체 측량 좌표 아님
놀부보쌈앤부대찌개_전주덕진점,덕진구 덕진동,전북특별자치도 전주시 덕진구 덕진동2가 681-4 2층놀부,전북특별자치도 전주시 덕진구 가련산로 25,063-255-5539,,,,unmatched_address,기존 주택 CSV의 건물 좌표; 음식점 자체 측량 좌표 아님
명륜진사갈비_전주고사점,완산구 고사동,전북특별자치도 전주시 완산구 고사동 186,전북특별자치도 전주시 완산구 전주객사4길 74-50,063-283-9288,,,,unmatched_address,기존 주택 CSV의 건물 좌표; 음식점 자체 측량 좌표 아님
비풀,완산구 서신동,전북특별자치도 전주시 완산구 서신동 847-1 1층,전북특별자치도 전주시 완산구 서신천변로 18,063-714-3603,,,,unmatched_address,기존 주택 CSV의 건물 좌표; 음식점 자체 측량 좌표 아님
호천당_신시가지점,완산구 효자동2가,전북특별자치도 전주시 완산구 효자동2가 1155-5,전북특별자치도 전주시 완산구 홍산남로 56,0507-1427-5955,,,,unmatched_address,기존 주택 CSV의 건물 좌표; 음식점 자체 측량 좌표 아님
코끼리가반한와플앤커피_효자점,완산구 효자동,전북특별자치도 전주시 완산구 효자동2가 1313-7,전북특별자치도 전주시 완산구 호암로 19,063-236-3019,,,,unmatched_address,기존 주택 CSV의 건물 좌표; 음식점 자체 측량 좌표 아님
밥풀_전주대점,완산구 효자동3가,전북특별자치도 전주시 완산구 효자동3가 1184-3,전북특별자치도 전주시 완산구 백마산길 21,063-223-6523,,,,unmatched_address,기존 주택 CSV의 건물 좌표; 음식점 자체 측량 좌표 아님
장미맨숀_아중점,덕진구 우아동2가,전북특별자치도 전주시 덕진구 우아동2가 927-4 1층,전북특별자치도 전주시 덕진구 아중중앙로 8 1층,0507-1301-5783,,,,unmatched_address,기존 주택 CSV의 건물 좌표; 음식점 자체 측량 좌표 아님
가야뒷고기,덕진구 우아동2가,전북특별자치도 전주시 덕진구 우아동2가 914-4,전북특별자치도 전주시 덕진구 아중 중앙로 11,063-242-1621,,,,unmatched_address,기존 주택 CSV의 건물 좌표; 음식점 자체 측량 좌표 아님
황제삼겹살전문점,완산구 중화산동2가,전북특별자치도 전주시 완산구 중화산동2가  662-6,전북특별자치도 전주시 완산구 한두평2길 13-4,063-221-7630,,,,unmatched_address,기존 주택 CSV의 건물 좌표; 음식점 자체 측량 좌표 아님
청주본가_전주점,덕진구 송천1동,전북특별자치도 전주시 덕진구 송천동1가 114-12 1층,전북특별자치도 전주시 덕진구 솔내8길 15 1층,063-254-9199,,,,unmatched_address,기존 주택 CSV의 건물 좌표; 음식점 자체 측량 좌표 아님
본죽&비빔밥cafe_전북도청점,완산구 효자5동,전북특별자치도 전주시 완산구 효자동3가 1534-1,전북특별자치도 전주시 완산구 홍산남로 45,063-276-6288,,,,unmatched_address,기존 주택 CSV의 건물 좌표; 음식점 자체 측량 좌표 아님
차미경꽃게이야기,완산구 효자5동,전북특별자치도 전주시 완산구 효자동3가 1528-3 1층,전북특별자치도 전주시 완산구 홍산4길 10 1층,063-222-7289,,,,unmatched_address,기존 주택 CSV의 건물 좌표; 음식점 자체 측량 좌표 아님
더리얼커피앤쥬스,덕진구 송천동1가,전북특별자치도 전주시 덕진구 송천동1가 879,전북특별자치도 전주시 덕진구 오송1길 37-17,063-272-5824,,,,unmatched_address,기존 주택 CSV의 건물 좌표; 음식점 자체 측량 좌표 아님
팔공티,완산구 고사동,전북특별자치도 전주시 완산구 고사동 192-1,전북특별자치도 전주시 완산구 전주객사4길 44-29,063-232-2777,,,,unmatched_address,기존 주택 CSV의 건물 좌표; 음식점 자체 측량 좌표 아님
서울숯불갈비,완산구 서신동,전북특별자치도 전주시 완산구 서신동 818-6,전북특별자치도 전주시 완산구 서신천변13길 3,063-277-3222,127.1139279,35.83042918,서신동,exact_road_building_match,기존 주택 CSV의 건물 좌표; 음식점 자체 측량 좌표 아님
참바다세꼬시,완산구 중화산동2가,전북특별자치도 전주시 완산구 중화산동2가 782-8,전북특별자치도 전주시 완산구 신촌4길 15,063-909-1919,127.1164907,35.81773158,중화산2동,exact_road_building_match,기존 주택 CSV의 건물 좌표; 음식점 자체 측량 좌표 아님
간보는남자,완산구 효자5동,전북특별자치도 전주시 완산구 효자동3가 1435-3,전북특별자치도 전주시 완산구 서곡로 73-1,0507-1309-4835,127.1013788,35.83551144,효자5동,exact_road_building_match,기존 주택 CSV의 건물 좌표; 음식점 자체 측량 좌표 아님
조개꽃천지_송천점,덕진구 송천동,전북특별자치도 전주시 덕진구 송천동1가 811-3,전북특별자치도 전주시 덕진구 두간로 58,063-272-8592,,,,unmatched_address,기존 주택 CSV의 건물 좌표; 음식점 자체 측량 좌표 아님
크라운호프_전주전북대점,덕진구 덕진동,전북특별자치도 전주시 덕진구 덕진동1가 1312-7 1층,전북특별자치도 전주시 덕진구 덕진광장로 24 1층,063-273-6300,,,,unmatched_address,기존 주택 CSV의 건물 좌표; 음식점 자체 측량 좌표 아님
성전세꼬시,완산구 효자5동,전북특별자치도 전주시 완산구 효자동3가 1696-11,전북특별자치도 전주시 완산구 석산2길 17-9,063-222-2414,,,,unmatched_address,기존 주택 CSV의 건물 좌표; 음식점 자체 측량 좌표 아님
유화당,덕진구 덕진동,전북특별자치도 전주시 덕진구 덕진동2가 667-2 1층,전북특별자치도 전주시 덕진구 추탄로 48 1층,063-252-5189,,,,unmatched_address,기존 주택 CSV의 건물 좌표; 음식점 자체 측량 좌표 아님
춘천숯불닭갈비,완산구 중화산동2가,전북특별자치도 전주시 완산구 중화산동2가 596-9,전북특별자치도 전주시 완산구 중산중앙로 35,0504-0544-4600,,,,unmatched_address,기존 주택 CSV의 건물 좌표; 음식점 자체 측량 좌표 아님
족발야시장_중화산점,완산구 중화산동,전북특별자치도 전주시 완산구 중화산동2가 770-6,전북특별자치도 전주시 완산구 중화산로 91,063-227-4969,,,,unmatched_address,기존 주택 CSV의 건물 좌표; 음식점 자체 측량 좌표 아님
건지포차,덕진구 덕진동,전북특별자치도 전주시 덕진구 덕진동1가  1262-6 1층,전북특별자치도 전주시 덕진구 명륜4길 11-7,010-4785-7718,,,,unmatched_address,기존 주택 CSV의 건물 좌표; 음식점 자체 측량 좌표 아님
이지비부대찌개_서신점,완산구 서신동,전북특별자치도 전주시 완산구 서신동 802-11,전북특별자치도 전주시 완산구 서신천변13길 4,0507-1359-2080,127.1138972,35.83061198,서신동,exact_road_building_match,기존 주택 CSV의 건물 좌표; 음식점 자체 측량 좌표 아님
차린,완산구 효자5동,전북특별자치도 전주시 완산구 효자동2가 1377-2 2층,전북특별자치도 전주시 완산구 효천중앙로 55 2층,063-229-8292,,,,unmatched_address,기존 주택 CSV의 건물 좌표; 음식점 자체 측량 좌표 아님
꽃다미,덕진구 덕진동,전북특별자치도 전주시 덕진구 덕진동2가 661-6 꽃다미,전북특별자치도 전주시 덕진구 가리내4길 17 꽃다미,0507-1314-6934,127.1097467,35.84609864,덕진동,exact_road_building_match,기존 주택 CSV의 건물 좌표; 음식점 자체 측량 좌표 아님
커피쿡_전주서신점,완산구 서신동,전북특별자치도 전주시 완산구 서신동 764-1,전북특별자치도 전주시 완산구 당산로 61,063-272-5999,,,,unmatched_address,기존 주택 CSV의 건물 좌표; 음식점 자체 측량 좌표 아님
다가초밥_객리단길점,완산구 다가동,전북특별자치도 전주시 완산구 다가동3가 40,"전북특별자치도 전주시 완산구 전주객사1길 36, 1층",063-231-3773,,,,unmatched_address,기존 주택 CSV의 건물 좌표; 음식점 자체 측량 좌표 아님
어머니밥상,완산구 효자동,전북특별자치도 전주시 완산구 효자동1가 564-4,전북특별자치도 전주시 완산구 성지산로 67,063-277-4545,,,,unmatched_address,기존 주택 CSV의 건물 좌표; 음식점 자체 측량 좌표 아님
빽다방_전주대점,완산구 효자4동,전북특별자치도 전주시 완산구 효자동3가 1183-10,전북특별자치도 전주시 완산구 백마산길 25,063-225-2912,,,,unmatched_address,기존 주택 CSV의 건물 좌표; 음식점 자체 측량 좌표 아님
미가일식,완산구 효자5동,전북특별자치도 전주시 완산구 효자동3가 1646-14,전북특별자치도 전주시 완산구 마전1길 12-8,063-227-1555,,,,unmatched_address,기존 주택 CSV의 건물 좌표; 음식점 자체 측량 좌표 아님
닥치고떡볶이_전주덕진점,덕진구 송천1동,전북특별자치도 전주시 덕진구 송천동2가 166-1,"전북특별자치도 전주시 덕진구 동부대로 1077, 1층",0507-1409-5289,,,,unmatched_address,기존 주택 CSV의 건물 좌표; 음식점 자체 측량 좌표 아님
장판집,완산구 서신동,전북특별자치도 전주시 완산구 서신동 761-1 서신동 광진아파트 상가,전북특별자치도 전주시 완산구 온고을로 119-4 서신동 광진아파트 상가,063-252-0134,,,,unmatched_address,기존 주택 CSV의 건물 좌표; 음식점 자체 측량 좌표 아님
연어이야기_중화산점,완산구 중화산동,"전북특별자치도 전주시 완산구 중화산동2가 760-3 ,1층","전북특별자치도 전주시 완산구 화산천변로 11 ,1층",063-236-5566,,,,unmatched_address,기존 주택 CSV의 건물 좌표; 음식점 자체 측량 좌표 아님
도담국수수제비,덕진구 우아동2가,전북특별자치도 전주시 덕진구 우아동2가 890--8,전북특별자치도 전주시 덕진구 정언신로 155,0507-1375-0809,,,,unmatched_address,기존 주택 CSV의 건물 좌표; 음식점 자체 측량 좌표 아님
더리터_전주송천점125호점,덕진구 송천동,전북특별자치도 전주시 덕진구 송천동1가 832-3,전북특별자치도 전주시 덕진구 시천로 64,0507-1473-8274,,,,unmatched_address,기존 주택 CSV의 건물 좌표; 음식점 자체 측량 좌표 아님
곤지암할매소머리국밥_중화산점,완산구 중화산동2가,전북특별자치도 전주시 완산구 중화산동2가 29-5 1층,전북특별자치도 전주시 완산구 서원로 311 1층,063-223-5488,,,,unmatched_address,기존 주택 CSV의 건물 좌표; 음식점 자체 측량 좌표 아님
르커피,완산구 중화산동,전북특별자치도 전주시 완산구 중화산동2가 759-2,전북특별자치도 전주시 완산구 화산천변로 14,010-4734-3813,,,,unmatched_address,기존 주택 CSV의 건물 좌표; 음식점 자체 측량 좌표 아님
소담촌_전주효자점,완산구 효자동,전북특별자치도 전주시 완산구 효자동2가 1239-5 4층 401호,전북특별자치도 전주시 완산구 홍산로 249 4층 401호,063-226-4747,,,,unmatched_address,기존 주택 CSV의 건물 좌표; 음식점 자체 측량 좌표 아님
콩나물국밥미가옥_본점,완산구 중화산동2가,전북특별자치도 전주시 완산구 중화산동2가 584,전북특별자치도 전주시 완산구 인정4길4,0507-1349-1095,,,,unmatched_address,기존 주택 CSV의 건물 좌표; 음식점 자체 측량 좌표 아님
백마산가든,완산구 효자4동,전북특별자치도 전주시 완산구 효자동3가 1062-5,전북특별자치도 전주시 완산구 백마산길 105,063-254-9745,,,,unmatched_address,기존 주택 CSV의 건물 좌표; 음식점 자체 측량 좌표 아님
뽀빠이상추튀김바베큐,완산구 효자동,전북특별자치도 전주시 완산구 효자동1가 622-11,전북특별자치도 전주시 완산구 거마평로 196,063-904-0044,,,,unmatched_address,기존 주택 CSV의 건물 좌표; 음식점 자체 측량 좌표 아님
전원집_중화산점,완산구 중화산동2가,전북특별자치도 전주시 완산구 중화산동2가 613-16,전북특별자치도 전주시 완산구 중화산로 76,063-223-6689,,,,unmatched_address,기존 주택 CSV의 건물 좌표; 음식점 자체 측량 좌표 아님
오영래짬뽕명장초밥참치회,완산구 서신동,전북특별자치도 전주시 완산구 서신동 958-2,전북특별자치도 전주시 완산구 고사평2길 4,063-255-8999,,,,unmatched_address,기존 주택 CSV의 건물 좌표; 음식점 자체 측량 좌표 아님
고창심원풍천장어,완산구 중화산동,전북특별자치도 전주시 완산구 중화산동2가 482-4,전북특별자치도 전주시 완산구 신촌2길 26,063-223-9889,,,,unmatched_address,기존 주택 CSV의 건물 좌표; 음식점 자체 측량 좌표 아님
이디야커피_서신여울점,완산구 서신동,전북특별자치도 전주시 완산구 서신동 938-1,전북특별자치도 전주시 완산구 고사평로22,063-278-1642,127.1098129,35.83591861,서신동,exact_parcel_building_match,기존 주택 CSV의 건물 좌표; 음식점 자체 측량 좌표 아님
교촌치킨_신시가지점,완산구 효자4동,전북특별자치도 전주시 완산구 효자동2가 1327-1,전북특별자치도 전주시 완산구 봉곡로 114,063-229-9252,127.1062434,35.81088275,효자4동,exact_road_building_match,기존 주택 CSV의 건물 좌표; 음식점 자체 측량 좌표 아님
오늘은뭐먹지,덕진구 송천동,전북특별자치도 전주시 덕진구 송천동2가 179-40,전북특별자치도 전주시 덕진구 천마산로 73,063-277-8068,,,,unmatched_address,기존 주택 CSV의 건물 좌표; 음식점 자체 측량 좌표 아님
고마워커피야,덕진구 산정동,전북특별자치도 전주시 덕진구 산정동 800,전북특별자치도 전주시 덕진구 동부대로 586,010-3041-3017,,,,unmatched_address,기존 주택 CSV의 건물 좌표; 음식점 자체 측량 좌표 아님
영광집_전주점,완산구 서신동,전북특별자치도 전주시 완산구 서신동 953-1,전북특별자치도 전주시 완산구 고사평4길 20,063-271-7733,127.1115237,35.83508112,서신동,exact_road_building_match,기존 주택 CSV의 건물 좌표; 음식점 자체 측량 좌표 아님
해누리예닮가국밥_본점,완산구 서신동,전북특별자치도 전주시 완산구 서신동 850-9,전북특별자치도 전주시 완산구 전룡로 19,063-237-5910,,,,unmatched_address,기존 주택 CSV의 건물 좌표; 음식점 자체 측량 좌표 아님
해변의꽃게,완산구 효자동2가,전북특별자치도 전주시 완산구 효자동2가 1318-3 4층,전북특별자치도 전주시 완산구 호암로 81 4층,063-902-9900,,,,unmatched_address,기존 주택 CSV의 건물 좌표; 음식점 자체 측량 좌표 아님
성원회관,완산구 중화산동,전북특별자치도 전주시 완산구 중화산동2가 222-1,전북특별자치도 전주시 완산구 어은로 33,063-226-3692,,,,unmatched_address,기존 주택 CSV의 건물 좌표; 음식점 자체 측량 좌표 아님
애슐리퀸즈_전주STS점,완산구 효자동,전북특별자치도 전주시 완산구 효자동1가 434,전북특별자치도 전주시 완산구 옹머리로 45,063-237-1032,,,,unmatched_address,기존 주택 CSV의 건물 좌표; 음식점 자체 측량 좌표 아님
로드무비,완산구 효자동,전북특별자치도 전주시 완산구 효자동3가 1539-2,전북특별자치도 전주시 완산구 홍산남로 73 라라빌딩 6층 로드무비,010-2166-4004,,,,unmatched_address,기존 주택 CSV의 건물 좌표; 음식점 자체 측량 좌표 아님
귀한족발_도청점,완산구 효자5동,전북특별자치도 전주시 완산구 효자동3가 1528-1 106.107호,전북특별자치도 전주시 완산구 홍산4길 6 106.107호,063-288-0034,,,,unmatched_address,기존 주택 CSV의 건물 좌표; 음식점 자체 측량 좌표 아님
청춘당꽈배기_아중점,덕진구 우아동1가,전북특별자치도 전주시 덕진구 우아동1가 1091-8,전북특별자치도 전주시 덕진구 한배미로 74,063-901-7363,,,,unmatched_address,기존 주택 CSV의 건물 좌표; 음식점 자체 측량 좌표 아님
팔백,완산구 서신동,전북특별자치도 전주시 완산구 서신동 800,전북특별자치도 전주시 완산구 서신천변15길 11,063-272-1511,,,,unmatched_address,기존 주택 CSV의 건물 좌표; 음식점 자체 측량 좌표 아님
바다양푼이동태탕명자매전집,완산구 효자5동,전북특별자치도 전주시 완산구 효자동3가 1527-16,전북특별자치도 전주시 완산구 홍산북로 45-18,063-228-1112,,,,unmatched_address,기존 주택 CSV의 건물 좌표; 음식점 자체 측량 좌표 아님
춘리마라탕_송천점,덕진구 송천동,전북특별자치도 전주시 덕진구 송천동1가 104-5,전북특별자치도 전주시 덕진구 솔내로 130,063-277-0428,,,,unmatched_address,기존 주택 CSV의 건물 좌표; 음식점 자체 측량 좌표 아님
진안꺼먹돼지연탄생구이,덕진구 상정동,전북특별자치도 전주시 덕진구 산정동 871-1,전북특별자치도 전주시 덕진구 산정2길 12-2,063-242-8292,,,,unmatched_address,기존 주택 CSV의 건물 좌표; 음식점 자체 측량 좌표 아님
거기가착한코다리_전주효천점,완산구 효자5동,전북특별자치도 전주시 완산구 효자동2가 816,전북특별자치도 전주시 완산구 천잠로 139,063-224-8999,,,,unmatched_address,기존 주택 CSV의 건물 좌표; 음식점 자체 측량 좌표 아님
러블리페럿,덕진구 덕진동,전북특별자치도 전주시 덕진구 덕진동2가 204 나동 1층,전북특별자치도 전주시 덕진구 기린대로 544,010-8582-3003,,,,unmatched_address,기존 주택 CSV의 건물 좌표; 음식점 자체 측량 좌표 아님
성화식당,완산구 풍남동,전북특별자치도 전주시 완산구 경원동1가 126-47,전북특별자치도 전주시 완산구 어진길 120,063-287-8885,,,,unmatched_address,기존 주택 CSV의 건물 좌표; 음식점 자체 측량 좌표 아님
니어앤디어,완산구 효자동,전북특별자치도 전주시 완산구 효자동2가 1209-2 도담빌딩,전북특별자치도 전주시 완산구 소태정3길 17 도담빌딩,0507-1308-4516,,,,unmatched_address,기존 주택 CSV의 건물 좌표; 음식점 자체 측량 좌표 아님
하루일기,완산구 고사동,전북특별자치도 전주시 완산구 고사동 158-3,전북특별자치도 전주시 완산구 전주객사4길 44-9,063-288-0248,,,,unmatched_address,기존 주택 CSV의 건물 좌표; 음식점 자체 측량 좌표 아님
송참치,완산구 효자5동,전북특별자치도 전주시 완산구 효자동3가 1541-6,전북특별자치도 전주시 완산구 홍산남로 72,063-288-3232,,,,unmatched_address,기존 주택 CSV의 건물 좌표; 음식점 자체 측량 좌표 아님
토종지리산흑돼지연탄생구이,덕진구 우아2동,전북특별자치도 전주시 덕진구 우아동2가 901-11,전북특별자치도 전주시 덕진구 정언신로 173,063-271-8181,,,,unmatched_address,기존 주택 CSV의 건물 좌표; 음식점 자체 측량 좌표 아님
깜생,덕진구 송천동2가,전북특별자치도 전주시 덕진구 송천동2가 1327-10,전북특별자치도 전주시 덕진구 세병2길 31-3,063-273-9233,,,,unmatched_address,기존 주택 CSV의 건물 좌표; 음식점 자체 측량 좌표 아님
걸작떡볶이치킨_전주문학서신점,완산구 효자5동,전북특별자치도 전주시 완산구 효자동3가 1609-15 1층 103호,전북특별자치도 전주시 완산구 홍산로 377 1층 103호,063-226-7977,,,,unmatched_address,기존 주택 CSV의 건물 좌표; 음식점 자체 측량 좌표 아님
병달이,완산구 중화산동,전북특별자치도 전주시 완산구 중화산동2가 592-15,전북특별자치도 전주시 완산구 중화산로 96,063-236-2000,,,,unmatched_address,기존 주택 CSV의 건물 좌표; 음식점 자체 측량 좌표 아님
BBQ치킨_송천2호점,덕진구 송천동1가,전북특별자치도 전주시 덕진구 송천동1가 350-4,전북특별자치도 전주시 덕진구 송천중앙로85,063-278-1188,,,,unmatched_address,기존 주택 CSV의 건물 좌표; 음식점 자체 측량 좌표 아님
국시코기,완산구 풍남동,전북특별자치도 전주시 완산구 경원동2가 25-7,전북특별자치도 전주시 완산구 동문길 75,063-284-9335,,,,unmatched_address,기존 주택 CSV의 건물 좌표; 음식점 자체 측량 좌표 아님
꼼앤닭,완산구 효자동,전북특별자치도 전주시 완산구 효자동3가 1527-11,전북특별자치도 전주시 완산구 홍산중앙로 45,063-237-0535,,,,unmatched_address,기존 주택 CSV의 건물 좌표; 음식점 자체 측량 좌표 아님
드바인,완산구 효자동,전북특별자치도 전주시 완산구 효자동3가 1541-2 2층,전북특별자치도 전주시 완산구 홍산남로 80 2층,063-225-7102,,,,unmatched_address,기존 주택 CSV의 건물 좌표; 음식점 자체 측량 좌표 아님
치킨마루_송천점,덕진구 송천동1가,전북특별자치도 전주시 덕진구 송천동1가 626-1,전북특별자치도 전주시 덕진구 시천로 36,063-278-8283,,,,unmatched_address,기존 주택 CSV의 건물 좌표; 음식점 자체 측량 좌표 아님
더봉반,완산구 서신동,전북특별자치도 전주시 완산구 서신동971 6층,전북특별자치도 전주시 완산구 온고을로 2 6층,063-289-2626,,,,unmatched_address,기존 주택 CSV의 건물 좌표; 음식점 자체 측량 좌표 아님
고젠일식,완산구 효자동3가,전북특별자치도 전주시 완산구 효자동3가 1646-4,"전북특별자치도 전주시 완산구 마전2길 5-4, 2층",063-223-1770,,,,unmatched_address,기존 주택 CSV의 건물 좌표; 음식점 자체 측량 좌표 아님
김형제고기의철학_전주송천점,덕진구 송천동,전북특별자치도 전주시 덕진구 송천동1가 543-94 1층,전북특별자치도 전주시 덕진구 용소로 117 1층,063-252-3073,,,,unmatched_address,기존 주택 CSV의 건물 좌표; 음식점 자체 측량 좌표 아님
훈민정음_전주도청점,완산구 효자5동,전북특별자치도 전주시 완산구 효자동3가 1536-4 1층,전북특별자치도 전주시 완산구 홍산중앙로 36 1층,010-6642-1188,,,,unmatched_address,기존 주택 CSV의 건물 좌표; 음식점 자체 측량 좌표 아님
피닉스,완산구 중화산동2가,전북특별자치도 전주시 완산구 중화산동2가 49-1,전북특별자치도 전주시 완산구 따박골6길 25,0507-1432-4272,,,,unmatched_address,기존 주택 CSV의 건물 좌표; 음식점 자체 측량 좌표 아님
옛날멸치국시_송천점,덕진구 송천동,전북특별자치도 전주시 덕진구 송천동1가 114015,전북특별자치도 전주시 덕진구 솔내8길 17,063-225-5997,,,,unmatched_address,기존 주택 CSV의 건물 좌표; 음식점 자체 측량 좌표 아님
신시,완산구 효자5동,전북특별자치도 전주시 완산구 효자동3가 1536-2 3층,전북특별자치도 전주시 완산구 홍산중앙로 40 3층,0507-1423-0551,,,,unmatched_address,기존 주택 CSV의 건물 좌표; 음식점 자체 측량 좌표 아님
카페린온,덕진구 송천동,전북특별자치도 전주시 덕진구 송천동1가 837-10,전북특별자치도 전주시 덕진구 송천로 110,0507-1389-9068,,,,unmatched_address,기존 주택 CSV의 건물 좌표; 음식점 자체 측량 좌표 아님
길동무막회장어구이,덕진구 우아1동,전북특별자치도 전주시 덕진구 우아동3가 747-7,전북특별자치도 전주시 덕진구 우아7길 9-23,"0507-1434-1206, 063-246-2999",,,,unmatched_address,기존 주택 CSV의 건물 좌표; 음식점 자체 측량 좌표 아님
등촌샤브칼국수_신시가지점,완산구 효자5동,전북특별자치도 전주시 완산구 효자동2가 1231-3 1층,전북특별자치도 전주시 완산구 홍산북로 29-9,063-222-1187,,,,unmatched_address,기존 주택 CSV의 건물 좌표; 음식점 자체 측량 좌표 아님
연어미가,덕진구 송천동,전북특별자치도 전주시 덕진구 송천동2가 202-54,전북특별자치도 전주시 덕진구 솔내로 170-1,063-276-3772,,,,unmatched_address,기존 주택 CSV의 건물 좌표; 음식점 자체 측량 좌표 아님
옛날순대,완산구 효자동1가,전북특별자치도 전주시 완산구 효자동1가 667-3,전북특별자치도 전주시 완산구 효자천변1길 30-15,0507-1403-8191,,,,unmatched_address,기존 주택 CSV의 건물 좌표; 음식점 자체 측량 좌표 아님
중앙숯불,완산구 효자5동,전북특별자치도 전주시 완산구 효자동2가 1230-3,전북특별자치도 전주시 완산구 홍산북로 23-9,063-227-1773,,,,unmatched_address,기존 주택 CSV의 건물 좌표; 음식점 자체 측량 좌표 아님
유부남_신시가지점,완산구 효자5동,전북특별자치도 전주시 완산구 효자동3가 1531-1 코아루성우아르데코 1층 105호,전북특별자치도 전주시 완산구 홍산로 262 코아루성우아르데코 1층 105호,063-904-3232,,,,unmatched_address,기존 주택 CSV의 건물 좌표; 음식점 자체 측량 좌표 아님
땡벌막창,완산구 중화산동2가,전북특별자치도 전주시 완산구 중화산동2가 780-8,전북특별자치도 전주시 완산구 신촌4길 7,063-227-8288,,,,unmatched_address,기존 주택 CSV의 건물 좌표; 음식점 자체 측량 좌표 아님
공차코리아_전주송천점,덕진구 송천동,전북특별자치도 전주시 덕진구 송천동1가 107-202,전북특별자치도 전주시 덕진구 천마산로 54,063-252-0405,,,,unmatched_address,기존 주택 CSV의 건물 좌표; 음식점 자체 측량 좌표 아님
OSOEI,완산구 고사동,전북특별자치도 전주시 완산구 고사동 443-2,"전북특별자치도 전주시 완산구 전주객사3길 11-6, 2층",010-8281-9598,,,,unmatched_address,기존 주택 CSV의 건물 좌표; 음식점 자체 측량 좌표 아님
푸라닭_전주신시가지점,완산구 효자5동,전북특별자치도 전주시 완산구 효자동3가 1540-2 1층,전북특별자치도 전주시 완산구 세내로 299 1층,063-223-9206,,,,unmatched_address,기존 주택 CSV의 건물 좌표; 음식점 자체 측량 좌표 아님
팔당원조칼제비보쌈_전주신시가지점,완산구 효자동2가,전북특별자치도 전주시 완산구 효자동2가 1230-6,전북특별자치도 전주시 완산구 홍산북로 19,0507-1382-8774,,,,unmatched_address,기존 주택 CSV의 건물 좌표; 음식점 자체 측량 좌표 아님
효은과자점,완산구 중앙동,전북특별자치도 전주시 완산구 중앙동4가 10-1,전북특별자치도 전주시 완산구 전라감영4길 5-1,010-6691-2649,,,,unmatched_address,기존 주택 CSV의 건물 좌표; 음식점 자체 측량 좌표 아님
멕시카나치킨_서신점,완산구 서신동,전북특별자치도 전주시 완산구 서신동 818-4,전북특별자치도 전주시 완산구 서신천변13길 5-1,063-276-9514,127.1136587,35.83042745,서신동,exact_road_building_match,기존 주택 CSV의 건물 좌표; 음식점 자체 측량 좌표 아님
충만치킨_에코시티점,덕진구 송천동2가,전북특별자치도 전주시 덕진구 송천동2가 1326-12 2층,전북특별자치도 전주시 덕진구 세병남로 37 2층,0507-1343-7292,,,,unmatched_address,기존 주택 CSV의 건물 좌표; 음식점 자체 측량 좌표 아님
마포갈매기,완산구 서신동,전북특별자치도 전주시 완산구 서신동 952-1,전북특별자치도 전주시 완산구 고사평4길 16,063-271-9282,,,,unmatched_address,기존 주택 CSV의 건물 좌표; 음식점 자체 측량 좌표 아님
꼬치고맥,완산구 서신동,전북특별자치도 전주시 완산구 서신동 812-4,전북특별자치도 전주시 완산구 서신로 46,063-222-1388,,,,unmatched_address,기존 주택 CSV의 건물 좌표; 음식점 자체 측량 좌표 아님
맘스터치_에코점,덕진구 송천동2가,전북특별자치도 전주시 덕진구 송천동2가 1307 에코자이2차상가 213동,전북특별자치도 전주시 덕진구 세병로 137 에코자이2차상가 213동,0507-1311-7899,,,,unmatched_address,기존 주택 CSV의 건물 좌표; 음식점 자체 측량 좌표 아님
모현동참숯집,덕진구 송천동,전북특별자치도 전주시 덕진구 송천동1가 23-2,전북특별자치도 전주시 덕진구 천마산로 122,063-252-9295,,,,unmatched_address,기존 주택 CSV의 건물 좌표; 음식점 자체 측량 좌표 아님
도미노피자_전주혁신점,덕진구 혁신동,전북특별자치도 전주시 덕진구 혁신동 775-2,전북특별자치도 전주시 덕진구 기지로 82,063-225-3082,,,,unmatched_address,기존 주택 CSV의 건물 좌표; 음식점 자체 측량 좌표 아님
식객하루,완산구 중화산동,전북특별자치도 전주시 완산구 중화산동2가 749-6,전북특별자치도 전주시 완산구 화산천변3길 10,063-226-3395,,,,unmatched_address,기존 주택 CSV의 건물 좌표; 음식점 자체 측량 좌표 아님
콩쥐팥쥐전,완산구 효자5동,전북특별자치도 전주시 완산구 효자동3가 1632-5,전북특별자치도 전주시 완산구 마전3길 12,0507-1338-3092,,,,unmatched_address,기존 주택 CSV의 건물 좌표; 음식점 자체 측량 좌표 아님
칭따오객잔,덕진구 우아동2가,전북특별자치도 전주시 덕진구 우아동2가 922-1,전북특별자치도 전주시 덕진구 아중중앙로 6,063-242-5018,,,,unmatched_address,기존 주택 CSV의 건물 좌표; 음식점 자체 측량 좌표 아님
송정생구이,완산구 효자동2가,전북특별자치도 전주시 완산구 효자동1가 620-1,전북특별자치도 전주시 완산구 신봉1길 25,063-282-7816,,,,unmatched_address,기존 주택 CSV의 건물 좌표; 음식점 자체 측량 좌표 아님
강릉집_전주점,완산구 중화산동,전북특별자치도 전주시 완산구 중화산동2가 595-13,전북특별자치도 전주시 완산구 효자로 336,063-223-7544,,,,unmatched_address,기존 주택 CSV의 건물 좌표; 음식점 자체 측량 좌표 아님
소야한우야,완산구 효자동,전북특별자치도 전주시 완산구 효자동1가 453-1,전북특별자치도 전주시 완산구 거마평로 147-14,063-221-3492,,,,unmatched_address,기존 주택 CSV의 건물 좌표; 음식점 자체 측량 좌표 아님
아우어피자몰,완산구 효자5동,전북특별자치도 전주시 완산구 효자동3가 1661-7 1층,전북특별자치도 전주시 완산구 척동1길 12,063-223-9544,127.0987839,35.8214417,효자5동,exact_road_building_match,기존 주택 CSV의 건물 좌표; 음식점 자체 측량 좌표 아님
정든집김여사네,완산구 중화산동,전북특별자치도 전주시 완산구 중화산동2가 779-1,전북특별자치도 전주시 완산구 신촌4길 5,063-237-1160,,,,unmatched_address,기존 주택 CSV의 건물 좌표; 음식점 자체 측량 좌표 아님
퇴근후커피,덕진구 우아동3가,전북특별자치도 전주시 덕진구 우아동2가 874-5,전북특별자치도 전주시 덕진구 석소5길 33-4,063-241-0088,,,,unmatched_address,기존 주택 CSV의 건물 좌표; 음식점 자체 측량 좌표 아님
마노,완산구 효자동,전북특별자치도 전주시 완산구 효자동2가 1239-4 1층,전북특별자치도 전주시 완산구 홍산로 253 1층,063-229-9011,,,,unmatched_address,기존 주택 CSV의 건물 좌표; 음식점 자체 측량 좌표 아님
부자네,완산구 서신동,전북특별자치도 전주시 완산구 서신동 948-13,전북특별자치도 전주시 완산구 고사평로 10,063-277-7259,,,,unmatched_address,기존 주택 CSV의 건물 좌표; 음식점 자체 측량 좌표 아님
올라운더랩,완산구 서신동,전북특별자치도 전주시 완산구 서신동 1012-5 1층,전북특별자치도 전주시 완산구 고사평5길 24-9 1층,010-4148-4136,127.1074782,35.8378851,서신동,exact_road_building_match,기존 주택 CSV의 건물 좌표; 음식점 자체 측량 좌표 아님
프레종,완산구 중화산동2가,전북특별자치도 전주시 완산구 중화산동2가 762-7,전북특별자치도 전주시 완산구 화산천변1길 10,0507-1396-0592,,,,unmatched_address,기존 주택 CSV의 건물 좌표; 음식점 자체 측량 좌표 아님
진참치,완산구 중화산동,전북특별자치도 전주시 완산구 중화산동2가 779-8,전북특별자치도 전주시 완산구 신촌4길 3-6,063-222-8296,,,,unmatched_address,기존 주택 CSV의 건물 좌표; 음식점 자체 측량 좌표 아님
농부아저씨닭치기,덕진구 혁신동,전북특별자치도 전주시 덕진구 중동 776-10 102호,전북특별자치도 전주시 덕진구 오공로 43-5 102호,063-223-2873,,,,unmatched_address,기존 주택 CSV의 건물 좌표; 음식점 자체 측량 좌표 아님
자매식당,완산구 서신동,전북특별자치도 전주시 완산구 서신동 6-13,전북특별자치도 전주시 완산구 전룡로 132,063-275-7893,,,,unmatched_address,기존 주택 CSV의 건물 좌표; 음식점 자체 측량 좌표 아님
원조감자탕,완산구 중화산동,전북특별자치도 전주시 완산구 중화산동2가 630-5,전북특별자치도 전주시 완산구 중산5길 16-7,063-221-7206,,,,unmatched_address,기존 주택 CSV의 건물 좌표; 음식점 자체 측량 좌표 아님
이찌미식당,완산구 효자동1가,전북특별자치도 전주시 완산구 효자동1가 605-1,전북특별자치도 전주시 완산구 신봉3길 35,063-223-3606,,,,unmatched_address,기존 주택 CSV의 건물 좌표; 음식점 자체 측량 좌표 아님
효자원함흥냉면서서갈비,완산구 효자동,전북특별자치도 전주시 완산구 효자동3가 1543-2,전북특별자치도 전주시 완산구 홍산2길 5-10,063-283-9292,,,,unmatched_address,기존 주택 CSV의 건물 좌표; 음식점 자체 측량 좌표 아님
구일집_한옥마을본점,완산구 풍남동,전북특별자치도 전주시 완산구 풍남동1가 41-2,전북특별자치도 전주시 완산구 동문길 59,0507-1357-5298,,,,unmatched_address,기존 주택 CSV의 건물 좌표; 음식점 자체 측량 좌표 아님
도담웰푸드_덕진점,덕진구 덕진동,전북특별자치도 전주시 덕진구 덕진동2가 27-40 1층,전북특별자치도 전주시 덕진구 호반7길 10-6 1층,"0507-1436-4003, 070-8865-4000",,,,unmatched_address,기존 주택 CSV의 건물 좌표; 음식점 자체 측량 좌표 아님
영이네,완산구 고사동,전북특별자치도 전주시 완산구 고사동 443-6 2층,전북특별자치도 전주시 완산구 전주객사3길 11-8 2층,0507-1324-2395,,,,unmatched_address,기존 주택 CSV의 건물 좌표; 음식점 자체 측량 좌표 아님
소문,덕진구 혁신동,전북특별자치도 전주시 덕진구 중동 785-11 102호,전북특별자치도 전주시 덕진구 오정2길 19 102호,063-909-5556,127.0613645,35.83430111,혁신동,exact_road_building_match,기존 주택 CSV의 건물 좌표; 음식점 자체 측량 좌표 아님
88콩나물국밥_고려병원점,덕진구 산정동,전북특별자치도 전주시 덕진구 산정동 856-1,전북특별자치도 전주시 덕진구 안덕원로 370,063-223-3338,,,,unmatched_address,기존 주택 CSV의 건물 좌표; 음식점 자체 측량 좌표 아님
드래곤룸소주방,완산구 효자5동,전북특별자치도 전주시 완산구 효자동3가 1538-7 2층,전북특별자치도 전주시 완산구 홍산남로 69-20 2층,063-227-0773,,,,unmatched_address,기존 주택 CSV의 건물 좌표; 음식점 자체 측량 좌표 아님
굼,덕진구 송천1동,전북특별자치도 전주시 덕진구 송천동1가 23-2,"전북특별자치도 전주시 덕진구 천마산로 122, 1층",0507-1346-8358,,,,unmatched_address,기존 주택 CSV의 건물 좌표; 음식점 자체 측량 좌표 아님
60계치킨_송천2호점,덕진구 송천동1가,전북특별자치도 전주시 덕진구 송천동1가 832-5,전북특별자치도 전주시 덕진구 시천로 60,0504-2015-0867,,,,unmatched_address,기존 주택 CSV의 건물 좌표; 음식점 자체 측량 좌표 아님
지유명차_전주점,완산구 효자3동,전북특별자치도 전주시 완산구 효자동3가 1735-6,전북특별자치도 전주시 완산구 봉곡3길 7-7,063-223-5634,,,,unmatched_address,기존 주택 CSV의 건물 좌표; 음식점 자체 측량 좌표 아님
씨플랫_송천에코점,덕진구 송천동,전북특별자치도 전주시 덕진구 송천동2가 1357 1층 102호,전북특별자치도 전주시 덕진구 화암4길 60 1층 102호,063-255-1900,,,,unmatched_address,기존 주택 CSV의 건물 좌표; 음식점 자체 측량 좌표 아님
드롭탑_전주혁신도시점,덕진구 혁신동,전북특별자치도 전주시 덕진구 중동 783-1,전북특별자치도 전주시 덕진구 오정1길 15,063-222-7483,127.0602921,35.83483087,혁신동,exact_road_building_match,기존 주택 CSV의 건물 좌표; 음식점 자체 측량 좌표 아님
벌툰_전주고사점,완산구 고사동,전북특별자치도 전주시 완산구 고사동 184,전북특별자치도 전주시 완산구 전주객사5길 73-5,0507-1417-5325,,,,unmatched_address,기존 주택 CSV의 건물 좌표; 음식점 자체 측량 좌표 아님
애담찹살떡,완산구 풍남동,전북특별자치도 전주시 완산구 풍남동3가  56-3,전북특별자치도 전주시 완산구 은행로 51-1,063-232-6061,,,,unmatched_address,기존 주택 CSV의 건물 좌표; 음식점 자체 측량 좌표 아님
이디야커피_전주에코점,덕진구 송천2동,전북특별자치도 전주시 덕진구 송천동2가 1336-1,전북특별자치도 전주시 덕진구 세병서로 22,063-271-3103,,,,unmatched_address,기존 주택 CSV의 건물 좌표; 음식점 자체 측량 좌표 아님
어반헤이즈,완산구 효자동3가,전북특별자치도 전주시 완산구 효자동3가 1681-10,전북특별자치도 전주시 완산구 배학2길3-6,0507-1410-5214,127.0975457,35.81924211,효자5동,exact_parcel_building_match,기존 주택 CSV의 건물 좌표; 음식점 자체 측량 좌표 아님
올데이잭,완산구 고사동,전북특별자치도 전주시 완산구 고사동 473-9,"전북특별자치도 전주시 완산구 전주객사2길 46-12, 1층",063-282-9944,,,,unmatched_address,기존 주택 CSV의 건물 좌표; 음식점 자체 측량 좌표 아님
더벤티_전주에코시티점,덕진구 송천1동,전북특별자치도 전주시 덕진구 송천동2가 1342 1층 111호,전북특별자치도 전주시 덕진구 세병로 92 1층 111호,063-255-1019,,,,unmatched_address,기존 주택 CSV의 건물 좌표; 음식점 자체 측량 좌표 아님
옥희식당_전북대점,덕진구 덕진동,전북특별자치도 전주시 덕진구 덕진동1가 1277-10,전북특별자치도 전주시 덕진구 명륜5길 13,063-278-3265,,,,unmatched_address,기존 주택 CSV의 건물 좌표; 음식점 자체 측량 좌표 아님
디아스타브_아스타에코점,덕진구 송천2동,전북특별자치도 전주시 덕진구 송천동2가 1326-6,"전북특별자치도 전주시 덕진구 세병로 26, 1,2층",063-255-7200,,,,unmatched_address,기존 주택 CSV의 건물 좌표; 음식점 자체 측량 좌표 아님
국수나무_송천점,덕진구 송천동,전북특별자치도 전주시 덕진구 송천동1가 104-5,전북특별자치도 전주시 덕진구 솔내로 130,0504-0544-3357,,,,unmatched_address,기존 주택 CSV의 건물 좌표; 음식점 자체 측량 좌표 아님
고향마루,완산구 중화산동,전북특별자치도 전주시 완산구 중화산동2가 628-2,전북특별자치도 전주시 완산구 중산중앙로 26,063-229-8338,,,,unmatched_address,기존 주택 CSV의 건물 좌표; 음식점 자체 측량 좌표 아님
짬뽕의명가_아성,완산구 서신동,전북특별자치도 전주시 완산구 서신동 957-3,전북특별자치도 전주시 완산구 고사평1길 7,063-909-8885,127.10863,35.83465738,서신동,exact_road_building_match,기존 주택 CSV의 건물 좌표; 음식점 자체 측량 좌표 아님
콜팝,덕진구 송천동,전북특별자치도 전주시 덕진구 송천동2가 1304 에코시티 더샵 3차 상가 1층,전북특별자치도 전주시 덕진구 세병로 138 에코시티 더샵 3차 상가 1층,063-900-9666,,,,unmatched_address,기존 주택 CSV의 건물 좌표; 음식점 자체 측량 좌표 아님
오원집,완산구 태평동,전북특별자치도 전주시 완산구 태평동 10-9,전북특별자치도 전주시 완산구 공북로 84,063-275-1123,,,,unmatched_address,기존 주택 CSV의 건물 좌표; 음식점 자체 측량 좌표 아님
홍콩다방_효자신시가지점,완산구 효자동,전북특별자치도 전주시 완산구 효자동2가 1238-8 103호,전북특별자치도 전주시 완산구 홍산남로 29-7 103호,063-226-6565,,,,unmatched_address,기존 주택 CSV의 건물 좌표; 음식점 자체 측량 좌표 아님
신원조고삐마당숯불구이,완산구 태평동,전북특별자치도 전주시 완산구 태평동 14-4,전북특별자치도 전주시 완산구 공북로 74,063-253-5845,,,,unmatched_address,기존 주택 CSV의 건물 좌표; 음식점 자체 측량 좌표 아님
군침식탁,완산구 효자5동,전북특별자치도 전주시 완산구 효자동3가 1668-2 1층,전북특별자치도 전주시 완산구 마전들로 25 1층,063-286-5980,127.0982479,35.82120403,효자5동,exact_road_building_match,기존 주택 CSV의 건물 좌표; 음식점 자체 측량 좌표 아님
꽃가마,완산구 풍남동,전북특별자치도 전주시 완산구 교동 101-1,전북특별자치도 전주시 완산구 경기전길 167,063-285-6375,,,,unmatched_address,기존 주택 CSV의 건물 좌표; 음식점 자체 측량 좌표 아님
세라젬웰카페_전주효자직영점,완산구 효자5동,전북특별자치도 전주시 완산구 효자동3가 1531-1 1층,전북특별자치도 전주시 완산구 홍산로 262 1층,063-715-6325,,,,unmatched_address,기존 주택 CSV의 건물 좌표; 음식점 자체 측량 좌표 아님
구씨아저씨,완산구 중화산동,전북특별자치도 전주시 완산구 중화산동2가 592-9 1층,전북특별자치도 전주시 완산구 중화산로 84,063-224-9293,,,,unmatched_address,기존 주택 CSV의 건물 좌표; 음식점 자체 측량 좌표 아님
키친바이차녀,덕진구 만성동,전북특별자치도 전주시 덕진구 만성동 1259-2 1-104,전북특별자치도 전주시 덕진구 만성로 118 1동 1-104,063-213-2130,,,,unmatched_address,기존 주택 CSV의 건물 좌표; 음식점 자체 측량 좌표 아님
곱창폭식_전주신시가지점,완산구 효자동3가,전북특별자치도 전주시 완산구 효자동3가 1538-1,전북특별자치도 전주시 완산구 홍산북로 70-19,0507-1391-8895,,,,unmatched_address,기존 주택 CSV의 건물 좌표; 음식점 자체 측량 좌표 아님
고향생각,덕진구 우아동2가,전북특별자치도 전주시 덕진구 우아동2가 909-5,전북특별자치도 전주시 덕진구 아중1길 5,063-246-9797,,,,unmatched_address,기존 주택 CSV의 건물 좌표; 음식점 자체 측량 좌표 아님
대구반야월막창_중화산점,완산구 중화산동,전북특별자치도 전주시 완산구 중화산동2가 778-1,전북특별자치도 전주시 완산구 중화산로 83,063-237-5911,,,,unmatched_address,기존 주택 CSV의 건물 좌표; 음식점 자체 측량 좌표 아님
추억의광장,덕진구 우아동1가,전북특별자치도 전주시 덕진구 우아동1가 1113-1,전북특별자치도 전주시 덕진구 아중로 226,063-246-8255,,,,unmatched_address,기존 주택 CSV의 건물 좌표; 음식점 자체 측량 좌표 아님
진성아구찜,완산구 효자5동,전북특별자치도 전주시 완산구 효자동3가 1527-2 2층,"전북특별자치도 전주시 완산구 홍산3길 17, 2층",063-231-9287,,,,unmatched_address,기존 주택 CSV의 건물 좌표; 음식점 자체 측량 좌표 아님
아중각,덕진구 우아동2가,전북특별자치도 전주시 덕진구 우아동2가 866-24,전북특별자치도 전주시 덕진구 석소로 92,063-246-4733,,,,unmatched_address,기존 주택 CSV의 건물 좌표; 음식점 자체 측량 좌표 아님
인정마을,덕진구 우아동1가,전북특별자치도 전주시 덕진구 우아동1가 1107-4,전북특별자치도 전주시 덕진구 인교로 39,063-244-9588,,,,unmatched_address,기존 주택 CSV의 건물 좌표; 음식점 자체 측량 좌표 아님
대찬아구세상,덕진구 우아2동,전북특별자치도 전주시 덕진구 우아동2가 890-8,전북특별자치도 전주시 덕진구 정언신로 155,063-717-8889,,,,unmatched_address,기존 주택 CSV의 건물 좌표; 음식점 자체 측량 좌표 아님
쭈꾸미신화_송천점,덕진구 송천1동,전북특별자치도 전주시 덕진구 송천동2가 202-64,전북특별자치도 전주시 덕진구 솔내로 166,063-277-1720,,,,unmatched_address,기존 주택 CSV의 건물 좌표; 음식점 자체 측량 좌표 아님
가장맛있는족발_호성점,덕진구 우아1동,전북특별자치도 전주시 덕진구 우아동3가 594-32,전북특별자치도 전주시 덕진구 호성1길 6,050-7982-6747,,,,unmatched_address,기존 주택 CSV의 건물 좌표; 음식점 자체 측량 좌표 아님
노란포차,완산구 효자동,전북특별자치도 전주시 완산구 효자동3가 1609-14,전북특별자치도 전주시 완산구 홍산로 381,063-227-1017,,,,unmatched_address,기존 주택 CSV의 건물 좌표; 음식점 자체 측량 좌표 아님
응급실국물떡볶이_전주효자점,완산구 효자동2가,전북특별자치도 전주시 완산구 효자동2가 1158-30 1층 101호,전북특별자치도 전주시 완산구 봉곡로 115,"0507-961-0207, 063-223-5791",,,,unmatched_address,기존 주택 CSV의 건물 좌표; 음식점 자체 측량 좌표 아님
자연옥,덕진구 우아동2가,전북특별자치도 전주시 덕진구 우아동2가 858-10,전북특별자치도 전주시 덕진구 진버들6길 12,063-244-2224,,,,unmatched_address,기존 주택 CSV의 건물 좌표; 음식점 자체 측량 좌표 아님
파오파오,완산구 효자3동,전북특별자치도 전주시 완산구 효자동1가 388,전북특별자치도 전주시 완산구 거마평로 170,063-222-9198,,,,unmatched_address,기존 주택 CSV의 건물 좌표; 음식점 자체 측량 좌표 아님
뉴얼카페,덕진구 덕진동1가,전북특별자치도 전주시 덕진구 덕진동1가 1401-23,전북특별자치도 전주시 덕진구 사평로 71,0507-1322-6338,127.1232852,35.84341779,덕진동,exact_road_building_match,기존 주택 CSV의 건물 좌표; 음식점 자체 측량 좌표 아님
커피하버_커피마켓,덕진구 산정동,전북특별자치도 전주시 덕진구 산정동 787-2,전북특별자치도 전주시 덕진구 동부대로 580,063-286-3131,,,,unmatched_address,기존 주택 CSV의 건물 좌표; 음식점 자체 측량 좌표 아님
살라오스테리아,완산구 효자동,전북특별자치도 전주시 완산구 효자동3가 1667-9 1층,전북특별자치도 전주시 완산구 마전들로 49 1층,063-225-9251,,,,unmatched_address,기존 주택 CSV의 건물 좌표; 음식점 자체 측량 좌표 아님
포케153_전주점,완산구 효자5동,전북특별자치도 전주시 완산구 효자동2가 1237-1,전북특별자치도 전주시 완산구 바우배기2길 23-6,063-227-1153,,,,unmatched_address,기존 주택 CSV의 건물 좌표; 음식점 자체 측량 좌표 아님
스페이스5,완산구 효자5동,전북특별자치도 전주시 완산구 효자동3가 1627-1 진흥빌딩 5층,전북특별자치도 전주시 완산구 유연로 170 진흥빌딩 5층,063-271-7601,,,,unmatched_address,기존 주택 CSV의 건물 좌표; 음식점 자체 측량 좌표 아님
더블루,완산구 서신동,전북특별자치도 전주시 완산구 서신동 955-1 2층,전북특별자치도 전주시 완산구 새터로 52-10 2층,010-3681-5252,,,,unmatched_address,기존 주택 CSV의 건물 좌표; 음식점 자체 측량 좌표 아님
다니엘마카롱,덕진구 우아동2가,전북특별자치도 전주시 덕진구 우아동2가 912-6,전북특별자치도 전주시 덕진구 아중1길 13-4,0507-1329-8678,,,,unmatched_address,기존 주택 CSV의 건물 좌표; 음식점 자체 측량 좌표 아님
장터감자탕,덕진구 덕진동2가,전북특별자치도 전주시 덕진구 덕진동2가 681-5 2층,전북특별자치도 전주시 덕진구 가련산로 23 2층,063-272-1994,,,,unmatched_address,기존 주택 CSV의 건물 좌표; 음식점 자체 측량 좌표 아님
와인바뱅뱅,완산구 태평동,전북특별자치도 전주시 완산구 태평동 30-4,"전북특별자치도 전주시 완산구 태평3길 43-9, 1층",070-4647-1977,,,,unmatched_address,기존 주택 CSV의 건물 좌표; 음식점 자체 측량 좌표 아님
앤티앤스_이마트전주점,완산구 서신동,전북특별자치도 전주시 완산구 서신동 767 2층,전북특별자치도 전주시 완산구 당산로 111 2층,063-272-5482,,,,unmatched_address,기존 주택 CSV의 건물 좌표; 음식점 자체 측량 좌표 아님
궁,완산구 효자4동,전북특별자치도 전주시 완산구 효자동3가 1188-1 궁,전북특별자치도 전주시 완산구 천잠로 337,"0507-1421-0844, 063-227-0844",,,,unmatched_address,기존 주택 CSV의 건물 좌표; 음식점 자체 측량 좌표 아님
로이드커피하우스,완산구 효자4동,전북특별자치도 전주시 완산구 효자동2가 1242-3 1층 104호,전북특별자치도 전주시 완산구 홍산남로 18 1층 104호,063-278-6086,,,,unmatched_address,기존 주택 CSV의 건물 좌표; 음식점 자체 측량 좌표 아님
명품흑염소,덕진구 혁신동,전북특별자치도 전주시 덕진구 장동 600-24,전북특별자치도 전주시 덕진구 혁신로 476,063-211-7121,,,,unmatched_address,기존 주택 CSV의 건물 좌표; 음식점 자체 측량 좌표 아님
야미,덕진구 덕진동,전북특별자치도 전주시 덕진구 덕진동1가 664-6,전북특별자치도 전주시 덕진구 권삼득로 333,063-277-6678,,,,unmatched_address,기존 주택 CSV의 건물 좌표; 음식점 자체 측량 좌표 아님
누룩,완산구 효자5동,전북특별자치도 전주시 완산구 효자동3가 1670-1,전북특별자치도 전주시 완산구 마전들로 12,010-8107-5817,,,,unmatched_address,기존 주택 CSV의 건물 좌표; 음식점 자체 측량 좌표 아님
장모님감자탕양념족발,완산구 서신동,전북특별자치도 전주시 완산구 서신동 840-2,전북특별자치도 전주시 완산구 서신천변6길 8,063-904-1060,127.1146083,35.82810247,서신동,exact_road_building_match,기존 주택 CSV의 건물 좌표; 음식점 자체 측량 좌표 아님
카페데이지,덕진구 송천1동,전북특별자치도 전주시 덕진구 송천동1가 348-2,"전북특별자치도 전주시 덕진구 송천로 25, 1층",0507-1403-9401,,,,unmatched_address,기존 주택 CSV의 건물 좌표; 음식점 자체 측량 좌표 아님
한우곱창전문점,덕진구 송천1동,전북특별자치도 전주시 덕진구 송천동2가 253-1,전북특별자치도 전주시 덕진구 붓내4길 11,063-276-2050,127.1225715,35.8679459,송천1동,exact_road_building_match,기존 주택 CSV의 건물 좌표; 음식점 자체 측량 좌표 아님
자연임실치즈피자_전주1호점,덕진구 우아동3가,전북특별자치도 전주시 덕진구 우아동3가 748-11 2층,전북특별자치도 전주시 덕진구 백제대로 794 2층,0507-1390-9503,,,,unmatched_address,기존 주택 CSV의 건물 좌표; 음식점 자체 측량 좌표 아님
디초콜릿커피앤드_전주서신점,완산구 서신동,"전북특별자치도 전주시 완산구 서신동 970-5 전북특별자치도프뢰벨빌딩 1,2층","전북특별자치도 전주시 완산구 온고을로 18 전북특별자치도프뢰벨빌딩 1,2층",0507-1323-8300,,,,unmatched_address,기존 주택 CSV의 건물 좌표; 음식점 자체 측량 좌표 아님
카베하즈,완산구 효자4동,전북특별자치도 전주시 완산구 효자동2가 1253-9 경하빌 102호,전북특별자치도 전주시 완산구 봉곡3길 32 102호,070-4134-5480,127.1003603,35.81195201,효자4동,exact_road_building_match,기존 주택 CSV의 건물 좌표; 음식점 자체 측량 좌표 아님
엄마가생맥주,완산구 효자5동,"전북특별자치도 전주시 완산구 효자동3가 1538-3 1층 103,104호","전북특별자치도 전주시 완산구 홍산북로 84-20 1층 103,104호",010-4658-2543,,,,unmatched_address,기존 주택 CSV의 건물 좌표; 음식점 자체 측량 좌표 아님
어니스트밀크_전주점,완산구 효자4동,전북특별자치도 전주시 완산구 효자동2가 1155-10 106호,전북특별자치도 전주시 완산구 홍산중앙로 13 106호,063-236-2369,,,,unmatched_address,기존 주택 CSV의 건물 좌표; 음식점 자체 측량 좌표 아님
7080연탄구이,완산구 효자5동,전북특별자치도 전주시 완산구 효자동3가 1412-3,전북특별자치도 전주시 완산구 서곡5길 13-30,063-252-0890,,,,unmatched_address,기존 주택 CSV의 건물 좌표; 음식점 자체 측량 좌표 아님
다호,완산구 풍남동,전북특별자치도 전주시 완산구 풍남동3가 59-1 다호,전북특별자치도 전주시 완산구 태조로 12-3 다호,010-3342-9115,,,,unmatched_address,기존 주택 CSV의 건물 좌표; 음식점 자체 측량 좌표 아님
국민운동식당_중화산점,완산구 중화산동2가,전북특별자치도 전주시 완산구 중화산동2가 616-2,전북특별자치도 전주시 완산구 중산중앙로 6,063-236-1756,,,,unmatched_address,기존 주택 CSV의 건물 좌표; 음식점 자체 측량 좌표 아님
편백나무밑에서노는닭,완산구 태평동,전북특별자치도 전주시 완산구 태평동 10-9,전북특별자치도 전주시 완산구 공북로 82,063-255-2121,,,,unmatched_address,기존 주택 CSV의 건물 좌표; 음식점 자체 측량 좌표 아님
역전할머니맥주_전주에코시티점,덕진구 송천동2가,전북특별자치도 전주시 덕진구 송천동2가 1327-10,전북특별자치도 전주시 덕진구 세병2길 31-3,063-253-7624,,,,unmatched_address,기존 주택 CSV의 건물 좌표; 음식점 자체 측량 좌표 아님
천하쭈꾸미_본점,완산구 중화산동1가,전북특별자치도 전주시 완산구 중화산동1가 254-1 1층 산돌교회,전북특별자치도 전주시 완산구 따박골9길 47 산돌교회,063-225-3211,127.1299861,35.81142649,중화산1동,exact_road_building_match,기존 주택 CSV의 건물 좌표; 음식점 자체 측량 좌표 아님
충만치킨_도청점,완산구 효자동,전북특별자치도 전주시 완산구 효자동3가 1529-9 3층,전북특별자치도 전주시 완산구 홍산북로 59 3층,0507-1422-2966,,,,unmatched_address,기존 주택 CSV의 건물 좌표; 음식점 자체 측량 좌표 아님
양반가,완산구 풍남동,전북특별자치도 전주시 완산구 풍남동3가 79-2,전북특별자치도 전주시 완산구 최명희길 30-2,063-282-0054,,,,unmatched_address,기존 주택 CSV의 건물 좌표; 음식점 자체 측량 좌표 아님
소바가_전주본점,완산구 중화산동2가,전북특별자치도 전주시 완산구 중화산동2가 497-27,전북특별자치도 전주시 완산구 신촌3길 28-14,063-236-2225,,,,unmatched_address,기존 주택 CSV의 건물 좌표; 음식점 자체 측량 좌표 아님
규카츠정_신시가지점,완산구 효자동2가,전북특별자치도 전주시 완산구 효자동2가 1155-3,전북특별자치도 전주시 완산구 홍산남로 52,070-7514-1548,,,,unmatched_address,기존 주택 CSV의 건물 좌표; 음식점 자체 측량 좌표 아님
커피플랫빈,완산구 서신동,전북특별자치도 전주시 완산구 서신동 7661층,전북특별자치도 전주시 완산구 온고을로29,063-254-5115,,,,unmatched_address,기존 주택 CSV의 건물 좌표; 음식점 자체 측량 좌표 아님
라디오가든,완산구 효자동3가,전북특별자치도 전주시 완산구 효자동3가 1539-1 5층,전북특별자치도 전주시 완산구 홍산남로 71 5층,063-236-2789,,,,unmatched_address,기존 주택 CSV의 건물 좌표; 음식점 자체 측량 좌표 아님
카페머물다,덕진구 송천1동,전북특별자치도 전주시 덕진구 송천동1가 838-7,"전북특별자치도 전주시 덕진구 송천로 112-33, 1층",063-277-0613,,,,unmatched_address,기존 주택 CSV의 건물 좌표; 음식점 자체 측량 좌표 아님
역전할머니맥주_서신점,완산구 서신동,전북특별자치도 전주시 완산구 서신동 933-2,전북특별자치도 전주시 완산구 고사평5길 11,063-255-7624,127.108759,35.83675575,서신동,exact_road_building_match,기존 주택 CSV의 건물 좌표; 음식점 자체 측량 좌표 아님
네네치킨앤봉구스밥버거_중화산점,완산구 중화산동,전북특별자치도 전주시 완산구 중화산동2가 759-3,전북특별자치도 전주시 완산구 화산천변로 12,063-223-4492,,,,unmatched_address,기존 주택 CSV의 건물 좌표; 음식점 자체 측량 좌표 아님
코펜하겐,완산구 효자5동,전북특별자치도 전주시 완산구 효자동3가 1608-8,전북특별자치도 전주시 완산구 문학대6길 11-1,063-228-3030,127.1031,35.8285391,효자5동,exact_road_building_match,기존 주택 CSV의 건물 좌표; 음식점 자체 측량 좌표 아님
히노아지_전주하가점,덕진구 덕진동2가,전북특별자치도 전주시 덕진구 덕진동2가 673-5,전북특별자치도 전주시 덕진구 가리내8길 15,063-277-1514,127.1101182,35.843319,덕진동,exact_road_building_match,기존 주택 CSV의 건물 좌표; 음식점 자체 측량 좌표 아님
충만치킨_송천용소점,덕진구 송천동,전북특별자치도 전주시 덕진구 송천동1가 802-2,전북특별자치도 전주시 덕진구 두간로 7,063-271-5151,,,,unmatched_address,기존 주택 CSV의 건물 좌표; 음식점 자체 측량 좌표 아님
더벤티_전주서신점,완산구 서신동,전북특별자치도 전주시 완산구 서신동 963-6 103호,전북특별자치도 전주시 완산구 서신로 103 103호,063-252-4482,,,,unmatched_address,기존 주택 CSV의 건물 좌표; 음식점 자체 측량 좌표 아님
롯데리아_롯데마트전주송천점,덕진구 송천동1가,전북특별자치도 전주시 덕진구 송천동1가 281-1,전북특별자치도 전주시 덕진구 송천중앙로 82,063-275-0907,,,,unmatched_address,기존 주택 CSV의 건물 좌표; 음식점 자체 측량 좌표 아님
러버블,완산구 중화산동1가,전북특별자치도 전주시 완산구 중화산동1가 300,전북특별자치도 전주시 완산구 서원로 365,063-282-2200,,,,unmatched_address,기존 주택 CSV의 건물 좌표; 음식점 자체 측량 좌표 아님
꿀순이앤꿀돌이_송천점,덕진구 송천동,전북특별자치도 전주시 덕진구 송천동1가 137-1,전북특별자치도 전주시 덕진구 솔내로 115,063-272-3113,,,,unmatched_address,기존 주택 CSV의 건물 좌표; 음식점 자체 측량 좌표 아님
한양불고기,완산구 효자동2가,전북특별자치도 전주시 완산구 효자동2가 220-12,전북특별자치도 전주시 완산구 우전2길 6,063-228-8011,,,,unmatched_address,기존 주택 CSV의 건물 좌표; 음식점 자체 측량 좌표 아님
시골손맛,완산구 서신동,전북특별자치도 전주시 완산구 서신동 862-2,전북특별자치도 전주시 완산구 전룡2길 10,063-222-0909,,,,unmatched_address,기존 주택 CSV의 건물 좌표; 음식점 자체 측량 좌표 아님
황태마루_본점,완산구 효자동3가,전북특별자치도 전주시 완산구 효자동3가 1448-1,전북특별자치도 전주시 완산구 서곡1길 21,063-254-6167,,,,unmatched_address,기존 주택 CSV의 건물 좌표; 음식점 자체 측량 좌표 아님
브릭리언트,덕진구 우아동2가,전북특별자치도 전주시 덕진구 우아동2가 865-2,전북특별자치도 전주시 덕진구 진버들7길 5,063-247-0700,,,,unmatched_address,기존 주택 CSV의 건물 좌표; 음식점 자체 측량 좌표 아님
참치마켓,완산구 서신동,전북특별자치도 전주시 완산구 서신동 798 1층,전북특별자치도 전주시 완산구 서신천변15길 17 1층,"0507-1308-3774, 063-272-3774",127.1124561,35.83177425,서신동,exact_road_building_match,기존 주택 CSV의 건물 좌표; 음식점 자체 측량 좌표 아님
더리터_서부시장점,완산구 효자3동,전북특별자치도 전주시 완산구 효자동1가 193-7,전북특별자치도 전주시 완산구 용머리로 165,063-227-0190,,,,unmatched_address,기존 주택 CSV의 건물 좌표; 음식점 자체 측량 좌표 아님
설이담_전주본점,완산구 효자4동,전북특별자치도 전주시 완산구 효자동2가 1158-1,전북특별자치도 전주시 완산구 범안2길 2,063-222-0023,127.1088923,35.81334731,효자4동,exact_road_building_match,기존 주택 CSV의 건물 좌표; 음식점 자체 측량 좌표 아님
주박사동태마을,덕진구 만성동,전북특별자치도 전주시 덕진구 만성동 1175-1,전북특별자치도 전주시 덕진구 월방3길 7,063-225-5777,,,,unmatched_address,기존 주택 CSV의 건물 좌표; 음식점 자체 측량 좌표 아님
이모김밥,완산구 중화산동,전북특별자치도 전주시 완산구 중화산동2가 535-3 1층,전북특별자치도 전주시 완산구 서원로 292 1층,063-227-3588,,,,unmatched_address,기존 주택 CSV의 건물 좌표; 음식점 자체 측량 좌표 아님
돌스추미당,덕진구 우아동2가,전북특별자치도 전주시 덕진구 우아동2가 556-2,전북특별자치도 전주시 덕진구 석소로 74,063-245-0956,,,,unmatched_address,기존 주택 CSV의 건물 좌표; 음식점 자체 측량 좌표 아님
별이네꼬마김밥,덕진구 만성동,전북특별자치도 전주시 덕진구 만성동 1372-3,전북특별자치도 전주시 덕진구 만성중앙로 53-37,063-214-0202,,,,unmatched_address,기존 주택 CSV의 건물 좌표; 음식점 자체 측량 좌표 아님
카페모카,덕진구 우아동2가,전북특별자치도 전주시 덕진구 우아동2가 917-1,전북특별자치도 전주시 덕진구 아중1길 16,0507-1461-2237,,,,unmatched_address,기존 주택 CSV의 건물 좌표; 음식점 자체 측량 좌표 아님
샘물맥주_서신점,완산구 서신동,전북특별자치도 전주시 완산구 서신동 934-1,전북특별자치도 전주시 완산구 고사평로 26,063-251-7890,127.1099155,35.83620692,서신동,exact_road_building_match,기존 주택 CSV의 건물 좌표; 음식점 자체 측량 좌표 아님
군산아구탕복탕,덕진구 혁신동,전북특별자치도 전주시 덕진구 중동 777-2 동현빌딩 203호,전북특별자치도 전주시 덕진구 오공로 43-50 동현빌딩 203호,063-229-1117,,,,unmatched_address,기존 주택 CSV의 건물 좌표; 음식점 자체 측량 좌표 아님
미카도스시_전주송천에코시티점,덕진구 송천동2가,전북특별자치도 전주시 덕진구 송천동2가 1331-13 1층,전북특별자치도 전주시 덕진구 세병남로 25 1층,0507-1492-7917,,,,unmatched_address,기존 주택 CSV의 건물 좌표; 음식점 자체 측량 좌표 아님
국수나무_중화산점,완산구 중화산동,전북특별자치도 전주시 완산구 중화산동2가 759-3 1층,전북특별자치도 전주시 완산구 화산천변로 12 1층,063-225-3113,,,,unmatched_address,기존 주택 CSV의 건물 좌표; 음식점 자체 측량 좌표 아님
아서원,완산구 효자5동,전북특별자치도 전주시 완산구 효자동3가 1472-4,전북특별자치도 전주시 완산구 서곡4길 45-6,0504-2015-2230,127.1032177,35.83235259,효자5동,exact_road_building_match,기존 주택 CSV의 건물 좌표; 음식점 자체 측량 좌표 아님
빈타이_송천점,덕진구 송천동,전북특별자치도 전주시 덕진구 송천동1가 265-42,전북특별자치도 전주시 덕진구 조경단로 324-1,063-278-4376,,,,unmatched_address,기존 주택 CSV의 건물 좌표; 음식점 자체 측량 좌표 아님
떼구르,완산구 효자5동,전북특별자치도 전주시 완산구 효자동2가 1323-10 1층 1층,전북특별자치도 전주시 완산구 소태정4길 19 1층,063-224-3339,127.1024945,35.80509043,효자4동,exact_road_building_match,기존 주택 CSV의 건물 좌표; 음식점 자체 측량 좌표 아님
달팽이슈퍼,완산구 다가동,전북특별자치도 전주시 완산구 다가동4가 86-2,"전북특별자치도 전주시 완산구 전주객사2길 53, 1층",063-232-0905,,,,unmatched_address,기존 주택 CSV의 건물 좌표; 음식점 자체 측량 좌표 아님
솥뚜껑삼겹살_아중점,덕진구 우아2동,전북특별자치도 전주시 덕진구 우아동2가 916-8,전북특별자치도 전주시 덕진구 아중1길 14-2,063-247-9295,,,,unmatched_address,기존 주택 CSV의 건물 좌표; 음식점 자체 측량 좌표 아님
니뽕내뽕_전주신시가지씨지브이점,완산구 효자5동,전북특별자치도 전주시 완산구 효자동3가 1531-2 엠스퀘어빌딩 5층 511호,전북특별자치도 전주시 완산구 홍산로 260 엠스퀘어빌딩 5층 511호,063-229-2221,,,,unmatched_address,기존 주택 CSV의 건물 좌표; 음식점 자체 측량 좌표 아님
울엄마집밥,덕진구 우아동3가,전북특별자치도 전주시 덕진구 우아동3가 746-40,전북특별자치도 전주시 덕진구 백제대로 835,063-909-0052,,,,unmatched_address,기존 주택 CSV의 건물 좌표; 음식점 자체 측량 좌표 아님
떡군이네떡볶이_효자점,완산구 효자동1가,전북특별자치도 전주시 완산구 효자동1가 373-3,전북특별자치도 전주시 완산구 거마평로 207,063-223-2789,,,,unmatched_address,기존 주택 CSV의 건물 좌표; 음식점 자체 측량 좌표 아님
우미송,덕진구 송천2동,전북특별자치도 전주시 덕진구 송천동2가 533-1,전북특별자치도 전주시 덕진구 와룡1길 11-9,0507-1479-1255,,,,unmatched_address,기존 주택 CSV의 건물 좌표; 음식점 자체 측량 좌표 아님
라면공장,완산구 효자4동,전북특별자치도 전주시 완산구 효자동3가 1663-14,전북특별자치도 전주시 완산구 마전들로 35,063-236-7988,127.0993964,35.82119605,효자5동,exact_parcel_building_match,기존 주택 CSV의 건물 좌표; 음식점 자체 측량 좌표 아님
풍남정_효자동점,완산구 효자5동,전북특별자치도 전주시 완산구 효자동3가 1647-14,전북특별자치도 전주시 완산구 마전2길 17-7,063-224-5105,,,,unmatched_address,기존 주택 CSV의 건물 좌표; 음식점 자체 측량 좌표 아님
빌런,완산구 중앙동4가,전북특별자치도 전주시 완산구 중앙동4가 32-1,전북특별자치도 전주시 완산구 전라감영로 44,010-4067-8463,,,,unmatched_address,기존 주택 CSV의 건물 좌표; 음식점 자체 측량 좌표 아님
르뤼땡블랑제리,완산구 효자4동,전북특별자치도 전주시 완산구 효자동2가 1323-1,전북특별자치도 전주시 완산구 소태정4길 11-6,063-229-0823,127.101776,35.80508735,효자4동,exact_road_building_match,기존 주택 CSV의 건물 좌표; 음식점 자체 측량 좌표 아님
양가떡카페,덕진구 우아동2가,전북특별자치도 전주시 덕진구 우아동2가 858-11,전북특별자치도 전주시 덕진구 진버들6길 8-1,0507-1355-7274,,,,unmatched_address,기존 주택 CSV의 건물 좌표; 음식점 자체 측량 좌표 아님
양푼일번가,완산구 고사동,전북특별자치도 전주시 완산구 고사동 321-9,전북특별자치도 전주시 완산구 전주객사3길 73-2,063-273-2468,,,,unmatched_address,기존 주택 CSV의 건물 좌표; 음식점 자체 측량 좌표 아님
연그린,완산구 효자4동,전북특별자치도 전주시 완산구 효자동3가 1606-8 민들레빌 1층,전북특별자치도 전주시 완산구 문학로 7 민들레빌 1층,010-5519-4825,,,,unmatched_address,기존 주택 CSV의 건물 좌표; 음식점 자체 측량 좌표 아님
인계동껍데기,덕진구 송천동2가,전북특별자치도 전주시 덕진구 송천동2가 522-6,전북특별자치도 전주시 덕진구 붓내3길 16,010-2313-7563,,,,unmatched_address,기존 주택 CSV의 건물 좌표; 음식점 자체 측량 좌표 아님
샤브향_덕진점,덕진구 덕진동,"전북특별자치도 전주시 덕진구 덕진동2가 681-4 3층 301호, 302호",전북특별자치도 전주시 덕진구 가련산로 25,063-278-5789,,,,unmatched_address,기존 주택 CSV의 건물 좌표; 음식점 자체 측량 좌표 아님
카페우정서도점,완산구 효자동,전북특별자치도 전주시 완산구 효자동1가 454-1,전북특별자치도 전주시 완산구 용머리로 36,없음,,,,unmatched_address,기존 주택 CSV의 건물 좌표; 음식점 자체 측량 좌표 아님
가마골,덕진구 송천1동,전북특별자치도 전주시 덕진구 송천동1가 443-35,전북특별자치도 전주시 덕진구 송천3길 44-10,063-251-3953,,,,unmatched_address,기존 주택 CSV의 건물 좌표; 음식점 자체 측량 좌표 아님
김밥천국_효자점,완산구 효자동,전북특별자치도 전주시 완산구 효자동2가 1256-3,전북특별자치도 전주시 완산구 우전로 206,063-228-7070,,,,unmatched_address,기존 주택 CSV의 건물 좌표; 음식점 자체 측량 좌표 아님
풀동네커피로스터스,완산구 효자동,전북특별자치도 전주시 완산구 효자동2가 162-1,전북특별자치도 전주시 완산구 우전1길 42,010-5650-8691,127.1057465,35.80739521,효자4동,exact_road_building_match,기존 주택 CSV의 건물 좌표; 음식점 자체 측량 좌표 아님
부부콩나물국밥전문점,완산구 효자4동,전북특별자치도 전주시 완산구 효자동2가 1326-3,전북특별자치도 전주시 완산구 쑥고개로 347,063-221-3253,,,,unmatched_address,기존 주택 CSV의 건물 좌표; 음식점 자체 측량 좌표 아님
얌스_휴먼시아점,완산구 효자동2가,전북특별자치도 전주시 완산구 효자동2가 1313-6,전북특별자치도 전주시 완산구 호암로 21,050-7987-5210,,,,unmatched_address,기존 주택 CSV의 건물 좌표; 음식점 자체 측량 좌표 아님
명륜다방,덕진구 덕진동,전북특별자치도 전주시 덕진구 덕진동1가 1262-2 1층 102호,전북특별자치도 전주시 덕진구 명륜5길 10-2 1층 102호,0507-1342-0424,,,,unmatched_address,기존 주택 CSV의 건물 좌표; 음식점 자체 측량 좌표 아님
초록원,완산구 중화산동,전북특별자치도 전주시 완산구 중화산동2가 694-7,전북특별자치도 전주시 완산구 메너머3길 13-10,063-226-8444,,,,unmatched_address,기존 주택 CSV의 건물 좌표; 음식점 자체 측량 좌표 아님
원조1958생두부,완산구 서신동,전북특별자치도 전주시 완산구 서신동 968-6,전북특별자치도 전주시 완산구 여울로 19,063-271-3322,,,,unmatched_address,기존 주택 CSV의 건물 좌표; 음식점 자체 측량 좌표 아님
호삼정,완산구 효자동3가,전북특별자치도 전주시 완산구 효자동3가 1647-1,전북특별자치도 전주시 완산구 마전2길 13,063-236-0547,,,,unmatched_address,기존 주택 CSV의 건물 좌표; 음식점 자체 측량 좌표 아님
한라맥주_전주신시가지점,완산구 효자5동,전북특별자치도 전주시 완산구 효자동3가 1538-1 101호,전북특별자치도 전주시 완산구 홍산북로 70-19 101호,"010-5671-9768, 063-227-9768",,,,unmatched_address,기존 주택 CSV의 건물 좌표; 음식점 자체 측량 좌표 아님
좋은사람들,완산구 효자동2가,전북특별자치도 전주시 완산구 효자동2가 1332-1,전북특별자치도 전주시 완산구 홍산로 160-3,063-225-2565,,,,unmatched_address,기존 주택 CSV의 건물 좌표; 음식점 자체 측량 좌표 아님
아중사계절,덕진구 우아동1가,전북특별자치도 전주시 덕진구 우아동1가 1057-20,전북특별자치도 전주시 덕진구 인교7길 20-24,063-241-0140,,,,unmatched_address,기존 주택 CSV의 건물 좌표; 음식점 자체 측량 좌표 아님
윤식당,완산구 효자4동,전북특별자치도 전주시 완산구 효자동2가 1166-10 102호,전북특별자치도 전주시 완산구 범안1길 30,063-229-3590,127.1072738,35.81141015,효자4동,exact_road_building_match,기존 주택 CSV의 건물 좌표; 음식점 자체 측량 좌표 아님
빽다방_전주효천지구점,완산구 효자5동,전북특별자치도 전주시 완산구 효자동2가 1359-6,전북특별자치도 전주시 완산구 효천천변길 24,063-237-2737,,,,unmatched_address,기존 주택 CSV의 건물 좌표; 음식점 자체 측량 좌표 아님
현대옥_예수병원점,완산구 중화산동2가,전북특별자치도 전주시 완산구 중화산동2가 44-3,전북특별자치도 전주시 완산구 따박골6길 48,063-287-8520,127.1282737,35.81086937,중화산1동,exact_road_building_match,기존 주택 CSV의 건물 좌표; 음식점 자체 측량 좌표 아님
하르빈,완산구 효자5동,전북특별자치도 전주시 완산구 효자동3가 1529-7,전북특별자치도 전주시 완산구 홍산북로 59-9,063-274-8883,,,,unmatched_address,기존 주택 CSV의 건물 좌표; 음식점 자체 측량 좌표 아님
한국집,완산구 풍남동,전북특별자치도 전주시 완산구 전동 2-1,전북특별자치도 전주시 완산구 어진길 119,063-284-2224,,,,unmatched_address,기존 주택 CSV의 건물 좌표; 음식점 자체 측량 좌표 아님
감성돈까스,완산구 중화산동,전북특별자치도 전주시 완산구 중화산동2가 704-8,전북특별자치도 전주시 완산구 중화산로 120,070-7537-1689,,,,unmatched_address,기존 주택 CSV의 건물 좌표; 음식점 자체 측량 좌표 아님
영화마을,완산구 효자5동,전북특별자치도 전주시 완산구 상림동 545-5,"전북특별자치도 전주시 완산구 정여립로 688-33, 1층",0507-1326-8588,,,,unmatched_address,기존 주택 CSV의 건물 좌표; 음식점 자체 측량 좌표 아님
압록매운탕,완산구 상림동,전북특별자치도 전주시 완산구 상림동 110-2,전북특별자치도 전주시 완산구 안심새길 7,0507-1352-5059,,,,unmatched_address,기존 주택 CSV의 건물 좌표; 음식점 자체 측량 좌표 아님
카페스타치오,완산구 효자동3가,전북특별자치도 전주시 완산구 효자동3가 745-2,전북특별자치도 전주시 완산구 원서곡길 45,0507-1336-6421,,,,unmatched_address,기존 주택 CSV의 건물 좌표; 음식점 자체 측량 좌표 아님
반했닭_중화산점,완산구 중화산동,전북특별자치도 전주시 완산구 중화산동2가 531-3,전북특별자치도 전주시 완산구 산월1길 10,063-236-7878,,,,unmatched_address,기존 주택 CSV의 건물 좌표; 음식점 자체 측량 좌표 아님
1도씨맥주_효자점,완산구 효자동1가,전북특별자치도 전주시 완산구 효자동1가 382,전북특별자치도 전주시 완산구 거마평로 180,"0507-1345-3244, 063-222-3244",,,,unmatched_address,기존 주택 CSV의 건물 좌표; 음식점 자체 측량 좌표 아님
제줏간,완산구 효자동3가,전북특별자치도 전주시 완산구 효자동3가 1528-12,전북특별자치도 전주시 완산구 홍산북로 69-9,0507-1354-5499,,,,unmatched_address,기존 주택 CSV의 건물 좌표; 음식점 자체 측량 좌표 아님
시골감자탕노란양푼갈비,덕진구 송천1동,전북특별자치도 전주시 덕진구 송천동2가 523-1,전북특별자치도 전주시 덕진구 붓내3길 9,063-272-8748,,,,unmatched_address,기존 주택 CSV의 건물 좌표; 음식점 자체 측량 좌표 아님
맛찬들왕소금구이_전주점,완산구 효자5동,전북특별자치도 전주시 완산구 효자동3가 1535-7 1층 맛찬들,전북특별자치도 전주시 완산구 홍산중앙로 29,063-225-6692,,,,unmatched_address,기존 주택 CSV의 건물 좌표; 음식점 자체 측량 좌표 아님
북도,완산구 중앙동,전북특별자치도 전주시 완산구 중앙동4가 78-1 1층,전북특별자치도 전주시 완산구 풍남문4길 26-6 1층,0507-1350-6654,,,,unmatched_address,기존 주택 CSV의 건물 좌표; 음식점 자체 측량 좌표 아님
꿀보다닭강정_효자점,완산구 효자동1가,전북특별자치도 전주시 완산구 효자동1가 652 상산타운아파트상가 3동 115호,전북특별자치도 전주시 완산구 거마평로125,0507-1337-9256,,,,unmatched_address,기존 주택 CSV의 건물 좌표; 음식점 자체 측량 좌표 아님
사위밥상,완산구 효자동1가,전북특별자치도 전주시 완산구 효자동1가 622-6,전북특별자치도 전주시 완산구 거마평로 188-3,"0507-1331-3654, 063-225-3654",,,,unmatched_address,기존 주택 CSV의 건물 좌표; 음식점 자체 측량 좌표 아님
도모도모,완산구 효자5동,전북특별자치도 전주시 완산구 효자동2가 1236-1 102호,전북특별자치도 전주시 완산구 홍산북로 20 102호,063-225-1103,,,,unmatched_address,기존 주택 CSV의 건물 좌표; 음식점 자체 측량 좌표 아님
서신먹거리감자탕,완산구 서신동,전북특별자치도 전주시 완산구 서신동 948-16,전북특별자치도 전주시 완산구 고사평로 14,063-224-5575,,,,unmatched_address,기존 주택 CSV의 건물 좌표; 음식점 자체 측량 좌표 아님
e석쇠한판아중점,덕진구 우아동2가,전북특별자치도 전주시 덕진구 우아동2가 917-3,전북특별자치도 전주시 덕진구 아중1길 22,063-246-3245,,,,unmatched_address,기존 주택 CSV의 건물 좌표; 음식점 자체 측량 좌표 아님
조가네갑오징어_전북도청점,완산구 효자동,전북특별자치도 전주시 완산구 효자동2가 1235-10,전북특별자치도 전주시 완산구 바우배기2길 14,063-229-5522,,,,unmatched_address,기존 주택 CSV의 건물 좌표; 음식점 자체 측량 좌표 아님
허브롤까스,완산구 효자4동,전북특별자치도 전주시 완산구 효자동2가 1307-1,전북특별자치도 전주시 완산구 후곡길 31,063-229-7599,127.0949818,35.81144185,효자4동,exact_road_building_match,기존 주택 CSV의 건물 좌표; 음식점 자체 측량 좌표 아님
자담치킨_대명점,덕진구 송천동1가,전북특별자치도 전주시 덕진구 송천동1가 626-55,전북특별자치도 전주시 덕진구 시천로 31,063-276-9942,,,,unmatched_address,기존 주택 CSV의 건물 좌표; 음식점 자체 측량 좌표 아님
이태리부대찌개_서곡점,완산구 효자동,전북특별자치도 전주시 완산구 효자동3가  1436-2 1층,전북특별자치도 전주시 완산구 서곡로 76 1층,063-227-2488,127.1016955,35.83542132,효자5동,exact_road_building_match,기존 주택 CSV의 건물 좌표; 음식점 자체 측량 좌표 아님
모정산골냉면_혁신도시점,덕진구 혁신동,전북특별자치도 전주시 덕진구 중동 776-5,전북특별자치도 전주시 덕진구 오공로 33-6,063-223-3434,,,,unmatched_address,기존 주택 CSV의 건물 좌표; 음식점 자체 측량 좌표 아님
진칸스_전북대점,덕진구 덕진동,전북특별자치도 전주시 덕진구 덕진동1가 1264-3,전북특별자치도 전주시 덕진구 명륜3길 18-4,0507-1478-9925,,,,unmatched_address,기존 주택 CSV의 건물 좌표; 음식점 자체 측량 좌표 아님
김가네오리,덕진구 송천1동,전북특별자치도 전주시 덕진구 송천동1가 137-3 2층,전북특별자치도 전주시 덕진구 솔내로 108 2층,063-252-5282,,,,unmatched_address,기존 주택 CSV의 건물 좌표; 음식점 자체 측량 좌표 아님
광장콩나물국밥,덕진구 덕진동,전북특별자치도 전주시 덕진구 덕진동1가 1276-2,전북특별자치도 전주시 덕진구 덕진광장로 6,063-252-0360,,,,unmatched_address,기존 주택 CSV의 건물 좌표; 음식점 자체 측량 좌표 아님
강진고향산천다슬기전문점,완산구 중화산동2가,전북특별자치도 전주시 완산구 중화산동2가 694-6,전북특별자치도 전주시 완산구 메너머3길 13-8,063-227-7799,,,,unmatched_address,기존 주택 CSV의 건물 좌표; 음식점 자체 측량 좌표 아님
락빈소바칼국수,완산구 중화산동2가,전북특별자치도 전주시 완산구 중화산동2가 750-1,전북특별자치도 전주시 완산구 화산천변6길 7,063-229-5989,,,,unmatched_address,기존 주택 CSV의 건물 좌표; 음식점 자체 측량 좌표 아님
화산생곱창,완산구 효자5동,전북특별자치도 전주시 완산구 효자동3가 1529-12,전북특별자치도 전주시 완산구 홍산북로 53,063-231-8844,,,,unmatched_address,기존 주택 CSV의 건물 좌표; 음식점 자체 측량 좌표 아님
설가,완산구 효자동3가,전북특별자치도 전주시 완산구 효자동3가 1527-4,전북특별자치도 전주시 완산구 홍산3길 13,063-228-3332,,,,unmatched_address,기존 주택 CSV의 건물 좌표; 음식점 자체 측량 좌표 아님
투리스타,완산구 효자5동,전북특별자치도 전주시 완산구 효자동3가 1633-7 1층,전북특별자치도 전주시 완산구 마전중앙로 21 1층,063-902-2258,,,,unmatched_address,기존 주택 CSV의 건물 좌표; 음식점 자체 측량 좌표 아님
진수곱창,완산구 효자5동,전북특별자치도 전주시 완산구 효자동3가 1535-1,전북특별자치도 전주시 완산구 홍산중앙로 41,063-222-5155,,,,unmatched_address,기존 주택 CSV의 건물 좌표; 음식점 자체 측량 좌표 아님
긱스피자중화산점,완산구 중화산동2가,전북특별자치도 전주시 완산구 중화산동2가 757-5 1층,전북특별자치도 전주시 완산구 화산천변2길 11-1 1층,050-7987-6135,127.1173155,35.8195935,중화산2동,exact_road_building_match,기존 주택 CSV의 건물 좌표; 음식점 자체 측량 좌표 아님
늘버들식당,완산구 중화산동2가,전북특별자치도 전주시 완산구 중화산동2가 119-10,전북특별자치도 전주시 완산구 서원로 279-22,063-224-9248,,,,unmatched_address,기존 주택 CSV의 건물 좌표; 음식점 자체 측량 좌표 아님
와플대학_전주효천캠퍼스점,완산구 효자5동,전북특별자치도 전주시 완산구 효자동2가 1377-4,전북특별자치도 전주시 완산구 효천중앙로 49,063-222-4948,,,,unmatched_address,기존 주택 CSV의 건물 좌표; 음식점 자체 측량 좌표 아님
콩뿔아구촌,덕진구 우아1동,전북특별자치도 전주시 덕진구 우아동3가 747-79 1층,전북특별자치도 전주시 덕진구 우아1길 15 1층,063-212-1684,,,,unmatched_address,기존 주택 CSV의 건물 좌표; 음식점 자체 측량 좌표 아님
도담국밥앤수육,덕진구 송천2동,전북특별자치도 전주시 덕진구 송천동2가 1327-8,"전북특별자치도 전주시 덕진구 세병2길 31-7, 1층 104호",063-274-9800,,,,unmatched_address,기존 주택 CSV의 건물 좌표; 음식점 자체 측량 좌표 아님
오복식당,덕진구 우아2동,전북특별자치도 전주시 덕진구 산정동 868-7,전북특별자치도 전주시 덕진구 산정3길 14,063-246-0055,,,,unmatched_address,기존 주택 CSV의 건물 좌표; 음식점 자체 측량 좌표 아님
화월짜글이,완산구 중화산동,전북특별자치도 전주시 완산구 중화산동2가 776-3,전북특별자치도 전주시 완산구 신촌4길 10-6,063-223-1208,,,,unmatched_address,기존 주택 CSV의 건물 좌표; 음식점 자체 측량 좌표 아님
돌하루방,완산구 중화산동2가,전북특별자치도 전주시 완산구 중화산동2가 762-8,전북특별자치도 전주시 완산구 화산천변1길 8-3,063-225-4222,,,,unmatched_address,기존 주택 CSV의 건물 좌표; 음식점 자체 측량 좌표 아님
미가옥콩나물국밥,완산구 효자동3가,전북특별자치도 전주시 완산구 효자동3가 1589-7,전북특별자치도 전주시 완산구 황강서원1길 3-8,063-225-7591,127.097673,35.82837519,효자5동,exact_road_building_match,기존 주택 CSV의 건물 좌표; 음식점 자체 측량 좌표 아님
등촌샤브칼국수_에코시티점,덕진구 송천2동,전북특별자치도 전주시 덕진구 전미동1가 593-16 1층,전북특별자치도 전주시 덕진구 백석로 202 1층,063-251-2356,,,,unmatched_address,기존 주택 CSV의 건물 좌표; 음식점 자체 측량 좌표 아님
역전할머니맥주_전주효자2호점,완산구 효자5동,전북특별자치도 전주시 완산구 효자동2가 1332-1 1층 105호,전북특별자치도 전주시 완산구 홍산로 160-3 1층 105호,063-236-7624,,,,unmatched_address,기존 주택 CSV의 건물 좌표; 음식점 자체 측량 좌표 아님
탕화쿵푸마라탕_송천점,덕진구 송천동,전북특별자치도 전주시 덕진구 송천동2가 1330-3,전북특별자치도 전주시 덕진구 세병1길 14,063-277-4468,,,,unmatched_address,기존 주택 CSV의 건물 좌표; 음식점 자체 측량 좌표 아님
아중고기마트_중화산점,완산구 중화산동,전북특별자치도 전주시 완산구 중화산동2가 649,전북특별자치도 전주시 완산구 한두평4길 6,063-244-9474,,,,unmatched_address,기존 주택 CSV의 건물 좌표; 음식점 자체 측량 좌표 아님
변산명품바지락죽전문점,완산구 중화산동2가,전북특별자치도 전주시 완산구 중화산동2가 760-5,전북특별자치도 전주시 완산구 화산천변로 5,063-242-2554,,,,unmatched_address,기존 주택 CSV의 건물 좌표; 음식점 자체 측량 좌표 아님
생선구어가,완산구 효자5동,전북특별자치도 전주시 완산구 효자동2가 1305-8 1층,전북특별자치도 전주시 완산구 후곡길 31-33 1층,063-251-8892,127.0942248,35.8112713,효자4동,exact_road_building_match,기존 주택 CSV의 건물 좌표; 음식점 자체 측량 좌표 아님
하동각,완산구 효자동,전북특별자치도 전주시 완산구 효자동1가 364-22,전북특별자치도 전주시 완산구 거마평로 189-52,050-4454-2314,127.1124042,35.80922396,효자3동,exact_road_building_match,기존 주택 CSV의 건물 좌표; 음식점 자체 측량 좌표 아님
한일옥_본점,완산구 중화산동,전북특별자치도 전주시 완산구 중화산동2가 615-9,전북특별자치도 전주시 완산구 중산중앙로 29,063-222-3118,,,,unmatched_address,기존 주택 CSV의 건물 좌표; 음식점 자체 측량 좌표 아님
부송국수_전주송천점,덕진구 송천2동,전북특별자치도 전주시 덕진구 송천동2가 531-12,전북특별자치도 전주시 덕진구 시천로 51,063-255-9888,,,,unmatched_address,기존 주택 CSV의 건물 좌표; 음식점 자체 측량 좌표 아님
남다른감자탕_전주혁신점,덕진구 혁신동,전북특별자치도 전주시 덕진구 혁신동 777-2,전북특별자치도 전주시 덕진구 오공로 43-50,063-225-2110,,,,unmatched_address,기존 주택 CSV의 건물 좌표; 음식점 자체 측량 좌표 아님
카페수다수다,완산구 효자동1가,전북특별자치도 전주시 완산구 효자동1가 617-1,전북특별자치도 전주시 완산구 중화산로 11,0507-1361-9490,,,,unmatched_address,기존 주택 CSV의 건물 좌표; 음식점 자체 측량 좌표 아님
수수전집,덕진구 송천동2가,전북특별자치도 전주시 덕진구 송천동2가 185-1,전북특별자치도 전주시 덕진구 사근1길 57,063-277-9911,,,,unmatched_address,기존 주택 CSV의 건물 좌표; 음식점 자체 측량 좌표 아님
원평시골피순대_전북대점,덕진구 덕진동,전북특별자치도 전주시 덕진구 덕진동1가 1402-20,전북특별자치도 전주시 덕진구 사평로 67,063-271-3319,,,,unmatched_address,기존 주택 CSV의 건물 좌표; 음식점 자체 측량 좌표 아님
커피홀베이커리_전주에코시티점,덕진구 송천동,전북특별자치도 전주시 덕진구 송천동2가 1330-4,전북특별자치도 전주시 덕진구 세병2길 16,063-287-1001,,,,unmatched_address,기존 주택 CSV의 건물 좌표; 음식점 자체 측량 좌표 아님
역전할머니맥주_전주신시가지점,완산구 효자동3가,"전북특별자치도 전주시 완산구 효자동3가 1538-6 104,105호",전북특별자치도 전주시 완산구 홍산남로 83-19,063-228-7624,,,,unmatched_address,기존 주택 CSV의 건물 좌표; 음식점 자체 측량 좌표 아님
산마을오리정본점,완산구 효자동,전북특별자치도 전주시 완산구 효자동3가 1646-10,전북특별자치도 전주시 완산구 마전1길 6,063-251-5291,,,,unmatched_address,기존 주택 CSV의 건물 좌표; 음식점 자체 측량 좌표 아님
숲,완산구 효자3동,전북특별자치도 전주시 완산구 효자동1가 201-63 1층,전북특별자치도 전주시 완산구 효동2길 14-8 1층,0507-1405-6713,,,,unmatched_address,기존 주택 CSV의 건물 좌표; 음식점 자체 측량 좌표 아님
디드커피,완산구 고사동,전북특별자치도 전주시 완산구 고사동 300-6,전북특별자치도 전주시 완산구 전주객사3길 96,010-8120-0600,,,,unmatched_address,기존 주택 CSV의 건물 좌표; 음식점 자체 측량 좌표 아님
한가람,덕진구 덕진동,전북특별자치도 전주시 덕진구 덕진동2가 2-2,전북특별자치도 전주시 덕진구 송천중앙로 51,063-251-3535,,,,unmatched_address,기존 주택 CSV의 건물 좌표; 음식점 자체 측량 좌표 아님
1980중화포차,덕진구 송천2동,전북특별자치도 전주시 덕진구 송천동1가 800-4,전북특별자치도 전주시 덕진구 시천로 76,063-252-1077,,,,unmatched_address,기존 주택 CSV의 건물 좌표; 음식점 자체 측량 좌표 아님
서릿골,완산구 효자동1가,전북특별자치도 전주시 완산구 효자동1가 270-25,전북특별자치도 전주시 완산구 용머리로 102,010-5319-8325,,,,unmatched_address,기존 주택 CSV의 건물 좌표; 음식점 자체 측량 좌표 아님
들어와횟집,완산구 서신동,전북특별자치도 전주시 완산구 서신동  1016-9,전북특별자치도 전주시 완산구 고사평5길 14-6,0507-1341-5535,127.1088485,35.83732455,서신동,exact_road_building_match,기존 주택 CSV의 건물 좌표; 음식점 자체 측량 좌표 아님
북해도,덕진구 송천동2가,전북특별자치도 전주시 덕진구 송천동2가 523-14 2층,전북특별자치도 전주시 덕진구 붓내3길 7 2층,063-255-5505,,,,unmatched_address,기존 주택 CSV의 건물 좌표; 음식점 자체 측량 좌표 아님
한솥도시락_전주효자점,완산구 효자5동,전북특별자치도 전주시 완산구 효자동3가 1689-7 1층,전북특별자치도 전주시 완산구 마전들로 56 1층,063-285-8858,,,,unmatched_address,기존 주택 CSV의 건물 좌표; 음식점 자체 측량 좌표 아님
전주가맥,완산구 풍남동,전북특별자치도 전주시 완산구 경원동3가 15-9,전북특별자치도 전주시 완산구 현무1길 10-15,0507-1306-1755,,,,unmatched_address,기존 주택 CSV의 건물 좌표; 음식점 자체 측량 좌표 아님
만호정,완산구 중화산동,전북특별자치도 전주시 완산구 중화산동2가 653-1,전북특별자치도 전주시 완산구 영경2길 13,063-223-9211,,,,unmatched_address,기존 주택 CSV의 건물 좌표; 음식점 자체 측량 좌표 아님
곱창댁,덕진구 덕진동,전북특별자치도 전주시 덕진구 덕진동2가 671-14,전북특별자치도 전주시 덕진구 가리내8길 10-12,063-255-6467,127.1107801,35.84434222,덕진동,exact_road_building_match,기존 주택 CSV의 건물 좌표; 음식점 자체 측량 좌표 아님
비하인드,완산구 효자동,전북특별자치도 전주시 완산구 효자동2가 1155-9,전북특별자치도 전주시 완산구 홍산중앙로 17,0507-1364-5117,,,,unmatched_address,기존 주택 CSV의 건물 좌표; 음식점 자체 측량 좌표 아님
바르다김선생_전주서신점,완산구 서신동,전북특별자치도 전주시 완산구 서신동 856-2,전북특별자치도 전주시 완산구 서신로 6,063-274-7139,,,,unmatched_address,기존 주택 CSV의 건물 좌표; 음식점 자체 측량 좌표 아님
백번탕회,완산구 효자동1가,전북특별자치도 전주시 완산구 효자동1가 596-8,전북특별자치도 전주시 완산구 신봉2길 11,063-254-4100,,,,unmatched_address,기존 주택 CSV의 건물 좌표; 음식점 자체 측량 좌표 아님
프롬나드,덕진구 장동,전북특별자치도 전주시 덕진구 장동 1074,전북특별자치도 전주시 덕진구 틀못1길 17,없음,,,,unmatched_address,기존 주택 CSV의 건물 좌표; 음식점 자체 측량 좌표 아님
노고단에취한달,완산구 중화산동,전북특별자치도 전주시 완산구 중화산동2가 627-2,전북특별자치도 전주시 완산구 중산5길 16-6,063-901-5353,127.1218526,35.81568626,중화산2동,exact_road_building_match,기존 주택 CSV의 건물 좌표; 음식점 자체 측량 좌표 아님
만권화밥_전주대학교점,완산구 효자4동,전북특별자치도 전주시 완산구 효자동2가 1080 전주대학교내,전북특별자치도 전주시 완산구 천잠로 303 전주대학교내,1688-9230,,,,unmatched_address,기존 주택 CSV의 건물 좌표; 음식점 자체 측량 좌표 아님
덜렁이감자탕,덕진구 우아동1가,전북특별자치도 전주시 덕진구 우아동1가 1089-1,전북특별자치도 전주시 덕진구 아중로 208,063-243-3392,,,,unmatched_address,기존 주택 CSV의 건물 좌표; 음식점 자체 측량 좌표 아님
파머스맥주,완산구 다가동3가,전북특별자치도 전주시 완산구 다가동3가 64-44,전북특별자치도 전주시 완산구 전주객사1길 15,070-8803-3915,,,,unmatched_address,기존 주택 CSV의 건물 좌표; 음식점 자체 측량 좌표 아님
와플대학_효자문학캠퍼스,완산구 효자동,전북특별자치도 전주시 완산구 효자동3가 1619-2,전북특별자치도 전주시 완산구 문학대4길 28-4,063-909-8586,127.1047024,35.8266183,효자5동,exact_road_building_match,기존 주택 CSV의 건물 좌표; 음식점 자체 측량 좌표 아님
자담치킨_전주신시가지점,완산구 효자5동,전북특별자치도 전주시 완산구 효자동2가 1252-5 1층,전북특별자치도 전주시 완산구 우전로 201 1층,063-236-1003,,,,unmatched_address,기존 주택 CSV의 건물 좌표; 음식점 자체 측량 좌표 아님
김밥나라_효자점,완산구 효자동1가,전북특별자치도 전주시 완산구 효자동1가 651,전북특별자치도 전주시 완산구 효자천변2길 13,063-229-5587,,,,unmatched_address,기존 주택 CSV의 건물 좌표; 음식점 자체 측량 좌표 아님
이삭토스트_전주중화산점,완산구 서신동,전북특별자치도 전주시 완산구 서신동 857,전북특별자치도 전주시 완산구 유연로 281,063-273-2134,,,,unmatched_address,기존 주택 CSV의 건물 좌표; 음식점 자체 측량 좌표 아님
치마집_하가점,덕진구 덕진동,전북특별자치도 전주시 덕진구 덕진동2가 670-7 101호,전북특별자치도 전주시 덕진구 가리내8길 10-3 101호,0507-1319-7392,127.1104943,35.8437381,덕진동,exact_road_building_match,기존 주택 CSV의 건물 좌표; 음식점 자체 측량 좌표 아님
마마순두부,완산구 경원동1가,전북특별자치도 전주시 완산구 경원동1가 104-21 2층,전북특별자치도 전주시 완산구 전라감영5길 12 2층,0507-1320-5573,,,,unmatched_address,기존 주택 CSV의 건물 좌표; 음식점 자체 측량 좌표 아님
스타벅스_전주효자DT점,완산구 효자동1가,전북특별자치도 전주시 완산구 효자동1가 410-6,전북특별자치도 전주시 완산구 용머리로 7,1522-3232,,,,unmatched_address,기존 주택 CSV의 건물 좌표; 음식점 자체 측량 좌표 아님
신날개,완산구 중화산동2가,전북특별자치도 전주시 완산구 중화산동2가 770-5,전북특별자치도 전주시 완산구 중화산로 93,063-229-8295,,,,unmatched_address,기존 주택 CSV의 건물 좌표; 음식점 자체 측량 좌표 아님
치킨마루_천마점,덕진구 송천2동,전북특별자치도 전주시 덕진구 송천동2가 185-1,"전북특별자치도 전주시 덕진구 사근1길 57, 1층 106호",063-251-6633,,,,unmatched_address,기존 주택 CSV의 건물 좌표; 음식점 자체 측량 좌표 아님
이장네포차,완산구 중화산동2가,전북특별자치도 전주시 완산구 중화산동2가 656-7,전북특별자치도 전주시 완산구 어은로 15,"0507-1470-1355, 063-228-1355",,,,unmatched_address,기존 주택 CSV의 건물 좌표; 음식점 자체 측량 좌표 아님
도도랑족발보쌈_서신낭주골점,완산구 서신동,전북특별자치도 전주시 완산구 서신동 818-8,전북특별자치도 전주시 완산구 서신천변로 55,063-254-3030,,,,unmatched_address,기존 주택 CSV의 건물 좌표; 음식점 자체 측량 좌표 아님
솔잎갈비꽃삼겹살,완산구 효자동3가,전북특별자치도 전주시 완산구 효자동3가 1539-6,전북특별자치도 전주시 완산구 홍산남로 81,063-229-7534,,,,unmatched_address,기존 주택 CSV의 건물 좌표; 음식점 자체 측량 좌표 아님
소통한우,덕진구 송천동2가,전북특별자치도 전주시 덕진구 송천동2가 1330-11,전북특별자치도 전주시 덕진구 세병2길 32-14,0507-1367-8587,,,,unmatched_address,기존 주택 CSV의 건물 좌표; 음식점 자체 측량 좌표 아님
춘향회관,완산구 중화산동2가,전북특별자치도 전주시 완산구 중화산동2가 633-1,전북특별자치도 전주시 완산구 중산2길 15-5,063-222-3434,,,,unmatched_address,기존 주택 CSV의 건물 좌표; 음식점 자체 측량 좌표 아님
조커닭_송천점,덕진구 송천동1가,전북특별자치도 전주시 덕진구 송천동1가 824-5,전북특별자치도 전주시 덕진구 두간로 22,063-277-9555,,,,unmatched_address,기존 주택 CSV의 건물 좌표; 음식점 자체 측량 좌표 아님
라디앙뜨,완산구 다가동,전북특별자치도 전주시 완산구 다가동3가 110-1,"전북특별자치도 전주시 완산구 전라감영2길 37, 1층",063-285-0520,,,,unmatched_address,기존 주택 CSV의 건물 좌표; 음식점 자체 측량 좌표 아님
선이네뷔페반찬,완산구 서신동,전북특별자치도 전주시 완산구 서신동 949-10,전북특별자치도 전주시 완산구 고사평2길 5,063-274-4866,,,,unmatched_address,기존 주택 CSV의 건물 좌표; 음식점 자체 측량 좌표 아님
명륜진사갈비_전주송천점,덕진구 송천동,전북특별자치도 전주시 덕진구 송천동1가 801-7,전북특별자치도 전주시 덕진구 두간8길 3,063-251-9651,,,,unmatched_address,기존 주택 CSV의 건물 좌표; 음식점 자체 측량 좌표 아님
죽이야기_전주_효자휴먼시아점,완산구 효자동,전북특별자치도 전주시 완산구 효자동2가 1319-4,전북특별자치도 전주시 완산구 호암로 84,063-222-6033,,,,unmatched_address,기존 주택 CSV의 건물 좌표; 음식점 자체 측량 좌표 아님
알촌_전북대점,덕진구 덕진동,전북특별자치도 전주시 덕진구 덕진동1가 664-6 원플러스상가106호,전북특별자치도 전주시 덕진구 권삼득로 333 원플러스상가106호,063-277-3362,,,,unmatched_address,기존 주택 CSV의 건물 좌표; 음식점 자체 측량 좌표 아님
BBQ치킨_전주에코시티점,덕진구 송천2동,전북특별자치도 전주시 덕진구 송천동2가 1327-12,"전북특별자치도 전주시 덕진구 세병2길 27, 1층 101호",063-273-9285,,,,unmatched_address,기존 주택 CSV의 건물 좌표; 음식점 자체 측량 좌표 아님
왓더블랙카페,완산구 효자동2가,전북특별자치도 전주시 완산구 효자동2가 1305-3,전북특별자치도 전주시 완산구 봉곡로 8-1,0507-1343-5427,127.0947187,35.81168215,효자4동,exact_road_building_match,기존 주택 CSV의 건물 좌표; 음식점 자체 측량 좌표 아님
할매집곰탕,완산구 중화산동2가,전북특별자치도 전주시 완산구 중화산동2가 186-3,전북특별자치도 전주시 완산구 어은로 18-7,063-236-0022,,,,unmatched_address,기존 주택 CSV의 건물 좌표; 음식점 자체 측량 좌표 아님
카페_빈타이_고사점,완산구 고사동,전북특별자치도 전주시 완산구 고사동 395-9,전북특별자치도 전주시 완산구 전주객사3길 38,063-285-4376,,,,unmatched_address,기존 주택 CSV의 건물 좌표; 음식점 자체 측량 좌표 아님
현대옥_서신점,완산구 서신동,전북특별자치도 전주시 완산구 서신동 816-4,전북특별자치도 전주시 완산구 서신천변10길 7,063-272-0030,127.1149002,35.82998258,서신동,exact_road_building_match,기존 주택 CSV의 건물 좌표; 음식점 자체 측량 좌표 아님
인셔틀,완산구 효자5동,전북특별자치도 전주시 완산구 효자동2가 1235-2,전북특별자치도 전주시 완산구 바우배기2길 17-5,010-5813-9776,,,,unmatched_address,기존 주택 CSV의 건물 좌표; 음식점 자체 측량 좌표 아님
풍년카페,완산구 풍남동,전북특별자치도 전주시 완산구 교동 60-1,전북특별자치도 전주시 완산구 오목대길 60,063-225-3100,,,,unmatched_address,기존 주택 CSV의 건물 좌표; 음식점 자체 측량 좌표 아님
김밥천국_중화산점,완산구 중화산동2가,전북특별자치도 전주시 완산구 중화산동2가 770-8,전북특별자치도 전주시 완산구 중화산로 87,063-229-4900,,,,unmatched_address,기존 주택 CSV의 건물 좌표; 음식점 자체 측량 좌표 아님
카페볼라레,완산구 서신동,전북특별자치도 전주시 완산구 서신동 939-2,전북특별자치도 전주시 완산구 새터로 42,0507-1326-6596,127.1110028,35.83550853,서신동,exact_road_building_match,기존 주택 CSV의 건물 좌표; 음식점 자체 측량 좌표 아님
라홍방마라탕_신시가지점,완산구 효자동,전북특별자치도 전주시 완산구 효자동2가 1157-4,전북특별자치도 전주시 완산구 홍산1길 7,0507-1444-0809,,,,unmatched_address,기존 주택 CSV의 건물 좌표; 음식점 자체 측량 좌표 아님
교동국수,완산구 서신동,전북특별자치도 전주시 완산구 서신동 1015-7,전북특별자치도 전주시 완산구 고사평5길 16,063-277-8762,127.1084609,35.8370958,서신동,exact_road_building_match,기존 주택 CSV의 건물 좌표; 음식점 자체 측량 좌표 아님
송송치맥,완산구 효자동3가,전북특별자치도 전주시 완산구 효자동3가 1686-5,전북특별자치도 전주시 완산구 마전들로 42,063-229-8592,,,,unmatched_address,기존 주택 CSV의 건물 좌표; 음식점 자체 측량 좌표 아님
버무리떡볶이_전주송천점,덕진구 송천동,전북특별자치도 전주시 덕진구 송천동1가 98-2,전북특별자치도 전주시 덕진구 오송1길 31,063-231-1122,,,,unmatched_address,기존 주택 CSV의 건물 좌표; 음식점 자체 측량 좌표 아님
달콤커피_전북도청점,완산구 효자5동,전북특별자치도 전주시 완산구 효자동2가 1155-8,전북특별자치도 전주시 완산구 홍산중앙로 19,063-226-1399,,,,unmatched_address,기존 주택 CSV의 건물 좌표; 음식점 자체 측량 좌표 아님
빽다방_전주하가점,덕진구 덕진동,전북특별자치도 전주시 덕진구 덕진동2가 693-3,전북특별자치도 전주시 덕진구 가련산로 7,063-274-8100,,,,unmatched_address,기존 주택 CSV의 건물 좌표; 음식점 자체 측량 좌표 아님
신작로옆양옥집,덕진구 덕진동,전북특별자치도 전주시 덕진구 덕진동1가 1314-175 2층,전북특별자치도 전주시 덕진구 명륜3길 17-2 2층,063-902-0012,,,,unmatched_address,기존 주택 CSV의 건물 좌표; 음식점 자체 측량 좌표 아님
맛찬들왕소금구이_송천점,덕진구 송천1동,전북특별자치도 전주시 덕진구 송천동2가 484-11 1층,전북특별자치도 전주시 덕진구 붓내3길 9-2 1층,063-278-6692,,,,unmatched_address,기존 주택 CSV의 건물 좌표; 음식점 자체 측량 좌표 아님
엑시트피자_전북대점,덕진구 금암동,전북특별자치도 전주시 덕진구 금암동 470-25 1층,전북특별자치도 전주시 덕진구 기린대로 380 1층,0507-1384-2030,,,,unmatched_address,기존 주택 CSV의 건물 좌표; 음식점 자체 측량 좌표 아님
카페오트,완산구 중앙동1가,전북특별자치도 전주시 완산구 중앙동1가 36-12,전북특별자치도 전주시 완산구 충경로 20,063-232-5399,,,,unmatched_address,기존 주택 CSV의 건물 좌표; 음식점 자체 측량 좌표 아님
곱창고_전주송천점,덕진구 송천동,전북특별자치도 전주시 덕진구 송천동2가 523-24,전북특별자치도 전주시 덕진구 붓내3길 13,063-278-2292,,,,unmatched_address,기존 주택 CSV의 건물 좌표; 음식점 자체 측량 좌표 아님
토궁,완산구 효자동,전북특별자치도 전주시 완산구 효자동3가 584-23,전북특별자치도 전주시 완산구 천잠로 385,063-226-1101,,,,unmatched_address,기존 주택 CSV의 건물 좌표; 음식점 자체 측량 좌표 아님
전주서서갈비,완산구 중화산동2가,전북특별자치도 전주시 완산구 중화산동2가 783-6,전북특별자치도 전주시 완산구 신촌3길 18-3,063-223-3248,,,,unmatched_address,기존 주택 CSV의 건물 좌표; 음식점 자체 측량 좌표 아님
얌스_송천점,덕진구 송천동,전북특별자치도 전주시 덕진구 송천동2가 199,전북특별자치도 전주시 덕진구 북내3길 28,063-276-3337,,,,unmatched_address,기존 주택 CSV의 건물 좌표; 음식점 자체 측량 좌표 아님
샘물맥주_전북대점,덕진구 덕진동,전북특별자치도 전주시 덕진구 덕진동1가 1314-177,전북특별자치도 전주시 덕진구 명륜3길 19,063-254-1999,,,,unmatched_address,기존 주택 CSV의 건물 좌표; 음식점 자체 측량 좌표 아님
비에뜨반미_전북도청점,완산구 효자동2가,전북특별자치도 전주시 완산구 효자동2가 1154-1,전북특별자치도 전주시 완산구 홍산로 246,"0507-1367-9877, 063-229-9877",,,,unmatched_address,기존 주택 CSV의 건물 좌표; 음식점 자체 측량 좌표 아님
에이치,덕진구 송천1동,전북특별자치도 전주시 덕진구 송천동1가 826-10,"전북특별자치도 전주시 덕진구 두간7길 16-6, 1층",010-4485-6412,,,,unmatched_address,기존 주택 CSV의 건물 좌표; 음식점 자체 측량 좌표 아님
은우정육식당,완산구 효자5동,전북특별자치도 전주시 완산구 효자동2가 1155-10 돌핀빌딩 1층 104호,전북특별자치도 전주시 완산구 홍산중앙로 13 돌핀빌딩 1층 104호,063-228-8200,,,,unmatched_address,기존 주택 CSV의 건물 좌표; 음식점 자체 측량 좌표 아님
킹콩점프_전주에코시티점,덕진구 송천2동,전북특별자치도 전주시 덕진구 송천동2가 1331-15,"전북특별자치도 전주시 덕진구 세병남로 31, 4층",063-271-7942,,,,unmatched_address,기존 주택 CSV의 건물 좌표; 음식점 자체 측량 좌표 아님
다선왕갈비,완산구 효자4동,전북특별자치도 전주시 완산구 효자동2가 1330-8,전북특별자치도 전주시 완산구 우전1길 57,"0507-1432-9593, 063-221-9592",127.1057572,35.80887931,효자4동,exact_road_building_match,기존 주택 CSV의 건물 좌표; 음식점 자체 측량 좌표 아님
홍익궁중전통육개장_전주송천점,덕진구 송천동1가,전북특별자치도 전주시 덕진구 송천동1가 107-15,전북특별자치도 전주시 덕진구 솔내로 152,063-277-0099,,,,unmatched_address,기존 주택 CSV의 건물 좌표; 음식점 자체 측량 좌표 아님
골목안커피집,덕진구 송천동,전북특별자치도 전주시 덕진구 송천동2가 213-1,전북특별자치도 전주시 덕진구 붓내3길 50-7,070-8750-7029,127.1267511,35.86614104,송천1동,exact_road_building_match,기존 주택 CSV의 건물 좌표; 음식점 자체 측량 좌표 아님
총각네게장,덕진구 만성동,전북특별자치도 전주시 덕진구 만성동 1355-23,전북특별자치도 전주시 덕진구 만성북3길 11,063-272-4507,,,,unmatched_address,기존 주택 CSV의 건물 좌표; 음식점 자체 측량 좌표 아님
삼삼가맥,완산구 효자동,전북특별자치도 전주시 완산구 효자동3가 1699-5,전북특별자치도 전주시 완산구 효자로 173,0507-1323-3947,,,,unmatched_address,기존 주택 CSV의 건물 좌표; 음식점 자체 측량 좌표 아님
우돈양,완산구 효자동,전북특별자치도 전주시 완산구 효자동3가 1536-3 3층,전북특별자치도 전주시 완산구 홍산중앙로 38 3층,0507-1440-5656,,,,unmatched_address,기존 주택 CSV의 건물 좌표; 음식점 자체 측량 좌표 아님
롱쓰부대찌개_송천에코점,덕진구 송천동2가,전북특별자치도 전주시 덕진구 송천동2가 1327-8,전북특별자치도 전주시 덕진구 세병2길 31-7,063-278-5488,,,,unmatched_address,기존 주택 CSV의 건물 좌표; 음식점 자체 측량 좌표 아님
가마치통닭_송천에코시티점,덕진구 송천2동,전북특별자치도 전주시 덕진구 송천동2가 1308 에코시티자이,"전북특별자치도 전주시 덕진구 세병로 111, 116동 1층 106호",063-278-0997,,,,unmatched_address,기존 주택 CSV의 건물 좌표; 음식점 자체 측량 좌표 아님
꼬치의품격_전주신시가지점,완산구 효자동3가,전북특별자치도 전주시 완산구 효자동3가 1534-6,전북특별자치도 전주시 완산구 홍산남로 59,063-226-9282,,,,unmatched_address,기존 주택 CSV의 건물 좌표; 음식점 자체 측량 좌표 아님
배스킨라빈스_전주에코세병점,덕진구 송천동,전북특별자치도 전주시 덕진구 송천동2가 1301-2,전북특별자치도 전주시 덕진구 세병로 174-10,063-277-4218,,,,unmatched_address,기존 주택 CSV의 건물 좌표; 음식점 자체 측량 좌표 아님
양평해장국_서호점,덕진구 송천동1가,전북특별자치도 전주시 덕진구 송천동1가 382-1,전북특별자치도 전주시 덕진구 송천로,063-251-3244,,,,unmatched_address,기존 주택 CSV의 건물 좌표; 음식점 자체 측량 좌표 아님
국수나무_효자휴먼시아점,완산구 효자5동,전북특별자치도 전주시 완산구 효자동2가 1256-1,전북특별자치도 전주시 완산구 우전로 210,063-228-0909,,,,unmatched_address,기존 주택 CSV의 건물 좌표; 음식점 자체 측량 좌표 아님
남노갈비_본점,완산구 풍남동,전북특별자치도 전주시 완산구 풍남동2가 29-5,전북특별자치도 전주시 완산구 한지길 24,063-288-3525,,,,unmatched_address,기존 주택 CSV의 건물 좌표; 음식점 자체 측량 좌표 아님
본죽_전주서신풍년점,덕진구 송천2동,전북특별자치도 전주시 완산구 서신동 763-1 신일아파트 115동 1층 117호,전북특별자치도 전주시 완산구 당산로 27 신일아파트 115동 1층 117호,063-272-6233,,,,unmatched_address,기존 주택 CSV의 건물 좌표; 음식점 자체 측량 좌표 아님
미스터면장국수맛있는집_효자점,완산구 효자4동,전북특별자치도 전주시 완산구 효자동2가 750-1,전북특별자치도 전주시 완산구 쑥고개로 301-6,063-227-1112,,,,unmatched_address,기존 주택 CSV의 건물 좌표; 음식점 자체 측량 좌표 아님
카페브라운,완산구 효자동2가,전북특별자치도 전주시 완산구 효자동2가 1313-5,전북특별자치도 전주시 완산구 호암로 23,063-221-1018,,,,unmatched_address,기존 주택 CSV의 건물 좌표; 음식점 자체 측량 좌표 아님
공간,완산구 효자5동,전북특별자치도 전주시 완산구 효자동3가 1686-3 102호,전북특별자치도 전주시 완산구 마전들로 38 102호,010-7763-6911,127.0998007,35.82086613,효자5동,exact_road_building_match,기존 주택 CSV의 건물 좌표; 음식점 자체 측량 좌표 아님
컵스,덕진구 송천동,전북특별자치도 전주시 덕진구 송천동1가 107-145,전북특별자치도 전주시 덕진구 오송1길 19,063-262-7778,,,,unmatched_address,기존 주택 CSV의 건물 좌표; 음식점 자체 측량 좌표 아님
무드,완산구 다가동1가,전북특별자치도 전주시 완산구 다가동1가 8,전북특별자치도 전주시 완산구 전라감영2길 6,0507-1302-1269,,,,unmatched_address,기존 주택 CSV의 건물 좌표; 음식점 자체 측량 좌표 아님
리가든,완산구 다가동4가,전북특별자치도 전주시 완산구 다가동4가 56-5,전북특별자치도 전주시 완산구 전주객사2길 80,0507-1429-2052,,,,unmatched_address,기존 주택 CSV의 건물 좌표; 음식점 자체 측량 좌표 아님
아시안플레이트_송천점,덕진구 송천동,전북특별자치도 전주시 덕진구 송천동2가 529,전북특별자치도 전주시 덕진구 송천중앙로 198,063-278-7872,,,,unmatched_address,기존 주택 CSV의 건물 좌표; 음식점 자체 측량 좌표 아님
솔가숯불갈비,덕진구 우아동2가,전북특별자치도 전주시 덕진구 우아동2가 933-13,전북특별자치도 전주시 덕진구 아중로 219,0507-1431-1124,,,,unmatched_address,기존 주택 CSV의 건물 좌표; 음식점 자체 측량 좌표 아님
본죽_전주효자점,완산구 효자동,전북특별자치도 전주시 완산구 효자동1가 284-4,전북특별자치도 전주시 완산구 거마평로 152,063-229-9397,,,,unmatched_address,기존 주택 CSV의 건물 좌표; 음식점 자체 측량 좌표 아님
테츠오,완산구 효자동,전북특별자치도 전주시 완산구 효자동3가 1540-2,전북특별자치도 전주시 완산구 세내로 299,010-1234-5675,,,,unmatched_address,기존 주택 CSV의 건물 좌표; 음식점 자체 측량 좌표 아님
카페머해,완산구 풍남동,전북특별자치도 전주시 완산구 풍남동2가 3-4,전북특별자치도 전주시 완산구 한지길 16,0507-1382-0715,,,,unmatched_address,기존 주택 CSV의 건물 좌표; 음식점 자체 측량 좌표 아님
아마레,덕진구 송천동2가,전북특별자치도 전주시 덕진구 송천동2가 179-121 2층,전북특별자치도 전주시 덕진구 사근1길 37 2층,0507-1326-7091,,,,unmatched_address,기존 주택 CSV의 건물 좌표; 음식점 자체 측량 좌표 아님
더반,완산구 효자동,전북특별자치도 전주시 완산구 효자동2가 1066-21,전북특별자치도 전주시 완산구 천잠로 259-13,063-236-4664,,,,unmatched_address,기존 주택 CSV의 건물 좌표; 음식점 자체 측량 좌표 아님
참포크정육식당,덕진구 송천동,전북특별자치도 전주시 덕진구 송천동2가 557-7,전북특별자치도 전주시 덕진구 와룡로 58-9,063-278-3511,,,,unmatched_address,기존 주택 CSV의 건물 좌표; 음식점 자체 측량 좌표 아님
아스라이,완산구 효자동,전북특별자치도 전주시 완산구 효자동3가 1536-4,"전북특별자치도 전주시 완산구 홍산중앙로 36, 2층 201호-204호",063-222-0608,,,,unmatched_address,기존 주택 CSV의 건물 좌표; 음식점 자체 측량 좌표 아님
BBQ치킨_중화산하늘채점,완산구 중화산동2가,전북특별자치도 전주시 완산구 중화산동2가 743-3,전북특별자치도 전주시 완산구 유연로 266,063-222-9289,,,,unmatched_address,기존 주택 CSV의 건물 좌표; 음식점 자체 측량 좌표 아님
농부가,덕진구 우아2동,전북특별자치도 전주시 덕진구 우아동2가 900-3,전북특별자치도 전주시 덕진구 석소5길 5,063-247-3006,,,,unmatched_address,기존 주택 CSV의 건물 좌표; 음식점 자체 측량 좌표 아님
열정분식소_전주효자점,완산구 효자5동,전북특별자치도 전주시 완산구 효자동2가 1155-3 1층 103호,전북특별자치도 전주시 완산구 홍산남로 52 1층 103호,063-221-1411,,,,unmatched_address,기존 주택 CSV의 건물 좌표; 음식점 자체 측량 좌표 아님
우리국수잘하는집,완산구 효자동,전북특별자치도 전주시 완산구 효자동3가 1157,전북특별자치도 전주시 완산구 효자로 67-11,063-237-0660,,,,unmatched_address,기존 주택 CSV의 건물 좌표; 음식점 자체 측량 좌표 아님
온다라순대국밥_객사점,완산구 고사동,전북특별자치도 전주시 완산구 고사동 473-9,전북특별자치도 전주시 완산구 전주객사2길 46-12,063-282-3377,,,,unmatched_address,기존 주택 CSV의 건물 좌표; 음식점 자체 측량 좌표 아님
BBQ치킨_전주효자서곡점,완산구 효자5동,전북특별자치도 전주시 완산구 효자동3가 1597-2 1층,전북특별자치도 전주시 완산구 황강서원로 6 1층,0504-2015-0848,,,,unmatched_address,기존 주택 CSV의 건물 좌표; 음식점 자체 측량 좌표 아님
이조곰탕,덕진구 송천2동,전북특별자치도 전주시 덕진구 송천동2가 573-3 1층,"전북특별자치도 전주시 덕진구 와룡로 92, 1층",0507-1403-7742,,,,unmatched_address,기존 주택 CSV의 건물 좌표; 음식점 자체 측량 좌표 아님
맥가이버,완산구 중화산동2가,전북특별자치도 전주시 완산구 중화산동2가 628,전북특별자치도 전주시 완산구 중산로 26,063-225-0255,,,,unmatched_address,기존 주택 CSV의 건물 좌표; 음식점 자체 측량 좌표 아님
전주가정식,완산구 효자5동,전북특별자치도 전주시 완산구 효자동3가 1527-19,전북특별자치도 전주시 완산구 홍산북로 45-24,063-225-9953,,,,unmatched_address,기존 주택 CSV의 건물 좌표; 음식점 자체 측량 좌표 아님
롯데리아_전주효자서부점,완산구 효자동2가,전북특별자치도 전주시 완산구 효자동2가 1317-4,전북특별자치도 전주시 완산구 호암로 65,063-228-5959,,,,unmatched_address,기존 주택 CSV의 건물 좌표; 음식점 자체 측량 좌표 아님
진백산,완산구 효자5동,전북특별자치도 전주시 완산구 효자동3가 1538-3 K2빌딩 105호,전북특별자치도 전주시 완산구 홍산북로 84-20 K2빌딩 105호,010-2386-6459,,,,unmatched_address,기존 주택 CSV의 건물 좌표; 음식점 자체 측량 좌표 아님
카페아는집,덕진구 우아동1가,전북특별자치도 전주시 덕진구 우아동1가 1118-5 2층,전북특별자치도 전주시 덕진구 인교9길 17 2층,063-243-2341,,,,unmatched_address,기존 주택 CSV의 건물 좌표; 음식점 자체 측량 좌표 아님
가츠연,완산구 효자동,전북특별자치도 전주시 완산구 효자동3가 1533-3 성준빌딩 2층,전북특별자치도 전주시 완산구 홍산북로 46-21 성준빌딩 2층,070-7510-2277,,,,unmatched_address,기존 주택 CSV의 건물 좌표; 음식점 자체 측량 좌표 아님
한들각,완산구 효자동1가,전북특별자치도 전주시 완산구 효자동1가 52-4,전북특별자치도 전주시 완산구 안행로 112,없음,,,,unmatched_address,기존 주택 CSV의 건물 좌표; 음식점 자체 측량 좌표 아님
피자스쿨_휴먼시아점,완산구 효자5동,전북특별자치도 전주시 완산구 효자동2가 1313-7,전북특별자치도 전주시 완산구 호암로 19,063-226-8877,,,,unmatched_address,기존 주택 CSV의 건물 좌표; 음식점 자체 측량 좌표 아님
상무초밥_전주도청점,완산구 효자5동,전북특별자치도 전주시 완산구 효자동3가 1525-2 1층 101호,전북특별자치도 전주시 완산구 홍산로 276 1층 101호,063-229-2267,127.1064553,35.8182318,효자5동,exact_road_building_match,기존 주택 CSV의 건물 좌표; 음식점 자체 측량 좌표 아님
비코로,덕진구 송천동,전북특별자치도 전주시 덕진구 송천동1가 422-15,전북특별자치도 전주시 덕진구 송천로 60,010-7202-8155,127.1180518,35.85859713,송천2동,exact_road_building_match,기존 주택 CSV의 건물 좌표; 음식점 자체 측량 좌표 아님
더블루칩,완산구 효자동,전북특별자치도 전주시 완산구 효자동3가 1530-10 3층,전북특별자치도 전주시 완산구 홍산북로 71 3층,0507-1339-8743,,,,unmatched_address,기존 주택 CSV의 건물 좌표; 음식점 자체 측량 좌표 아님
못난이꽈배기_서신점,완산구 서신동,전북특별자치도 전주시 완산구 서신동 797-1 1층 101호,전북특별자치도 전주시 완산구 당산로 38 1층 101호,"0507-1394-1702, 063-255-1700",,,,unmatched_address,기존 주택 CSV의 건물 좌표; 음식점 자체 측량 좌표 아님
다우랑,완산구 풍남동,전북특별자치도 전주시 완산구 교동 269-2,전북특별자치도 전주시 완산구 태조로 33,063-285-5000,,,,unmatched_address,기존 주택 CSV의 건물 좌표; 음식점 자체 측량 좌표 아님
바다꽃게탕본점,덕진구 우아동2가,전북특별자치도 전주시 덕진구 우아동2가 911-3,전북특별자치도 전주시 덕진구 아중1길 13-1,063-244-4288,,,,unmatched_address,기존 주택 CSV의 건물 좌표; 음식점 자체 측량 좌표 아님
가람_전주도청점,완산구 효자동,전북특별자치도 전주시 완산구 효자동2가 1156-7,전북특별자치도 전주시 완산구 홍산1길 8,0507-1401-3353,,,,unmatched_address,기존 주택 CSV의 건물 좌표; 음식점 자체 측량 좌표 아님
오타마,완산구 다가동,전북특별자치도 전주시 완산구 다가동4가 64-1,"전북특별자치도 전주시 완산구 전주객사1길 80, 1층",0507-1345-2754,,,,unmatched_address,기존 주택 CSV의 건물 좌표; 음식점 자체 측량 좌표 아님
투썸플레이스_전주CGV중앙점,완산구 중앙동,전북특별자치도 전주시 완산구 고사동  355-1,전북특별자치도 전주시 완산구 전주객사3길 72,063-285-2388,,,,unmatched_address,기존 주택 CSV의 건물 좌표; 음식점 자체 측량 좌표 아님
오늘나의케이크,덕진구 덕진동,전북특별자치도 전주시 덕진구 덕진동1가 1261-4 더붐상가1층,전북특별자치도 전주시 덕진구 명륜4길 17 더붐상가 1층,063-255-9266,,,,unmatched_address,기존 주택 CSV의 건물 좌표; 음식점 자체 측량 좌표 아님
장천회관,완산구 서신동,전북특별자치도 전주시 완산구 서신동 957-2,전북특별자치도 전주시 완산구 고사평1길 9,063-271-3123,,,,unmatched_address,기존 주택 CSV의 건물 좌표; 음식점 자체 측량 좌표 아님
솔솔김밥,완산구 효자동,전북특별자치도 전주시 완산구 효자동1가 454-3,전북특별자치도 전주시 완산구 효자천변2길 7,063-226-5006,,,,unmatched_address,기존 주택 CSV의 건물 좌표; 음식점 자체 측량 좌표 아님
한방가마솥족발_중화산점,완산구 중화산동,전북특별자치도 전주시 완산구 중화산동2가 535-5,전북특별자치도 전주시 완산구 서원로 296,050-7987-7604,,,,unmatched_address,기존 주택 CSV의 건물 좌표; 음식점 자체 측량 좌표 아님
밥꽃세상,완산구 효자동,전북특별자치도 전주시 완산구 효자동3가 1646-7,"전북특별자치도 전주시 완산구 마전1길 6-7, 1층",063-226-8933,,,,unmatched_address,기존 주택 CSV의 건물 좌표; 음식점 자체 측량 좌표 아님
신전떡볶이_서신점,완산구 중화산동2가,전북특별자치도 전주시 완산구 중화산동2가 744-6 103호,전북특별자치도 전주시 완산구 유연로 290 103호,0507-1416-1161,,,,unmatched_address,기존 주택 CSV의 건물 좌표; 음식점 자체 측량 좌표 아님
88콩나물국밥_전주혁신대방점,덕진구 혁신동,전북특별자치도 전주시 덕진구 중동 776-14 1층,전북특별자치도 전주시 덕진구 오공로 43-17 1층,063-222-3488,,,,unmatched_address,기존 주택 CSV의 건물 좌표; 음식점 자체 측량 좌표 아님
노랑통닭_전주혁신점,덕진구 혁신동,전북특별자치도 전주시 덕진구 중동 777-1,전북특별자치도 전주시 덕진구 오공로 43-52,050-7417-2855,,,,unmatched_address,기존 주택 CSV의 건물 좌표; 음식점 자체 측량 좌표 아님
육화덕연탄구이,완산구 서신동,전북특별자치도 전주시 완산구 서신동 854-5,전북특별자치도 전주시 완산구 전룡로 17,0504-0999-1275,,,,unmatched_address,기존 주택 CSV의 건물 좌표; 음식점 자체 측량 좌표 아님
롯데리아_중화산점,완산구 중화산동2가,전북특별자치도 전주시 완산구 중화산동2가 647-2,"전북특별자치도 전주시 완산구 백제대로224, 1층",063-221-2219,,,,unmatched_address,기존 주택 CSV의 건물 좌표; 음식점 자체 측량 좌표 아님
이삭토스트_효자점,완산구 효자5동,전북특별자치도 전주시 완산구 효자동3가 1604-21,전북특별자치도 전주시 완산구 문학로 19,063-227-4918,127.1017252,35.82692819,효자5동,exact_road_building_match,기존 주택 CSV의 건물 좌표; 음식점 자체 측량 좌표 아님
카페더헤링본,완산구 효자동,전북특별자치도 전주시 완산구 효자동3가 1526-2,전북특별자치도 전주시 완산구 홍산북로 83,063-229-2330,,,,unmatched_address,기존 주택 CSV의 건물 좌표; 음식점 자체 측량 좌표 아님
황금손가락,완산구 효자동,전북특별자치도 전주시 완산구 효자동2가 1228-7,전북특별자치도 전주시 완산구 효자로 178,063-226-0911,,,,unmatched_address,기존 주택 CSV의 건물 좌표; 음식점 자체 측량 좌표 아님
라라코스트_전주전북도청점,완산구 효자5동,"전북특별자치도 전주시 완산구 효자동3가 1539-2 2층 201호, 202호","전북특별자치도 전주시 완산구 홍산남로 73 2층 201호, 202호",063-228-3230,,,,unmatched_address,기존 주택 CSV의 건물 좌표; 음식점 자체 측량 좌표 아님
뒷고기치맛살가맥,완산구 효자동1가,전북특별자치도 전주시 완산구 효자동1가 663-7,전북특별자치도 전주시 완산구 효자천변1길 30-14,063-224-3307,127.1142603,35.79942413,효자3동,exact_road_building_match,기존 주택 CSV의 건물 좌표; 음식점 자체 측량 좌표 아님
카페인,완산구 서신동,전북특별자치도 전주시 완산구 서신동 947-8,전북특별자치도 전주시 완산구 고사평로 9,없음,127.109403,35.83494373,서신동,exact_road_building_match,기존 주택 CSV의 건물 좌표; 음식점 자체 측량 좌표 아님
두원스베스트,완산구 효자5동,전북특별자치도 전주시 완산구 효자동3가 1716-14 헤르본빌 1층 상가,전북특별자치도 전주시 완산구 농소1길 11 헤르본빌 1층 상가,010-4613-3383,127.0959546,35.81392144,효자5동,exact_road_building_match,기존 주택 CSV의 건물 좌표; 음식점 자체 측량 좌표 아님
이르리,완산구 풍남동,전북특별자치도 전주시 완산구 교동 63-13,전북특별자치도 전주시 완산구 은행로 69,"063-231-1528, 010-2236-4455",,,,unmatched_address,기존 주택 CSV의 건물 좌표; 음식점 자체 측량 좌표 아님
유로코피자_전주혁신점,덕진구 혁신동,전북특별자치도 전주시 덕진구 장동 1086,전북특별자치도 전주시 덕진구 출판로 85,063-211-1828,,,,unmatched_address,기존 주택 CSV의 건물 좌표; 음식점 자체 측량 좌표 아님
1723,완산구 풍남동,전북특별자치도 전주시 완산구 교동 98-2,전북특별자치도 전주시 완산구 오목대길 83,063-288-1723,,,,unmatched_address,기존 주택 CSV의 건물 좌표; 음식점 자체 측량 좌표 아님
팁탭,덕진구 덕진동,전북특별자치도 전주시 덕진구 덕진동1가 1439-23,전북특별자치도 전주시 덕진구 들사평1길 46,070-7867-1269,,,,unmatched_address,기존 주택 CSV의 건물 좌표; 음식점 자체 측량 좌표 아님
다송일식,완산구 효자동,전북특별자치도 전주시 완산구 효자동3가 1697-6 3층,전북특별자치도 전주시 완산구 석산1길 6-23 3층,063-244-8885,,,,unmatched_address,기존 주택 CSV의 건물 좌표; 음식점 자체 측량 좌표 아님
태평진미집,완산구 태평동,전북특별자치도 전주시 완산구 태평동 13-12,전북특별자치도 전주시 완산구 공북로 69,063-277-6543,,,,unmatched_address,기존 주택 CSV의 건물 좌표; 음식점 자체 측량 좌표 아님
국밥세상앤막국수_중화산점,완산구 중화산동2가,전북특별자치도 전주시 완산구 중화산동2가 648-6,전북특별자치도 전주시 완산구 한두평2길 7,063-226-3312,,,,unmatched_address,기존 주택 CSV의 건물 좌표; 음식점 자체 측량 좌표 아님
모화원,완산구 중화산동2가,전북특별자치도 전주시 완산구 중화산동2가 528-8 1층,전북특별자치도 전주시 완산구 산월1길 29 1층,0507-1306-4319,,,,unmatched_address,기존 주택 CSV의 건물 좌표; 음식점 자체 측량 좌표 아님
김수진참치,완산구 효자5동,전북특별자치도 전주시 완산구 효자동3가 1699-5 201호,전북특별자치도 전주시 완산구 효자로 173 201호,063-227-3737,,,,unmatched_address,기존 주택 CSV의 건물 좌표; 음식점 자체 측량 좌표 아님
써니로스,완산구 효자동,전북특별자치도 전주시 완산구 효자동3가 1670-1 1층 써니로스,전북특별자치도 전주시 완산구 마전들로 12,063-221-1817,,,,unmatched_address,기존 주택 CSV의 건물 좌표; 음식점 자체 측량 좌표 아님
글로리빈관,완산구 풍남동,전북특별자치도 전주시 완산구 교동 222-14,전북특별자치도 전주시 완산구 동문길 182,0507-1358-6699,,,,unmatched_address,기존 주택 CSV의 건물 좌표; 음식점 자체 측량 좌표 아님
효자동쭈꾸미,완산구 효자5동,전북특별자치도 전주시 완산구 효자동3가 1632-6 1층,전북특별자치도 전주시 완산구 마전3길 18 1층,0507-1343-1945,,,,unmatched_address,기존 주택 CSV의 건물 좌표; 음식점 자체 측량 좌표 아님
서신다가포갈매기,완산구 서신동,전북특별자치도 전주시 완산구 서신동 935-3,전북특별자치도 전주시 완산구 새터로 41,063-254-0092,,,,unmatched_address,기존 주택 CSV의 건물 좌표; 음식점 자체 측량 좌표 아님
화인,덕진구 송천동,전북특별자치도 전주시 덕진구 송천동1가 817-9,전북특별자치도 전주시 덕진구 두간3길 8-5,063-246-7683,,,,unmatched_address,기존 주택 CSV의 건물 좌표; 음식점 자체 측량 좌표 아님
샤브도둑_전북대점,덕진구 덕진동,전북특별자치도 전주시 덕진구 덕진동1가 1261-30 2층,전북특별자치도 전주시 덕진구 명륜4길 15 2층,063-909-0014,,,,unmatched_address,기존 주택 CSV의 건물 좌표; 음식점 자체 측량 좌표 아님
다랑가옥,완산구 서신동,전북특별자치도 전주시 완산구 서신동 799-19 1층,전북특별자치도 전주시 완산구 서신천변15길 15-3 1층,010-3146-6635,,,,unmatched_address,기존 주택 CSV의 건물 좌표; 음식점 자체 측량 좌표 아님
신인생술집,덕진구 송천동,전북특별자치도 전주시 덕진구 송천동2가 523-24 1층,전북특별자치도 전주시 덕진구 붓내3길 13,063-255-0623,,,,unmatched_address,기존 주택 CSV의 건물 좌표; 음식점 자체 측량 좌표 아님
꺼구리시장통닭_효자점,완산구 효자동2가,전북특별자치도 전주시 완산구 효자동2가 1157-4 1층 132호,전북특별자치도 전주시 완산구 홍산1길 7 1층 132호,050-7987-8218,,,,unmatched_address,기존 주택 CSV의 건물 좌표; 음식점 자체 측량 좌표 아님
청담동말자싸롱_전주송천점,덕진구 송천1동,전북특별자치도 전주시 덕진구 송천동2가 523-1,전북특별자치도 전주시 덕진구 붓내3길 9,063-278-3337,,,,unmatched_address,기존 주택 CSV의 건물 좌표; 음식점 자체 측량 좌표 아님
아침정원,완산구 효자동2가,전북특별자치도 전주시 완산구 효자동2가 1206-2,"전북특별자치도 전주시 완산구 소태정3길20, 1층",063-222-4543,,,,unmatched_address,기존 주택 CSV의 건물 좌표; 음식점 자체 측량 좌표 아님
알이돈까스,덕진구 덕진동,전북특별자치도 전주시 덕진구 덕진동1가 1312-42 2층,전북특별자치도 전주시 덕진구 명륜5길 20-1 2층,0507-1321-3715,,,,unmatched_address,기존 주택 CSV의 건물 좌표; 음식점 자체 측량 좌표 아님
치순이통닭앤가맥,덕진구 송천동2가,전북특별자치도 전주시 덕진구 송천동2가 226-4,전북특별자치도 전주시 덕진구 붓내3길 40,063-253-8295,,,,unmatched_address,기존 주택 CSV의 건물 좌표; 음식점 자체 측량 좌표 아님
새만금,덕진구 우아1동,전북특별자치도 전주시 덕진구 우아동3가 747-44,전북특별자치도 전주시 덕진구 우아3길 5,063-243-6701,,,,unmatched_address,기존 주택 CSV의 건물 좌표; 음식점 자체 측량 좌표 아님
단풍미인한우_도청점,완산구 효자동3가,전북특별자치도 전주시 완산구 효자동3가  1529-11,전북특별자치도 전주시 완산구 홍산북로 55,063-229-8533,,,,unmatched_address,기존 주택 CSV의 건물 좌표; 음식점 자체 측량 좌표 아님
동문원콩나물국밥,완산구 풍남동,전북특별자치도 전주시 완산구 경원동2가 37-1,전북특별자치도 전주시 완산구 동문길 91,063-284-3339,,,,unmatched_address,기존 주택 CSV의 건물 좌표; 음식점 자체 측량 좌표 아님
맘스터치_효자점,완산구 효자동1가,전북특별자치도 전주시 완산구 효자동1가 652,전북특별자치도 전주시 완산구 거마평로 125,0504-0999-1915,,,,unmatched_address,기존 주택 CSV의 건물 좌표; 음식점 자체 측량 좌표 아님
가장맛있는족발_전주에코시티점,덕진구 송천2동,전북특별자치도 전주시 덕진구 송천동2가 1327-8,"전북특별자치도 전주시 덕진구 세병2길 31-7, 1층 101호",063-272-5849,,,,unmatched_address,기존 주택 CSV의 건물 좌표; 음식점 자체 측량 좌표 아님
틈새라면_전주중앙점,완산구 고사동,전북특별자치도 전주시 완산구 고사동 137,전북특별자치도 전주시 완산구 전주객사4길 24-21,063-286-0333,,,,unmatched_address,기존 주택 CSV의 건물 좌표; 음식점 자체 측량 좌표 아님
조점례남문피순대,완산구 풍남동,전북특별자치도 전주시 완산구 전동3가 2-246,전북특별자치도 전주시 완산구 풍남문2길 63,063-232-5006,,,,unmatched_address,기존 주택 CSV의 건물 좌표; 음식점 자체 측량 좌표 아님
바빈스커피_중화산점,완산구 중화산동2가,전북특별자치도 전주시 완산구 중화산동2가 629-11,전북특별자치도 전주시 완산구 백제대로 251,063-232-8888,,,,unmatched_address,기존 주택 CSV의 건물 좌표; 음식점 자체 측량 좌표 아님
야드,완산구 중화산동,전북특별자치도 전주시 완산구 중화산동2가 632 1층,전북특별자치도 전주시 완산구 중산2길 19-7 1층,010-4910-5554,,,,unmatched_address,기존 주택 CSV의 건물 좌표; 음식점 자체 측량 좌표 아님
교촌치킨_서곡효자점,완산구 효자동,전북특별자치도 전주시 완산구 효자동3가 1609-16,전북특별자치도 전주시 완산구 홍산로 375,0503-6986-0016,,,,unmatched_address,기존 주택 CSV의 건물 좌표; 음식점 자체 측량 좌표 아님
백년손님_다슬기,완산구 효자5동,전북특별자치도 전주시 완산구 효자동3가 1418-4 1층,전북특별자치도 전주시 완산구 서곡3길 8 1층,063-278-0010,127.1012198,35.83618274,효자5동,exact_road_building_match,기존 주택 CSV의 건물 좌표; 음식점 자체 측량 좌표 아님
맥시칸치킨_전주중앙점,완산구 고사동,전북특별자치도 전주시 완산구 고사동 369,전북특별자치도 전주시 완산구 전주객사3길 74-36,063-252-9908,,,,unmatched_address,기존 주택 CSV의 건물 좌표; 음식점 자체 측량 좌표 아님
전북한우협동조합_총체보리한우_정육식당,덕진구 송천2동,전북특별자치도 전주시 덕진구 전미동1가 305-11,"전북특별자치도 전주시 덕진구 숲거리길 20-12, 1,2층",063-253-0200,,,,unmatched_address,기존 주택 CSV의 건물 좌표; 음식점 자체 측량 좌표 아님
엑시트피자_평화점,완산구 효자동2가,전북특별자치도 전주시 완산구 평화동1가 727-1,전북특별자치도 전주시 완산구 평화18길 19,0507-1408-0199,,,,unmatched_address,기존 주택 CSV의 건물 좌표; 음식점 자체 측량 좌표 아님
풍년식당,덕진구 만성동,전북특별자치도 전주시 덕진구 만성동 1175-10,전북특별자치도 전주시 덕진구 월방1길 4-5,063-225-9985,127.0701873,35.83359888,여의동,exact_road_building_match,기존 주택 CSV의 건물 좌표; 음식점 자체 측량 좌표 아님
정돈까스_에코시티점,덕진구 송천동,전북특별자치도 전주시 덕진구 송천동2가 1327-15,전북특별자치도 전주시 덕진구 세병2길 19,063-251-7755,,,,unmatched_address,기존 주택 CSV의 건물 좌표; 음식점 자체 측량 좌표 아님
쑤불쭈꾸미,완산구 효자동2가,전북특별자치도 전주시 완산구 효자동2가 1308-6,전북특별자치도 전주시 완산구 후곡길 11-14,063-225-8260,127.0951779,35.80988837,효자4동,exact_road_building_match,기존 주택 CSV의 건물 좌표; 음식점 자체 측량 좌표 아님
알쌈닭불고기_전북대점,덕진구 덕진동,전북특별자치도 전주시 덕진구 덕진동1가 1263-2 2층,전북특별자치도 전주시 덕진구 명륜4길 14 2층,063-273-2573,,,,unmatched_address,기존 주택 CSV의 건물 좌표; 음식점 자체 측량 좌표 아님
화라소소,덕진구 덕진동1가,전북특별자치도 전주시 덕진구 덕진동1가 1263-18 2층,전북특별자치도 전주시 덕진구 명륜3길 17 2층,0507-1416-3481,,,,unmatched_address,기존 주택 CSV의 건물 좌표; 음식점 자체 측량 좌표 아님
다사랑치킨피자_전북대점,덕진구 덕진동,전북특별자치도 전주시 덕진구 덕진동1가 1314-171,전북특별자치도 전주시 덕진구 명륜4길 18-1,063-273-6002,,,,unmatched_address,기존 주택 CSV의 건물 좌표; 음식점 자체 측량 좌표 아님
가득,완산구 경원동3가,전북특별자치도 전주시 완산구 경원동3가 32-16,전북특별자치도 전주시 완산구 현무1길 33,0507-1333-2159,,,,unmatched_address,기존 주택 CSV의 건물 좌표; 음식점 자체 측량 좌표 아님
킹스타피자_전주서신점,완산구 서신동,전북특별자치도 전주시 완산구 서신동 763-1,전북특별자치도 전주시 완산구 당산로 27,0507-1388-8334,,,,unmatched_address,기존 주택 CSV의 건물 좌표; 음식점 자체 측량 좌표 아님
참맛흑돼지,덕진구 송천2동,전북특별자치도 전주시 덕진구 송천동1가 801-8,전북특별자치도 전주시 덕진구 두간10길 4,063-222-0168,,,,unmatched_address,기존 주택 CSV의 건물 좌표; 음식점 자체 측량 좌표 아님
써니스푼,완산구 서신동,전북특별자치도 전주시 완산구 서신동 763-1,전북특별자치도 전주시 완산구 당산로 17,063-905-2049,,,,unmatched_address,기존 주택 CSV의 건물 좌표; 음식점 자체 측량 좌표 아님
앨리스의정원,덕진구 혁신동,전북특별자치도 전주시 덕진구 중동 785-7 1층,전북특별자치도 전주시 덕진구 오정2길 13 1층,010-2635-0275,127.0613659,35.83486737,혁신동,exact_road_building_match,기존 주택 CSV의 건물 좌표; 음식점 자체 측량 좌표 아님
또봉이통닭_중화산점,완산구 중화산동,전북특별자치도 전주시 완산구 중화산동2가 663-8,전북특별자치도 전주시 완산구 한두평1길 17,063-237-2992,,,,unmatched_address,기존 주택 CSV의 건물 좌표; 음식점 자체 측량 좌표 아님
미스터치킨_전북대점,덕진구 덕진동,전북특별자치도 전주시 덕진구 덕진동1가 1314-204 1층,전북특별자치도 전주시 덕진구 명륜5길 17-1 1층,"0507-1397-9308, 063-909-9299",,,,unmatched_address,기존 주택 CSV의 건물 좌표; 음식점 자체 측량 좌표 아님
장미맨숀_전북대본점,덕진구 덕진동,전북특별자치도 전주시 덕진구 덕진동1가 1262-2,전북특별자치도 전주시 덕진구 명륜5길 10-2,0507-1371-6606,,,,unmatched_address,기존 주택 CSV의 건물 좌표; 음식점 자체 측량 좌표 아님
메리골드케이크,덕진구 송천동,전북특별자치도 전주시 덕진구 송천동1가 873,전북특별자치도 전주시 덕진구 송천3길 59,0507-1324-5388,,,,unmatched_address,기존 주택 CSV의 건물 좌표; 음식점 자체 측량 좌표 아님
집밥한식뷔페,덕진구 송천2동,전북특별자치도 전주시 덕진구 전미동2가 68-2 1층,전북특별자치도 전주시 덕진구 전미로 292-8,063-277-2399,,,,unmatched_address,기존 주택 CSV의 건물 좌표; 음식점 자체 측량 좌표 아님
써니네집_본점,완산구 효자5동,전북특별자치도 전주시 완산구 효자동3가 1528-3 조이풀빌딩2층,전북특별자치도 전주시 완산구 홍산4길 10,0507-1401-1817,,,,unmatched_address,기존 주택 CSV의 건물 좌표; 음식점 자체 측량 좌표 아님
행복한밥집,완산구 서신동,전북특별자치도 전주시 완산구 서신동 786-5,전북특별자치도 전주시 완산구 감나무4길 28,063-252-6142,127.1198112,35.83175227,서신동,exact_road_building_match,기존 주택 CSV의 건물 좌표; 음식점 자체 측량 좌표 아님
효자수산가맥,완산구 중앙동,전북특별자치도 전주시 완산구 중앙동1가 31-1,"전북특별자치도 전주시 완산구 전주객사2길 10, 1층",010-8680-4108,,,,unmatched_address,기존 주택 CSV의 건물 좌표; 음식점 자체 측량 좌표 아님
투썸플레이스_전주서곡점,완산구 효자동,전북특별자치도 전주시 완산구 효자동3가 752-4 B동 1층,전북특별자치도 전주시 완산구 천잠로 555 B동 1층,063-272-6269,,,,unmatched_address,기존 주택 CSV의 건물 좌표; 음식점 자체 측량 좌표 아님
장수통닭,완산구 서신동,전북특별자치도 전주시 완산구 서신동 765-1,전북특별자치도 전주시 완산구 당산로 101,0507-0090-7353,,,,unmatched_address,기존 주택 CSV의 건물 좌표; 음식점 자체 측량 좌표 아님
시나본_롯데전주점,완산구 서신동,전북특별자치도 전주시 완산구 서신동 971 2층,전북특별자치도 전주시 완산구 온고을로 2 2층,063-289-2221,,,,unmatched_address,기존 주택 CSV의 건물 좌표; 음식점 자체 측량 좌표 아님
가장맛있는족발_서신점,완산구 서신동,전북특별자치도 전주시 완산구 서신동 933-7 1층,전북특별자치도 전주시 완산구 새터로 23 1층,063-252-5849,127.1093462,35.83647331,서신동,exact_road_building_match,기존 주택 CSV의 건물 좌표; 음식점 자체 측량 좌표 아님
카페_에쏠로지,완산구 서신동,전북특별자치도 전주시 완산구 서신동 964-2,전북특별자치도 전주시 완산구 서신로 112,070-8733-5000,,,,unmatched_address,기존 주택 CSV의 건물 좌표; 음식점 자체 측량 좌표 아님
노을막걸리,완산구 서신동,전북특별자치도 전주시 완산구 서신동 835-7,전북특별자치도 전주시 완산구 안터1길 18,063-255-9634,,,,unmatched_address,기존 주택 CSV의 건물 좌표; 음식점 자체 측량 좌표 아님
빽다방_전북도청타운점,완산구 효자5동,전북특별자치도 전주시 완산구 효자동3가 1535-5,전북특별자치도 전주시 완산구 홍산중앙로 33,063-223-1021,,,,unmatched_address,기존 주택 CSV의 건물 좌표; 음식점 자체 측량 좌표 아님
미가옥_중화산,완산구 중화산동,전북특별자치도 전주시 완산구 중화산동1가 275,전북특별자치도 전주시 완산구 선너머3길 12,063-231-8287,127.1308375,35.81354696,중화산1동,exact_road_building_match,기존 주택 CSV의 건물 좌표; 음식점 자체 측량 좌표 아님
조개꽃천지_아중점,덕진구 우아동2가,전북특별자치도 전주시 덕진구 우아동2가 908-8,전북특별자치도 전주시 덕진구 아중중앙로 19,063-247-9070,,,,unmatched_address,기존 주택 CSV의 건물 좌표; 음식점 자체 측량 좌표 아님
엄가네야채곱창,완산구 중화산동2가,전북특별자치도 전주시 완산구 중화산동2가 574-11,전북특별자치도 전주시 완산구 메너머1길 24,063-222-0503,127.1202389,35.82108058,중화산2동,exact_road_building_match,기존 주택 CSV의 건물 좌표; 음식점 자체 측량 좌표 아님
피자마루_중화산점,완산구 중화산동,전북특별자치도 전주시 완산구 중화산동2가 545,전북특별자치도 전주시 완산구 서원로 274,063-228-2429,,,,unmatched_address,기존 주택 CSV의 건물 좌표; 음식점 자체 측량 좌표 아님
고향시래기_우아동점,덕진구 우아1동,전북특별자치도 전주시 덕진구 우아동3가 64,전북특별자치도 전주시 덕진구 장재안길 43,063-244-1451,,,,unmatched_address,기존 주택 CSV의 건물 좌표; 음식점 자체 측량 좌표 아님
농부며느리,덕진구 우아동2가,전북특별자치도 전주시 덕진구 우아동2가 913-6,전북특별자치도 전주시 덕진구 아중3길 20,063-242-6811,,,,unmatched_address,기존 주택 CSV의 건물 좌표; 음식점 자체 측량 좌표 아님
스타벅스_전주혁신도시,덕진구 혁신동,전북특별자치도 전주시 덕진구 혁신동 774-3,전북특별자치도 전주시 덕진구 기지로 68,1522-3232,,,,unmatched_address,기존 주택 CSV의 건물 좌표; 음식점 자체 측량 좌표 아님
짱그미김밥_송천점,덕진구 송천동,전북특별자치도 전주시 덕진구 송천동1가 107-16 1층,전북특별자치도 전주시 덕진구 천마산로 68 1층,063-274-8794,,,,unmatched_address,기존 주택 CSV의 건물 좌표; 음식점 자체 측량 좌표 아님
카페_루,완산구 효자5동,전북특별자치도 전주시 완산구 효자동2가 156-3 4층,전북특별자치도 전주시 완산구 우전2길 47 4층,063-221-2126,,,,unmatched_address,기존 주택 CSV의 건물 좌표; 음식점 자체 측량 좌표 아님
채선당도시락앤샐러드_전북도청점,완산구 효자동,전북특별자치도 전주시 완산구 효자동3가 1531-2 엠스퀘어 102호,전북특별자치도 전주시 완산구 홍산로 260 102호,063-221-7727,,,,unmatched_address,기존 주택 CSV의 건물 좌표; 음식점 자체 측량 좌표 아님
45년전통비빔밥_종로회관,완산구 풍남동,전북특별자치도 전주시 완산구 전동  60-2,전북특별자치도 전주시 완산구 전동성당길 98,063-288-4578,,,,unmatched_address,기존 주택 CSV의 건물 좌표; 음식점 자체 측량 좌표 아님
노랑통닭_송천점,덕진구 송천1동,전북특별자치도 전주시 덕진구 송천동2가 202-11,전북특별자치도 전주시 덕진구 솔내로 175,063-255-6777,,,,unmatched_address,기존 주택 CSV의 건물 좌표; 음식점 자체 측량 좌표 아님
스위트몰다빈카페,완산구 효자동,전북특별자치도 전주시 완산구 효자동3가 1525-3 1층,전북특별자치도 전주시 완산구 홍산로 270 1층,063-222-5370,,,,unmatched_address,기존 주택 CSV의 건물 좌표; 음식점 자체 측량 좌표 아님
멕시카나치킨_서곡신도시점,완산구 효자5동,전북특별자치도 전주시 완산구 효자동3가 1463-4,전북특별자치도 전주시 완산구 세내로 532,063-274-9233,127.1009487,35.83344639,효자5동,exact_road_building_match,기존 주택 CSV의 건물 좌표; 음식점 자체 측량 좌표 아님
목포주막,완산구 서신동,전북특별자치도 전주시 완산구 서신동 827-16,전북특별자치도 전주시 완산구 서신천변로 46,050-7744-2437,127.1143443,35.82941802,서신동,exact_road_building_match,기존 주택 CSV의 건물 좌표; 음식점 자체 측량 좌표 아님
꿀순이앤꿀돌이_효자점,완산구 효자동,전북특별자치도 전주시 완산구 효자동3가 1670-5,전북특별자치도 전주시 완산구 마전들로 4,0507-1322-1975,,,,unmatched_address,기존 주택 CSV의 건물 좌표; 음식점 자체 측량 좌표 아님
산쪼메_전주객사점,완산구 고사동,전북특별자치도 전주시 완산구 고사동 378-4,전북특별자치도 전주시 완산구 전주객사4길 43-12,063-285-8256,,,,unmatched_address,기존 주택 CSV의 건물 좌표; 음식점 자체 측량 좌표 아님
킹스타피자_신시가지점,완산구 효자5동,전북특별자치도 전주시 완산구 효자동2가 1157-4 SK리더스뷰아파트상가 1층,전북특별자치도 전주시 완산구 홍산1길 7 SK리더스뷰아파트상가 1층,063-229-8959,,,,unmatched_address,기존 주택 CSV의 건물 좌표; 음식점 자체 측량 좌표 아님
연와미당,완산구 효자동1가,전북특별자치도 전주시 완산구 효자동1가 223-10,전북특별자치도 전주시 완산구 백제대로 128,063-224-4141,,,,unmatched_address,기존 주택 CSV의 건물 좌표; 음식점 자체 측량 좌표 아님
덕호수산,완산구 서신동,전북특별자치도 전주시 완산구 서신동 815-4 덕호수산,전북특별자치도 전주시 완산구 서신로 43 덕호수산,063-271-3111,,,,unmatched_address,기존 주택 CSV의 건물 좌표; 음식점 자체 측량 좌표 아님
소소한베이커리,완산구 서신동,전북특별자치도 전주시 완산구 서신동 831-2 1층,전북특별자치도 전주시 완산구 서신로 37 1층,0507-1479-0185,,,,unmatched_address,기존 주택 CSV의 건물 좌표; 음식점 자체 측량 좌표 아님
장어야놀자_서신점,완산구 서신동,전북특별자치도 전주시 완산구 서신동 815-3,전북특별자치도 전주시 완산구 서신로 45,063-251-6006,,,,unmatched_address,기존 주택 CSV의 건물 좌표; 음식점 자체 측량 좌표 아님
노랑통닭_중화산점,완산구 중화산동,전북특별자치도 전주시 완산구 중화산동2가  534-4,전북특별자치도 전주시 완산구 서원로 282,0507-0090-7678,,,,unmatched_address,기존 주택 CSV의 건물 좌표; 음식점 자체 측량 좌표 아님
메가커피_효자점,완산구 효자3동,전북특별자치도 전주시 완산구 효자동1가 435-2 1층 101호,전북특별자치도 전주시 완산구 용머리로 57 1층 101호,063-226-8671,,,,unmatched_address,기존 주택 CSV의 건물 좌표; 음식점 자체 측량 좌표 아님
여기가포차,완산구 효자동2가,전북특별자치도 전주시 완산구 효자동2가 1256-8,전북특별자치도 전주시 완산구 우전로 198,063-226-6031,,,,unmatched_address,기존 주택 CSV의 건물 좌표; 음식점 자체 측량 좌표 아님
깐쇼새우_중화산동점,완산구 중화산동,전북특별자치도 전주시 완산구 중화산동2가 765-6,전북특별자치도 전주시 완산구 화산천변1길 18-1,063-228-0887,,,,unmatched_address,기존 주택 CSV의 건물 좌표; 음식점 자체 측량 좌표 아님
원조치마살숯불구이,완산구 중화산동2가,전북특별자치도 전주시 완산구 중화산동2가 635-9,전북특별자치도 전주시 완산구 산월2길 32,063-225-9779,,,,unmatched_address,기존 주택 CSV의 건물 좌표; 음식점 자체 측량 좌표 아님
홍익궁중전통육개장_전주역점,덕진구 우아1동,전북특별자치도 전주시 덕진구 우아동3가 747-66,전북특별자치도 전주시 덕진구 백제대로 803,063-247-6988,,,,unmatched_address,기존 주택 CSV의 건물 좌표; 음식점 자체 측량 좌표 아님
일송,완산구 중화산동,전북특별자치도 전주시 완산구 중화산동2가 633-3,전북특별자치도 전주시 완산구 중산2길 15,063-223-1170,127.1218972,35.81459497,중화산2동,exact_road_building_match,기존 주택 CSV의 건물 좌표; 음식점 자체 측량 좌표 아님
두이모비빔밥와플,완산구 효자5동,전북특별자치도 전주시 완산구 효자동2가 785-3,전북특별자치도 전주시 완산구 쑥고개로 284-12,063-283-2525,,,,unmatched_address,기존 주택 CSV의 건물 좌표; 음식점 자체 측량 좌표 아님
술마시는노리터,완산구 효자동,전북특별자치도 전주시 완산구 효자동1가 547-2,"전북특별자치도 전주시 완산구 용머리로 100, 1층",063-243-0852,,,,unmatched_address,기존 주택 CSV의 건물 좌표; 음식점 자체 측량 좌표 아님
진도야족발_효자점,완산구 효자동,전북특별자치도 전주시 완산구 효자동1가 388,"전북특별자치도 전주시 완산구 거마평로 170, 1층",063-227-6060,,,,unmatched_address,기존 주택 CSV의 건물 좌표; 음식점 자체 측량 좌표 아님
춘천닭갈비비비리_전주대점,완산구 효자동,전북특별자치도 전주시 완산구 효자동2가 1305-20,전북특별자치도 전주시 완산구 후곡길 5-18,063-224-9800,127.0949665,35.80921791,효자4동,exact_road_building_match,기존 주택 CSV의 건물 좌표; 음식점 자체 측량 좌표 아님
동이네,완산구 서신동,전북특별자치도 전주시 완산구 서신동  837,전북특별자치도 전주시 완산구 서신로 20,063-255-9095,,,,unmatched_address,기존 주택 CSV의 건물 좌표; 음식점 자체 측량 좌표 아님
롯데리아_메가월드점,덕진구 송천동2가,전북특별자치도 전주시 덕진구 송천동2가 661-17,전북특별자치도 전주시 덕진구 동부대로 1229,063-253-3220,,,,unmatched_address,기존 주택 CSV의 건물 좌표; 음식점 자체 측량 좌표 아님
황태도둑_송천점,덕진구 송천동,전북특별자치도 전주시 덕진구 송천동2가 483 1층,전북특별자치도 전주시 덕진구 붓내3길 9-7,063-252-2768,,,,unmatched_address,기존 주택 CSV의 건물 좌표; 음식점 자체 측량 좌표 아님
카페달,완산구 풍남동,전북특별자치도 전주시 완산구 풍남동3가 47-3,전북특별자치도 전주시 완산구 최명희길 20,063-288-8886,,,,unmatched_address,기존 주택 CSV의 건물 좌표; 음식점 자체 측량 좌표 아님
시장골목집,완산구 효자동,전북특별자치도 전주시 완산구 효자동3가 1670-5,전북특별자치도 전주시 완산구 마전들로 4,063-236-5995,,,,unmatched_address,기존 주택 CSV의 건물 좌표; 음식점 자체 측량 좌표 아님
한우당,완산구 효자동2가,전북특별자치도 전주시 완산구 효자동2가 1208-2,전북특별자치도 전주시 완산구 우전로 102,063-227-2003,,,,unmatched_address,기존 주택 CSV의 건물 좌표; 음식점 자체 측량 좌표 아님
주다방,완산구 효자5동,전북특별자치도 전주시 완산구 효자동3가 1535-3,전북특별자치도 전주시 완산구 홍산중앙로 37,010-8003-1879,,,,unmatched_address,기존 주택 CSV의 건물 좌표; 음식점 자체 측량 좌표 아님
정담,덕진구 혁신동,전북특별자치도 전주시 덕진구 혁신동 787-1,전북특별자치도 전주시 덕진구 안전로 106,063-223-6847,,,,unmatched_address,기존 주택 CSV의 건물 좌표; 음식점 자체 측량 좌표 아님
용우동_전주중앙점,완산구 고사동,전북특별자치도 전주시 완산구 고사동 409-5,전북특별자치도 전주시 완산구 전주객사4길 23-12,063-287-5750,,,,unmatched_address,기존 주택 CSV의 건물 좌표; 음식점 자체 측량 좌표 아님
부영상회,완산구 다가동3가,전북특별자치도 전주시 완산구 다가동3가 25,전북특별자치도 전주시 완산구 전주객사1길 6,0507-1495-3504,127.1406731,35.8170267,중앙동,exact_road_building_match,기존 주택 CSV의 건물 좌표; 음식점 자체 측량 좌표 아님
코믹스월드_신시가지점,완산구 효자동,전북특별자치도 전주시 완산구 효자동3가 1541-9 6층,전북특별자치도 전주시 완산구 홍산중앙로 18 6층,0507-1430-5747,,,,unmatched_address,기존 주택 CSV의 건물 좌표; 음식점 자체 측량 좌표 아님
신포우리만두_전주더즌점,완산구 서신동,전북특별자치도 전주시 완산구 서신동 970-4 더존빌딩,전북특별자치도 전주시 완산구 온고을로 20 더존빌딩,063-271-7501,,,,unmatched_address,기존 주택 CSV의 건물 좌표; 음식점 자체 측량 좌표 아님
서민갑부마약육전_2호점,완산구 풍남동,전북특별자치도 전주시 완산구 교동 69-4,전북특별자치도 전주시 완산구 태조로 21,010-4537-8161,,,,unmatched_address,기존 주택 CSV의 건물 좌표; 음식점 자체 측량 좌표 아님
달빛에구운고등어_송천점,덕진구 송천동,전북특별자치도 전주시 덕진구 송천동2가 404-2 1층,전북특별자치도 전주시 덕진구 동부대로 1173 1층,063-252-3377,,,,unmatched_address,기존 주택 CSV의 건물 좌표; 음식점 자체 측량 좌표 아님
새벽시장_중화산점,완산구 중화산동2가,전북특별자치도 전주시 완산구 중화산동2가 776-2 1층,전북특별자치도 전주시 완산구 신촌4길 10-8,063-229-6004,,,,unmatched_address,기존 주택 CSV의 건물 좌표; 음식점 자체 측량 좌표 아님
왕만족,덕진구 송천동,전북특별자치도 전주시 덕진구 송천동2가 558,전북특별자치도 전주시 덕진구 와룡1길 11-2,063-251-2686,,,,unmatched_address,기존 주택 CSV의 건물 좌표; 음식점 자체 측량 좌표 아님
반촌숯불정육식당,완산구 효자5동,전북특별자치도 전주시 완산구 효자동3가1667-9,"전북특별자치도 전주시 완산구 마전들로 49, 1층 101호",063-227-1500,,,,unmatched_address,기존 주택 CSV의 건물 좌표; 음식점 자체 측량 좌표 아님
경아분식_한옥마을점,완산구 풍남동,전북특별자치도 전주시 완산구 풍남동1가 65-3,전북특별자치도 전주시 완산구 경기전길 39,063-903-2992,,,,unmatched_address,기존 주택 CSV의 건물 좌표; 음식점 자체 측량 좌표 아님
대방삼겹대방한우,덕진구 혁신동,전북특별자치도 전주시 덕진구 장동 1111 상가 B동 129~142호 상가 B동 139~142호,전북특별자치도 전주시 덕진구 기지로 77 상가 B동 139~142호,063-276-7475,,,,unmatched_address,기존 주택 CSV의 건물 좌표; 음식점 자체 측량 좌표 아님
석산숯가마삼겹살,완산구 서신동,전북특별자치도 전주시 완산구 서신동 802-3,전북특별자치도 전주시 완산구 서신천변로 69,063-255-2058,,,,unmatched_address,기존 주택 CSV의 건물 좌표; 음식점 자체 측량 좌표 아님
이디야커피_전주마전점,완산구 효자5동,전북특별자치도 전주시 완산구 효자동3가 1609-16,전북특별자치도 전주시 완산구 홍산로 375,063-228-0504,,,,unmatched_address,기존 주택 CSV의 건물 좌표; 음식점 자체 측량 좌표 아님
연기나는마을,완산구 효자동1가,전북특별자치도 전주시 완산구 효자동1가 667-6,전북특별자치도 전주시 완산구 효자천변1길 36-14,063-224-3223,127.1149214,35.79923,효자3동,exact_road_building_match,기존 주택 CSV의 건물 좌표; 음식점 자체 측량 좌표 아님
요거프레소_전주오송점,덕진구 송천동,전북특별자치도 전주시 덕진구 송천동1가 97-6,전북특별자치도 전주시 덕진구 오송1길 37-13,063-273-0999,,,,unmatched_address,기존 주택 CSV의 건물 좌표; 음식점 자체 측량 좌표 아님
하가물갈비,덕진구 덕진동,전북특별자치도 전주시 덕진구 덕진동2가 677-4,전북특별자치도 전주시 덕진구 가리내10길 12-5,010-2627-6504,127.1102837,35.84242057,덕진동,exact_road_building_match,기존 주택 CSV의 건물 좌표; 음식점 자체 측량 좌표 아님
라온,완산구 중앙동,전북특별자치도 전주시 완산구 중앙동3가 80,전북특별자치도 전주시 완산구 전라감영5길 17,063-282-0704,,,,unmatched_address,기존 주택 CSV의 건물 좌표; 음식점 자체 측량 좌표 아님
한일관_본점,완산구 중화산동2가,전북특별자치도 전주시 완산구 중화산동2가 4-34,전북특별자치도 전주시 완산구 어은로 48,063-226-1569,,,,unmatched_address,기존 주택 CSV의 건물 좌표; 음식점 자체 측량 좌표 아님
피자스쿨_송천대명점,덕진구 송천동,전북특별자치도 전주시 덕진구 송천동1가 833-5,전북특별자치도 전주시 덕진구 시천로 50,063-278-6668,,,,unmatched_address,기존 주택 CSV의 건물 좌표; 음식점 자체 측량 좌표 아님
청동북카페,완산구 효자5동,전북특별자치도 전주시 완산구 효자동3가 1471-3 1층,전북특별자치도 전주시 완산구 세내로 504-7 1층,063-223-0010,,,,unmatched_address,기존 주택 CSV의 건물 좌표; 음식점 자체 측량 좌표 아님
샤브향_중화산점,완산구 중화산동2가,전북특별자치도 전주시 완산구 중화산동2가 485-94 2층,전북특별자치도 전주시 완산구 강변로 284 2층,063-226-4445,,,,unmatched_address,기존 주택 CSV의 건물 좌표; 음식점 자체 측량 좌표 아님
바다마을,완산구 서신동,전북특별자치도 전주시 완산구 서신동 783-2,전북특별자치도 전주시 완산구 당산로 126,063-251-3933,,,,unmatched_address,기존 주택 CSV의 건물 좌표; 음식점 자체 측량 좌표 아님
팔도명가,완산구 서신동,전북특별자치도 전주시 완산구 서신동 842-16,전북특별자치도 전주시 완산구 서신천변1길 25,063-255-5001,127.1131183,35.82706032,서신동,exact_road_building_match,기존 주택 CSV의 건물 좌표; 음식점 자체 측량 좌표 아님
양푼집_효자삼천점,완산구 효자동1가,전북특별자치도 전주시 완산구 효자동1가 667-9,전북특별자치도 전주시 완산구 효자천변1길 26-25,063-226-0996,,,,unmatched_address,기존 주택 CSV의 건물 좌표; 음식점 자체 측량 좌표 아님
황토마실,덕진구 우아동1가,전북특별자치도 전주시 덕진구 우아동1가 1117-2,전북특별자치도 전주시 덕진구 인교9길 51,063-244-2600,,,,unmatched_address,기존 주택 CSV의 건물 좌표; 음식점 자체 측량 좌표 아님
이디야커피_케이비에스점,완산구 효자5동,전북특별자치도 전주시 완산구 효자동3가 1643-5,전북특별자치도 전주시 완산구 마전2길 17-8,063-271-1000,,,,unmatched_address,기존 주택 CSV의 건물 좌표; 음식점 자체 측량 좌표 아님
가마솥통닭가맥_아중점,덕진구 우아동2가,전북특별자치도 전주시 덕진구 우아동2가 911-7,전북특별자치도 전주시 덕진구 아중3길 12,063-243-8822,127.170583,35.82928512,우아2동,exact_road_building_match,기존 주택 CSV의 건물 좌표; 음식점 자체 측량 좌표 아님
꿀스커피_전주대학교점,완산구 효자5동,전북특별자치도 전주시 완산구 효자동2가 1080,전북특별자치도 전주시 완산구 천잠로 303,1522-4032,,,,unmatched_address,기존 주택 CSV의 건물 좌표; 음식점 자체 측량 좌표 아님
르델리스,완산구 효자동,전북특별자치도 전주시 완산구 효자동3가 1631-11,전북특별자치도 전주시 완산구 마전4길 11-5,063-222-0429,,,,unmatched_address,기존 주택 CSV의 건물 좌표; 음식점 자체 측량 좌표 아님
율이네생삼겹살,완산구 효자동,전북특별자치도 전주시 완산구 효자동1가 565-5,전북특별자치도 전주시 완산구 성지산로 65,063-231-8020,,,,unmatched_address,기존 주택 CSV의 건물 좌표; 음식점 자체 측량 좌표 아님
우노의정원,덕진구 덕진동,전북특별자치도 전주시 덕진구 덕진동1가 664-1 101호,전북특별자치도 전주시 덕진구 권삼득로 343 101호,063-277-7300,,,,unmatched_address,기존 주택 CSV의 건물 좌표; 음식점 자체 측량 좌표 아님
카페미아,완산구 효자동2가,전북특별자치도 전주시 완산구 효자동2가 1329-4,전북특별자치도 전주시 완산구 우전2길 67,063-228-7100,127.1065859,35.81014179,효자4동,exact_road_building_match,기존 주택 CSV의 건물 좌표; 음식점 자체 측량 좌표 아님
푸른달스물이레,완산구 효자동3가,전북특별자치도 전주시 완산구 효자동3가 1632-6,전북특별자치도 전주시 완산구 마전3길 18,010-9414-6232,,,,unmatched_address,기존 주택 CSV의 건물 좌표; 음식점 자체 측량 좌표 아님
스탠,완산구 다가동,전북특별자치도 전주시 완산구 다가동3가 118,"전북특별자치도 전주시 완산구 충경로 10, 1층",010-4720-6370,,,,unmatched_address,기존 주택 CSV의 건물 좌표; 음식점 자체 측량 좌표 아님
조선옥_효자점,완산구 효자동1가,전북특별자치도 전주시 완산구 효자동1가 289-3 효자프라자,전북특별자치도 전주시 완산구 용머리로 73 효자프라자,063-904-6350,,,,unmatched_address,기존 주택 CSV의 건물 좌표; 음식점 자체 측량 좌표 아님
하서방뚝배기,덕진구 우아동2가,전북특별자치도 전주시 덕진구 우아동2가 918-12,전북특별자치도 전주시 덕진구 아중로 205,063-246-8884,,,,unmatched_address,기존 주택 CSV의 건물 좌표; 음식점 자체 측량 좌표 아님
가마솥붉은대게_전주도청점,완산구 효자동,전북특별자치도 전주시 완산구 효자동3가 1527-14,전북특별자치도 전주시 완산구 홍산북로 59-12,063-226-7557,,,,unmatched_address,기존 주택 CSV의 건물 좌표; 음식점 자체 측량 좌표 아님
투썸플레이스_전주효천점,완산구 효자5동,전북특별자치도 전주시 완산구 효자동2가 341-2 1층,전북특별자치도 전주시 완산구 쑥고개로 324 1층,063-244-3333,,,,unmatched_address,기존 주택 CSV의 건물 좌표; 음식점 자체 측량 좌표 아님
커피니_전주역점,덕진구 우아동3가,전북특별자치도 전주시 덕진구 우아동3가 746-40,전북특별자치도 전주시 덕진구 백제대로 835,063-247-0246,,,,unmatched_address,기존 주택 CSV의 건물 좌표; 음식점 자체 측량 좌표 아님
맛깔참죽_전주송천점,덕진구 송천동,전북특별자치도 전주시 덕진구 송천동2가 287-3 1층,전북특별자치도 전주시 덕진구 솔내로 202,063-278-6288,,,,unmatched_address,기존 주택 CSV의 건물 좌표; 음식점 자체 측량 좌표 아님
동경참치일번가,덕진구 혁신동,전북특별자치도 전주시 덕진구 혁신동 777-2,전북특별자치도 전주시 덕진구 오공로 43-50,063-222-5837,,,,unmatched_address,기존 주택 CSV의 건물 좌표; 음식점 자체 측량 좌표 아님
디저트39_에코시티점,덕진구 송천동,전북특별자치도 전주시 덕진구 송천동2가 1326-12,전북특별자치도 전주시 덕진구 세병남로 37,063-277-6362,,,,unmatched_address,기존 주택 CSV의 건물 좌표; 음식점 자체 측량 좌표 아님
스위밍,완산구 효자동1가,전북특별자치도 전주시 완산구 효자동1가  356,전북특별자치도 전주시 완산구 서원로 203,063-224-1574,,,,unmatched_address,기존 주택 CSV의 건물 좌표; 음식점 자체 측량 좌표 아님
순이영산포홍어,완산구 효자동1가,전북특별자치도 전주시 완산구 효자동1가 594-4,전북특별자치도 전주시 완산구 신봉4길 3,063-228-7557,,,,unmatched_address,기존 주택 CSV의 건물 좌표; 음식점 자체 측량 좌표 아님
미드나잇,완산구 고사동,전북특별자치도 전주시 완산구 고사동 215-3,전북특별자치도 전주시 완산구 전주객사5길 73,010-3631-5430,,,,unmatched_address,기존 주택 CSV의 건물 좌표; 음식점 자체 측량 좌표 아님
스위트몰다빈푸드코트,완산구 효자5동,전북특별자치도 전주시 완산구 효자동3가 1525-3,전북특별자치도 전주시 완산구 홍산로 270,063-222-5370,,,,unmatched_address,기존 주택 CSV의 건물 좌표; 음식점 자체 측량 좌표 아님
명가곱창,완산구 중화산동2가,전북특별자치도 전주시 완산구 중화산동2가 658-9,전북특별자치도 전주시 완산구 한두평4길 11-4,0507-1411-2565,,,,unmatched_address,기존 주택 CSV의 건물 좌표; 음식점 자체 측량 좌표 아님
브롱스_전주에코시티점,덕진구 송천2동,전북특별자치도 전주시 덕진구 송천동2가 1330-9 104호,전북특별자치도 전주시 덕진구 세병2길 30 104호,063-906-9777,,,,unmatched_address,기존 주택 CSV의 건물 좌표; 음식점 자체 측량 좌표 아님
하모니,덕진구 우아2동,전북특별자치도 전주시 덕진구 우아동1가 757-7,전북특별자치도 전주시 덕진구 아중호수길 115,063-247-9933,,,,unmatched_address,기존 주택 CSV의 건물 좌표; 음식점 자체 측량 좌표 아님
배스킨라빈스_전주효천점,완산구 효자5동,전북특별자치도 전주시 완산구 효자동2가 1377-2 105호,전북특별자치도 전주시 완산구 효천중앙로 55 105호,063-229-4499,,,,unmatched_address,기존 주택 CSV의 건물 좌표; 음식점 자체 측량 좌표 아님
여수수산,완산구 효자동,전북특별자치도 전주시 완산구 효자동1가 399-2,전북특별자치도 전주시 완산구 거마평로 188,063-236-6180,,,,unmatched_address,기존 주택 CSV의 건물 좌표; 음식점 자체 측량 좌표 아님
동원순대집막걸리,완산구 효자동2가,전북특별자치도 전주시 완산구 효자동2가 202-1,전북특별자치도 전주시 완산구 쑥고개로 391,063-228-0028,,,,unmatched_address,기존 주택 CSV의 건물 좌표; 음식점 자체 측량 좌표 아님
캘리,완산구 다가동4가,전북특별자치도 전주시 완산구 다가동4가 22-9,전북특별자치도 전주시 완산구 전주객사2길 99,0507-1408-4982,,,,unmatched_address,기존 주택 CSV의 건물 좌표; 음식점 자체 측량 좌표 아님
샌드리아,완산구 효자동2가,전북특별자치도 전주시 완산구 효자동2가 1229-6,전북특별자치도 전주시 완산구 홍산북로 13,063-222-2289,,,,unmatched_address,기존 주택 CSV의 건물 좌표; 음식점 자체 측량 좌표 아님
산토리니,완산구 효자4동,전북특별자치도 전주시 완산구 효자동2가 1255-17,전북특별자치도 전주시 완산구 구룡2길 29-1,063-225-1288,127.1051452,35.81336182,효자4동,exact_road_building_match,기존 주택 CSV의 건물 좌표; 음식점 자체 측량 좌표 아님
다오,완산구 효자5동,전북특별자치도 전주시 완산구 효자동3가 1725-8 아너스빌 1층,전북특별자치도 전주시 완산구 봉곡4길 22 아너스빌 1층,010-2684-2513,127.0945905,35.81218237,효자4동,exact_road_building_match,기존 주택 CSV의 건물 좌표; 음식점 자체 측량 좌표 아님
배스킨라빈스_전주고사점,완산구 중앙동,전북특별자치도 전주시 완산구 고사동 199 전주한성관광호텔,전북특별자치도 전주시 완산구 전주객사5길 43-3 전주한성관광호텔,063-285-7252,,,,unmatched_address,기존 주택 CSV의 건물 좌표; 음식점 자체 측량 좌표 아님
에스비노,완산구 효자동,전북특별자치도 전주시 완산구 효자동2가 1239-4 SD빌딩 1층,전북특별자치도 전주시 완산구 홍산로 253 SD빌딩 1층,010-3572-9812,,,,unmatched_address,기존 주택 CSV의 건물 좌표; 음식점 자체 측량 좌표 아님
헬로우딜리셔스,완산구 효자동2가,전북특별자치도 전주시 완산구 효자동2가 1259-1 1층,전북특별자치도 전주시 완산구 구룡2길 16,010-7557-3117,127.1034758,35.81314868,효자4동,exact_road_building_match,기존 주택 CSV의 건물 좌표; 음식점 자체 측량 좌표 아님
모어댄,완산구 서신동,전북특별자치도 전주시 완산구 서신동 946-8,전북특별자치도 전주시 완산구 고사평1길 6,010-4589-1988,127.1090247,35.83479852,서신동,exact_road_building_match,기존 주택 CSV의 건물 좌표; 음식점 자체 측량 좌표 아님
향리,완산구 고사동,전북특별자치도 전주시 완산구 고사동 222-1,전북특별자치도 전주시 완산구 전주객사5길 83,063-272-6320,,,,unmatched_address,기존 주택 CSV의 건물 좌표; 음식점 자체 측량 좌표 아님
메르밀진미집_전주역점,덕진구 우아동3가,전북특별자치도 전주시 덕진구 우아동3가 747-14,전북특별자치도 전주시 덕진구 우아3길 8,063-244-0406,,,,unmatched_address,기존 주택 CSV의 건물 좌표; 음식점 자체 측량 좌표 아님
윤참치_전주본점,완산구 효자5동,전북특별자치도 전주시 완산구 효자동3가 1536-3 2층,전북특별자치도 전주시 완산구 홍산중앙로 38,0507-1344-1737,,,,unmatched_address,기존 주택 CSV의 건물 좌표; 음식점 자체 측량 좌표 아님
직화팩토리_효자점,완산구 효자5동,전북특별자치도 전주시 완산구 효자동2가 1235-2 104호,전북특별자치도 전주시 완산구 바우배기2길 17-5 104호,063-221-3117,,,,unmatched_address,기존 주택 CSV의 건물 좌표; 음식점 자체 측량 좌표 아님
보드박스,덕진구 덕진동,전북특별자치도 전주시 덕진구 덕진동1가 1265-2 2층,전북특별자치도 전주시 덕진구 명륜3길 10-2 2층,0507-1413-0127,,,,unmatched_address,기존 주택 CSV의 건물 좌표; 음식점 자체 측량 좌표 아님
긴꼬리초밥,완산구 효자동,전북특별자치도 전주시 완산구 효자동1가 147-1,"전북특별자치도 전주시 완산구 용머리로 167, 1층",010-3672-2458,,,,unmatched_address,기존 주택 CSV의 건물 좌표; 음식점 자체 측량 좌표 아님
명태명가,완산구 풍남동,전북특별자치도 전주시 완산구 전동 107-3 1층,전북특별자치도 전주시 완산구 풍남문3길 28-4 1층,0507-1421-6589,,,,unmatched_address,기존 주택 CSV의 건물 좌표; 음식점 자체 측량 좌표 아님
멜브,완산구 서신동,전북특별자치도 전주시 완산구 서신동 850-14,전북특별자치도 전주시 완산구 전룡로 11,070-8836-4725,,,,unmatched_address,기존 주택 CSV의 건물 좌표; 음식점 자체 측량 좌표 아님
다가쭈꾸미,완산구 다가동4가,전북특별자치도 전주시 완산구 다가동4가 55-6,전북특별자치도 전주시 완산구 전주객사2길 75,063-282-8709,,,,unmatched_address,기존 주택 CSV의 건물 좌표; 음식점 자체 측량 좌표 아님
삼번집,완산구 풍남동,전북특별자치도 전주시 완산구 전동 303-182,전북특별자치도 전주시 완산구 풍남문1길 9-6,063-231-1586,,,,unmatched_address,기존 주택 CSV의 건물 좌표; 음식점 자체 측량 좌표 아님
홍루몽_본점,완산구 효자동3가,전북특별자치도 전주시 완산구 효자동2가 1233-2,전북특별자치도 전주시 완산구 우전로 255,063-226-8838,,,,unmatched_address,기존 주택 CSV의 건물 좌표; 음식점 자체 측량 좌표 아님
세자매집밥앤가맥,완산구 중화산동,전북특별자치도 전주시 완산구 중화산동2가 615-6 1층,전북특별자치도 전주시 완산구 중산6길 14 1층,063-227-3301,,,,unmatched_address,기존 주택 CSV의 건물 좌표; 음식점 자체 측량 좌표 아님
카페드콤마,덕진구 장동,전북특별자치도 전주시 덕진구 장동 1093-5 4층,전북특별자치도 전주시 덕진구 중동로 104-6 4층,063-234-1009,,,,unmatched_address,기존 주택 CSV의 건물 좌표; 음식점 자체 측량 좌표 아님
카페_짙푸른,덕진구 송천1동,전북특별자치도 전주시 덕진구 송천동1가 817-8,"전북특별자치도 전주시 덕진구 두간3길 8-7, 1층",010-9884-3275,,,,unmatched_address,기존 주택 CSV의 건물 좌표; 음식점 자체 측량 좌표 아님
고빼기_효자점,완산구 효자3동,전북특별자치도 전주시 완산구 효자동1가 453-1,전북특별자치도 전주시 완산구 거마평로 147-14,063-223-8899,,,,unmatched_address,기존 주택 CSV의 건물 좌표; 음식점 자체 측량 좌표 아님
짱닭치킨_송천점,덕진구 송천동,전북특별자치도 전주시 덕진구 송천동2가 561-21,전북특별자치도 전주시 덕진구 와룡2길 12,063-277-0774,,,,unmatched_address,기존 주택 CSV의 건물 좌표; 음식점 자체 측량 좌표 아님
누구나홀딱반한닭_전주송천점,덕진구 송천동,전북특별자치도 전주시 덕진구 송천동2가 245-1,전북특별자치도 전주시 덕진구 붓내3길 18,063-256-3602,,,,unmatched_address,기존 주택 CSV의 건물 좌표; 음식점 자체 측량 좌표 아님
하오,완산구 중화산동,전북특별자치도 전주시 완산구 중화산동1가 258-4,전북특별자치도 전주시 완산구 안행로 185,010-7178-9666,,,,unmatched_address,기존 주택 CSV의 건물 좌표; 음식점 자체 측량 좌표 아님
주마본,완산구 효자동1가,전북특별자치도 전주시 완산구 효자동1가 454-1,전북특별자치도 전주시 완산구 용머리로 36,063-224-9855,,,,unmatched_address,기존 주택 CSV의 건물 좌표; 음식점 자체 측량 좌표 아님
차미라미,완산구 풍남동,전북특별자치도 전주시 완산구 풍남동3가 89-3 1층,전북특별자치도 전주시 완산구 경기전길 51,070-4300-4435,,,,unmatched_address,기존 주택 CSV의 건물 좌표; 음식점 자체 측량 좌표 아님
하가생구이,덕진구 덕진동,전북특별자치도 전주시 덕진구 덕진동2가 665-10 1층,전북특별자치도 전주시 덕진구 가리내6길 10-2,"0507-1316-3401, 063-253-3392",127.1107215,35.84509474,덕진동,exact_road_building_match,기존 주택 CSV의 건물 좌표; 음식점 자체 측량 좌표 아님
김가네_송천점,덕진구 송천동1가,전북특별자치도 전주시 덕진구 송천동1가 107-15,전북특별자치도 전주시 덕진구 솔내로 152,0507-0544-9590,,,,unmatched_address,기존 주택 CSV의 건물 좌표; 음식점 자체 측량 좌표 아님
어시장,완산구 다가동,전북특별자치도 전주시 완산구 다가동3가 53-5,"전북특별자치도 전주시 완산구 전주객사1길 39, 1층",010-2077-9154,,,,unmatched_address,기존 주택 CSV의 건물 좌표; 음식점 자체 측량 좌표 아님
아프리카커피앤쵸콜릿,덕진구 전미동,전북특별자치도 전주시 덕진구 전미동1가 305-12,전북특별자치도 전주시 덕진구 숲거리길 8,070-8869-5585,,,,unmatched_address,기존 주택 CSV의 건물 좌표; 음식점 자체 측량 좌표 아님
참치한판,덕진구 송천동,전북특별자치도 전주시 덕진구 송천동1가 800-9 1층,전북특별자치도 전주시 덕진구 시천로 70,063-255-3737,,,,unmatched_address,기존 주택 CSV의 건물 좌표; 음식점 자체 측량 좌표 아님
육공장,완산구 효자동,전북특별자치도 전주시 완산구 효자동3가 1528-8 2층,전북특별자치도 전주시 완산구 홍산4길 20-4 2층,063-224-4848,,,,unmatched_address,기존 주택 CSV의 건물 좌표; 음식점 자체 측량 좌표 아님
교촌치킨_혁신점,덕진구 혁신동,전북특별자치도 전주시 덕진구 혁신동 781-5,전북특별자치도 전주시 덕진구 오정2길 6,063-214-1991,,,,unmatched_address,기존 주택 CSV의 건물 좌표; 음식점 자체 측량 좌표 아님
TAKEFLOW,완산구 효자5동,전북특별자치도 전주시 완산구 효자동3가 1528-2 1층,전북특별자치도 전주시 완산구 홍산4길 8 1층,없음,,,,unmatched_address,기존 주택 CSV의 건물 좌표; 음식점 자체 측량 좌표 아님
동서네낙지_서신점,완산구 서신동,전북특별자치도 전주시 완산구 서신동  809-5,전북특별자치도 전주시 완산구 안터6길 37-4,063-272-0308,127.1170311,35.83003676,서신동,exact_road_building_match,기존 주택 CSV의 건물 좌표; 음식점 자체 측량 좌표 아님
정성아구찜,완산구 효자5동,전북특별자치도 전주시 완산구 효자동2가 759-19 1층 1층,전북특별자치도 전주시 완산구 쑥고개로 258 1층,063-225-6225,,,,unmatched_address,기존 주택 CSV의 건물 좌표; 음식점 자체 측량 좌표 아님
일등한우정육식당_2호점,완산구 중화산동,전북특별자치도 전주시 완산구 중화산동2가 782-5,전북특별자치도 전주시 완산구 신촌3길 16,063-229-1222,,,,unmatched_address,기존 주택 CSV의 건물 좌표; 음식점 자체 측량 좌표 아님
한솥도시락_중화산점,완산구 서신동,전북특별자치도 전주시 완산구 서신동 855-3,전북특별자치도 전주시 완산구 유연로 275,063-253-2111,,,,unmatched_address,기존 주택 CSV의 건물 좌표; 음식점 자체 측량 좌표 아님
복돼지감자탕,완산구 효자동3가,전북특별자치도 전주시 완산구 효자동3가 1529-3,전북특별자치도 전주시 완산구 홍산북로 45-14,063-225-7766,,,,unmatched_address,기존 주택 CSV의 건물 좌표; 음식점 자체 측량 좌표 아님
두꺼비부대찌개_전주점,덕진구 우아동1가,전북특별자치도 전주시 덕진구 우아동1가 1123-10,전북특별자치도 전주시 덕진구 동부대로 383,063-243-8886,,,,unmatched_address,기존 주택 CSV의 건물 좌표; 음식점 자체 측량 좌표 아님
옛촌막걸리_전북대점,덕진구 덕진동1가,전북특별자치도 전주시 덕진구 덕진동1가 1264-24 2층,전북특별자치도 전주시 덕진구 명륜3길 18-2 2층,0507-1346-4479,,,,unmatched_address,기존 주택 CSV의 건물 좌표; 음식점 자체 측량 좌표 아님
경기전중앙숯불,완산구 풍남동,전북특별자치도 전주시 완산구 풍남동3가  80-1 1층,전북특별자치도 전주시 완산구 경기전길 75,063-231-1771,,,,unmatched_address,기존 주택 CSV의 건물 좌표; 음식점 자체 측량 좌표 아님
진칼국수,완산구 중화산동,전북특별자치도 전주시 완산구 중화산동2가 777-3,전북특별자치도 전주시 완산구 신촌4길 6-6,063-221-2231,127.1175692,35.81829292,중화산2동,exact_road_building_match,기존 주택 CSV의 건물 좌표; 음식점 자체 측량 좌표 아님
두두포장마차,완산구 풍남동,전북특별자치도 전주시 완산구 풍남동1가 14-5,전북특별자치도 전주시 완산구 경기전길 13,063-288-9959,,,,unmatched_address,기존 주택 CSV의 건물 좌표; 음식점 자체 측량 좌표 아님
족발슈퍼_전주효자점,완산구 효자5동,전북특별자치도 전주시 완산구 효자동3가 1667-6 102호,전북특별자치도 전주시 완산구 우전로 299 102호,063-224-7804,,,,unmatched_address,기존 주택 CSV의 건물 좌표; 음식점 자체 측량 좌표 아님
곱창가_전북대점,덕진구 덕진동,전북특별자치도 전주시 덕진구 덕진동1가 1312-38,전북특별자치도 전주시 덕진구 명륜5길 19,063-276-7799,,,,unmatched_address,기존 주택 CSV의 건물 좌표; 음식점 자체 측량 좌표 아님
한참치,완산구 효자동2가,전북특별자치도 전주시 완산구 효자동2가 1242-2 201호,전북특별자치도 전주시 완산구 홍산남로 16 201호,063-221-3737,,,,unmatched_address,기존 주택 CSV의 건물 좌표; 음식점 자체 측량 좌표 아님
신지수산,완산구 서신동,전북특별자치도 전주시 완산구 서신동 839-4,전북특별자치도 전주시 완산구 서신로 21,050-7744-1238,,,,unmatched_address,기존 주택 CSV의 건물 좌표; 음식점 자체 측량 좌표 아님
뉴욕버거전주_효자점,완산구 효자동1가,전북특별자치도 전주시 완산구 효자동1가 431-5 홈플러스 B1F,전북특별자치도 전주시 완산구 용머리로 31 홈플러스 B1F,063-223-4724,,,,unmatched_address,기존 주택 CSV의 건물 좌표; 음식점 자체 측량 좌표 아님
훈희국수,덕진구 우아1동,전북특별자치도 전주시 덕진구 우아동3가 744-59,전북특별자치도 전주시 덕진구 우아8길 8,063-247-1275,,,,unmatched_address,기존 주택 CSV의 건물 좌표; 음식점 자체 측량 좌표 아님
초밥대통령_전주하가점,덕진구 덕진동2가,전북특별자치도 전주시 덕진구 덕진동2가 681-5 1층,전북특별자치도 전주시 덕진구 가련산로 23 1층,0507-1343-3671,,,,unmatched_address,기존 주택 CSV의 건물 좌표; 음식점 자체 측량 좌표 아님
화덕의아침_서신점,완산구 서신동,전북특별자치도 전주시 완산구 서신동 595-3,전북특별자치도 전주시 완산구 온고을로 100,063-277-2253,,,,unmatched_address,기존 주택 CSV의 건물 좌표; 음식점 자체 측량 좌표 아님
전주영광집생선구이전문_도청직영점,완산구 중화산동2가,전북특별자치도 전주시 완산구 중화산동2가 767-2,전북특별자치도 전주시 완산구 효자로 265,063-222-0878,,,,unmatched_address,기존 주택 CSV의 건물 좌표; 음식점 자체 측량 좌표 아님
송탄부대찌개,덕진구 송천2동,전북특별자치도 전주시 덕진구 송천동2가 543-6,전북특별자치도 전주시 덕진구 와룡로 32-6,063-275-9255,,,,unmatched_address,기존 주택 CSV의 건물 좌표; 음식점 자체 측량 좌표 아님
촌댁맥주_홍산점,완산구 효자5동,전북특별자치도 전주시 완산구 효자동3가 1689-6 1층,전북특별자치도 전주시 완산구 마전들로 54 1층,0507-1435-7013,,,,unmatched_address,기존 주택 CSV의 건물 좌표; 음식점 자체 측량 좌표 아님
요거프레소_전주센트럴파크점,덕진구 송천동,전북특별자치도 전주시 덕진구 송천동1가 292-7,전북특별자치도 전주시 덕진구 송천로 1,063-273-0448,,,,unmatched_address,기존 주택 CSV의 건물 좌표; 음식점 자체 측량 좌표 아님
꼬치파이터,완산구 고사동,전북특별자치도 전주시 완산구 고사동81,전북특별자치도 전주시 완산구 전주객사5길 13-4,063-282-2929,,,,unmatched_address,기존 주택 CSV의 건물 좌표; 음식점 자체 측량 좌표 아님
브롱스_전주효천점,완산구 효자5동,전북특별자치도 전주시 완산구 효자동2가 1377-4 1층,전북특별자치도 전주시 완산구 효천중앙로 49 1층,063-223-0966,,,,unmatched_address,기존 주택 CSV의 건물 좌표; 음식점 자체 측량 좌표 아님
홍루이젠_신시가지점,완산구 효자동2가,전북특별자치도 전주시 완산구 효자동2가 1234-2 103호,전북특별자치도 전주시 완산구 바우배기2길 11 103호,0507-1449-0222,,,,unmatched_address,기존 주택 CSV의 건물 좌표; 음식점 자체 측량 좌표 아님
교동집,완산구 풍남동,전북특별자치도 전주시 완산구 교동 111-2,전북특별자치도 전주시 완산구 향교길 61,063-284-3544,,,,unmatched_address,기존 주택 CSV의 건물 좌표; 음식점 자체 측량 좌표 아님
더폴클래식,덕진구 송천동,전북특별자치도 전주시 덕진구 송천동2가 1298 KCC스위첸 13블럭 상가,전북특별자치도 전주시 덕진구 세병로 182 KCC스위첸 13블럭 상가,010-7178-7218,,,,unmatched_address,기존 주택 CSV의 건물 좌표; 음식점 자체 측량 좌표 아님
충만치킨_전주대점,완산구 효자동2가,전북특별자치도 전주시 완산구 효자동2가 1309-7,전북특별자치도 전주시 완산구 후곡길 11-2,063-225-3313,127.0956124,35.80982575,효자4동,exact_road_building_match,기존 주택 CSV의 건물 좌표; 음식점 자체 측량 좌표 아님
대운한우곰탕,완산구 서신동,전북특별자치도 전주시 완산구 서신동 816-5,전북특별자치도 전주시 완산구 서신천변12길 8,063-277-1428,127.1150418,35.82998263,서신동,exact_road_building_match,기존 주택 CSV의 건물 좌표; 음식점 자체 측량 좌표 아님
라라코스트_전주에코시티점,덕진구 송천동,전북특별자치도 전주시 덕진구 송천동2가 1299-5 포도원빌딩 2층,전북특별자치도 전주시 덕진구 세병로 174-11 포도원빌딩 2층,063-253-3230,,,,unmatched_address,기존 주택 CSV의 건물 좌표; 음식점 자체 측량 좌표 아님
김재철전주참치,완산구 서신동,전북특별자치도 전주시 완산구 서신동 816-7,전북특별자치도 전주시 완산구 서신천변12길 12,063-251-4680,127.1153238,35.83002454,서신동,exact_road_building_match,기존 주택 CSV의 건물 좌표; 음식점 자체 측량 좌표 아님
대게나라_본점,완산구 중화산동2가,전북특별자치도 전주시 완산구 중화산동2가 729-1,전북특별자치도 전주시 완산구 유연로 298,063-226-1119,,,,unmatched_address,기존 주택 CSV의 건물 좌표; 음식점 자체 측량 좌표 아님
연화루,완산구 서신동,전북특별자치도 전주시 완산구 서신동 812-3,전북특별자치도 전주시 완산구 서신로 48,063-717-7771,,,,unmatched_address,기존 주택 CSV의 건물 좌표; 음식점 자체 측량 좌표 아님
BHC치킨_전주에코씨티점,덕진구 송천동2가,전북특별자치도 전주시 덕진구 송천동2가 1327-6,전북특별자치도 전주시 덕진구 세병1길 36,063-255-2999,,,,unmatched_address,기존 주택 CSV의 건물 좌표; 음식점 자체 측량 좌표 아님
엄마손집밥,덕진구 덕진동1가,전북특별자치도 전주시 덕진구 덕진동 1402-16,전북특별자치도 전주시 덕진구 사평3길 3,063-273-7705,,,,unmatched_address,기존 주택 CSV의 건물 좌표; 음식점 자체 측량 좌표 아님
봉화골화로구이_아중점,덕진구 우아2동,전북특별자치도 전주시 덕진구 우아동2가 908-9,전북특별자치도 전주시 덕진구 아중3길 23,063-246-7792,,,,unmatched_address,기존 주택 CSV의 건물 좌표; 음식점 자체 측량 좌표 아님
갓샐러드_전주점,완산구 효자동2가,전북특별자치도 전주시 완산구 효자동2가 1154-3 메트로빌딩 106호,전북특별자치도 전주시 완산구 홍산로 238 메트로빌딩 106호,0507-1470-1706,,,,unmatched_address,기존 주택 CSV의 건물 좌표; 음식점 자체 측량 좌표 아님
달무리_전주본점,완산구 중화산동2가,전북특별자치도 전주시 완산구 중화산동2가 781-6,전북특별자치도 전주시 완산구 신촌3길 12,063-237-5999,,,,unmatched_address,기존 주택 CSV의 건물 좌표; 음식점 자체 측량 좌표 아님
서쪽나무커피숍,완산구 효자5동,전북특별자치도 전주시 완산구 효자동3가 1446-8,전북특별자치도 전주시 완산구 서곡2길 27,063-274-6200,,,,unmatched_address,기존 주택 CSV의 건물 좌표; 음식점 자체 측량 좌표 아님
왕참치,완산구 중화산동2가,전북특별자치도 전주시 완산구 중화산동2가 656-6,전북특별자치도 전주시 완산구 어은로 17,063-237-3730,,,,unmatched_address,기존 주택 CSV의 건물 좌표; 음식점 자체 측량 좌표 아님
용인백암순대,완산구 효자동,전북특별자치도 전주시 완산구 효자동2가 1210-4,전북특별자치도 전주시 완산구 소태정1길 12-3,063-225-0101,,,,unmatched_address,기존 주택 CSV의 건물 좌표; 음식점 자체 측량 좌표 아님
임실슈퍼,완산구 풍남동,전북특별자치도 전주시 완산구 풍남동1가 11-6,전북특별자치도 전주시 완산구 경기전길 7,063-288-1896,,,,unmatched_address,기존 주택 CSV의 건물 좌표; 음식점 자체 측량 좌표 아님
놀부곰탕,완산구 효자5동,전북특별자치도 전주시 완산구 효자동3가 1417-6 1층,전북특별자치도 전주시 완산구 서곡로 85 1층,063-252-7742,,,,unmatched_address,기존 주택 CSV의 건물 좌표; 음식점 자체 측량 좌표 아님
다산돼지와낙지_본점,완산구 효자동3가,전북특별자치도 전주시 완산구 효자동3가 1530-5,전북특별자치도 전주시 완산구 홍산북로 83-9,063-221-7005,,,,unmatched_address,기존 주택 CSV의 건물 좌표; 음식점 자체 측량 좌표 아님
1도씨맥주_서신점,완산구 서신동,전북특별자치도 전주시 완산구 서신동  836-2,전북특별자치도 전주시 완산구 서신로 26,063-271-0045,,,,unmatched_address,기존 주택 CSV의 건물 좌표; 음식점 자체 측량 좌표 아님
바다소리새꼬시,덕진구 우아1동,전북특별자치도 전주시 덕진구 우아동3가 602-71,전북특별자치도 전주시 덕진구 호성로 18-9,063-243-0137,,,,unmatched_address,기존 주택 CSV의 건물 좌표; 음식점 자체 측량 좌표 아님
캐슬카페,덕진구 우아동2가,전북특별자치도 전주시 덕진구 우아동2가 927-10,전북특별자치도 전주시 덕진구 아중중앙로 18,063-241-7218,,,,unmatched_address,기존 주택 CSV의 건물 좌표; 음식점 자체 측량 좌표 아님
전주맛집,완산구 효자동,전북특별자치도 전주시 완산구 효자동1가 548-5,전북특별자치도 전주시 완산구 성지산3길10,063-223-1110,,,,unmatched_address,기존 주택 CSV의 건물 좌표; 음식점 자체 측량 좌표 아님
아중국수,덕진구 우아동1가,전북특별자치도 전주시 덕진구 우아동1가 1107-10,전북특별자치도 전주시 덕진구 인교로 35-6,0507-1367-3070,,,,unmatched_address,기존 주택 CSV의 건물 좌표; 음식점 자체 측량 좌표 아님
온다라순대국밥_도청점,완산구 효자동2가,전북특별자치도 전주시 완산구 효자동2가 1155-4,전북특별자치도 전주시 완산구 홍산남로 54,063-228-5888,,,,unmatched_address,기존 주택 CSV의 건물 좌표; 음식점 자체 측량 좌표 아님
얌스_중화산점,완산구 중화산동,전북특별자치도 전주시 완산구 중화산동2가 651-3,전북특별자치도 전주시 완산구 백제대로 264,063-221-8200,,,,unmatched_address,기존 주택 CSV의 건물 좌표; 음식점 자체 측량 좌표 아님
미리미리전집,덕진구 우아1동,전북특별자치도 전주시 덕진구 우아동3가 747-37,전북특별자치도 전주시 덕진구 우아로 19-1,063-245-5465,,,,unmatched_address,기존 주택 CSV의 건물 좌표; 음식점 자체 측량 좌표 아님
교촌치킨_서신점,완산구 서신동,전북특별자치도 전주시 완산구 서신동 938-5 1층,전북특별자치도 전주시 완산구 고사평4길 7 1층,063-278-0892,,,,unmatched_address,기존 주택 CSV의 건물 좌표; 음식점 자체 측량 좌표 아님
헤븐,완산구 효자5동,전북특별자치도 전주시 완산구 효자동3가 1535-2 6층,전북특별자치도 전주시 완산구 홍산중앙로 39 6층,010-9688-2155,,,,unmatched_address,기존 주택 CSV의 건물 좌표; 음식점 자체 측량 좌표 아님
슬로우봉봉,완산구 효자5동,전북특별자치도 전주시 완산구 효자동3가 1630-4 1층 107호,전북특별자치도 전주시 완산구 마전3길 2 1층 107호,010-3689-9686,,,,unmatched_address,기존 주택 CSV의 건물 좌표; 음식점 자체 측량 좌표 아님
뚱보집_서신점,완산구 서신동,전북특별자치도 전주시 완산구 서신동 937-1,전북특별자치도 전주시 완산구 새터로 16,063-251-3007,127.1085599,35.83651016,서신동,exact_road_building_match,기존 주택 CSV의 건물 좌표; 음식점 자체 측량 좌표 아님
카멜커피,완산구 효자동3가,전북특별자치도 전주시 완산구 효자동3가 1718-8,전북특별자치도 전주시 완산구 농소1길 2,063-222-7839,127.0968101,35.81417833,효자5동,exact_road_building_match,기존 주택 CSV의 건물 좌표; 음식점 자체 측량 좌표 아님
수신조각,덕진구 송천동2가,전북특별자치도 전주시 덕진구 송천동2가 185-1,전북특별자치도 전주시 덕진구 사근1길 57,063-252-0011,,,,unmatched_address,기존 주택 CSV의 건물 좌표; 음식점 자체 측량 좌표 아님
the담다,덕진구 덕진동1가,전북특별자치도 전주시 덕진구 덕진동1가 664-6,전북특별자치도 전주시 덕진구 권삼득로 333,063-275-7778,,,,unmatched_address,기존 주택 CSV의 건물 좌표; 음식점 자체 측량 좌표 아님
아기수라상,완산구 효자4동,전북특별자치도 전주시 완산구 효자동2가 1254-2,전북특별자치도 전주시 완산구 봉곡3길 34,010-4176-9653,127.1007566,35.81198737,효자4동,exact_road_building_match,기존 주택 CSV의 건물 좌표; 음식점 자체 측량 좌표 아님
빈타이_혁신점,덕진구 혁신동,전북특별자치도 전주시 덕진구 혁신동 787-6,전북특별자치도 전주시 덕진구 안전로 108-14,063-227-4376,,,,unmatched_address,기존 주택 CSV의 건물 좌표; 음식점 자체 측량 좌표 아님
피자헛_전주서신점,완산구 서신동,전북특별자치도 전주시 완산구 서신동940-3,전북특별자치도 전주시 완산구 새터로 52,063-276-9732,,,,unmatched_address,기존 주택 CSV의 건물 좌표; 음식점 자체 측량 좌표 아님
항상이집,완산구 효자동3가,전북특별자치도 전주시 완산구 효자동1가 552 1층,전북특별자치도 전주시 완산구 성지산3길 15 1층,063-225-2515,,,,unmatched_address,기존 주택 CSV의 건물 좌표; 음식점 자체 측량 좌표 아님
유펍,완산구 효자5동,전북특별자치도 전주시 완산구 효자동3가 1533-8 5층,전북특별자치도 전주시 완산구 홍산남로 59-19 5층,0507-1368-1261,,,,unmatched_address,기존 주택 CSV의 건물 좌표; 음식점 자체 측량 좌표 아님
명품찹쌀꽈배기_만성점,덕진구 만성동,전북특별자치도 전주시 덕진구 만성동 1377-11,전북특별자치도 전주시 덕진구 만성동로 72,063-214-5300,,,,unmatched_address,기존 주택 CSV의 건물 좌표; 음식점 자체 측량 좌표 아님
고모네집,완산구 중화산동,전북특별자치도 전주시 완산구 중화산동2가 778-2,전북특별자치도 전주시 완산구 중화산로 81,063-225-4443,,,,unmatched_address,기존 주택 CSV의 건물 좌표; 음식점 자체 측량 좌표 아님
본참치_송천에코점,덕진구 송천동,전북특별자치도 전주시 덕진구 송천동1가 138-18 1층,전북특별자치도 전주시 덕진구 솔내로 112 1층,063-251-0301,,,,unmatched_address,기존 주택 CSV의 건물 좌표; 음식점 자체 측량 좌표 아님
참맛분식_본점,덕진구 덕진동,전북특별자치도 전주시 덕진구 덕진동1가 1312-58,전북특별자치도 전주시 덕진구 명륜4길 21-4,063-278-2149,,,,unmatched_address,기존 주택 CSV의 건물 좌표; 음식점 자체 측량 좌표 아님
스위트조니,완산구 고사동,전북특별자치도 전주시 완산구 고사동 15,전북특별자치도 전주시 완산구 전주객사5길 66,063-282-0407,,,,unmatched_address,기존 주택 CSV의 건물 좌표; 음식점 자체 측량 좌표 아님
다원추어탕,덕진구 송천동,전북특별자치도 전주시 덕진구 송천동1가 485-11,전북특별자치도 전주시 덕진구 솔내8길 10-2,063-254-2670,,,,unmatched_address,기존 주택 CSV의 건물 좌표; 음식점 자체 측량 좌표 아님
더꼬치다_송천점,덕진구 송천동2가,전북특별자치도 전주시 덕진구 송천동2가 571-15,전북특별자치도 전주시 덕진구 와룡로 77,0507-1343-9822,,,,unmatched_address,기존 주택 CSV의 건물 좌표; 음식점 자체 측량 좌표 아님
클라우드커피,덕진구 덕진동,전북특별자치도 전주시 덕진구 덕진동2가 654-7 1층,전북특별자치도 전주시 덕진구 가리내3길 16-1 1층,070-7543-8717,127.1097816,35.84668632,덕진동,exact_road_building_match,기존 주택 CSV의 건물 좌표; 음식점 자체 측량 좌표 아님
천씨씨커피_전주도청점,완산구 효자4동,전북특별자치도 전주시 완산구 효자동3가 1528-1 골든시티,전북특별자치도 전주시 완산구 홍산4길 6 골든시티,063-227-9057,,,,unmatched_address,기존 주택 CSV의 건물 좌표; 음식점 자체 측량 좌표 아님
전망,완산구 풍남동,전북특별자치도 전주시 완산구 풍남동3가 24-1,전북특별자치도 전주시 완산구 한지길 89,0507-1400-6106,,,,unmatched_address,기존 주택 CSV의 건물 좌표; 음식점 자체 측량 좌표 아님
으뜸순대,덕진구 송천동,전북특별자치도 전주시 덕진구 송천동1가 106,전북특별자치도 전주시 덕진구 솔내9길 2,063-901-9007,,,,unmatched_address,기존 주택 CSV의 건물 좌표; 음식점 자체 측량 좌표 아님
오뉴월,완산구 풍남동,전북특별자치도 전주시 완산구 교동 200-2,전북특별자치도 전주시 완산구 향교길 56,063-284-2588,,,,unmatched_address,기존 주택 CSV의 건물 좌표; 음식점 자체 측량 좌표 아님
거호각,덕진구 송천1동,전북특별자치도 전주시 덕진구 송천동2가 185-1 1동 1층 110호,전북특별자치도 전주시 덕진구 사근1길 57 1동 1층 110호,063-277-1575,,,,unmatched_address,기존 주택 CSV의 건물 좌표; 음식점 자체 측량 좌표 아님
치팅데이,완산구 다가동4가,전북특별자치도 전주시 완산구 다가동4가 129-2,전북특별자치도 전주시 완산구 전주객사1길 91,070-4062-7771,,,,unmatched_address,기존 주택 CSV의 건물 좌표; 음식점 자체 측량 좌표 아님
꽃등심정육식당,완산구 중화산동2가,전북특별자치도 전주시 완산구 중화산동2가 761-12,전북특별자치도 전주시 완산구 화산천변3길 5,063-225-3232,,,,unmatched_address,기존 주택 CSV의 건물 좌표; 음식점 자체 측량 좌표 아님
홍대삼거리포차_본점,덕진구 덕진동,전북특별자치도 전주시 덕진구 덕진동1가 1262-8,전북특별자치도 전주시 덕진구 명륜4길 11-1,010-8953-3788,,,,unmatched_address,기존 주택 CSV의 건물 좌표; 음식점 자체 측량 좌표 아님
샘물맥주_송천점,덕진구 송천동,전북특별자치도 전주시 덕진구 송천동2가 484-2,전북특별자치도 전주시 덕진구 붓내3길 3,063-251-6188,,,,unmatched_address,기존 주택 CSV의 건물 좌표; 음식점 자체 측량 좌표 아님
송가네춘천닭갈비_전북대점,덕진구 덕진동,전북특별자치도 전주시 덕진구 덕진동1가 1264-17,전북특별자치도 전주시 덕진구 명륜2길 15-3,063-255-3321,127.1285772,35.84205099,덕진동,exact_road_building_match,기존 주택 CSV의 건물 좌표; 음식점 자체 측량 좌표 아님
버거킹_전주송천디티점,덕진구 송천1동,전북특별자치도 전주시 덕진구 송천동2가 54-89,전북특별자치도 전주시 덕진구 동부대로 1030,070-7462-6794,,,,unmatched_address,기존 주택 CSV의 건물 좌표; 음식점 자체 측량 좌표 아님
삼일관,완산구 고사동,전북특별자치도 전주시 완산구 고사동 451,전북특별자치도 전주시 완산구 전주객사2길 20,063-284-8964,,,,unmatched_address,기존 주택 CSV의 건물 좌표; 음식점 자체 측량 좌표 아님
목산,완산구 효자5동,전북특별자치도 전주시 완산구 효자동2가 1198-5,전북특별자치도 전주시 완산구 소태정5길 20,010-8629-7378,,,,unmatched_address,기존 주택 CSV의 건물 좌표; 음식점 자체 측량 좌표 아님
현대옥_송천농수산시장점,덕진구 송천2동,전북특별자치도 전주시 덕진구 송천동2가 493,전북특별자치도 전주시 덕진구 송천중앙로 233-20,063-276-0099,,,,unmatched_address,기존 주택 CSV의 건물 좌표; 음식점 자체 측량 좌표 아님
팔공티_서신점,완산구 서신동,전북특별자치도 전주시 완산구 서신동 762-1,전북특별자치도 전주시 완산구 당산로 34-2,0507-1471-1080,,,,unmatched_address,기존 주택 CSV의 건물 좌표; 음식점 자체 측량 좌표 아님
땅땅치킨_송천점,덕진구 송천동,전북특별자치도 전주시 덕진구 송천동1가 800-2,전북특별자치도 전주시 덕진구 시천로 78,063-904-3735,,,,unmatched_address,기존 주택 CSV의 건물 좌표; 음식점 자체 측량 좌표 아님
커피원,완산구 효자3동,전북특별자치도 전주시 완산구 효자동1가 621-9,"전북특별자치도 전주시 완산구 거마평로 200, 1층",063-225-0708,,,,unmatched_address,기존 주택 CSV의 건물 좌표; 음식점 자체 측량 좌표 아님
중산한우명가,완산구 중화산동2가,전북특별자치도 전주시 완산구 중화산동2가 771-2,전북특별자치도 전주시 완산구 효자로 284,063-227-8338,,,,unmatched_address,기존 주택 CSV의 건물 좌표; 음식점 자체 측량 좌표 아님
전일맥주_서신점,완산구 서신동,전북특별자치도 전주시 완산구 서신동 936-3,전북특별자치도 전주시 완산구 새터로 10,063-714-2424,,,,unmatched_address,기존 주택 CSV의 건물 좌표; 음식점 자체 측량 좌표 아님
김밥사랑_송천점,덕진구 송천1동,전북특별자치도 전주시 덕진구 송천동1가 804-4,전북특별자치도 전주시 덕진구 두간로 29,063-274-7111,,,,unmatched_address,기존 주택 CSV의 건물 좌표; 음식점 자체 측량 좌표 아님
이디야커피_전주송천용소점,덕진구 송천2동,전북특별자치도 전주시 덕진구 송천동1가 833-5,전북특별자치도 전주시 덕진구 시천로 50,070-7769-4355,,,,unmatched_address,기존 주택 CSV의 건물 좌표; 음식점 자체 측량 좌표 아님
라니의부엌,덕진구 덕진동,전북특별자치도 전주시 덕진구 덕진동1가 1314-176,전북특별자치도 전주시 덕진구 명륜3길 19,063-251-0977,,,,unmatched_address,기존 주택 CSV의 건물 좌표; 음식점 자체 측량 좌표 아님
참예우명품프라자,완산구 효자5동,전북특별자치도 전주시 완산구 효자동2가 1228-3,전북특별자치도 전주시 완산구 효자로 170,063-222-9252,,,,unmatched_address,기존 주택 CSV의 건물 좌표; 음식점 자체 측량 좌표 아님
달밤가맥,덕진구 덕진동,전북특별자치도 전주시 덕진구 덕진동2가 669-2,전북특별자치도 전주시 덕진구 가리내7길 17,0507-1375-0522,127.1099083,35.84449417,덕진동,exact_road_building_match,기존 주택 CSV의 건물 좌표; 음식점 자체 측량 좌표 아님
아프리카커피_전주효자점,완산구 효자동3가,전북특별자치도 전주시 완산구 효자동3가 1618-15,전북특별자치도 전주시 완산구 문학대4길 28-3,0507-1403-1542,127.1050318,35.82640811,효자5동,exact_road_building_match,기존 주택 CSV의 건물 좌표; 음식점 자체 측량 좌표 아님
커피에반하다_전주혁신점,덕진구 혁신동,전북특별자치도 전주시 덕진구 혁신동 774-1,전북특별자치도 전주시 덕진구 기지로 72,063-227-4228,,,,unmatched_address,기존 주택 CSV의 건물 좌표; 음식점 자체 측량 좌표 아님
봉구스밥버거_중화산점,완산구 중화산동2가,전북특별자치도 전주시 완산구 중화산동2가 655-8,전북특별자치도 전주시 완산구 영경1길 16,063-226-1150,,,,unmatched_address,기존 주택 CSV의 건물 좌표; 음식점 자체 측량 좌표 아님
케이트앤조이,완산구 효자동3가,전북특별자치도 전주시 완산구 효자동3가 1620-2,전북특별자치도 전주시 완산구 문학대4길 22,063-225-8789,127.1041337,35.82668982,효자5동,exact_road_building_match,기존 주택 CSV의 건물 좌표; 음식점 자체 측량 좌표 아님
릴오프,완산구 다가동,전북특별자치도 전주시 완산구 다가동3가 53-5 2층,전북특별자치도 전주시 완산구 전주객사1길 39 2층,010-7171-0602,,,,unmatched_address,기존 주택 CSV의 건물 좌표; 음식점 자체 측량 좌표 아님
한울정육식당,완산구 서신동,전북특별자치도 전주시 완산구 서신동 938-7 1층,전북특별자치도 전주시 완산구 고사평4길 9 1층,063-272-0558,127.1105976,35.83558587,서신동,exact_road_building_match,기존 주택 CSV의 건물 좌표; 음식점 자체 측량 좌표 아님
던킨_에코점,덕진구 송천동,전북특별자치도 전주시 덕진구 송천동2가 1326-7,전북특별자치도 전주시 덕진구 세병로 28,063-255-3114,,,,unmatched_address,기존 주택 CSV의 건물 좌표; 음식점 자체 측량 좌표 아님
이치류양심,완산구 효자동,전북특별자치도 전주시 완산구 효자동2가 1236-2,"전북특별자치도 전주시 완산구 홍산북로 22, 1층",063-228-8880,,,,unmatched_address,기존 주택 CSV의 건물 좌표; 음식점 자체 측량 좌표 아님
신전떡볶이_객사점,완산구 고사동,전북특별자치도 전주시 완산구 고사동 158-3,전북특별자치도 전주시 완산구 전주객사4길 44-9,063-284-5006,,,,unmatched_address,기존 주택 CSV의 건물 좌표; 음식점 자체 측량 좌표 아님
방방뚝배기,완산구 중앙동1가,전북특별자치도 전주시 완산구 중앙동1가 59-5,전북특별자치도 전주시 완산구 전라감영3길 7,063-285-1939,,,,unmatched_address,기존 주택 CSV의 건물 좌표; 음식점 자체 측량 좌표 아님
충만치킨_중화산점,완산구 중화산동2가,전북특별자치도 전주시 완산구 중화산동2가 535-5,전북특별자치도 전주시 완산구 서원로 296,063-222-8232,,,,unmatched_address,기존 주택 CSV의 건물 좌표; 음식점 자체 측량 좌표 아님
커피브레이크,완산구 효자5동,전북특별자치도 전주시 완산구 효자동3가 1720-10,전북특별자치도 전주시 완산구 농소2길 5,063-229-5935,127.0975739,35.81416312,효자5동,exact_road_building_match,기존 주택 CSV의 건물 좌표; 음식점 자체 측량 좌표 아님
까미노데산티아고,완산구 효자5동,전북특별자치도 전주시 완산구 효자동3가 1605-18,"전북특별자치도 전주시 완산구 문학대3길 7-3, 101호",063-221-1256,127.10119,35.82655552,효자5동,exact_road_building_match,기존 주택 CSV의 건물 좌표; 음식점 자체 측량 좌표 아님
오운커피하우스,완산구 다가동,전북특별자치도 전주시 완산구 다가동3가 47-2 3층,전북특별자치도 전주시 완산구 전주객사1길 46-8,0507-1327-3516,,,,unmatched_address,기존 주택 CSV의 건물 좌표; 음식점 자체 측량 좌표 아님
빽다방_전주객사1호점,완산구 중앙동,전북특별자치도 전주시 완산구 고사동 50-6,전북특별자치도 전주시 완산구 전주객사5길 44-6,063-283-2911,,,,unmatched_address,기존 주택 CSV의 건물 좌표; 음식점 자체 측량 좌표 아님
호아빈_전주서신점,완산구 서신동,전북특별자치도 전주시 완산구 서신동 969-7,전북특별자치도 전주시 완산구 온고을로 30-18,063-273-2050,,,,unmatched_address,기존 주택 CSV의 건물 좌표; 음식점 자체 측량 좌표 아님
심봉사도로케_전주중화산점,완산구 중화산동2가,전북특별자치도 전주시 완산구 중화산동2가 752-3,전북특별자치도 전주시 완산구 화산천변로 24,063-222-0435,,,,unmatched_address,기존 주택 CSV의 건물 좌표; 음식점 자체 측량 좌표 아님
돈까스집,덕진구 송천2동,전북특별자치도 전주시 덕진구 전미동1가 60,전북특별자치도 전주시 덕진구 과학로 203,063-276-3434,,,,unmatched_address,기존 주택 CSV의 건물 좌표; 음식점 자체 측량 좌표 아님
청정오리떼,완산구 서신동,전북특별자치도 전주시 완산구 서신동 932-1,전북특별자치도 전주시 완산구 새터로 1,063-251-9252,,,,unmatched_address,기존 주택 CSV의 건물 좌표; 음식점 자체 측량 좌표 아님
경아분식_문학점,완산구 효자동3가,전북특별자치도 전주시 완산구 효자동3가 1615-18,전북특별자치도 전주시 완산구 문학대4길 5,063-226-1245,127.1024429,35.82689856,효자5동,exact_road_building_match,기존 주택 CSV의 건물 좌표; 음식점 자체 측량 좌표 아님
동대문엽기떡볶이_전북대점,덕진구 덕진동,전북특별자치도 전주시 덕진구 덕진동1가 1312-58,전북특별자치도 전주시 덕진구 명륜4길 21-4,063-274-8592,,,,unmatched_address,기존 주택 CSV의 건물 좌표; 음식점 자체 측량 좌표 아님
농가레스토랑행복정거장,완산구 효자동2가,전북특별자치도 전주시 완산구 효자동2가 163-1 2층,전북특별자치도 전주시 완산구 우전1길 40-33 2층,0507-1311-5760,,,,unmatched_address,기존 주택 CSV의 건물 좌표; 음식점 자체 측량 좌표 아님
참참김밥,덕진구 송천2동,전북특별자치도 전주시 덕진구 송천동1가 689-2,전북특별자치도 전주시 덕진구 시천로 8,063-221-2022,,,,unmatched_address,기존 주택 CSV의 건물 좌표; 음식점 자체 측량 좌표 아님
카츠레츠,완산구 효자동2가,전북특별자치도 전주시 완산구 효자동2가 1256-6,전북특별자치도 전주시 완산구 우전로 202,063-236-4333,,,,unmatched_address,기존 주택 CSV의 건물 좌표; 음식점 자체 측량 좌표 아님
더해빙,덕진구 우아동1가,전북특별자치도 전주시 덕진구 우아동1가 1095-2,전북특별자치도 전주시 덕진구 인교3길 2,0507-132109094,127.1724168,35.82736499,우아2동,exact_road_building_match,기존 주택 CSV의 건물 좌표; 음식점 자체 측량 좌표 아님
무진장생구이,덕진구 송천1동,전북특별자치도 전주시 덕진구 송천동1가 869-2,전북특별자치도 전주시 덕진구 송천중앙로 207,063-251-8652,,,,unmatched_address,기존 주택 CSV의 건물 좌표; 음식점 자체 측량 좌표 아님
송천동태마을_송천점,덕진구 송천동2가,전북특별자치도 전주시 덕진구 송천동2가 484-10,전북특별자치도 전주시 덕진구 붓내4길 8-25,063-251-7741,,,,unmatched_address,기존 주택 CSV의 건물 좌표; 음식점 자체 측량 좌표 아님
다가동떡볶이,완산구 다가동4가,전북특별자치도 전주시 완산구 다가동4가 83-9,전북특별자치도 전주시 완산구 전주객사2길 47,063-285-7877,,,,unmatched_address,기존 주택 CSV의 건물 좌표; 음식점 자체 측량 좌표 아님
돈카츠흑심,완산구 다가동,전북특별자치도 전주시 완산구 다가동3가 103-1,"전북특별자치도 전주시 완산구 전라감영2길 27-1, 1층",063-282-4951,,,,unmatched_address,기존 주택 CSV의 건물 좌표; 음식점 자체 측량 좌표 아님
오수장어_안행점,완산구 효자동1가,전북특별자치도 전주시 완산구 효자동1가 693-4,전북특별자치도 전주시 완산구 안행로 76,063-285-0592,,,,unmatched_address,기존 주택 CSV의 건물 좌표; 음식점 자체 측량 좌표 아님
피자스쿨_중화산점,완산구 중화산동2가,전북특별자치도 전주시 완산구 중화산동2가 744-2,전북특별자치도 전주시 완산구 유연로 282,063-254-0082,,,,unmatched_address,기존 주택 CSV의 건물 좌표; 음식점 자체 측량 좌표 아님
이웃같이,완산구 효자5동,전북특별자치도 전주시 완산구 효자동3가 1626-8 1층,전북특별자치도 전주시 완산구 척동10길 11 1층,010-6256-4679,127.1012377,35.82488671,효자5동,exact_road_building_match,기존 주택 CSV의 건물 좌표; 음식점 자체 측량 좌표 아님
미소정정육식당,완산구 중화산동2가,전북특별자치도 전주시 완산구 중화산동2가 631-1,전북특별자치도 전주시 완산구 백제대로 243,063-287-5300,,,,unmatched_address,기존 주택 CSV의 건물 좌표; 음식점 자체 측량 좌표 아님
맨즈플레이트,완산구 효자동,전북특별자치도 전주시 완산구 효자동 1가 453-1,전북특별자치도 전주시 완산구 거마평로 147-14,010-3683-9674,,,,unmatched_address,기존 주택 CSV의 건물 좌표; 음식점 자체 측량 좌표 아님
김가네부대찌개,덕진구 우아1동,전북특별자치도 전주시 덕진구 우아동3가 747-68,전북특별자치도 전주시 덕진구 백제대로 797,063-247-3962,,,,unmatched_address,기존 주택 CSV의 건물 좌표; 음식점 자체 측량 좌표 아님
이현우동,완산구 중화산동2가,전북특별자치도 전주시 완산구 중화산동2가 401-7,전북특별자치도 전주시 완산구 중화산로 57,063-223-5244,,,,unmatched_address,기존 주택 CSV의 건물 좌표; 음식점 자체 측량 좌표 아님
콩샌_우전초점,완산구 효자4동,전북특별자치도 전주시 완산구 효자동2가 205-12 1층,전북특별자치도 전주시 완산구 우전2길 12,070-7553-2830,,,,unmatched_address,기존 주택 CSV의 건물 좌표; 음식점 자체 측량 좌표 아님
늘채움,덕진구 덕진동,전북특별자치도 전주시 덕진구 덕진동2가 200-5,전북특별자치도 전주시 덕진구 덕진연못3길 6,063-272-5737,,,,unmatched_address,기존 주택 CSV의 건물 좌표; 음식점 자체 측량 좌표 아님
오꾸꼬태평_객사점,완산구 태평동,전북특별자치도 전주시 완산구 태평동 12-17 1층,전북특별자치도 전주시 완산구 공북로 71 1층,063-282-0800,,,,unmatched_address,기존 주택 CSV의 건물 좌표; 음식점 자체 측량 좌표 아님
드롭탑_신시가지점,완산구 효자5동,전북특별자치도 전주시 완산구 효자동3가 1693-5,전북특별자치도 전주시 완산구 효자로 161,070-8808-2131,,,,unmatched_address,기존 주택 CSV의 건물 좌표; 음식점 자체 측량 좌표 아님
이비가짬뽕_전주송천점,덕진구 송천2동,전북특별자치도 전주시 덕진구 송천동2가 167,"전북특별자치도 전주시 덕진구 동부대로 1072, 1층",063-277-3792,,,,unmatched_address,기존 주택 CSV의 건물 좌표; 음식점 자체 측량 좌표 아님
닭불구이숯불닭갈비,완산구 중화산동2가,전북특별자치도 전주시 완산구 중화산동2가 779-6,전북특별자치도 전주시 완산구 신촌3길 4,"0507-1417-9252, 063-226-9252",,,,unmatched_address,기존 주택 CSV의 건물 좌표; 음식점 자체 측량 좌표 아님
은성슈퍼,완산구 서신동,전북특별자치도 전주시 완산구 서신동 818-7,전북특별자치도 전주시 완산구 서신천변13길 1,063-252-5586,,,,unmatched_address,기존 주택 CSV의 건물 좌표; 음식점 자체 측량 좌표 아님
지평선한돈_전주점,덕진구 송천동,전북특별자치도 전주시 덕진구 송천동2가  614-6,전북특별자치도 전주시 덕진구 시천로 110-6,063-273-3392,,,,unmatched_address,기존 주택 CSV의 건물 좌표; 음식점 자체 측량 좌표 아님
진안오겹살,완산구 서신동,전북특별자치도 전주시 완산구 서신동 934-5,전북특별자치도 전주시 완산구 새터로 33,063-273-3773,,,,unmatched_address,기존 주택 CSV의 건물 좌표; 음식점 자체 측량 좌표 아님
먹촌치맛살생구이,덕진구 우아동2가,전북특별자치도 전주시 덕진구 우아동2가 905-5,전북특별자치도 전주시 덕진구 아중3길 7,063-242-3594,,,,unmatched_address,기존 주택 CSV의 건물 좌표; 음식점 자체 측량 좌표 아님
일품풍천장어,완산구 효자동,전북특별자치도 전주시 완산구 효자동3가 1646-11,전북특별자치도 전주시 완산구 마전1길 10,063-282-8383,,,,unmatched_address,기존 주택 CSV의 건물 좌표; 음식점 자체 측량 좌표 아님
마리아쥬,완산구 효자동2가,전북특별자치도 전주시 완산구 효자동2가 156-4 3층,전북특별자치도 전주시 완산구 우전2길 45,063-228-1163,,,,unmatched_address,기존 주택 CSV의 건물 좌표; 음식점 자체 측량 좌표 아님
에이트플로어,완산구 효자5동,전북특별자치도 전주시 완산구 효자동3가 1694-2 8층,전북특별자치도 전주시 완산구 마전들로 74 8층,063-225-7777,,,,unmatched_address,기존 주택 CSV의 건물 좌표; 음식점 자체 측량 좌표 아님
회남자,덕진구 송천2동,전북특별자치도 전주시 덕진구 송천동2가 491-19,전북특별자치도 전주시 덕진구 송천중앙로 233-13,063-251-5597,,,,unmatched_address,기존 주택 CSV의 건물 좌표; 음식점 자체 측량 좌표 아님
스위트크루,완산구 효자5동,전북특별자치도 전주시 완산구 효자동3가 1616-7,전북특별자치도 전주시 완산구 문학대4길 31,063-221-0771,127.1052579,35.8268991,효자5동,exact_road_building_match,기존 주택 CSV의 건물 좌표; 음식점 자체 측량 좌표 아님
해송수산,덕진구 송천동,전북특별자치도 전주시 덕진구 송천동2가 324-9,전북특별자치도 전주시 덕진구 동부대로 1129,"063-272-3888, 063-254-3888",,,,unmatched_address,기존 주택 CSV의 건물 좌표; 음식점 자체 측량 좌표 아님
호연당,완산구 중화산동,전북특별자치도 전주시 완산구 중화산동2가 636-6,전북특별자치도 전주시 완산구 중산1길 13,063-222-0155,127.1190019,35.81435606,중화산2동,exact_road_building_match,기존 주택 CSV의 건물 좌표; 음식점 자체 측량 좌표 아님
본도시락_전주서신점,완산구 서신동,전북특별자치도 전주시 완산구 서신동 970-2 트윈폴리스 104호,전북특별자치도 전주시 완산구 온고을로 26 트윈폴리스 104호,063-272-4282,,,,unmatched_address,기존 주택 CSV의 건물 좌표; 음식점 자체 측량 좌표 아님
명동소바부대찌개,덕진구 우아동1가,전북특별자치도 전주시 덕진구 우아동1가 898,전북특별자치도 전주시 덕진구 인교7길 5,063-242-5904,127.1729545,35.82656074,우아2동,exact_road_building_match,기존 주택 CSV의 건물 좌표; 음식점 자체 측량 좌표 아님
착한남자,완산구 효자동,전북특별자치도 전주시 완산구 효자동2가 1157-4 1층,전북특별자치도 전주시 완산구 홍산1길 7 1층,070-8691-2722,,,,unmatched_address,기존 주택 CSV의 건물 좌표; 음식점 자체 측량 좌표 아님
촌댁맥주_서신2호점,완산구 서신동,전북특별자치도 전주시 완산구 서신동 851-3 1층,전북특별자치도 전주시 완산구 서신천변로 7 1층,0507-1332-9477,,,,unmatched_address,기존 주택 CSV의 건물 좌표; 음식점 자체 측량 좌표 아님
공차롯데시네마_전주점,완산구 서신동,전북특별자치도 전주시 완산구 서신동 971,전북특별자치도 전주시 완산구 온고을로 2,없음,,,,unmatched_address,기존 주택 CSV의 건물 좌표; 음식점 자체 측량 좌표 아님
소림사,덕진구 송천1동,전북특별자치도 전주시 덕진구 송천동1가 128-8,전북특별자치도 전주시 덕진구 솔내7길 40-7,063-275-6957,,,,unmatched_address,기존 주택 CSV의 건물 좌표; 음식점 자체 측량 좌표 아님
피자비토랩_전주완산구점,완산구 효자5동,전북특별자치도 전주시 완산구 효자동2가 1256-3 1층,전북특별자치도 전주시 완산구 우전로 206 1층,063-224-3331,,,,unmatched_address,기존 주택 CSV의 건물 좌표; 음식점 자체 측량 좌표 아님
감성커피_송천중앙로점,덕진구 송천동,전북특별자치도 전주시 덕진구 송천동1가 482-4,전북특별자치도 전주시 덕진구 송천중앙로 152,063-252-5170,,,,unmatched_address,기존 주택 CSV의 건물 좌표; 음식점 자체 측량 좌표 아님
태양부양꼬치_효자점,완산구 효자5동,전북특별자치도 전주시 완산구 효자동3가 1528-6 1층,전북특별자치도 전주시 완산구 홍산4길 16 1층,063-715-6666,,,,unmatched_address,기존 주택 CSV의 건물 좌표; 음식점 자체 측량 좌표 아님
맥주의전설_전북대점,덕진구 덕진동,전북특별자치도 전주시 덕진구 덕진동1가 1264-25 1층,전북특별자치도 전주시 덕진구 명륜3길 16 1층,010-3122-8028,,,,unmatched_address,기존 주택 CSV의 건물 좌표; 음식점 자체 측량 좌표 아님
엉터리생고기,완산구 고사동,전북특별자치도 전주시 완산구 고사동 139 2층,전북특별자치도 전주시 완산구 전주객사4길 44-24 2층,063-232-8893,,,,unmatched_address,기존 주택 CSV의 건물 좌표; 음식점 자체 측량 좌표 아님
레이지크해비탯,완산구 다가동4가,전북특별자치도 전주시 완산구 다가동4가 89-4,전북특별자치도 전주시 완산구 전주객사1길 46-11,063-903-4611,,,,unmatched_address,기존 주택 CSV의 건물 좌표; 음식점 자체 측량 좌표 아님
김돈이_중화산점,완산구 중화산동2가,전북특별자치도 전주시 완산구 중화산동2가 592-13,전북특별자치도 전주시 완산구 중화산로 92,063-226-2828,,,,unmatched_address,기존 주택 CSV의 건물 좌표; 음식점 자체 측량 좌표 아님
코다리밥상_전주서신점,완산구 서신동,전북특별자치도 전주시 완산구 서신동 832-4,전북특별자치도 전주시 완산구 서신로 34,063-255-8389,,,,unmatched_address,기존 주택 CSV의 건물 좌표; 음식점 자체 측량 좌표 아님
펀펀포차,완산구 효자동,전북특별자치도 전주시 완산구 효자동1가 651 104호,전북특별자치도 전주시 완산구 효자천변2길 13,063-222-7783,,,,unmatched_address,기존 주택 CSV의 건물 좌표; 음식점 자체 측량 좌표 아님
지코바치킨_송천1호점,덕진구 송천동,전북특별자치도 전주시 덕진구 송천동1가 97-6,전북특별자치도 전주시 덕진구 오송1길 37-13,063-277-8286,,,,unmatched_address,기존 주택 CSV의 건물 좌표; 음식점 자체 측량 좌표 아님
한얼집,완산구 중화산동,전북특별자치도 전주시 완산구 중화산동2가 634-11,전북특별자치도 전주시 완산구 산월2길 22,063-224-2029,,,,unmatched_address,기존 주택 CSV의 건물 좌표; 음식점 자체 측량 좌표 아님
디오차드,완산구 효자동2가,전북특별자치도 전주시 완산구 효자동2가 753-34,전북특별자치도 전주시 완산구 한절길 32-30,063-282-1153,,,,unmatched_address,기존 주택 CSV의 건물 좌표; 음식점 자체 측량 좌표 아님
쇼쿠,덕진구 덕진동,전북특별자치도 전주시 덕진구 덕진동2가 674-2 101호,전북특별자치도 전주시 덕진구 가리내8길 7 101호,063-909-0226,127.1110246,35.84336035,덕진동,exact_road_building_match,기존 주택 CSV의 건물 좌표; 음식점 자체 측량 좌표 아님
콩샌_신시가지점,완산구 효자5동,전북특별자치도 전주시 완산구 효자동2가 1238-7,전북특별자치도 전주시 완산구 홍산남로 27,063-273-8989,,,,unmatched_address,기존 주택 CSV의 건물 좌표; 음식점 자체 측량 좌표 아님
순진한순대국밥_전북대점,완산구 덕진동1가,전북특별자치도 전주시 덕진구 덕진동1가 1402-20,전북특별자치도 전주시 완산구 사평로 67,063-271-3319,,,,unmatched_address,기존 주택 CSV의 건물 좌표; 음식점 자체 측량 좌표 아님
특별한커피_토리스타9호점,완산구 중화산동2가,전북특별자치도 전주시 완산구 중화산동2가  660-4,전북특별자치도 전주시 완산구 한두평3길 11,010-8628-9222,,,,unmatched_address,기존 주택 CSV의 건물 좌표; 음식점 자체 측량 좌표 아님
홍익궁중전통육개장_전주도청점,완산구 효자5동,전북특별자치도 전주시 완산구 효자동3가 1696-9,전북특별자치도 전주시 완산구 석산2길 5-10,063-228-9760,,,,unmatched_address,기존 주택 CSV의 건물 좌표; 음식점 자체 측량 좌표 아님
일등낙지_송천점,덕진구 송천동2가,전북특별자치도 전주시 덕진구 송천동2가 179-121,전북특별자치도 전주시 덕진구 사근1길 37,063-252-9979,,,,unmatched_address,기존 주택 CSV의 건물 좌표; 음식점 자체 측량 좌표 아님
푸라닭_전주하가점,덕진구 덕진동2가,전북특별자치도 전주시 덕진구 덕진동2가 671-8,전북특별자치도 전주시 덕진구 가리내8길 8,063-271-8289,127.1110296,35.84361008,덕진동,exact_road_building_match,기존 주택 CSV의 건물 좌표; 음식점 자체 측량 좌표 아님
담꾹_전주에코점,덕진구 송천동,전북특별자치도 전주시 덕진구 송천동2가 1336-1 1동 1층 106호,전북특별자치도 전주시 덕진구 세병서로 22 1동 1층 106호,063-714-2662,,,,unmatched_address,기존 주택 CSV의 건물 좌표; 음식점 자체 측량 좌표 아님
시올리,덕진구 송천동,전북특별자치도 전주시 덕진구 송천동1가 839-9,전북특별자치도 전주시 덕진구 송천로 112-37,0507-1345-5684,,,,unmatched_address,기존 주택 CSV의 건물 좌표; 음식점 자체 측량 좌표 아님
유록,완산구 효자5동,전북특별자치도 전주시 완산구 효자동3가 1616-9 1층,전북특별자치도 전주시 완산구 문학대4길 29 1층,063-229-5518,127.1049575,35.82688936,효자5동,exact_road_building_match,기존 주택 CSV의 건물 좌표; 음식점 자체 측량 좌표 아님
콩나루콩나물국밥_아중점,덕진구 우아동2가,전북특별자치도 전주시 덕진구 우아동2가 934-1,전북특별자치도 전주시 덕진구 아중로 233-6,063-246-5969,,,,unmatched_address,기존 주택 CSV의 건물 좌표; 음식점 자체 측량 좌표 아님
덮밥전문_웍스50_아중점,덕진구 우아동2가,전북특별자치도 전주시 덕진구 우아동2가 858-1,전북특별자치도 전주시 덕진구 진버들6길10,0507-1346-4295,,,,unmatched_address,기존 주택 CSV의 건물 좌표; 음식점 자체 측량 좌표 아님
광장숯불갈비,덕진구 덕진동,전북특별자치도 전주시 덕진구 덕진동1가 1314-200,전북특별자치도 전주시 덕진구 덕진광장로 15,063-272-2317,,,,unmatched_address,기존 주택 CSV의 건물 좌표; 음식점 자체 측량 좌표 아님
전통다슬기탕,덕진구 덕진동,전북특별자치도 전주시 덕진구 덕진동1가 1410-1,전북특별자치도 전주시 덕진구 들사평3길 16-3,063-255-7724,,,,unmatched_address,기존 주택 CSV의 건물 좌표; 음식점 자체 측량 좌표 아님
드보호,덕진구 송천동1가,전북특별자치도 전주시 덕진구 송천동1가 800-6,전북특별자치도 전주시 덕진구 시천로 72-1,063-255-9297,,,,unmatched_address,기존 주택 CSV의 건물 좌표; 음식점 자체 측량 좌표 아님
트랙나인,완산구 효자동,전북특별자치도 전주시 완산구 효자동3가 1656-12,전북특별자치도 전주시 완산구 마전들로 7,070-4233-4853,,,,unmatched_address,기존 주택 CSV의 건물 좌표; 음식점 자체 측량 좌표 아님
지리산운봉흑돼지,완산구 효자동3가,전북특별자치도 전주시 완산구 효자동3가 1450-2,전북특별자치도 전주시 완산구 서곡1길 13-2,063-253-3181,127.0995662,35.83525538,효자5동,exact_road_building_match,기존 주택 CSV의 건물 좌표; 음식점 자체 측량 좌표 아님
밀바,덕진구 우아동1가,전북특별자치도 전주시 덕진구 우아동1가 89-46,전북특별자치도 전주시 덕진구 왜망실1길 12-61,0507-1334-5766,,,,unmatched_address,기존 주택 CSV의 건물 좌표; 음식점 자체 측량 좌표 아님
명가전주순대식당,완산구 효자4동,전북특별자치도 전주시 완산구 효자동3가 1457-5 1층,전북특별자치도 전주시 완산구 서곡1길 1-8 1층,063-277-3228,127.1002078,35.83440288,효자5동,exact_road_building_match,기존 주택 CSV의 건물 좌표; 음식점 자체 측량 좌표 아님
마왕족발_전주덕진점,덕진구 덕진동,전북특별자치도 전주시 덕진구 덕진동2가 674-5,전북특별자치도 전주시 덕진구 가리내8길 1,063-277-0991,127.1116397,35.84339024,덕진동,exact_road_building_match,기존 주택 CSV의 건물 좌표; 음식점 자체 측량 좌표 아님
망원동티라미수_전주본점,완산구 효자5동,전북특별자치도 전주시 완산구 효자동3가 1642-5,전북특별자치도 전주시 완산구 우전로 321,070-4335-2431,,,,unmatched_address,기존 주택 CSV의 건물 좌표; 음식점 자체 측량 좌표 아님
선아네고기집,완산구 중화산동,전북특별자치도 전주시 완산구 중화산동2가 759-5,전북특별자치도 전주시 완산구 화산천변로 10,063-227-3234,,,,unmatched_address,기존 주택 CSV의 건물 좌표; 음식점 자체 측량 좌표 아님
빠리브레드,완산구 중앙동,전북특별자치도 전주시 완산구 중앙동2가 29-2,전북특별자치도 전주시 완산구 전주객사3길 12-10,063-288-1198,,,,unmatched_address,기존 주택 CSV의 건물 좌표; 음식점 자체 측량 좌표 아님
칠번가,완산구 효자동1가,전북특별자치도 전주시 완산구 효자동1가 635-1,전북특별자치도 전주시 완산구 신봉로 67,063-224-7212,,,,unmatched_address,기존 주택 CSV의 건물 좌표; 음식점 자체 측량 좌표 아님
라베가,완산구 효자동1가,전북특별자치도 전주시 완산구 효자동1가 591-6,전북특별자치도 전주시 완산구 서원로 196,063-227-0427,,,,unmatched_address,기존 주택 CSV의 건물 좌표; 음식점 자체 측량 좌표 아님
전골의법칙홍콩할매불닭발,덕진구 송천동,전북특별자치도 전주시 덕진구 송천동1가 137-76 101호,전북특별자치도 전주시 덕진구 솔내8길 40 101호,063-276-5007,,,,unmatched_address,기존 주택 CSV의 건물 좌표; 음식점 자체 측량 좌표 아님
누룩꽃피는날_도청점,완산구 효자5동,전북특별자치도 전주시 완산구 효자동3가 1535-4,전북특별자치도 전주시 완산구 홍산중앙로 35,063-229-9293,,,,unmatched_address,기존 주택 CSV의 건물 좌표; 음식점 자체 측량 좌표 아님
앗싸실내포차,덕진구 우아1동,전북특별자치도 전주시 덕진구 우아동3가 748-3,전북특별자치도 전주시 덕진구 백제대로 786,063-245-9332,,,,unmatched_address,기존 주택 CSV의 건물 좌표; 음식점 자체 측량 좌표 아님
만뽀스키야키_롯데전주점,완산구 서신동,전북특별자치도 전주시 완산구 서신동 971,전북특별자치도 전주시 완산구 온고을로 2,없음,,,,unmatched_address,기존 주택 CSV의 건물 좌표; 음식점 자체 측량 좌표 아님
호호호떡,완산구 효자동,전북특별자치도 전주시 완산구 효자동1가 518-59,전북특별자치도 전주시 완산구 거마평로 191-2,063-227-7845,,,,unmatched_address,기존 주택 CSV의 건물 좌표; 음식점 자체 측량 좌표 아님
더리터_하가점,덕진구 덕진동,전북특별자치도 전주시 덕진구 덕진동2가 694-3 리더빌딩 104호,전북특별자치도 전주시 덕진구 가련산로 18,063-252-8440,,,,unmatched_address,기존 주택 CSV의 건물 좌표; 음식점 자체 측량 좌표 아님
디저트39_아중점,덕진구 우아동2가,전북특별자치도 전주시 덕진구 우아동2가 860-6,전북특별자치도 전주시 덕진구 건산로 261,063-287-3339,,,,unmatched_address,기존 주택 CSV의 건물 좌표; 음식점 자체 측량 좌표 아님
박가네수산시장,완산구 효자5동,전북특별자치도 전주시 완산구 효자동3가 1698-10 1층,전북특별자치도 전주시 완산구 석산1길 14 1층,063-236-7667,,,,unmatched_address,기존 주택 CSV의 건물 좌표; 음식점 자체 측량 좌표 아님
태조밥상,완산구 풍남동,전북특별자치도 전주시 완산구 교동 268,전북특별자치도 전주시 완산구 경기전길 122,063-288-4004,,,,unmatched_address,기존 주택 CSV의 건물 좌표; 음식점 자체 측량 좌표 아님
족발야시장_도청점,완산구 효자동,전북특별자치도 전주시 완산구 효자동2가 1332-1,전북특별자치도 전주시 완산구 홍산로 160-3,0507-0090-7694,,,,unmatched_address,기존 주택 CSV의 건물 좌표; 음식점 자체 측량 좌표 아님
차이홍,완산구 서신동,"전북특별자치도 전주시 완산구 서신동 971, 롯데백화점 6층",전북특별자치도 전주시 완산구 온고을로 2,063-289-2655,,,,unmatched_address,기존 주택 CSV의 건물 좌표; 음식점 자체 측량 좌표 아님
양세마리훠궈앤마라탕_2호점,완산구 고사동,전북특별자치도 전주시 완산구 고사동 238 2층,"전북특별자치도 전주시 완산구 전주객사4길, 74-11 2층",063-902-8868,,,,unmatched_address,기존 주택 CSV의 건물 좌표; 음식점 자체 측량 좌표 아님
퐁당퐁당,덕진구 송천동,전북특별자치도 전주시 덕진구 송천동1가 830-4,전북특별자치도 전주시 덕진구 두간11길 3-10,063-276-8630,,,,unmatched_address,기존 주택 CSV의 건물 좌표; 음식점 자체 측량 좌표 아님
빨간맛도리,완산구 효자동2가,전북특별자치도 전주시 완산구 효자동2가 1306-3,전북특별자치도 전주시 완산구 후곡길 31-17,"0507-1401-3061, 063-225-3061",127.0946794,35.81124742,효자4동,exact_road_building_match,기존 주택 CSV의 건물 좌표; 음식점 자체 측량 좌표 아님
바겟버거전주대학교점,완산구 효자동2가,전북특별자치도 전주시 완산구 효자동2가 1080 스타센터 지상2층,전북특별자치도 전주시 완산구 천잠로 303 스타센터 지상2층,063-223-2010,,,,unmatched_address,기존 주택 CSV의 건물 좌표; 음식점 자체 측량 좌표 아님
하루참치,완산구 효자동3가,전북특별자치도 전주시 완산구 효자동3가 1538-7,전북특별자치도 전주시 완산구 홍산남로 69-20,063-221-8898,,,,unmatched_address,기존 주택 CSV의 건물 좌표; 음식점 자체 측량 좌표 아님
벼락,덕진구 덕진동,전북특별자치도 전주시 덕진구 덕진동1가 1314-172 1층,전북특별자치도 전주시 덕진구 명륜4길 18-3 1층,070-8824-1427,,,,unmatched_address,기존 주택 CSV의 건물 좌표; 음식점 자체 측량 좌표 아님
신대유성,완산구 풍남동,전북특별자치도 전주시 완산구 교동 92-9,전북특별자치도 전주시 완산구 은행로 82-10,063-271-2666,,,,unmatched_address,기존 주택 CSV의 건물 좌표; 음식점 자체 측량 좌표 아님
카페구디,덕진구 덕진동,전북특별자치도 전주시 덕진구 덕진동1가 1265-10 1층,전북특별자치도 전주시 덕진구 기린대로 464 1층,063-271-9992,,,,unmatched_address,기존 주택 CSV의 건물 좌표; 음식점 자체 측량 좌표 아님
시골소리,완산구 태평동,전북특별자치도 전주시 완산구 태평동 14-13,"전북특별자치도 전주시 완산구 공북로 68, 1층",063-231-5100,,,,unmatched_address,기존 주택 CSV의 건물 좌표; 음식점 자체 측량 좌표 아님
땡초김밥,완산구 효자동,전북특별자치도 전주시 완산구 효자동2가 1155-7,전북특별자치도 전주시 완산구 홍산남로 62,063-245-2350,,,,unmatched_address,기존 주택 CSV의 건물 좌표; 음식점 자체 측량 좌표 아님
스타벅스_전주신시가지,완산구 효자동2가,전북특별자치도 전주시 완산구 효자동2가 1233-2,전북특별자치도 전주시 완산구 우전로 255,1522-3232,,,,unmatched_address,기존 주택 CSV의 건물 좌표; 음식점 자체 측량 좌표 아님
공간봄,완산구 풍남동,전북특별자치도 전주시 완산구 풍남동3가 83-3,전북특별자치도 전주시 완산구 어진길 51,063-284-3737,,,,unmatched_address,기존 주택 CSV의 건물 좌표; 음식점 자체 측량 좌표 아님
남원복례추어탕,완산구 서신동,전북특별자치도 전주시 완산구 서신동 931-2,전북특별자치도 전주시 완산구 새터로 51-13,063-273-3777,127.1119882,35.83650143,서신동,exact_road_building_match,기존 주택 CSV의 건물 좌표; 음식점 자체 측량 좌표 아님
최동민양푼갈비_전주아중1호점,덕진구 우아동2가,전북특별자치도 전주시 덕진구 우아동2가 919-9,전북특별자치도 전주시 덕진구 아중중앙로 22,063-245-8545,,,,unmatched_address,기존 주택 CSV의 건물 좌표; 음식점 자체 측량 좌표 아님
누룩꽃피는날_전북대점,덕진구 덕진동,전북특별자치도 전주시 덕진구 덕진동1가 1314-180 2층,전북특별자치도 전주시 덕진구 명륜3길 18-1,070-4090-6139,,,,unmatched_address,기존 주택 CSV의 건물 좌표; 음식점 자체 측량 좌표 아님
옌타이양꼬치,완산구 효자동,전북특별자치도 전주시 완산구 효자동3가 1538-6,전북특별자치도 전주시 완산구 홍산남로 83-19,063-224-0188,,,,unmatched_address,기존 주택 CSV의 건물 좌표; 음식점 자체 측량 좌표 아님
올드스터프,완산구 효자동,전북특별자치도 전주시 완산구 효자동3가 1643-1 jc빌딩 1층,전북특별자치도 전주시 완산구 마전중앙로 4 jc빌딩 1층,070-8865-4511,,,,unmatched_address,기존 주택 CSV의 건물 좌표; 음식점 자체 측량 좌표 아님
빙고전,완산구 서신동,전북특별자치도 전주시 완산구 서신동 851-4,전북특별자치도 전주시 완산구 서신천변로 5,063-277-5670,,,,unmatched_address,기존 주택 CSV의 건물 좌표; 음식점 자체 측량 좌표 아님
진수곱창본점,완산구 다가동,전북특별자치도 전주시 완산구 다가동4가 36-3,"전북특별자치도 전주시 완산구 전주객사1길 88, 1층",063-287-2441,,,,unmatched_address,기존 주택 CSV의 건물 좌표; 음식점 자체 측량 좌표 아님
선너머순대국밥,완산구 중화산동,전북특별자치도 전주시 완산구 중화산동1가 262-1,전북특별자치도 전주시 완산구 선너머3길 7,010-3670-9707,,,,unmatched_address,기존 주택 CSV의 건물 좌표; 음식점 자체 측량 좌표 아님
곤드레에반하다,덕진구 송천2동,전북특별자치도 전주시 덕진구 전미동2가 77-6,"전북특별자치도 전주시 덕진구 전미로 224, 1층",063-909-8229,,,,unmatched_address,기존 주택 CSV의 건물 좌표; 음식점 자체 측량 좌표 아님
카페헬로,완산구 효자동,전북특별자치도 전주시 완산구 효자동1가 687-10 1층,"전북특별자치도 전주시 완산구 안행로 45, 1층","0507-1488-2210, 063-225-2205",,,,unmatched_address,기존 주택 CSV의 건물 좌표; 음식점 자체 측량 좌표 아님
남해수산,덕진구 송천1동,전북특별자치도 전주시 덕진구 송천동2가 468-1,전북특별자치도 전주시 덕진구 송천중앙로 232,063-278-1770,,,,unmatched_address,기존 주택 CSV의 건물 좌표; 음식점 자체 측량 좌표 아님
장터해장국,덕진구 송천1동,전북특별자치도 전주시 덕진구 송천동2가 492-21,전북특별자치도 전주시 덕진구 송천중앙로 233-4,063-274-9257,,,,unmatched_address,기존 주택 CSV의 건물 좌표; 음식점 자체 측량 좌표 아님
성자동,덕진구 덕진동,전북특별자치도 전주시 덕진구 덕진동1가 1312-58 1동 1층 102호,전북특별자치도 전주시 덕진구 명륜4길 21-4 1동 1층 102호,0507-1336-9307,,,,unmatched_address,기존 주택 CSV의 건물 좌표; 음식점 자체 측량 좌표 아님
초록다슬기,완산구 풍남동,전북특별자치도 전주시 완산구 전동 295-5,전북특별자치도 전주시 완산구 풍남문1길 13-4,063-236-3392,,,,unmatched_address,기존 주택 CSV의 건물 좌표; 음식점 자체 측량 좌표 아님
전주숯불닭집_전북대점,덕진구 덕진동,전북특별자치도 전주시 덕진구 덕진동1가 1261-28,전북특별자치도 전주시 덕진구 명륜4길 11-10,010-3375-7838,,,,unmatched_address,기존 주택 CSV의 건물 좌표; 음식점 자체 측량 좌표 아님
신옛날통닭앤한상차림,완산구 효자동1가,전북특별자치도 전주시 완산구 효자동1가 547-9,전북특별자치도 전주시 완산구 성지산3길 22,063-232-9982,,,,unmatched_address,기존 주택 CSV의 건물 좌표; 음식점 자체 측량 좌표 아님
탐탐생선구이_하가지구본점,덕진구 덕진동,전북특별자치도 전주시 덕진구 덕진동2가 677-5,전북특별자치도 전주시 덕진구 가리내10길 12-3,063-277-8818,127.1104326,35.84230778,덕진동,exact_road_building_match,기존 주택 CSV의 건물 좌표; 음식점 자체 측량 좌표 아님
류가중식,덕진구 송천동,전북특별자치도 전주시 덕진구 송천동2가 1327-6 101호,전북특별자치도 전주시 덕진구 세병1길 36 101호,070-7543-6967,,,,unmatched_address,기존 주택 CSV의 건물 좌표; 음식점 자체 측량 좌표 아님
훔친수산풍천민물장어,덕진구 우아동2가,전북특별자치도 전주시 덕진구 우아동2가 864-3,전북특별자치도 전주시 덕진구 건산로 281,063-246-8292,,,,unmatched_address,기존 주택 CSV의 건물 좌표; 음식점 자체 측량 좌표 아님
아중산장,덕진구 우아동1가,전북특별자치도 전주시 덕진구 우아동1가 738-6,전북특별자치도 전주시 덕진구 아중저수지길93-18,063-241-0505,,,,unmatched_address,기존 주택 CSV의 건물 좌표; 음식점 자체 측량 좌표 아님
억대국수,완산구 효자동,전북특별자치도 전주시 완산구 효자동2가 1238-4 1층 102호,전북특별자치도 전주시 완산구 홍산남로 19 1층 102호,063-221-5225,,,,unmatched_address,기존 주택 CSV의 건물 좌표; 음식점 자체 측량 좌표 아님
일등한우정육식당,덕진구 송천1동,전북특별자치도 전주시 덕진구 송천동2가 205-3,전북특별자치도 전주시 덕진구 솔내로 173-8,063-275-6155,,,,unmatched_address,기존 주택 CSV의 건물 좌표; 음식점 자체 측량 좌표 아님
탐앤탐스_전주중앙점,완산구 중앙동,전북특별자치도 전주시 완산구 고사동 186 오거리메디컬스파,전북특별자치도 전주시 완산구 전주객사4길 74-50 오거리메디컬스파,063-224-4985,,,,unmatched_address,기존 주택 CSV의 건물 좌표; 음식점 자체 측량 좌표 아님
돌섬횟집,덕진구 송천1동,전북특별자치도 전주시 덕진구 송천동2가 523-1,전북특별자치도 전주시 덕진구 붓내3길 9,063-278-2112,,,,unmatched_address,기존 주택 CSV의 건물 좌표; 음식점 자체 측량 좌표 아님
교촌치킨_전북대점,덕진구 덕진동,전북특별자치도 전주시 덕진구 덕진동1가 1314-201,전북특별자치도 전주시 덕진구 덕진광장로 12,063-254-2033,,,,unmatched_address,기존 주택 CSV의 건물 좌표; 음식점 자체 측량 좌표 아님
오구본가_중화산점,완산구 중화산동2가,전북특별자치도 전주시 완산구 중화산동2가 616,전북특별자치도 전주시 완산구 중화산로 68,063-236-8259,,,,unmatched_address,기존 주택 CSV의 건물 좌표; 음식점 자체 측량 좌표 아님
수수께끼,완산구 효자동3가,전북특별자치도 전주시 완산구 효자동3가 1679-4,전북특별자치도 전주시 완산구 배학1길 4-6,063-222-5279,,,,unmatched_address,기존 주택 CSV의 건물 좌표; 음식점 자체 측량 좌표 아님
술향기,덕진구 송천동1가,전북특별자치도 전주시 덕진구 송천동1가 137-127,전북특별자치도 전주시 덕진구 솔내로 111,010-3799-5507,,,,unmatched_address,기존 주택 CSV의 건물 좌표; 음식점 자체 측량 좌표 아님
마카롱부띠끄,완산구 중화산동2가,전북특별자치도 전주시 완산구 중화산동2가 616-14,전북특별자치도 전주시 완산구 중화산로 64,0507-1353-9494,,,,unmatched_address,기존 주택 CSV의 건물 좌표; 음식점 자체 측량 좌표 아님
무주덕유산돼야지,덕진구 송천1동,전북특별자치도 전주시 덕진구 송천동1가 119-10,전북특별자치도 전주시 덕진구 솔내7길 9-12,063-252-3353,,,,unmatched_address,기존 주택 CSV의 건물 좌표; 음식점 자체 측량 좌표 아님
인기명_전주신시가지점,완산구 효자5동,전북특별자치도 전주시 완산구 효자동3가 1528-1 골든시티 108호,전북특별자치도 전주시 완산구 홍산4길 6 골든시티 108호,063-902-1333,,,,unmatched_address,기존 주택 CSV의 건물 좌표; 음식점 자체 측량 좌표 아님
우리할매떡볶이_효자점,완산구 효자5동,전북특별자치도 전주시 완산구 효자동2가 1317-5 101호,전북특별자치도 전주시 완산구 호암로 67 101호,063-227-7889,,,,unmatched_address,기존 주택 CSV의 건물 좌표; 음식점 자체 측량 좌표 아님
더코너,덕진구 우아동2가,전북특별자치도 전주시 덕진구 우아동2가 896-8,전북특별자치도 전주시 덕진구 아중6길 20,0507-1321-5916,127.1722893,35.83212228,우아2동,exact_road_building_match,기존 주택 CSV의 건물 좌표; 음식점 자체 측량 좌표 아님
미쓰족발_전주도청점,완산구 효자5동,전북특별자치도 전주시 완산구 효자동3가 1534-2 홍산프라임빌딩 102호,전북특별자치도 전주시 완산구 홍산남로 47 홍산프라임빌딩 102호,063-237-3989,,,,unmatched_address,기존 주택 CSV의 건물 좌표; 음식점 자체 측량 좌표 아님
돼지박사1997,완산구 고사동,전북특별자치도 전주시 완산구 고사동 340-4,전북특별자치도 전주시 완산구 전주객사3길 49,063-287-8255,,,,unmatched_address,기존 주택 CSV의 건물 좌표; 음식점 자체 측량 좌표 아님
선궁한우,덕진구 송천2동,전북특별자치도 전주시 덕진구 송천동1가 824-5,전북특별자치도 전주시 덕진구 두간로 22,063-251-6767,,,,unmatched_address,기존 주택 CSV의 건물 좌표; 음식점 자체 측량 좌표 아님
쿠우쿠우_전주송천점,덕진구 송천2동,전북특별자치도 전주시 덕진구 송천동2가 179-116 201~207호,"전북특별자치도 전주시 덕진구 사근1길 31, 2층",063-252-6274,,,,unmatched_address,기존 주택 CSV의 건물 좌표; 음식점 자체 측량 좌표 아님
국수연,덕진구 우아동2가,전북특별자치도 전주시 덕진구 우아동2가 883-2,전북특별자치도 전주시 덕진구 석소5길 33,063-242-8832,,,,unmatched_address,기존 주택 CSV의 건물 좌표; 음식점 자체 측량 좌표 아님
열선수애호박돼지국밥_전주혁신도시점,덕진구 혁신동,전북특별자치도 전주시 덕진구 만성동 1167-8 1동 102호,전북특별자치도 전주시 덕진구 만성로 23 1동 102호,063-227-2201,127.0708588,35.83439466,여의동,exact_road_building_match,기존 주택 CSV의 건물 좌표; 음식점 자체 측량 좌표 아님
소노야,완산구 고사동,전북특별자치도 전주시 완산구 고사동 133-1,전북특별자치도 전주시 완산구 전주객사4길 24-17,063-282-2827,,,,unmatched_address,기존 주택 CSV의 건물 좌표; 음식점 자체 측량 좌표 아님
솔가,완산구 서신동,전북특별자치도 전주시 완산구 서신동 835,전북특별자치도 전주시 완산구 안터2길 39,063-275-5353,127.1162981,35.82813699,서신동,exact_road_building_match,기존 주택 CSV의 건물 좌표; 음식점 자체 측량 좌표 아님
망원동티라미수_전주혁신점,덕진구 장동,전북특별자치도 전주시 덕진구 장동 1111 302동 D124호,전북특별자치도 전주시 덕진구 기지로 77 302동 D124호,063-254-1988,,,,unmatched_address,기존 주택 CSV의 건물 좌표; 음식점 자체 측량 좌표 아님
양파링_전주객사점,완산구 다가동,전북특별자치도 전주시 완산구 다가동3가 23-2,"전북특별자치도 전주시 완산구 전주객사2길11, 1층",063-284-0800,,,,unmatched_address,기존 주택 CSV의 건물 좌표; 음식점 자체 측량 좌표 아님
네네치킨_전주대점,완산구 효자동,전북특별자치도 전주시 완산구 효자동3가 1710-5,전북특별자치도 전주시 완산구 효자로 92,0507-0090-7652,,,,unmatched_address,기존 주택 CSV의 건물 좌표; 음식점 자체 측량 좌표 아님
일달라커피,완산구 효자5동,"전북특별자치도 전주시 완산구 효자동3가 1534-5 1-2층 102, 201, 202호","전북특별자치도 전주시 완산구 홍산남로 55 1-2층 102, 201, 202호",010-7209-3835,,,,unmatched_address,기존 주택 CSV의 건물 좌표; 음식점 자체 측량 좌표 아님
카페_수,덕진구 혁신동,전북특별자치도 전주시 덕진구 중동 786-2 1F,전북특별자치도 전주시 덕진구 오정1길 28 1F,0507-1350-2642,127.0598525,35.83380104,혁신동,exact_road_building_match,기존 주택 CSV의 건물 좌표; 음식점 자체 측량 좌표 아님
옛촌막걸리_서신별관,완산구 서신동,전북특별자치도 전주시 완산구 서신동 850-15,전북특별자치도 전주시 완산구 전룡로 9,063-251-5388,,,,unmatched_address,기존 주택 CSV의 건물 좌표; 음식점 자체 측량 좌표 아님
이디야커피_전주서신주민센터점,완산구 서신동,전북특별자치도 전주시 완산구 서신동 815-2,전북특별자치도 전주시 완산구 서신로47,063-251-1060,,,,unmatched_address,기존 주택 CSV의 건물 좌표; 음식점 자체 측량 좌표 아님
라온카페,완산구 풍남동,전북특별자치도 전주시 완산구 풍남동3가 16-6,전북특별자치도 전주시 완산구 한지길 99-6,063-284-8999,,,,unmatched_address,기존 주택 CSV의 건물 좌표; 음식점 자체 측량 좌표 아님
얌스_효자삼호점,완산구 효자3동,전북특별자치도 전주시 완산구 효자동1가 370-1,전북특별자치도 전주시 완산구 거마평로 203,063-904-3225,,,,unmatched_address,기존 주택 CSV의 건물 좌표; 음식점 자체 측량 좌표 아님
라화방_전북도청점,완산구 효자5동,전북특별자치도 전주시 완산구 효자동3가 1539-2 1층 103호,전북특별자치도 전주시 완산구 홍산남로 73 1층 103호,063-236-4243,,,,unmatched_address,기존 주택 CSV의 건물 좌표; 음식점 자체 측량 좌표 아님
아하갈비,완산구 서신동,전북특별자치도 전주시 완산구 서신동 858-5,전북특별자치도 전주시 완산구 전룡2길 3-6,063-252-0270,127.1169179,35.82576058,서신동,exact_road_building_match,기존 주택 CSV의 건물 좌표; 음식점 자체 측량 좌표 아님
유원순대_서곡점,완산구 효자동,전북특별자치도 전주시 완산구 효자동3가 1457-1,전북특별자치도 전주시 완산구 서곡1길 5,063-277-8789,127.1003957,35.8348703,효자5동,exact_road_building_match,기존 주택 CSV의 건물 좌표; 음식점 자체 측량 좌표 아님
오늘,완산구 태평동,전북특별자치도 전주시 완산구 태평동 83-38 2층,전북특별자치도 전주시 완산구 대동로 19 2층,0507-1321-9009,,,,unmatched_address,기존 주택 CSV의 건물 좌표; 음식점 자체 측량 좌표 아님
신전떡볶이_전북대점,덕진구 덕진동1가,전북특별자치도 전주시 덕진구 덕진동1가 1266-2,전북특별자치도 전주시 덕진구 명륜4길 10-2,063-272-7111,,,,unmatched_address,기존 주택 CSV의 건물 좌표; 음식점 자체 측량 좌표 아님
영흥관,완산구 풍남동,전북특별자치도 전주시 완산구 경원동3가 17-1,전북특별자치도 전주시 완산구 현무1길 17,063-284-5628,,,,unmatched_address,기존 주택 CSV의 건물 좌표; 음식점 자체 측량 좌표 아님
와르르조개구이_송천점,덕진구 송천동,전북특별자치도 전주시 덕진구 송천동1가 823-3 1층,전북특별자치도 전주시 덕진구 두간로 28 1층,063-255-9289,,,,unmatched_address,기존 주택 CSV의 건물 좌표; 음식점 자체 측량 좌표 아님
한옥가_백련마을,완산구 풍남동,전북특별자치도 전주시 완산구 풍남동3가 23-11,전북특별자치도 전주시 완산구 한지길 95,0507-1369-0512,,,,unmatched_address,기존 주택 CSV의 건물 좌표; 음식점 자체 측량 좌표 아님
짝태패밀리_전주송천점,덕진구 송천1동,전북특별자치도 전주시 덕진구 송천동2가 247-5,전북특별자치도 전주시 덕진구 붓내3길 8,063-277-7798,,,,unmatched_address,기존 주택 CSV의 건물 좌표; 음식점 자체 측량 좌표 아님
하쿠나마타타,완산구 고사동,전북특별자치도 전주시 완산구 고사동 473-1,전북특별자치도 전주시 완산구 전주객사3길 37-5,0507-1409-1895,,,,unmatched_address,기존 주택 CSV의 건물 좌표; 음식점 자체 측량 좌표 아님
짱그미김밥_하가지구점,덕진구 덕진동,전북특별자치도 전주시 덕진구 덕진동2가 693-4 101호,전북특별자치도 전주시 덕진구 가련산로 5 101호,"0507-1342-5804, 063-272-5804",,,,unmatched_address,기존 주택 CSV의 건물 좌표; 음식점 자체 측량 좌표 아님
카페이프온리,덕진구 덕진동,전북특별자치도 전주시 덕진구 덕진동1가 1264-3,전북특별자치도 전주시 덕진구 명륜3길 18-4,063-251-6818,,,,unmatched_address,기존 주택 CSV의 건물 좌표; 음식점 자체 측량 좌표 아님
김실장돈까스,완산구 중화산동,전북특별자치도 전주시 완산구 중화산동1가 327-12,전북특별자치도 전주시 완산구 서원로 348,063-222-4223,,,,unmatched_address,기존 주택 CSV의 건물 좌표; 음식점 자체 측량 좌표 아님
조선치킨_서신점,완산구 서신동,전북특별자치도 전주시 완산구 서신동 816-3,전북특별자치도 전주시 완산구 서신천변12길 6,063-274-9954,127.114755,35.83002129,서신동,exact_road_building_match,기존 주택 CSV의 건물 좌표; 음식점 자체 측량 좌표 아님
소부당_객리단길점,완산구 다가동4가,전북특별자치도 전주시 완산구 다가동4가 40-9,전북특별자치도 전주시 완산구 전주객사1길 80-23,063-255-1576,,,,unmatched_address,기존 주택 CSV의 건물 좌표; 음식점 자체 측량 좌표 아님
카페인중독_전주완산점,완산구 효자동,전북특별자치도 전주시 완산구 효자동2가 1157-4 SK Leaders view MALL 159호,전북특별자치도 전주시 완산구 홍산1길 7 SK Leaders view MALL 159호,063-225-2353,,,,unmatched_address,기존 주택 CSV의 건물 좌표; 음식점 자체 측량 좌표 아님
또바기돼지,완산구 중화산동2가,전북특별자치도 전주시 완산구 중화산동2가 772-4,전북특별자치도 전주시 완산구 신촌4길 18-17,063-223-9282,127.1158761,35.81824688,중화산2동,exact_road_building_match,기존 주택 CSV의 건물 좌표; 음식점 자체 측량 좌표 아님
솔가숯불갈비_신시가지점,완산구 효자5동,전북특별자치도 전주시 완산구 효자동3가 1697-2 1층,전북특별자치도 전주시 완산구 석산2길 17-15 1층,063-225-1116,,,,unmatched_address,기존 주택 CSV의 건물 좌표; 음식점 자체 측량 좌표 아님
써브웨이_전주송천디티점,덕진구 송천1동,전북특별자치도 전주시 덕진구 송천동2가 69-47,"전북특별자치도 전주시 덕진구 동부대로 1004, 1,2층",063-255-1121,,,,unmatched_address,기존 주택 CSV의 건물 좌표; 음식점 자체 측량 좌표 아님
황태도둑_효자2호점,완산구 효자5동,전북특별자치도 전주시 완산구 효자동3가 1670-2,전북특별자치도 전주시 완산구 마전들로 8,010-9244-6200,,,,unmatched_address,기존 주택 CSV의 건물 좌표; 음식점 자체 측량 좌표 아님
대박돌판구이,완산구 서신동,전북특별자치도 전주시 완산구 서신동 951-13,전북특별자치도 전주시 완산구 고사평4길 12-5,063-273-5756,127.1107949,35.83498175,서신동,exact_road_building_match,기존 주택 CSV의 건물 좌표; 음식점 자체 측량 좌표 아님
동영,완산구 고사동,전북특별자치도 전주시 완산구 고사동 288-14,전북특별자치도 전주시 완산구 전주객사4길 73-18,0507-1333-4180,,,,unmatched_address,기존 주택 CSV의 건물 좌표; 음식점 자체 측량 좌표 아님
수다,완산구 고사동,전북특별자치도 전주시 완산구 고사동 203-6 2층,전북특별자치도 전주시 완산구 전주객사5길 47 2층,063-282-5874,,,,unmatched_address,기존 주택 CSV의 건물 좌표; 음식점 자체 측량 좌표 아님
티암,완산구 효자5동,전북특별자치도 전주시 완산구 효자동3가 1716-18 1층,전북특별자치도 전주시 완산구 농소1길 3,063-227-5175,127.0966649,35.81392574,효자5동,exact_road_building_match,기존 주택 CSV의 건물 좌표; 음식점 자체 측량 좌표 아님
간판없는집,완산구 풍남동2가,전북특별자치도 전주시 완산구 풍남동2가 27,전북특별자치도 전주시 완산구 동문길 21,0507-1496-5456,,,,unmatched_address,기존 주택 CSV의 건물 좌표; 음식점 자체 측량 좌표 아님
2차가맥,완산구 중화산동,전북특별자치도 전주시 완산구 중화산동2가 615,전북특별자치도 전주시 완산구 중산6길 2,010-2068-5025,,,,unmatched_address,기존 주택 CSV의 건물 좌표; 음식점 자체 측량 좌표 아님
베스티,완산구 효자5동,전북특별자치도 전주시 완산구 효자동3가 1469-7 1층,전북특별자치도 전주시 완산구 서곡7길 45 1층,010-5442-9166,127.1029048,35.83271183,효자5동,exact_road_building_match,기존 주택 CSV의 건물 좌표; 음식점 자체 측량 좌표 아님
포코,덕진구 덕진동,전북특별자치도 전주시 덕진구 덕진동1가 1266-3 2층,전북특별자치도 전주시 덕진구 명륜4길 10-4 2층,"0507-1385-9007, 063-253-8999",,,,unmatched_address,기존 주택 CSV의 건물 좌표; 음식점 자체 측량 좌표 아님
지니펍,덕진구 송천동2가,전북특별자치도 전주시 덕진구 송천동2가 478-2,전북특별자치도 전주시 덕진구 붓내4길 9,0507-1353-4977,127.1223762,35.86792519,송천1동,exact_road_building_match,기존 주택 CSV의 건물 좌표; 음식점 자체 측량 좌표 아님
더뮤지션,완산구 고사동,전북특별자치도 전주시 완산구 고사동 470-3 2층,전북특별자치도 전주시 완산구 전주객사3길 35 2층,0507-1445-6321,,,,unmatched_address,기존 주택 CSV의 건물 좌표; 음식점 자체 측량 좌표 아님
마테호른,완산구 효자동,전북특별자치도 전주시 완산구 효자동2가 1155-6 6층,전북특별자치도 전주시 완산구 홍산남로 60 6층,063-242-7285,,,,unmatched_address,기존 주택 CSV의 건물 좌표; 음식점 자체 측량 좌표 아님
리버스카페,완산구 효자동3가,전북특별자치도 전주시 완산구 효자동3가 1173-1 2층,전북특별자치도 전주시 완산구 백마산길 28 2층,0507-1355-0819,,,,unmatched_address,기존 주택 CSV의 건물 좌표; 음식점 자체 측량 좌표 아님
호수산장,덕진구 우아동1가,전북특별자치도 전주시 덕진구 우아동1가 744-9,전북특별자치도 전주시 덕진구 아중호수길 86,063-242-2555,,,,unmatched_address,기존 주택 CSV의 건물 좌표; 음식점 자체 측량 좌표 아님
써니푸드_고사동빌리지,완산구 다가동3가,전북특별자치도 전주시 완산구 다가동3가 44-1,전북특별자치도 전주시 완산구 전주객사2길 45-13,010-4444-9741,,,,unmatched_address,기존 주택 CSV의 건물 좌표; 음식점 자체 측량 좌표 아님
원할머니보쌈_족발과박가부대찌개_전북도청점,완산구 효자5동,전북특별자치도 전주시 완산구 효자동3가 1539-6,전북특별자치도 전주시 완산구 홍산남로 81,063-251-5382,,,,unmatched_address,기존 주택 CSV의 건물 좌표; 음식점 자체 측량 좌표 아님
칭다오와양꼬치,덕진구 덕진동1가,전북특별자치도 전주시 덕진구 덕진도1가 1263-3 2층,전북특별자치도 전주시 덕진구 명륜4길 12 2층,0507-1350-6996,,,,unmatched_address,기존 주택 CSV의 건물 좌표; 음식점 자체 측량 좌표 아님
진짜장,덕진구 송천동,전북특별자치도 전주시 덕진구 송천동2가 247-4,전북특별자치도 전주시 덕진구 붓내3길 14,010-5786-8835,,,,unmatched_address,기존 주택 CSV의 건물 좌표; 음식점 자체 측량 좌표 아님
두끼_전북대점,덕진구 덕진동,전북특별자치도 전주시 덕진구 덕진동1가 1263-21 2층,"전북특별자치도 전주시 덕진구 명륜4길 18, 2층",063-255-2771,,,,unmatched_address,기존 주택 CSV의 건물 좌표; 음식점 자체 측량 좌표 아님
도야짬뽕_중화산점,완산구 중화산동2가,전북특별자치도 전주시 완산구 중화산동2가 770-3,전북특별자치도 전주시 완산구 효자로 294,"0507-1486-0148, 063-225-9997",,,,unmatched_address,기존 주택 CSV의 건물 좌표; 음식점 자체 측량 좌표 아님
효자상회,완산구 효자동3가,전북특별자치도 전주시 완산구 효자동3가 1528-8,전북특별자치도 전주시 완산구 홍산4길 20-4,063-22305858,,,,unmatched_address,기존 주택 CSV의 건물 좌표; 음식점 자체 측량 좌표 아님
그림과풍경,완산구 서신동,전북특별자치도 전주시 완산구 서신동 951-1,전북특별자치도 전주시 완산구 고사평4길 12-1,063-271-0254,127.1107937,35.83527827,서신동,exact_road_building_match,기존 주택 CSV의 건물 좌표; 음식점 자체 측량 좌표 아님
카페_간다뷔하,완산구 효자5동,전북특별자치도 전주시 완산구 효자동3가 1423-4 1층,전북특별자치도 전주시 완산구 서곡4길 9 1층,010-9196-0524,127.1026234,35.83546208,효자5동,exact_road_building_match,기존 주택 CSV의 건물 좌표; 음식점 자체 측량 좌표 아님
차경,완산구 풍남동,전북특별자치도 전주시 완산구 풍남동3가 88-8,전북특별자치도 전주시 완산구 경기전길 61,0507-1328-4820,,,,unmatched_address,기존 주택 CSV의 건물 좌표; 음식점 자체 측량 좌표 아님
황산벌돌판아구찜,완산구 중화산동2가,전북특별자치도 전주시 완산구 중화산동2가 653-6,전북특별자치도 전주시 완산구 영경1길 6-11,063-224-0220,,,,unmatched_address,기존 주택 CSV의 건물 좌표; 음식점 자체 측량 좌표 아님
소딜리셔스,완산구 효자5동,전북특별자치도 전주시 완산구 효자동2가 1240-11 수병원 1층,전북특별자치도 전주시 완산구 서원로 63 수병원 1층,070-5006-2013,,,,unmatched_address,기존 주택 CSV의 건물 좌표; 음식점 자체 측량 좌표 아님
팬닭_삼천효자점,완산구 효자동1가,전북특별자치도 전주시 완산구 효자동1가 683-7,전북특별자치도 전주시 완산구 안행9길 29-14,050-7964-1464,127.1328723,35.80198126,효자1동,exact_road_building_match,기존 주택 CSV의 건물 좌표; 음식점 자체 측량 좌표 아님
커피니_전주KBS점,완산구 효자5동,전북특별자치도 전주시 완산구 효자동3가 1643-9,전북특별자치도 전주시 완산구 우전로 302,063-221-1130,,,,unmatched_address,기존 주택 CSV의 건물 좌표; 음식점 자체 측량 좌표 아님
인쌩맥주_홍산중앙로점,완산구 효자동3가,전북특별자치도 전주시 완산구 효자동3가 1535-4,전북특별자치도 전주시 완산구 홍산중앙로 35,0507-1344-0603,,,,unmatched_address,기존 주택 CSV의 건물 좌표; 음식점 자체 측량 좌표 아님
하숙영,완산구 중앙동3가,전북특별자치도 전주시 완산구 중앙동3가 78-1,전북특별자치도 전주시 완산구 전라감영5길 19-3,063-285-8288,,,,unmatched_address,기존 주택 CSV의 건물 좌표; 음식점 자체 측량 좌표 아님
마왕족발_전주혁신도시점,덕진구 혁신동,전북특별자치도 전주시 덕진구 중동 774-7,전북특별자치도 전주시 덕진구 안전로 148,063-247-7878,,,,unmatched_address,기존 주택 CSV의 건물 좌표; 음식점 자체 측량 좌표 아님
대박수산,완산구 서신동,전북특별자치도 전주시 완산구 서신동 850-12 1층,전북특별자치도 전주시 완산구 전룡로 15 1층,063-255-3222,,,,unmatched_address,기존 주택 CSV의 건물 좌표; 음식점 자체 측량 좌표 아님
오수장어직매장,덕진구 우아동1가,전북특별자치도 전주시 덕진구 우아동1가 1120-4,전북특별자치도 전주시 덕진구 인교9길 37,063-247-3692,,,,unmatched_address,기존 주택 CSV의 건물 좌표; 음식점 자체 측량 좌표 아님
모모김밥,덕진구 송천동,전북특별자치도 전주시 덕진구 송천동1가 292-7,전북특별자치도 전주시 덕진구 송천로1,063-255-3936,,,,unmatched_address,기존 주택 CSV의 건물 좌표; 음식점 자체 측량 좌표 아님
꾸지뽕시대,완산구 효자4동,전북특별자치도 전주시 완산구 효자동2가 1210-3,전북특별자치도 전주시 완산구 소태정3길 9-4,063-224-9970,,,,unmatched_address,기존 주택 CSV의 건물 좌표; 음식점 자체 측량 좌표 아님
광장포차타운,덕진구 덕진동1가,전북특별자치도 전주시 덕진구 덕진동1가 1314-200 2층,전북특별자치도 전주시 덕진구 덕진광장로 15 2층,063-255-4733,,,,unmatched_address,기존 주택 CSV의 건물 좌표; 음식점 자체 측량 좌표 아님
1970새마을포차_전주신시가지점,완산구 효자동,전북특별자치도 전주시 완산구 효자동3가 1535-2,전북특별자치도 전주시 완산구 홍산중앙로 39,0507-1346-9789,,,,unmatched_address,기존 주택 CSV의 건물 좌표; 음식점 자체 측량 좌표 아님
행복회포차,덕진구 송천동,전북특별자치도 전주시 덕진구 송천동2가 196,전북특별자치도 전주시 덕진구 붓내3길 18-9,063-255-2434,,,,unmatched_address,기존 주택 CSV의 건물 좌표; 음식점 자체 측량 좌표 아님
푸라닭_전주에코시티점,덕진구 송천동,전북특별자치도 전주시 덕진구 송천동2가 1330-10,전북특별자치도 전주시 덕진구 세병2길 32-4,063-277-9206,,,,unmatched_address,기존 주택 CSV의 건물 좌표; 음식점 자체 측량 좌표 아님
열빈,완산구 효자동3가,전북특별자치도 전주시 완산구 효자동3가 1646-4,전북특별자치도 전주시 완산구 마전2길 5-4,063-271-8855,,,,unmatched_address,기존 주택 CSV의 건물 좌표; 음식점 자체 측량 좌표 아님
코블리랜드,완산구 중화산동2가,전북특별자치도 전주시 완산구 중화산동2가 545 은하아파트 상가,전북특별자치도 전주시 완산구 서원로 270 은하아파트 상가,0507-1304-7343,,,,unmatched_address,기존 주택 CSV의 건물 좌표; 음식점 자체 측량 좌표 아님
화덕의아침본점_근영여고점,완산구 중화산동2가,전북특별자치도 전주시 완산구 중화산동2가 654,전북특별자치도 전주시 완산구 영경1길14,063-226-3157,,,,unmatched_address,기존 주택 CSV의 건물 좌표; 음식점 자체 측량 좌표 아님
카페아지,완산구 효자5동,전북특별자치도 전주시 완산구 효자동3가 1528-10 5층,전북특별자치도 전주시 완산구 홍산북로 83-17 5층,063-221-4419,,,,unmatched_address,기존 주택 CSV의 건물 좌표; 음식점 자체 측량 좌표 아님
헤렌하우스,완산구 효자5동,전북특별자치도 전주시 완산구 효자동3가 1631-6 2층,전북특별자치도 전주시 완산구 마전3길 6-3 2층,063-222-2997,,,,unmatched_address,기존 주택 CSV의 건물 좌표; 음식점 자체 측량 좌표 아님
라무드,덕진구 우아동1가,전북특별자치도 전주시 덕진구 우아동1가 1104-2,전북특별자치도 전주시 덕진구 인교로 21,0507-1365-5007,127.1714131,35.82468734,우아2동,exact_road_building_match,기존 주택 CSV의 건물 좌표; 음식점 자체 측량 좌표 아님
택이네조개전골_에코시티점,덕진구 송천2동,전북특별자치도 전주시 덕진구 송천동2가 1327-14 세기빌딩 101호,전북특별자치도 전주시 덕진구 세병2길 21 세기빌딩 101호,063-277-4542,,,,unmatched_address,기존 주택 CSV의 건물 좌표; 음식점 자체 측량 좌표 아님
수참치,덕진구 우아동1가,전북특별자치도 전주시 덕진구 우아동1가 1088-5,전북특별자치도 전주시 덕진구 아중로 200,063-245-3040,,,,unmatched_address,기존 주택 CSV의 건물 좌표; 음식점 자체 측량 좌표 아님
스위트박스_신시가지점,완산구 효자5동,전북특별자치도 전주시 완산구 효자동2가 1157-4 상가 140호,전북특별자치도 전주시 완산구 홍산1길 7 상가 140호,063-909-9437,,,,unmatched_address,기존 주택 CSV의 건물 좌표; 음식점 자체 측량 좌표 아님
본도시락_전주전북도청점,덕진구 송천동1가,전북특별자치도 전주시 완산구 효자동2가 1235-8 103호,전북 전주시 완산구 홍산남로 11-24 103호,063-228-4282,,,,unmatched_address,기존 주택 CSV의 건물 좌표; 음식점 자체 측량 좌표 아님
막꼼닭참숯구이,덕진구 송천동1가,전북특별자치도 전주시 덕진구 송천동1가 137-127,전북특별자치도 전주시 덕진구 솔내로 111,063-251-5592,,,,unmatched_address,기존 주택 CSV의 건물 좌표; 음식점 자체 측량 좌표 아님
청담이상_도청점,완산구 효자동,전북특별자치도 전주시 완산구 효자동3가 1536,전북특별자치도 전주시 완산구 홍산중앙로 30,0507-1489-1088,,,,unmatched_address,기존 주택 CSV의 건물 좌표; 음식점 자체 측량 좌표 아님
바엉클죠,완산구 효자5동,전북특별자치도 전주시 완산구 효자동3가 1536-1,전북특별자치도 전주시 완산구 홍산중앙로 42,063-236-0313,,,,unmatched_address,기존 주택 CSV의 건물 좌표; 음식점 자체 측량 좌표 아님
전동떡갈비,완산구 풍남동,전북특별자치도 전주시 완산구 전동 16-2,전북특별자치도 전주시 완산구 전동성당길 66,063-232-5500,,,,unmatched_address,기존 주택 CSV의 건물 좌표; 음식점 자체 측량 좌표 아님
누이단팥빵,덕진구 송천2동,전북특별자치도 전주시 덕진구 전미동1가 60-2,"전북특별자치도 전주시 덕진구 과학로 202, 1층",063-274-0010,,,,unmatched_address,기존 주택 CSV의 건물 좌표; 음식점 자체 측량 좌표 아님
언니스포차가맥,덕진구 송천동2가,전북특별자치도 전주시 덕진구 송천동2가 481-1,전북특별자치도 전주시 덕진구 붓내4길 8,0507-1317-4860,,,,unmatched_address,기존 주택 CSV의 건물 좌표; 음식점 자체 측량 좌표 아님
군침과일,완산구 효자5동,전북특별자치도 전주시 완산구 효자동3가 1664-6 1층,전북특별자치도 전주시 완산구 척동2길 5-3 1층,010-8669-5420,127.1003082,35.82157175,효자5동,exact_road_building_match,기존 주택 CSV의 건물 좌표; 음식점 자체 측량 좌표 아님
풍남정신관,완산구 전동,전북특별자치도 전주시 완산구 전동 211-1,전북특별자치도 전주시 완산구 팔달로 108,0507-1317-8754,,,,unmatched_address,기존 주택 CSV의 건물 좌표; 음식점 자체 측량 좌표 아님
백일몽,완산구 중앙동2가,전북특별자치도 전주시 완산구 중앙동2가 31-8 2층,전북특별자치도 전주시 완산구 전주객사3길 10 2층,010-1111-0006,,,,unmatched_address,기존 주택 CSV의 건물 좌표; 음식점 자체 측량 좌표 아님
더리터_서신여울점,완산구 서신동,전북특별자치도 전주시 완산구 서신동 954-3 103호,전북특별자치도 전주시 완산구 새터로 52-8 103호,063-251-7047,,,,unmatched_address,기존 주택 CSV의 건물 좌표; 음식점 자체 측량 좌표 아님
삼주장,완산구 효자5동,전북특별자치도 전주시 완산구 효자동3가 1530-1 1층,전북특별자치도 전주시 완산구 홍산북로 69-6 1층,070-7785-9292,,,,unmatched_address,기존 주택 CSV의 건물 좌표; 음식점 자체 측량 좌표 아님
하늘천숯불갈비전주혁신점,완산구 상림동,전북특별자치도 전주시 완산구 상림동 85,전북특별자치도 전주시 완산구 콩쥐팥쥐로 1599,063-224-6100,,,,unmatched_address,기존 주택 CSV의 건물 좌표; 음식점 자체 측량 좌표 아님
설빙_전북대점,덕진구 덕진동,전북특별자치도 전주시 덕진구 덕진동1가 1314-169 2층,전북특별자치도 전주시 덕진구 명륜4길 19 2층,063-271-3988,,,,unmatched_address,기존 주택 CSV의 건물 좌표; 음식점 자체 측량 좌표 아님
기린초밥,덕진구 혁신동,전북특별자치도 전주시 덕진구 중동 774-5,전북특별자치도 전주시 덕진구 안전로 154,0507-1360-6811,,,,unmatched_address,기존 주택 CSV의 건물 좌표; 음식점 자체 측량 좌표 아님
컬러인커피_스트라다점,완산구 중화산동2가,"전북특별자치도 전주시 완산구 중화산동2가 636-5 1,2층",전북특별자치도 전주시 완산구 중산1길15,070-4155-2744,,,,unmatched_address,기존 주택 CSV의 건물 좌표; 음식점 자체 측량 좌표 아님
봉돼지_송천점,덕진구 송천동2가,전북특별자치도 전주시 덕진구 송천동2가 484-7,전북특별자치도 전주시 덕진구 붓내3길 9-4,0507-1414-9925,,,,unmatched_address,기존 주택 CSV의 건물 좌표; 음식점 자체 측량 좌표 아님
짬뽕지존_덕진점,덕진구 덕진동1가,전북특별자치도 전주시 덕진구 덕진동1가 1401-20,전북특별자치도 전주시 덕진구 기린대로 499,063-253-5161,,,,unmatched_address,기존 주택 CSV의 건물 좌표; 음식점 자체 측량 좌표 아님
수정회관,완산구 다가동3가,전북특별자치도 전주시 완산구 다가동3가 24-7,전북특별자치도 전주시 완산구 전주객사1길 12-6,063-284-4686,,,,unmatched_address,기존 주택 CSV의 건물 좌표; 음식점 자체 측량 좌표 아님
달콩커피,완산구 효자동,전북특별자치도 전주시 완산구 효자동1가 218-20,"전북특별자치도 전주시 완산구 효동2길 41, 1층",063-236-2358,,,,unmatched_address,기존 주택 CSV의 건물 좌표; 음식점 자체 측량 좌표 아님
열두시,덕진구 송천동2가,전북특별자치도 전주시 덕진구 송천동2가 484-13,전북특별자치도 전주시 덕진구 붓내4길 8-27,010-2278-3934,,,,unmatched_address,기존 주택 CSV의 건물 좌표; 음식점 자체 측량 좌표 아님
커피하버,완산구 중화산동2가,전북특별자치도 전주시 완산구 중화산동2가 228-1,전북특별자치도 전주시 완산구 어은로 21,063-225-3702,,,,unmatched_address,기존 주택 CSV의 건물 좌표; 음식점 자체 측량 좌표 아님
흙집,완산구 중화산동2가,전북특별자치도 전주시 완산구 중화산동2가 663-3,전북특별자치도 전주시 완산구 한두평2길 18-10,063-227-0987,,,,unmatched_address,기존 주택 CSV의 건물 좌표; 음식점 자체 측량 좌표 아님
이디야커피_전북도청점,완산구 효자5동,전북특별자치도 전주시 완산구 효자동3가 1528-15 1층,전북특별자치도 전주시 완산구 홍산중앙로 46 1층,063-224-6330,,,,unmatched_address,기존 주택 CSV의 건물 좌표; 음식점 자체 측량 좌표 아님
국수나무_전주서신점,완산구 서신동,전북특별자치도 전주시 완산구 서신동 963-1,전북특별자치도 전주시 완산구 서신로 113,063-277-5335,,,,unmatched_address,기존 주택 CSV의 건물 좌표; 음식점 자체 측량 좌표 아님
무한사랑김치찌개본점,덕진구 송천2동,전북특별자치도 전주시 덕진구 송천동2가 185-1 1층 107호,전북특별자치도 전주시 덕진구 사근1길 57 1층 107호,063-273-5291,,,,unmatched_address,기존 주택 CSV의 건물 좌표; 음식점 자체 측량 좌표 아님
5븐안에,덕진구 송천동,전북특별자치도 전주시 덕진구 송천동1가 837-1,전북특별자치도 전주시 덕진구 송천로 112-9,010-4657-9596,,,,unmatched_address,기존 주택 CSV의 건물 좌표; 음식점 자체 측량 좌표 아님
동창야채닭갈비,덕진구 우아동2가,전북특별자치도 전주시 덕진구 우아동2가 915-17,전북특별자치도 전주시 덕진구 아중1길 2,063-241-5542,,,,unmatched_address,기존 주택 CSV의 건물 좌표; 음식점 자체 측량 좌표 아님
봉평메밀촌,완산구 효자동,전북특별자치도 전주시 완산구 효자동2가 1205-5,전북특별자치도 전주시 완산구 소태정3길 10-9,063-228-3779,,,,unmatched_address,기존 주택 CSV의 건물 좌표; 음식점 자체 측량 좌표 아님
이디야커피_전주휴먼시아점,완산구 효자5동,전북특별자치도 전주시 완산구 효자동3가 1738-1,전북특별자치도 전주시 완산구 봉곡로 29,063-228-1800,,,,unmatched_address,기존 주택 CSV의 건물 좌표; 음식점 자체 측량 좌표 아님
코스타클래식,완산구 효자5동,전북특별자치도 전주시 완산구 효자동3가 1527-5 청담스토리빌딩 1층,전북특별자치도 전주시 완산구 홍산3길 11 청담스토리빌딩 1층,063-236-6365,,,,unmatched_address,기존 주택 CSV의 건물 좌표; 음식점 자체 측량 좌표 아님
프리모파스타,완산구 효자동,전북특별자치도 전주시 완산구 효자동3가 1527-7,전북특별자치도 전주시 완산구 홍산3길 7,063-225-6688,,,,unmatched_address,기존 주택 CSV의 건물 좌표; 음식점 자체 측량 좌표 아님
화산곱창_아중점,덕진구 우아동2가,전북특별자치도 전주시 덕진구 우아동1가 1119-5,전북특별자치도 전주시 덕진구 인교9길 23,063-247-7300,,,,unmatched_address,기존 주택 CSV의 건물 좌표; 음식점 자체 측량 좌표 아님
육돈,덕진구 혁신동,전북특별자치도 전주시 덕진구 중동 786-3,전북특별자치도 전주시 덕진구 오정1길 30,063-222-4415,127.0600086,35.83384017,혁신동,exact_road_building_match,기존 주택 CSV의 건물 좌표; 음식점 자체 측량 좌표 아님
장수투가리,완산구 효자동1가,전북특별자치도 전주시 완산구 효자동1가 623-2,전북특별자치도 전주시 완산구 신봉로 8,063-222-1706,,,,unmatched_address,기존 주택 CSV의 건물 좌표; 음식점 자체 측량 좌표 아님
어썸,완산구 효자5동,전북특별자치도 전주시 완산구 효자동3가 1668-5,전북특별자치도 전주시 완산구 마전들로 29,070-8764-2928,127.0988052,35.82120051,효자5동,exact_road_building_match,기존 주택 CSV의 건물 좌표; 음식점 자체 측량 좌표 아님
아줌마국수,완산구 효자동1가,전북특별자치도 전주시 완산구 효자동1가 623-5,전북특별자치도 전주시 완산구 밤나무1길 2,010-3693-3253,,,,unmatched_address,기존 주택 CSV의 건물 좌표; 음식점 자체 측량 좌표 아님
가나회집,완산구 서신동,전북특별자치도 전주시 완산구 서신동 802-13,전북특별자치도 전주시 완산구 서신천변13길 4-8,063-278-3650,127.1138926,35.83086723,서신동,exact_road_building_match,기존 주택 CSV의 건물 좌표; 음식점 자체 측량 좌표 아님
서신정,완산구 서신동,전북특별자치도 전주시 완산구 서신동 786-6,전북특별자치도 전주시 완산구 감나무4길 26,063-277-3455,127.1199277,35.83173296,서신동,exact_road_building_match,기존 주택 CSV의 건물 좌표; 음식점 자체 측량 좌표 아님
위위커피,완산구 효자4동,전북특별자치도 전주시 완산구 효자동3가 1273-14,전북특별자치도 전주시 완산구 속거길 11-8,010-6436-8084,127.0880802,35.81531135,효자4동,exact_road_building_match,기존 주택 CSV의 건물 좌표; 음식점 자체 측량 좌표 아님
꿀꿀이아빠네,완산구 효자동,전북특별자치도 전주시 완산구 효자동2가 1309-8,전북특별자치도 전주시 완산구 후곡길 11-4,063-226-8892,127.0954717,35.80978206,효자4동,exact_road_building_match,기존 주택 CSV의 건물 좌표; 음식점 자체 측량 좌표 아님
김밥드림,완산구 서신동,전북특별자치도 전주시 완산구 서신동 782-3,전북특별자치도 전주시 완산구 감나무4길 6,063-277-7896,127.1220919,35.83166175,서신동,exact_road_building_match,기존 주택 CSV의 건물 좌표; 음식점 자체 측량 좌표 아님
감성꼬마김밥,완산구 중화산동2가,전북특별자치도 전주시 완산구 중화산동2가 781-6,전북특별자치도 전주시 완산구 신촌3길 12,063-225-5828,,,,unmatched_address,기존 주택 CSV의 건물 좌표; 음식점 자체 측량 좌표 아님
동대문엽기떡볶이_전주송천점,덕진구 송천동,전북특별자치도 전주시 덕진구 송천동1가 107-110,전북특별자치도 전주시 덕진구 솔내로 149,063-247-8592,,,,unmatched_address,기존 주택 CSV의 건물 좌표; 음식점 자체 측량 좌표 아님
황가네짬뽕,덕진구 우아1동,전북특별자치도 전주시 덕진구 우아동3가 754-4,전북특별자치도 전주시 덕진구 견훤로 362,063-241-6772,,,,unmatched_address,기존 주택 CSV의 건물 좌표; 음식점 자체 측량 좌표 아님
현대옥_전주역점,덕진구 우아1동,전북특별자치도 전주시 덕진구 우아동3가 747-68,전북특별자치도 전주시 덕진구 백제대로 797,063-242-0039,,,,unmatched_address,기존 주택 CSV의 건물 좌표; 음식점 자체 측량 좌표 아님
꽃마름_전주에코시티점,덕진구 송천동2가,전북특별자치도 전주시 덕진구 송천동2가 1336-1 5층,전북특별자치도 전주시 덕진구 세병서로 22 5층,063-272-4292,,,,unmatched_address,기존 주택 CSV의 건물 좌표; 음식점 자체 측량 좌표 아님
헤이스트릿브런치,완산구 고사동,전북특별자치도 전주시 완산구 고사동 324-48 1층,"전북특별자치도 전주시 완산구 전주객사2길 74-19, 1층",0507-1387-4151,,,,unmatched_address,기존 주택 CSV의 건물 좌표; 음식점 자체 측량 좌표 아님
한솔정,완산구 효자동2가,전북특별자치도 전주시 완산구 효자동2가 1210-5,전북특별자치도 전주시 완산구 소태정1길 12,063-229-5908,,,,unmatched_address,기존 주택 CSV의 건물 좌표; 음식점 자체 측량 좌표 아님
베러댄와플_전주고사점,완산구 고사동,전북특별자치도 전주시 완산구 고사동 360,전북특별자치도 전주시 완산구 전주객사3길 74-46,0507-1354-4432,,,,unmatched_address,기존 주택 CSV의 건물 좌표; 음식점 자체 측량 좌표 아님
5.5닭갈비_전주전북지사,완산구 서신동,전북특별자치도 전주시 완산구 서신동 853,전북특별자치도 전주시 완산구 유연로 265,063-255-5554,,,,unmatched_address,기존 주택 CSV의 건물 좌표; 음식점 자체 측량 좌표 아님
고수닭갈비_전북대점,덕진구 덕진동,전북특별자치도 전주시 덕진구 덕진동1가 1314-179,전북특별자치도 전주시 덕진구 명륜3길 20,063-274-1585,,,,unmatched_address,기존 주택 CSV의 건물 좌표; 음식점 자체 측량 좌표 아님
완산골명가,완산구 서신동,전북특별자치도 전주시 완산구 서신동 939-2,전북특별자치도 전주시 완산구 새터로 42,063-278-2221,127.1110028,35.83550853,서신동,exact_road_building_match,기존 주택 CSV의 건물 좌표; 음식점 자체 측량 좌표 아님
홍도주막,완산구 효자동1가,전북특별자치도 전주시 완산구 효자동1가 620-11,전북특별자치도 전주시 완산구 신봉로 7-1,063-224-3894,,,,unmatched_address,기존 주택 CSV의 건물 좌표; 음식점 자체 측량 좌표 아님
금암면옥_객사점,완산구 중앙동2가,전북특별자치도 전주시 완산구 중앙동2가 31-4,전북특별자치도 전주시 완산구 전주객사3길 12-6,063-282-6699,,,,unmatched_address,기존 주택 CSV의 건물 좌표; 음식점 자체 측량 좌표 아님
이가네돌솥감자탕,완산구 서신동,전북특별자치도 전주시 완산구 서신동 812-1 1층,전북특별자치도 전주시 완산구 서신로 52 1층,063-278-1566,,,,unmatched_address,기존 주택 CSV의 건물 좌표; 음식점 자체 측량 좌표 아님
롯데리아_전주송천점,덕진구 송천동2가,전북특별자치도 전주시 덕진구 송천동2가 212-2,전북특별자치도 전주시 덕진구 솔내로 182,063-254-9800,,,,unmatched_address,기존 주택 CSV의 건물 좌표; 음식점 자체 측량 좌표 아님
왕뚜껑,완산구 효자4동,전북특별자치도 전주시 완산구 효자동2가 1318-3,전북특별자치도 전주시 완산구 호암로 81,063-251-3792,,,,unmatched_address,기존 주택 CSV의 건물 좌표; 음식점 자체 측량 좌표 아님
화심장어_아중점,덕진구 우아동2가,전북특별자치도 전주시 덕진구 우아동1가 1116-9,전북특별자치도 전주시 덕진구 인교9길 21-14,063-243-2456,,,,unmatched_address,기존 주택 CSV의 건물 좌표; 음식점 자체 측량 좌표 아님
등대수산,완산구 서신동,전북특별자치도 전주시 완산구 서신동 931-8,전북특별자치도 전주시 완산구 새터로 51-1,063-909-3100,,,,unmatched_address,기존 주택 CSV의 건물 좌표; 음식점 자체 측량 좌표 아님
동호곱창,덕진구 우아1동,전북특별자치도 전주시 덕진구 우아동3가 748-14,전북특별자치도 전주시 덕진구 도당산3길 8,063-244-8782,,,,unmatched_address,기존 주택 CSV의 건물 좌표; 음식점 자체 측량 좌표 아님
홍경숙신쭈꾸미_서신점,완산구 서신동,전북특별자치도 전주시 완산구 서신동 948-9 1층,전북특별자치도 전주시 완산구 고사평2길 3-3 1층,063-252-6992,127.1098127,35.83469119,서신동,exact_road_building_match,기존 주택 CSV의 건물 좌표; 음식점 자체 측량 좌표 아님
진미집,덕진구 송천1동,전북특별자치도 전주시 덕진구 송천동1가 803-5,전북특별자치도 전주시 덕진구 두간로 17,0504-2015-0869,,,,unmatched_address,기존 주택 CSV의 건물 좌표; 음식점 자체 측량 좌표 아님
비박스커피,덕진구 송천동2가,전북특별자치도 전주시 덕진구 송천동2가 175-52,전북특별자치도 전주시 덕진구 사근1길 10,063-255-1793,,,,unmatched_address,기존 주택 CSV의 건물 좌표; 음식점 자체 측량 좌표 아님
일피오레,완산구 효자동,전북특별자치도 전주시 완산구 효자동3가 1528-2 2층,전북특별자치도 전주시 완산구 홍산4길 8,063-223-1454,,,,unmatched_address,기존 주택 CSV의 건물 좌표; 음식점 자체 측량 좌표 아님
들턱,덕진구 덕진동,전북특별자치도 전주시 덕진구 덕진동1가 1263-11 2층,전북특별자치도 전주시 덕진구 명륜3길 13 2층,010-9319-6398,,,,unmatched_address,기존 주택 CSV의 건물 좌표; 음식점 자체 측량 좌표 아님
크라운호프_전주에코2호점,덕진구 송천2동,전북특별자치도 전주시 덕진구 송천동2가 1327-12 보고빌딩 1층,"전북특별자치도 전주시 덕진구 세병2길 27, 102,105호",0507-1336-1646,,,,unmatched_address,기존 주택 CSV의 건물 좌표; 음식점 자체 측량 좌표 아님
부광양념족발구이뼈다귀탕_송천점,덕진구 송천동,전북특별자치도 전주시 덕진구 송천동2가 321-3,전북특별자치도 전주시 덕진구 붓내3길 17-25,063-905-5892,,,,unmatched_address,기존 주택 CSV의 건물 좌표; 음식점 자체 측량 좌표 아님
참국수_효자점,완산구 효자5동,전북특별자치도 전주시 완산구 효자동2가 1242-1,"전북특별자치도 전주시 완산구 홍산남로 14, 1층 105,106호",063-236-7923,,,,unmatched_address,기존 주택 CSV의 건물 좌표; 음식점 자체 측량 좌표 아님
평화양곱창,덕진구 송천동2가,전북특별자치도 전주시 덕진구 송천동2가 244-2,전북특별자치도 전주시 덕진구 붓내3길 18-1,063-277-1643,,,,unmatched_address,기존 주택 CSV의 건물 좌표; 음식점 자체 측량 좌표 아님
모정산골냉면_전주점,덕진구 송천동2가,전북특별자치도 전주시 덕진구 송천동2가 299-2,전북특별자치도 전주시 덕진구 동부대로 1098,0507-1402-9546,,,,unmatched_address,기존 주택 CSV의 건물 좌표; 음식점 자체 측량 좌표 아님
까페여우나무,완산구 중앙동,전북특별자치도 전주시 완산구 중앙동4가 36-5,전북특별자치도 전주시 완산구 전라감영로 52,063-232-4717,,,,unmatched_address,기존 주택 CSV의 건물 좌표; 음식점 자체 측량 좌표 아님
BHC치킨_송천2호점,덕진구 송천동,전북특별자치도 전주시 덕진구 송천동1가 97-6,전북특별자치도 전주시 덕진구 오송1길 37-13,050-7964-0903,,,,unmatched_address,기존 주택 CSV의 건물 좌표; 음식점 자체 측량 좌표 아님
가장맛있는족발_전북대점,덕진구 덕진동1가,전북특별자치도 전주시 덕진구 덕진동1가 664-1,전북특별자치도 전주시 덕진구 권삼득로 343,063-278-5849,,,,unmatched_address,기존 주택 CSV의 건물 좌표; 음식점 자체 측량 좌표 아님
피자스쿨_송천점,덕진구 송천동,전북특별자치도 전주시 덕진구 송천동2가 1272,전북특별자치도 전주시 덕진구 붓내3길 19,063-253-3444,,,,unmatched_address,기존 주택 CSV의 건물 좌표; 음식점 자체 측량 좌표 아님
손쿡,완산구 고사동,전북특별자치도 전주시 완산구 고사동 217-1,전북특별자치도 전주시 완산구 전주객사5길 77,063-275-7985,,,,unmatched_address,기존 주택 CSV의 건물 좌표; 음식점 자체 측량 좌표 아님
리스토란테콜리_송천점,덕진구 송천동,전북특별자치도 전주시 덕진구 송천동2가 1357 101호,전북특별자치도 전주시 덕진구 화암4길 60 101호,063-271-7171,,,,unmatched_address,기존 주택 CSV의 건물 좌표; 음식점 자체 측량 좌표 아님
만나팥죽,덕진구 송천동,전북특별자치도 전주시 덕진구 송천동1가 839-2,전북특별자치도 전주시 덕진구 용소로 92,063-232-3345,,,,unmatched_address,기존 주택 CSV의 건물 좌표; 음식점 자체 측량 좌표 아님
동상집,완산구 중화산동,전북특별자치도 전주시 완산구 중화산동2가 654-6,전북특별자치도 전주시 완산구 영경2길 8,063-226-2887,,,,unmatched_address,기존 주택 CSV의 건물 좌표; 음식점 자체 측량 좌표 아님
맥도날드_전주중화산점,완산구 중화산동2가,전북특별자치도 전주시 완산구 중화산동2가 648-11,전북특별자치도 전주시 완산구 백제대로 238,070-7017-4024,,,,unmatched_address,기존 주택 CSV의 건물 좌표; 음식점 자체 측량 좌표 아님
우리밀동우_혁신점,덕진구 혁신동,전북특별자치도 전주시 덕진구 중동 775-4,전북특별자치도 전주시 덕진구 오공로 43-28,063-237-4748,,,,unmatched_address,기존 주택 CSV의 건물 좌표; 음식점 자체 측량 좌표 아님
개인화로한우전문미소,완산구 효자동,전북특별자치도 전주시 완산구 효자동3가 1529-10 2층,전북특별자치도 전주시 완산구 홍산북로 57 2층,0507-1401-7796,,,,unmatched_address,기존 주택 CSV의 건물 좌표; 음식점 자체 측량 좌표 아님
미성,완산구 다가동,전북특별자치도 전주시 완산구 다가동4가 83-1,"전북특별자치도 전주시 완산구 전주객사2길 51, 1층",0507-1316-4608,,,,unmatched_address,기존 주택 CSV의 건물 좌표; 음식점 자체 측량 좌표 아님
홍가네통구이족발,완산구 중화산동2가,전북특별자치도 전주시 완산구 중화산동2가 533-1,전북특별자치도 전주시 완산구 산월1길 15,063-222-5892,,,,unmatched_address,기존 주택 CSV의 건물 좌표; 음식점 자체 측량 좌표 아님
더리터_에코자이점,덕진구 송천1동,전북특별자치도 전주시 덕진구 송천동2가 1307 에코시티자이2차상가 2동 102호,"전북특별자치도 전주시 덕진구 세병로 141, 에코시티자이2차상가 2동 1층 102호",063-272-6153,,,,unmatched_address,기존 주택 CSV의 건물 좌표; 음식점 자체 측량 좌표 아님
중앙반점,덕진구 우아동2가,전북특별자치도 전주시 덕진구 우아동2가 909-10,전북특별자치도 전주시 덕진구 석소로 14,0507-1326-9255,,,,unmatched_address,기존 주택 CSV의 건물 좌표; 음식점 자체 측량 좌표 아님
한신포차_전북도청점,완산구 효자5동,전북특별자치도 전주시 완산구 효자동3가 1536-2,전북특별자치도 전주시 완산구 홍산중앙로 40,063-223-0410,,,,unmatched_address,기존 주택 CSV의 건물 좌표; 음식점 자체 측량 좌표 아님
듬뿍_전북대점,덕진구 덕진동,전북특별자치도 전주시 덕진구 덕진동1가 1314-174,전북특별자치도 전주시 덕진구 명륜4길 18-9,063-272-2666,,,,unmatched_address,기존 주택 CSV의 건물 좌표; 음식점 자체 측량 좌표 아님
콩뿌리콩나물국밥24시,덕진구 우아1동,전북특별자치도 전주시 덕진구 우아동3가 748-24 1층,전북특별자치도 전주시 덕진구 백제대로 808 1층,063-225-0060,,,,unmatched_address,기존 주택 CSV의 건물 좌표; 음식점 자체 측량 좌표 아님
본죽&비빔밥cafe_전주고려병원점,덕진구 산정동,전북특별자치도 전주시 덕진구 산정동 853-2,전북특별자치도 전주시 덕진구 안덕원로 373,063-241-2390,,,,unmatched_address,기존 주택 CSV의 건물 좌표; 음식점 자체 측량 좌표 아님
투썸플레이스_전주신시가지점,완산구 효자3동,전북특별자치도 전주시 완산구 효자동2가 1155-10,전북특별자치도 전주시 완산구 홍산중앙로 13,063-274-2323,,,,unmatched_address,기존 주택 CSV의 건물 좌표; 음식점 자체 측량 좌표 아님
게매니아_전주점,완산구 중화산동,전북특별자치도 전주시 완산구 중화산동2가 592-6,전북특별자치도 전주시 완산구 중화산로 88,063-236-3353,,,,unmatched_address,기존 주택 CSV의 건물 좌표; 음식점 자체 측량 좌표 아님
미즈미스터,덕진구 송천2동,전북특별자치도 전주시 덕진구 송천동2가 1327-12,"전북특별자치도 전주시 덕진구 세병2길 27, 201호",0507-1415-7747,,,,unmatched_address,기존 주택 CSV의 건물 좌표; 음식점 자체 측량 좌표 아님
왓더그레이,완산구 고사동,전북특별자치도 전주시 완산구 고사동 300-2 1층,"전북특별자치도 전주시 완산구 전주객사3길 94, 1층",070-8776-5427,,,,unmatched_address,기존 주택 CSV의 건물 좌표; 음식점 자체 측량 좌표 아님
본죽&비빔밥cafe_전주만성점,덕진구 혁신동,전북특별자치도 전주시 덕진구 만성동 1373-1,전북특별자치도 전주시 덕진구 만성중앙로 45,063-212-6288,,,,unmatched_address,기존 주택 CSV의 건물 좌표; 음식점 자체 측량 좌표 아님
고래의꿈,완산구 서신동,전북특별자치도 전주시 완산구 서신동 1017-10,전북특별자치도 전주시 완산구 고사평7길 9-3,010-4840-9391,127.1092484,35.83732067,서신동,exact_road_building_match,기존 주택 CSV의 건물 좌표; 음식점 자체 측량 좌표 아님
중앙정,완산구 태평동,전북특별자치도 전주시 완산구 태평동 3-3,전북특별자치도 전주시 완산구 노송여울1길 57,063-251-2114,,,,unmatched_address,기존 주택 CSV의 건물 좌표; 음식점 자체 측량 좌표 아님
양평해장국_하가점,덕진구 덕진동,전북특별자치도 전주시 덕진구 덕진동2가 678-8,전북특별자치도 전주시 덕진구 가리내10길 12-4,063-255-1551,127.1106201,35.84251444,덕진동,exact_road_building_match,기존 주택 CSV의 건물 좌표; 음식점 자체 측량 좌표 아님
배스킨라빈스_전주에코시티,덕진구 송천동,전북특별자치도 전주시 덕진구 송천동2가 1326-7,전북특별자치도 전주시 덕진구 세병로 28,063-278-4218,,,,unmatched_address,기존 주택 CSV의 건물 좌표; 음식점 자체 측량 좌표 아님
대가족,완산구 효자동,전북특별자치도 전주시 완산구 효자동2가 1331-5 1층,전북특별자치도 전주시 완산구 우전1길 49-2,063-236-1470,127.1055167,35.80838211,효자4동,exact_road_building_match,기존 주택 CSV의 건물 좌표; 음식점 자체 측량 좌표 아님
만수성,완산구 효자동,전북특별자치도 전주시 완산구 효자동2가 218-8,전북특별자치도 전주시 완산구 쑥고개로 399,063-236-8852,,,,unmatched_address,기존 주택 CSV의 건물 좌표; 음식점 자체 측량 좌표 아님
진성식당,완산구 태평동,전북특별자치도 전주시 완산구 태평동 13-20,"전북특별자치도 전주시 완산구 공북로 67,1층",063-278-1652,,,,unmatched_address,기존 주택 CSV의 건물 좌표; 음식점 자체 측량 좌표 아님
피덴스,완산구 효자5동,전북특별자치도 전주시 완산구 효자동2가 1214-10 101호,"전북특별자치도 전주시 완산구 쑥고개로 331, 101호",063-237-1122,,,,unmatched_address,기존 주택 CSV의 건물 좌표; 음식점 자체 측량 좌표 아님
쁠랑드봉봉,완산구 효자4동,전북특별자치도 전주시 완산구 효자동2가 93-7 101호,전북특별자치도 전주시 완산구 봉곡로 132,063-228-2300,,,,unmatched_address,기존 주택 CSV의 건물 좌표; 음식점 자체 측량 좌표 아님
라인즈,완산구 중화산동2가,전북특별자치도 전주시 완산구 중화산동2가 402-9,전북특별자치도 전주시 완산구 중화산로 59,0507-1486-8598,,,,unmatched_address,기존 주택 CSV의 건물 좌표; 음식점 자체 측량 좌표 아님
서해아구탕찜,완산구 중화산동,전북특별자치도 전주시 완산구 중화산동2가 168,전북특별자치도 전주시 완산구 한두평3길 17-4,063-225-2929,,,,unmatched_address,기존 주택 CSV의 건물 좌표; 음식점 자체 측량 좌표 아님
신_고흥수산야채막회,완산구 효자동,전북특별자치도 전주시 완산구 효자동3가 1453-8,전북특별자치도 전주시 완산구 서곡1길 13-3,063-278-1797,127.0997,35.8350204,효자5동,exact_road_building_match,기존 주택 CSV의 건물 좌표; 음식점 자체 측량 좌표 아님
가향,덕진구 송천1동,전북특별자치도 전주시 덕진구 송천동2가 1355-3,전북특별자치도 전주시 덕진구 화암2길 10-4,063-278-5840,,,,unmatched_address,기존 주택 CSV의 건물 좌표; 음식점 자체 측량 좌표 아님
유대표불막창앤닭발,완산구 효자5동,전북특별자치도 전주시 완산구 효자동3가 1642-29 1층,전북특별자치도 전주시 완산구 척동4길 15-2 1층,063-228-6688,,,,unmatched_address,기존 주택 CSV의 건물 좌표; 음식점 자체 측량 좌표 아님
왕십리곱창_전주서신점,완산구 서신동,전북특별자치도 전주시 완산구 서신동 854-6,전북특별자치도 전주시 완산구 전룡로 20,063-255-5492,,,,unmatched_address,기존 주택 CSV의 건물 좌표; 음식점 자체 측량 좌표 아님
두끼_전북도청점,완산구 효자5동,전북특별자치도 전주시 완산구 효자동3가 1535-8 2층,전북특별자치도 전주시 완산구 홍산중앙로 27 2층,063-224-6777,,,,unmatched_address,기존 주택 CSV의 건물 좌표; 음식점 자체 측량 좌표 아님
장어마을,완산구 효자동2가,전북특별자치도 전주시 완산구 효자동2가 1211-2,전북특별자치도 전주시 완산구 소태정3길 5,063-232-2291,,,,unmatched_address,기존 주택 CSV의 건물 좌표; 음식점 자체 측량 좌표 아님
충만치킨_아중점,덕진구 우아동2가,전북특별자치도 전주시 덕진구 우아동2가 566-1,전북특별자치도 전주시 덕진구 석소로 88,063-242-5848,,,,unmatched_address,기존 주택 CSV의 건물 좌표; 음식점 자체 측량 좌표 아님
샘샘커피,완산구 중앙동4가,전북특별자치도 전주시 완산구 중앙동4가 78-1,전북특별자치도 전주시 완산구 풍남문4길 26-6,0507-1359-1399,,,,unmatched_address,기존 주택 CSV의 건물 좌표; 음식점 자체 측량 좌표 아님
태공산장,덕진구 우아2동,전북특별자치도 전주시 덕진구 우아동1가 742-8,전북특별자치도 전주시 덕진구 아중호수길 98,063-241-9198,,,,unmatched_address,기존 주택 CSV의 건물 좌표; 음식점 자체 측량 좌표 아님
보배원,완산구 중화산동2가,"전북특별자치도 전주시 완산구 중화산동2가 199-1,16",전북특별자치도 전주시 완산구 어은로 26,063-225-0100,,,,unmatched_address,기존 주택 CSV의 건물 좌표; 음식점 자체 측량 좌표 아님
석산참숯가마삼겹살_송천점,덕진구 송천동,전북특별자치도 전주시 덕진구 송천동2가 196-6,전북특별자치도 전주시 덕진구 붓내3길 18-7,063-275-9291,,,,unmatched_address,기존 주택 CSV의 건물 좌표; 음식점 자체 측량 좌표 아님
슬록,완산구 다가동,전북특별자치도 전주시 완산구 다가동3가 64-16,전북특별자치도 전주시 완산구 충경로 5,010-5360-6453,,,,unmatched_address,기존 주택 CSV의 건물 좌표; 음식점 자체 측량 좌표 아님
엑시트피자_아중점,덕진구 인후동,전북특별자치도 전주시 덕진구 인후동1가 867-5 1층,전북특별자치도 전주시 덕진구 정언신로 80 1층 101호,0507-1451-2052,,,,unmatched_address,기존 주택 CSV의 건물 좌표; 음식점 자체 측량 좌표 아님
백년비책오색떡갈비,덕진구 혁신동,전북특별자치도 전주시 덕진구 중동 774-3 107호,전북특별자치도 전주시 덕진구 기지로 68 107호,063-222-3237,,,,unmatched_address,기존 주택 CSV의 건물 좌표; 음식점 자체 측량 좌표 아님
부평굴요리_전문점,덕진구 우아동2가,전북특별자치도 전주시 덕진구 우아동2가 864-5,전북특별자치도 전주시 덕진구 건산로 285,063-244-0127,,,,unmatched_address,기존 주택 CSV의 건물 좌표; 음식점 자체 측량 좌표 아님
국가대표고기가맛있는집_효자점,완산구 효자동,전북특별자치도 전주시 완산구 효자동1가 395-5,전북특별자치도 전주시 완산구 거마평로 165,063-222-0109,,,,unmatched_address,기존 주택 CSV의 건물 좌표; 음식점 자체 측량 좌표 아님
군자대한곱창_전주신시가지점,완산구 효자5동,전북특별자치도 전주시 완산구 효자동3가 1536-6 1층 101호,전북특별자치도 전주시 완산구 홍산중앙로 30 1층 101호,063-222-2273,,,,unmatched_address,기존 주택 CSV의 건물 좌표; 음식점 자체 측량 좌표 아님
어은골햇콩순두부전골,완산구 중화산동2가,전북특별자치도 전주시 완산구 중화산동2가 4-44,전북특별자치도 전주시 완산구 어은로 51,063-236-2361,,,,unmatched_address,기존 주택 CSV의 건물 좌표; 음식점 자체 측량 좌표 아님
Cafe1221,완산구 효자4동,전북특별자치도 전주시 완산구 효자동3가 1627-6 104호,전북특별자치도 전주시 완산구 유연로 154 104호,010-4945-0385,,,,unmatched_address,기존 주택 CSV의 건물 좌표; 음식점 자체 측량 좌표 아님
금양정숯불구이,완산구 중화산동2가,전북특별자치도 전주시 완산구 중화산동2가 200-1,전북특별자치도 전주시 완산구 어은로 30,063-223-5566,,,,unmatched_address,기존 주택 CSV의 건물 좌표; 음식점 자체 측량 좌표 아님
두끼_전주객사점,완산구 고사동,전북특별자치도 전주시 완산구 고사동 96-1 NC-Wave A-B1F,전북특별자치도 전주시 완산구 전주객사5길 35 NC-Wave A-B1F,063-710-5221,,,,unmatched_address,기존 주택 CSV의 건물 좌표; 음식점 자체 측량 좌표 아님
아그집왕뼈감자탕_본점,완산구 효자동,전북특별자치도 전주시 완산구 효자동2가 1065-1,전북특별자치도 전주시 완산구 천잠로 255,0507-0090-0773,,,,unmatched_address,기존 주택 CSV의 건물 좌표; 음식점 자체 측량 좌표 아님
연,덕진구 우아동2가,전북특별자치도 전주시 덕진구 우아동2가 927-10,전북특별자치도 전주시 덕진구 아중중앙로18,063-242-7458,,,,unmatched_address,기존 주택 CSV의 건물 좌표; 음식점 자체 측량 좌표 아님
감탄떡볶이_문학점,완산구 효자5동,전북특별자치도 전주시 완산구 효자동3가 1616-7,전북특별자치도 전주시 완산구 문학대4길 31,063-242-9228,127.1052579,35.8268991,효자5동,exact_road_building_match,기존 주택 CSV의 건물 좌표; 음식점 자체 측량 좌표 아님
신가네소머리국밥_서신본점,완산구 서신동,전북특별자치도 전주시 완산구 서신동 809,전북특별자치도 전주시 완산구 안터6길 43,063-251-0104,127.1163042,35.83004369,서신동,exact_road_building_match,기존 주택 CSV의 건물 좌표; 음식점 자체 측량 좌표 아님
미완성,덕진구 송천동2가,전북특별자치도 전주시 덕진구 송천동2가 1326-7 3층,전북특별자치도 전주시 덕진구 세병로 28 3층,063-246-9854,,,,unmatched_address,기존 주택 CSV의 건물 좌표; 음식점 자체 측량 좌표 아님
바르미샤브샤브_전주,완산구 효자동,전북특별자치도 전주시 완산구 효자동1가 434,"전북특별자치도 전주시 완산구 용머리로 45, 2층",063-236-7300,,,,unmatched_address,기존 주택 CSV의 건물 좌표; 음식점 자체 측량 좌표 아님
열정아구,덕진구 우아2동,전북특별자치도 전주시 덕진구 우아동2가 901-9,전북특별자치도 전주시 덕진구 정언신로 175,063-245-3634,,,,unmatched_address,기존 주택 CSV의 건물 좌표; 음식점 자체 측량 좌표 아님
부대통령뚝배기_덕진점,덕진구 덕진동,전북특별자치도 전주시 덕진구 덕진동1가 1276-1,전북특별자치도 전주시 덕진구 덕진광장로 8,063-271-8283,,,,unmatched_address,기존 주택 CSV의 건물 좌표; 음식점 자체 측량 좌표 아님
역전할머니맥주_송천2호점,덕진구 송천동,전북특별자치도 전주시 덕진구 송천동2가 523-11 1층 101호,전북특별자치도 전주시 덕진구 붓내3길 6,063-252-7624,,,,unmatched_address,기존 주택 CSV의 건물 좌표; 음식점 자체 측량 좌표 아님
옐로우팜_효자점,완산구 효자동3가,전북특별자치도 전주시 완산구 효자동3가 1669-5 1층,전북특별자치도 전주시 완산구 마전들로 21 1층,0507-1354-2332,,,,unmatched_address,기존 주택 CSV의 건물 좌표; 음식점 자체 측량 좌표 아님
치킨더홈_전주서신점,완산구 서신동,전북특별자치도 전주시 완산구 서신동 852-1,전북특별자치도 전주시 완산구 전룡로 2,063-252-0695,127.1135188,35.82581215,서신동,exact_road_building_match,기존 주택 CSV의 건물 좌표; 음식점 자체 측량 좌표 아님
예우랑중화산,완산구 중화산동2가,전북특별자치도 전주시 완산구 중화산동2가 579-7,전북특별자치도 전주시 완산구 효자로 333,063-225-3201,,,,unmatched_address,기존 주택 CSV의 건물 좌표; 음식점 자체 측량 좌표 아님
트롯포차,덕진구 송천동,전북특별자치도 전주시 덕진구 송천동2가 175-52 101호,전북특별자치도 전주시 덕진구 사근1길 10 101호,070-8623-1793,,,,unmatched_address,기존 주택 CSV의 건물 좌표; 음식점 자체 측량 좌표 아님
해삼집,완산구 서신동,전북특별자치도 전주시 완산구 서신동 952-3,전북특별자치도 전주시 완산구 고사평4길 18-4,063-272-8216,,,,unmatched_address,기존 주택 CSV의 건물 좌표; 음식점 자체 측량 좌표 아님
미가옥하가점,덕진구 덕진동,전북특별자치도 전주시 덕진구 덕진동2가 677-9,전북특별자치도 전주시 덕진구 가리내10길 18-6,063-276-4259,127.1102863,35.84220219,덕진동,exact_road_building_match,기존 주택 CSV의 건물 좌표; 음식점 자체 측량 좌표 아님
시래청_도청본점,완산구 효자동,전북특별자치도 전주시 완산구 효자동3가 1527-6,전북특별자치도 전주시 완산구 홍산3길 9,063-227-0304,,,,unmatched_address,기존 주택 CSV의 건물 좌표; 음식점 자체 측량 좌표 아님
청춘당,덕진구 송천동,전북특별자치도 전주시 덕진구 송천동2가 168-1,전북특별자치도 전주시 덕진구 동부대로 1076,063-252-6988,,,,unmatched_address,기존 주택 CSV의 건물 좌표; 음식점 자체 측량 좌표 아님
엄마손생선구이,완산구 중화산동2가,전북특별자치도 전주시 완산구 중화산동2가 774-6,전북특별자치도 전주시 완산구 신촌4길 16,063-224-7763,,,,unmatched_address,기존 주택 CSV의 건물 좌표; 음식점 자체 측량 좌표 아님
더돈까스_홈플러스효자점,완산구 효자동,전북특별자치도 전주시 완산구 효자동1가 431-5,"전북특별자치도 전주시 완산구 용머리로 31, 1층",010-3496-2920,,,,unmatched_address,기존 주택 CSV의 건물 좌표; 음식점 자체 측량 좌표 아님
호야돌솥밥,덕진구 송천1동,전북특별자치도 전주시 덕진구 송천동 1가 375-5,전북특별자치도 전주시 덕진구 송천 중앙로 100-2,0504-2015-2648,,,,unmatched_address,기존 주택 CSV의 건물 좌표; 음식점 자체 측량 좌표 아님
장군닭발,덕진구 송천2동,전북특별자치도 전주시 덕진구 송천동2가 523-24,전북특별자치도 전주시 덕진구 붓내3길 13,063-277-1204,,,,unmatched_address,기존 주택 CSV의 건물 좌표; 음식점 자체 측량 좌표 아님
흑두부이야기,완산구 효자동3가,전북특별자치도 전주시 완산구 효자동3가 1470-1,전북특별자치도 전주시 완산구 서곡2길 30-19,063-273-2332,,,,unmatched_address,기존 주택 CSV의 건물 좌표; 음식점 자체 측량 좌표 아님
고산촌,덕진구 우아동2가,전북특별자치도 전주시 덕진구 우아동2가 865-5,전북특별자치도 전주시 덕진구 건산로 289,063-244-4846,,,,unmatched_address,기존 주택 CSV의 건물 좌표; 음식점 자체 측량 좌표 아님
사계진미숯불닭갈비_전주송천점,덕진구 송천동1가,전북특별자치도 전주시 덕진구 송천동1가 809-4,전북특별자치도 전주시 덕진구 송천중앙로 211,063-252-4006,,,,unmatched_address,기존 주택 CSV의 건물 좌표; 음식점 자체 측량 좌표 아님
스마일마라탕,완산구 중화산동2가,전북특별자치도 전주시 완산구 중화산동2가 652,전북특별자치도 전주시 완산구 백제대로 276,063-901-6888,,,,unmatched_address,기존 주택 CSV의 건물 좌표; 음식점 자체 측량 좌표 아님
복돼지감자탕_만성점,덕진구 혁신동,전북특별자치도 전주시 덕진구 만성동 1167-6 1층,전북특별자치도 전주시 덕진구 만성로 27,063-227-2200,,,,unmatched_address,기존 주택 CSV의 건물 좌표; 음식점 자체 측량 좌표 아님
파스쿠찌_전주서신점,완산구 서신동,전북특별자치도 전주시 완산구 서신동 889-7,"전북특별자치도 전주시 완산구 유연로301, 1층",063-255-8497,,,,unmatched_address,기존 주택 CSV의 건물 좌표; 음식점 자체 측량 좌표 아님
양다리걸쳤네,완산구 서신동,전북특별자치도 전주시 완산구 서신동 958-5,전북특별자치도 전주시 완산구 고사평2길 10,063-251-9240,,,,unmatched_address,기존 주택 CSV의 건물 좌표; 음식점 자체 측량 좌표 아님
다정회가,덕진구 송천동,전북특별자치도 전주시 덕진구 송천동2가 1327-15 102호,전북특별자치도 전주시 덕진구 세병2길 19 102호,063-255-8588,,,,unmatched_address,기존 주택 CSV의 건물 좌표; 음식점 자체 측량 좌표 아님
노벨밥상,완산구 효자4동,전북특별자치도 전주시 완산구 효자동2가 1250-1,전북특별자치도 전주시 완산구 봉곡1길 34,063-226-0675,127.1006415,35.81312089,효자4동,exact_road_building_match,기존 주택 CSV의 건물 좌표; 음식점 자체 측량 좌표 아님
슬기네가맥_아중점,덕진구 우아동1가,전북특별자치도 전주시 덕진구 우아동1가 1100-9,전북특별자치도 전주시 덕진구 한배미로 58,0507-1354-5630,,,,unmatched_address,기존 주택 CSV의 건물 좌표; 음식점 자체 측량 좌표 아님
깐깐한족발_전주신시가지점,완산구 효자동,전북특별자치도 전주시 완산구 효자동3가 1530-10 1층,전북특별자치도 전주시 완산구 홍산북로 71 1층,063-221-1232,,,,unmatched_address,기존 주택 CSV의 건물 좌표; 음식점 자체 측량 좌표 아님
이가네갈비한쌈_도청본점,완산구 효자동,전북특별자치도 전주시 완산구 효자동3가 1527-3,전북특별자치도 전주시 완산구 홍산3길 15,063-225-3531,,,,unmatched_address,기존 주택 CSV의 건물 좌표; 음식점 자체 측량 좌표 아님
신한강오리,완산구 중화산동,전북특별자치도 전주시 완산구 중화산동2가 783-4,전북특별자치도 전주시 완산구 신촌3길 22,063-221-8786,,,,unmatched_address,기존 주택 CSV의 건물 좌표; 음식점 자체 측량 좌표 아님
크라운호프_전주중화산점,완산구 중화산동,전북특별자치도 전주시 완산구 중화산동2가 774-10,전북특별자치도 전주시 완산구 신촌4길 14-9,0507-1369-1008,127.1164736,35.81862186,중화산2동,exact_road_building_match,기존 주택 CSV의 건물 좌표; 음식점 자체 측량 좌표 아님
본가_전주신시가지점,완산구 효자동3가,전북특별자치도 전주시 완산구 효자동3가 1530-9,전북특별자치도 전주시 완산구 홍산북로 73,063-237-3778,,,,unmatched_address,기존 주택 CSV의 건물 좌표; 음식점 자체 측량 좌표 아님
엑시트피자_효자점,완산구 효자동2가,전북특별자치도 전주시 완산구 효자동2가 142-13,전북특별자치도 전주시 완산구 우전2길 65,0507-1377-3701,127.1066788,35.80990431,효자4동,exact_road_building_match,기존 주택 CSV의 건물 좌표; 음식점 자체 측량 좌표 아님
고궁담,완산구 효자5동,전북특별자치도 전주시 완산구 효자동3가 1627-1,"전북특별자치도 전주시 완산구 유연로 170, 2-3층",063-228-3711,,,,unmatched_address,기존 주택 CSV의 건물 좌표; 음식점 자체 측량 좌표 아님
해밀,덕진구 덕진동,전북특별자치도 전주시 덕진구 덕진동1가 1283-2,전북특별자치도 전주시 덕진구 들사평로 62,063-251-7049,,,,unmatched_address,기존 주택 CSV의 건물 좌표; 음식점 자체 측량 좌표 아님
킹아구해물찜_송천점,덕진구 송천1동,전북특별자치도 전주시 덕진구 송천동1가 838-1,전북특별자치도 전주시 덕진구 용소로 80,063-277-9229,,,,unmatched_address,기존 주택 CSV의 건물 좌표; 음식점 자체 측량 좌표 아님
고마담_에코시티점,덕진구 송천2동,전북특별자치도 전주시 덕진구 송천동2가 1330-9,"전북특별자치도 전주시 덕진구 세병2길 30, 1층 101,102호",063-255-1117,,,,unmatched_address,기존 주택 CSV의 건물 좌표; 음식점 자체 측량 좌표 아님
토프레소_송천점,덕진구 송천동1가,전북특별자치도 전주시 덕진구 송천동1가 405-4,전북특별자치도 전주시 덕진구 송천로 40,0507-1320-0389,127.1187616,35.85692812,송천2동,exact_road_building_match,기존 주택 CSV의 건물 좌표; 음식점 자체 측량 좌표 아님
엉클램,완산구 중화산동2가,전북특별자치도 전주시 완산구 중화산동2가 750-9,전북특별자치도 전주시 완산구 화산천변6길 3-4,0507-1369-2997,127.115605,35.82108377,중화산2동,exact_road_building_match,기존 주택 CSV의 건물 좌표; 음식점 자체 측량 좌표 아님
엄마손김치찌개_서신점,완산구 서신동,전북특별자치도 전주시 완산구 서신동 857-2,전북특별자치도 전주시 완산구 유연로 285,063-223-7400,,,,unmatched_address,기존 주택 CSV의 건물 좌표; 음식점 자체 측량 좌표 아님
빅스타피자_전주1호점,완산구 중화산동,전북특별자치도 전주시 완산구 중화산동2가 770-8 1층,전북특별자치도 전주시 완산구 중화산로 87 1층,063-224-7440,,,,unmatched_address,기존 주택 CSV의 건물 좌표; 음식점 자체 측량 좌표 아님
힐링정육식당,완산구 효자동,전북특별자치도 전주시 완산구 효자동2가 1156-9,전북특별자치도 전주시 완산구 홍산1길 12,063-225-3118,,,,unmatched_address,기존 주택 CSV의 건물 좌표; 음식점 자체 측량 좌표 아님
와플몽_전주대점,완산구 효자4동,전북특별자치도 전주시 완산구 효자동3가 1159-12,전북특별자치도 전주시 완산구 백마산길 7,없음,,,,unmatched_address,기존 주택 CSV의 건물 좌표; 음식점 자체 측량 좌표 아님
불타는감자탕,덕진구 우아1동,전북특별자치도 전주시 덕진구 우아동3가 747-67,전북특별자치도 전주시 덕진구 백제대로 801,063-244-3374,,,,unmatched_address,기존 주택 CSV의 건물 좌표; 음식점 자체 측량 좌표 아님
홍익돈까스_전주직영점,완산구 효자동3가,전북특별자치도 전주시 완산구 효자동3가 1134-3,전북특별자치도 전주시 완산구 효자로 52,063-221-5050,,,,unmatched_address,기존 주택 CSV의 건물 좌표; 음식점 자체 측량 좌표 아님
서양커피,완산구 효자5동,전북특별자치도 전주시 완산구 효자동3가 1674-2 1층,전북특별자치도 전주시 완산구 용호로 193 1층,063-909-9400,127.0968248,35.8205077,효자5동,exact_road_building_match,기존 주택 CSV의 건물 좌표; 음식점 자체 측량 좌표 아님
카페_프로바이더,덕진구 덕진동,전북특별자치도 전주시 덕진구 덕진동1가 1263-22,전북특별자치도 전주시 덕진구 명륜3길 13-1,070-7744-8999,,,,unmatched_address,기존 주택 CSV의 건물 좌표; 음식점 자체 측량 좌표 아님
파주옥곰탕_전주점,완산구 효자5동,전북특별자치도 전주시 완산구 효자동2가 1230-3 1층,전북특별자치도 전주시 완산구 홍산북로 23-9 1층,063-226-2446,,,,unmatched_address,기존 주택 CSV의 건물 좌표; 음식점 자체 측량 좌표 아님
본죽&비빔밥cafe_전주에코시티점,덕진구 송천동2가,전북특별자치도 전주시 덕진구 송천동2가 1327-14,전북특별자치도 전주시 덕진구 세병2길 21,063-272-6288,,,,unmatched_address,기존 주택 CSV의 건물 좌표; 음식점 자체 측량 좌표 아님
서가앤쿡_전주효자점,완산구 효자5동,전북특별자치도 전주시 완산구 효자동3가 1528-15,전북특별자치도 전주시 완산구 홍산중앙로 46,063-232-0023,,,,unmatched_address,기존 주택 CSV의 건물 좌표; 음식점 자체 측량 좌표 아님
달달한오후,덕진구 송천동,전북특별자치도 전주시 덕진구 송천동1가  292-7 센트럴파크 단독상가동 106호,전북특별자치도 전주시 덕진구 송천로 1 센트럴파크 단독상가동 106호,063-273-0018,,,,unmatched_address,기존 주택 CSV의 건물 좌표; 음식점 자체 측량 좌표 아님
예우랑_전주신시가지점,완산구 효자동2가,전북특별자치도 전주시 완산구 효자동2가 1242-4 2층,전북특별자치도 전주시 완산구 홍산남로 20 2층,063-232-5995,,,,unmatched_address,기존 주택 CSV의 건물 좌표; 음식점 자체 측량 좌표 아님
가보게,완산구 서신동,전북특별자치도 전주시 완산구 서신동 801-5,전북특별자치도 전주시 완산구 서신천변15길 3-8,063-277-9403,127.1136533,35.83124003,서신동,exact_road_building_match,기존 주택 CSV의 건물 좌표; 음식점 자체 측량 좌표 아님
카페홍시궁,완산구 다가동,전북특별자치도 전주시 완산구 다가동4가 35,전북특별자치도 전주시 완산구 전주객사1길 94,063-282-2014,,,,unmatched_address,기존 주택 CSV의 건물 좌표; 음식점 자체 측량 좌표 아님
조은갈비,완산구 중화산동,전북특별자치도 전주시 완산구 중화산동2가  495-17,전북특별자치도 전주시 완산구 신촌4길 26-3,063-228-8666,,,,unmatched_address,기존 주택 CSV의 건물 좌표; 음식점 자체 측량 좌표 아님
빈키든,완산구 중화산동,전북특별자치도 전주시 완산구 중화산동2가 765-4,전북특별자치도 전주시 완산구 화산천변1길 18-5,063-903-1961,,,,unmatched_address,기존 주택 CSV의 건물 좌표; 음식점 자체 측량 좌표 아님
