도로명 주소,Longitude,Latitude,ADDRESS,CODE
전북특별자치도 전주시 완산구 자만동3길 10,127.1562281,35.81456688,['풍남동'],['5211153000']
전북특별자치도 전주시 완산구 태진로 4,127.1379441,35.82133717,['중앙동'],['5211151000']
전북특별자치도 전주시 덕진구 모래내5길 14,127.1444501,35.83375635,['인후2동'],['5211355000']
전북특별자치도 전주시 완산구 인봉1길 13-14,127.1547474,35.8249797,['노송동'],['5211160500']
전북특별자치도 전주시 완산구 경기전길 10-10,127.1496292,35.81893638,['풍남동'],['5211153000']
전북특별자치도 전주시 덕진구 건산로 122,127.1504938,35.83290446,['인후2동'],['5211355000']
전북특별자치도 전주시 덕진구 건산로 122,127.1504938,35.83290446,['인후2동'],['5211355000']
전북특별자치도 전주시 덕진구 태진로 133-2,127.1351027,35.83287967,['금암1동'],['5211358000']
전북특별자치도 전주시 덕진구 들사평3길 21,127.1234034,35.84026499,['덕진동'],['5211357000']
전북특별자치도 전주시 덕진구 솔내7길 5-1,127.1218943,35.86003377,['송천1동'],['5211364100']
전북특별자치도 전주시 덕진구 송천로 54-13,127.1186309,35.85853167,['송천2동'],['5211364200']
전북특별자치도 전주시 덕진구 반촌4길 9,127.1443143,35.83009398,['진북동'],['5211352500']
전북특별자치도 전주시 완산구 매곡로 29,127.1446231,35.80909777,['완산동'],['5211163500']
전북특별자치도 전주시 완산구 꽃밭정로 29-3,127.1356401,35.79765599,['평화2동'],['5211169200']
전북특별자치도 전주시 덕진구 건산2길 18-4,127.1418236,35.83189802,['진북동'],['5211352500']
전북특별자치도 전주시 덕진구 하가3길 14-3,127.1135822,35.84796915,['덕진동'],['5211357000']
전북특별자치도 전주시 덕진구 솔내1길 9-6,127.1207674,35.85259649,['송천1동'],['5211364100']
전북특별자치도 전주시 덕진구 거북바우3길 29-4,127.1389688,35.83656176,['금암2동'],['5211359000']
전북특별자치도 전주시 덕진구 금암4길 23-2,127.1374348,35.83912544,['금암1동'],['5211358000']
전북특별자치도 전주시 덕진구 건지3길 13,127.1438541,35.84527378,['금암2동'],['5211359000']
전북특별자치도 전주시 덕진구 덕진연못3길 8-8,127.1213688,35.84620264,['덕진동'],['5211357000']
전북특별자치도 전주시 덕진구 태진로 137-8,127.1345933,35.83334961,['금암1동'],['5211358000']
전북특별자치도 전주시 덕진구 덕진연못1길 17-18,127.1234847,35.84591119,['덕진동'],['5211357000']
전북특별자치도 전주시 덕진구 백동3길 5-18,127.1474819,35.84776199,['인후2동'],['5211355000']
전북특별자치도 전주시 덕진구 건지1길 12-1,127.1399808,35.84412898,['금암2동'],['5211359000']
전북특별자치도 전주시 완산구 감나무4길 21-32,127.1199946,35.83093186,['서신동'],['5211168000']
전북특별자치도 전주시 덕진구 백동5길 26,127.1499028,35.84828821,['인후2동'],['5211355000']
전북특별자치도 전주시 덕진구 명주6길 20-2,127.152077,35.8446636,['인후2동'],['5211355000']
전북특별자치도 전주시 완산구 안행5길 37-40,127.1300623,35.80399974,['효자1동'],['5211171100']
전북특별자치도 전주시 덕진구 백제대로 627-9,127.1375998,35.84278057,['금암1동'],['5211358000']
전북특별자치도 전주시 완산구 전룡6길 32,127.1217973,35.82794201,['서신동'],['5211168000']
전북특별자치도 전주시 덕진구 들사평3길 22-5,127.1230066,35.83996699,['덕진동'],['5211357000']
전북특별자치도 전주시 덕진구 매봉6길 10-7,127.1397041,35.84124222,['금암2동'],['5211359000']
전북특별자치도 전주시 덕진구 거북바우로 33,127.1415428,35.83759583,['금암2동'],['5211359000']
전북특별자치도 전주시 덕진구 명주6길 31-4,127.1531709,35.84402655,['우아1동'],['5211361100']
전북특별자치도 전주시 덕진구 도당산4길 53-13,127.1561263,35.8455675,['우아1동'],['5211361100']
전북특별자치도 전주시 덕진구 명주5길 26-12,127.150643,35.84367024,['인후2동'],['5211355000']
전북특별자치도 전주시 덕진구 팔복5길 17,127.1046368,35.85210295,['팔복동'],['5211360000']
전북특별자치도 전주시 덕진구 건지1길 6,127.1401219,35.84346459,['금암2동'],['5211359000']
전북특별자치도 전주시 완산구 오두정1길 21-3,127.1175996,35.80708264,['효자2동'],['5211171200']
전북특별자치도 전주시 완산구 송정3길 7-8,127.1195436,35.80057405,['삼천1동'],['5211170100']
전북특별자치도 전주시 완산구 전라감영1길 19,127.1400129,35.81556996,['중앙동'],['5211151000']
전북특별자치도 전주시 완산구 성지산1길 24,127.1216924,35.80368279,['효자2동'],['5211171200']
전북특별자치도 전주시 완산구 성지산2길 30,127.1207361,35.80458402,['효자2동'],['5211171200']
전북특별자치도 전주시 완산구 송정로 26-4,127.1195434,35.80203194,['삼천1동'],['5211170100']
전북특별자치도 전주시 덕진구 매봉7길 13-2,127.1426856,35.84143411,['금암2동'],['5211359000']
전북특별자치도 전주시 완산구 성지산1길 30-3,127.1209008,35.80382238,['효자2동'],['5211171200']
전북특별자치도 전주시 덕진구 용산3길 6-4,127.1315358,35.83674074,['금암1동'],['5211358000']
전북특별자치도 전주시 덕진구 우아6길 6,127.1567904,35.85022009,['우아1동'],['5211361100']
전북특별자치도 전주시 완산구 송정로 19-11,127.1187284,35.80314779,['효자2동'],['5211171200']
전북특별자치도 전주시 덕진구 매봉8길 17-8,127.1391619,35.84032618,['금암2동'],['5211359000']
전북특별자치도 전주시 덕진구 백동로 14-6,127.14798,35.84669555,['인후2동'],['5211355000']
전북특별자치도 전주시 덕진구 백동6길 14,127.1516197,35.84768627,['인후2동'],['5211355000']
전북특별자치도 전주시 완산구 성지산1길 7-10,127.1237291,35.80319259,['효자2동'],['5211171200']
전북특별자치도 전주시 완산구 송정중앙로 54,127.1207313,35.80485963,['효자2동'],['5211171200']
전북특별자치도 전주시 덕진구 건지2길 13-10,127.1406359,35.84463247,['금암2동'],['5211359000']
전북특별자치도 전주시 완산구 성지산1길 22-5,127.121696,35.80395659,['효자2동'],['5211171200']
전북특별자치도 전주시 덕진구 금암6길 28,127.1368823,35.83917465,['금암1동'],['5211358000']
전북특별자치도 전주시 덕진구 반촌7길 10,127.1455781,35.83006064,['진북동'],['5211352500']
전북특별자치도 전주시 완산구 성지산1길 7-9,127.1239069,35.80335373,['효자2동'],['5211171200']
전북특별자치도 전주시 덕진구 도당산2길 28,127.1556352,35.84503099,['우아1동'],['5211361100']
전북특별자치도 전주시 덕진구 거북바우로 21-11,127.1410712,35.83735999,['금암2동'],['5211359000']
전북특별자치도 전주시 덕진구 태진로 108-21,127.1366881,35.83089826,['진북동'],['5211352500']
전북특별자치도 전주시 완산구 성지산2길 8,127.1230786,35.80470737,['효자2동'],['5211171200']
전북특별자치도 전주시 덕진구 안골2길 19-3,127.1575992,35.83972265,['인후1동'],['5211354000']
전북특별자치도 전주시 완산구 송정2길 20-7,127.1179336,35.80028084,['삼천1동'],['5211170100']
전북특별자치도 전주시 덕진구 반태산5길 13-4,127.1493446,35.83151435,['인후2동'],['5211355000']
전북특별자치도 전주시 덕진구 안골2길 16-4,127.157431,35.83890218,['인후1동'],['5211354000']
전북특별자치도 전주시 덕진구 안골1길 19-7,127.1579777,35.83878403,['인후1동'],['5211354000']
전북특별자치도 전주시 덕진구 팔복2길 11-25,127.1035226,35.84984393,['팔복동'],['5211360000']
전북특별자치도 전주시 완산구 따박골6길 51,127.1278738,35.81108078,['중화산1동'],['5211167100']
전북특별자치도 전주시 덕진구 안덕원로 231-5,127.151952,35.83669647,['인후1동'],['5211354000']
전북특별자치도 전주시 덕진구 안골2길 20-8,127.1579379,35.83889359,['인후1동'],['5211354000']
전북특별자치도 전주시 완산구 신봉5길 13-3,127.1156369,35.81196046,['효자2동'],['5211171200']
전북특별자치도 전주시 완산구 서원로 181-10,127.1148243,35.81361073,['효자2동'],['5211171200']
전북특별자치도 전주시 완산구 흑석1길 15,127.1503999,35.80119382,['서서학동'],['5211166000']
전북특별자치도 전주시 완산구 물왕멀로 41-1,127.1501469,35.82721777,['노송동'],['5211160500']
전북특별자치도 전주시 덕진구 안골3길 8-8,127.1561811,35.83963509,['인후1동'],['5211354000']
전북특별자치도 전주시 덕진구 안골2길 19-5,127.1575646,35.83982318,['인후1동'],['5211354000']
전북특별자치도 전주시 덕진구 안골1길 19-3,127.1580687,35.83856581,['인후1동'],['5211354000']
전북특별자치도 전주시 완산구 신봉3길 28,127.1153819,35.81257194,['효자2동'],['5211171200']
전북특별자치도 전주시 덕진구 안골2길 11-6,127.1568701,35.83981904,['인후1동'],['5211354000']
전북특별자치도 전주시 덕진구 안골2길 3-2,127.1561799,35.83922151,['인후1동'],['5211354000']
전북특별자치도 전주시 완산구 따박골6길 31-11,127.1285833,35.80891745,['중화산1동'],['5211167100']
전북특별자치도 전주시 덕진구 거북바우로 66-2,127.1440428,35.83944197,['인후2동'],['5211355000']
전북특별자치도 전주시 덕진구 안골3길 16-9,127.1572246,35.84006697,['인후1동'],['5211354000']
전북특별자치도 전주시 덕진구 호반5길 14,127.1157536,35.84929796,['덕진동'],['5211357000']
전북특별자치도 전주시 완산구 송정로 3-12,127.1173781,35.80313415,['효자2동'],['5211171200']
전북특별자치도 전주시 덕진구 안골2길 16-7,127.1577511,35.83884841,['인후1동'],['5211354000']
전북특별자치도 전주시 완산구 신봉1길 5-1,127.1176139,35.81065964,['효자2동'],['5211171200']
전북특별자치도 전주시 덕진구 도당산로 41,127.1576544,35.84567411,['우아1동'],['5211361100']
전북특별자치도 전주시 덕진구 안골2길 11-3,127.1567182,35.83947325,['인후1동'],['5211354000']
전북특별자치도 전주시 덕진구 사평2길 26,127.1203871,35.84186615,['덕진동'],['5211357000']
전북특별자치도 전주시 완산구 신봉1길 12-3,127.1170398,35.81104919,['효자2동'],['5211171200']
전북특별자치도 전주시 덕진구 안골1길 3-6,127.1565365,35.83833322,['인후1동'],['5211354000']
전북특별자치도 전주시 덕진구 안골2길 19-1,127.1576465,35.83962714,['인후1동'],['5211354000']
전북특별자치도 전주시 덕진구 거북바우로 21-2,127.1408734,35.83686696,['금암2동'],['5211359000']
전북특별자치도 전주시 완산구 거마평로 110,127.1169895,35.80213485,['삼천1동'],['5211170100']
전북특별자치도 전주시 완산구 효동2길 20-28,127.1254125,35.80469595,['효자1동'],['5211171100']
전북특별자치도 전주시 완산구 따박골2길 3-8,127.1253857,35.81137568,['중화산1동'],['5211167100']
전북특별자치도 전주시 덕진구 팔복5길 20-19,127.1041834,35.85118532,['팔복동'],['5211360000']
전북특별자치도 전주시 완산구 송정로 11-14,127.1181668,35.80325009,['효자2동'],['5211171200']
전북특별자치도 전주시 덕진구 사평4길 25,127.1216844,35.84339446,['덕진동'],['5211357000']
전북특별자치도 전주시 덕진구 안골2길 16-2,127.1573871,35.83901481,['인후1동'],['5211354000']
전북특별자치도 전주시 완산구 견훤왕궁2길 24,127.1515724,35.82825901,['노송동'],['5211160500']
전북특별자치도 전주시 완산구 신봉2길 11-3,127.1193739,35.81104797,['효자2동'],['5211171200']
전북특별자치도 전주시 완산구 밤나무1길 8-3,127.1165022,35.80953838,['효자2동'],['5211171200']
전북특별자치도 전주시 덕진구 모래내8길 6-10,127.1446366,35.8364334,['금암2동'],['5211359000']
전북특별자치도 전주시 덕진구 모래내9길 5-5,127.1444891,35.83638257,['금암2동'],['5211359000']
전북특별자치도 전주시 덕진구 도당산4길 53-15,127.1561826,35.84545667,['우아1동'],['5211361100']
전북특별자치도 전주시 완산구 송정로 16-9,127.1185614,35.80150342,['삼천1동'],['5211170100']
전북특별자치도 전주시 완산구 신봉3길 11-7,127.1172407,35.81169889,['효자2동'],['5211171200']
전북특별자치도 전주시 완산구 따박골6길 41-14,127.1275854,35.81056899,['중화산1동'],['5211167100']
전북특별자치도 전주시 덕진구 삼송5길 14-12,127.1376181,35.84325848,['금암1동'],['5211358000']
전북특별자치도 전주시 덕진구 안골2길 16-5,127.1577105,35.83894715,['인후1동'],['5211354000']
전북특별자치도 전주시 덕진구 우아5길 9-2,127.1552916,35.84958116,['우아1동'],['5211361100']
전북특별자치도 전주시 덕진구 우아5길 9-4,127.1553421,35.84947736,['우아1동'],['5211361100']
전북특별자치도 전주시 완산구 밤나무1길 16,127.1164879,35.80922115,['효자2동'],['5211171200']
전북특별자치도 전주시 덕진구 우아9길 21,127.1580086,35.85164455,['우아1동'],['5211361100']
전북특별자치도 전주시 덕진구 도당산4길 49-2,127.1559951,35.84623632,['우아1동'],['5211361100']
전북특별자치도 전주시 완산구 신봉3길 37,127.1144572,35.81231948,['효자2동'],['5211171200']
전북특별자치도 전주시 덕진구 안골6길 12-2,127.1550995,35.84352181,['우아1동'],['5211361100']
전북특별자치도 전주시 덕진구 도당산4길 61-3,127.1550696,35.84576679,['우아1동'],['5211361100']
전북특별자치도 전주시 완산구 외칠봉4길 9,127.1360226,35.80538046,['효자1동'],['5211171100']
전북특별자치도 전주시 완산구 송정3길 24,127.1181681,35.80110437,['삼천1동'],['5211170100']
전북특별자치도 전주시 덕진구 안골6길 12,127.1550604,35.84361262,['우아1동'],['5211361100']
전북특별자치도 전주시 완산구 신봉1길 18,127.1164761,35.81082478,['효자2동'],['5211171200']
전북특별자치도 전주시 완산구 송정로 20-7,127.1189834,35.80175671,['삼천1동'],['5211170100']
전북특별자치도 전주시 완산구 신봉2길 3-4,127.118846,35.81105228,['효자2동'],['5211171200']
전북특별자치도 전주시 완산구 신봉3길 11-8,127.1170219,35.81174399,['효자2동'],['5211171200']
,,,['NaN'],['NaN']
전북특별자치도 전주시 덕진구 백동로 40-1,127.1509198,35.84788741,['인후2동'],['5211355000']
전북특별자치도 전주시 덕진구 팽나무3길 27-3,127.154121,35.83414901,['인후1동'],['5211354000']
전북특별자치도 전주시 완산구 꽃밭정1길 13,127.133314,35.79733675,['평화2동'],['5211169200']
전북특별자치도 전주시 덕진구 우아9길 27,127.1585818,35.85184757,['우아1동'],['5211361100']
전북특별자치도 전주시 덕진구 팽나무3길 27-5,127.1542333,35.83417392,['인후1동'],['5211354000']
전북특별자치도 전주시 덕진구 덕진연못1길 18-11,127.1246297,35.84560916,['덕진동'],['5211357000']
전북특별자치도 전주시 완산구 신봉1길 3,127.1179648,35.81066687,['효자2동'],['5211171200']
전북특별자치도 전주시 완산구 신봉5길 9-3,127.1152124,35.811736,['효자2동'],['5211171200']
전북특별자치도 전주시 완산구 신봉1길 17,127.1164287,35.81064007,['효자2동'],['5211171200']
전북특별자치도 전주시 완산구 성지산2길 22-8,127.1215335,35.80501087,['효자2동'],['5211171200']
전북특별자치도 전주시 덕진구 도당산4길 41-4,127.1568791,35.84638829,['우아1동'],['5211361100']
전북특별자치도 전주시 덕진구 송천3길 38-10,127.1180106,35.86073576,['송천2동'],['5211364200']
전북특별자치도 전주시 덕진구 도당산4길 53-9,127.1560297,35.84576275,['우아1동'],['5211361100']
전북특별자치도 전주시 덕진구 반태산4길 22-5,127.1492165,35.83137608,['인후2동'],['5211355000']
전북특별자치도 전주시 완산구 따박골5길 51-1,127.127151,35.81058387,['중화산1동'],['5211167100']
전북특별자치도 전주시 완산구 신봉1길 13,127.1169104,35.81064014,['효자2동'],['5211171200']
전북특별자치도 전주시 완산구 견훤왕궁2길 22-2,127.1518659,35.82833299,['노송동'],['5211160500']
전북특별자치도 전주시 완산구 따박골6길 8,127.1298471,35.80757816,['효자1동'],['5211171100']
전북특별자치도 전주시 덕진구 안골3길 19-12,127.1572772,35.84120302,['인후1동'],['5211354000']
전북특별자치도 전주시 덕진구 건지1길 6-1,127.1402407,35.84350186,['금암2동'],['5211359000']
전북특별자치도 전주시 완산구 따박골6길 25-1,127.1287553,35.80895169,['중화산1동'],['5211167100']
전북특별자치도 전주시 덕진구 매봉11길 13-3,127.142839,35.84056394,['금암2동'],['5211359000']
전북특별자치도 전주시 덕진구 건지2길 9-10,127.1408044,35.84404501,['금암2동'],['5211359000']
전북특별자치도 전주시 완산구 신봉2길 1,127.1184686,35.81088214,['효자2동'],['5211171200']
전북특별자치도 전주시 완산구 성지산1길 8-4,127.1233261,35.80405614,['효자2동'],['5211171200']
전북특별자치도 전주시 완산구 서원로 208,127.1171437,35.81253743,['효자2동'],['5211171200']
전북특별자치도 전주시 덕진구 견훤왕궁로 94-21,127.1548301,35.82921326,['인후3동'],['5211356000']
전북특별자치도 전주시 덕진구 우아6길 14-2,127.1574061,35.85034231,['우아1동'],['5211361100']
전북특별자치도 전주시 완산구 오두정2길 20,127.1175567,35.80817888,['효자2동'],['5211171200']
전북특별자치도 전주시 완산구 신봉5길 5-3,127.1148015,35.81160075,['효자2동'],['5211171200']
전북특별자치도 전주시 완산구 신봉5길 10-5,127.1156457,35.81138662,['효자2동'],['5211171200']
전북특별자치도 전주시 덕진구 안골3길 19-8,127.1573339,35.8410656,['인후1동'],['5211354000']
전북특별자치도 전주시 완산구 신봉1길 11,127.1170827,35.81064322,['효자2동'],['5211171200']
전북특별자치도 전주시 덕진구 삼송3길 5,127.1348211,35.84206992,['금암1동'],['5211358000']
전북특별자치도 전주시 덕진구 명주1길 20-2,127.1456921,35.84189834,['인후2동'],['5211355000']
전북특별자치도 전주시 덕진구 거북바우로 123-2,127.1490456,35.84279017,['인후2동'],['5211355000']
전북특별자치도 전주시 덕진구 반태산5길 13-3,127.1493523,35.83140907,['인후2동'],['5211355000']
전북특별자치도 전주시 덕진구 안골2길 16-6,127.1574763,35.83879568,['인후1동'],['5211354000']
전북특별자치도 전주시 완산구 신봉3길 3-3,127.1179695,35.81188474,['효자2동'],['5211171200']
전북특별자치도 전주시 완산구 신봉4길 12-8,127.1193648,35.81147572,['효자2동'],['5211171200']
전북특별자치도 전주시 완산구 선너머3길 6-18,127.1317319,35.81341512,['중화산1동'],['5211167100']
전북특별자치도 전주시 덕진구 우아3길 6-6,127.1560519,35.84958477,['우아1동'],['5211361100']
전북특별자치도 전주시 덕진구 도당산4길 49-7,127.1563413,35.84609482,['우아1동'],['5211361100']
전북특별자치도 전주시 완산구 따박골로 48,127.1270592,35.81039083,['중화산1동'],['5211167100']
전북특별자치도 전주시 완산구 신봉4길 8-4,127.1189735,35.8118075,['효자2동'],['5211171200']
전북특별자치도 전주시 완산구 신봉2길 3-3,127.1186237,35.81105953,['효자2동'],['5211171200']
전북특별자치도 전주시 완산구 신봉5길 6-7,127.1153045,35.81121228,['효자2동'],['5211171200']
전북특별자치도 전주시 덕진구 팔복1길 17-2,127.1045853,35.84880908,['팔복동'],['5211360000']
전북특별자치도 전주시 완산구 송정로 24-13,127.1193794,35.80136589,['삼천1동'],['5211170100']
전북특별자치도 전주시 덕진구 인봉3길 48,127.1589687,35.82878561,['인후3동'],['5211356000']
전북특별자치도 전주시 덕진구 우아10길 17-14,127.1567375,35.85321242,['우아1동'],['5211361100']
전북특별자치도 전주시 완산구 신봉2길 10,127.1191978,35.81069467,['효자2동'],['5211171200']
전북특별자치도 전주시 덕진구 신기1길 8,127.1622851,35.84817857,['우아1동'],['5211361100']
전북특별자치도 전주시 덕진구 신기1길 8,127.1622851,35.84817857,['우아1동'],['5211361100']
전북특별자치도 전주시 완산구 신봉1길 5,127.1177968,35.81066694,['효자2동'],['5211171200']
전북특별자치도 전주시 덕진구 신기2길 7-12,127.1628812,35.84781907,['우아1동'],['5211361100']
,,,['NaN'],['NaN']
전북특별자치도 전주시 완산구 밤나무1길 18,127.1163405,35.80911287,['효자2동'],['5211171200']
전북특별자치도 전주시 완산구 신봉1길 22,127.1159097,35.81083407,['효자2동'],['5211171200']
전북특별자치도 전주시 덕진구 도당산4길 61-16,127.1551789,35.84498535,['우아1동'],['5211361100']
,,,['NaN'],['NaN']
전북특별자치도 전주시 완산구 따박골5길 36-5,127.1276099,35.8091137,['중화산1동'],['5211167100']
전북특별자치도 전주시 완산구 송정2길 13,127.1185448,35.79955959,['삼천1동'],['5211170100']
전북특별자치도 전주시 완산구 효동3길 25-26,127.1303611,35.80450737,['효자1동'],['5211171100']
전북특별자치도 전주시 완산구 효동2길 20-18,127.1259198,35.80483962,['효자1동'],['5211171100']
전북특별자치도 전주시 완산구 따박골로 54,127.1268846,35.81085327,['중화산1동'],['5211167100']
전북특별자치도 전주시 완산구 송정2길 24-7,127.1175206,35.80051873,['삼천1동'],['5211170100']
전북특별자치도 전주시 완산구 풍남문4길 25-26,127.1445576,35.8148935,['중앙동'],['5211151000']
전북특별자치도 전주시 완산구 성지산2길 9-5,127.1228191,35.80427666,['효자2동'],['5211171200']
전북특별자치도 전주시 완산구 따박골6길 41-12,127.1275219,35.81069587,['중화산1동'],['5211167100']
전북특별자치도 전주시 완산구 따박골5길 51,127.1272055,35.81045349,['중화산1동'],['5211167100']
전북특별자치도 전주시 덕진구 백동5길 16-4,127.1505151,35.84735122,['인후2동'],['5211355000']
전북특별자치도 전주시 완산구 꽃밭정3길 17,127.1341701,35.79735887,['평화2동'],['5211169200']
전북특별자치도 전주시 완산구 신봉3길 7-5,127.1176027,35.81178199,['효자2동'],['5211171200']
전북특별자치도 전주시 완산구 인봉남로 43-5,127.1576658,35.82627642,['노송동'],['5211160500']
전북특별자치도 전주시 완산구 따박골2길 7-4,127.1251691,35.81101135,['중화산1동'],['5211167100']
전북특별자치도 전주시 완산구 밤나무2길 18-14,127.1180684,35.80991052,['효자2동'],['5211171200']
전북특별자치도 전주시 덕진구 안골6길 8-3,127.1549787,35.84332162,['우아1동'],['5211361100']
전북특별자치도 전주시 덕진구 거북바우로 46-1,127.1427253,35.83815475,['금암2동'],['5211359000']
,,,['NaN'],['NaN']
전북특별자치도 전주시 덕진구 심방죽1길 26,127.153341,35.83685125,['인후1동'],['5211354000']
전북특별자치도 전주시 완산구 따박골2길 7-17,127.1264769,35.81114408,['중화산1동'],['5211167100']
,,,['NaN'],['NaN']
전북특별자치도 전주시 덕진구 여암2길 20,127.074819,35.87078019,['여의동'],['5211366500']
전북특별자치도 전주시 완산구 전주객사1길 80-11,127.1386815,35.8200669,['중앙동'],['5211151000']
전북특별자치도 전주시 덕진구 안골2길 20-6,127.1578918,35.83900513,['인후1동'],['5211354000']
전북특별자치도 전주시 덕진구 명주6길 19-16,127.1529094,35.84471292,['인후2동'],['5211355000']
전북특별자치도 전주시 완산구 신봉1길 8-5,127.117402,35.81117789,['효자2동'],['5211171200']
전북특별자치도 전주시 완산구 마당재1길 14-3,127.1596755,35.81976235,['노송동'],['5211160500']
전북특별자치도 전주시 덕진구 금암3길 33,127.1354903,35.84037147,['금암1동'],['5211358000']
전북특별자치도 전주시 덕진구 도당산로 18-30,127.1557944,35.84350469,['우아1동'],['5211361100']
전북특별자치도 전주시 완산구 신봉1길 12-8,127.1172523,35.81131981,['효자2동'],['5211171200']
전북특별자치도 전주시 완산구 따박골6길 41,127.1281654,35.81029268,['중화산1동'],['5211167100']
전북특별자치도 전주시 완산구 꽃밭정4길 12-4,127.1350783,35.79742923,['평화2동'],['5211169200']
전북특별자치도 전주시 덕진구 명주3길 39,127.1483214,35.84198958,['인후2동'],['5211355000']
전북특별자치도 전주시 완산구 신봉3길 25-14,127.1150236,35.81207659,['효자2동'],['5211171200']
전북특별자치도 전주시 완산구 신봉2길 7-6,127.1192202,35.81119575,['효자2동'],['5211171200']
전북특별자치도 전주시 완산구 따박골5길 38-11,127.128182,35.80880711,['중화산1동'],['5211167100']
전북특별자치도 전주시 완산구 신봉4길 4-4,127.1185972,35.81183771,['효자2동'],['5211171200']
전북특별자치도 전주시 완산구 신봉4길 4-6,127.1186009,35.81168386,['효자2동'],['5211171200']
전북특별자치도 전주시 완산구 송정로 8-14,127.1175395,35.80137013,['삼천1동'],['5211170100']
전북특별자치도 전주시 완산구 꽃밭정1길 16,127.133388,35.79762471,['평화2동'],['5211169200']
전북특별자치도 전주시 완산구 따박골5길 52,127.1274289,35.81052274,['중화산1동'],['5211167100']
전북특별자치도 전주시 완산구 신봉3길 25-8,127.1151539,35.81226014,['효자2동'],['5211171200']
전북특별자치도 전주시 완산구 따박골5길 18-7,127.12777,35.80822957,['중화산1동'],['5211167100']
,127.1041044,35.84842503,['팔복동'],['5211360000']
전북특별자치도 전주시 덕진구 우아10길 21-13,127.156916,35.85327104,['우아1동'],['5211361100']
전북특별자치도 전주시 완산구 신봉1길 9,127.1172608,35.8106416,['효자2동'],['5211171200']
전북특별자치도 전주시 덕진구 들사평1길 21-12,127.1220523,35.83890159,['덕진동'],['5211357000']
전북특별자치도 전주시 덕진구 안골2길 15-6,127.1573712,35.83982289,['인후1동'],['5211354000']
,,,['NaN'],['NaN']
전북특별자치도 전주시 완산구 신봉1길 14-7,127.1166103,35.81135036,['효자2동'],['5211171200']
전북특별자치도 전주시 완산구 효동2길 17-16,127.1277754,35.80467183,['효자1동'],['5211171100']
전북특별자치도 전주시 완산구 물왕멀3길 16-9,127.1476995,35.82720458,['노송동'],['5211160500']
전북특별자치도 전주시 완산구 신봉1길 7,127.1174577,35.81064213,['효자2동'],['5211171200']
전북특별자치도 전주시 덕진구 도당산2길 18,127.1552967,35.84571107,['우아1동'],['5211361100']
전북특별자치도 전주시 완산구 따박골5길 40,127.1276941,35.80952044,['중화산1동'],['5211167100']
전북특별자치도 전주시 완산구 따박골6길 31-7,127.128442,35.80919113,['중화산1동'],['5211167100']
전북특별자치도 전주시 완산구 거마서로 51,127.1192697,35.79719702,['삼천2동'],['5211170200']
전북특별자치도 전주시 완산구 거마산2길 7-5,127.1246719,35.79662996,['삼천2동'],['5211170200']
전북특별자치도 전주시 덕진구 동부대로 753,127.1566202,35.85559702,['우아1동'],['5211361100']
전북특별자치도 전주시 완산구 솟대1길 50-7,127.1207399,35.79387908,['삼천2동'],['5211170200']
전북특별자치도 전주시 완산구 산월1길 8,127.1223728,35.81285397,['중화산2동'],['5211167200']
전북특별자치도 전주시 완산구 거마산2길 4-9,127.1238319,35.79706596,['삼천2동'],['5211170200']
전북특별자치도 전주시 완산구 신봉로 5-3,127.1154226,35.81045646,['효자2동'],['5211171200']
전북특별자치도 전주시 완산구 솟대2길 55-3,127.1202133,35.79416982,['삼천2동'],['5211170200']
전북특별자치도 전주시 완산구 송정1길 18-8,127.1185224,35.79927526,['삼천1동'],['5211170100']
전북특별자치도 전주시 완산구 거마산2길 20,127.1229986,35.79656391,['삼천2동'],['5211170200']
전북특별자치도 전주시 덕진구 상리4길 6,127.1004155,35.85167927,['팔복동'],['5211360000']
전북특별자치도 전주시 완산구 따박골5길 57,127.127077,35.81101746,['중화산1동'],['5211167100']
전북특별자치도 전주시 완산구 신봉4길 4-8,127.1186099,35.81152153,['효자2동'],['5211171200']
전북특별자치도 전주시 완산구 대동로 7-37,127.1357335,35.82222049,['중앙동'],['5211151000']
전북특별자치도 전주시 덕진구 벚꽃1길 9-1,127.1310039,35.82794206,['진북동'],['5211352500']
전북특별자치도 전주시 완산구 신봉1길 12-5,127.117038,35.81121087,['효자2동'],['5211171200']
전북특별자치도 전주시 완산구 꽃밭정3길 19,127.1340768,35.79749398,['평화2동'],['5211169200']
전북특별자치도 전주시 덕진구 팔복3길 14,127.103926,35.8502358,['팔복동'],['5211360000']
전북특별자치도 전주시 완산구 신봉5길 9-7,127.1151784,35.81205382,['효자2동'],['5211171200']
전북특별자치도 전주시 덕진구 백동로 13-6,127.1478478,35.84767511,['인후2동'],['5211355000']
전북특별자치도 전주시 덕진구 안골6길 12-3,127.1553947,35.84350656,['우아1동'],['5211361100']
전북특별자치도 전주시 덕진구 안골6길 12-1,127.1553722,35.84358968,['우아1동'],['5211361100']
전북특별자치도 전주시 덕진구 반태산1길 66-10,127.1499045,35.82995024,['노송동'],['5211160500']
전북특별자치도 전주시 완산구 따박골로 52,127.126922,35.8106801,['중화산1동'],['5211167100']
전북특별자치도 전주시 덕진구 안덕원로 311-5,127.160621,35.83822445,['인후1동'],['5211354000']
전북특별자치도 전주시 덕진구 우아5길 5-1,127.155929,35.84982142,['우아1동'],['5211361100']
전북특별자치도 전주시 완산구 거마서로 10,127.1195889,35.79347809,['삼천2동'],['5211170200']
전북특별자치도 전주시 완산구 용리로 85,127.1191375,35.79880546,['삼천1동'],['5211170100']
전북특별자치도 전주시 완산구 상거마3길 60,127.122068,35.79537006,['삼천2동'],['5211170200']
전북특별자치도 전주시 완산구 거마중앙로 74,127.1228866,35.79405229,['삼천2동'],['5211170200']
전북특별자치도 전주시 덕진구 인봉남로 59-36,127.1596838,35.82679153,['인후3동'],['5211356000']
전북특별자치도 전주시 완산구 신봉1길 12-4,127.1172643,35.81101355,['효자2동'],['5211171200']
전북특별자치도 전주시 완산구 용리로 140,127.1247072,35.79711769,['삼천2동'],['5211170200']
전북특별자치도 전주시 덕진구 거북바우1길 10,127.137867,35.83607194,['금암2동'],['5211359000']
전북특별자치도 전주시 덕진구 신복6길 27-4,127.1047504,35.85580295,['팔복동'],['5211360000']
전북특별자치도 전주시 완산구 신봉5길 10-8,127.1154577,35.81126251,['효자2동'],['5211171200']
전북특별자치도 전주시 완산구 송정1길 26-4,127.1172998,35.79932982,['삼천1동'],['5211170100']
전북특별자치도 전주시 완산구 신봉1길 12-6,127.1172599,35.81116902,['효자2동'],['5211171200']
전북특별자치도 전주시 완산구 거마산1길 9-3,127.1219205,35.79766311,['삼천2동'],['5211170200']
전북특별자치도 전주시 완산구 상거마3길 36,127.1212046,35.79603804,['삼천2동'],['5211170200']
전북특별자치도 전주시 완산구 하거마5길 33,127.1176887,35.7960419,['삼천2동'],['5211170200']
전북특별자치도 전주시 완산구 효자로 23,127.0887436,35.82058378,['효자5동'],['5211173000']
전북특별자치도 전주시 덕진구 금암4길 8-1,127.1380277,35.8405382,['금암1동'],['5211358000']
전북특별자치도 전주시 완산구 하거마7길 14,127.1188017,35.79832551,['삼천2동'],['5211170200']
전북특별자치도 전주시 완산구 솟대2길 47-5,127.120946,35.79399938,['삼천2동'],['5211170200']
전북특별자치도 전주시 완산구 솟대1길 40-4,127.1220599,35.79386054,['삼천2동'],['5211170200']
전북특별자치도 전주시 완산구 따박골5길 36-7,127.1276835,35.80898185,['중화산1동'],['5211167100']
전북특별자치도 전주시 완산구 전주객사4길 46,127.1437069,35.82001566,['중앙동'],['5211151000']
전북특별자치도 전주시 완산구 솟대1길 14-6,127.124792,35.79468185,['삼천2동'],['5211170200']
전북특별자치도 전주시 완산구 천경로 25-5,127.1528275,35.80855596,['동서학동'],['5211165000']
전북특별자치도 전주시 완산구 덕적골3길 10-2,127.1447157,35.79905228,['평화1동'],['5211169100']
전북특별자치도 전주시 완산구 마당재2길 40,127.1592089,35.82069001,['노송동'],['5211160500']
전북특별자치도 전주시 완산구 대동로 7-36,127.1361261,35.82204691,['중앙동'],['5211151000']
전북특별자치도 전주시 덕진구 신기2길 6-5,127.1632587,35.84676931,['우아1동'],['5211361100']
전북특별자치도 전주시 완산구 속거길 3-4,127.0879678,35.81604966,['효자4동'],['5211171400']
전북특별자치도 전주시 완산구 하거마4길 14-3,127.1185664,35.79545566,['삼천2동'],['5211170200']
전북특별자치도 전주시 완산구 상거마3길 56,127.1220192,35.79550827,['삼천2동'],['5211170200']
전북특별자치도 전주시 완산구 솟대1길 40-3,127.1218113,35.7938004,['삼천2동'],['5211170200']
전북특별자치도 전주시 완산구 솟대1길 50,127.1210725,35.79346282,['삼천2동'],['5211170200']
전북특별자치도 전주시 덕진구 우아7길 9-7,127.155064,35.84941174,['우아1동'],['5211361100']
전북특별자치도 전주시 완산구 공수내2길 27-12,127.147814,35.80622085,['서서학동'],['5211166000']
전북특별자치도 전주시 완산구 따박골5길 32-19,127.1279916,35.80848268,['중화산1동'],['5211167100']
전북특별자치도 전주시 완산구 기린대로 247-13,127.1437226,35.82785326,['노송동'],['5211160500']
전북특별자치도 전주시 완산구 서원로 212,127.1175185,35.81249723,['효자2동'],['5211171200']
전북특별자치도 전주시 완산구 하거마3길 19-3,127.1184329,35.79417852,['삼천2동'],['5211170200']
전북특별자치도 전주시 완산구 솟대1길 56-4,127.1203089,35.79348855,['삼천2동'],['5211170200']
전북특별자치도 전주시 덕진구 건지4길 13-9,127.1447324,35.84553806,['인후2동'],['5211355000']
전북특별자치도 전주시 완산구 하거마5길 33-4,127.1174548,35.79589892,['삼천2동'],['5211170200']
전북특별자치도 전주시 완산구 하거마4길 26-5,127.1178507,35.79558246,['삼천2동'],['5211170200']
전북특별자치도 전주시 완산구 하거마6길 34-3,127.1174526,35.79732454,['삼천2동'],['5211170200']
전북특별자치도 전주시 완산구 하거마7길 12,127.1189473,35.79831887,['삼천2동'],['5211170200']
전북특별자치도 전주시 완산구 하거마3길 41-5,127.1172909,35.79405996,['삼천2동'],['5211170200']
전북특별자치도 전주시 완산구 솟대2길 27-2,127.1231133,35.79465005,['삼천2동'],['5211170200']
전북특별자치도 전주시 완산구 하거마3길 25-12,127.1178359,35.79392856,['삼천2동'],['5211170200']
전북특별자치도 전주시 완산구 거마중앙로 67,127.1229768,35.79460125,['삼천2동'],['5211170200']
전북특별자치도 전주시 완산구 꽃밭정2길 3,127.1340066,35.79684299,['평화2동'],['5211169200']
전북특별자치도 전주시 완산구 거마남로 9,127.1178502,35.79492607,['삼천2동'],['5211170200']
전북특별자치도 전주시 완산구 상거마1길 5,127.1198474,35.79555993,['삼천2동'],['5211170200']
전북특별자치도 전주시 완산구 신봉3길 4,127.1178845,35.81227615,['효자2동'],['5211171200']
전북특별자치도 전주시 완산구 하거마6길 36,127.11745,35.79703568,['삼천2동'],['5211170200']
전북특별자치도 전주시 덕진구 안골3길 7-9,127.1556611,35.84091483,['인후1동'],['5211354000']
전북특별자치도 전주시 완산구 하거마2길 36-11,127.1174534,35.79379807,['삼천2동'],['5211170200']
전북특별자치도 전주시 완산구 하거마5길 25-3,127.118086,35.79588604,['삼천2동'],['5211170200']
전북특별자치도 전주시 완산구 송정2길 23-2,127.1174616,35.79986889,['삼천1동'],['5211170100']
전북특별자치도 전주시 완산구 송정1길 19,127.1177056,35.7989718,['삼천1동'],['5211170100']
전북특별자치도 전주시 완산구 하거마7길 24,127.1182278,35.79832409,['삼천2동'],['5211170200']
전북특별자치도 전주시 완산구 거마산2길 4-11,127.1237506,35.79694086,['삼천2동'],['5211170200']
전북특별자치도 전주시 완산구 상거마2길 22,127.1205952,35.79572331,['삼천2동'],['5211170200']
전북특별자치도 전주시 완산구 공수내로 47-4,127.1490777,35.80797215,['서서학동'],['5211166000']
전북특별자치도 전주시 완산구 송정1길 2,127.1196586,35.79919366,['삼천1동'],['5211170100']
전북특별자치도 전주시 완산구 솟대1길 4-4,127.1259096,35.79470808,['삼천2동'],['5211170200']
전북특별자치도 전주시 완산구 상거마3길 49,127.1220317,35.79585641,['삼천2동'],['5211170200']
전북특별자치도 전주시 완산구 상거마2길 19,127.1203611,35.79590514,['삼천2동'],['5211170200']
전북특별자치도 전주시 완산구 송정로 29,127.1199516,35.80239303,['효자2동'],['5211171200']
전북특별자치도 전주시 완산구 솟대2길 11,127.1248168,35.79504251,['삼천2동'],['5211170200']
전북특별자치도 전주시 완산구 안터5길 6-1,127.118366,35.83033693,['서신동'],['5211168000']
전북특별자치도 전주시 완산구 거마산2길 3-7,127.1249557,35.79682524,['삼천2동'],['5211170200']
전북특별자치도 전주시 완산구 거마중앙로 54,127.1222976,35.79578404,['삼천2동'],['5211170200']
전북특별자치도 전주시 완산구 신봉1길 8-7,127.1174006,35.81133111,['효자2동'],['5211171200']
전북특별자치도 전주시 완산구 거마산로 20-7,127.1237111,35.79747625,['삼천2동'],['5211170200']
전북특별자치도 전주시 완산구 거마남로 16-1,127.11861,35.7946991,['삼천2동'],['5211170200']
전북특별자치도 전주시 완산구 하거마5길 19,127.1184248,35.7960273,['삼천2동'],['5211170200']
전북특별자치도 전주시 완산구 솟대1길 62,127.1198343,35.79317655,['삼천2동'],['5211170200']
,,,['NaN'],['NaN']
전북특별자치도 전주시 완산구 솟대2길 32,127.1224995,35.79471999,['삼천2동'],['5211170200']
전북특별자치도 전주시 덕진구 작은모래내1길 7,127.146475,35.83315952,['인후2동'],['5211355000']
전북특별자치도 전주시 완산구 천경로 15-4,127.1528295,35.80818464,['동서학동'],['5211165000']
전북특별자치도 전주시 완산구 꽃밭정1길 8,127.1337677,35.79692914,['평화2동'],['5211169200']
전북특별자치도 전주시 완산구 거마서로 52-2,127.1195287,35.79715549,['삼천2동'],['5211170200']
전북특별자치도 전주시 완산구 하거마5길 36,127.117423,35.79624269,['삼천2동'],['5211170200']
전북특별자치도 전주시 덕진구 신기1길 10-2,127.162365,35.84808266,['우아1동'],['5211361100']
전북특별자치도 전주시 완산구 솟대2길 55-7,127.1202378,35.7938101,['삼천2동'],['5211170200']
전북특별자치도 전주시 완산구 따박골5길 27,127.1272061,35.80858499,['중화산1동'],['5211167100']
전북특별자치도 전주시 완산구 송정2길 19-6,127.1178434,35.7994588,['삼천1동'],['5211170100']
전북특별자치도 전주시 완산구 매곡로 27,127.1446877,35.80929939,['완산동'],['5211163500']
전북특별자치도 전주시 덕진구 금암5길 21,127.1358186,35.83906185,['금암1동'],['5211358000']
전북특별자치도 전주시 덕진구 우아4길 5-1,127.1568363,35.84958429,['우아1동'],['5211361100']
전북특별자치도 전주시 완산구 솟대1길 51,127.1208026,35.79319505,['삼천2동'],['5211170200']
전북특별자치도 전주시 덕진구 사평1길 25-1,127.1211616,35.84243569,['덕진동'],['5211357000']
전북특별자치도 전주시 덕진구 팔복2길 20,127.103977,35.84883737,['팔복동'],['5211360000']
전북특별자치도 전주시 완산구 거마산2길 4-7,127.1239277,35.79718059,['삼천2동'],['5211170200']
전북특별자치도 전주시 완산구 하거마4길 27,127.1178603,35.79511117,['삼천2동'],['5211170200']
전북특별자치도 전주시 완산구 신봉5길 5-5,127.1147263,35.81171961,['효자2동'],['5211171200']
전북특별자치도 전주시 덕진구 모래내9길 35,127.1410991,35.83616453,['금암2동'],['5211359000']
전북특별자치도 전주시 완산구 하거마2길 27,127.1180647,35.79318443,['삼천2동'],['5211170200']
전북특별자치도 전주시 완산구 하거마6길 20-7,127.1182262,35.79750674,['삼천2동'],['5211170200']
전북특별자치도 전주시 완산구 상거마4길 21-10,127.1221214,35.79717875,['삼천2동'],['5211170200']
전북특별자치도 전주시 완산구 거마산2길 5,127.1243225,35.79695298,['삼천2동'],['5211170200']
전북특별자치도 전주시 완산구 거마산2길 3-14,127.1251502,35.79629735,['삼천2동'],['5211170200']
전북특별자치도 전주시 완산구 거마산2길 21-2,127.1225886,35.79621221,['삼천2동'],['5211170200']
전북특별자치도 전주시 완산구 거마산3길 5,127.1251897,35.7959852,['삼천2동'],['5211170200']
전북특별자치도 전주시 완산구 솟대2길 45-3,127.1212948,35.79417288,['삼천2동'],['5211170200']
전북특별자치도 전주시 완산구 하거마4길 25,127.118074,35.79511475,['삼천2동'],['5211170200']
전북특별자치도 전주시 완산구 거마남로 57-3,127.1228582,35.79541936,['삼천2동'],['5211170200']
전북특별자치도 전주시 완산구 신봉1길 14-6,127.1168843,35.81118137,['효자2동'],['5211171200']
전북특별자치도 전주시 완산구 거마산2길 4-27,127.1235432,35.79710474,['삼천2동'],['5211170200']
전북특별자치도 전주시 완산구 솟대로 23,127.1256011,35.79606345,['삼천2동'],['5211170200']
전북특별자치도 전주시 완산구 상거마2길 4,127.1195183,35.79570807,['삼천2동'],['5211170200']
전북특별자치도 전주시 완산구 솟대2길 56,127.1200747,35.79453875,['삼천2동'],['5211170200']
전북특별자치도 전주시 완산구 하거마1길 27,127.1180837,35.79282679,['삼천2동'],['5211170200']
전북특별자치도 전주시 완산구 공수내1길 11,127.1472832,35.80534583,['서서학동'],['5211166000']
전북특별자치도 전주시 완산구 송정1길 18-3,127.1178437,35.79931054,['삼천1동'],['5211170100']
전북특별자치도 전주시 완산구 하거마4길 22,127.1182212,35.79532235,['삼천2동'],['5211170200']
전북특별자치도 전주시 완산구 하거마5길 13-3,127.1187782,35.7958868,['삼천2동'],['5211170200']
전북특별자치도 전주시 덕진구 하가4길 28-3,127.1123732,35.84731183,['덕진동'],['5211357000']
전북특별자치도 전주시 완산구 하거마4길 20-4,127.118431,35.79545976,['삼천2동'],['5211170200']
전북특별자치도 전주시 완산구 하거마7길 15-4,127.1185728,35.7979664,['삼천2동'],['5211170200']
전북특별자치도 전주시 완산구 솟대1길 34-5,127.122481,35.794145,['삼천2동'],['5211170200']
전북특별자치도 전주시 완산구 거마중앙로 29,127.1200906,35.79664932,['삼천2동'],['5211170200']
전북특별자치도 전주시 덕진구 하가4길 28-1,127.1123147,35.84722437,['덕진동'],['5211357000']
전북특별자치도 전주시 덕진구 팔복7길 16-1,127.1056885,35.85190853,['팔복동'],['5211360000']
전북특별자치도 전주시 완산구 솟대1길 24-4,127.1238223,35.7942963,['삼천2동'],['5211170200']
전북특별자치도 전주시 완산구 솟대1길 41,127.1217959,35.79341369,['삼천2동'],['5211170200']
전북특별자치도 전주시 완산구 따박골6길 31-13,127.1283451,35.80884073,['중화산1동'],['5211167100']
전북특별자치도 전주시 완산구 신봉3길 21,127.1158601,35.81228172,['효자2동'],['5211171200']
전북특별자치도 전주시 완산구 전주천동로 80-15,127.1522157,35.81149693,['풍남동'],['5211153000']
전북특별자치도 전주시 완산구 거마산2길 4-13,127.1236031,35.79686882,['삼천2동'],['5211170200']
전북특별자치도 전주시 완산구 거마남로 32,127.1202088,35.79469932,['삼천2동'],['5211170200']
전북특별자치도 전주시 완산구 하거마2길 30,127.1178439,35.79336959,['삼천2동'],['5211170200']
전북특별자치도 전주시 완산구 솟대2길 20,127.1239367,35.79503278,['삼천2동'],['5211170200']
전북특별자치도 전주시 완산구 솟대1길 50-4,127.1210105,35.7936462,['삼천2동'],['5211170200']
전북특별자치도 전주시 완산구 거마중앙로 14-1,127.1183401,35.79640933,['삼천2동'],['5211170200']
전북특별자치도 전주시 완산구 솟대1길 44-3,127.1214692,35.79377236,['삼천2동'],['5211170200']
전북특별자치도 전주시 완산구 하거마2길 9,127.1189423,35.79318375,['삼천2동'],['5211170200']
전북특별자치도 전주시 완산구 상거마4길 8,127.1200831,35.7968412,['삼천2동'],['5211170200']
전북특별자치도 전주시 완산구 하거마3길 35,127.1174531,35.79434361,['삼천2동'],['5211170200']
전북특별자치도 전주시 완산구 거마산1길 3-3,127.1223668,35.79816304,['삼천2동'],['5211170200']
전북특별자치도 전주시 완산구 상거마4길 8-1,127.1202414,35.79684177,['삼천2동'],['5211170200']
전북특별자치도 전주시 완산구 하거마4길 14-5,127.1185729,35.79560211,['삼천2동'],['5211170200']
전북특별자치도 전주시 완산구 하거마5길 25,127.118083,35.79603574,['삼천2동'],['5211170200']
전북특별자치도 전주시 완산구 거마남로 47,127.1220185,35.79504835,['삼천2동'],['5211170200']
전북특별자치도 전주시 완산구 거마산2길 3-11,127.1252617,35.79654977,['삼천2동'],['5211170200']
전북특별자치도 전주시 완산구 거마중앙로 25-1,127.1196541,35.79665174,['삼천2동'],['5211170200']
전북특별자치도 전주시 완산구 솟대2길 51-6,127.1203555,35.79398807,['삼천2동'],['5211170200']
전북특별자치도 전주시 완산구 하거마6길 35,127.1174222,35.79684212,['삼천2동'],['5211170200']
전북특별자치도 전주시 완산구 거마남로 44,127.1217594,35.79472732,['삼천2동'],['5211170200']
전북특별자치도 전주시 완산구 하거마2길 36-5,127.1174543,35.79352327,['삼천2동'],['5211170200']
전북특별자치도 전주시 완산구 하거마5길 16,127.1186055,35.79624234,['삼천2동'],['5211170200']
전북특별자치도 전주시 완산구 거마서로 48,127.1195127,35.79682663,['삼천2동'],['5211170200']
전북특별자치도 전주시 완산구 솟대2길 47-3,127.120941,35.79413574,['삼천2동'],['5211170200']
전북특별자치도 전주시 덕진구 사평로 5-25,127.117773,35.83916723,['덕진동'],['5211357000']
전북특별자치도 전주시 완산구 하거마7길 20,127.11837,35.79832584,['삼천2동'],['5211170200']
전북특별자치도 전주시 완산구 거마산1길 7,127.1218487,35.79786065,['삼천2동'],['5211170200']
전북특별자치도 전주시 완산구 솟대2길 7,127.1253838,35.79517377,['삼천2동'],['5211170200']
전북특별자치도 전주시 완산구 거마산2길 3-4,127.1245166,35.79686554,['삼천2동'],['5211170200']
전북특별자치도 전주시 완산구 상거마3길 53,127.1222134,35.79558892,['삼천2동'],['5211170200']
전북특별자치도 전주시 완산구 하거마5길 3,127.1192678,35.79603998,['삼천2동'],['5211170200']
전북특별자치도 전주시 완산구 하거마1길 16,127.1188081,35.79303391,['삼천2동'],['5211170200']
전북특별자치도 전주시 덕진구 사평로 35-4,127.1206015,35.84117612,['덕진동'],['5211357000']
전북특별자치도 전주시 완산구 상거마4길 3,127.1196633,35.79701205,['삼천2동'],['5211170200']
전북특별자치도 전주시 완산구 거마중앙로 42,127.1213686,35.79636477,['삼천2동'],['5211170200']
전북특별자치도 전주시 완산구 하거마5길 33-3,127.1176825,35.79589734,['삼천2동'],['5211170200']
전북특별자치도 전주시 완산구 거마산로 19-3,127.1226121,35.79784383,['삼천2동'],['5211170200']
전북특별자치도 전주시 완산구 거마남로 68-1,127.1242877,35.79529036,['삼천2동'],['5211170200']
전북특별자치도 전주시 완산구 솟대1길 48-6,127.1212812,35.79392631,['삼천2동'],['5211170200']
전북특별자치도 전주시 완산구 송정1길 22,127.1176865,35.79917298,['삼천1동'],['5211170100']
전북특별자치도 전주시 완산구 하거마4길 39,127.1172931,35.79510876,['삼천2동'],['5211170200']
전북특별자치도 전주시 완산구 경기전길 168-1,127.1512938,35.81189816,['풍남동'],['5211153000']
전북특별자치도 전주시 완산구 하거마7길 10,127.1190817,35.79830351,['삼천2동'],['5211170200']
전북특별자치도 전주시 완산구 거마남로 13,127.1182078,35.79492481,['삼천2동'],['5211170200']
전북특별자치도 전주시 완산구 거마남로 12,127.1180721,35.79470729,['삼천2동'],['5211170200']
전북특별자치도 전주시 덕진구 사평로 35-2,127.1207023,35.84111004,['덕진동'],['5211357000']
전북특별자치도 전주시 완산구 하거마7길 9-3,127.1191221,35.79788411,['삼천2동'],['5211170200']
전북특별자치도 전주시 완산구 마당재4길 23-15,127.1598822,35.82270838,['노송동'],['5211160500']
전북특별자치도 전주시 완산구 거마산2길 3-5,127.1247852,35.79692285,['삼천2동'],['5211170200']
전북특별자치도 전주시 완산구 공수내로 47-14,127.1487198,35.80762597,['서서학동'],['5211166000']
전북특별자치도 전주시 덕진구 호반6길 25-2,127.1182836,35.85202468,['덕진동'],['5211357000']
전북특별자치도 전주시 완산구 하거마3길 25-6,127.1178423,35.79419866,['삼천2동'],['5211170200']
전북특별자치도 전주시 덕진구 팽나무3길 16,127.153137,35.83517878,['인후1동'],['5211354000']
전북특별자치도 전주시 완산구 마당재1길 14,127.1599491,35.81949503,['노송동'],['5211160500']
전북특별자치도 전주시 완산구 솟대1길 44-6,127.1216176,35.79394408,['삼천2동'],['5211170200']
전북특별자치도 전주시 완산구 거마산2길 4-4,127.1240524,35.79730078,['삼천2동'],['5211170200']
전북특별자치도 전주시 완산구 상거마1길 7,127.1200132,35.79556391,['삼천2동'],['5211170200']
전북특별자치도 전주시 완산구 솟대1길 18-5,127.1242517,35.79455398,['삼천2동'],['5211170200']
전북특별자치도 전주시 완산구 거마남로 50,127.1223155,35.7948468,['삼천2동'],['5211170200']
전북특별자치도 전주시 완산구 솟대1길 56-7,127.1200294,35.79371459,['삼천2동'],['5211170200']
전북특별자치도 전주시 완산구 거마중앙로 18,127.1187435,35.79639091,['삼천2동'],['5211170200']
전북특별자치도 전주시 완산구 거마남로 74,127.1249206,35.79545049,['삼천2동'],['5211170200']
전북특별자치도 전주시 덕진구 팔복6길 12-3,127.1048982,35.85251036,['팔복동'],['5211360000']
전북특별자치도 전주시 완산구 하거마3길 33-4,127.1174553,35.79420454,['삼천2동'],['5211170200']
전북특별자치도 전주시 완산구 거마중앙로 60,127.1224566,35.79531874,['삼천2동'],['5211170200']
전북특별자치도 전주시 완산구 솟대2길 14,127.1246153,35.79518971,['삼천2동'],['5211170200']
전북특별자치도 전주시 완산구 송정2길 23-6,127.1174622,35.79959048,['삼천1동'],['5211170100']
전북특별자치도 전주시 완산구 거마산1길 5-9,127.1225385,35.79774423,['삼천2동'],['5211170200']
전북특별자치도 전주시 완산구 솟대2길 16-1,127.1242074,35.79509091,['삼천2동'],['5211170200']
전북특별자치도 전주시 완산구 상거마3길 3,127.1195098,35.79621666,['삼천2동'],['5211170200']
전북특별자치도 전주시 완산구 솟대2길 33-5,127.1226893,35.79417543,['삼천2동'],['5211170200']
전북특별자치도 전주시 완산구 송정1길 14,127.1183039,35.79915597,['삼천1동'],['5211170100']
전북특별자치도 전주시 완산구 상거마3길 13,127.1200782,35.79622628,['삼천2동'],['5211170200']
전북특별자치도 전주시 완산구 하거마7길 4,127.119378,35.79831691,['삼천2동'],['5211170200']
전북특별자치도 전주시 완산구 상거마3길 10,127.1198485,35.79604319,['삼천2동'],['5211170200']
전북특별자치도 전주시 완산구 하거마4길 26-4,127.1180738,35.79544624,['삼천2동'],['5211170200']
전북특별자치도 전주시 덕진구 거북바우로 63-1,127.1436295,35.83982244,['금암2동'],['5211359000']
전북특별자치도 전주시 완산구 상거마4길 6,127.1197963,35.79684419,['삼천2동'],['5211170200']
전북특별자치도 전주시 완산구 하거마2길 36-12,127.1176796,35.79379632,['삼천2동'],['5211170200']
전북특별자치도 전주시 완산구 하거마6길 8-5,127.1189047,35.79733474,['삼천2동'],['5211170200']
전북특별자치도 전주시 완산구 상거마4길 25,127.1220473,35.79675694,['삼천2동'],['5211170200']
전북특별자치도 전주시 완산구 용리로 81,127.1187411,35.79881585,['삼천1동'],['5211170100']
전북특별자치도 전주시 완산구 하거마2길 44-4,127.1172907,35.79352217,['삼천2동'],['5211170200']
전북특별자치도 전주시 완산구 솟대2길 61,127.1195143,35.79432995,['삼천2동'],['5211170200']
전북특별자치도 전주시 완산구 송정1길 13-1,127.1183478,35.79896892,['삼천1동'],['5211170100']
전북특별자치도 전주시 완산구 하거마2길 21,127.1183809,35.79317916,['삼천2동'],['5211170200']
전북특별자치도 전주시 완산구 거마산로 20-6,127.1231801,35.797401,['삼천2동'],['5211170200']
전북특별자치도 전주시 완산구 송정1길 18-16,127.1183776,35.79946107,['삼천1동'],['5211170100']
전북특별자치도 전주시 완산구 솟대2길 55-5,127.1202162,35.79400389,['삼천2동'],['5211170200']
전북특별자치도 전주시 완산구 송정1길 18-6,127.1183135,35.7992752,['삼천1동'],['5211170100']
전북특별자치도 전주시 완산구 중산1길 12-7,127.118985,35.81502355,['중화산2동'],['5211167200']
전북특별자치도 전주시 완산구 하거마7길 9-7,127.1191222,35.79753469,['삼천2동'],['5211170200']
전북특별자치도 전주시 완산구 거마산로 8-6,127.1226771,35.79663202,['삼천2동'],['5211170200']
전북특별자치도 전주시 완산구 솟대2길 22-1,127.1235911,35.79495491,['삼천2동'],['5211170200']
전북특별자치도 전주시 완산구 거마중앙로 44,127.1215342,35.79629007,['삼천2동'],['5211170200']
전북특별자치도 전주시 완산구 하거마3길 25-10,127.1178405,35.79406447,['삼천2동'],['5211170200']
전북특별자치도 전주시 완산구 송정2길 27-5,127.1172913,35.79972999,['삼천1동'],['5211170100']
전북특별자치도 전주시 완산구 거마산2길 18,127.1231608,35.79660548,['삼천2동'],['5211170200']
전북특별자치도 전주시 완산구 솟대2길 57-3,127.119864,35.79417188,['삼천2동'],['5211170200']
전북특별자치도 전주시 완산구 솟대2길 13,127.1246851,35.79500218,['삼천2동'],['5211170200']
전북특별자치도 전주시 완산구 거마서로 13,127.1192759,35.79374563,['삼천2동'],['5211170200']
전북특별자치도 전주시 완산구 하거마2길 7,127.1191025,35.79318782,['삼천2동'],['5211170200']
전북특별자치도 전주시 완산구 거마서로 59,127.1192768,35.79785719,['삼천2동'],['5211170200']
전북특별자치도 전주시 완산구 솟대1길 30,127.1232011,35.79394779,['삼천2동'],['5211170200']
전북특별자치도 전주시 완산구 하거마2길 5,127.1192486,35.79322905,['삼천2동'],['5211170200']
전북특별자치도 전주시 완산구 거마평로 22,127.1170604,35.79433362,['삼천2동'],['5211170200']
전북특별자치도 전주시 완산구 거마산2길 4-15,127.1234542,35.79683842,['삼천2동'],['5211170200']
전북특별자치도 전주시 완산구 하거마7길 15-3,127.1187772,35.79796611,['삼천2동'],['5211170200']
전북특별자치도 전주시 완산구 하거마2길 31,127.1176996,35.79319137,['삼천2동'],['5211170200']
전북특별자치도 전주시 완산구 상거마3길 41,127.1215793,35.79608688,['삼천2동'],['5211170200']
전북특별자치도 전주시 완산구 산월1길 13,127.1216665,35.81270787,['중화산2동'],['5211167200']
전북특별자치도 전주시 완산구 용리로 126,127.1234343,35.79776098,['삼천2동'],['5211170200']
전북특별자치도 전주시 완산구 하거마6길 18,127.1184329,35.79703661,['삼천2동'],['5211170200']
전북특별자치도 전주시 완산구 거마남로 32-1,127.1203704,35.79470276,['삼천2동'],['5211170200']
전북특별자치도 전주시 완산구 하거마2길 35,127.1175561,35.79319007,['삼천2동'],['5211170200']
전북특별자치도 전주시 덕진구 신기2길 8-3,127.1634436,35.84712821,['우아1동'],['5211361100']
전북특별자치도 전주시 완산구 하거마3길 12,127.1187339,35.79453188,['삼천2동'],['5211170200']
전북특별자치도 전주시 완산구 하거마2길 16-6,127.1187721,35.79371593,['삼천2동'],['5211170200']
전북특별자치도 전주시 완산구 상거마2길 47,127.1218776,35.79547182,['삼천2동'],['5211170200']
전북특별자치도 전주시 완산구 하거마4길 20-3,127.1182233,35.79546159,['삼천2동'],['5211170200']
전북특별자치도 전주시 완산구 하거마3길 7-8,127.1189116,35.79386955,['삼천2동'],['5211170200']
전북특별자치도 전주시 완산구 거마서로 7,127.1194577,35.79309978,['삼천2동'],['5211170200']
전북특별자치도 전주시 완산구 송정1길 6-15,127.1191512,35.79942092,['삼천1동'],['5211170100']
전북특별자치도 전주시 완산구 하거마2길 34,127.1176845,35.79339056,['삼천2동'],['5211170200']
전북특별자치도 전주시 완산구 하거마6길 10,127.1189184,35.79702469,['삼천2동'],['5211170200']
전북특별자치도 전주시 완산구 거마산1길 5-13,127.1224015,35.79754275,['삼천2동'],['5211170200']
전북특별자치도 전주시 완산구 거마산로 12,127.1226227,35.79706549,['삼천2동'],['5211170200']
전북특별자치도 전주시 완산구 거마산로 5,127.1221254,35.79686006,['삼천2동'],['5211170200']
전북특별자치도 전주시 완산구 솟대1길 26,127.1236855,35.79405103,['삼천2동'],['5211170200']
전북특별자치도 전주시 완산구 하거마3길 9,127.1189103,35.79433208,['삼천2동'],['5211170200']
전북특별자치도 전주시 완산구 솟대1길 32,127.1229443,35.79388884,['삼천2동'],['5211170200']
전북특별자치도 전주시 완산구 서학로 16-8,127.1510641,35.80951056,['서서학동'],['5211166000']
전북특별자치도 전주시 덕진구 건지로 10-23,127.1436746,35.84487852,['금암2동'],['5211359000']
전북특별자치도 전주시 완산구 상거마4길 23,127.1218592,35.79684338,['삼천2동'],['5211170200']
전북특별자치도 전주시 완산구 하거마6길 33,127.1175657,35.7968336,['삼천2동'],['5211170200']
전북특별자치도 전주시 완산구 거마서로 17,127.1192677,35.79402313,['삼천2동'],['5211170200']
전북특별자치도 전주시 완산구 거마평로 40,127.1170612,35.79593138,['삼천2동'],['5211170200']
전북특별자치도 전주시 완산구 거마서로 65,127.119523,35.79830037,['삼천2동'],['5211170200']
전북특별자치도 전주시 완산구 거마서로 57,127.1192632,35.79770741,['삼천2동'],['5211170200']
전북특별자치도 전주시 완산구 상거마2길 34,127.1212795,35.79568738,['삼천2동'],['5211170200']
전북특별자치도 전주시 완산구 솟대2길 33,127.1225694,35.79452704,['삼천2동'],['5211170200']
전북특별자치도 전주시 완산구 중산6길 11-1,127.1214031,35.81718461,['중화산2동'],['5211167200']
전북특별자치도 전주시 완산구 거마남로 70-1,127.1245611,35.79536173,['삼천2동'],['5211170200']
전북특별자치도 전주시 완산구 메너머1길 10-32,127.1219084,35.82173132,['중화산2동'],['5211167200']
전북특별자치도 전주시 완산구 용리로 73,127.1178504,35.79880285,['삼천1동'],['5211170100']
전북특별자치도 전주시 완산구 하거마4길 14,127.1187752,35.79529278,['삼천2동'],['5211170200']
전북특별자치도 전주시 완산구 하거마7길 34,127.1177053,35.79832388,['삼천2동'],['5211170200']
전북특별자치도 전주시 완산구 따박골5길 46,127.1276481,35.81002339,['중화산1동'],['5211167100']
전북특별자치도 전주시 덕진구 명주3길 25-11,127.1489253,35.84314731,['인후2동'],['5211355000']
전북특별자치도 전주시 완산구 상거마3길 15,127.1202346,35.79624153,['삼천2동'],['5211170200']
전북특별자치도 전주시 완산구 거마서로 27,127.119278,35.79493178,['삼천2동'],['5211170200']
전북특별자치도 전주시 완산구 솟대2길 17-5,127.1244587,35.79458432,['삼천2동'],['5211170200']
전북특별자치도 전주시 완산구 상거마2길 53,127.1219685,35.79518522,['삼천2동'],['5211170200']
전북특별자치도 전주시 완산구 거마남로 14,127.1183432,35.79470243,['삼천2동'],['5211170200']
전북특별자치도 전주시 완산구 솟대1길 48-5,127.1211115,35.79381553,['삼천2동'],['5211170200']
전북특별자치도 전주시 완산구 거마서로 53,127.1192648,35.79736385,['삼천2동'],['5211170200']
전북특별자치도 전주시 완산구 하거마6길 20-4,127.1184314,35.79719731,['삼천2동'],['5211170200']
전북특별자치도 전주시 완산구 거마중앙로 55,127.1225997,35.79568171,['삼천2동'],['5211170200']
전북특별자치도 전주시 완산구 메너머1길 10-4,127.1219158,35.82129988,['중화산2동'],['5211167200']
전북특별자치도 전주시 완산구 하거마6길 20-3,127.1182274,35.79719868,['삼천2동'],['5211170200']
전북특별자치도 전주시 완산구 거마산로 17,127.1226352,35.79753792,['삼천2동'],['5211170200']
전북특별자치도 전주시 완산구 솟대2길 9-4,127.12488,35.79485642,['삼천2동'],['5211170200']
전북특별자치도 전주시 덕진구 반태산3길 24,127.1489358,35.83063505,['인후2동'],['5211355000']
전북특별자치도 전주시 완산구 하거마6길 26-10,127.118081,35.79732077,['삼천2동'],['5211170200']
전북특별자치도 전주시 완산구 상거마3길 51,127.1221668,35.79573452,['삼천2동'],['5211170200']
전북특별자치도 전주시 완산구 거마남로 58,127.1231154,35.7950439,['삼천2동'],['5211170200']
전북특별자치도 전주시 완산구 하거마1길 30,127.1180853,35.79300461,['삼천2동'],['5211170200']
전북특별자치도 전주시 완산구 하거마5길 19-6,127.118225,35.79574675,['삼천2동'],['5211170200']
전북특별자치도 전주시 완산구 하거마3길 41-3,127.117291,35.79420001,['삼천2동'],['5211170200']
전북특별자치도 전주시 완산구 하거마1길 38,127.1175745,35.79301025,['삼천2동'],['5211170200']
전북특별자치도 전주시 완산구 하거마1길 17,127.1187013,35.79282375,['삼천2동'],['5211170200']
전북특별자치도 전주시 완산구 거마서로 11,127.1192966,35.79358788,['삼천2동'],['5211170200']
전북특별자치도 전주시 완산구 송정1길 18-4,127.1181004,35.79927604,['삼천1동'],['5211170100']
전북특별자치도 전주시 완산구 솟대2길 48,127.1208948,35.79454343,['삼천2동'],['5211170200']
전북특별자치도 전주시 완산구 하거마2길 36-7,127.1174529,35.79366198,['삼천2동'],['5211170200']
전북특별자치도 전주시 완산구 하거마3길 13-5,127.1187738,35.79401722,['삼천2동'],['5211170200']
전북특별자치도 전주시 완산구 상거마2길 15,127.1201932,35.79589648,['삼천2동'],['5211170200']
전북특별자치도 전주시 덕진구 호반8길 22,127.1166985,35.85227389,['덕진동'],['5211357000']
전북특별자치도 전주시 완산구 중산2길 18,127.1221426,35.81438941,['중화산2동'],['5211167200']
전북특별자치도 전주시 완산구 하거마1길 24,127.1183841,35.7930182,['삼천2동'],['5211170200']
전북특별자치도 전주시 완산구 곤지산3길 14-22,127.1457373,35.80786305,['완산동'],['5211163500']
전북특별자치도 전주시 완산구 하거마3길 19-5,127.11843,35.79402126,['삼천2동'],['5211170200']
전북특별자치도 전주시 완산구 하거마4길 14-4,127.1187789,35.79545546,['삼천2동'],['5211170200']
전북특별자치도 전주시 완산구 거마산2길 3-13,127.1253356,35.79638395,['삼천2동'],['5211170200']
전북특별자치도 전주시 완산구 하거마5길 24,127.1182138,35.79622182,['삼천2동'],['5211170200']
전북특별자치도 전주시 완산구 상거마2길 10,127.1198446,35.79570937,['삼천2동'],['5211170200']
전북특별자치도 전주시 완산구 거마중앙로 10,127.1178534,35.7964127,['삼천2동'],['5211170200']
전북특별자치도 전주시 덕진구 금암1길 17-3,127.1345935,35.83966229,['금암1동'],['5211358000']
전북특별자치도 전주시 덕진구 팔복7길 16,127.1056977,35.85202505,['팔복동'],['5211360000']
전북특별자치도 전주시 완산구 거마남로 77,127.125114,35.79576853,['삼천2동'],['5211170200']
전북특별자치도 전주시 완산구 상거마1길 25,127.1216821,35.79497371,['삼천2동'],['5211170200']
전북특별자치도 전주시 완산구 거마남로 80,127.1254608,35.79557737,['삼천2동'],['5211170200']
전북특별자치도 전주시 완산구 솟대2길 45-6,127.1210938,35.79400445,['삼천2동'],['5211170200']
전북특별자치도 전주시 완산구 송정1길 21,127.1175739,35.79898671,['삼천1동'],['5211170100']
전북특별자치도 전주시 완산구 거마산로 8-5,127.1228236,35.79678995,['삼천2동'],['5211170200']
전북특별자치도 전주시 완산구 하거마2길 10-4,127.1191235,35.79361194,['삼천2동'],['5211170200']
전북특별자치도 전주시 완산구 중산10길 10,127.1211943,35.81860917,['중화산2동'],['5211167200']
전북특별자치도 전주시 완산구 상거마4길 10,127.1203827,35.79684397,['삼천2동'],['5211170200']
전북특별자치도 전주시 완산구 중산1길 9,127.1195437,35.8143384,['중화산2동'],['5211167200']
전북특별자치도 전주시 완산구 하거마3길 33,127.1176828,35.79434401,['삼천2동'],['5211170200']
전북특별자치도 전주시 완산구 솟대1길 34-3,127.122545,35.79397694,['삼천2동'],['5211170200']
전북특별자치도 전주시 완산구 솟대1길 28-5,127.123234,35.79430619,['삼천2동'],['5211170200']
전북특별자치도 전주시 완산구 산월2길 19-9,127.1213527,35.81383657,['중화산2동'],['5211167200']
전북특별자치도 전주시 완산구 하거마2길 44-8,127.1172855,35.79379706,['삼천2동'],['5211170200']
전북특별자치도 전주시 완산구 하거마4길 5,127.119137,35.79509063,['삼천2동'],['5211170200']
전북특별자치도 전주시 완산구 상거마2길 16,127.1201928,35.79569469,['삼천2동'],['5211170200']
전북특별자치도 전주시 완산구 산월2길 19-24,127.1205688,35.81360735,['중화산2동'],['5211167200']
전북특별자치도 전주시 완산구 중산2길 15,127.1218972,35.81459497,['중화산2동'],['5211167200']
전북특별자치도 전주시 완산구 마당재2길 61-2,127.1582596,35.82002397,['노송동'],['5211160500']
전북특별자치도 전주시 완산구 하거마6길 40-4,127.1172965,35.79733388,['삼천2동'],['5211170200']
전북특별자치도 전주시 완산구 하거마4길 10,127.1189086,35.79529752,['삼천2동'],['5211170200']
전북특별자치도 전주시 완산구 솟대2길 33-3,127.1226254,35.79433331,['삼천2동'],['5211170200']
전북특별자치도 전주시 완산구 중산6길 15-4,127.1220493,35.81720658,['중화산2동'],['5211167200']
전북특별자치도 전주시 덕진구 팔복7길 29,127.1058893,35.85065966,['팔복동'],['5211360000']
전북특별자치도 전주시 완산구 하거마6길 14-3,127.1185668,35.79719618,['삼천2동'],['5211170200']
전북특별자치도 전주시 완산구 솟대2길 55-4,127.1200074,35.79418075,['삼천2동'],['5211170200']
전북특별자치도 전주시 완산구 솟대2길 16,127.1243377,35.79512475,['삼천2동'],['5211170200']
전북특별자치도 전주시 완산구 하거마6길 20-8,127.1184339,35.79750518,['삼천2동'],['5211170200']
전북특별자치도 전주시 완산구 중산7길 6,127.1196337,35.81790126,['중화산2동'],['5211167200']
전북특별자치도 전주시 완산구 향교길 98,127.1549835,35.81185579,['풍남동'],['5211153000']
전북특별자치도 전주시 완산구 솟대2길 9-6,127.1249376,35.7946972,['삼천2동'],['5211170200']
전북특별자치도 전주시 완산구 하거마6길 14-5,127.118572,35.79735156,['삼천2동'],['5211170200']
전북특별자치도 전주시 완산구 솟대2길 18,127.1240649,35.79506203,['삼천2동'],['5211170200']
전북특별자치도 전주시 완산구 하거마2길 36-6,127.117676,35.79352639,['삼천2동'],['5211170200']
전북특별자치도 전주시 완산구 거마남로 75-1,127.1249748,35.79573686,['삼천2동'],['5211170200']
전북특별자치도 전주시 완산구 솟대1길 60,127.1200332,35.79322106,['삼천2동'],['5211170200']
전북특별자치도 전주시 완산구 중산6길 3-5,127.1206141,35.81729383,['중화산2동'],['5211167200']
전북특별자치도 전주시 완산구 하거마6길 11,127.11874,35.7968328,['삼천2동'],['5211170200']
전북특별자치도 전주시 완산구 솟대2길 37,127.1222313,35.79445186,['삼천2동'],['5211170200']
전북특별자치도 전주시 완산구 솟대2길 9-5,127.1251312,35.7948312,['삼천2동'],['5211170200']
전북특별자치도 전주시 완산구 상거마2길 41,127.1216148,35.79572318,['삼천2동'],['5211170200']
전북특별자치도 전주시 완산구 하거마7길 30,127.1178529,35.79829219,['삼천2동'],['5211170200']
전북특별자치도 전주시 덕진구 권삼득로 379-18,127.1231196,35.84592391,['덕진동'],['5211357000']
전북특별자치도 전주시 완산구 산월2길 33-9,127.119943,35.81381752,['중화산2동'],['5211167200']
전북특별자치도 전주시 완산구 하거마6길 37,127.1172891,35.7968427,['삼천2동'],['5211170200']
전북특별자치도 전주시 완산구 하거마5길 7-4,127.118915,35.79588703,['삼천2동'],['5211170200']
전북특별자치도 전주시 완산구 상거마3길 54,127.1219739,35.79564648,['삼천2동'],['5211170200']
전북특별자치도 전주시 완산구 상거마2길 30,127.1209116,35.79570893,['삼천2동'],['5211170200']
전북특별자치도 전주시 완산구 하거마2길 23,127.1182323,35.79316696,['삼천2동'],['5211170200']
전북특별자치도 전주시 완산구 중산1길 12-3,127.1189939,35.81471621,['중화산2동'],['5211167200']
전북특별자치도 전주시 완산구 신봉5길 14-10,127.1164585,35.81133437,['효자2동'],['5211171200']
전북특별자치도 전주시 완산구 속거길 12-4,127.0872485,35.81568364,['효자4동'],['5211171400']
전북특별자치도 전주시 완산구 하거마7길 21-3,127.1184333,35.79796338,['삼천2동'],['5211170200']
전북특별자치도 전주시 완산구 송정2길 23-3,127.1176854,35.79975087,['삼천1동'],['5211170100']
전북특별자치도 전주시 완산구 솟대1길 52-8,127.1205981,35.79386562,['삼천2동'],['5211170200']
전북특별자치도 전주시 덕진구 매봉8길 13,127.1399293,35.84030312,['금암2동'],['5211359000']
전북특별자치도 전주시 완산구 하거마3길 13-6,127.1185717,35.79401886,['삼천2동'],['5211170200']
전북특별자치도 전주시 완산구 하거마4길 42-4,127.1172966,35.79545916,['삼천2동'],['5211170200']
전북특별자치도 전주시 덕진구 안골6길 13,127.155249,35.84385752,['우아1동'],['5211361100']
전북특별자치도 전주시 완산구 하거마4길 34-6,127.117678,35.79557523,['삼천2동'],['5211170200']
전북특별자치도 전주시 완산구 거마남로 40,127.1212029,35.7947094,['삼천2동'],['5211170200']
전북특별자치도 전주시 완산구 솟대1길 28,127.1235462,35.79402071,['삼천2동'],['5211170200']
전북특별자치도 전주시 완산구 솟대1길 20-6,127.1241093,35.79452628,['삼천2동'],['5211170200']
전북특별자치도 전주시 완산구 하거마2길 29,127.1178591,35.7931822,['삼천2동'],['5211170200']
전북특별자치도 전주시 완산구 중산10길 4-6,127.1205724,35.81841296,['중화산2동'],['5211167200']
전북특별자치도 전주시 완산구 중산5길 16-6,127.1218526,35.81568626,['중화산2동'],['5211167200']
전북특별자치도 전주시 완산구 하거마6길 32,127.1176848,35.79703356,['삼천2동'],['5211170200']
전북특별자치도 전주시 완산구 하거마7길 15-8,127.1185665,35.79765754,['삼천2동'],['5211170200']
전북특별자치도 전주시 완산구 솟대2길 34,127.1223674,35.79470029,['삼천2동'],['5211170200']
전북특별자치도 전주시 완산구 중산3길 15-4,127.1185771,35.81550478,['중화산2동'],['5211167200']
전북특별자치도 전주시 덕진구 방초길 18,127.0774446,35.86518598,['여의동'],['5211366500']
전북특별자치도 전주시 완산구 전룡6길 25-18,127.1212251,35.82749277,['서신동'],['5211168000']
전북특별자치도 전주시 완산구 하거마7길 27-10,127.1178375,35.79784509,['삼천2동'],['5211170200']
전북특별자치도 전주시 완산구 거마남로 16,127.1184714,35.79471465,['삼천2동'],['5211170200']
전북특별자치도 전주시 완산구 솟대2길 35,127.1223696,35.79448624,['삼천2동'],['5211170200']
전북특별자치도 전주시 완산구 하거마2길 17,127.1185112,35.79318093,['삼천2동'],['5211170200']
전북특별자치도 전주시 완산구 전주객사1길 80-14,127.1390428,35.81977979,['중앙동'],['5211151000']
전북특별자치도 전주시 완산구 하거마4길 9,127.1188618,35.79511722,['삼천2동'],['5211170200']
전북특별자치도 전주시 완산구 하거마7길 29,127.1178429,35.79811997,['삼천2동'],['5211170200']
전북특별자치도 전주시 완산구 하거마1길 44,127.1172842,35.79300161,['삼천2동'],['5211170200']
전북특별자치도 전주시 완산구 솟대1길 7,127.1255484,35.79426648,['삼천2동'],['5211170200']
전북특별자치도 전주시 덕진구 안골4길 20-4,127.1568962,35.84147309,['인후1동'],['5211354000']
전북특별자치도 전주시 완산구 하거마6길 28,127.1178434,35.79701169,['삼천2동'],['5211170200']
전북특별자치도 전주시 완산구 상거마3길 35,127.1212983,35.79622767,['삼천2동'],['5211170200']
전북특별자치도 전주시 완산구 솟대2길 57-8,127.1196581,35.7938132,['삼천2동'],['5211170200']
전북특별자치도 전주시 완산구 하거마7길 16,127.1186579,35.79832141,['삼천2동'],['5211170200']
전북특별자치도 전주시 완산구 관선5길 6-10,127.1569341,35.82278545,['노송동'],['5211160500']
전북특별자치도 전주시 완산구 따박골로 38,127.1270917,35.80946204,['중화산1동'],['5211167100']
전북특별자치도 전주시 완산구 중산5길 10,127.1212754,35.81598579,['중화산2동'],['5211167200']
전북특별자치도 전주시 완산구 솟대1길 56-3,127.120112,35.79342872,['삼천2동'],['5211170200']
전북특별자치도 전주시 완산구 산월2길 33-15,127.1194868,35.81359708,['중화산2동'],['5211167200']
전북특별자치도 전주시 완산구 하거마7길 27-6,127.1178403,35.79798055,['삼천2동'],['5211170200']
전북특별자치도 전주시 완산구 하거마6길 20-5,127.1182255,35.79735316,['삼천2동'],['5211170200']
전북특별자치도 전주시 완산구 거마산2길 26,127.1224509,35.79656069,['삼천2동'],['5211170200']
전북특별자치도 전주시 완산구 거마중앙로 51,127.1224762,35.79602522,['삼천2동'],['5211170200']
전북특별자치도 전주시 완산구 하거마5길 14,127.11874,35.79624572,['삼천2동'],['5211170200']
전북특별자치도 전주시 완산구 거마남로 52,127.1224494,35.79489831,['삼천2동'],['5211170200']
전북특별자치도 전주시 완산구 솟대1길 54,127.1205114,35.7933318,['삼천2동'],['5211170200']
전북특별자치도 전주시 덕진구 호반7길 7-4,127.1151064,35.85012404,['덕진동'],['5211357000']
전북특별자치도 전주시 완산구 거마남로 81,127.1255231,35.79585426,['삼천2동'],['5211170200']
전북특별자치도 전주시 완산구 하거마5길 39-3,127.1172978,35.79589222,['삼천2동'],['5211170200']
전북특별자치도 전주시 완산구 상거마2길 8,127.1196819,35.79570385,['삼천2동'],['5211170200']
전북특별자치도 전주시 완산구 하거마5길 19-5,127.1184389,35.79572707,['삼천2동'],['5211170200']
전북특별자치도 전주시 완산구 안행로 110,127.1343847,35.80613098,['효자1동'],['5211171100']
전북특별자치도 전주시 완산구 중산10길 8-3,127.1211881,35.81843767,['중화산2동'],['5211167200']
전북특별자치도 전주시 완산구 거마남로 15-1,127.1186091,35.79492298,['삼천2동'],['5211170200']
전북특별자치도 전주시 완산구 솟대2길 55-8,127.120017,35.79384898,['삼천2동'],['5211170200']
전북특별자치도 전주시 완산구 전라감영1길 14-15,127.1404794,35.81555472,['중앙동'],['5211151000']
전북특별자치도 전주시 완산구 솟대1길 44-4,127.121672,35.79379018,['삼천2동'],['5211170200']
전북특별자치도 전주시 덕진구 사평4길 30,127.1214454,35.84311802,['덕진동'],['5211357000']
전북특별자치도 전주시 완산구 영경1길 14-3,127.1245607,35.81766815,['중화산2동'],['5211167200']
전북특별자치도 전주시 완산구 하거마6길 40-6,127.1172943,35.79746799,['삼천2동'],['5211170200']
전북특별자치도 전주시 완산구 하거마6길 19,127.1183381,35.79683104,['삼천2동'],['5211170200']
전북특별자치도 전주시 덕진구 금암5길 21-4,127.1355291,35.83911544,['금암1동'],['5211358000']
전북특별자치도 전주시 완산구 상거마2길 29,127.1210409,35.79590077,['삼천2동'],['5211170200']
전북특별자치도 전주시 완산구 산월1길 32-3,127.1195404,35.81319236,['중화산2동'],['5211167200']
전북특별자치도 전주시 완산구 거마산1길 4-1,127.1216113,35.79823618,['삼천2동'],['5211170200']
전북특별자치도 전주시 완산구 하거마5길 35,127.1174521,35.7960433,['삼천2동'],['5211170200']
전북특별자치도 전주시 완산구 하거마2길 16-5,127.118569,35.79372271,['삼천2동'],['5211170200']
전북특별자치도 전주시 완산구 상거마4길 4,127.1196525,35.79683911,['삼천2동'],['5211170200']
전북특별자치도 전주시 완산구 견훤로 112-78,127.1633836,35.82144336,['노송동'],['5211160500']
전북특별자치도 전주시 완산구 거마평로 86,127.117062,35.80002105,['삼천1동'],['5211170100']
전북특별자치도 전주시 완산구 하거마2길 22-4,127.1184241,35.79354792,['삼천2동'],['5211170200']
전북특별자치도 전주시 완산구 중산10길 12-4,127.1213571,35.81845255,['중화산2동'],['5211167200']
전북특별자치도 전주시 완산구 중산5길 4-13,127.120917,35.81491365,['중화산2동'],['5211167200']
전북특별자치도 전주시 완산구 중산10길 8-4,127.1209556,35.81844556,['중화산2동'],['5211167200']
전북특별자치도 전주시 완산구 거마중앙로 12,127.1180759,35.79641095,['삼천2동'],['5211170200']
전북특별자치도 전주시 완산구 하거마5길 25-5,127.1180844,35.79574977,['삼천2동'],['5211170200']
전북특별자치도 전주시 완산구 하거마3길 39,127.1172984,35.7943434,['삼천2동'],['5211170200']
전북특별자치도 전주시 완산구 하거마4길 8,127.1191228,35.79529739,['삼천2동'],['5211170200']
전북특별자치도 전주시 완산구 하거마2길 15,127.1186526,35.79319043,['삼천2동'],['5211170200']
전북특별자치도 전주시 완산구 하거마7길 9-4,127.1189152,35.79796507,['삼천2동'],['5211170200']
전북특별자치도 전주시 완산구 솟대2길 53,127.1203584,35.79433271,['삼천2동'],['5211170200']
전북특별자치도 전주시 완산구 거마남로 76,127.1250512,35.79548352,['삼천2동'],['5211170200']
전북특별자치도 전주시 완산구 하거마2길 28-5,127.1178447,35.79364051,['삼천2동'],['5211170200']
전북특별자치도 전주시 완산구 중산1길 16-2,127.1188199,35.81458606,['중화산2동'],['5211167200']
전북특별자치도 전주시 완산구 중산1길 16-4,127.1188142,35.81471522,['중화산2동'],['5211167200']
전북특별자치도 전주시 덕진구 우아8길 16,127.1576159,35.85090595,['우아1동'],['5211361100']
전북특별자치도 전주시 덕진구 상리5길 8-1,127.1011849,35.85149702,['팔복동'],['5211360000']
전북특별자치도 전주시 완산구 관선5길 33,127.1577607,35.82021371,['노송동'],['5211160500']
전북특별자치도 전주시 완산구 거마남로 8-1,127.1177133,35.79470025,['삼천2동'],['5211170200']
전북특별자치도 전주시 완산구 송정2길 19-3,127.1180795,35.79958447,['삼천1동'],['5211170100']
전북특별자치도 전주시 완산구 하거마4길 3,127.1192809,35.79510968,['삼천2동'],['5211170200']
전북특별자치도 전주시 완산구 거마남로 8,127.1175579,35.79469761,['삼천2동'],['5211170200']
전북특별자치도 전주시 완산구 상거마3길 7,127.1198024,35.79624278,['삼천2동'],['5211170200']
전북특별자치도 전주시 완산구 솟대1길 14-3,127.1246493,35.79446993,['삼천2동'],['5211170200']
전북특별자치도 전주시 완산구 송정1길 6-11,127.1187364,35.79944052,['삼천1동'],['5211170100']
전북특별자치도 전주시 완산구 거마산로 18,127.1229913,35.79749799,['삼천2동'],['5211170200']
전북특별자치도 전주시 완산구 하거마6길 21,127.1182212,35.796838,['삼천2동'],['5211170200']
전북특별자치도 전주시 완산구 거마남로 17,127.1187422,35.79493285,['삼천2동'],['5211170200']
전북특별자치도 전주시 완산구 거마남로 12-1,127.118212,35.79470805,['삼천2동'],['5211170200']
전북특별자치도 전주시 완산구 솟대2길 14-1,127.124482,35.79516507,['삼천2동'],['5211170200']
전북특별자치도 전주시 완산구 솟대1길 20-5,127.1239101,35.79448268,['삼천2동'],['5211170200']
전북특별자치도 전주시 완산구 거마서로 12,127.1195391,35.79364379,['삼천2동'],['5211170200']
전북특별자치도 전주시 완산구 송정2길 17,127.1182174,35.79965382,['삼천1동'],['5211170100']
전북특별자치도 전주시 완산구 솟대1길 12,127.125274,35.79440592,['삼천2동'],['5211170200']
전북특별자치도 전주시 완산구 솟대2길 39-6,127.1217657,35.79394339,['삼천2동'],['5211170200']
전북특별자치도 전주시 완산구 중산3길 7-4,127.1194023,35.81546151,['중화산2동'],['5211167200']
전북특별자치도 전주시 덕진구 인후1길 22-8,127.1539755,35.83181674,['인후1동'],['5211354000']
전북특별자치도 전주시 완산구 거마서로 33,127.1192703,35.79557574,['삼천2동'],['5211170200']
전북특별자치도 전주시 완산구 솟대2길 54-1,127.1202137,35.79454177,['삼천2동'],['5211170200']
전북특별자치도 전주시 완산구 송정1길 11-1,127.1185985,35.79898165,['삼천1동'],['5211170100']
전북특별자치도 전주시 완산구 하거마7길 23,127.1182262,35.79811392,['삼천2동'],['5211170200']
전북특별자치도 전주시 완산구 거마남로 3,127.1172827,35.79492743,['삼천2동'],['5211170200']
전북특별자치도 전주시 완산구 하거마5길 34,127.1175761,35.7962502,['삼천2동'],['5211170200']
전북특별자치도 전주시 완산구 솟대1길 50-3,127.1208165,35.7935915,['삼천2동'],['5211170200']
전북특별자치도 전주시 완산구 용리로 83,127.1190134,35.79879981,['삼천1동'],['5211170100']
전북특별자치도 전주시 완산구 거마평로 10,127.117059,35.79319984,['삼천2동'],['5211170200']
전북특별자치도 전주시 완산구 중산9길 6,127.1196769,35.8187749,['중화산2동'],['5211167200']
전북특별자치도 전주시 완산구 상거마3길 25,127.1207226,35.79624708,['삼천2동'],['5211170200']
전북특별자치도 전주시 완산구 솟대2길 55-2,127.1200058,35.79433072,['삼천2동'],['5211170200']
전북특별자치도 전주시 완산구 송정1길 6-7,127.1189206,35.7992709,['삼천1동'],['5211170100']
전북특별자치도 전주시 덕진구 견훤왕궁로 250-3,127.1462033,35.84066372,['인후2동'],['5211355000']
전북특별자치도 전주시 완산구 솟대1길 52-5,127.1204019,35.79367529,['삼천2동'],['5211170200']
전북특별자치도 전주시 완산구 솟대2길 23-4,127.1235176,35.79454951,['삼천2동'],['5211170200']
전북특별자치도 전주시 완산구 하거마5길 7-3,127.1191206,35.79588772,['삼천2동'],['5211170200']
전북특별자치도 전주시 완산구 산월2길 33-7,127.11975,35.81380465,['중화산2동'],['5211167200']
전북특별자치도 전주시 완산구 거마평로 32,127.1170565,35.79526301,['삼천2동'],['5211170200']
전북특별자치도 전주시 완산구 하거마4길 35,127.1174249,35.79509249,['삼천2동'],['5211170200']
전북특별자치도 전주시 완산구 거마산로 7,127.1221986,35.79697679,['삼천2동'],['5211170200']
전북특별자치도 전주시 완산구 거마중앙로 24,127.119277,35.79640498,['삼천2동'],['5211170200']
전북특별자치도 전주시 완산구 거마중앙로 64,127.12258,35.79492521,['삼천2동'],['5211170200']
전북특별자치도 전주시 완산구 중산5길 4-9,127.1209111,35.81526398,['중화산2동'],['5211167200']
전북특별자치도 전주시 완산구 산월2길 33-5,127.1195327,35.81381135,['중화산2동'],['5211167200']
전북특별자치도 전주시 덕진구 건지로 14-6,127.1431979,35.84502924,['금암2동'],['5211359000']
전북특별자치도 전주시 완산구 산월2길 19-7,127.1211907,35.81384421,['중화산2동'],['5211167200']
전북특별자치도 전주시 덕진구 호반8길 26-6,127.1174727,35.85224169,['덕진동'],['5211357000']
전북특별자치도 전주시 완산구 하거마5길 10,127.1188724,35.79624271,['삼천2동'],['5211170200']
전북특별자치도 전주시 완산구 인정1길 2,127.1203354,35.81941108,['중화산2동'],['5211167200']
전북특별자치도 전주시 완산구 중산1길 10,127.1194405,35.81451911,['중화산2동'],['5211167200']
전북특별자치도 전주시 덕진구 도당산로 18-34,127.1556342,35.84334348,['우아1동'],['5211361100']
전북특별자치도 전주시 완산구 솟대2길 45-2,127.1210902,35.79433757,['삼천2동'],['5211170200']
전북특별자치도 전주시 완산구 거마산로 9,127.1222793,35.79708422,['삼천2동'],['5211170200']
전북특별자치도 전주시 완산구 장승배기로 292-12,127.1437264,35.79871351,['평화1동'],['5211169100']
전북특별자치도 전주시 완산구 솟대2길 37-4,127.1220957,35.79421398,['삼천2동'],['5211170200']
전북특별자치도 전주시 완산구 솟대2길 27-3,127.12338,35.79451684,['삼천2동'],['5211170200']
전북특별자치도 전주시 완산구 솟대1길 22,127.1240263,35.79413089,['삼천2동'],['5211170200']
전북특별자치도 전주시 완산구 거마산2길 7-1,127.1243918,35.7967759,['삼천2동'],['5211170200']
전북특별자치도 전주시 완산구 풍남문5길 21-10,127.1414146,35.81374119,['중앙동'],['5211151000']
전북특별자치도 전주시 완산구 중산5길 12,127.1214457,35.8159876,['중화산2동'],['5211167200']
전북특별자치도 전주시 완산구 용리로 89,127.1194083,35.79881582,['삼천1동'],['5211170100']
전북특별자치도 전주시 완산구 용리로 120,127.1228013,35.79808283,['삼천2동'],['5211170200']
전북특별자치도 전주시 완산구 하거마6길 31,127.1177031,35.79683698,['삼천2동'],['5211170200']
전북특별자치도 전주시 완산구 상거마3길 5,127.1196485,35.79621778,['삼천2동'],['5211170200']
전북특별자치도 전주시 완산구 거마남로 60-1,127.1233939,35.79510634,['삼천2동'],['5211170200']
전북특별자치도 전주시 완산구 하거마3길 13-3,127.1187729,35.79417242,['삼천2동'],['5211170200']
전북특별자치도 전주시 완산구 메너머2길 19-3,127.1208735,35.82218867,['중화산2동'],['5211167200']
전북특별자치도 전주시 덕진구 신복7길 8-8,127.104996,35.85609502,['팔복동'],['5211360000']
전북특별자치도 전주시 완산구 거마중앙로 73,127.1231504,35.79410998,['삼천2동'],['5211170200']
전북특별자치도 전주시 완산구 거마평로 44,127.1170673,35.79641905,['삼천2동'],['5211170200']
전북특별자치도 전주시 완산구 솟대2길 57-4,127.1196562,35.7941583,['삼천2동'],['5211170200']
전북특별자치도 전주시 완산구 상거마4길 21-14,127.122216,35.79729203,['삼천2동'],['5211170200']
전북특별자치도 전주시 완산구 거마산3길 1,127.125451,35.79602549,['삼천2동'],['5211170200']
전북특별자치도 전주시 완산구 솟대2길 24,127.1234592,35.79492035,['삼천2동'],['5211170200']
전북특별자치도 전주시 완산구 거마평로 30,127.1170575,35.79510646,['삼천2동'],['5211170200']
전북특별자치도 전주시 완산구 거마중앙로 71,127.1230914,35.79425866,['삼천2동'],['5211170200']
전북특별자치도 전주시 완산구 거마남로 21,127.119144,35.79493191,['삼천2동'],['5211170200']
전북특별자치도 전주시 완산구 중산1길 4-8,127.1200228,35.81511634,['중화산2동'],['5211167200']
전북특별자치도 전주시 완산구 솟대1길 60-3,127.119769,35.79336291,['삼천2동'],['5211170200']
전북특별자치도 전주시 완산구 솟대2길 26,127.123322,35.79488984,['삼천2동'],['5211170200']
전북특별자치도 전주시 덕진구 모래내3길 24-8,127.1425319,35.83581549,['금암2동'],['5211359000']
전북특별자치도 전주시 완산구 하거마7길 19,127.118437,35.79811452,['삼천2동'],['5211170200']
전북특별자치도 전주시 완산구 하거마2길 8,127.11913,35.79342177,['삼천2동'],['5211170200']
전북특별자치도 전주시 완산구 거마서로 41,127.1192716,35.79621446,['삼천2동'],['5211170200']
전북특별자치도 전주시 완산구 하거마6길 13,127.1186074,35.79683185,['삼천2동'],['5211170200']
전북특별자치도 전주시 완산구 거마중앙로 57,127.1226516,35.79553241,['삼천2동'],['5211170200']
전북특별자치도 전주시 완산구 하거마4길 21,127.1182197,35.79510577,['삼천2동'],['5211170200']
전북특별자치도 전주시 완산구 거마평로 72,127.117069,35.79879992,['삼천1동'],['5211170100']
전북특별자치도 전주시 완산구 산월2길 33-6,127.1192886,35.81356086,['중화산2동'],['5211167200']
전북특별자치도 전주시 완산구 상거마1길 13-1,127.1208831,35.79557999,['삼천2동'],['5211170200']
전북특별자치도 전주시 완산구 중산8길 4-6,127.1206044,35.81743678,['중화산2동'],['5211167200']
전북특별자치도 전주시 완산구 거마산1길 5-8,127.1221671,35.79767737,['삼천2동'],['5211170200']
전북특별자치도 전주시 완산구 상거마4길 21-6,127.1219574,35.79696739,['삼천2동'],['5211170200']
전북특별자치도 전주시 완산구 거마중앙로 19-1,127.1190064,35.79664733,['삼천2동'],['5211170200']
전북특별자치도 전주시 완산구 거마남로 57-5,127.1227961,35.79556552,['삼천2동'],['5211170200']
전북특별자치도 전주시 완산구 하거마3길 33-8,127.1174561,35.79393416,['삼천2동'],['5211170200']
전북특별자치도 전주시 완산구 감나무3길 10,127.1217852,35.83081551,['서신동'],['5211168000']
전북특별자치도 전주시 완산구 거마서로 9,127.1193114,35.79343655,['삼천2동'],['5211170200']
전북특별자치도 전주시 완산구 거마산1길 9,127.1217777,35.79772238,['삼천2동'],['5211170200']
전북특별자치도 전주시 완산구 중산1길 8-8,127.1196425,35.81512267,['중화산2동'],['5211167200']
전북특별자치도 전주시 완산구 서신천변7길 16-8,127.1131007,35.82912476,['서신동'],['5211168000']
전북특별자치도 전주시 완산구 거마산1길 15,127.1215903,35.79723516,['삼천2동'],['5211170200']
전북특별자치도 전주시 완산구 하거마2길 37,127.1174235,35.79316136,['삼천2동'],['5211170200']
전북특별자치도 전주시 덕진구 안골6길 12-5,127.1554362,35.8434281,['우아1동'],['5211361100']
전북특별자치도 전주시 완산구 하거마7길 27-11,127.1180802,35.79763648,['삼천2동'],['5211170200']
전북특별자치도 전주시 덕진구 안골6길 12-4,127.1551782,35.84331802,['우아1동'],['5211361100']
전북특별자치도 전주시 완산구 거마산2길 8,127.1240273,35.79696608,['삼천2동'],['5211170200']
전북특별자치도 전주시 완산구 거마산로 16,127.1228351,35.79730122,['삼천2동'],['5211170200']
전북특별자치도 전주시 완산구 중산5길 12-20,127.1214751,35.81513904,['중화산2동'],['5211167200']
전북특별자치도 전주시 완산구 거마산로 10,127.1225324,35.79692516,['삼천2동'],['5211170200']
전북특별자치도 전주시 완산구 솟대2길 4,127.1256573,35.79542855,['삼천2동'],['5211170200']
전북특별자치도 전주시 완산구 거마산로 19-5,127.1224286,35.79793712,['삼천2동'],['5211170200']
전북특별자치도 전주시 완산구 솟대2길 7-4,127.1252272,35.79497304,['삼천2동'],['5211170200']
전북특별자치도 전주시 덕진구 초포다리로 153-15,127.1576787,35.86989528,['호성동'],['5211362000']
전북특별자치도 전주시 완산구 거마산2길 16-4,127.1233296,35.79681431,['삼천2동'],['5211170200']
전북특별자치도 전주시 완산구 감나무로 42-8,127.1197463,35.83008744,['서신동'],['5211168000']
전북특별자치도 전주시 덕진구 공북1길 18-7,127.137615,35.82725891,['진북동'],['5211352500']
전북특별자치도 전주시 완산구 서원로 200,127.1161183,35.81267469,['효자2동'],['5211171200']
전북특별자치도 전주시 완산구 거마중앙로 40,127.1211744,35.79639362,['삼천2동'],['5211170200']
전북특별자치도 전주시 완산구 거마평로 42-1,127.1170702,35.79622104,['삼천2동'],['5211170200']
전북특별자치도 전주시 완산구 거마중앙로 20-1,127.1190061,35.79639894,['삼천2동'],['5211170200']
전북특별자치도 전주시 완산구 거마서로 19,127.1192758,35.79416516,['삼천2동'],['5211170200']
전북특별자치도 전주시 완산구 솟대1길 52-3,127.120461,35.79348966,['삼천2동'],['5211170200']
전북특별자치도 전주시 완산구 중산5길 12-13,127.121687,35.81558071,['중화산2동'],['5211167200']
전북특별자치도 전주시 완산구 거마산로 12-4,127.1227893,35.79697312,['삼천2동'],['5211170200']
전북특별자치도 전주시 완산구 솟대1길 52-6,127.1206246,35.79371012,['삼천2동'],['5211170200']
전북특별자치도 전주시 완산구 감나무4길 10-6,127.1216646,35.83178646,['서신동'],['5211168000']
전북특별자치도 전주시 완산구 중산3길 3-5,127.1200204,35.81526127,['중화산2동'],['5211167200']
전북특별자치도 전주시 완산구 솟대2길 37-3,127.1222918,35.7942601,['삼천2동'],['5211170200']
전북특별자치도 전주시 완산구 하거마6길 14-8,127.1187813,35.79750862,['삼천2동'],['5211170200']
전북특별자치도 전주시 완산구 신봉2길 6,127.1188301,35.81067395,['효자2동'],['5211171200']
전북특별자치도 전주시 완산구 송정1길 6-9,127.1187118,35.7992794,['삼천1동'],['5211170100']
전북특별자치도 전주시 완산구 거마평로 38,127.1170555,35.79577214,['삼천2동'],['5211170200']
전북특별자치도 전주시 완산구 거마남로 60,127.1232517,35.79506882,['삼천2동'],['5211170200']
전북특별자치도 전주시 완산구 중산10길 5,127.1206876,35.81878795,['중화산2동'],['5211167200']
전북특별자치도 전주시 덕진구 팔복3길 24,127.1049703,35.85013071,['팔복동'],['5211360000']
전북특별자치도 전주시 완산구 상거마3길 47,127.1218975,35.79593523,['삼천2동'],['5211170200']
전북특별자치도 전주시 완산구 거마남로 5,127.1174346,35.79493125,['삼천2동'],['5211170200']
전북특별자치도 전주시 완산구 하거마4길 8-3,127.1189116,35.79546082,['삼천2동'],['5211170200']
전북특별자치도 전주시 완산구 상거마2길 14,127.1200258,35.79570792,['삼천2동'],['5211170200']
전북특별자치도 전주시 완산구 서신천변15길 17,127.1124561,35.83177425,['서신동'],['5211168000']
전북특별자치도 전주시 완산구 거마중앙로 28-1,127.119952,35.79639539,['삼천2동'],['5211170200']
전북특별자치도 전주시 완산구 솟대2길 26-1,127.1231839,35.79487286,['삼천2동'],['5211170200']
전북특별자치도 전주시 완산구 거마중앙로 14,127.1182027,35.79640559,['삼천2동'],['5211170200']
전북특별자치도 전주시 완산구 하거마6길 17,127.1184809,35.79684388,['삼천2동'],['5211170200']
전북특별자치도 전주시 완산구 거마중앙로 28,127.1198036,35.79639905,['삼천2동'],['5211170200']
전북특별자치도 전주시 완산구 솟대1길 44-10,127.1214389,35.79416742,['삼천2동'],['5211170200']
전북특별자치도 전주시 덕진구 도당산로 18-32,127.1556302,35.84347029,['우아1동'],['5211361100']
전북특별자치도 전주시 완산구 솟대2길 9-3,127.1250868,35.79496292,['삼천2동'],['5211170200']
전북특별자치도 전주시 완산구 하거마3길 33-6,127.1174533,35.79406232,['삼천2동'],['5211170200']
전북특별자치도 전주시 덕진구 백동4길 8,127.1490479,35.84813362,['인후2동'],['5211355000']
전북특별자치도 전주시 덕진구 숲정이5길 51-10,127.1305983,35.83314177,['진북동'],['5211352500']
전북특별자치도 전주시 완산구 상거마2길 51,127.1219224,35.79534226,['삼천2동'],['5211170200']
전북특별자치도 전주시 완산구 물왕멀3길 15,127.147044,35.82744746,['노송동'],['5211160500']
전북특별자치도 전주시 완산구 솟대2길 36-1,127.1221005,35.79461089,['삼천2동'],['5211170200']
전북특별자치도 전주시 완산구 하거마1길 12,127.1189695,35.79301717,['삼천2동'],['5211170200']
전북특별자치도 전주시 완산구 하거마6길 26-6,127.1180806,35.79717422,['삼천2동'],['5211170200']
전북특별자치도 전주시 완산구 감나무4길 8,127.1219002,35.83165671,['서신동'],['5211168000']
전북특별자치도 전주시 덕진구 매봉5길 32-1,127.1443794,35.84205071,['금암2동'],['5211359000']
전북특별자치도 전주시 완산구 하거마5길 25-6,127.1178426,35.79574866,['삼천2동'],['5211170200']
전북특별자치도 전주시 완산구 솟대1길 8-3,127.1253631,35.79459464,['삼천2동'],['5211170200']
전북특별자치도 전주시 덕진구 팔복3길 19-1,127.1046295,35.85030955,['팔복동'],['5211360000']
전북특별자치도 전주시 완산구 견훤왕궁1길 5-49,127.1527437,35.82606413,['노송동'],['5211160500']
전북특별자치도 전주시 완산구 하거마7길 27-12,127.1178413,35.7976843,['삼천2동'],['5211170200']
전북특별자치도 전주시 완산구 하거마3길 15,127.1185679,35.79433305,['삼천2동'],['5211170200']
전북특별자치도 전주시 덕진구 호반8길 22-6,127.1171848,35.85199223,['덕진동'],['5211357000']
전북특별자치도 전주시 완산구 물왕멀3길 14,127.1471751,35.82736349,['노송동'],['5211160500']
전북특별자치도 전주시 덕진구 안골6길 8-1,127.1549348,35.84343199,['우아1동'],['5211361100']
전북특별자치도 전주시 완산구 중산9길 3-8,127.1197165,35.81807954,['중화산2동'],['5211167200']
전북특별자치도 전주시 완산구 솟대1길 8-5,127.1253163,35.79472961,['삼천2동'],['5211170200']
전북특별자치도 전주시 완산구 중산5길 12-5,127.1216771,35.81582199,['중화산2동'],['5211167200']
전북특별자치도 전주시 완산구 하거마5길 28,127.1178543,35.79621433,['삼천2동'],['5211170200']
전북특별자치도 전주시 완산구 솟대2길 54,127.120369,35.7945153,['삼천2동'],['5211170200']
전북특별자치도 전주시 완산구 솟대1길 36,127.1225987,35.79380889,['삼천2동'],['5211170200']
전북특별자치도 전주시 완산구 솟대2길 21,127.1238005,35.79480626,['삼천2동'],['5211170200']
전북특별자치도 전주시 완산구 거마중앙로 15-1,127.1186009,35.7966599,['삼천2동'],['5211170200']
전북특별자치도 전주시 덕진구 매봉4길 8,127.1400634,35.84188314,['금암2동'],['5211359000']
전북특별자치도 전주시 덕진구 붓내1길 19-3,127.1236544,35.86484088,['송천1동'],['5211364100']
전북특별자치도 전주시 완산구 솟대2길 7-3,127.1254276,35.79504178,['삼천2동'],['5211170200']
전북특별자치도 전주시 완산구 서신천변7길 6-7,127.1136542,35.82902582,['서신동'],['5211168000']
전북특별자치도 전주시 완산구 중산8길 8-5,127.1212348,35.81739081,['중화산2동'],['5211167200']
전북특별자치도 전주시 완산구 하거마4길 30,127.1178465,35.79530361,['삼천2동'],['5211170200']
전북특별자치도 전주시 완산구 하거마3길 34,127.1175677,35.79454475,['삼천2동'],['5211170200']
전북특별자치도 전주시 완산구 거마산3길 9,127.1249209,35.79590176,['삼천2동'],['5211170200']
전북특별자치도 전주시 덕진구 팔복7길 6,127.1054768,35.85283286,['팔복동'],['5211360000']
전북특별자치도 전주시 완산구 하거마3길 30,127.1177076,35.79454137,['삼천2동'],['5211170200']
전북특별자치도 전주시 완산구 용리로 130,127.1237822,35.79757667,['삼천2동'],['5211170200']
전북특별자치도 전주시 완산구 거마중앙로 17,127.1187339,35.7966604,['삼천2동'],['5211170200']
전북특별자치도 전주시 완산구 서신천변4길 2,127.1143235,35.82778045,['서신동'],['5211168000']
전북특별자치도 전주시 완산구 거마산로 12-5,127.1231951,35.79698478,['삼천2동'],['5211170200']
전북특별자치도 전주시 완산구 상거마3길 21,127.120582,35.79623974,['삼천2동'],['5211170200']
전북특별자치도 전주시 완산구 상거마2길 40,127.1214596,35.79559626,['삼천2동'],['5211170200']
전북특별자치도 전주시 완산구 하거마5길 4,127.1191425,35.79621711,['삼천2동'],['5211170200']
전북특별자치도 전주시 완산구 하거마7길 15-5,127.1187797,35.79780442,['삼천2동'],['5211170200']
전북특별자치도 전주시 완산구 감나무3길 8,127.1219862,35.83079556,['서신동'],['5211168000']
전북특별자치도 전주시 완산구 중산8길 7-2,127.1212097,35.81801892,['중화산2동'],['5211167200']
전북특별자치도 전주시 완산구 거마남로 7-1,127.117711,35.79493224,['삼천2동'],['5211170200']
전북특별자치도 전주시 완산구 메너머2길 23,127.1202198,35.82231235,['중화산2동'],['5211167200']
전북특별자치도 전주시 완산구 중산7길 12-5,127.1188992,35.81808819,['중화산2동'],['5211167200']
전북특별자치도 전주시 완산구 중산3길 11-1,127.1192572,35.81546959,['중화산2동'],['5211167200']
전북특별자치도 전주시 완산구 거마중앙로 15,127.1184708,35.79665471,['삼천2동'],['5211170200']
전북특별자치도 전주시 완산구 서신로 44-3,127.1162996,35.82932133,['서신동'],['5211168000']
전북특별자치도 전주시 완산구 서신천변9길 7-7,127.1134894,35.82925057,['서신동'],['5211168000']
전북특별자치도 전주시 완산구 용리로 84,127.1190789,35.7984834,['삼천2동'],['5211170200']
,,,['NaN'],['NaN']
전북특별자치도 전주시 완산구 중산로 18-1,127.1204994,35.81566482,['중화산2동'],['5211167200']
전북특별자치도 전주시 완산구 기린대로 104-92,127.1560554,35.81887666,['노송동'],['5211160500']
전북특별자치도 전주시 완산구 하거마4길 26-3,127.1178529,35.79544068,['삼천2동'],['5211170200']
전북특별자치도 전주시 완산구 전룡로 5,127.1136803,35.82609868,['서신동'],['5211168000']
전북특별자치도 전주시 완산구 솟대2길 36,127.1222275,35.79466736,['삼천2동'],['5211170200']
전북특별자치도 전주시 완산구 서신천변로 33,127.1140497,35.82833634,['서신동'],['5211168000']
전북특별자치도 전주시 덕진구 공북1길 18-5,127.1375255,35.8272034,['진북동'],['5211352500']
전북특별자치도 전주시 덕진구 팔복2길 22,127.1042764,35.84887758,['팔복동'],['5211360000']
전북특별자치도 전주시 완산구 상거마4길 5-4,127.1199807,35.7972129,['삼천2동'],['5211170200']
전북특별자치도 전주시 완산구 솟대1길 4-5,127.1256581,35.79480983,['삼천2동'],['5211170200']
전북특별자치도 전주시 덕진구 호반5길 7-4,127.1165269,35.84925539,['덕진동'],['5211357000']
전북특별자치도 전주시 완산구 완산2길 9,127.1401785,35.81104796,['완산동'],['5211163500']
전북특별자치도 전주시 완산구 중산5길 4-10,127.1206777,35.81532505,['중화산2동'],['5211167200']
전북특별자치도 전주시 완산구 오두정2길 13-7,127.1182279,35.80769245,['효자2동'],['5211171200']
전북특별자치도 전주시 완산구 오두정2길 13-5,127.118368,35.80769736,['효자2동'],['5211171200']
전북특별자치도 전주시 덕진구 하가4길 19,127.1131097,35.84788136,['덕진동'],['5211357000']
전북특별자치도 전주시 덕진구 어은골3길 9-4,127.1300221,35.82295042,['진북동'],['5211352500']
전북특별자치도 전주시 완산구 솟대2길 19-4,127.1238624,35.79461206,['삼천2동'],['5211170200']
전북특별자치도 전주시 완산구 거마남로 62-1,127.1236696,35.79516906,['삼천2동'],['5211170200']
전북특별자치도 전주시 완산구 용리로 86,127.1192715,35.79848285,['삼천2동'],['5211170200']
전북특별자치도 전주시 완산구 서신천변10길 8-4,127.1149141,35.82941595,['서신동'],['5211168000']
전북특별자치도 전주시 덕진구 추천로 19-17,127.0999353,35.84168032,['팔복동'],['5211360000']
전북특별자치도 전주시 완산구 중산7길 15-5,127.1187525,35.81728514,['중화산2동'],['5211167200']
전북특별자치도 전주시 완산구 거마산1길 13,127.1216362,35.79735039,['삼천2동'],['5211170200']
전북특별자치도 전주시 완산구 솟대2길 47-6,127.1207362,35.7940195,['삼천2동'],['5211170200']
전북특별자치도 전주시 완산구 전주천서로 141-7,127.1455793,35.81095988,['완산동'],['5211163500']
전북특별자치도 전주시 완산구 하거마4길 19,127.1183412,35.79509187,['삼천2동'],['5211170200']
전북특별자치도 전주시 완산구 하거마4길 8-4,127.1191182,35.79545908,['삼천2동'],['5211170200']
전북특별자치도 전주시 완산구 서신천변로 34,127.114327,35.82833977,['서신동'],['5211168000']
전북특별자치도 전주시 완산구 하거마4길 14-6,127.1187774,35.79560047,['삼천2동'],['5211170200']
전북특별자치도 전주시 완산구 서신천변로 40,127.1143432,35.82880174,['서신동'],['5211168000']
전북특별자치도 전주시 완산구 따박골로 57-8,127.1260499,35.81151666,['중화산1동'],['5211167100']
전북특별자치도 전주시 완산구 솟대1길 50-6,127.1209633,35.79381856,['삼천2동'],['5211170200']
전북특별자치도 전주시 덕진구 팔복3길 15,127.1041063,35.85047133,['팔복동'],['5211360000']
전북특별자치도 전주시 완산구 솟대1길 24-3,127.1236277,35.79423089,['삼천2동'],['5211170200']
전북특별자치도 전주시 덕진구 호반6길 10-4,127.1176224,35.85050013,['덕진동'],['5211357000']
전북특별자치도 전주시 완산구 솟대1길 18-4,127.1245071,35.79444024,['삼천2동'],['5211170200']
전북특별자치도 전주시 덕진구 호반8길 24,127.116843,35.85244697,['덕진동'],['5211357000']
전북특별자치도 전주시 완산구 하거마6길 8-3,127.1189144,35.79719882,['삼천2동'],['5211170200']
전북특별자치도 전주시 완산구 송정1길 11,127.118741,35.79897204,['삼천1동'],['5211170100']
전북특별자치도 전주시 완산구 하거마6길 34-4,127.1176823,35.79730385,['삼천2동'],['5211170200']
전북특별자치도 전주시 덕진구 모래내10길 9,127.1433398,35.8375326,['금암2동'],['5211359000']
전북특별자치도 전주시 완산구 거마남로 13-1,127.1183469,35.79492981,['삼천2동'],['5211170200']
전북특별자치도 전주시 완산구 거마중앙로 30,127.1200892,35.79640129,['삼천2동'],['5211170200']
전북특별자치도 전주시 완산구 상거마2길 9,127.1198617,35.79590033,['삼천2동'],['5211170200']
전북특별자치도 전주시 덕진구 금암5길 19,127.1360616,35.83892909,['금암1동'],['5211358000']
전북특별자치도 전주시 완산구 거마산1길 11,127.1216871,35.79753852,['삼천2동'],['5211170200']
,127.1613407,35.80855747,['동서학동'],['5211165000']
전북특별자치도 전주시 완산구 인정3길 15-11,127.1187092,35.81956645,['중화산2동'],['5211167200']
전북특별자치도 전주시 완산구 하거마6길 6,127.1191224,35.79702557,['삼천2동'],['5211170200']
전북특별자치도 전주시 완산구 서신천변7길 13,127.1130749,35.82849372,['서신동'],['5211168000']
전북특별자치도 전주시 완산구 효동2길 21-6,127.1270875,35.80435099,['효자1동'],['5211171100']
전북특별자치도 전주시 완산구 거마산2길 21-6,127.1226906,35.79589486,['삼천2동'],['5211170200']
전북특별자치도 전주시 완산구 하거마3길 33-5,127.117677,35.794064,['삼천2동'],['5211170200']
전북특별자치도 전주시 완산구 하거마7길 35-3,127.11768,35.79797539,['삼천2동'],['5211170200']
전북특별자치도 전주시 완산구 거마산2길 3-15,127.1253989,35.79622012,['삼천2동'],['5211170200']
전북특별자치도 전주시 완산구 서신천변7길 22,127.1126865,35.82868344,['서신동'],['5211168000']
전북특별자치도 전주시 완산구 송정1길 16,127.118119,35.79915002,['삼천1동'],['5211170100']
전북특별자치도 전주시 완산구 거마남로 30,127.1199294,35.79470356,['삼천2동'],['5211170200']
전북특별자치도 전주시 완산구 서신천변13길 10-1,127.1128719,35.83074336,['서신동'],['5211168000']
전북특별자치도 전주시 완산구 선너머1길 18-3,127.1280365,35.81328302,['중화산1동'],['5211167100']
전북특별자치도 전주시 완산구 황학1길 10,127.1569304,35.80798406,['동서학동'],['5211165000']
전북특별자치도 전주시 완산구 하거마4길 33,127.1175638,35.79509227,['삼천2동'],['5211170200']
전북특별자치도 전주시 완산구 서신천변13길 10-5,127.1128828,35.83099805,['서신동'],['5211168000']
전북특별자치도 전주시 완산구 하거마2길 10-6,127.1191188,35.79376381,['삼천2동'],['5211170200']
전북특별자치도 전주시 완산구 거마중앙로 72,127.122837,35.79420781,['삼천2동'],['5211170200']
전북특별자치도 전주시 완산구 송정2길 24-6,127.1177595,35.80035771,['삼천1동'],['5211170100']
전북특별자치도 전주시 완산구 황학5길 8-4,127.1598568,35.8079327,['동서학동'],['5211165000']
전북특별자치도 전주시 완산구 송정2길 23-8,127.1174588,35.79944394,['삼천1동'],['5211170100']
전북특별자치도 전주시 완산구 중산1길 11,127.1193058,35.81433161,['중화산2동'],['5211167200']
전북특별자치도 전주시 완산구 서신천변15길 19,127.1122718,35.83175631,['서신동'],['5211168000']
전북특별자치도 전주시 완산구 만지길 20-8,127.0910357,35.82058603,['효자5동'],['5211173000']
전북특별자치도 전주시 완산구 솟대1길 49-1,127.1209577,35.79323437,['삼천2동'],['5211170200']
전북특별자치도 전주시 덕진구 백동3길 5-2,127.1477929,35.8478885,['인후2동'],['5211355000']
전북특별자치도 전주시 완산구 거마평로 64,127.1170538,35.79816004,['삼천2동'],['5211170200']
전북특별자치도 전주시 완산구 거마중앙로 27,127.1197914,35.79665142,['삼천2동'],['5211170200']
전북특별자치도 전주시 완산구 하거마2길 10-3,127.1189111,35.7935706,['삼천2동'],['5211170200']
전북특별자치도 전주시 완산구 솟대2길 17-2,127.1241346,35.79488676,['삼천2동'],['5211170200']
전북특별자치도 전주시 완산구 솟대1길 38,127.1224669,35.79377549,['삼천2동'],['5211170200']
전북특별자치도 전주시 완산구 효동3길 30-1,127.1293912,35.80365041,['효자1동'],['5211171100']
전북특별자치도 전주시 덕진구 장재안길 5,127.159734,35.85187885,['우아1동'],['5211361100']
전북특별자치도 전주시 완산구 중산1길 12-8,127.1192598,35.8150943,['중화산2동'],['5211167200']
전북특별자치도 전주시 완산구 산월2길 37-5,127.1189493,35.81358626,['중화산2동'],['5211167200']
전북특별자치도 전주시 완산구 상거마3길 24,127.1207374,35.79602473,['삼천2동'],['5211170200']
전북특별자치도 전주시 완산구 하거마3길 18,127.1184674,35.7945152,['삼천2동'],['5211170200']
전북특별자치도 전주시 완산구 메너머1길 14-11,127.120479,35.8212532,['중화산2동'],['5211167200']
전북특별자치도 전주시 완산구 솟대2길 45-4,127.1210892,35.79415326,['삼천2동'],['5211170200']
전북특별자치도 전주시 덕진구 매봉6길 10-4,127.1399696,35.84133789,['금암2동'],['5211359000']
전북특별자치도 전주시 완산구 거마산로 20-5,127.1235415,35.79755799,['삼천2동'],['5211170200']
전북특별자치도 전주시 완산구 서신천변12길 8,127.1150418,35.82998263,['서신동'],['5211168000']
전북특별자치도 전주시 완산구 거마평로 12,127.1170537,35.79338442,['삼천2동'],['5211170200']
전북특별자치도 전주시 완산구 솟대1길 60-5,127.1197178,35.79350284,['삼천2동'],['5211170200']
전북특별자치도 전주시 완산구 한두평2길 18-6,127.1248898,35.81323451,['중화산1동'],['5211167100']
전북특별자치도 전주시 완산구 거마평로 6,127.1170554,35.79301562,['삼천2동'],['5211170200']
전북특별자치도 전주시 완산구 거마산로 20-18,127.1234317,35.79728628,['삼천2동'],['5211170200']
전북특별자치도 전주시 완산구 중산7길 15-3,127.1187467,35.8174224,['중화산2동'],['5211167200']
전북특별자치도 전주시 완산구 상거마2길 5,127.119699,35.79588985,['삼천2동'],['5211170200']
전북특별자치도 전주시 완산구 백마산길 13-6,127.0917878,35.81725891,['효자4동'],['5211171400']
전북특별자치도 전주시 덕진구 건지3길 10-29,127.1447981,35.84544758,['인후2동'],['5211355000']
전북특별자치도 전주시 완산구 중산9길 7-5,127.1195435,35.81823049,['중화산2동'],['5211167200']
전북특별자치도 전주시 완산구 어은로 37-7,127.1265218,35.81798181,['중화산2동'],['5211167200']
전북특별자치도 전주시 완산구 솟대1길 38-4,127.1223974,35.7939368,['삼천2동'],['5211170200']
전북특별자치도 전주시 완산구 상거마4길 9,127.1202349,35.79713514,['삼천2동'],['5211170200']
전북특별자치도 전주시 완산구 상거마1길 3,127.1196885,35.79556171,['삼천2동'],['5211170200']
전북특별자치도 전주시 완산구 서신천변15길 3-6,127.1135711,35.83136061,['서신동'],['5211168000']
전북특별자치도 전주시 완산구 메너머2길 19-4,127.1206357,35.82213159,['중화산2동'],['5211167200']
전북특별자치도 전주시 완산구 하거마7길 15-7,127.1187772,35.79765905,['삼천2동'],['5211170200']
전북특별자치도 전주시 완산구 거마산로 20-10,127.123015,35.79721875,['삼천2동'],['5211170200']
전북특별자치도 전주시 완산구 서신천변15길 3-8,127.1136533,35.83124003,['서신동'],['5211168000']
전북특별자치도 전주시 완산구 솟대2길 3-3,127.125773,35.79509928,['삼천2동'],['5211170200']
전북특별자치도 전주시 완산구 거마산로 8-4,127.12256,35.79670036,['삼천2동'],['5211170200']
전북특별자치도 전주시 완산구 인정4길 4-6,127.1205118,35.82012956,['중화산2동'],['5211167200']
전북특별자치도 전주시 완산구 거마산로 11-4,127.1223008,35.79743768,['삼천2동'],['5211170200']
전북특별자치도 전주시 완산구 솟대1길 48-3,127.1211605,35.79366083,['삼천2동'],['5211170200']
전북특별자치도 전주시 완산구 산월2길 19-16,127.1200728,35.8138018,['중화산2동'],['5211167200']
전북특별자치도 전주시 완산구 거마남로 11,127.1180737,35.79493062,['삼천2동'],['5211170200']
전북특별자치도 전주시 완산구 서신천변7길 16-1,127.1128522,35.82879702,['서신동'],['5211168000']
전북특별자치도 전주시 완산구 중산7길 16-9,127.1185216,35.81845547,['중화산2동'],['5211167200']
전북특별자치도 전주시 완산구 서신천변9길 3-6,127.1136589,35.82946473,['서신동'],['5211168000']
전북특별자치도 전주시 완산구 서신천변로 37,127.1140426,35.82867973,['서신동'],['5211168000']
전북특별자치도 전주시 완산구 서신천변8길 11-3,127.1153142,35.82880018,['서신동'],['5211168000']
전북특별자치도 전주시 완산구 서신천변10길 6,127.1147518,35.82969135,['서신동'],['5211168000']
전북특별자치도 전주시 완산구 서신천변13길 4,127.1138972,35.83061198,['서신동'],['5211168000']
전북특별자치도 전주시 완산구 하거마4길 42-6,127.1172931,35.7956003,['삼천2동'],['5211170200']
전북특별자치도 전주시 완산구 태평3길 6,127.1427568,35.82260665,['중앙동'],['5211151000']
전북특별자치도 전주시 완산구 거마남로 15,127.1184784,35.79493329,['삼천2동'],['5211170200']
전북특별자치도 전주시 완산구 중산10길 12-5,127.1215922,35.81826305,['중화산2동'],['5211167200']
전북특별자치도 전주시 완산구 효동3길 30-3,127.1292732,35.80360106,['효자1동'],['5211171100']
전북특별자치도 전주시 완산구 하거마4길 36,127.1174561,35.79530264,['삼천2동'],['5211170200']
전북특별자치도 전주시 완산구 서신천변4길 6,127.1147367,35.8277897,['서신동'],['5211168000']
전북특별자치도 전주시 덕진구 들사평1길 21-10,127.1221507,35.83872998,['덕진동'],['5211357000']
전북특별자치도 전주시 덕진구 숲정이2길 24-4,127.1310272,35.83042302,['진북동'],['5211352500']
전북특별자치도 전주시 완산구 안터6길 11,127.1178391,35.83149142,['서신동'],['5211168000']
전북특별자치도 전주시 덕진구 매봉4길 9,127.1399513,35.84170554,['금암2동'],['5211359000']
전북특별자치도 전주시 완산구 거마산1길 9-4,127.1218216,35.79744754,['삼천2동'],['5211170200']
전북특별자치도 전주시 완산구 서신천변10길 12,127.1153199,35.82968431,['서신동'],['5211168000']
전북특별자치도 전주시 완산구 거마산로 19-4,127.12272,35.7979708,['삼천2동'],['5211170200']
전북특별자치도 전주시 완산구 하거마4길 8-6,127.1191283,35.79560012,['삼천2동'],['5211170200']
전북특별자치도 전주시 완산구 솟대1길 40,127.122122,35.79370023,['삼천2동'],['5211170200']
전북특별자치도 전주시 완산구 서신천변5길 5,127.1136374,35.82809637,['서신동'],['5211168000']
전북특별자치도 전주시 완산구 서신천변로 28,127.1143336,35.82764643,['서신동'],['5211168000']
전북특별자치도 전주시 완산구 전룡3길 4-3,127.1186004,35.82575695,['서신동'],['5211168000']
전북특별자치도 전주시 완산구 관선4길 32-10,127.155703,35.82205559,['노송동'],['5211160500']
전북특별자치도 전주시 완산구 중화산로 138-26,127.1201267,35.82265762,['중화산2동'],['5211167200']
전북특별자치도 전주시 완산구 서신천변4길 11,127.115169,35.82795638,['서신동'],['5211168000']
전북특별자치도 전주시 완산구 송정2길 23-5,127.1176831,35.79963046,['삼천1동'],['5211170100']
전북특별자치도 전주시 완산구 안터4길 14-1,127.1174363,35.82954626,['서신동'],['5211168000']
전북특별자치도 전주시 완산구 하거마5길 39,127.117295,35.79602173,['삼천2동'],['5211170200']
전북특별자치도 전주시 완산구 전룡로 2,127.1135188,35.82581215,['서신동'],['5211168000']
전북특별자치도 전주시 덕진구 야전2길 37,127.1049085,35.86145251,['팔복동'],['5211360000']
전북특별자치도 전주시 완산구 서신천변7길 24-1,127.1127108,35.82895722,['서신동'],['5211168000']
전북특별자치도 전주시 완산구 서신천변5길 11-10,127.1127031,35.82782858,['서신동'],['5211168000']
전북특별자치도 전주시 완산구 하거마1길 26,127.118222,35.79300628,['삼천2동'],['5211170200']
전북특별자치도 전주시 완산구 감나무3길 6,127.1221235,35.83079335,['서신동'],['5211168000']
전북특별자치도 전주시 완산구 서신천변7길 6-3,127.1136526,35.82880627,['서신동'],['5211168000']
전북특별자치도 전주시 덕진구 사평로 5-11,127.1178434,35.83893364,['덕진동'],['5211357000']
전북특별자치도 전주시 완산구 서신천변11길 7,127.113517,35.83003419,['서신동'],['5211168000']
전북특별자치도 전주시 완산구 하거마2길 12,127.1189041,35.79340306,['삼천2동'],['5211170200']
전북특별자치도 전주시 완산구 서신천변로 49,127.1140543,35.82954123,['서신동'],['5211168000']
전북특별자치도 전주시 완산구 서신천변3길 3,127.1138738,35.82778989,['서신동'],['5211168000']
전북특별자치도 전주시 완산구 서신천변10길 8-2,127.1149128,35.82953681,['서신동'],['5211168000']
전북특별자치도 전주시 완산구 서신천변13길 9,127.1132932,35.83044357,['서신동'],['5211168000']
전북특별자치도 전주시 완산구 서신천변3길 3-6,127.1136494,35.82760724,['서신동'],['5211168000']
전북특별자치도 전주시 완산구 솟대2길 57-7,127.1198651,35.79385824,['삼천2동'],['5211170200']
전북특별자치도 전주시 완산구 메너머2길 19-6,127.1206447,35.82199594,['중화산2동'],['5211167200']
전북특별자치도 전주시 완산구 관선5길 24-6,127.1570171,35.82107376,['노송동'],['5211160500']
전북특별자치도 전주시 완산구 서신천변11길 6,127.113649,35.83027353,['서신동'],['5211168000']
전북특별자치도 전주시 완산구 서신천변7길 21,127.1124796,35.82859288,['서신동'],['5211168000']
전북특별자치도 전주시 덕진구 솔내5길 14-5,127.1221633,35.85695958,['송천1동'],['5211364100']
전북특별자치도 전주시 완산구 하거마6길 12,127.1187758,35.79702258,['삼천2동'],['5211170200']
전북특별자치도 전주시 덕진구 숲정이3길 27-3,127.1313629,35.83121549,['진북동'],['5211352500']
전북특별자치도 전주시 완산구 용머리로 284,127.1391473,35.81156639,['완산동'],['5211163500']
전북특별자치도 전주시 완산구 산월2길 37-7,127.1190328,35.81358798,['중화산2동'],['5211167200']
전북특별자치도 전주시 완산구 백마산길 63-6,127.0859928,35.81668918,['효자4동'],['5211171400']
전북특별자치도 전주시 완산구 서신천변15길 11-5,127.1130973,35.83136718,['서신동'],['5211168000']
전북특별자치도 전주시 완산구 전주객사1길 80-1,127.1385845,35.81983782,['중앙동'],['5211151000']
전북특별자치도 전주시 완산구 서신천변9길 3-8,127.113663,35.82934441,['서신동'],['5211168000']
전북특별자치도 전주시 완산구 서신천변로 17,127.1140376,35.82691119,['서신동'],['5211168000']
전북특별자치도 전주시 완산구 서신천변로 19,127.1140434,35.82703214,['서신동'],['5211168000']
전북특별자치도 전주시 완산구 서신천변6길 6,127.1144732,35.82810314,['서신동'],['5211168000']
전북특별자치도 전주시 완산구 서신천변2길 8-1,127.1150094,35.82648235,['서신동'],['5211168000']
전북특별자치도 전주시 덕진구 붓내5길 9,127.1223327,35.8688264,['송천1동'],['5211364100']
전북특별자치도 전주시 완산구 서신천변5길 13,127.1127034,35.82812059,['서신동'],['5211168000']
전북특별자치도 전주시 완산구 덕적골1길 18-5,127.1381577,35.79594054,['평화1동'],['5211169100']
전북특별자치도 전주시 완산구 서신천변4길 4-6,127.114494,35.8275374,['서신동'],['5211168000']
전북특별자치도 전주시 완산구 송정1길 17,127.1180725,35.79898469,['삼천1동'],['5211170100']
전북특별자치도 전주시 완산구 당산로 34-11,127.1122775,35.83112786,['서신동'],['5211168000']
전북특별자치도 전주시 완산구 중산9길 3-5,127.1199481,35.81828624,['중화산2동'],['5211167200']
전북특별자치도 전주시 완산구 서신천변5길 9,127.1132292,35.82810612,['서신동'],['5211168000']
전북특별자치도 전주시 완산구 곤지산2길 3-8,127.1452433,35.80990861,['완산동'],['5211163500']
전북특별자치도 전주시 완산구 서신천변2길 6,127.1147395,35.82645241,['서신동'],['5211168000']
전북특별자치도 전주시 완산구 풍남문5길 21-9,127.1417406,35.81368096,['중앙동'],['5211151000']
전북특별자치도 전주시 완산구 서학로 104-8,127.1609218,35.80854063,['동서학동'],['5211165000']
전북특별자치도 전주시 완산구 거마중앙로 5,127.1174403,35.79665563,['삼천2동'],['5211170200']
전북특별자치도 전주시 완산구 서신천변9길 6-1,127.1134983,35.82986828,['서신동'],['5211168000']
전북특별자치도 전주시 덕진구 매봉2길 15,127.1395296,35.84185681,['금암2동'],['5211359000']
전북특별자치도 전주시 덕진구 팔복2길 20-1,127.1042468,35.84877738,['팔복동'],['5211360000']
전북특별자치도 전주시 덕진구 안골3길 20-4,127.1573311,35.84035216,['인후1동'],['5211354000']
전북특별자치도 전주시 완산구 서신천변1길 41,127.1127828,35.82771936,['서신동'],['5211168000']
전북특별자치도 전주시 덕진구 추천4길 19,127.1083988,35.85107353,['팔복동'],['5211360000']
전북특별자치도 전주시 덕진구 솔내2길 33-14,127.1212124,35.85533027,['송천1동'],['5211364100']
전북특별자치도 전주시 덕진구 안골5길 7-8,127.1550153,35.84321612,['우아1동'],['5211361100']
전북특별자치도 전주시 완산구 전룡2길 12-4,127.1176359,35.82626251,['서신동'],['5211168000']
전북특별자치도 전주시 완산구 서신천변13길 5-1,127.1136587,35.83042745,['서신동'],['5211168000']
전북특별자치도 전주시 완산구 서신천변10길 1,127.1144855,35.82986095,['서신동'],['5211168000']
전북특별자치도 전주시 완산구 서신천변1길 11,127.1134507,35.82647392,['서신동'],['5211168000']
전북특별자치도 전주시 덕진구 숲정이1길 10,127.1295341,35.83047313,['진북동'],['5211352500']
전북특별자치도 전주시 완산구 전룡1길 8-2,127.1164187,35.82578071,['서신동'],['5211168000']
전북특별자치도 전주시 완산구 전룡1길 8-4,127.1165437,35.82577906,['서신동'],['5211168000']
전북특별자치도 전주시 덕진구 매봉4길 12,127.1397561,35.84198389,['금암2동'],['5211359000']
전북특별자치도 전주시 완산구 서신천변5길 11-2,127.1128545,35.82812342,['서신동'],['5211168000']
전북특별자치도 전주시 완산구 서신천변10길 2,127.1143342,35.82967723,['서신동'],['5211168000']
전북특별자치도 전주시 덕진구 매봉4길 7-1,127.14004,35.84148859,['금암2동'],['5211359000']
전북특별자치도 전주시 덕진구 들사평로 21,127.1223521,35.83867345,['덕진동'],['5211357000']
전북특별자치도 전주시 완산구 서신천변8길 8-1,127.1150327,35.82847943,['서신동'],['5211168000']
전북특별자치도 전주시 완산구 서신천변로 4-5,127.1147357,35.8258054,['서신동'],['5211168000']
전북특별자치도 전주시 완산구 서신천변9길 10,127.1132338,35.82986997,['서신동'],['5211168000']
전북특별자치도 전주시 덕진구 건지2길 13,127.1411155,35.84442651,['금암2동'],['5211359000']
전북특별자치도 전주시 완산구 전룡2길 11-3,127.1171025,35.82613019,['서신동'],['5211168000']
전북특별자치도 전주시 완산구 서신천변1길 3,127.1139356,35.826359,['서신동'],['5211168000']
전북특별자치도 전주시 완산구 서신천변15길 11-2,127.112877,35.83161316,['서신동'],['5211168000']
전북특별자치도 전주시 완산구 서신천변4길 12-6,127.115301,35.82741046,['서신동'],['5211168000']
전북특별자치도 전주시 완산구 전룡2길 4-5,127.117622,35.82573295,['서신동'],['5211168000']
전북특별자치도 전주시 덕진구 하가3길 14-1,127.1137095,35.84790621,['덕진동'],['5211357000']
전북특별자치도 전주시 완산구 서신천변7길 11,127.1133711,35.82849416,['서신동'],['5211168000']
전북특별자치도 전주시 완산구 서신천변3길 7,127.1133723,35.82777721,['서신동'],['5211168000']
전북특별자치도 전주시 완산구 서신천변3길 5-1,127.1135051,35.82777708,['서신동'],['5211168000']
전북특별자치도 전주시 덕진구 기린대로 458-8,127.1277322,35.84174231,['덕진동'],['5211357000']
전북특별자치도 전주시 완산구 서신천변15길 3-3,127.113904,35.83152847,['서신동'],['5211168000']
전북특별자치도 전주시 완산구 서신천변9길 3,127.113886,35.82969109,['서신동'],['5211168000']
전북특별자치도 전주시 완산구 서신천변13길 3,127.1139279,35.83042918,['서신동'],['5211168000']
전북특별자치도 전주시 완산구 감나무3길 4-3,127.1221323,35.83093385,['서신동'],['5211168000']
전북특별자치도 전주시 덕진구 매봉2길 19,127.1393628,35.84154553,['금암2동'],['5211359000']
전북특별자치도 전주시 완산구 서신천변6길 9,127.1146031,35.82834113,['서신동'],['5211168000']
전북특별자치도 전주시 덕진구 상리로 15,127.1025194,35.84996159,['팔복동'],['5211360000']
전북특별자치도 전주시 덕진구 오매오산길 53-4,127.13614,35.88755244,['호성동'],['5211362000']
전북특별자치도 전주시 완산구 서신천변13길 8-1,127.1132585,35.83061187,['서신동'],['5211168000']
전북특별자치도 전주시 완산구 메너머2길 10-3,127.1215405,35.82265116,['중화산2동'],['5211167200']
전북특별자치도 전주시 완산구 전주천서로 209-2,127.138787,35.81309733,['완산동'],['5211163500']
전북특별자치도 전주시 완산구 서신천변13길 4-8,127.1138926,35.83086723,['서신동'],['5211168000']
전북특별자치도 전주시 완산구 현무2길 64,127.1495601,35.82225978,['풍남동'],['5211153000']
전북특별자치도 전주시 완산구 메너머1길 17,127.1209358,35.82082825,['중화산2동'],['5211167200']
전북특별자치도 전주시 완산구 중산5길 4-6,127.1206685,35.81561013,['중화산2동'],['5211167200']
전북특별자치도 전주시 완산구 서신천변11길 8-1,127.1133807,35.83027639,['서신동'],['5211168000']
전북특별자치도 전주시 완산구 서신천변7길 11-1,127.1132211,35.82849935,['서신동'],['5211168000']
전북특별자치도 전주시 완산구 솟대2길 19-3,127.124054,35.79465999,['삼천2동'],['5211170200']
전북특별자치도 전주시 완산구 우목길 30,127.0984601,35.77880959,['삼천3동'],['5211170300']
전북특별자치도 전주시 완산구 서신천변7길 10-4,127.1134922,35.82880336,['서신동'],['5211168000']
전북특별자치도 전주시 완산구 서신천변6길 8,127.1146083,35.82810247,['서신동'],['5211168000']
전북특별자치도 전주시 완산구 서신천변15길 7-6,127.1132691,35.83135999,['서신동'],['5211168000']
전북특별자치도 전주시 완산구 안터1길 20-4,127.1162846,35.82739401,['서신동'],['5211168000']
전북특별자치도 전주시 덕진구 하가5길 2-7,127.1132183,35.84731031,['덕진동'],['5211357000']
전북특별자치도 전주시 완산구 서신천변로 48,127.1143437,35.82953816,['서신동'],['5211168000']
전북특별자치도 전주시 완산구 서신천변8길 2,127.1143174,35.82848939,['서신동'],['5211168000']
전북특별자치도 전주시 완산구 감나무3길 12-4,127.1216574,35.83094668,['서신동'],['5211168000']
전북특별자치도 전주시 완산구 서신천변8길 12,127.1153151,35.82849574,['서신동'],['5211168000']
전북특별자치도 전주시 덕진구 신복천변2길 9-7,127.1081751,35.85738225,['팔복동'],['5211360000']
전북특별자치도 전주시 완산구 전룡2길 4-13,127.1178866,35.82587031,['서신동'],['5211168000']
전북특별자치도 전주시 완산구 서신천변15길 7-4,127.1132676,35.8314841,['서신동'],['5211168000']
전북특별자치도 전주시 완산구 서신천변15길 7-3,127.1134908,35.83149037,['서신동'],['5211168000']
전북특별자치도 전주시 완산구 관선2길 14,127.1556266,35.82001848,['노송동'],['5211160500']
전북특별자치도 전주시 완산구 따박골6길 38,127.1284696,35.81010678,['중화산1동'],['5211167100']
전북특별자치도 전주시 완산구 따박골6길 38,127.1284696,35.81010678,['중화산1동'],['5211167100']
전북특별자치도 전주시 덕진구 용소로 105-2,127.1200337,35.86390085,['송천2동'],['5211364200']
전북특별자치도 전주시 완산구 서신천변3길 3-3,127.1138695,35.82764227,['서신동'],['5211168000']
전북특별자치도 전주시 완산구 서신천변4길 9,127.1150296,35.8279558,['서신동'],['5211168000']
전북특별자치도 전주시 완산구 서신천변11길 10,127.1132339,35.8302741,['서신동'],['5211168000']
전북특별자치도 전주시 덕진구 팔복5길 41,127.1055413,35.85052694,['팔복동'],['5211360000']
전북특별자치도 전주시 완산구 감나무로 62-8,127.1195752,35.83174936,['서신동'],['5211168000']
전북특별자치도 전주시 완산구 메너머3길 22-4,127.1204636,35.82420646,['중화산2동'],['5211167200']
전북특별자치도 전주시 덕진구 하가3길 20-5,127.1133582,35.84745186,['덕진동'],['5211357000']
전북특별자치도 전주시 덕진구 들사평1길 48-6,127.1230443,35.83661193,['덕진동'],['5211357000']
전북특별자치도 전주시 완산구 감나무로 62-6,127.119457,35.83175263,['서신동'],['5211168000']
전북특별자치도 전주시 완산구 서신천변8길 11-5,127.1153094,35.82892736,['서신동'],['5211168000']
전북특별자치도 전주시 완산구 중산7길 15-12,127.118532,35.81681742,['중화산2동'],['5211167200']
전북특별자치도 전주시 덕진구 건산로 112-3,127.1492373,35.8325813,['인후2동'],['5211355000']
전북특별자치도 전주시 완산구 안터6길 37-4,127.1170311,35.83003676,['서신동'],['5211168000']
전북특별자치도 전주시 완산구 서신천변로 38,127.1143431,35.82867539,['서신동'],['5211168000']
전북특별자치도 전주시 완산구 안터4길 26-20,127.1164453,35.82988376,['서신동'],['5211168000']
전북특별자치도 전주시 완산구 효자천변1길 26-11,127.1141149,35.79943085,['효자3동'],['5211171300']
전북특별자치도 전주시 완산구 서신천변6길 20,127.1153111,35.82811388,['서신동'],['5211168000']
전북특별자치도 전주시 완산구 서신천변2길 10,127.1151402,35.82651863,['서신동'],['5211168000']
전북특별자치도 전주시 완산구 효자천변1길 34,127.1148116,35.80025854,['효자3동'],['5211171300']
전북특별자치도 전주시 완산구 안터6길 9,127.1180809,35.83152912,['서신동'],['5211168000']
전북특별자치도 전주시 완산구 서신천변8길 11,127.1153043,35.82867104,['서신동'],['5211168000']
전북특별자치도 전주시 완산구 안터2길 39,127.1162981,35.82813699,['서신동'],['5211168000']
전북특별자치도 전주시 완산구 서신천변2길 8,127.11487,35.82648005,['서신동'],['5211168000']
전북특별자치도 전주시 완산구 전룡1길 4-5,127.1166681,35.82576515,['서신동'],['5211168000']
전북특별자치도 전주시 완산구 서신천변9길 5,127.1136592,35.82969482,['서신동'],['5211168000']
전북특별자치도 전주시 완산구 거마남로 22,127.1191395,35.79470723,['삼천2동'],['5211170200']
전북특별자치도 전주시 완산구 하거마4길 17,127.1184671,35.79511139,['삼천2동'],['5211170200']
전북특별자치도 전주시 완산구 감나무3길 8-4,127.1219838,35.83092958,['서신동'],['5211168000']
전북특별자치도 전주시 완산구 효자천변1길 26-7,127.1141281,35.79975142,['효자3동'],['5211171300']
전북특별자치도 전주시 완산구 서신천변6길 13,127.1148854,35.828335,['서신동'],['5211168000']
전북특별자치도 전주시 완산구 서신천변6길 21,127.115312,35.82833487,['서신동'],['5211168000']
전북특별자치도 전주시 완산구 효자천변1길 36-4,127.1149364,35.80006564,['효자3동'],['5211171300']
전북특별자치도 전주시 완산구 서신천변5길 8,127.1133636,35.82834051,['서신동'],['5211168000']
전북특별자치도 전주시 완산구 감나무4길 7-5,127.1219852,35.83121005,['서신동'],['5211168000']
전북특별자치도 전주시 완산구 서신천변3길 3-9,127.1138645,35.82739777,['서신동'],['5211168000']
전북특별자치도 전주시 덕진구 반태산3길 26,127.1492288,35.83060269,['인후2동'],['5211355000']
전북특별자치도 전주시 완산구 효자천변1길 36-8,127.1149396,35.79974623,['효자3동'],['5211171300']
전북특별자치도 전주시 덕진구 금암3길 4-2,127.1385311,35.84167348,['금암1동'],['5211358000']
전북특별자치도 전주시 덕진구 삼송3길 9,127.1350345,35.84226111,['금암1동'],['5211358000']
전북특별자치도 전주시 완산구 서신천변7길 5,127.1137678,35.8284973,['서신동'],['5211168000']
전북특별자치도 전주시 완산구 서신천변로 42,127.1143396,35.82904824,['서신동'],['5211168000']
전북특별자치도 전주시 덕진구 석소4길 4,127.1718237,35.83383335,['우아2동'],['5211361200']
전북특별자치도 전주시 완산구 따박골5길 39,127.1273677,35.80951375,['중화산1동'],['5211167100']
전북특별자치도 전주시 완산구 서신천변2길 2-1,127.1144668,35.82641527,['서신동'],['5211168000']
전북특별자치도 전주시 완산구 서신천변2길 7,127.1148859,35.82666353,['서신동'],['5211168000']
전북특별자치도 전주시 덕진구 명주3길 42,127.1479295,35.84184784,['인후2동'],['5211355000']
전북특별자치도 전주시 덕진구 들사평1길 48-18,127.122432,35.8367518,['덕진동'],['5211357000']
전북특별자치도 전주시 완산구 서신천변7길 3,127.1139203,35.82849752,['서신동'],['5211168000']
전북특별자치도 전주시 완산구 관선4길 52-5,127.1568766,35.82187643,['노송동'],['5211160500']
전북특별자치도 전주시 덕진구 호반4길 17-1,127.1186968,35.8507298,['덕진동'],['5211357000']
전북특별자치도 전주시 완산구 호동길 69-23,127.0834143,35.7890589,['삼천3동'],['5211170300']
전북특별자치도 전주시 완산구 물왕멀1길 11-2,127.1499145,35.82601461,['노송동'],['5211160500']
전북특별자치도 전주시 완산구 서신천변12길 12,127.1153238,35.83002454,['서신동'],['5211168000']
전북특별자치도 전주시 완산구 전룡로 6,127.1137029,35.82586253,['서신동'],['5211168000']
전북특별자치도 전주시 완산구 메너머3길 9-6,127.1215635,35.82346578,['중화산2동'],['5211167200']
전북특별자치도 전주시 완산구 메너머2길 37-9,127.1187513,35.8217836,['중화산2동'],['5211167200']
전북특별자치도 전주시 완산구 서신천변1길 8-8,127.1138644,35.82703438,['서신동'],['5211168000']
전북특별자치도 전주시 완산구 메너머2길 21-8,127.1202366,35.82177131,['중화산2동'],['5211167200']
전북특별자치도 전주시 덕진구 매봉4길 6,127.1402194,35.84182915,['금암2동'],['5211359000']
전북특별자치도 전주시 완산구 안터4길 26-8,127.1167272,35.82969611,['서신동'],['5211168000']
전북특별자치도 전주시 완산구 서신천변4길 12,127.1153032,35.82778015,['서신동'],['5211168000']
전북특별자치도 전주시 완산구 효자천변1길 32-5,127.1148022,35.80006369,['효자3동'],['5211171300']
전북특별자치도 전주시 완산구 메너머3길 17-22,127.1206309,35.82286315,['중화산2동'],['5211167200']
전북특별자치도 전주시 완산구 어은로 37-23,127.1270995,35.81815686,['중화산2동'],['5211167200']
전북특별자치도 전주시 완산구 어은로 37-25,127.1269938,35.81825124,['중화산2동'],['5211167200']
전북특별자치도 전주시 완산구 서신천변로 39,127.1140485,35.82885574,['서신동'],['5211168000']
전북특별자치도 전주시 완산구 서신천변로 40-1,127.1143383,35.82892603,['서신동'],['5211168000']
전북특별자치도 전주시 완산구 서신천변11길 9,127.1132413,35.83002913,['서신동'],['5211168000']
전북특별자치도 전주시 덕진구 들사평3길 13-6,127.1230472,35.84080187,['덕진동'],['5211357000']
전북특별자치도 전주시 완산구 안터5길 13,127.1176699,35.83036447,['서신동'],['5211168000']
전북특별자치도 전주시 덕진구 안골5길 11-4,127.1555369,35.84313352,['우아1동'],['5211361100']
전북특별자치도 전주시 완산구 물왕멀4길 14-1,127.1469877,35.82861151,['노송동'],['5211160500']
전북특별자치도 전주시 완산구 서신천변8길 7-6,127.1151349,35.82904334,['서신동'],['5211168000']
전북특별자치도 전주시 완산구 안터4길 14-7,127.1170742,35.82969325,['서신동'],['5211168000']
전북특별자치도 전주시 완산구 서신천변8길 9,127.115138,35.82867319,['서신동'],['5211168000']
전북특별자치도 전주시 완산구 감나무4길 30,127.1196942,35.83175708,['서신동'],['5211168000']
전북특별자치도 전주시 완산구 서신천변4길 3,127.1144652,35.82796346,['서신동'],['5211168000']
전북특별자치도 전주시 완산구 중산5길 4,127.1206538,35.81594217,['중화산2동'],['5211167200']
전북특별자치도 전주시 완산구 감나무3길 4-5,127.1221315,35.83106877,['서신동'],['5211168000']
전북특별자치도 전주시 덕진구 반태산1길 92,127.1508537,35.83064275,['인후2동'],['5211355000']
전북특별자치도 전주시 완산구 서신천변1길 33,127.1129707,35.82733868,['서신동'],['5211168000']
전북특별자치도 전주시 완산구 전룡1길 10-4,127.1165898,35.82608526,['서신동'],['5211168000']
전북특별자치도 전주시 덕진구 호반4길 4,127.118334,35.84957466,['덕진동'],['5211357000']
전북특별자치도 전주시 덕진구 금암2길 11,127.1344639,35.84002826,['금암1동'],['5211358000']
전북특별자치도 전주시 완산구 서신천변8길 7,127.1149042,35.82867756,['서신동'],['5211168000']
전북특별자치도 전주시 완산구 안터6길 15,127.1174928,35.83151897,['서신동'],['5211168000']
전북특별자치도 전주시 완산구 효자천변1길 30-14,127.1142603,35.79942413,['효자3동'],['5211171300']
전북특별자치도 전주시 완산구 서신천변9길 3-3,127.1138846,35.82954391,['서신동'],['5211168000']
전북특별자치도 전주시 완산구 효자천변1길 30-16,127.1142953,35.79922645,['효자3동'],['5211171300']
전북특별자치도 전주시 완산구 서신천변로 4-7,127.1148553,35.82580781,['서신동'],['5211168000']
전북특별자치도 전주시 덕진구 도당산로 46-8,127.1583269,35.84518393,['우아1동'],['5211361100']
전북특별자치도 전주시 덕진구 명주5길 20-2,127.1505702,35.84421099,['인후2동'],['5211355000']
전북특별자치도 전주시 완산구 메너머4길 29-1,127.119574,35.82472684,['중화산2동'],['5211167200']
전북특별자치도 전주시 완산구 중산8길 20-4,127.1222099,35.81760207,['중화산2동'],['5211167200']
전북특별자치도 전주시 완산구 중화산로 138-24,127.1199881,35.82266443,['중화산2동'],['5211167200']
전북특별자치도 전주시 완산구 전주천서로 213-4,127.1385068,35.81339164,['완산동'],['5211163500']
전북특별자치도 전주시 완산구 중산5길 12-30,127.1214714,35.81483685,['중화산2동'],['5211167200']
전북특별자치도 전주시 완산구 서신천변로 13,127.1140268,35.82654502,['서신동'],['5211168000']
전북특별자치도 전주시 완산구 서신천변4길 8-4,127.1148974,35.8276321,['서신동'],['5211168000']
전북특별자치도 전주시 완산구 효동2길 17-28,127.1281194,35.80508469,['효자1동'],['5211171100']
전북특별자치도 전주시 완산구 효자천변1길 26-13,127.1141169,35.79921932,['효자3동'],['5211171300']
전북특별자치도 전주시 완산구 안행9길 29-13,127.1330627,35.80205261,['효자1동'],['5211171100']
전북특별자치도 전주시 완산구 메너머3길 21,127.1204645,35.82374529,['중화산2동'],['5211167200']
전북특별자치도 전주시 완산구 전룡로 30,127.1165448,35.82630125,['서신동'],['5211168000']
전북특별자치도 전주시 완산구 중산8길 16-3,127.1220498,35.81755302,['중화산2동'],['5211167200']
전북특별자치도 전주시 완산구 전룡로 40,127.1172967,35.82642732,['서신동'],['5211168000']
전북특별자치도 전주시 완산구 효자천변1길 32-6,127.1146093,35.80006379,['효자3동'],['5211171300']
전북특별자치도 전주시 덕진구 중상보로 37,127.1715347,35.83362936,['우아2동'],['5211361200']
전북특별자치도 전주시 덕진구 팽나무1길 27-11,127.1509965,35.83400967,['인후1동'],['5211354000']
전북특별자치도 전주시 완산구 안터6길 43,127.1163042,35.83004369,['서신동'],['5211168000']
전북특별자치도 전주시 덕진구 안골5길 11-2,127.1556056,35.84298139,['우아1동'],['5211361100']
전북특별자치도 전주시 완산구 서신천변10길 4-4,127.1145182,35.82941371,['서신동'],['5211168000']
전북특별자치도 전주시 덕진구 붓내5길 19-8,127.1230422,35.86943943,['송천1동'],['5211364100']
전북특별자치도 전주시 완산구 서신천변1길 8-6,127.1138646,35.82691334,['서신동'],['5211168000']
전북특별자치도 전주시 완산구 서신천변7길 10-6,127.1134967,35.82891845,['서신동'],['5211168000']
전북특별자치도 전주시 완산구 서신천변8길 10,127.1151665,35.82849309,['서신동'],['5211168000']
전북특별자치도 전주시 완산구 쑥고개로 251-34,127.0930088,35.80166199,['효자4동'],['5211171400']
전북특별자치도 전주시 완산구 효자천변1길 30-12,127.1142645,35.79958221,['효자3동'],['5211171300']
전북특별자치도 전주시 완산구 백마산길 67-3,127.0858909,35.81681868,['효자4동'],['5211171400']
전북특별자치도 전주시 덕진구 금암3길 22,127.1368452,35.84094683,['금암1동'],['5211358000']
전북특별자치도 전주시 완산구 전룡2길 3-4,127.1170419,35.82575776,['서신동'],['5211168000']
전북특별자치도 전주시 덕진구 도당산로 46-1,127.1584466,35.84556284,['우아1동'],['5211361100']
전북특별자치도 전주시 완산구 서신천변4길 12-8,127.1153028,35.82729978,['서신동'],['5211168000']
전북특별자치도 전주시 덕진구 석소3길 12,127.1703043,35.8341378,['우아2동'],['5211361200']
전북특별자치도 전주시 완산구 서신천변9길 3-5,127.1138849,35.82942116,['서신동'],['5211168000']
전북특별자치도 전주시 완산구 서신천변로 4-11,127.1151133,35.82594942,['서신동'],['5211168000']
전북특별자치도 전주시 완산구 서신천변1길 39,127.1128558,35.82763025,['서신동'],['5211168000']
전북특별자치도 전주시 완산구 서신천변4길 5,127.1147483,35.82795724,['서신동'],['5211168000']
전북특별자치도 전주시 완산구 서신천변5길 14,127.1127028,35.82834879,['서신동'],['5211168000']
전북특별자치도 전주시 완산구 서신천변로 46,127.1143443,35.82941802,['서신동'],['5211168000']
전북특별자치도 전주시 완산구 메너머2길 21-4,127.1202311,35.82213064,['중화산2동'],['5211167200']
전북특별자치도 전주시 완산구 안행9길 17,127.1337333,35.80326362,['효자1동'],['5211171100']
전북특별자치도 전주시 완산구 전라감영1길 14-6,127.1408271,35.81524167,['중앙동'],['5211151000']
전북특별자치도 전주시 완산구 어은로 37-21,127.1271326,35.81807742,['중화산2동'],['5211167200']
전북특별자치도 전주시 완산구 서신천변3길 4,127.1139161,35.82796416,['서신동'],['5211168000']
전북특별자치도 전주시 덕진구 들사평5길 10,127.1240792,35.84244461,['덕진동'],['5211357000']
전북특별자치도 전주시 완산구 효자천변1길 32-15,127.1147617,35.79921465,['효자3동'],['5211171300']
전북특별자치도 전주시 완산구 서신천변4길 8-8,127.1148991,35.8273857,['서신동'],['5211168000']
전북특별자치도 전주시 완산구 안터4길 14-17,127.1174476,35.82987593,['서신동'],['5211168000']
전북특별자치도 전주시 완산구 서신천변4길 4-7,127.114729,35.82738568,['서신동'],['5211168000']
전북특별자치도 전주시 완산구 서신천변9길 3-7,127.1138836,35.82929607,['서신동'],['5211168000']
전북특별자치도 전주시 완산구 백마산길 78,127.0863873,35.81816174,['효자4동'],['5211171400']
전북특별자치도 전주시 완산구 백마산길 76,127.0864491,35.81797955,['효자4동'],['5211171400']
전북특별자치도 전주시 덕진구 조경단로 3-4,127.1359635,35.83554317,['금암1동'],['5211358000']
전북특별자치도 전주시 덕진구 사평4길 19,127.1216339,35.84363425,['덕진동'],['5211357000']
전북특별자치도 전주시 완산구 서신천변9길 4,127.1139227,35.82986428,['서신동'],['5211168000']
전북특별자치도 전주시 완산구 중산10길 7,127.1208618,35.8187931,['중화산2동'],['5211167200']
전북특별자치도 전주시 완산구 황학6길 7,127.1602817,35.80817999,['동서학동'],['5211165000']
전북특별자치도 전주시 완산구 서신천변로 4-3,127.114603,35.8258104,['서신동'],['5211168000']
전북특별자치도 전주시 완산구 서신천변로 24,127.1143332,35.82740832,['서신동'],['5211168000']
전북특별자치도 전주시 완산구 메너머3길 17-9,127.1208797,35.82342772,['중화산2동'],['5211167200']
전북특별자치도 전주시 완산구 용리로 57-8,127.116062,35.79905388,['효자3동'],['5211171300']
전북특별자치도 전주시 완산구 서신천변4길 4-5,127.1147316,35.82750915,['서신동'],['5211168000']
전북특별자치도 전주시 완산구 감나무3길 5,127.1221904,35.83061943,['서신동'],['5211168000']
전북특별자치도 전주시 완산구 서신천변3길 10,127.1132212,35.82796851,['서신동'],['5211168000']
전북특별자치도 전주시 완산구 효자천변1길 30-11,127.1144685,35.79959058,['효자3동'],['5211171300']
전북특별자치도 전주시 완산구 서신천변8길 3-5,127.1145096,35.82904492,['서신동'],['5211168000']
전북특별자치도 전주시 덕진구 삼송3길 9-2,127.1350096,35.84246653,['금암1동'],['5211358000']
전북특별자치도 전주시 완산구 중산5길 8-9,127.1212987,35.81539445,['중화산2동'],['5211167200']
전북특별자치도 전주시 완산구 서신천변4길 8-7,127.1151297,35.82740783,['서신동'],['5211168000']
전북특별자치도 전주시 완산구 서신천변8길 7-4,127.1151453,35.82891976,['서신동'],['5211168000']
전북특별자치도 전주시 완산구 서신천변2길 3,127.1144883,35.82659289,['서신동'],['5211168000']
전북특별자치도 전주시 덕진구 반태산1길 85-3,127.1503049,35.83068661,['인후2동'],['5211355000']
전북특별자치도 전주시 완산구 서신천변2길 7-8,127.115127,35.82706301,['서신동'],['5211168000']
전북특별자치도 전주시 완산구 서신천변1길 8-4,127.1138632,35.82679356,['서신동'],['5211168000']
전북특별자치도 전주시 덕진구 안골2길 19,127.1576926,35.83951704,['인후1동'],['5211354000']
전북특별자치도 전주시 완산구 서학로 39-4,127.1541147,35.8098278,['동서학동'],['5211165000']
전북특별자치도 전주시 완산구 백마산길 50-2,127.0880808,35.81668866,['효자4동'],['5211171400']
전북특별자치도 전주시 완산구 서신천변4길 4-8,127.1145007,35.82740248,['서신동'],['5211168000']
전북특별자치도 전주시 완산구 서신천변4길 4-10,127.1145029,35.8272918,['서신동'],['5211168000']
전북특별자치도 전주시 덕진구 안골4길 20-1,127.1571015,35.84163378,['인후1동'],['5211354000']
전북특별자치도 전주시 덕진구 안골4길 20-5,127.1571626,35.84148617,['인후1동'],['5211354000']
전북특별자치도 전주시 완산구 서신천변10길 8-7,127.1151418,35.82916599,['서신동'],['5211168000']
전북특별자치도 전주시 덕진구 석소4길 5-5,127.1712331,35.83374038,['우아2동'],['5211361200']
전북특별자치도 전주시 완산구 중산7길 15-7,127.1187534,35.81712949,['중화산2동'],['5211167200']
전북특별자치도 전주시 덕진구 안골4길 20-3,127.1572469,35.84165621,['인후1동'],['5211354000']
전북특별자치도 전주시 덕진구 안골3길 19-18,127.1573047,35.84150617,['인후1동'],['5211354000']
전북특별자치도 전주시 완산구 서신천변8길 8,127.1148948,35.82847956,['서신동'],['5211168000']
전북특별자치도 전주시 덕진구 모래내8길 24,127.1430918,35.83503803,['금암2동'],['5211359000']
전북특별자치도 전주시 덕진구 반촌로 21-1,127.1459893,35.82902559,['진북동'],['5211352500']
전북특별자치도 전주시 완산구 서신천변2길 3-4,127.1147268,35.82677805,['서신동'],['5211168000']
전북특별자치도 전주시 완산구 서신천변4길 10,127.1151261,35.82777888,['서신동'],['5211168000']
전북특별자치도 전주시 완산구 서신천변10길 8-8,127.1149126,35.8291681,['서신동'],['5211168000']
전북특별자치도 전주시 완산구 서신천변9길 3-9,127.1138829,35.82917305,['서신동'],['5211168000']
전북특별자치도 전주시 완산구 안터6길 33,127.1169726,35.83046573,['서신동'],['5211168000']
전북특별자치도 전주시 완산구 서신천변4길 8-6,127.1148979,35.82751034,['서신동'],['5211168000']
전북특별자치도 전주시 완산구 안행7길 13,127.1335304,35.80291082,['효자1동'],['5211171100']
전북특별자치도 전주시 완산구 전라감영1길 14-8,127.140877,35.81535967,['중앙동'],['5211151000']
전북특별자치도 전주시 완산구 메너머1길 28,127.1197918,35.82106201,['중화산2동'],['5211167200']
전북특별자치도 전주시 완산구 경기전길 126,127.151016,35.81380377,['풍남동'],['5211153000']
전북특별자치도 전주시 완산구 중산5길 12-23,127.121702,35.8149718,['중화산2동'],['5211167200']
전북특별자치도 전주시 완산구 중산1길 13,127.1190019,35.81435606,['중화산2동'],['5211167200']
전북특별자치도 전주시 완산구 서신천변10길 8-1,127.1151424,35.82953199,['서신동'],['5211168000']
전북특별자치도 전주시 완산구 전룡2길 3-6,127.1169179,35.82576058,['서신동'],['5211168000']
전북특별자치도 전주시 완산구 서신천변8길 3-3,127.1145089,35.8289228,['서신동'],['5211168000']
전북특별자치도 전주시 완산구 따박골9길 7,127.1315374,35.80823154,['완산동'],['5211163500']
전북특별자치도 전주시 완산구 인정1길 11-4,127.1215383,35.81988663,['중화산2동'],['5211167200']
전북특별자치도 전주시 덕진구 백동1길 28-17,127.1471882,35.84805904,['인후2동'],['5211355000']
전북특별자치도 전주시 완산구 감나무4길 6,127.1220919,35.83166175,['서신동'],['5211168000']
전북특별자치도 전주시 완산구 꽃밭정5길 5-2,127.1362129,35.79750474,['평화2동'],['5211169200']
전북특별자치도 전주시 덕진구 반태산1길 83,127.150274,35.83056272,['인후2동'],['5211355000']
전북특별자치도 전주시 완산구 서신천변로 57,127.1140605,35.83066221,['서신동'],['5211168000']
전북특별자치도 전주시 완산구 효자천변1길 32-8,127.1146062,35.799903,['효자3동'],['5211171300']
전북특별자치도 전주시 덕진구 한배미2길 13,127.1650402,35.82517915,['인후3동'],['5211356000']
전북특별자치도 전주시 덕진구 매봉6길 10-9,127.1395414,35.84123952,['금암2동'],['5211359000']
전북특별자치도 전주시 완산구 외칠봉1길 23-5,127.13712,35.80309451,['효자1동'],['5211171100']
전북특별자치도 전주시 덕진구 아중중앙로 23-9,127.1709788,35.82988597,['우아2동'],['5211361200']
전북특별자치도 전주시 덕진구 삼송3길 17,127.1356909,35.84292847,['금암1동'],['5211358000']
전북특별자치도 전주시 완산구 서신천변4길 8-9,127.1151287,35.82729337,['서신동'],['5211168000']
전북특별자치도 전주시 완산구 서신천변8길 3-6,127.1147404,35.8290356,['서신동'],['5211168000']
전북특별자치도 전주시 완산구 서신천변2길 3-7,127.114497,35.82705415,['서신동'],['5211168000']
전북특별자치도 전주시 완산구 새터로 51-13,127.1119882,35.83650143,['서신동'],['5211168000']
전북특별자치도 전주시 완산구 전룡3길 8-2,127.1184346,35.82588861,['서신동'],['5211168000']
전북특별자치도 전주시 완산구 맏내3길 10-8,127.1311954,35.79341777,['평화2동'],['5211169200']
전북특별자치도 전주시 덕진구 매봉4길 10,127.1399243,35.84193197,['금암2동'],['5211359000']
전북특별자치도 전주시 완산구 새터로 47,127.1115877,35.83570482,['서신동'],['5211168000']
전북특별자치도 전주시 완산구 안터6길 39,127.1167482,35.83002704,['서신동'],['5211168000']
전북특별자치도 전주시 덕진구 팔복1길 13,127.1043364,35.848561,['팔복동'],['5211360000']
전북특별자치도 전주시 완산구 서신천변5길 7-1,127.1133673,35.82810771,['서신동'],['5211168000']
전북특별자치도 전주시 덕진구 삼송1길 26,127.1340157,35.84238933,['금암1동'],['5211358000']
전북특별자치도 전주시 완산구 서신천변4길 8-12,127.1148962,35.82714119,['서신동'],['5211168000']
전북특별자치도 전주시 덕진구 반태산1길 67,127.1496261,35.83018194,['인후2동'],['5211355000']
전북특별자치도 전주시 완산구 서신천변10길 4-5,127.1147478,35.82928227,['서신동'],['5211168000']
전북특별자치도 전주시 완산구 서신천변4길 4-3,127.1147339,35.82763343,['서신동'],['5211168000']
전북특별자치도 전주시 완산구 안행9길 29-8,127.1325842,35.80243077,['효자1동'],['5211171100']
전북특별자치도 전주시 완산구 안터4길 20,127.1170007,35.82955787,['서신동'],['5211168000']
전북특별자치도 전주시 완산구 서신천변10길 8-6,127.114916,35.82928725,['서신동'],['5211168000']
전북특별자치도 전주시 완산구 서신천변8길 3-2,127.1147404,35.82879983,['서신동'],['5211168000']
전북특별자치도 전주시 완산구 서신천변8길 3-4,127.1147413,35.82892357,['서신동'],['5211168000']
전북특별자치도 전주시 완산구 효자천변1길 26-21,127.1142915,35.79906621,['효자3동'],['5211171300']
전북특별자치도 전주시 완산구 서신천변4길 4-9,127.1147313,35.82726698,['서신동'],['5211168000']
전북특별자치도 전주시 완산구 쑥고개로 251-28,127.0934396,35.80152169,['효자4동'],['5211171400']
전북특별자치도 전주시 완산구 전룡2길 3-8,127.1167933,35.82576286,['서신동'],['5211168000']
전북특별자치도 전주시 완산구 만지길 22,127.0905583,35.82122683,['효자5동'],['5211173000']
전북특별자치도 전주시 완산구 만지길 22,127.0905583,35.82122683,['효자5동'],['5211173000']
전북특별자치도 전주시 완산구 백마산길 60,127.0870534,35.81670491,['효자4동'],['5211171400']
전북특별자치도 전주시 완산구 어은로 37-17,127.126942,35.81801274,['중화산2동'],['5211167200']
전북특별자치도 전주시 완산구 외칠봉1길 23-3,127.1372753,35.80308812,['효자1동'],['5211171100']
전북특별자치도 전주시 덕진구 동가재미1길 24-13,127.163975,35.83159487,['인후3동'],['5211356000']
전북특별자치도 전주시 완산구 신촌2길 8-10,127.1176728,35.8146811,['중화산2동'],['5211167200']
전북특별자치도 전주시 완산구 거마산1길 3-2,127.1219755,35.79817461,['삼천2동'],['5211170200']
전북특별자치도 전주시 완산구 고사평8길 16,127.1116114,35.83655558,['서신동'],['5211168000']
전북특별자치도 전주시 덕진구 한배미5길 15-4,127.1667596,35.82311813,['인후3동'],['5211356000']
전북특별자치도 전주시 덕진구 무삼지로 49,127.163633,35.82998659,['인후3동'],['5211356000']
전북특별자치도 전주시 완산구 서곡2길 14-1,127.1021476,35.83393242,['효자5동'],['5211173000']
전북특별자치도 전주시 덕진구 명륜3길 9-2,127.1273878,35.84259463,['덕진동'],['5211357000']
전북특별자치도 전주시 완산구 속거길 7,127.0879707,35.81588977,['효자4동'],['5211171400']
전북특별자치도 전주시 덕진구 인후5길 6-23,127.1574401,35.83107484,['인후3동'],['5211356000']
전북특별자치도 전주시 완산구 서신천변3길 3-15,127.1138597,35.82715686,['서신동'],['5211168000']
전북특별자치도 전주시 완산구 감나무3길 8-5,127.1217854,35.83107453,['서신동'],['5211168000']
전북특별자치도 전주시 완산구 속거길 11-12,127.0878726,35.81517587,['효자4동'],['5211171400']
전북특별자치도 전주시 완산구 중산10길 16,127.1217708,35.8186122,['중화산2동'],['5211167200']
전북특별자치도 전주시 덕진구 팽나무3길 27-1,127.1539908,35.83411646,['인후1동'],['5211354000']
전북특별자치도 전주시 완산구 전룡로 22-4,127.1152938,35.82593853,['서신동'],['5211168000']
전북특별자치도 전주시 덕진구 삼송5길 10-10,127.1379006,35.84291785,['금암1동'],['5211358000']
전북특별자치도 전주시 덕진구 백동6길 16,127.1515545,35.847821,['인후2동'],['5211355000']
전북특별자치도 전주시 완산구 서곡1길 5-4,127.1000971,35.83481007,['효자5동'],['5211173000']
전북특별자치도 전주시 완산구 고사평3길 21-2,127.1074102,35.83646415,['서신동'],['5211168000']
전북특별자치도 전주시 덕진구 아중천2길 52,127.1702254,35.83615682,['우아2동'],['5211361200']
전북특별자치도 전주시 덕진구 아중천2길 49,127.1704123,35.83597441,['우아2동'],['5211361200']
전북특별자치도 전주시 완산구 서곡1길 5-11,127.0998904,35.83421668,['효자5동'],['5211173000']
전북특별자치도 전주시 덕진구 우아7길 33-29,127.1539119,35.84935987,['우아1동'],['5211361100']
전북특별자치도 전주시 완산구 소대배기로 5-11,127.1318151,35.78812712,['평화2동'],['5211169200']
전북특별자치도 전주시 완산구 서곡7길 24,127.100835,35.83217859,['효자5동'],['5211173000']
전북특별자치도 전주시 완산구 서곡3길 14-30,127.1010051,35.83672981,['효자5동'],['5211173000']
전북특별자치도 전주시 덕진구 권삼득로 227-3,127.1337866,35.83795107,['금암1동'],['5211358000']
전북특별자치도 전주시 완산구 용머리로 225,127.1341944,35.80844689,['완산동'],['5211163500']
전북특별자치도 전주시 덕진구 아중천2길 41-4,127.1711632,35.83603003,['우아2동'],['5211361200']
전북특별자치도 전주시 완산구 거마평로 189-52,127.1124042,35.80922396,['효자3동'],['5211171300']
전북특별자치도 전주시 덕진구 권삼득로 223-3,127.1343572,35.83772593,['금암1동'],['5211358000']
전북특별자치도 전주시 완산구 속거길 1,127.0880435,35.81642813,['효자4동'],['5211171400']
전북특별자치도 전주시 완산구 만지길 20-12,127.0909314,35.82086199,['효자5동'],['5211173000']
전북특별자치도 전주시 완산구 백마산길 38,127.0892894,35.81701727,['효자4동'],['5211171400']
전북특별자치도 전주시 덕진구 한배미4길 9-1,127.1664818,35.82416442,['인후3동'],['5211356000']
전북특별자치도 전주시 완산구 안터4길 15,127.1173228,35.82933755,['서신동'],['5211168000']
전북특별자치도 전주시 완산구 메너머1길 26-7,127.1197911,35.82121504,['중화산2동'],['5211167200']
전북특별자치도 전주시 완산구 거마평로 54,127.1170572,35.79733529,['삼천2동'],['5211170200']
전북특별자치도 전주시 완산구 만지길 15-14,127.0887503,35.82200678,['효자5동'],['5211173000']
전북특별자치도 전주시 덕진구 사평로 71,127.1232852,35.84341779,['덕진동'],['5211357000']
전북특별자치도 전주시 완산구 서신천변1길 37,127.1128872,35.82753171,['서신동'],['5211168000']
전북특별자치도 전주시 완산구 서곡1길 20-10,127.0997767,35.83627029,['효자5동'],['5211173000']
전북특별자치도 전주시 완산구 전룡로 118,127.1255591,35.82881651,['서신동'],['5211168000']
전북특별자치도 전주시 덕진구 모래내5길 57-7,127.1429541,35.8371621,['금암2동'],['5211359000']
전북특별자치도 전주시 완산구 거마평로 14,127.1170772,35.79356312,['삼천2동'],['5211170200']
전북특별자치도 전주시 완산구 서곡3길 14-29,127.1007952,35.83683678,['효자5동'],['5211173000']
전북특별자치도 전주시 완산구 세내로 506,127.1034882,35.83223726,['효자5동'],['5211173000']
전북특별자치도 전주시 완산구 고사평로 31,127.1099238,35.83680526,['서신동'],['5211168000']
전북특별자치도 전주시 완산구 중화산로 105,127.1179489,35.81988723,['중화산2동'],['5211167200']
전북특별자치도 전주시 덕진구 사평3길 18-2,127.1223677,35.84418831,['덕진동'],['5211357000']
전북특별자치도 전주시 덕진구 매봉1길 16,127.14217,35.84266728,['금암2동'],['5211359000']
전북특별자치도 전주시 덕진구 가재미3길 13,127.1608488,35.82892037,['인후3동'],['5211356000']
전북특별자치도 전주시 완산구 서곡2길 16-10,127.101879,35.83336413,['효자5동'],['5211173000']
전북특별자치도 전주시 완산구 서곡5길 5-3,127.1018805,35.83681189,['효자5동'],['5211173000']
전북특별자치도 전주시 덕진구 삼송5길 9-2,127.1364352,35.84274864,['금암1동'],['5211358000']
전북특별자치도 전주시 완산구 효자천변1길 36-14,127.1149214,35.79923,['효자3동'],['5211171300']
전북특별자치도 전주시 완산구 충경로 18-9,127.1418953,35.81677138,['중앙동'],['5211151000']
전북특별자치도 전주시 완산구 평화11길 9-1,127.136484,35.78982629,['평화2동'],['5211169200']
전북특별자치도 전주시 덕진구 가리내로 102,127.1248508,35.83523096,['덕진동'],['5211357000']
전북특별자치도 전주시 덕진구 여암2길 6,127.075403,35.87177634,['조촌동'],['5211365000']
전북특별자치도 전주시 완산구 중산1길 2,127.1202266,35.81454789,['중화산2동'],['5211167200']
전북특별자치도 전주시 덕진구 매봉2길 3,127.1403081,35.84199208,['금암2동'],['5211359000']
전북특별자치도 전주시 완산구 백마산길 42,127.0889171,35.81699042,['효자4동'],['5211171400']
전북특별자치도 전주시 완산구 서곡로 57,127.10037,35.834269,['효자5동'],['5211173000']
전북특별자치도 전주시 덕진구 한배미1길 54-4,127.1670099,35.82202843,['인후3동'],['5211356000']
전북특별자치도 전주시 덕진구 솔내2길 34,127.1224407,35.85489822,['송천1동'],['5211364100']
전북특별자치도 전주시 덕진구 한배미4길 10-6,127.1661435,35.82482299,['인후3동'],['5211356000']
전북특별자치도 전주시 덕진구 인교5길 8,127.1732926,35.82703918,['우아2동'],['5211361200']
전북특별자치도 전주시 덕진구 무삼지3길 9-6,127.1617409,35.82719164,['인후3동'],['5211356000']
전북특별자치도 전주시 덕진구 건지1길 10-2,127.140188,35.84362133,['금암2동'],['5211359000']
전북특별자치도 전주시 완산구 중산6길 7-4,127.1212397,35.81719514,['중화산2동'],['5211167200']
전북특별자치도 전주시 완산구 향교길 68,127.1533379,35.81173271,['풍남동'],['5211153000']
전북특별자치도 전주시 완산구 영경3길 5-3,127.1246184,35.81686146,['중화산2동'],['5211167200']
전북특별자치도 전주시 완산구 고사평1길 5,127.1088406,35.83458734,['서신동'],['5211168000']
전북특별자치도 전주시 덕진구 삼송3길 13,127.1353203,35.84252125,['금암1동'],['5211358000']
전북특별자치도 전주시 완산구 중인1길 184-8,127.0903205,35.76383222,['삼천3동'],['5211170300']
전북특별자치도 전주시 완산구 감나무3길 11,127.1215869,35.83057363,['서신동'],['5211168000']
전북특별자치도 전주시 완산구 서곡1길 1-12,127.100016,35.83415511,['효자5동'],['5211173000']
전북특별자치도 전주시 덕진구 한배미5길 19-5,127.1666638,35.82293656,['인후3동'],['5211356000']
전북특별자치도 전주시 덕진구 금암5길 35,127.1350393,35.84009827,['금암1동'],['5211358000']
전북특별자치도 전주시 완산구 관선3길 25,127.1555542,35.8211328,['노송동'],['5211160500']
전북특별자치도 전주시 완산구 상거마4길 21-9,127.1218376,35.79724852,['삼천2동'],['5211170200']
전북특별자치도 전주시 덕진구 금암1길 16,127.1339183,35.83964592,['금암1동'],['5211358000']
전북특별자치도 전주시 완산구 중산3길 7,127.1196267,35.81562333,['중화산2동'],['5211167200']
전북특별자치도 전주시 완산구 백마산길 5-6,127.0926185,35.81750819,['효자4동'],['5211171400']
전북특별자치도 전주시 완산구 경기전길 160-3,127.1512357,35.81224531,['풍남동'],['5211153000']
전북특별자치도 전주시 덕진구 매봉7길 2,127.1415776,35.84075064,['금암2동'],['5211359000']
전북특별자치도 전주시 덕진구 매봉7길 4,127.1416604,35.84077506,['금암2동'],['5211359000']
전북특별자치도 전주시 덕진구 동가재미2길 28-4,127.1635444,35.83335435,['인후3동'],['5211356000']
전북특별자치도 전주시 완산구 메너머2길 37-13,127.1187647,35.82152745,['중화산2동'],['5211167200']
전북특별자치도 전주시 완산구 중산3길 7-3,127.1196322,35.81539153,['중화산2동'],['5211167200']
전북특별자치도 전주시 완산구 서곡2길 13-9,127.102485,35.83472208,['효자5동'],['5211173000']
전북특별자치도 전주시 완산구 백마산길 58,127.0871951,35.81658755,['효자4동'],['5211171400']
전북특별자치도 전주시 완산구 백마산길 38-4,127.0892803,35.81731073,['효자4동'],['5211171400']
전북특별자치도 전주시 완산구 백마산길 38-2,127.0892734,35.81720934,['효자4동'],['5211171400']
전북특별자치도 전주시 덕진구 무삼지5길 15-10,127.1640426,35.82645697,['인후3동'],['5211356000']
전북특별자치도 전주시 완산구 서곡로 58,127.1006798,35.834103,['효자5동'],['5211173000']
전북특별자치도 전주시 덕진구 금암1길 6-5,127.1332825,35.84003804,['금암1동'],['5211358000']
전북특별자치도 전주시 덕진구 들사평2길 28,127.1225926,35.8390365,['덕진동'],['5211357000']
전북특별자치도 전주시 완산구 백마산길 23-6,127.0906129,35.81681278,['효자4동'],['5211171400']
전북특별자치도 전주시 완산구 전주객사1길 95,127.1380135,35.82029325,['중앙동'],['5211151000']
전북특별자치도 전주시 덕진구 한배미4길 6-3,127.1664305,35.82462801,['인후3동'],['5211356000']
전북특별자치도 전주시 덕진구 가재미6길 6-3,127.1625246,35.83009192,['인후3동'],['5211356000']
전북특별자치도 전주시 덕진구 어은골1길 6-2,127.1300379,35.82454032,['진북동'],['5211352500']
전북특별자치도 전주시 덕진구 어은로 137-3,127.1302098,35.8244719,['진북동'],['5211352500']
전북특별자치도 전주시 덕진구 한배미4길 9-2,127.1662931,35.82403211,['인후3동'],['5211356000']
전북특별자치도 전주시 완산구 평화11길 5-2,127.1363089,35.78988471,['평화2동'],['5211169200']
전북특별자치도 전주시 완산구 서곡1길 16,127.0996309,35.83552651,['효자5동'],['5211173000']
전북특별자치도 전주시 덕진구 한배미4길 18-5,127.1650708,35.8244353,['인후3동'],['5211356000']
전북특별자치도 전주시 덕진구 인교4길 10-4,127.1713144,35.82691314,['우아2동'],['5211361200']
전북특별자치도 전주시 완산구 서곡7길 18-6,127.1015304,35.83206057,['효자5동'],['5211173000']
전북특별자치도 전주시 덕진구 한배미1길 51,127.1669263,35.8224506,['인후3동'],['5211356000']
전북특별자치도 전주시 덕진구 금암3길 34-1,127.1353632,35.8405406,['금암1동'],['5211358000']
전북특별자치도 전주시 덕진구 명륜2길 15-3,127.1285772,35.84205099,['덕진동'],['5211357000']
전북특별자치도 전주시 완산구 안터4길 17-1,127.1169878,35.82934131,['서신동'],['5211168000']
전북특별자치도 전주시 완산구 속거길 11-18,127.0881046,35.81487549,['효자4동'],['5211171400']
전북특별자치도 전주시 완산구 아중로 43,127.1549916,35.82328592,['노송동'],['5211160500']
전북특별자치도 전주시 덕진구 매봉4길 13,127.139663,35.84180672,['금암2동'],['5211359000']
전북특별자치도 전주시 완산구 메너머2길 37-11,127.1187562,35.8216539,['중화산2동'],['5211167200']
전북특별자치도 전주시 덕진구 팽나무4길 11-2,127.1547531,35.83554046,['인후1동'],['5211354000']
전북특별자치도 전주시 완산구 천경로 3,127.1530467,35.80679426,['동서학동'],['5211165000']
전북특별자치도 전주시 완산구 메너머1길 26-17,127.119238,35.82120108,['중화산2동'],['5211167200']
전북특별자치도 전주시 덕진구 삼송5길 14-9,127.137233,35.84348559,['금암1동'],['5211358000']
전북특별자치도 전주시 덕진구 한배미1길 61-4,127.1680022,35.8230707,['인후3동'],['5211356000']
전북특별자치도 전주시 완산구 속거길 2,127.0878283,35.81632708,['효자4동'],['5211171400']
전북특별자치도 전주시 완산구 백마산길 42-6,127.0887298,35.81721668,['효자4동'],['5211171400']
전북특별자치도 전주시 덕진구 우아8길 20,127.1580501,35.85103958,['우아1동'],['5211361100']
전북특별자치도 전주시 완산구 중산1길 12-6,127.1192573,35.81492775,['중화산2동'],['5211167200']
전북특별자치도 전주시 덕진구 한배미3길 19-3,127.1648315,35.82452432,['인후3동'],['5211356000']
전북특별자치도 전주시 덕진구 한배미3길 19-5,127.1649123,35.82436333,['인후3동'],['5211356000']
전북특별자치도 전주시 덕진구 명륜2길 12-3,127.1289781,35.84142365,['금암1동'],['5211358000']
전북특별자치도 전주시 덕진구 우아4길 5-6,127.1569649,35.84989613,['우아1동'],['5211361100']
전북특별자치도 전주시 덕진구 삼송1길 21,127.1335077,35.84230373,['금암1동'],['5211358000']
전북특별자치도 전주시 완산구 서곡1길 17,127.0992649,35.83540569,['효자5동'],['5211173000']
전북특별자치도 전주시 덕진구 삼송5길 10-7,127.1376749,35.84311278,['금암1동'],['5211358000']
전북특별자치도 전주시 완산구 고사평1길 22-1,127.1074014,35.83554884,['서신동'],['5211168000']
전북특별자치도 전주시 덕진구 한배미1길 63,127.1680991,35.82289049,['인후3동'],['5211356000']
전북특별자치도 전주시 완산구 안터6길 13-5,127.1176975,35.83119396,['서신동'],['5211168000']
전북특별자치도 전주시 완산구 효자천변1길 26-29,127.1147545,35.79907451,['효자3동'],['5211171300']
전북특별자치도 전주시 완산구 서곡1길 20-8,127.0996607,35.83611906,['효자5동'],['5211173000']
전북특별자치도 전주시 덕진구 우아9길 20,127.1578715,35.85137409,['우아1동'],['5211361100']
전북특별자치도 전주시 덕진구 숲정이1길 41-25,127.1277899,35.83301889,['진북동'],['5211352500']
전북특별자치도 전주시 덕진구 숲정이1길 41-23,127.1279488,35.83303692,['진북동'],['5211352500']
전북특별자치도 전주시 덕진구 호반4길 13-1,127.11848,35.8504371,['덕진동'],['5211357000']
전북특별자치도 전주시 덕진구 건지2길 13-1,127.1409736,35.84438387,['금암2동'],['5211359000']
전북특별자치도 전주시 덕진구 도토리골2길 4,127.1342069,35.82080677,['진북동'],['5211352500']
전북특별자치도 전주시 완산구 메너머2길 29-5,127.1195926,35.82188956,['중화산2동'],['5211167200']
전북특별자치도 전주시 완산구 메너머2길 29-3,127.1195889,35.82200096,['중화산2동'],['5211167200']
전북특별자치도 전주시 완산구 메너머2길 25-6,127.119763,35.821924,['중화산2동'],['5211167200']
전북특별자치도 전주시 완산구 메너머2길 25-8,127.1197687,35.82180611,['중화산2동'],['5211167200']
전북특별자치도 전주시 덕진구 아중1길 6-1,127.1706327,35.82823995,['우아2동'],['5211361200']
전북특별자치도 전주시 덕진구 석소2길 6-15,127.1697438,35.83341317,['우아2동'],['5211361200']
전북특별자치도 전주시 덕진구 우아8길 25,127.158432,35.85141336,['우아1동'],['5211361100']
전북특별자치도 전주시 완산구 하거마5길 38,127.1172985,35.79622118,['삼천2동'],['5211170200']
전북특별자치도 전주시 완산구 평화14길 30-9,127.133109,35.79332563,['평화2동'],['5211169200']
전북특별자치도 전주시 덕진구 인교4길 10-5,127.1710593,35.82684095,['우아2동'],['5211361200']
전북특별자치도 전주시 덕진구 숲정이2길 12-2,127.1310748,35.82930892,['진북동'],['5211352500']
전북특별자치도 전주시 완산구 선너머3길 19-5,127.129882,35.81386641,['중화산1동'],['5211167100']
전북특별자치도 전주시 덕진구 진버들6길 22,127.1664724,35.83741689,['우아2동'],['5211361200']
전북특별자치도 전주시 덕진구 진버들6길 20,127.166556,35.83729195,['우아2동'],['5211361200']
전북특별자치도 전주시 완산구 관선3길 8-3,127.1538106,35.8204956,['노송동'],['5211160500']
전북특별자치도 전주시 완산구 서신천변13길 4-5,127.1136492,35.8307438,['서신동'],['5211168000']
전북특별자치도 전주시 완산구 메너머3길 30-7,127.119194,35.82415203,['중화산2동'],['5211167200']
전북특별자치도 전주시 덕진구 진버들6길 12-8,127.1675343,35.83682996,['우아2동'],['5211361200']
전북특별자치도 전주시 완산구 인정3길 15-3,127.1186867,35.82023746,['중화산2동'],['5211167200']
전북특별자치도 전주시 덕진구 권삼득로 211-25,127.135104,35.83636807,['금암1동'],['5211358000']
전북특별자치도 전주시 완산구 서신천변10길 7,127.1149002,35.82998258,['서신동'],['5211168000']
전북특별자치도 전주시 완산구 인정3길 15-5,127.1186928,35.8200955,['중화산2동'],['5211167200']
전북특별자치도 전주시 덕진구 권삼득로 357,127.1238697,35.84609347,['덕진동'],['5211357000']
전북특별자치도 전주시 덕진구 한배미1길 57-2,127.1676409,35.82284896,['인후3동'],['5211356000']
전북특별자치도 전주시 완산구 평화11길 9-5,127.1365374,35.79008534,['평화2동'],['5211169200']
전북특별자치도 전주시 덕진구 사평4길 9,127.1217202,35.84388615,['덕진동'],['5211357000']
전북특별자치도 전주시 덕진구 서가재미1길 9-1,127.1597922,35.83100153,['인후3동'],['5211356000']
전북특별자치도 전주시 완산구 전주객사2길 38-4,127.140867,35.81845434,['중앙동'],['5211151000']
전북특별자치도 전주시 덕진구 한배미로 62,127.1710577,35.82565012,['우아2동'],['5211361200']
전북특별자치도 전주시 덕진구 호반4길 9-2,127.1183789,35.85030463,['덕진동'],['5211357000']
전북특별자치도 전주시 덕진구 금암6길 44,127.1370244,35.84058432,['금암1동'],['5211358000']
전북특별자치도 전주시 덕진구 동가재미1길 3-8,127.1617822,35.83243457,['인후3동'],['5211356000']
전북특별자치도 전주시 완산구 안터4길 21,127.1167595,35.82934108,['서신동'],['5211168000']
전북특별자치도 전주시 완산구 메너머2길 33-11,127.1192035,35.82140859,['중화산2동'],['5211167200']
전북특별자치도 전주시 완산구 선너머3길 19-8,127.129627,35.81411913,['중화산1동'],['5211167100']
전북특별자치도 전주시 완산구 화산천변4길 12-3,127.1175448,35.82022074,['중화산2동'],['5211167200']
전북특별자치도 전주시 덕진구 금암4길 20-1,127.1372865,35.83960562,['금암1동'],['5211358000']
전북특별자치도 전주시 덕진구 석소3길 5-1,127.1702246,35.83334598,['우아2동'],['5211361200']
전북특별자치도 전주시 덕진구 한배미3길 17,127.1649453,35.82468251,['인후3동'],['5211356000']
전북특별자치도 전주시 완산구 서신천변10길 4-1,127.1147438,35.82953426,['서신동'],['5211168000']
전북특별자치도 전주시 완산구 메너머3길 33-7,127.1191503,35.82326091,['중화산2동'],['5211167200']
전북특별자치도 전주시 완산구 메너머2길 33-9,127.1191981,35.8215719,['중화산2동'],['5211167200']
전북특별자치도 전주시 완산구 메너머2길 33-7,127.1191878,35.82170827,['중화산2동'],['5211167200']
전북특별자치도 전주시 덕진구 아중3길 10-5,127.1706875,35.82909841,['우아2동'],['5211361200']
전북특별자치도 전주시 덕진구 금암5길 33,127.1351008,35.83996265,['금암1동'],['5211358000']
전북특별자치도 전주시 덕진구 한배미5길 7-3,127.1677869,35.82349081,['인후3동'],['5211356000']
전북특별자치도 전주시 덕진구 모래내8길 48,127.1405945,35.83464326,['금암2동'],['5211359000']
전북특별자치도 전주시 완산구 평화19길 10,127.137263,35.79488285,['평화1동'],['5211169100']
전북특별자치도 전주시 덕진구 명륜2길 12,127.1286046,35.84147199,['금암1동'],['5211358000']
전북특별자치도 전주시 덕진구 인교6길 13,127.1716413,35.82547138,['우아2동'],['5211361200']
전북특별자치도 전주시 완산구 고사평4길 14-6,127.1109371,35.83496008,['서신동'],['5211168000']
전북특별자치도 전주시 완산구 인정3길 3-3,127.1198895,35.82024447,['중화산2동'],['5211167200']
전북특별자치도 전주시 완산구 인정로 13,127.1200508,35.82024791,['중화산2동'],['5211167200']
전북특별자치도 전주시 덕진구 금암3길 34,127.135521,35.8405808,['금암1동'],['5211358000']
전북특별자치도 전주시 완산구 안터5길 13-12,127.1173842,35.8300238,['서신동'],['5211168000']
전북특별자치도 전주시 완산구 영경2길 6-6,127.124436,35.81686409,['중화산2동'],['5211167200']
전북특별자치도 전주시 덕진구 한배미2길 11,127.1651931,35.82523996,['인후3동'],['5211356000']
전북특별자치도 전주시 완산구 안터4길 16,127.1173049,35.82954522,['서신동'],['5211168000']
전북특별자치도 전주시 덕진구 삼송4길 10,127.1356894,35.84229363,['금암1동'],['5211358000']
전북특별자치도 전주시 덕진구 우아5길 5,127.1556155,35.8498503,['우아1동'],['5211361100']
전북특별자치도 전주시 덕진구 인봉3길 47-5,127.1585995,35.82933884,['인후3동'],['5211356000']
전북특별자치도 전주시 덕진구 삼송5길 10-2,127.1372818,35.84272271,['금암1동'],['5211358000']
전북특별자치도 전주시 덕진구 건지로 10-13,127.1432241,35.8448723,['금암2동'],['5211359000']
전북특별자치도 전주시 완산구 고사평9길 4,127.1106095,35.83807964,['서신동'],['5211168000']
전북특별자치도 전주시 완산구 월선길 21-6,127.0804743,35.79603678,['삼천3동'],['5211170300']
전북특별자치도 전주시 완산구 고사평9길 19-5,127.1088648,35.83842686,['서신동'],['5211168000']
전북특별자치도 전주시 완산구 안행3길 5-6,127.1313259,35.80017061,['삼천1동'],['5211170100']
전북특별자치도 전주시 완산구 서신천변7길 29-3,127.1120485,35.82907464,['서신동'],['5211168000']
전북특별자치도 전주시 덕진구 석소3길 13-15,127.1696486,35.8339664,['우아2동'],['5211361200']
전북특별자치도 전주시 덕진구 무삼지3길 13-3,127.1616443,35.82706677,['인후3동'],['5211356000']
전북특별자치도 전주시 덕진구 무삼지3길 13-1,127.1615782,35.82722836,['인후3동'],['5211356000']
전북특별자치도 전주시 완산구 효자천변1길 36-6,127.1149384,35.79990819,['효자3동'],['5211171300']
전북특별자치도 전주시 덕진구 아중천2길 23-4,127.1721076,35.8354964,['우아2동'],['5211361200']
전북특별자치도 전주시 덕진구 금암1길 39-3,127.1359283,35.83858514,['금암1동'],['5211358000']
전북특별자치도 전주시 덕진구 금암1길 39-1,127.1359025,35.8384835,['금암1동'],['5211358000']
전북특별자치도 전주시 덕진구 견훤로 249,127.1573745,35.83394687,['인후3동'],['5211356000']
전북특별자치도 전주시 덕진구 아중1길 19-3,127.1714656,35.82911398,['우아2동'],['5211361200']
전북특별자치도 전주시 덕진구 한배미6길 20-3,127.1681426,35.82310322,['인후3동'],['5211356000']
전북특별자치도 전주시 완산구 메너머1길 19,127.120767,35.82083103,['중화산2동'],['5211167200']
전북특별자치도 전주시 완산구 속거길 3-3,127.0882165,35.81568393,['효자4동'],['5211171400']
전북특별자치도 전주시 덕진구 금암5길 27,127.1352134,35.83961193,['금암1동'],['5211358000']
전북특별자치도 전주시 덕진구 명륜3길 10-6,127.1278177,35.84196988,['덕진동'],['5211357000']
전북특별자치도 전주시 완산구 백마산길 1,127.0929203,35.81777491,['효자4동'],['5211171400']
전북특별자치도 전주시 덕진구 매봉6길 10-8,127.1396723,35.84144855,['금암2동'],['5211359000']
전북특별자치도 전주시 덕진구 금암3길 46,127.1342372,35.84021137,['금암1동'],['5211358000']
전북특별자치도 전주시 덕진구 아중천1길 28-22,127.1723811,35.83502104,['우아2동'],['5211361200']
전북특별자치도 전주시 덕진구 금암4길 14,127.1376768,35.84023146,['금암1동'],['5211358000']
전북특별자치도 전주시 덕진구 금암4길 14-10,127.1378082,35.84052656,['금암1동'],['5211358000']
전북특별자치도 전주시 덕진구 금암4길 14-2,127.137611,35.84036717,['금암1동'],['5211358000']
전북특별자치도 전주시 완산구 고사평6길 19-3,127.1116857,35.83611354,['서신동'],['5211168000']
전북특별자치도 전주시 덕진구 명륜3길 8-1,127.1274779,35.84202323,['덕진동'],['5211357000']
전북특별자치도 전주시 덕진구 동가재미2길 8,127.1614275,35.83303979,['인후3동'],['5211356000']
전북특별자치도 전주시 덕진구 금암5길 19-1,127.1359533,35.83900068,['금암1동'],['5211358000']
전북특별자치도 전주시 덕진구 안골3길 19-11,127.1570518,35.84108886,['인후1동'],['5211354000']
전북특별자치도 전주시 완산구 산월1길 22-3,127.1208087,35.81316126,['중화산2동'],['5211167200']
전북특별자치도 전주시 덕진구 삼송5길 14-11,127.1371763,35.84364491,['금암1동'],['5211358000']
전북특별자치도 전주시 덕진구 팽나무5길 12-5,127.1552588,35.83560055,['인후1동'],['5211354000']
전북특별자치도 전주시 덕진구 안골2길 10,127.1568745,35.83905045,['인후1동'],['5211354000']
전북특별자치도 전주시 완산구 백마산길 23-5,127.0908398,35.81689723,['효자4동'],['5211171400']
전북특별자치도 전주시 완산구 백마산길 72-1,127.0870876,35.81764229,['효자4동'],['5211171400']
전북특별자치도 전주시 완산구 백마산길 72-1,127.0870876,35.81764229,['효자4동'],['5211171400']
전북특별자치도 전주시 덕진구 금암2길 14,127.1341932,35.8399223,['금암1동'],['5211358000']
전북특별자치도 전주시 덕진구 팽나무5길 8-4,127.1553337,35.83618582,['인후1동'],['5211354000']
전북특별자치도 전주시 완산구 백마산길 70,127.0866547,35.81752535,['효자4동'],['5211171400']
전북특별자치도 전주시 완산구 백마산길 74,127.0866106,35.81775745,['효자4동'],['5211171400']
전북특별자치도 전주시 덕진구 우아9길 12,127.1569909,35.85106467,['우아1동'],['5211361100']
전북특별자치도 전주시 완산구 속거길 15,127.0878019,35.81531147,['효자4동'],['5211171400']
전북특별자치도 전주시 덕진구 권삼득로 219-10,127.1339292,35.83717574,['금암1동'],['5211358000']
전북특별자치도 전주시 덕진구 금암1길 17,127.1342966,35.83955573,['금암1동'],['5211358000']
전북특별자치도 전주시 완산구 서신천변7길 6-8,127.1138855,35.82904957,['서신동'],['5211168000']
전북특별자치도 전주시 완산구 서신천변로 41,127.1140468,35.82904699,['서신동'],['5211168000']
전북특별자치도 전주시 덕진구 금암2길 8-2,127.1342305,35.84073645,['금암1동'],['5211358000']
전북특별자치도 전주시 덕진구 팽나무1길 7,127.1501203,35.83536716,['인후1동'],['5211354000']
전북특별자치도 전주시 완산구 중산8길 4-5,127.1208478,35.81738101,['중화산2동'],['5211167200']
전북특별자치도 전주시 덕진구 호반5길 5,127.1165678,35.84965858,['덕진동'],['5211357000']
전북특별자치도 전주시 완산구 서곡2길 9-10,127.1023531,35.8347933,['효자5동'],['5211173000']
전북특별자치도 전주시 완산구 선너머3길 19-9,127.1295081,35.8139317,['중화산1동'],['5211167100']
전북특별자치도 전주시 덕진구 한배미3길 14,127.1651191,35.82502331,['인후3동'],['5211356000']
전북특별자치도 전주시 완산구 중산로 14,127.1205133,35.81528736,['중화산2동'],['5211167200']
전북특별자치도 전주시 완산구 중산로 16,127.120507,35.81542859,['중화산2동'],['5211167200']
전북특별자치도 전주시 완산구 만지길 9-8,127.0890749,35.82140711,['효자5동'],['5211173000']
전북특별자치도 전주시 덕진구 인봉3길 47-6,127.158818,35.8293126,['인후3동'],['5211356000']
전북특별자치도 전주시 완산구 인정1길 7-5,127.1209108,35.81998803,['중화산2동'],['5211167200']
전북특별자치도 전주시 완산구 인정1길 7-3,127.1209156,35.81983616,['중화산2동'],['5211167200']
전북특별자치도 전주시 덕진구 우아7길 27-1,127.1531668,35.84940922,['우아1동'],['5211361100']
전북특별자치도 전주시 덕진구 아중6길 14-3,127.1726994,35.83261288,['우아2동'],['5211361200']
전북특별자치도 전주시 덕진구 아중천2길 27-5,127.1718074,35.83557623,['우아2동'],['5211361200']
전북특별자치도 전주시 덕진구 아중6길 14-5,127.1726261,35.83275241,['우아2동'],['5211361200']
전북특별자치도 전주시 완산구 안행3길 5-8,127.131499,35.80024171,['삼천1동'],['5211170100']
전북특별자치도 전주시 완산구 안터6길 9-8,127.1178411,35.83133874,['서신동'],['5211168000']
전북특별자치도 전주시 덕진구 우아4길 21-1,127.1584926,35.85015144,['우아1동'],['5211361100']
전북특별자치도 전주시 덕진구 무삼지3길 23,127.1611597,35.8269426,['인후3동'],['5211356000']
전북특별자치도 전주시 덕진구 팽나무5길 16-8,127.1551319,35.83542217,['인후1동'],['5211354000']
전북특별자치도 전주시 덕진구 팽나무5길 16-6,127.1552483,35.83542833,['인후1동'],['5211354000']
전북특별자치도 전주시 완산구 고사평3길 13-4,127.1082467,35.83604215,['서신동'],['5211168000']
전북특별자치도 전주시 완산구 고사평9길 3,127.1105831,35.83782569,['서신동'],['5211168000']
전북특별자치도 전주시 완산구 고사평9길 3-3,127.1104557,35.8376871,['서신동'],['5211168000']
전북특별자치도 전주시 완산구 메너머1길 30,127.1196331,35.82106244,['중화산2동'],['5211167200']
전북특별자치도 전주시 완산구 선너머4길 13-3,127.1317294,35.81392343,['중화산1동'],['5211167100']
전북특별자치도 전주시 완산구 서곡1길 5-5,127.1001745,35.83458893,['효자5동'],['5211173000']
전북특별자치도 전주시 덕진구 인교3길 11-7,127.1733816,35.82812066,['우아2동'],['5211361200']
전북특별자치도 전주시 완산구 견훤로 151-15,127.1605765,35.8251031,['노송동'],['5211160500']
전북특별자치도 전주시 완산구 견훤로 151-9,127.1606471,35.82497782,['노송동'],['5211160500']
전북특별자치도 전주시 완산구 선너머2길 2-14,127.1301463,35.8132247,['중화산1동'],['5211167100']
전북특별자치도 전주시 덕진구 아중3길 24-2,127.171743,35.82959864,['우아2동'],['5211361200']
전북특별자치도 전주시 덕진구 한배미2길 17,127.1646406,35.82502054,['인후3동'],['5211356000']
전북특별자치도 전주시 덕진구 한배미1길 53-1,127.1670186,35.82263442,['인후3동'],['5211356000']
전북특별자치도 전주시 완산구 서곡1길 1-5,127.1004954,35.83439715,['효자5동'],['5211173000']
전북특별자치도 전주시 완산구 안터6길 9-11,127.1180641,35.83111726,['서신동'],['5211168000']
전북특별자치도 전주시 완산구 팔달로 53,127.1494032,35.80744216,['서서학동'],['5211166000']
전북특별자치도 전주시 완산구 전룡4길 6-3,127.1199256,35.82585108,['서신동'],['5211168000']
전북특별자치도 전주시 완산구 서신천변2길 11-5,127.1152972,35.82706924,['서신동'],['5211168000']
전북특별자치도 전주시 덕진구 서가재미1길 9-6,127.1598433,35.83143244,['인후3동'],['5211356000']
전북특별자치도 전주시 덕진구 사평3길 9-6,127.1220924,35.8437796,['덕진동'],['5211357000']
전북특별자치도 전주시 덕진구 우아9길 25,127.1584149,35.85178741,['우아1동'],['5211361100']
전북특별자치도 전주시 덕진구 기린대로 364-103,127.1339507,35.83736336,['금암1동'],['5211358000']
전북특별자치도 전주시 덕진구 매봉1길 28-5,127.1438587,35.84288644,['금암2동'],['5211359000']
전북특별자치도 전주시 덕진구 가재미4길 7,127.1626915,35.82967892,['인후3동'],['5211356000']
전북특별자치도 전주시 완산구 전주객사2길 65-8,127.139595,35.81962701,['중앙동'],['5211151000']
전북특별자치도 전주시 완산구 인정3길 11-4,127.1188314,35.82024092,['중화산2동'],['5211167200']
전북특별자치도 전주시 완산구 인정3길 11-6,127.1188366,35.82009617,['중화산2동'],['5211167200']
전북특별자치도 전주시 완산구 서곡5길 21,127.1005406,35.83781333,['효자5동'],['5211173000']
전북특별자치도 전주시 완산구 안터6길 9-14,127.1178335,35.83104665,['서신동'],['5211168000']
전북특별자치도 전주시 덕진구 매봉1길 28-7,127.1436392,35.84281757,['금암2동'],['5211359000']
전북특별자치도 전주시 덕진구 매봉1길 28-11,127.143711,35.8426869,['금암2동'],['5211359000']
전북특별자치도 전주시 덕진구 매봉1길 28-9,127.1439327,35.84275332,['금암2동'],['5211359000']
전북특별자치도 전주시 덕진구 장재안길 10-2,127.1601042,35.85165656,['우아1동'],['5211361100']
전북특별자치도 전주시 덕진구 한배미3길 3-4,127.166212,35.82502261,['인후3동'],['5211356000']
전북특별자치도 전주시 완산구 서곡2길 1-7,127.1015207,35.83517425,['효자5동'],['5211173000']
전북특별자치도 전주시 덕진구 한배미3길 23,127.1643266,35.82451663,['인후3동'],['5211356000']
전북특별자치도 전주시 덕진구 숲정이2길 46-87,127.1319517,35.83282666,['진북동'],['5211352500']
전북특별자치도 전주시 완산구 고사평1길 22-2,127.1077075,35.83560589,['서신동'],['5211168000']
전북특별자치도 전주시 완산구 전라감영1길 9,127.1405099,35.81503673,['중앙동'],['5211151000']
전북특별자치도 전주시 완산구 안터2길 28,127.1176783,35.82825272,['서신동'],['5211168000']
전북특별자치도 전주시 완산구 안터2길 27,127.1176966,35.8280802,['서신동'],['5211168000']
전북특별자치도 전주시 완산구 안터2길 26,127.1178755,35.82826289,['서신동'],['5211168000']
전북특별자치도 전주시 완산구 안터2길 25,127.1178948,35.82808379,['서신동'],['5211168000']
전북특별자치도 전주시 완산구 메너머2길 25-9,127.1200463,35.82163784,['중화산2동'],['5211167200']
전북특별자치도 전주시 완산구 평화3길 19,127.1312429,35.78316817,['평화2동'],['5211169200']
전북특별자치도 전주시 완산구 중화산로 55-38,127.1161804,35.81592918,['중화산2동'],['5211167200']
전북특별자치도 전주시 완산구 중화산로 55-40,127.1160779,35.81580671,['중화산2동'],['5211167200']
전북특별자치도 전주시 덕진구 한배미5길 9,127.1674552,35.8235659,['인후3동'],['5211356000']
전북특별자치도 전주시 완산구 고사평4길 10,127.1104123,35.83537812,['서신동'],['5211168000']
전북특별자치도 전주시 완산구 서곡1길 13-8,127.0992498,35.83486395,['효자5동'],['5211173000']
전북특별자치도 전주시 덕진구 무삼지3길 13-2,127.1613805,35.82698853,['인후3동'],['5211356000']
전북특별자치도 전주시 덕진구 무삼지2길 6-5,127.1625251,35.82693129,['인후3동'],['5211356000']
전북특별자치도 전주시 완산구 감나무1길 10-3,127.1217065,35.82939673,['서신동'],['5211168000']
전북특별자치도 전주시 완산구 고사평2길 3,127.109811,35.83454978,['서신동'],['5211168000']
전북특별자치도 전주시 완산구 거마평로 36,127.1170554,35.79557242,['삼천2동'],['5211170200']
전북특별자치도 전주시 완산구 안터6길 9-13,127.1180669,35.83102434,['서신동'],['5211168000']
전북특별자치도 전주시 완산구 서곡2길 25,127.1032377,35.83367832,['효자5동'],['5211173000']
전북특별자치도 전주시 완산구 평화13길 6-3,127.1364552,35.79036961,['평화2동'],['5211169200']
전북특별자치도 전주시 덕진구 아중7길 13-6,127.1717814,35.83259644,['우아2동'],['5211361200']
전북특별자치도 전주시 완산구 서곡4길 23,127.1037704,35.83450314,['효자5동'],['5211173000']
전북특별자치도 전주시 완산구 서곡4길 45-7,127.1033208,35.8325834,['효자5동'],['5211173000']
전북특별자치도 전주시 덕진구 기린대로 256-4,127.1436353,35.82915028,['진북동'],['5211352500']
전북특별자치도 전주시 덕진구 도당산4길 53-10,127.1558007,35.84565823,['우아1동'],['5211361100']
전북특별자치도 전주시 완산구 감나무3길 8-6,127.1219871,35.83107468,['서신동'],['5211168000']
전북특별자치도 전주시 완산구 안터6길 13-3,127.117695,35.83134555,['서신동'],['5211168000']
전북특별자치도 전주시 완산구 아중로 87-26,127.1607521,35.82467747,['노송동'],['5211160500']
전북특별자치도 전주시 완산구 물왕멀3길 17,127.1472649,35.82766818,['노송동'],['5211160500']
전북특별자치도 전주시 완산구 아중로 87-20,127.160685,35.82481887,['노송동'],['5211160500']
전북특별자치도 전주시 완산구 신촌4길 6-9,127.1173286,35.81863761,['중화산2동'],['5211167200']
전북특별자치도 전주시 덕진구 한배미4길 9-5,127.1666505,35.82383045,['인후3동'],['5211356000']
전북특별자치도 전주시 완산구 서곡3길 13-6,127.1001978,35.83607337,['효자5동'],['5211173000']
전북특별자치도 전주시 덕진구 삼송5길 13-2,127.1365066,35.84327489,['금암1동'],['5211358000']
전북특별자치도 전주시 덕진구 한배미5길 15-3,127.1669969,35.82316034,['인후3동'],['5211356000']
전북특별자치도 전주시 완산구 서원로 279-18,127.1254007,35.81256389,['중화산1동'],['5211167100']
전북특별자치도 전주시 덕진구 아중7길 13-7,127.1721257,35.83244958,['우아2동'],['5211361200']
전북특별자치도 전주시 덕진구 한배미5길 24-4,127.1658521,35.82352071,['인후3동'],['5211356000']
전북특별자치도 전주시 덕진구 호반6길 26,127.1183495,35.85173612,['덕진동'],['5211357000']
전북특별자치도 전주시 완산구 신촌4길 14-9,127.1164736,35.81862186,['중화산2동'],['5211167200']
전북특별자치도 전주시 완산구 송정1길 10,127.1189357,35.79916049,['삼천1동'],['5211170100']
전북특별자치도 전주시 덕진구 석소3길 5-5,127.1699341,35.83324887,['우아2동'],['5211361200']
전북특별자치도 전주시 완산구 고사평7길 10-4,127.1096201,35.83776339,['서신동'],['5211168000']
전북특별자치도 전주시 덕진구 권삼득로 293-2,127.1290198,35.84255405,['금암1동'],['5211358000']
전북특별자치도 전주시 덕진구 한배미1길 53-2,127.1672404,35.82270973,['인후3동'],['5211356000']
전북특별자치도 전주시 완산구 천잠로 227-43,127.0912169,35.80758142,['효자4동'],['5211171400']
전북특별자치도 전주시 완산구 천잠로 227-45,127.0910947,35.80761945,['효자4동'],['5211171400']
전북특별자치도 전주시 완산구 서곡로 54-9,127.1011769,35.83357787,['효자5동'],['5211173000']
전북특별자치도 전주시 덕진구 무삼지5길 16-3,127.1635815,35.82750793,['인후3동'],['5211356000']
전북특별자치도 전주시 완산구 평화3길 21,127.1311022,35.78319365,['평화2동'],['5211169200']
전북특별자치도 전주시 완산구 서신천변10길 11,127.1153361,35.82987005,['서신동'],['5211168000']
전북특별자치도 전주시 완산구 새터로 49,127.1117254,35.8356991,['서신동'],['5211168000']
전북특별자치도 전주시 완산구 메너머1길 14-4,127.1214124,35.82127245,['중화산2동'],['5211167200']
전북특별자치도 전주시 덕진구 인교6길 13-8,127.1710177,35.82508148,['우아2동'],['5211361200']
전북특별자치도 전주시 덕진구 권삼득로 248-2,127.1330964,35.83975048,['금암1동'],['5211358000']
전북특별자치도 전주시 완산구 효자천변1길 32-12,127.1146059,35.79959216,['효자3동'],['5211171300']
전북특별자치도 전주시 완산구 신촌4길 15,127.1164907,35.81773158,['중화산2동'],['5211167200']
전북특별자치도 전주시 덕진구 사평3길 12,127.1225316,35.84393516,['덕진동'],['5211357000']
전북특별자치도 전주시 완산구 안터6길 9-7,127.1180785,35.83131976,['서신동'],['5211168000']
전북특별자치도 전주시 완산구 안터5길 17,127.1171675,35.83056549,['서신동'],['5211168000']
전북특별자치도 전주시 완산구 서신천변10길 10,127.1151486,35.82968024,['서신동'],['5211168000']
전북특별자치도 전주시 완산구 평화3길 21-5,127.1310113,35.78288435,['평화2동'],['5211169200']
전북특별자치도 전주시 덕진구 명륜2길 14,127.1287971,35.84160986,['금암1동'],['5211358000']
전북특별자치도 전주시 완산구 고사평9길 19-3,127.1089695,35.83853411,['서신동'],['5211168000']
전북특별자치도 전주시 완산구 메너머1길 10-28,127.1220753,35.82154297,['중화산2동'],['5211167200']
전북특별자치도 전주시 완산구 중산1길 12,127.119275,35.81452388,['중화산2동'],['5211167200']
전북특별자치도 전주시 덕진구 인교로 25-12,127.1720896,35.82511564,['우아2동'],['5211361200']
전북특별자치도 전주시 완산구 안터6길 41,127.1164556,35.83003147,['서신동'],['5211168000']
전북특별자치도 전주시 덕진구 명륜1길 13-3,127.1294454,35.84114222,['금암1동'],['5211358000']
전북특별자치도 전주시 덕진구 서가재미3길 18-5,127.160372,35.83278524,['인후3동'],['5211356000']
전북특별자치도 전주시 완산구 물왕멀3길 15-4,127.1471178,35.82775083,['노송동'],['5211160500']
전북특별자치도 전주시 완산구 안행7길 6-4,127.134397,35.80252258,['효자1동'],['5211171100']
전북특별자치도 전주시 완산구 전주천서로 139,127.146257,35.81112814,['완산동'],['5211163500']
전북특별자치도 전주시 완산구 고사평7길 13-3,127.1089258,35.83745768,['서신동'],['5211168000']
전북특별자치도 전주시 완산구 전룡4길 8-5,127.1200438,35.82613044,['서신동'],['5211168000']
전북특별자치도 전주시 완산구 고사평2길 13,127.1109318,35.8344196,['서신동'],['5211168000']
전북특별자치도 전주시 완산구 중산5길 8-11,127.1213076,35.81527944,['중화산2동'],['5211167200']
전북특별자치도 전주시 완산구 서곡4길 14,127.1029673,35.83495753,['효자5동'],['5211173000']
전북특별자치도 전주시 덕진구 금암3길 38,127.1350819,35.84044971,['금암1동'],['5211358000']
전북특별자치도 전주시 완산구 메너머4길 25-5,127.1200274,35.82444402,['중화산2동'],['5211167200']
전북특별자치도 전주시 덕진구 사평2길 2,127.1222052,35.84335094,['덕진동'],['5211357000']
전북특별자치도 전주시 완산구 고사평5길 24-9,127.1074782,35.8378851,['서신동'],['5211168000']
전북특별자치도 전주시 완산구 서곡1길 14-5,127.0999612,35.83579292,['효자5동'],['5211173000']
전북특별자치도 전주시 덕진구 삼송3길 34,127.1366268,35.84395358,['금암1동'],['5211358000']
전북특별자치도 전주시 덕진구 아중천1길 28-20,127.1725078,35.83490487,['우아2동'],['5211361200']
전북특별자치도 전주시 덕진구 한배미5길 22,127.1659873,35.82331062,['인후3동'],['5211356000']
전북특별자치도 전주시 덕진구 매봉6길 10-10,127.1394947,35.84150527,['금암2동'],['5211359000']
전북특별자치도 전주시 덕진구 모래내2길 10,127.1405965,35.83486704,['금암2동'],['5211359000']
전북특별자치도 전주시 덕진구 모래내2길 12,127.1405809,35.83498224,['금암2동'],['5211359000']
전북특별자치도 전주시 덕진구 동가재미2길 24-5,127.1633945,35.8332766,['인후3동'],['5211356000']
전북특별자치도 전주시 완산구 구이로 2072,127.1300717,35.78269916,['평화2동'],['5211169200']
전북특별자치도 전주시 덕진구 견훤로 190,127.1600735,35.82888914,['인후3동'],['5211356000']
전북특별자치도 전주시 완산구 백마산길 63-4,127.0863886,35.81691304,['효자4동'],['5211171400']
전북특별자치도 전주시 덕진구 석소3길 13-3,127.1698617,35.83408038,['우아2동'],['5211361200']
전북특별자치도 전주시 덕진구 숲정이1길 12,127.1295106,35.83067467,['진북동'],['5211352500']
전북특별자치도 전주시 덕진구 금암1길 21,127.1345458,35.83928273,['금암1동'],['5211358000']
전북특별자치도 전주시 완산구 전룡4길 7-7,127.1187921,35.82589763,['서신동'],['5211168000']
전북특별자치도 전주시 완산구 산월1길 10-21,127.120698,35.81340183,['중화산2동'],['5211167200']
전북특별자치도 전주시 덕진구 명륜2길 15-6,127.1289913,35.84214923,['금암1동'],['5211358000']
전북특별자치도 전주시 완산구 서신로 44-5,127.1164188,35.8293588,['서신동'],['5211168000']
전북특별자치도 전주시 완산구 서곡2길 22,127.1027561,35.83363241,['효자5동'],['5211173000']
전북특별자치도 전주시 덕진구 우아3길 10-7,127.1552206,35.84932069,['우아1동'],['5211361100']
전북특별자치도 전주시 완산구 고사평1길 22-4,127.1077017,35.83569169,['서신동'],['5211168000']
전북특별자치도 전주시 완산구 고사평1길 18-7,127.1078634,35.8357385,['서신동'],['5211168000']
전북특별자치도 전주시 완산구 고사평1길 18-5,127.1078631,35.83560575,['서신동'],['5211168000']
전북특별자치도 전주시 덕진구 한배미5길 11-4,127.1671581,35.82323122,['인후3동'],['5211356000']
전북특별자치도 전주시 완산구 속거길 3,127.0881421,35.81632153,['효자4동'],['5211171400']
전북특별자치도 전주시 완산구 고사평1길 22-6,127.1077043,35.83581741,['서신동'],['5211168000']
전북특별자치도 전주시 완산구 메너머1길 35,127.1189432,35.82082113,['중화산2동'],['5211167200']
전북특별자치도 전주시 완산구 중산1길 3,127.1200186,35.81434063,['중화산2동'],['5211167200']
전북특별자치도 전주시 완산구 메너머3길 17-12,127.1206418,35.82334252,['중화산2동'],['5211167200']
전북특별자치도 전주시 완산구 평화3길 27-3,127.1303763,35.78311549,['평화2동'],['5211169200']
전북특별자치도 전주시 완산구 평화3길 17,127.1314906,35.78312248,['평화2동'],['5211169200']
전북특별자치도 전주시 완산구 전룡4길 8-3,127.119904,35.8261249,['서신동'],['5211168000']
전북특별자치도 전주시 덕진구 심방죽5길 11-1,127.1528855,35.84045902,['인후1동'],['5211354000']
전북특별자치도 전주시 덕진구 한배미4길 13-1,127.1661163,35.82396899,['인후3동'],['5211356000']
전북특별자치도 전주시 덕진구 한배미4길 5-6,127.1667629,35.8239854,['인후3동'],['5211356000']
전북특별자치도 전주시 덕진구 백제대로 757,127.151565,35.84664674,['인후2동'],['5211355000']
전북특별자치도 전주시 완산구 완산1길 16,127.1394758,35.81145227,['완산동'],['5211163500']
전북특별자치도 전주시 완산구 물왕멀2길 34-4,127.1496902,35.82757839,['노송동'],['5211160500']
전북특별자치도 전주시 완산구 한절길 87,127.0907528,35.80457146,['효자4동'],['5211171400']
전북특별자치도 전주시 덕진구 삼송2길 8,127.1344632,35.84203662,['금암1동'],['5211358000']
전북특별자치도 전주시 덕진구 권삼득로 355,127.1240201,35.84604925,['덕진동'],['5211357000']
전북특별자치도 전주시 덕진구 벚꽃1길 9-4,127.1308409,35.82805336,['진북동'],['5211352500']
전북특별자치도 전주시 덕진구 인교로 25-14,127.1718818,35.82504591,['우아2동'],['5211361200']
전북특별자치도 전주시 덕진구 심방죽5길 13,127.1529668,35.84050804,['인후1동'],['5211354000']
전북특별자치도 전주시 완산구 고사평4길 22-4,127.1116733,35.83492416,['서신동'],['5211168000']
전북특별자치도 전주시 덕진구 명륜2길 15-1,127.1287103,35.84192828,['덕진동'],['5211357000']
전북특별자치도 전주시 덕진구 호반6길 9-6,127.1168031,35.85121112,['덕진동'],['5211357000']
전북특별자치도 전주시 덕진구 한배미1길 49-4,127.1667878,35.82270648,['인후3동'],['5211356000']
전북특별자치도 전주시 완산구 고사평9길 14,127.1098701,35.8385149,['서신동'],['5211168000']
전북특별자치도 전주시 완산구 서곡2길 13-7,127.1023882,35.83460752,['효자5동'],['5211173000']
전북특별자치도 전주시 완산구 감나무3길 7-3,127.1221404,35.83046483,['서신동'],['5211168000']
전북특별자치도 전주시 완산구 고사평1길 3,127.1090515,35.83452064,['서신동'],['5211168000']
전북특별자치도 전주시 완산구 서곡3길 13-8,127.1000789,35.83593333,['효자5동'],['5211173000']
전북특별자치도 전주시 완산구 감나무로 61-11,127.1185351,35.83174723,['서신동'],['5211168000']
전북특별자치도 전주시 완산구 전룡1길 8-5,127.1165901,35.82596512,['서신동'],['5211168000']
전북특별자치도 전주시 덕진구 호반8길 20,127.1166024,35.85215917,['덕진동'],['5211357000']
전북특별자치도 전주시 덕진구 인후6길 9-6,127.1576132,35.83158481,['인후3동'],['5211356000']
전북특별자치도 전주시 덕진구 한배미1길 57-1,127.167408,35.82276492,['인후3동'],['5211356000']
전북특별자치도 전주시 덕진구 도당산2길 7-3,127.1553719,35.8469274,['우아1동'],['5211361100']
전북특별자치도 전주시 덕진구 기린대로 400-13,127.1319427,35.83855641,['금암1동'],['5211358000']
전북특별자치도 전주시 덕진구 무삼지2길 18,127.1613777,35.82631404,['인후3동'],['5211356000']
전북특별자치도 전주시 덕진구 호반4길 9-4,127.1182146,35.85039816,['덕진동'],['5211357000']
전북특별자치도 전주시 덕진구 한배미3길 25,127.1640604,35.82441803,['인후3동'],['5211356000']
전북특별자치도 전주시 완산구 효자로 21,127.0885804,35.82072666,['효자5동'],['5211173000']
전북특별자치도 전주시 덕진구 건지4길 9-6,127.1453456,35.84548504,['인후2동'],['5211355000']
전북특별자치도 전주시 덕진구 권삼득로 251-4,127.1322887,35.83948631,['금암1동'],['5211358000']
전북특별자치도 전주시 덕진구 한배미5길 12-3,127.1668299,35.82386914,['인후3동'],['5211356000']
전북특별자치도 전주시 완산구 안터4길 18,127.1171443,35.82954637,['서신동'],['5211168000']
전북특별자치도 전주시 완산구 서곡로 74,127.1015829,35.8352782,['효자5동'],['5211173000']
전북특별자치도 전주시 완산구 세내로 532,127.1009487,35.83344639,['효자5동'],['5211173000']
전북특별자치도 전주시 완산구 안터5길 9-2,127.1178138,35.83010242,['서신동'],['5211168000']
전북특별자치도 전주시 덕진구 한배미1길 49-1,127.1665841,35.82252678,['인후3동'],['5211356000']
전북특별자치도 전주시 덕진구 아중7길 13-2,127.1716631,35.83280579,['우아2동'],['5211361200']
전북특별자치도 전주시 덕진구 권삼득로 219-4,127.1343299,35.83751101,['금암1동'],['5211358000']
전북특별자치도 전주시 덕진구 한배미5길 12,127.166949,35.82363564,['인후3동'],['5211356000']
전북특별자치도 전주시 완산구 한두평3길 18-6,127.1248623,35.81439869,['중화산1동'],['5211167100']
전북특별자치도 전주시 덕진구 팽나무5길 14,127.1557313,35.83548899,['인후1동'],['5211354000']
전북특별자치도 전주시 덕진구 팽나무5길 14,127.1557313,35.83548899,['인후1동'],['5211354000']
전북특별자치도 전주시 완산구 안터5길 16,127.1174425,35.83061587,['서신동'],['5211168000']
전북특별자치도 전주시 완산구 물왕멀2길 26-14,127.1494653,35.82702143,['노송동'],['5211160500']
전북특별자치도 전주시 완산구 화산천변2길 15-5,127.1176935,35.81988433,['중화산2동'],['5211167200']
전북특별자치도 전주시 완산구 서곡1길 25,127.098686,35.83575098,['효자5동'],['5211173000']
전북특별자치도 전주시 덕진구 무삼지4길 20,127.1641343,35.82595061,['인후3동'],['5211356000']
전북특별자치도 전주시 완산구 전주객사1길 6,127.1406731,35.8170267,['중앙동'],['5211151000']
전북특별자치도 전주시 완산구 서신천변2길 3-6,127.1147287,35.82690206,['서신동'],['5211168000']
전북특별자치도 전주시 완산구 서신천변4길 4-11,127.1147292,35.82714261,['서신동'],['5211168000']
전북특별자치도 전주시 완산구 서신천변2길 3-8,127.1147289,35.82702112,['서신동'],['5211168000']
전북특별자치도 전주시 완산구 서신천변2길 7-3,127.1148986,35.82690136,['서신동'],['5211168000']
전북특별자치도 전주시 완산구 인정로 20,127.120337,35.82083299,['중화산2동'],['5211167200']
전북특별자치도 전주시 완산구 평화18길 13-6,127.1349173,35.79441009,['평화2동'],['5211169200']
전북특별자치도 전주시 완산구 평화18길 13-8,127.1349163,35.79431897,['평화2동'],['5211169200']
전북특별자치도 전주시 완산구 신촌4길 5-4,127.1173418,35.8175167,['중화산2동'],['5211167200']
전북특별자치도 전주시 완산구 고사평4길 18-6,127.1112994,35.83484592,['서신동'],['5211168000']
전북특별자치도 전주시 완산구 평화3길 17-4,127.1311946,35.78298004,['평화2동'],['5211169200']
전북특별자치도 전주시 덕진구 매봉2길 5,127.1401392,35.84204185,['금암2동'],['5211359000']
전북특별자치도 전주시 덕진구 금암6길 42-1,127.13709,35.84049214,['금암1동'],['5211358000']
전북특별자치도 전주시 덕진구 서가재미3길 5,127.1586742,35.83292548,['인후3동'],['5211356000']
전북특별자치도 전주시 덕진구 동가재미1길 3-14,127.1623582,35.8325816,['인후3동'],['5211356000']
전북특별자치도 전주시 완산구 물왕멀로 9,127.1505177,35.82439826,['노송동'],['5211160500']
전북특별자치도 전주시 덕진구 명륜2길 7-5,127.1278873,35.84152611,['덕진동'],['5211357000']
전북특별자치도 전주시 덕진구 아중7길 13-4,127.1717279,35.83269439,['우아2동'],['5211361200']
전북특별자치도 전주시 완산구 서신천변8길 7-3,127.1149108,35.82892558,['서신동'],['5211168000']
전북특별자치도 전주시 완산구 서곡로 78,127.1018028,35.83555741,['효자5동'],['5211173000']
전북특별자치도 전주시 덕진구 인교8길 17,127.1745535,35.82654834,['우아2동'],['5211361200']
전북특별자치도 전주시 완산구 인정2길 12-1,127.1188444,35.81974296,['중화산2동'],['5211167200']
전북특별자치도 전주시 완산구 신촌4길 6-8,127.1175715,35.81844757,['중화산2동'],['5211167200']
전북특별자치도 전주시 완산구 신촌4길 6-6,127.1175692,35.81829292,['중화산2동'],['5211167200']
전북특별자치도 전주시 완산구 신촌4길 6-4,127.1175768,35.81813203,['중화산2동'],['5211167200']
전북특별자치도 전주시 덕진구 아중6길 14,127.1728364,35.83234059,['우아2동'],['5211361200']
전북특별자치도 전주시 덕진구 인교로 35-7,127.1722683,35.82517784,['우아2동'],['5211361200']
전북특별자치도 전주시 완산구 신촌2길 8-12,127.1175532,35.81492817,['중화산2동'],['5211167200']
전북특별자치도 전주시 완산구 중산3길 10,127.1194762,35.81580437,['중화산2동'],['5211167200']
전북특별자치도 전주시 완산구 중산4길 9,127.1194703,35.81595542,['중화산2동'],['5211167200']
전북특별자치도 전주시 완산구 맏내4길 20-6,127.1300684,35.79413189,['평화2동'],['5211169200']
전북특별자치도 전주시 완산구 평화3길 13-6,127.1315577,35.78280994,['평화2동'],['5211169200']
전북특별자치도 전주시 완산구 메너머1길 26,127.1200635,35.82106886,['중화산2동'],['5211167200']
전북특별자치도 전주시 덕진구 인교로 35-9,127.1724429,35.82523609,['우아2동'],['5211361200']
전북특별자치도 전주시 완산구 인정2길 2,127.1200536,35.81980963,['중화산2동'],['5211167200']
전북특별자치도 전주시 덕진구 금암3길 19,127.1369449,35.84079783,['금암1동'],['5211358000']
전북특별자치도 전주시 덕진구 동가재미1길 6-8,127.1617822,35.83149735,['인후3동'],['5211356000']
전북특별자치도 전주시 덕진구 동가재미1길 6-6,127.1617369,35.83160772,['인후3동'],['5211356000']
전북특별자치도 전주시 완산구 한절길 72,127.0908962,35.80318557,['효자4동'],['5211171400']
전북특별자치도 전주시 완산구 백마산길 13-7,127.0921476,35.81722727,['효자4동'],['5211171400']
전북특별자치도 전주시 완산구 백마산길 19-13,127.0915216,35.81692727,['효자4동'],['5211171400']
전북특별자치도 전주시 완산구 백마산길 13-16,127.0919896,35.81711059,['효자4동'],['5211171400']
전북특별자치도 전주시 덕진구 동가재미2길 28-3,127.1640356,35.83342668,['인후3동'],['5211356000']
전북특별자치도 전주시 완산구 안행5길 5-9,127.1318851,35.80132831,['삼천1동'],['5211170100']
전북특별자치도 전주시 완산구 신촌2길 8-14,127.117822,35.81490366,['중화산2동'],['5211167200']
전북특별자치도 전주시 덕진구 붓내5길 6,127.1220797,35.86847238,['송천1동'],['5211364100']
전북특별자치도 전주시 완산구 중산1길 8-7,127.1194218,35.81506602,['중화산2동'],['5211167200']
전북특별자치도 전주시 덕진구 덕진광장로 19,127.1250362,35.84501328,['덕진동'],['5211357000']
전북특별자치도 전주시 덕진구 인교3길 7,127.1727567,35.82768571,['우아2동'],['5211361200']
전북특별자치도 전주시 완산구 백마산길 13-14,127.0917025,35.81703447,['효자4동'],['5211171400']
전북특별자치도 전주시 덕진구 들사평4길 26-9,127.1242096,35.84044891,['덕진동'],['5211357000']
전북특별자치도 전주시 완산구 고사평2길 3-6,127.110032,35.83479292,['서신동'],['5211168000']
전북특별자치도 전주시 완산구 맏내로 158-1,127.1285574,35.79414523,['평화2동'],['5211169200']
전북특별자치도 전주시 덕진구 팽나무4길 5,127.1545041,35.83612236,['인후1동'],['5211354000']
전북특별자치도 전주시 완산구 강당1길 2,127.1343906,35.80864675,['완산동'],['5211163500']
전북특별자치도 전주시 완산구 서곡1길 23-6,127.0984505,35.83544592,['효자5동'],['5211173000']
전북특별자치도 전주시 덕진구 덕진연못1길 9-7,127.1227547,35.84528042,['덕진동'],['5211357000']
전북특별자치도 전주시 덕진구 석소3길 6-13,127.1708739,35.83393276,['우아2동'],['5211361200']
전북특별자치도 전주시 완산구 고사평1길 8-6,127.1088577,35.83522641,['서신동'],['5211168000']
전북특별자치도 전주시 완산구 서곡2길 24,127.1028687,35.83357265,['효자5동'],['5211173000']
전북특별자치도 전주시 덕진구 팽나무4길 8-1,127.1541681,35.83586656,['인후1동'],['5211354000']
전북특별자치도 전주시 완산구 고사평2길 9-3,127.1105551,35.83457704,['서신동'],['5211168000']
전북특별자치도 전주시 덕진구 우아7길 17,127.1543009,35.84968463,['우아1동'],['5211361100']
전북특별자치도 전주시 덕진구 우아7길 15,127.1544354,35.84972718,['우아1동'],['5211361100']
전북특별자치도 전주시 완산구 고사평7길 10-6,127.1097401,35.8378945,['서신동'],['5211168000']
전북특별자치도 전주시 완산구 전룡2길 4-15,127.1179021,35.82572952,['서신동'],['5211168000']
전북특별자치도 전주시 완산구 맏내2길 15,127.1299386,35.79182903,['평화2동'],['5211169200']
전북특별자치도 전주시 덕진구 팽나무4길 15-5,127.154995,35.83541325,['인후1동'],['5211354000']
전북특별자치도 전주시 완산구 고사평5길 22-4,127.1079941,35.83733271,['서신동'],['5211168000']
전북특별자치도 전주시 완산구 서신천변4길 8-5,127.1151305,35.82753436,['서신동'],['5211168000']
전북특별자치도 전주시 완산구 화산천변4길 14,127.1175316,35.82037829,['중화산2동'],['5211167200']
전북특별자치도 전주시 덕진구 매봉4길 5,127.1402611,35.84160207,['금암2동'],['5211359000']
전북특별자치도 전주시 완산구 메너머1길 24,127.1202389,35.82108058,['중화산2동'],['5211167200']
전북특별자치도 전주시 완산구 메너머1길 26-9,127.1196118,35.82122162,['중화산2동'],['5211167200']
전북특별자치도 전주시 완산구 효자천변1길 32,127.1146049,35.80025513,['효자3동'],['5211171300']
전북특별자치도 전주시 덕진구 안덕원2길 22,127.1644665,35.84213233,['우아2동'],['5211361200']
전북특별자치도 전주시 덕진구 용산3길 6-3,127.1317347,35.83656639,['금암1동'],['5211358000']
전북특별자치도 전주시 덕진구 용산2길 5-4,127.1315536,35.83643402,['금암1동'],['5211358000']
전북특별자치도 전주시 덕진구 용산2길 5-2,127.1314628,35.83636995,['금암1동'],['5211358000']
전북특별자치도 전주시 덕진구 용산2길 5-6,127.1316462,35.83650259,['금암1동'],['5211358000']
전북특별자치도 전주시 완산구 거마평로 168-4,127.1167756,35.80773073,['효자2동'],['5211171200']
전북특별자치도 전주시 덕진구 석소2길 6-13,127.1696534,35.83360247,['우아2동'],['5211361200']
전북특별자치도 전주시 완산구 고사평1길 8-9,127.1086455,35.83547211,['서신동'],['5211168000']
전북특별자치도 전주시 완산구 고사평7길 21-3,127.1082906,35.83785184,['서신동'],['5211168000']
전북특별자치도 전주시 완산구 메너머2길 29-9,127.1196004,35.82167776,['중화산2동'],['5211167200']
전북특별자치도 전주시 덕진구 덕진연못1길 17-20,127.1233797,35.84596906,['덕진동'],['5211357000']
전북특별자치도 전주시 덕진구 가재미로 87,127.16061,35.8327432,['인후3동'],['5211356000']
전북특별자치도 전주시 완산구 오목대길 45-8,127.1535406,35.81276737,['풍남동'],['5211153000']
전북특별자치도 전주시 완산구 고사평7길 21-5,127.108192,35.83773476,['서신동'],['5211168000']
전북특별자치도 전주시 완산구 백마산길 81,127.0855946,35.81832309,['효자4동'],['5211171400']
전북특별자치도 전주시 완산구 백마산길 83,127.0853621,35.81839536,['효자4동'],['5211171400']
전북특별자치도 전주시 완산구 세내로 512,127.1028027,35.83253815,['효자5동'],['5211173000']
전북특별자치도 전주시 덕진구 아중5길 10-2,127.1699526,35.82998954,['우아2동'],['5211361200']
전북특별자치도 전주시 덕진구 도토리골2길 9,127.1341308,35.82037461,['진북동'],['5211352500']
전북특별자치도 전주시 덕진구 삼송4길 8,127.1357369,35.84220399,['금암1동'],['5211358000']
전북특별자치도 전주시 완산구 백마산길 50-4,127.0880888,35.81697787,['효자4동'],['5211171400']
전북특별자치도 전주시 완산구 백마산길 95,127.0851458,35.8196762,['효자4동'],['5211171400']
전북특별자치도 전주시 완산구 백마산길 93-2,127.0849731,35.8195405,['효자4동'],['5211171400']
전북특별자치도 전주시 완산구 백마산길 93-4,127.0847565,35.81941178,['효자4동'],['5211171400']
전북특별자치도 전주시 완산구 백마산길 93,127.0851349,35.81923243,['효자4동'],['5211171400']
전북특별자치도 전주시 완산구 백마산길 93-8,127.0845273,35.8192087,['효자4동'],['5211171400']
전북특별자치도 전주시 완산구 백마산길 19-15,127.0913382,35.81681655,['효자4동'],['5211171400']
전북특별자치도 전주시 완산구 꽃밭정1길 12,127.133577,35.79731356,['평화2동'],['5211169200']
전북특별자치도 전주시 완산구 백마산길 93-5,127.0847454,35.81908255,['효자4동'],['5211171400']
전북특별자치도 전주시 덕진구 가재미3길 13-5,127.1609624,35.82865345,['인후3동'],['5211356000']
전북특별자치도 전주시 덕진구 아중천2길 45-3,127.1710169,35.83596895,['우아2동'],['5211361200']
전북특별자치도 전주시 완산구 백마산길 30,127.0899071,35.8172944,['효자4동'],['5211171400']
전북특별자치도 전주시 덕진구 석소로 22,127.1695104,35.82935189,['우아2동'],['5211361200']
전북특별자치도 전주시 완산구 효자로 28,127.0889482,35.8198126,['효자4동'],['5211171400']
전북특별자치도 전주시 덕진구 아중6길 24-3,127.1715161,35.83217647,['우아2동'],['5211361200']
전북특별자치도 전주시 완산구 향교길 73-12,127.1537438,35.81230702,['풍남동'],['5211153000']
전북특별자치도 전주시 덕진구 석소4길 5-1,127.1715245,35.83380656,['우아2동'],['5211361200']
전북특별자치도 전주시 완산구 평화1길 30-4,127.1303568,35.78290993,['평화2동'],['5211169200']
전북특별자치도 전주시 덕진구 동가재미1길 3-10,127.1620106,35.83250032,['인후3동'],['5211356000']
전북특별자치도 전주시 완산구 고사평3길 21-3,127.1077012,35.83619775,['서신동'],['5211168000']
전북특별자치도 전주시 완산구 백마산길 59,127.0868994,35.8165181,['효자4동'],['5211171400']
전북특별자치도 전주시 완산구 고사평3길 21-4,127.1074179,35.8363468,['서신동'],['5211168000']
전북특별자치도 전주시 완산구 용머리로 84-1,127.1194032,35.80606288,['효자2동'],['5211171200']
전북특별자치도 전주시 완산구 전주천서로 173-3,127.1428056,35.81186781,['완산동'],['5211163500']
전북특별자치도 전주시 완산구 밤나무1길 8-4,127.1164359,35.80971645,['효자2동'],['5211171200']
전북특별자치도 전주시 완산구 구이로 2078,127.130155,35.78327958,['평화2동'],['5211169200']
전북특별자치도 전주시 완산구 백마산길 13-12,127.0915555,35.81728162,['효자4동'],['5211171400']
전북특별자치도 전주시 덕진구 금암3길 17,127.13714,35.84086412,['금암1동'],['5211358000']
전북특별자치도 전주시 완산구 메너머1길 14-19,127.1210869,35.82146402,['중화산2동'],['5211167200']
전북특별자치도 전주시 완산구 고사평1길 18-6,127.1080863,35.83558031,['서신동'],['5211168000']
전북특별자치도 전주시 완산구 고사평1길 18-8,127.1080874,35.83570973,['서신동'],['5211168000']
전북특별자치도 전주시 완산구 백마산길 75-2,127.0859782,35.81795754,['효자4동'],['5211171400']
전북특별자치도 전주시 완산구 백마산길 75-6,127.085639,35.81769668,['효자4동'],['5211171400']
전북특별자치도 전주시 완산구 백마산길 75-3,127.0858933,35.81773327,['효자4동'],['5211171400']
전북특별자치도 전주시 완산구 서신천변13길 8-4,127.1134884,35.83074062,['서신동'],['5211168000']
전북특별자치도 전주시 덕진구 호반6길 25-4,127.1181308,35.85211144,['덕진동'],['5211357000']
전북특별자치도 전주시 완산구 서곡7길 3-8,127.1028406,35.83188336,['효자5동'],['5211173000']
전북특별자치도 전주시 덕진구 건지2길 10,127.1414321,35.84421957,['금암2동'],['5211359000']
전북특별자치도 전주시 덕진구 사평로 5-16,127.1176144,35.83953374,['덕진동'],['5211357000']
전북특별자치도 전주시 덕진구 권삼득로 211-23,127.1350187,35.83647983,['금암1동'],['5211358000']
전북특별자치도 전주시 완산구 서곡2길 16-4,127.1021647,35.8337006,['효자5동'],['5211173000']
전북특별자치도 전주시 덕진구 붓내2길 20,127.1237007,35.86512833,['송천1동'],['5211364100']
전북특별자치도 전주시 완산구 서곡3길 2-11,127.1013217,35.83638454,['효자5동'],['5211173000']
전북특별자치도 전주시 덕진구 동가재미3길 12,127.1618675,35.8335375,['인후3동'],['5211356000']
전북특별자치도 전주시 완산구 물왕멀3길 20-5,127.1480486,35.82756186,['노송동'],['5211160500']
전북특별자치도 전주시 완산구 물왕멀3길 20-7,127.148167,35.82746645,['노송동'],['5211160500']
전북특별자치도 전주시 덕진구 석소4길 6,127.1717484,35.83397198,['우아2동'],['5211361200']
전북특별자치도 전주시 완산구 고사평2길 13-5,127.1109364,35.83469475,['서신동'],['5211168000']
전북특별자치도 전주시 완산구 고사평2길 13-3,127.1109355,35.83455704,['서신동'],['5211168000']
전북특별자치도 전주시 완산구 백마산길 61-1,127.086731,35.81647298,['효자4동'],['5211171400']
전북특별자치도 전주시 완산구 평화4길 13-6,127.1350804,35.7830628,['평화2동'],['5211169200']
전북특별자치도 전주시 덕진구 한배미1길 13,127.1639288,35.8243435,['인후3동'],['5211356000']
전북특별자치도 전주시 완산구 전룡로 32,127.116672,35.82632393,['서신동'],['5211168000']
전북특별자치도 전주시 완산구 고사평3길 21-7,127.1077052,35.83594458,['서신동'],['5211168000']
전북특별자치도 전주시 완산구 중산로 43-10,127.1193171,35.81807336,['중화산2동'],['5211167200']
전북특별자치도 전주시 완산구 전주천서로 173-4,127.1426254,35.811828,['완산동'],['5211163500']
전북특별자치도 전주시 완산구 안터4길 14-4,127.117661,35.82967592,['서신동'],['5211168000']
전북특별자치도 전주시 완산구 중산로 43-12,127.1191579,35.81806901,['중화산2동'],['5211167200']
전북특별자치도 전주시 덕진구 한배미4길 18-2,127.1654789,35.824206,['인후3동'],['5211356000']
전북특별자치도 전주시 완산구 전라감영1길 8,127.1408905,35.81496914,['중앙동'],['5211151000']
전북특별자치도 전주시 덕진구 붓내4길 11,127.1225715,35.8679459,['송천1동'],['5211364100']
전북특별자치도 전주시 완산구 평화14길 23,127.1336395,35.79231247,['평화2동'],['5211169200']
전북특별자치도 전주시 완산구 새터로 42,127.1110028,35.83550853,['서신동'],['5211168000']
전북특별자치도 전주시 덕진구 무삼지4길 24-2,127.1640703,35.82609084,['인후3동'],['5211356000']
전북특별자치도 전주시 완산구 평화3길 27-9,127.1305416,35.78309638,['평화2동'],['5211169200']
전북특별자치도 전주시 덕진구 무삼지2길 4,127.1628483,35.82672564,['인후3동'],['5211356000']
전북특별자치도 전주시 덕진구 석소1길 19,127.1683028,35.83401868,['우아2동'],['5211361200']
전북특별자치도 전주시 완산구 밤나무1길 4,127.1166341,35.81004576,['효자2동'],['5211171200']
전북특별자치도 전주시 완산구 메너머2길 21,127.120468,35.82228155,['중화산2동'],['5211167200']
전북특별자치도 전주시 완산구 평화3길 13-3,127.1318075,35.7828933,['평화2동'],['5211169200']
전북특별자치도 전주시 덕진구 동가재미1길 3-12,127.1621795,35.83253831,['인후3동'],['5211356000']
전북특별자치도 전주시 덕진구 사평3길 9-3,127.1222184,35.84355398,['덕진동'],['5211357000']
전북특별자치도 전주시 덕진구 인봉3길 41-5,127.1582387,35.82930101,['인후3동'],['5211356000']
전북특별자치도 전주시 완산구 고사평5길 10-5,127.1089717,35.83725495,['서신동'],['5211168000']
전북특별자치도 전주시 완산구 서곡1길 13-3,127.0997,35.8350204,['효자5동'],['5211173000']
전북특별자치도 전주시 완산구 서곡2길 14-9,127.1017049,35.83333174,['효자5동'],['5211173000']
전북특별자치도 전주시 덕진구 백동6길 11,127.1513373,35.84735262,['인후2동'],['5211355000']
전북특별자치도 전주시 완산구 메너머1길 22,127.1204363,35.82108335,['중화산2동'],['5211167200']
전북특별자치도 전주시 완산구 현무3길 9-14,127.1512164,35.8207663,['풍남동'],['5211153000']
전북특별자치도 전주시 완산구 전룡로 21,127.1153116,35.82639572,['서신동'],['5211168000']
전북특별자치도 전주시 완산구 서곡4길 36,127.1031035,35.83348259,['효자5동'],['5211173000']
전북특별자치도 전주시 덕진구 팽나무5길 11-2,127.156174,35.83570571,['인후1동'],['5211354000']
전북특별자치도 전주시 완산구 서신천변12길 6,127.114755,35.83002129,['서신동'],['5211168000']
전북특별자치도 전주시 덕진구 안골2길 11-2,127.1569863,35.83950886,['인후1동'],['5211354000']
전북특별자치도 전주시 완산구 고사평2길 7-6,127.1103979,35.83477041,['서신동'],['5211168000']
전북특별자치도 전주시 완산구 아중로 87-12,127.1600915,35.82455289,['노송동'],['5211160500']
전북특별자치도 전주시 덕진구 석소3길 17-3,127.1697194,35.83440251,['우아2동'],['5211361200']
전북특별자치도 전주시 덕진구 안골2길 13,127.1570547,35.8393387,['인후1동'],['5211354000']
전북특별자치도 전주시 완산구 화산천변3길 4-3,127.1156189,35.82074759,['중화산2동'],['5211167200']
전북특별자치도 전주시 덕진구 삼송1길 25,127.1338517,35.84258211,['금암1동'],['5211358000']
전북특별자치도 전주시 덕진구 가재미1길 14-4,127.1610528,35.82842801,['인후3동'],['5211356000']
전북특별자치도 전주시 완산구 메너머2길 29-4,127.1193516,35.8220021,['중화산2동'],['5211167200']
전북특별자치도 전주시 덕진구 들사평서로 32-1,127.1200726,35.83872397,['덕진동'],['5211357000']
전북특별자치도 전주시 덕진구 가재미5길 13-6,127.1603484,35.82946108,['인후3동'],['5211356000']
전북특별자치도 전주시 덕진구 한배미4길 5-4,127.1667075,35.82410138,['인후3동'],['5211356000']
전북특별자치도 전주시 완산구 평화4길 13-12,127.1351937,35.7834495,['평화2동'],['5211169200']
전북특별자치도 전주시 완산구 평화4길 13-10,127.1351517,35.78330777,['평화2동'],['5211169200']
전북특별자치도 전주시 덕진구 권삼득로 291,127.1292939,35.84253068,['금암1동'],['5211358000']
전북특별자치도 전주시 완산구 서곡6길 23-4,127.1033909,35.83505396,['효자5동'],['5211173000']
전북특별자치도 전주시 완산구 선너머3길 6-17,127.1316046,35.81361453,['중화산1동'],['5211167100']
전북특별자치도 전주시 완산구 서곡6길 4-7,127.1024616,35.83599306,['효자5동'],['5211173000']
전북특별자치도 전주시 완산구 고사평6길 11-5,127.1109157,35.83636029,['서신동'],['5211168000']
전북특별자치도 전주시 완산구 화산천변3길 11,127.1150859,35.82036182,['중화산2동'],['5211167200']
전북특별자치도 전주시 완산구 고사평3길 17-5,127.1080921,35.83597497,['서신동'],['5211168000']
전북특별자치도 전주시 완산구 메너머2길 19-8,127.1206516,35.82186318,['중화산2동'],['5211167200']
전북특별자치도 전주시 완산구 서곡2길 6-10,127.100985,35.83385814,['효자5동'],['5211173000']
전북특별자치도 전주시 덕진구 석소2길 6-7,127.1694921,35.83342848,['우아2동'],['5211361200']
전북특별자치도 전주시 완산구 천잠로 227-47,127.0907324,35.80773428,['효자4동'],['5211171400']
전북특별자치도 전주시 덕진구 삼송2길 16,127.1342706,35.84255478,['금암1동'],['5211358000']
전북특별자치도 전주시 완산구 서곡2길 11,127.1019916,35.83432369,['효자5동'],['5211173000']
전북특별자치도 전주시 덕진구 떡전로 22-8,127.1277688,35.83700914,['금암1동'],['5211358000']
전북특별자치도 전주시 완산구 평화2길 13,127.1343488,35.78203212,['평화2동'],['5211169200']
전북특별자치도 전주시 완산구 전라감영1길 11,127.1403834,35.81511276,['중앙동'],['5211151000']
전북특별자치도 전주시 덕진구 안골2길 15-3,127.1571492,35.83962058,['인후1동'],['5211354000']
전북특별자치도 전주시 완산구 거마평로 62,127.1170596,35.79800231,['삼천2동'],['5211170200']
전북특별자치도 전주시 완산구 새터로 8,127.1077269,35.83670793,['서신동'],['5211168000']
전북특별자치도 전주시 완산구 평화4길 6,127.133765,35.78269241,['평화2동'],['5211169200']
전북특별자치도 전주시 완산구 백마산길 61-3,127.0865326,35.81645978,['효자4동'],['5211171400']
전북특별자치도 전주시 완산구 안터6길 13,127.1176993,35.83150543,['서신동'],['5211168000']
,,,['NaN'],['NaN']
전북특별자치도 전주시 완산구 장승배기3길 7-4,127.1420373,35.79983083,['평화1동'],['5211169100']
전북특별자치도 전주시 완산구 중산1길 1,127.1202248,35.81434601,['중화산2동'],['5211167200']
전북특별자치도 전주시 완산구 고사평5길 14-6,127.1088485,35.83732455,['서신동'],['5211168000']
전북특별자치도 전주시 완산구 서곡1길 23-5,127.0986719,35.83536472,['효자5동'],['5211173000']
전북특별자치도 전주시 덕진구 인후4길 3-7,127.1548434,35.82987476,['인후3동'],['5211356000']
전북특별자치도 전주시 덕진구 금암4길 20,127.1373534,35.83974398,['금암1동'],['5211358000']
전북특별자치도 전주시 덕진구 한배미3길 13,127.1651961,35.82482096,['인후3동'],['5211356000']
전북특별자치도 전주시 완산구 평화3길 23,127.1307121,35.78323508,['평화2동'],['5211169200']
전북특별자치도 전주시 완산구 백마산길 13-4,127.0917669,35.81736663,['효자4동'],['5211171400']
전북특별자치도 전주시 완산구 고사평4길 9,127.1105976,35.83558587,['서신동'],['5211168000']
전북특별자치도 전주시 덕진구 진버들2길 38,127.1617554,35.83699695,['인후3동'],['5211356000']
전북특별자치도 전주시 완산구 고사평7길 10,127.1095129,35.83764272,['서신동'],['5211168000']
전북특별자치도 전주시 덕진구 무삼지3길 9-3,127.1621723,35.82722675,['인후3동'],['5211356000']
전북특별자치도 전주시 완산구 고사평2길 7-3,127.1101732,35.83464192,['서신동'],['5211168000']
전북특별자치도 전주시 덕진구 팽나무4길 8-2,127.1541189,35.8360823,['인후1동'],['5211354000']
전북특별자치도 전주시 덕진구 석소2길 14-14,127.1694712,35.83394773,['우아2동'],['5211361200']
전북특별자치도 전주시 완산구 서곡3길 23-3,127.0995004,35.83644248,['효자5동'],['5211173000']
전북특별자치도 전주시 완산구 서신천변11길 16,127.112647,35.83029358,['서신동'],['5211168000']
전북특별자치도 전주시 완산구 풍남문2길 114,127.1438182,35.8140244,['풍남동'],['5211153000']
전북특별자치도 전주시 완산구 효자로 38,127.0894772,35.8195211,['효자4동'],['5211171400']
전북특별자치도 전주시 완산구 고사평7길 24,127.1083076,35.8383276,['서신동'],['5211168000']
전북특별자치도 전주시 완산구 서곡4길 31,127.1037136,35.83372748,['효자5동'],['5211173000']
전북특별자치도 전주시 완산구 서곡4길 40,127.1029274,35.83326824,['효자5동'],['5211173000']
전북특별자치도 전주시 덕진구 권삼득로 251-6,127.1323039,35.83933614,['금암1동'],['5211358000']
전북특별자치도 전주시 덕진구 아중천2길 43,127.171054,35.83617159,['우아2동'],['5211361200']
전북특별자치도 전주시 완산구 선너머3길 6-5,127.131003,35.81366421,['중화산1동'],['5211167100']
전북특별자치도 전주시 완산구 고사평3길 17-8,127.1078655,35.83587882,['서신동'],['5211168000']
전북특별자치도 전주시 덕진구 석소2길 14-10,127.1695507,35.8338118,['우아2동'],['5211361200']
전북특별자치도 전주시 완산구 서곡1길 24-4,127.0991441,35.83598394,['효자5동'],['5211173000']
전북특별자치도 전주시 덕진구 모래내9길 5-8,127.1442829,35.83624772,['금암2동'],['5211359000']
전북특별자치도 전주시 완산구 고사평7길 17,127.1087131,35.83780477,['서신동'],['5211168000']
전북특별자치도 전주시 완산구 고사평3길 3-8,127.1090219,35.8354933,['서신동'],['5211168000']
전북특별자치도 전주시 완산구 평화3길 17-3,127.1314365,35.78295815,['평화2동'],['5211169200']
전북특별자치도 전주시 완산구 고사평9길 11,127.1098147,35.83826954,['서신동'],['5211168000']
전북특별자치도 전주시 완산구 서곡1길 15,127.0994608,35.83533297,['효자5동'],['5211173000']
전북특별자치도 전주시 완산구 평화3길 11,127.1322245,35.78298225,['평화2동'],['5211169200']
전북특별자치도 전주시 완산구 고사평7길 8-4,127.1099594,35.83761843,['서신동'],['5211168000']
전북특별자치도 전주시 덕진구 삼송3길 22-12,127.1363945,35.84303961,['금암1동'],['5211358000']
전북특별자치도 전주시 완산구 고사평2길 11,127.1107882,35.83444281,['서신동'],['5211168000']
전북특별자치도 전주시 완산구 서곡1길 14-3,127.0998573,35.83562889,['효자5동'],['5211173000']
전북특별자치도 전주시 완산구 화산천변3길 14,127.1147645,35.82057753,['중화산2동'],['5211167200']
전북특별자치도 전주시 덕진구 건산로 105,127.1487258,35.83298957,['인후2동'],['5211355000']
전북특별자치도 전주시 완산구 서신천변11길 4,127.1137947,35.83027014,['서신동'],['5211168000']
전북특별자치도 전주시 완산구 평화14길 21,127.1338531,35.79227357,['평화2동'],['5211169200']
전북특별자치도 전주시 완산구 서곡2길 6-4,127.1012626,35.83421724,['효자5동'],['5211173000']
전북특별자치도 전주시 완산구 고사평4길 8-5,127.1104023,35.83508423,['서신동'],['5211168000']
전북특별자치도 전주시 완산구 구이로 2076,127.1301199,35.78298689,['평화2동'],['5211169200']
전북특별자치도 전주시 완산구 서곡3길 24-16,127.1003827,35.83706397,['효자5동'],['5211173000']
전북특별자치도 전주시 완산구 서곡5길 23-17,127.1004742,35.83719007,['효자5동'],['5211173000']
,,,['NaN'],['NaN']
전북특별자치도 전주시 덕진구 팽나무3길 8,127.152934,35.83579793,['인후1동'],['5211354000']
전북특별자치도 전주시 덕진구 팽나무3길 8-1,127.152967,35.83569361,['인후1동'],['5211354000']
전북특별자치도 전주시 완산구 인정3길 15-9,127.1187013,35.81974391,['중화산2동'],['5211167200']
전북특별자치도 전주시 완산구 평화19길 9-16,127.1374842,35.79622683,['평화1동'],['5211169100']
전북특별자치도 전주시 덕진구 한배미3길 20-1,127.1645287,35.82482233,['인후3동'],['5211356000']
전북특별자치도 전주시 완산구 화산천변6길 3-4,127.115605,35.82108377,['중화산2동'],['5211167200']
전북특별자치도 전주시 완산구 평화2길 5,127.1337888,35.78225374,['평화2동'],['5211169200']
전북특별자치도 전주시 완산구 비아길 20,127.1029788,35.7799296,['삼천3동'],['5211170300']
전북특별자치도 전주시 완산구 전룡1길 10-6,127.116803,35.82611489,['서신동'],['5211168000']
전북특별자치도 전주시 완산구 평화4길 8-3,127.134103,35.78245365,['평화2동'],['5211169200']
전북특별자치도 전주시 덕진구 반태산5길 19,127.1495712,35.83207159,['인후2동'],['5211355000']
전북특별자치도 전주시 완산구 안행2길 6-12,127.1312409,35.80103123,['삼천1동'],['5211170100']
전북특별자치도 전주시 완산구 감나무4길 11-5,127.1216596,35.8312066,['서신동'],['5211168000']
전북특별자치도 전주시 완산구 감나무3길 12-6,127.1216588,35.83107961,['서신동'],['5211168000']
전북특별자치도 전주시 완산구 고사평8길 6,127.1106208,35.83682318,['서신동'],['5211168000']
전북특별자치도 전주시 완산구 서곡1길 19-3,127.0990564,35.83534268,['효자5동'],['5211173000']
전북특별자치도 전주시 완산구 세내로 505,127.1032604,35.83195167,['효자5동'],['5211173000']
전북특별자치도 전주시 완산구 송정2길 8,127.1193717,35.79974506,['삼천1동'],['5211170100']
전북특별자치도 전주시 완산구 서곡7길 2,127.1023036,35.83239744,['효자5동'],['5211173000']
전북특별자치도 전주시 완산구 서곡7길 3-6,127.102697,35.83192548,['효자5동'],['5211173000']
전북특별자치도 전주시 덕진구 금암3길 26-5,127.1358885,35.84111528,['금암1동'],['5211358000']
전북특별자치도 전주시 덕진구 금암3길 26-3,127.1360414,35.8409436,['금암1동'],['5211358000']
전북특별자치도 전주시 덕진구 인교4길 9,127.171643,35.82650296,['우아2동'],['5211361200']
전북특별자치도 전주시 덕진구 한배미3길 5,127.1661587,35.82515472,['인후3동'],['5211356000']
전북특별자치도 전주시 완산구 안행로 53,127.1335205,35.80178002,['효자1동'],['5211171100']
전북특별자치도 전주시 덕진구 인교4길 11-1,127.1714801,35.82644731,['우아2동'],['5211361200']
전북특별자치도 전주시 완산구 서곡4길 24,127.1034115,35.83444631,['효자5동'],['5211173000']
전북특별자치도 전주시 덕진구 명륜1길 14-1,127.1299518,35.84091294,['금암1동'],['5211358000']
전북특별자치도 전주시 완산구 서곡5길 23-21,127.1004118,35.83741255,['효자5동'],['5211173000']
전북특별자치도 전주시 덕진구 인봉3길 36,127.1578891,35.82882958,['노송동'],['5211160500']
전북특별자치도 전주시 완산구 고사평8길 8,127.1107331,35.83675602,['서신동'],['5211168000']
전북특별자치도 전주시 덕진구 태진로 137-11,127.1347315,35.83313388,['금암1동'],['5211358000']
전북특별자치도 전주시 덕진구 금암3길 6,127.1383397,35.84143586,['금암1동'],['5211358000']
전북특별자치도 전주시 완산구 메너머1길 29,127.1196936,35.82082985,['중화산2동'],['5211167200']
전북특별자치도 전주시 덕진구 금암5길 28,127.1356107,35.83955065,['금암1동'],['5211358000']
전북특별자치도 전주시 덕진구 아중천2길 23-5,127.1720063,35.83524662,['우아2동'],['5211361200']
전북특별자치도 전주시 완산구 따박골6길 36-21,127.128945,35.80994801,['중화산1동'],['5211167100']
전북특별자치도 전주시 덕진구 가재미로 85,127.1606491,35.83258777,['인후3동'],['5211356000']
전북특별자치도 전주시 완산구 서곡3길 14-18,127.1012307,35.83681307,['효자5동'],['5211173000']
전북특별자치도 전주시 완산구 거마평로 50,127.1170714,35.79699667,['삼천2동'],['5211170200']
전북특별자치도 전주시 완산구 서곡4길 7,127.1024794,35.83552457,['효자5동'],['5211173000']
전북특별자치도 전주시 완산구 서곡2길 1-8,127.1017797,35.8350976,['효자5동'],['5211173000']
전북특별자치도 전주시 덕진구 붓내5길 12,127.1227095,35.86861891,['송천1동'],['5211364100']
전북특별자치도 전주시 덕진구 건지2길 9,127.1412427,35.84416464,['금암2동'],['5211359000']
전북특별자치도 전주시 덕진구 아중3길 9-5,127.1701168,35.82965331,['우아2동'],['5211361200']
전북특별자치도 전주시 덕진구 한배미4길 13-8,127.1657867,35.82363202,['인후3동'],['5211356000']
전북특별자치도 전주시 덕진구 붓내5길 14,127.1228337,35.86870728,['송천1동'],['5211364100']
전북특별자치도 전주시 덕진구 견훤로 257,127.1572629,35.83448444,['인후3동'],['5211356000']
전북특별자치도 전주시 완산구 고사평7길 8,127.1098494,35.83749569,['서신동'],['5211168000']
전북특별자치도 전주시 완산구 감나무4길 7-4,127.1217913,35.83134922,['서신동'],['5211168000']
전북특별자치도 전주시 완산구 백마산길 23-15,127.0909107,35.81663374,['효자4동'],['5211171400']
전북특별자치도 전주시 덕진구 한배미5길 13,127.1670358,35.8234513,['인후3동'],['5211356000']
전북특별자치도 전주시 완산구 서곡1길 19-2,127.0989843,35.83555778,['효자5동'],['5211173000']
전북특별자치도 전주시 덕진구 모래내6길 26-9,127.1450461,35.83685335,['인후2동'],['5211355000']
전북특별자치도 전주시 덕진구 신복6길 27-2,127.1049502,35.85570418,['팔복동'],['5211360000']
전북특별자치도 전주시 덕진구 삼송5길 9-11,127.1362496,35.84248082,['금암1동'],['5211358000']
전북특별자치도 전주시 덕진구 금암2길 7-1,127.1347252,35.84075672,['금암1동'],['5211358000']
전북특별자치도 전주시 완산구 물왕멀3길 20-26,127.1479016,35.82729752,['노송동'],['5211160500']
전북특별자치도 전주시 완산구 따박골6길 36-19,127.1287801,35.80990971,['중화산1동'],['5211167100']
전북특별자치도 전주시 완산구 메너머2길 19-9,127.1208935,35.82158634,['중화산2동'],['5211167200']
전북특별자치도 전주시 덕진구 삼송3길 7,127.1349269,35.84215867,['금암1동'],['5211358000']
전북특별자치도 전주시 덕진구 인교로 35-19,127.1720988,35.82526866,['우아2동'],['5211361200']
전북특별자치도 전주시 완산구 고사평9길 12,127.1099901,35.83844801,['서신동'],['5211168000']
전북특별자치도 전주시 완산구 장승배기3길 9,127.1420309,35.8000667,['평화1동'],['5211169100']
전북특별자치도 전주시 완산구 백마산길 42-3,127.088522,35.81711418,['효자4동'],['5211171400']
전북특별자치도 전주시 완산구 고사평3길 21,127.1076797,35.83644426,['서신동'],['5211168000']
전북특별자치도 전주시 완산구 서곡2길 20,127.1025838,35.83372908,['효자5동'],['5211173000']
전북특별자치도 전주시 완산구 서곡1길 24,127.0990304,35.83582073,['효자5동'],['5211173000']
전북특별자치도 전주시 덕진구 석소2길 14-4,127.1692495,35.8338571,['우아2동'],['5211361200']
전북특별자치도 전주시 완산구 중산1길 6,127.1198209,35.81455497,['중화산2동'],['5211167200']
전북특별자치도 전주시 덕진구 떡전4길 8-1,127.1283171,35.83800516,['금암1동'],['5211358000']
전북특별자치도 전주시 완산구 평화3길 25,127.1305508,35.78324923,['평화2동'],['5211169200']
전북특별자치도 전주시 완산구 서학2길 34-4,127.1511664,35.80618802,['서서학동'],['5211166000']
전북특별자치도 전주시 완산구 고사평5길 22-8,127.108121,35.83761802,['서신동'],['5211168000']
전북특별자치도 전주시 완산구 정동길 1-4,127.1034492,35.78276755,['삼천3동'],['5211170300']
전북특별자치도 전주시 덕진구 한배미4길 9-3,127.1665784,35.82398656,['인후3동'],['5211356000']
전북특별자치도 전주시 완산구 꽃밭정로 65-1,127.1392321,35.79871438,['평화1동'],['5211169100']
전북특별자치도 전주시 덕진구 솔내1길 82,127.1255355,35.85760519,['송천1동'],['5211364100']
전북특별자치도 전주시 덕진구 한배미3길 21,127.1645619,35.82454965,['인후3동'],['5211356000']
전북특별자치도 전주시 완산구 서곡1길 13-2,127.0995662,35.83525538,['효자5동'],['5211173000']
전북특별자치도 전주시 덕진구 인교로 19,127.171123,35.82462926,['우아2동'],['5211361200']
전북특별자치도 전주시 덕진구 무삼지2길 17,127.1615729,35.82616507,['인후3동'],['5211356000']
전북특별자치도 전주시 완산구 서곡1길 16-4,127.099734,35.83570397,['효자5동'],['5211173000']
전북특별자치도 전주시 완산구 선너머로 36-6,127.1281231,35.81544848,['중화산1동'],['5211167100']
전북특별자치도 전주시 완산구 선너머로 36-10,127.1281741,35.81519066,['중화산1동'],['5211167100']
전북특별자치도 전주시 완산구 선너머로 36-4,127.1282889,35.81556141,['중화산1동'],['5211167100']
전북특별자치도 전주시 덕진구 팽나무4길 12-6,127.1538895,35.83566963,['인후1동'],['5211354000']
전북특별자치도 전주시 덕진구 팽나무3길 11-7,127.1537698,35.83564653,['인후1동'],['5211354000']
전북특별자치도 전주시 덕진구 들사평1길 24,127.1215284,35.83842148,['덕진동'],['5211357000']
전북특별자치도 전주시 완산구 고사평9길 7,127.1102942,35.83798728,['서신동'],['5211168000']
전북특별자치도 전주시 완산구 서곡2길 1-6,127.1015914,35.83485073,['효자5동'],['5211173000']
전북특별자치도 전주시 덕진구 권삼득로 354,127.1245336,35.84635253,['덕진동'],['5211357000']
전북특별자치도 전주시 덕진구 권삼득로 352,127.124402,35.84623235,['덕진동'],['5211357000']
전북특별자치도 전주시 덕진구 솔내1길 84,127.125716,35.85763348,['송천1동'],['5211364100']
전북특별자치도 전주시 덕진구 권삼득로 356,127.1243639,35.84647942,['덕진동'],['5211357000']
전북특별자치도 전주시 덕진구 권삼득로 358,127.1242036,35.8463435,['덕진동'],['5211357000']
전북특별자치도 전주시 완산구 고사평9길 7-3,127.1101888,35.83786723,['서신동'],['5211168000']
전북특별자치도 전주시 완산구 고사평9길 3-4,127.1102805,35.83781163,['서신동'],['5211168000']
전북특별자치도 전주시 완산구 완산2길 23-6,127.1395712,35.80964801,['완산동'],['5211163500']
전북특별자치도 전주시 완산구 서신천변로 22,127.1143323,35.82718634,['서신동'],['5211168000']
전북특별자치도 전주시 완산구 평화13길 6-5,127.136397,35.79023277,['평화2동'],['5211169200']
전북특별자치도 전주시 완산구 고사평9길 9-3,127.1098496,35.83803022,['서신동'],['5211168000']
전북특별자치도 전주시 완산구 고사평9길 21,127.1089506,35.83875745,['서신동'],['5211168000']
전북특별자치도 전주시 덕진구 인봉3길 51-5,127.1589088,35.8295213,['인후3동'],['5211356000']
전북특별자치도 전주시 덕진구 거북바우로 21-13,127.1411574,35.83745001,['금암2동'],['5211359000']
전북특별자치도 전주시 덕진구 팽나무3길 11-3,127.1535144,35.83562658,['인후1동'],['5211354000']
전북특별자치도 전주시 덕진구 숲정이2길 24-2,127.130867,35.8304122,['진북동'],['5211352500']
전북특별자치도 전주시 완산구 감나무4길 19,127.1206157,35.83147578,['서신동'],['5211168000']
전북특별자치도 전주시 완산구 고사평9길 13-2,127.1094879,35.83846244,['서신동'],['5211168000']
전북특별자치도 전주시 완산구 서신천변9길 7-3,127.1134998,35.82948831,['서신동'],['5211168000']
전북특별자치도 전주시 완산구 서곡1길 13,127.099797,35.83515839,['효자5동'],['5211173000']
전북특별자치도 전주시 덕진구 팽나무3길 11-5,127.1536426,35.83564066,['인후1동'],['5211354000']
전북특별자치도 전주시 완산구 신촌4길 18-23,127.1159562,35.81839002,['중화산2동'],['5211167200']
전북특별자치도 전주시 완산구 서원로 235,127.1203199,35.8125963,['중화산2동'],['5211167200']
전북특별자치도 전주시 완산구 서곡2길 23-11,127.1031017,35.83454581,['효자5동'],['5211173000']
전북특별자치도 전주시 완산구 고사평9길 5,127.1103889,35.83789995,['서신동'],['5211168000']
전북특별자치도 전주시 덕진구 팽나무4길 15-2,127.1547866,35.83517748,['인후1동'],['5211354000']
전북특별자치도 전주시 덕진구 석소3길 13-7,127.1699492,35.83389559,['우아2동'],['5211361200']
전북특별자치도 전주시 완산구 고사평7길 9-4,127.1090693,35.83741619,['서신동'],['5211168000']
전북특별자치도 전주시 덕진구 진버들6길 12-5,127.1672698,35.83696345,['우아2동'],['5211361200']
전북특별자치도 전주시 완산구 고사평7길 7,127.1094787,35.83740374,['서신동'],['5211168000']
전북특별자치도 전주시 덕진구 석소2길 13,127.1688195,35.83383842,['우아2동'],['5211361200']
전북특별자치도 전주시 완산구 안터5길 14-6,127.1176692,35.83062728,['서신동'],['5211168000']
전북특별자치도 전주시 완산구 안터5길 14-12,127.1176931,35.83086753,['서신동'],['5211168000']
전북특별자치도 전주시 완산구 평화3길 13-4,127.1315814,35.78293446,['평화2동'],['5211169200']
전북특별자치도 전주시 덕진구 권삼득로 146,127.1403876,35.83276726,['진북동'],['5211352500']
전북특별자치도 전주시 완산구 고사평9길 13,127.1096979,35.8383376,['서신동'],['5211168000']
전북특별자치도 전주시 완산구 평화18길 14-10,127.1355629,35.79519779,['평화2동'],['5211169200']
전북특별자치도 전주시 덕진구 진버들6길 12-7,127.1674373,35.83702062,['우아2동'],['5211361200']
전북특별자치도 전주시 완산구 고사평1길 8-11,127.1086437,35.83561279,['서신동'],['5211168000']
전북특별자치도 전주시 완산구 서곡2길 24-4,127.1027463,35.83344433,['효자5동'],['5211173000']
전북특별자치도 전주시 덕진구 한배미4길 5-2,127.1666409,35.8242199,['인후3동'],['5211356000']
전북특별자치도 전주시 완산구 선너머2길 30,127.128232,35.81442831,['중화산1동'],['5211167100']
전북특별자치도 전주시 덕진구 삼송1길 25-1,127.1339926,35.84265901,['금암1동'],['5211358000']
전북특별자치도 전주시 완산구 선너머3길 12,127.1308375,35.81354696,['중화산1동'],['5211167100']
전북특별자치도 전주시 완산구 안터5길 14-10,127.1178551,35.83085529,['서신동'],['5211168000']
전북특별자치도 전주시 완산구 안터5길 14-8,127.1178238,35.83067453,['서신동'],['5211168000']
전북특별자치도 전주시 완산구 고사평7길 17-5,127.1085153,35.83755854,['서신동'],['5211168000']
전북특별자치도 전주시 완산구 서곡1길 9-5,127.0998523,35.83470519,['효자5동'],['5211173000']
전북특별자치도 전주시 완산구 마당재4길 13-3,127.1605419,35.82331964,['노송동'],['5211160500']
전북특별자치도 전주시 덕진구 서가재미3길 14-5,127.1598844,35.83266675,['인후3동'],['5211356000']
전북특별자치도 전주시 덕진구 진버들6길 12-4,127.1671754,35.83670356,['우아2동'],['5211361200']
전북특별자치도 전주시 완산구 고사평2길 9-7,127.1105533,35.83489347,['서신동'],['5211168000']
전북특별자치도 전주시 완산구 감나무4길 7-6,127.1217852,35.8312327,['서신동'],['5211168000']
전북특별자치도 전주시 덕진구 인교6길 13-19,127.171898,35.82519739,['우아2동'],['5211361200']
전북특별자치도 전주시 덕진구 한배미4길 9,127.1661932,35.824207,['인후3동'],['5211356000']
전북특별자치도 전주시 완산구 안터4길 14-13,127.1171033,35.82989502,['서신동'],['5211168000']
전북특별자치도 전주시 덕진구 무삼지3길 9-7,127.1622443,35.82703937,['인후3동'],['5211356000']
전북특별자치도 전주시 덕진구 무삼지3길 5-8,127.1624509,35.82711714,['인후3동'],['5211356000']
전북특별자치도 전주시 완산구 고사평7길 10-3,127.1094635,35.83786646,['서신동'],['5211168000']
전북특별자치도 전주시 완산구 감나무4길 28,127.1198112,35.83175227,['서신동'],['5211168000']
전북특별자치도 전주시 완산구 메너머2길 10-6,127.1218281,35.82294468,['중화산2동'],['5211167200']
전북특별자치도 전주시 완산구 고사평4길 20,127.1115237,35.83508112,['서신동'],['5211168000']
전북특별자치도 전주시 덕진구 서가재미2길 9-6,127.159484,35.83231957,['인후3동'],['5211356000']
전북특별자치도 전주시 덕진구 가재미로 72,127.1615906,35.83135269,['인후3동'],['5211356000']
전북특별자치도 전주시 완산구 전주천서로 125-1,127.1474593,35.81065756,['완산동'],['5211163500']
전북특별자치도 전주시 완산구 서곡4길 3,127.102195,35.83568253,['효자5동'],['5211173000']
전북특별자치도 전주시 완산구 메너머4길 25-4,127.1197703,35.82460137,['중화산2동'],['5211167200']
전북특별자치도 전주시 완산구 서곡2길 20-3,127.1026334,35.83349003,['효자5동'],['5211173000']
전북특별자치도 전주시 완산구 완산길 36,127.1432608,35.81141276,['완산동'],['5211163500']
전북특별자치도 전주시 덕진구 아중3길 5,127.1697978,35.82928272,['우아2동'],['5211361200']
전북특별자치도 전주시 완산구 서신천변로 11,127.1140691,35.82635139,['서신동'],['5211168000']
전북특별자치도 전주시 완산구 고사평2길 3-5,127.1098105,35.834828,['서신동'],['5211168000']
전북특별자치도 전주시 완산구 백마산길 81-7,127.0849265,35.81788447,['효자4동'],['5211171400']
전북특별자치도 전주시 완산구 백마산길 81-5,127.0853325,35.81785354,['효자4동'],['5211171400']
전북특별자치도 전주시 완산구 백마산길 81-3,127.0853124,35.81766934,['효자4동'],['5211171400']
전북특별자치도 전주시 완산구 서곡5길 9,127.1017184,35.83711386,['효자5동'],['5211173000']
전북특별자치도 전주시 완산구 서곡6길 12,127.1033861,35.83612394,['효자5동'],['5211173000']
전북특별자치도 전주시 덕진구 인교4길 11-3,127.1715473,35.82624939,['우아2동'],['5211361200']
전북특별자치도 전주시 완산구 고사평1길 12-4,127.1084885,35.83524522,['서신동'],['5211168000']
전북특별자치도 전주시 완산구 고사평2길 7-7,127.1101855,35.83492265,['서신동'],['5211168000']
전북특별자치도 전주시 완산구 고사평2길 7-5,127.1101895,35.8347807,['서신동'],['5211168000']
전북특별자치도 전주시 완산구 선너머1길 5,127.1275432,35.81197482,['중화산1동'],['5211167100']
전북특별자치도 전주시 완산구 서곡1길 5,127.1003957,35.8348703,['효자5동'],['5211173000']
전북특별자치도 전주시 완산구 고사평로 30,127.1100888,35.83657618,['서신동'],['5211168000']
전북특별자치도 전주시 덕진구 한배미1길 39,127.1661465,35.82282796,['인후3동'],['5211356000']
전북특별자치도 전주시 덕진구 팽나무1길 21,127.1506463,35.83401966,['인후1동'],['5211354000']
전북특별자치도 전주시 덕진구 우아9길 21-4,127.157912,35.85184566,['우아1동'],['5211361100']
전북특별자치도 전주시 완산구 고사평7길 23-1,127.1080967,35.83814627,['서신동'],['5211168000']
전북특별자치도 전주시 완산구 서학2길 28-24,127.1509586,35.80595819,['서서학동'],['5211166000']
전북특별자치도 전주시 완산구 고사평2길 7-4,127.1104002,35.83462594,['서신동'],['5211168000']
전북특별자치도 전주시 완산구 서곡2길 7,127.1016882,35.8344632,['효자5동'],['5211173000']
전북특별자치도 전주시 완산구 고사평2길 9-5,127.1105382,35.83476109,['서신동'],['5211168000']
전북특별자치도 전주시 완산구 고사평9길 13-4,127.1093862,35.8383268,['서신동'],['5211168000']
전북특별자치도 전주시 완산구 서곡2길 4,127.1012539,35.83442319,['효자5동'],['5211173000']
전북특별자치도 전주시 완산구 고사평7길 23-7,127.1077845,35.83784436,['서신동'],['5211168000']
전북특별자치도 전주시 완산구 고사평7길 23-5,127.1078792,35.8379399,['서신동'],['5211168000']
전북특별자치도 전주시 완산구 고사평1길 12-3,127.1082448,35.8352485,['서신동'],['5211168000']
전북특별자치도 전주시 완산구 고사평1길 14,127.1082413,35.8351162,['서신동'],['5211168000']
전북특별자치도 전주시 덕진구 한배미5길 19,127.1665132,35.82320886,['인후3동'],['5211356000']
전북특별자치도 전주시 완산구 감나무4길 26,127.1199277,35.83173296,['서신동'],['5211168000']
전북특별자치도 전주시 덕진구 금암4길 16,127.1375324,35.84012581,['금암1동'],['5211358000']
전북특별자치도 전주시 완산구 서곡1길 13-6,127.0993649,35.83499796,['효자5동'],['5211173000']
전북특별자치도 전주시 완산구 고사평2길 3-3,127.1098127,35.83469119,['서신동'],['5211168000']
전북특별자치도 전주시 덕진구 한배미6길 30-6,127.1675692,35.82223061,['인후3동'],['5211356000']
전북특별자치도 전주시 덕진구 가재미로 83,127.1607427,35.83237369,['인후3동'],['5211356000']
전북특별자치도 전주시 완산구 서곡3길 23-8,127.0991468,35.83634408,['효자5동'],['5211173000']
전북특별자치도 전주시 완산구 서곡2길 2-3,127.1011644,35.83429754,['효자5동'],['5211173000']
전북특별자치도 전주시 덕진구 가재미2길 9,127.1632802,35.82886275,['인후3동'],['5211356000']
전북특별자치도 전주시 완산구 용리로 57-22,127.1154631,35.79908285,['효자3동'],['5211171300']
전북특별자치도 전주시 완산구 서곡1길 16-6,127.0998484,35.83584736,['효자5동'],['5211173000']
전북특별자치도 전주시 완산구 서곡3길 23-7,127.0993803,35.83629432,['효자5동'],['5211173000']
전북특별자치도 전주시 덕진구 송천4길 56-6,127.1155457,35.86212779,['송천2동'],['5211364200']
전북특별자치도 전주시 완산구 공수내2길 27-10,127.1477278,35.806289,['서서학동'],['5211166000']
전북특별자치도 전주시 완산구 중산8길 4,127.1206013,35.8177013,['중화산2동'],['5211167200']
전북특별자치도 전주시 완산구 고사평5길 18-5,127.1082034,35.83744337,['서신동'],['5211168000']
전북특별자치도 전주시 덕진구 인교로 35-25,127.1722623,35.8255133,['우아2동'],['5211361200']
전북특별자치도 전주시 완산구 고사평2길 14,127.1108531,35.83420959,['서신동'],['5211168000']
전북특별자치도 전주시 덕진구 금암2길 8-9,127.1341245,35.84060183,['금암1동'],['5211358000']
전북특별자치도 전주시 완산구 서신천변11길 1,127.1140535,35.83001755,['서신동'],['5211168000']
전북특별자치도 전주시 완산구 고사평4길 12-5,127.1107949,35.83498175,['서신동'],['5211168000']
전북특별자치도 전주시 덕진구 한배미1길 49-5,127.1664944,35.82270815,['인후3동'],['5211356000']
전북특별자치도 전주시 덕진구 인후5길 6-1,127.1584291,35.83054585,['인후3동'],['5211356000']
전북특별자치도 전주시 덕진구 인후5길 6-3,127.1582295,35.83052043,['인후3동'],['5211356000']
전북특별자치도 전주시 완산구 효자천변1길 36-27,127.1159127,35.7992122,['효자3동'],['5211171300']
전북특별자치도 전주시 완산구 서곡2길 8,127.1015478,35.83427576,['효자5동'],['5211173000']
전북특별자치도 전주시 완산구 서곡2길 12,127.1018436,35.83412735,['효자5동'],['5211173000']
전북특별자치도 전주시 완산구 효자천변1길 30-10,127.1142644,35.79975687,['효자3동'],['5211171300']
전북특별자치도 전주시 덕진구 팽나무3길 7-2,127.1533169,35.83577464,['인후1동'],['5211354000']
전북특별자치도 전주시 덕진구 도당산4길 52,127.1557895,35.84654707,['우아1동'],['5211361100']
전북특별자치도 전주시 덕진구 아중1길 6,127.1705574,35.82835515,['우아2동'],['5211361200']
전북특별자치도 전주시 완산구 고사평7길 3-2,127.1097908,35.83723374,['서신동'],['5211168000']
전북특별자치도 전주시 완산구 서곡2길 7-3,127.1016143,35.8346801,['효자5동'],['5211173000']
전북특별자치도 전주시 덕진구 권삼득로 353,127.1241526,35.84596439,['덕진동'],['5211357000']
전북특별자치도 전주시 덕진구 서가재미1길 17-4,127.1609436,35.83139934,['인후3동'],['5211356000']
전북특별자치도 전주시 완산구 평화1길 16-5,127.132108,35.78256157,['평화2동'],['5211169200']
전북특별자치도 전주시 완산구 고사평7길 9,127.1093497,35.83745279,['서신동'],['5211168000']
전북특별자치도 전주시 덕진구 삼송3길 22-8,127.136191,35.84299811,['금암1동'],['5211358000']
전북특별자치도 전주시 완산구 효자천변1길 36-29,127.1157636,35.79921324,['효자3동'],['5211171300']
전북특별자치도 전주시 완산구 고사평로 21,127.1095622,35.83602537,['서신동'],['5211168000']
전북특별자치도 전주시 완산구 완산2길 27,127.1392222,35.80986787,['완산동'],['5211163500']
전북특별자치도 전주시 덕진구 석소5길 43-3,127.1701851,35.83490611,['우아2동'],['5211361200']
전북특별자치도 전주시 완산구 메너머1길 14-5,127.1210888,35.82126944,['중화산2동'],['5211167200']
전북특별자치도 전주시 덕진구 권삼득로 349,127.1245457,35.84573507,['덕진동'],['5211357000']
전북특별자치도 전주시 완산구 평화15길 14-6,127.1373984,35.79121076,['평화2동'],['5211169200']
전북특별자치도 전주시 완산구 평화15길 14-8,127.1373598,35.7910794,['평화2동'],['5211169200']
전북특별자치도 전주시 덕진구 중상보로 19,127.1697227,35.83302178,['우아2동'],['5211361200']
전북특별자치도 전주시 덕진구 삼송1길 18,127.1333696,35.84197213,['금암1동'],['5211358000']
전북특별자치도 전주시 완산구 백마산길 38-1,127.0890675,35.81721535,['효자4동'],['5211171400']
전북특별자치도 전주시 덕진구 삼송5길 15,127.1366358,35.84330007,['금암1동'],['5211358000']
전북특별자치도 전주시 덕진구 건지3길 11,127.1439049,35.84514169,['금암2동'],['5211359000']
전북특별자치도 전주시 완산구 서곡1길 23-10,127.0982588,35.83520346,['효자5동'],['5211173000']
전북특별자치도 전주시 완산구 서곡7길 18-9,127.1015742,35.83246142,['효자5동'],['5211173000']
전북특별자치도 전주시 완산구 안터6길 29,127.1169542,35.83066222,['서신동'],['5211168000']
전북특별자치도 전주시 덕진구 들사평1길 22-1,127.121441,35.83851088,['덕진동'],['5211357000']
전북특별자치도 전주시 완산구 서곡1길 19-12,127.0985025,35.83496109,['효자5동'],['5211173000']
전북특별자치도 전주시 완산구 평화4길 16,127.1349042,35.78247808,['평화2동'],['5211169200']
전북특별자치도 전주시 완산구 백마산길 19-6,127.0910606,35.81699918,['효자4동'],['5211171400']
전북특별자치도 전주시 완산구 서곡4길 33,127.1036332,35.83361904,['효자5동'],['5211173000']
전북특별자치도 전주시 덕진구 가재미6길 14-6,127.1632627,35.83021781,['인후3동'],['5211356000']
전북특별자치도 전주시 완산구 백마산길 78-1,127.0858701,35.81841879,['효자4동'],['5211171400']
전북특별자치도 전주시 완산구 백마산길 78-3,127.0861542,35.81841327,['효자4동'],['5211171400']
전북특별자치도 전주시 완산구 백마산길 78-5,127.0865695,35.81840891,['효자4동'],['5211171400']
전북특별자치도 전주시 완산구 고사평5길 10,127.1090246,35.8368999,['서신동'],['5211168000']
전북특별자치도 전주시 덕진구 서가재미1길 6-3,127.1598025,35.83076872,['인후3동'],['5211356000']
전북특별자치도 전주시 덕진구 동가재미3길 44,127.1651233,35.8345505,['인후3동'],['5211356000']
전북특별자치도 전주시 완산구 평화15길 14-4,127.1374474,35.79134292,['평화2동'],['5211169200']
전북특별자치도 전주시 덕진구 석소3길 20,127.1699872,35.83470496,['우아2동'],['5211361200']
전북특별자치도 전주시 덕진구 서가재미1길 7,127.1596439,35.83097306,['인후3동'],['5211356000']
전북특별자치도 전주시 완산구 서곡1길 19-7,127.0988369,35.83505401,['효자5동'],['5211173000']
전북특별자치도 전주시 완산구 메너머3길 40-10,127.1188294,35.82415888,['중화산2동'],['5211167200']
전북특별자치도 전주시 완산구 안터4길 26,127.1165757,35.82968734,['서신동'],['5211168000']
전북특별자치도 전주시 완산구 서곡7길 20-10,127.1014589,35.83249621,['효자5동'],['5211173000']
전북특별자치도 전주시 완산구 서곡로 70,127.1013753,35.83499196,['효자5동'],['5211173000']
전북특별자치도 전주시 덕진구 삼송3길 30-6,127.1369925,35.84369369,['금암1동'],['5211358000']
전북특별자치도 전주시 덕진구 신기1길 10-13,127.1629103,35.84827831,['우아1동'],['5211361100']
전북특별자치도 전주시 덕진구 아중천1길 36-8,127.1716051,35.83551902,['우아2동'],['5211361200']
전북특별자치도 전주시 완산구 고사평5길 4-6,127.1097889,35.83685927,['서신동'],['5211168000']
전북특별자치도 전주시 완산구 서신천변9길 7-6,127.1132624,35.82938985,['서신동'],['5211168000']
전북특별자치도 전주시 완산구 세내로 525,127.1013511,35.83284698,['효자5동'],['5211173000']
전북특별자치도 전주시 완산구 화산천변4길 16,127.1176925,35.82041049,['중화산2동'],['5211167200']
전북특별자치도 전주시 덕진구 무삼지로 27,127.1647749,35.82806715,['인후3동'],['5211356000']
전북특별자치도 전주시 완산구 서곡1길 5-12,127.0997446,35.83455621,['효자5동'],['5211173000']
전북특별자치도 전주시 덕진구 하가1길 16-1,127.1151672,35.84756964,['덕진동'],['5211357000']
전북특별자치도 전주시 완산구 고사평1길 8-12,127.108882,35.8356197,['서신동'],['5211168000']
전북특별자치도 전주시 완산구 남고산성2길 19,127.158127,35.80632227,['동서학동'],['5211165000']
전북특별자치도 전주시 덕진구 우아9길 24,127.1582086,35.85151117,['우아1동'],['5211361100']
전북특별자치도 전주시 덕진구 인교5길 22-5,127.1748894,35.82715692,['우아2동'],['5211361200']
전북특별자치도 전주시 완산구 고사평5길 4-5,127.1096044,35.83696101,['서신동'],['5211168000']
전북특별자치도 전주시 덕진구 아중1길 5-3,127.1701662,35.82859724,['우아2동'],['5211361200']
전북특별자치도 전주시 덕진구 한배미2길 27,127.1637194,35.82470978,['인후3동'],['5211356000']
전북특별자치도 전주시 덕진구 삼송1길 27,127.1341554,35.84270164,['금암1동'],['5211358000']
전북특별자치도 전주시 완산구 평화11길 9,127.1364422,35.78971918,['평화2동'],['5211169200']
전북특별자치도 전주시 완산구 서곡7길 24-6,127.1009594,35.83237587,['효자5동'],['5211173000']
전북특별자치도 전주시 덕진구 서가재미3길 16-3,127.1599617,35.83290296,['인후3동'],['5211356000']
전북특별자치도 전주시 덕진구 솔내1길 57,127.1239322,35.85583869,['송천1동'],['5211364100']
전북특별자치도 전주시 덕진구 서가재미2길 16-3,127.1604468,35.83174563,['인후3동'],['5211356000']
전북특별자치도 전주시 덕진구 삼송4길 10-6,127.1358789,35.84225187,['금암1동'],['5211358000']
전북특별자치도 전주시 덕진구 인교1길 2,127.1722876,35.82769512,['우아2동'],['5211361200']
전북특별자치도 전주시 덕진구 서가재미2길 18-9,127.1608318,35.83166067,['인후3동'],['5211356000']
전북특별자치도 전주시 덕진구 백제대로 752,127.1511968,35.84577515,['인후2동'],['5211355000']
전북특별자치도 전주시 완산구 고사평3길 3-7,127.10925,35.83548282,['서신동'],['5211168000']
전북특별자치도 전주시 완산구 서곡4길 45-4,127.1030717,35.83241598,['효자5동'],['5211173000']
전북특별자치도 전주시 완산구 고사평9길 15,127.1093887,35.83851912,['서신동'],['5211168000']
전북특별자치도 전주시 완산구 메너머3길 17-13,127.1208817,35.82323494,['중화산2동'],['5211167200']
전북특별자치도 전주시 완산구 서곡1길 8-11,127.1008194,35.83575219,['효자5동'],['5211173000']
전북특별자치도 전주시 덕진구 삼송4길 10-8,127.1360017,35.84238241,['금암1동'],['5211358000']
전북특별자치도 전주시 덕진구 인교3길 9,127.1730137,35.82781863,['우아2동'],['5211361200']
전북특별자치도 전주시 덕진구 아중3길 9,127.170216,35.82947617,['우아2동'],['5211361200']
전북특별자치도 전주시 덕진구 서가재미1길 6-6,127.1597156,35.83053784,['인후3동'],['5211356000']
전북특별자치도 전주시 완산구 고사평5길 4-4,127.109738,35.83672846,['서신동'],['5211168000']
전북특별자치도 전주시 완산구 고사평3길 13-2,127.1082464,35.83617554,['서신동'],['5211168000']
,127.1103651,35.83751639,['서신동'],['5211168000']
,127.1103651,35.83751639,['서신동'],['5211168000']
전북특별자치도 전주시 완산구 고사평7길 17-6,127.1082611,35.83756022,['서신동'],['5211168000']
전북특별자치도 전주시 완산구 서곡1길 1-8,127.1002078,35.83440288,['효자5동'],['5211173000']
전북특별자치도 전주시 덕진구 실리2길 46,127.0686297,35.8715258,['조촌동'],['5211365000']
전북특별자치도 전주시 덕진구 붓내5길 21,127.1232625,35.86931393,['송천1동'],['5211364100']
전북특별자치도 전주시 덕진구 석소3길 9,127.1701919,35.83379584,['우아2동'],['5211361200']
전북특별자치도 전주시 덕진구 한배미4길 9-4,127.1663846,35.82384839,['인후3동'],['5211356000']
전북특별자치도 전주시 덕진구 삼송4길 10-10,127.1361333,35.84242056,['금암1동'],['5211358000']
전북특별자치도 전주시 완산구 백마산길 19-5,127.0913736,35.81711475,['효자4동'],['5211171400']
전북특별자치도 전주시 덕진구 금암6길 41-7,127.1362576,35.84005841,['금암1동'],['5211358000']
전북특별자치도 전주시 덕진구 서가재미3길 11-1,127.1595765,35.83320899,['인후3동'],['5211356000']
전북특별자치도 전주시 완산구 백마산길 19-3,127.0913193,35.81721321,['효자4동'],['5211171400']
전북특별자치도 전주시 덕진구 한배미4길 22-4,127.1649799,35.82422868,['인후3동'],['5211356000']
전북특별자치도 전주시 완산구 전주천서로 73-21,127.154367,35.81007334,['동서학동'],['5211165000']
전북특별자치도 전주시 덕진구 가재미4길 7-4,127.1628166,35.82981258,['인후3동'],['5211356000']
전북특별자치도 전주시 완산구 서곡2길 30-23,127.103285,35.83276395,['효자5동'],['5211173000']
전북특별자치도 전주시 덕진구 동가재미3길 52,127.1659943,35.83482824,['인후3동'],['5211356000']
전북특별자치도 전주시 덕진구 정언신로 161,127.1710955,35.83134953,['우아2동'],['5211361200']
전북특별자치도 전주시 덕진구 석소5길 33-3,127.1710448,35.83447913,['우아2동'],['5211361200']
전북특별자치도 전주시 덕진구 한배미4길 13-2,127.1658205,35.82397057,['인후3동'],['5211356000']
전북특별자치도 전주시 완산구 고사평5길 14-3,127.1085102,35.83721896,['서신동'],['5211168000']
전북특별자치도 전주시 완산구 고사평5길 8-3,127.1092189,35.83701012,['서신동'],['5211168000']
전북특별자치도 전주시 완산구 고사평4길 4-7,127.1100344,35.83508817,['서신동'],['5211168000']
전북특별자치도 전주시 덕진구 서가재미2길 14-5,127.1603214,35.8316016,['인후3동'],['5211356000']
전북특별자치도 전주시 덕진구 숲정이4길 3,127.1327007,35.82908949,['진북동'],['5211352500']
전북특별자치도 전주시 완산구 서곡6길 20,127.1031872,35.83564275,['효자5동'],['5211173000']
전북특별자치도 전주시 완산구 외칠봉3길 21-1,127.1367254,35.80486071,['효자1동'],['5211171100']
전북특별자치도 전주시 덕진구 한배미3길 19,127.1647611,35.82467051,['인후3동'],['5211356000']
전북특별자치도 전주시 덕진구 건산로 53-12,127.142787,35.83359242,['인후2동'],['5211355000']
전북특별자치도 전주시 완산구 외칠봉3길 21,127.1366032,35.80484508,['효자1동'],['5211171100']
전북특별자치도 전주시 완산구 물왕멀4길 6,127.1465205,35.8282249,['노송동'],['5211160500']
전북특별자치도 전주시 완산구 고사평5길 16,127.1084609,35.8370958,['서신동'],['5211168000']
전북특별자치도 전주시 완산구 고사평1길 18-3,127.1078501,35.83546958,['서신동'],['5211168000']
전북특별자치도 전주시 덕진구 삼송3길 10,127.1352323,35.84210425,['금암1동'],['5211358000']
전북특별자치도 전주시 덕진구 한배미5길 7-6,127.1676437,35.82322306,['인후3동'],['5211356000']
전북특별자치도 전주시 완산구 장승배기3길 7-2,127.1421893,35.79988463,['평화1동'],['5211169100']
전북특별자치도 전주시 완산구 고사평5길 18-3,127.1081574,35.83731048,['서신동'],['5211168000']
,,,['NaN'],['NaN']
전북특별자치도 전주시 덕진구 가재미5길 15,127.1602679,35.82982412,['인후3동'],['5211356000']
전북특별자치도 전주시 완산구 서곡2길 5-5,127.1017085,35.83480151,['효자5동'],['5211173000']
전북특별자치도 전주시 덕진구 인교3길 31-13,127.1741875,35.82833904,['우아2동'],['5211361200']
전북특별자치도 전주시 완산구 고사평4길 22,127.1116734,35.83507854,['서신동'],['5211168000']
전북특별자치도 전주시 완산구 서곡2길 16-6,127.1020528,35.83358128,['효자5동'],['5211173000']
전북특별자치도 전주시 완산구 고사평3길 17-7,127.1080837,35.83584844,['서신동'],['5211168000']
전북특별자치도 전주시 완산구 서곡6길 8-3,127.1029948,35.83615411,['효자5동'],['5211173000']
전북특별자치도 전주시 덕진구 무삼지2길 13-5,127.1620762,35.82592159,['인후3동'],['5211356000']
전북특별자치도 전주시 덕진구 삼송5길 10-17,127.1380742,35.84325454,['금암1동'],['5211358000']
전북특별자치도 전주시 덕진구 금암3길 13-4,127.1371783,35.84075674,['금암1동'],['5211358000']
전북특별자치도 전주시 덕진구 한배미6길 20-8,127.1681655,35.82353435,['인후3동'],['5211356000']
전북특별자치도 전주시 완산구 서곡4길 45-13,127.1036204,35.83298438,['효자5동'],['5211173000']
전북특별자치도 전주시 완산구 서신천변4길 8,127.1149092,35.82776557,['서신동'],['5211168000']
전북특별자치도 전주시 덕진구 무삼지5길 15-8,127.163988,35.82659404,['인후3동'],['5211356000']
전북특별자치도 전주시 완산구 고사평1길 8-14,127.1088765,35.83576535,['서신동'],['5211168000']
전북특별자치도 전주시 완산구 서곡2길 16-3,127.1023429,35.8336379,['효자5동'],['5211173000']
전북특별자치도 전주시 덕진구 아중1길 5-5,127.1700833,35.82875183,['우아2동'],['5211361200']
전북특별자치도 전주시 덕진구 무삼지3길 5-2,127.1622691,35.82757162,['인후3동'],['5211356000']
전북특별자치도 전주시 덕진구 한배미4길 18,127.1652558,35.82411727,['인후3동'],['5211356000']
전북특별자치도 전주시 완산구 고사평로 29,127.1098575,35.83668365,['서신동'],['5211168000']
전북특별자치도 전주시 완산구 평화15길 14,127.1374731,35.79148322,['평화2동'],['5211169200']
전북특별자치도 전주시 완산구 서곡7길 45,127.1029048,35.83271183,['효자5동'],['5211173000']
전북특별자치도 전주시 덕진구 인후5길 12,127.157869,35.83051757,['인후3동'],['5211356000']
전북특별자치도 전주시 덕진구 동가재미3길 28,127.1635795,35.83406485,['인후3동'],['5211356000']
전북특별자치도 전주시 완산구 서곡로 67,127.1009312,35.83498242,['효자5동'],['5211173000']
전북특별자치도 전주시 완산구 중산9길 7-2,127.1192983,35.81855763,['중화산2동'],['5211167200']
전북특별자치도 전주시 완산구 중산7길 12-9,127.1188928,35.81853495,['중화산2동'],['5211167200']
전북특별자치도 전주시 덕진구 가재미3길 20,127.1602943,35.82900241,['인후3동'],['5211356000']
전북특별자치도 전주시 덕진구 우아3길 25,127.15423,35.84828246,['우아1동'],['5211361100']
전북특별자치도 전주시 완산구 새터로 51-3,127.1119777,35.83592364,['서신동'],['5211168000']
전북특별자치도 전주시 덕진구 매봉2길 11,127.1397191,35.84218672,['금암2동'],['5211359000']
전북특별자치도 전주시 덕진구 서가재미2길 17-4,127.1604529,35.83260056,['인후3동'],['5211356000']
전북특별자치도 전주시 완산구 서곡4길 28,127.1034866,35.83414532,['효자5동'],['5211173000']
전북특별자치도 전주시 완산구 서곡4길 30,127.1034647,35.83401168,['효자5동'],['5211173000']
전북특별자치도 전주시 덕진구 삼송3길 42,127.1370807,35.84401687,['금암1동'],['5211358000']
,127.1084045,35.83797157,['서신동'],['5211168000']
전북특별자치도 전주시 완산구 고사평4길 12-1,127.1107937,35.83527827,['서신동'],['5211168000']
전북특별자치도 전주시 완산구 서신천변11길 18-1,127.1122789,35.8302832,['서신동'],['5211168000']
전북특별자치도 전주시 완산구 서곡1길 14-26,127.1001784,35.83565367,['효자5동'],['5211173000']
전북특별자치도 전주시 덕진구 한배미5길 21,127.1662399,35.82317905,['인후3동'],['5211356000']
전북특별자치도 전주시 완산구 고사평7길 14-4,127.1093384,35.8379347,['서신동'],['5211168000']
전북특별자치도 전주시 완산구 고사평1길 8-7,127.1086491,35.8353443,['서신동'],['5211168000']
전북특별자치도 전주시 덕진구 삼송4길 10-4,127.1358394,35.84235988,['금암1동'],['5211358000']
전북특별자치도 전주시 덕진구 진버들6길 12-6,127.1673422,35.83677687,['우아2동'],['5211361200']
전북특별자치도 전주시 덕진구 동가재미3길 32,127.163822,35.83416105,['인후3동'],['5211356000']
전북특별자치도 전주시 덕진구 한배미5길 11,127.1672859,35.82349061,['인후3동'],['5211356000']
전북특별자치도 전주시 완산구 안터4길 14-8,127.1176588,35.82994657,['서신동'],['5211168000']
전북특별자치도 전주시 덕진구 건지2길 9-9,127.140914,35.84387356,['금암2동'],['5211359000']
전북특별자치도 전주시 덕진구 한배미5길 20-3,127.1659869,35.8236485,['인후3동'],['5211356000']
전북특별자치도 전주시 덕진구 진버들7길 17,127.1675222,35.83736668,['우아2동'],['5211361200']
전북특별자치도 전주시 덕진구 아중3길 5-6,127.1698359,35.82977845,['우아2동'],['5211361200']
전북특별자치도 전주시 덕진구 석소3길 18-1,127.1701596,35.83474112,['우아2동'],['5211361200']
전북특별자치도 전주시 완산구 고사평4길 4-4,127.1098206,35.83536649,['서신동'],['5211168000']
전북특별자치도 전주시 완산구 서곡1길 1-4,127.1003951,35.83465337,['효자5동'],['5211173000']
전북특별자치도 전주시 덕진구 삼송3길 30-2,127.1367057,35.84362201,['금암1동'],['5211358000']
전북특별자치도 전주시 완산구 서곡4길 46-11,127.1015524,35.83311908,['효자5동'],['5211173000']
전북특별자치도 전주시 덕진구 아중3길 5-4,127.1699174,35.82962052,['우아2동'],['5211361200']
전북특별자치도 전주시 덕진구 서가재미3길 6,127.1587892,35.83269118,['인후3동'],['5211356000']
전북특별자치도 전주시 완산구 안터2길 2,127.1203699,35.82837542,['서신동'],['5211168000']
전북특별자치도 전주시 완산구 서곡1길 1-10,127.1001094,35.83427751,['효자5동'],['5211173000']
전북특별자치도 전주시 덕진구 동가재미3길 30,127.1636853,35.8341287,['인후3동'],['5211356000']
전북특별자치도 전주시 덕진구 한배미5길 15,127.1668957,35.82334145,['인후3동'],['5211356000']
전북특별자치도 전주시 덕진구 아중천2길 47,127.170586,35.83601976,['우아2동'],['5211361200']
전북특별자치도 전주시 덕진구 아중천2길 45-2,127.1707138,35.83605762,['우아2동'],['5211361200']
전북특별자치도 전주시 덕진구 인교로 25-10,127.1721939,35.82495705,['우아2동'],['5211361200']
전북특별자치도 전주시 덕진구 인교로 35-5,127.1723546,35.82501928,['우아2동'],['5211361200']
전북특별자치도 전주시 덕진구 동가재미3길 38,127.1646756,35.83442062,['인후3동'],['5211356000']
전북특별자치도 전주시 덕진구 아중6길 13,127.1730287,35.83213023,['우아2동'],['5211361200']
전북특별자치도 전주시 덕진구 가재미로 38,127.1627108,35.82849058,['인후3동'],['5211356000']
전북특별자치도 전주시 덕진구 아중3길 20-5,127.171618,35.82940955,['우아2동'],['5211361200']
전북특별자치도 전주시 완산구 고사평4길 4-5,127.1100393,35.83524895,['서신동'],['5211168000']
전북특별자치도 전주시 완산구 서곡6길 10-8,127.1028951,35.83580937,['효자5동'],['5211173000']
전북특별자치도 전주시 완산구 서곡1길 15-6,127.0990404,35.83515379,['효자5동'],['5211173000']
전북특별자치도 전주시 덕진구 도당산4길 61-23,127.1551356,35.84461319,['우아1동'],['5211361100']
전북특별자치도 전주시 완산구 메너머2길 19,127.1208558,35.82229432,['중화산2동'],['5211167200']
전북특별자치도 전주시 완산구 서곡2길 14-4,127.1018541,35.83392203,['효자5동'],['5211173000']
전북특별자치도 전주시 덕진구 동가재미3길 34,127.1639436,35.83420847,['인후3동'],['5211356000']
전북특별자치도 전주시 완산구 고사평9길 9-4,127.1096948,35.83812644,['서신동'],['5211168000']
전북특별자치도 전주시 완산구 메너머4길 35,127.1187474,35.82482544,['중화산2동'],['5211167200']
전북특별자치도 전주시 덕진구 가재미2길 4,127.163039,35.82857873,['인후3동'],['5211356000']
전북특별자치도 전주시 완산구 고사평5길 18-4,127.1083802,35.83727747,['서신동'],['5211168000']
전북특별자치도 전주시 완산구 고사평7길 3-3,127.1098631,35.83700305,['서신동'],['5211168000']
전북특별자치도 전주시 완산구 서신천변10길 8-5,127.1151415,35.82930803,['서신동'],['5211168000']
전북특별자치도 전주시 완산구 서곡2길 23-3,127.1031695,35.83396101,['효자5동'],['5211173000']
전북특별자치도 전주시 덕진구 무삼지5길 15,127.1640258,35.8271306,['인후3동'],['5211356000']
전북특별자치도 전주시 완산구 고사평9길 19,127.1091326,35.83867969,['서신동'],['5211168000']
전북특별자치도 전주시 완산구 고사평7길 17-4,127.1083386,35.8376674,['서신동'],['5211168000']
전북특별자치도 전주시 덕진구 서가재미1길 6-1,127.1596036,35.83072149,['인후3동'],['5211356000']
전북특별자치도 전주시 덕진구 호성3길 21,127.1508285,35.86007032,['호성동'],['5211362000']
전북특별자치도 전주시 완산구 새터로 35,127.110571,35.83593459,['서신동'],['5211168000']
전북특별자치도 전주시 완산구 서곡2길 20-7,127.1024072,35.83318037,['효자5동'],['5211173000']
전북특별자치도 전주시 덕진구 서가재미2길 17-5,127.160139,35.83261549,['인후3동'],['5211356000']
전북특별자치도 전주시 덕진구 무삼지4길 26,127.163932,35.82627092,['인후3동'],['5211356000']
전북특별자치도 전주시 덕진구 인봉3길 47-1,127.1586819,35.82903366,['인후3동'],['5211356000']
전북특별자치도 전주시 덕진구 아중6길 10-10,127.1728747,35.83322386,['우아2동'],['5211361200']
전북특별자치도 전주시 덕진구 백동5길 10-9,127.1508634,35.84708807,['인후2동'],['5211355000']
전북특별자치도 전주시 완산구 고사평5길 8-5,127.1092949,35.83713199,['서신동'],['5211168000']
전북특별자치도 전주시 완산구 평화15길 10-4,127.1369746,35.79143485,['평화2동'],['5211169200']
전북특별자치도 전주시 완산구 평화15길 10,127.1370187,35.79155584,['평화2동'],['5211169200']
전북특별자치도 전주시 완산구 서곡2길 16-5,127.1022322,35.83349163,['효자5동'],['5211173000']
전북특별자치도 전주시 완산구 메너머3길 18-3,127.1206557,35.82409433,['중화산2동'],['5211167200']
전북특별자치도 전주시 완산구 고사평9길 15-3,127.109274,35.83838918,['서신동'],['5211168000']
전북특별자치도 전주시 덕진구 석소3길 4,127.1706408,35.83349346,['우아2동'],['5211361200']
전북특별자치도 전주시 덕진구 가재미1길 6-1,127.1618216,35.8287025,['인후3동'],['5211356000']
전북특별자치도 전주시 완산구 고사평7길 9-3,127.1092484,35.83732067,['서신동'],['5211168000']
전북특별자치도 전주시 덕진구 진버들6길 16-3,127.1668564,35.83726774,['우아2동'],['5211361200']
전북특별자치도 전주시 덕진구 가재미로 28,127.1631001,35.82758447,['인후3동'],['5211356000']
전북특별자치도 전주시 덕진구 우아3길 10-5,127.1553483,35.84913604,['우아1동'],['5211361100']
전북특별자치도 전주시 덕진구 무삼지3길 5-5,127.1626041,35.82732008,['인후3동'],['5211356000']
전북특별자치도 전주시 덕진구 가재미2길 10,127.1636073,35.82873748,['인후3동'],['5211356000']
전북특별자치도 전주시 덕진구 우아1길 23,127.1545471,35.84780286,['우아1동'],['5211361100']
전북특별자치도 전주시 덕진구 아중6길 19,127.1723991,35.83190744,['우아2동'],['5211361200']
,,,['NaN'],['NaN']
전북특별자치도 전주시 완산구 고사평2길 3-7,127.1098084,35.83496427,['서신동'],['5211168000']
전북특별자치도 전주시 덕진구 석소1길 21,127.1682367,35.83419109,['우아2동'],['5211361200']
전북특별자치도 전주시 덕진구 모래내8길 29,127.1423563,35.83471608,['인후2동'],['5211355000']
전북특별자치도 전주시 덕진구 동가재미2길 4-25,127.1614834,35.83271815,['인후3동'],['5211356000']
전북특별자치도 전주시 덕진구 동가재미3길 54,127.1661361,35.83488293,['인후3동'],['5211356000']
전북특별자치도 전주시 덕진구 한배미4길 12,127.1659353,35.82434588,['인후3동'],['5211356000']
전북특별자치도 전주시 완산구 고사평9길 19-6,127.1086915,35.83852156,['서신동'],['5211168000']
전북특별자치도 전주시 완산구 서곡5길 13-24,127.1009675,35.83730376,['효자5동'],['5211173000']
전북특별자치도 전주시 완산구 안행9길 21-9,127.1336395,35.8024826,['효자1동'],['5211171100']
,,,['NaN'],['NaN']
전북특별자치도 전주시 완산구 고사평5길 22,127.1079638,35.83722017,['서신동'],['5211168000']
전북특별자치도 전주시 덕진구 서가재미2길 13-4,127.1599976,35.8323562,['인후3동'],['5211356000']
전북특별자치도 전주시 완산구 서곡6길 10-5,127.1031745,35.83585672,['효자5동'],['5211173000']
전북특별자치도 전주시 완산구 메너머2길 10-8,127.1218275,35.82306031,['중화산2동'],['5211167200']
전북특별자치도 전주시 완산구 고사평5길 8-6,127.109503,35.83703095,['서신동'],['5211168000']
전북특별자치도 전주시 덕진구 무삼지3길 8,127.1619597,35.82767794,['인후3동'],['5211356000']
전북특별자치도 전주시 덕진구 서가재미2길 18,127.1604572,35.83201537,['인후3동'],['5211356000']
전북특별자치도 전주시 덕진구 삼송1길 4-18,127.1337901,35.84193408,['금암1동'],['5211358000']
전북특별자치도 전주시 덕진구 석소3길 6-4,127.1707874,35.83354922,['우아2동'],['5211361200']
전북특별자치도 전주시 덕진구 가재미4길 9-3,127.1629111,35.82989123,['인후3동'],['5211356000']
전북특별자치도 전주시 덕진구 금암1길 25,127.1347686,35.83905194,['금암1동'],['5211358000']
전북특별자치도 전주시 덕진구 무삼지5길 15-3,127.1641002,35.82695141,['인후3동'],['5211356000']
전북특별자치도 전주시 완산구 고사평4길 6,127.1100354,35.83554411,['서신동'],['5211168000']
전북특별자치도 전주시 완산구 메너머2길 33,127.1191687,35.8222129,['중화산2동'],['5211167200']
전북특별자치도 전주시 덕진구 가재미4길 13,127.1633703,35.82991899,['인후3동'],['5211356000']
전북특별자치도 전주시 덕진구 건지로 10-7,127.14306,35.84484077,['금암2동'],['5211359000']
전북특별자치도 전주시 덕진구 명륜2길 12-4,127.1287116,35.84134516,['금암1동'],['5211358000']
전북특별자치도 전주시 덕진구 반촌1길 27,127.1441049,35.83155031,['진북동'],['5211352500']
전북특별자치도 전주시 완산구 서신천변8길 7-5,127.1149058,35.82905122,['서신동'],['5211168000']
전북특별자치도 전주시 완산구 고사평로 34,127.1102048,35.83685258,['서신동'],['5211168000']
전북특별자치도 전주시 덕진구 가재미2길 14,127.1638817,35.82881011,['인후3동'],['5211356000']
전북특별자치도 전주시 완산구 용리로 57-18,127.1156025,35.79909623,['효자3동'],['5211171300']
전북특별자치도 전주시 완산구 중산1길 8-6,127.1196573,35.81481965,['중화산2동'],['5211167200']
전북특별자치도 전주시 완산구 월선길 11-10,127.0809209,35.7959168,['삼천3동'],['5211170300']
전북특별자치도 전주시 덕진구 한배미1길 58,127.1676308,35.82247495,['인후3동'],['5211356000']
전북특별자치도 전주시 덕진구 동가재미3길 46,127.1653102,35.83461964,['인후3동'],['5211356000']
전북특별자치도 전주시 덕진구 한배미1길 49,127.1666665,35.82237652,['인후3동'],['5211356000']
전북특별자치도 전주시 완산구 고사평6길 11-3,127.1108505,35.83624671,['서신동'],['5211168000']
전북특별자치도 전주시 완산구 고사평5길 10-6,127.1091655,35.83718988,['서신동'],['5211168000']
전북특별자치도 전주시 덕진구 숲정이2길 25,127.1303637,35.83076388,['진북동'],['5211352500']
전북특별자치도 전주시 완산구 서곡로 65,127.1008429,35.83489228,['효자5동'],['5211173000']
전북특별자치도 전주시 완산구 서신천변1길 25,127.1131183,35.82706032,['서신동'],['5211168000']
전북특별자치도 전주시 덕진구 인후5길 16,127.1574901,35.83069895,['인후3동'],['5211356000']
전북특별자치도 전주시 덕진구 인봉3길 47-10,127.1587553,35.82962686,['인후3동'],['5211356000']
전북특별자치도 전주시 완산구 고사평4길 4-3,127.1100356,35.83540325,['서신동'],['5211168000']
전북특별자치도 전주시 덕진구 동가재미2길 6,127.1613017,35.83302545,['인후3동'],['5211356000']
전북특별자치도 전주시 완산구 서곡2길 30-4,127.1033392,35.833234,['효자5동'],['5211173000']
전북특별자치도 전주시 완산구 고사평9길 7-5,127.1100759,35.83775657,['서신동'],['5211168000']
전북특별자치도 전주시 완산구 메너머2길 37-7,127.1187452,35.82192141,['중화산2동'],['5211167200']
전북특별자치도 전주시 완산구 메너머2길 37-5,127.1187456,35.82207128,['중화산2동'],['5211167200']
전북특별자치도 전주시 덕진구 삼송5길 9-6,127.1361979,35.84268294,['금암1동'],['5211358000']
전북특별자치도 전주시 덕진구 중상보로 13-6,127.1690222,35.83307901,['우아2동'],['5211361200']
전북특별자치도 전주시 완산구 천경로 40,127.1534918,35.81001399,['동서학동'],['5211165000']
전북특별자치도 전주시 완산구 고사평7길 24-3,127.1082907,35.83862412,['서신동'],['5211168000']
전북특별자치도 전주시 완산구 안터4길 19,127.1168741,35.8293416,['서신동'],['5211168000']
전북특별자치도 전주시 완산구 평화8길 16-24,127.1340565,35.78944355,['평화2동'],['5211169200']
전북특별자치도 전주시 덕진구 무삼지2길 3,127.1629319,35.82650643,['인후3동'],['5211356000']
전북특별자치도 전주시 완산구 고사평5길 22-7,127.1078699,35.83766268,['서신동'],['5211168000']
전북특별자치도 전주시 완산구 세내로 518,127.1021658,35.83283512,['효자5동'],['5211173000']
전북특별자치도 전주시 완산구 고사평9길 19-4,127.1088189,35.83864474,['서신동'],['5211168000']
전북특별자치도 전주시 완산구 서곡1길 15-3,127.0993534,35.83518003,['효자5동'],['5211173000']
전북특별자치도 전주시 덕진구 삼송4길 10-9,127.1359999,35.84270614,['금암1동'],['5211358000']
전북특별자치도 전주시 덕진구 진버들6길 16-5,127.1670281,35.83730896,['우아2동'],['5211361200']
전북특별자치도 전주시 덕진구 무삼지4길 14-3,127.1645727,35.82627564,['인후3동'],['5211356000']
전북특별자치도 전주시 완산구 고사평7길 21-4,127.1080145,35.83786569,['서신동'],['5211168000']
전북특별자치도 전주시 덕진구 명주1길 13,127.1454604,35.84269155,['인후2동'],['5211355000']
전북특별자치도 전주시 완산구 고사평2길 13-6,127.1111586,35.83481189,['서신동'],['5211168000']
전북특별자치도 전주시 완산구 고사평5길 22-5,127.1078187,35.83755989,['서신동'],['5211168000']
전북특별자치도 전주시 완산구 서곡2길 14,127.1019595,35.8340565,['효자5동'],['5211173000']
전북특별자치도 전주시 완산구 서신천변1길 8-2,127.1138592,35.82667442,['서신동'],['5211168000']
전북특별자치도 전주시 완산구 고사평5길 10-4,127.109097,35.83704719,['서신동'],['5211168000']
전북특별자치도 전주시 완산구 고사평6길 3-6,127.110453,35.83655332,['서신동'],['5211168000']
전북특별자치도 전주시 완산구 고사평6길 7-4,127.1107201,35.83628585,['서신동'],['5211168000']
전북특별자치도 전주시 덕진구 가재미로 74,127.1614915,35.83155173,['인후3동'],['5211356000']
전북특별자치도 전주시 완산구 인정로 10,127.1203493,35.82000977,['중화산2동'],['5211167200']
전북특별자치도 전주시 완산구 서곡1길 23-3,127.0987939,35.8355163,['효자5동'],['5211173000']
전북특별자치도 전주시 덕진구 건지2길 13-4,127.1408494,35.84468053,['금암2동'],['5211359000']
전북특별자치도 전주시 덕진구 서가재미1길 6-8,127.1599174,35.83056623,['인후3동'],['5211356000']
전북특별자치도 전주시 완산구 서곡6길 24-10,127.1023769,35.83587524,['효자5동'],['5211173000']
전북특별자치도 전주시 덕진구 와룡로 58-7,127.1128564,35.86489359,['송천2동'],['5211364200']
전북특별자치도 전주시 덕진구 가재미2길 13-1,127.1637301,35.82906041,['인후3동'],['5211356000']
전북특별자치도 전주시 완산구 장승배기4길 7-4,127.1436096,35.8004447,['평화1동'],['5211169100']
전북특별자치도 전주시 완산구 고사평5길 4,127.109675,35.83660315,['서신동'],['5211168000']
전북특별자치도 전주시 덕진구 인교로 35-8,127.1725657,35.82552323,['우아2동'],['5211361200']
전북특별자치도 전주시 완산구 고사평9길 9,127.1099693,35.83816665,['서신동'],['5211168000']
전북특별자치도 전주시 덕진구 아중1길 19-4,127.1716976,35.82924415,['우아2동'],['5211361200']
전북특별자치도 전주시 덕진구 모래내9길 34,127.1412408,35.83634164,['금암2동'],['5211359000']
전북특별자치도 전주시 덕진구 명주2길 19-2,127.1470093,35.84292336,['인후2동'],['5211355000']
전북특별자치도 전주시 덕진구 명주2길 19-4,127.1471303,35.84297044,['인후2동'],['5211355000']
전북특별자치도 전주시 완산구 고사평5길 24-10,127.1076979,35.83772899,['서신동'],['5211168000']
전북특별자치도 전주시 완산구 고사평4길 4-6,127.1098094,35.83523879,['서신동'],['5211168000']
전북특별자치도 전주시 완산구 서신천변7길 30-4,127.1126682,35.82908461,['서신동'],['5211168000']
전북특별자치도 전주시 덕진구 중상보로 39,127.1716616,35.8336646,['우아2동'],['5211361200']
전북특별자치도 전주시 완산구 고사평5길 8-4,127.1094308,35.83688745,['서신동'],['5211168000']
전북특별자치도 전주시 덕진구 서가재미3길 10-5,127.1594105,35.83251642,['인후3동'],['5211356000']
전북특별자치도 전주시 완산구 서곡5길 13-7,127.1011182,35.8368722,['효자5동'],['5211173000']
전북특별자치도 전주시 덕진구 중상보로 13-12,127.168804,35.83351931,['우아2동'],['5211361200']
전북특별자치도 전주시 완산구 거마중앙로 27-1,127.1199439,35.79665523,['삼천2동'],['5211170200']
전북특별자치도 전주시 덕진구 아중1길 19,127.1717882,35.8290744,['우아2동'],['5211361200']
전북특별자치도 전주시 덕진구 무삼지2길 15,127.1617237,35.82620785,['인후3동'],['5211356000']
전북특별자치도 전주시 덕진구 신복6길 25,127.1051892,35.85546081,['팔복동'],['5211360000']
전북특별자치도 전주시 완산구 서학1길 33,127.1501454,35.80735391,['서서학동'],['5211166000']
전북특별자치도 전주시 완산구 서곡2길 14-10,127.1015624,35.83354835,['효자5동'],['5211173000']
전북특별자치도 전주시 덕진구 삼송5길 14-31,127.1379369,35.84412819,['금암1동'],['5211358000']
전북특별자치도 전주시 완산구 고사평로 33,127.1099971,35.83695651,['서신동'],['5211168000']
전북특별자치도 전주시 완산구 고사평7길 8-1,127.1096473,35.83758573,['서신동'],['5211168000']
전북특별자치도 전주시 덕진구 건지1길 9-2,127.1396162,35.84367689,['금암2동'],['5211359000']
전북특별자치도 전주시 덕진구 아중1길 23-1,127.1719802,35.82912568,['우아2동'],['5211361200']
전북특별자치도 전주시 덕진구 무삼지3길 14,127.1612838,35.8274913,['인후3동'],['5211356000']
전북특별자치도 전주시 완산구 송정로 7-14,127.1177805,35.80327138,['효자2동'],['5211171200']
전북특별자치도 전주시 덕진구 인교3길 13,127.1732537,35.82786461,['우아2동'],['5211361200']
전북특별자치도 전주시 덕진구 동가재미3길 42,127.1649771,35.83450249,['인후3동'],['5211356000']
전북특별자치도 전주시 덕진구 동가재미2길 3,127.1609874,35.83318242,['인후3동'],['5211356000']
전북특별자치도 전주시 완산구 풍남문4길 15-19,127.1443107,35.81419063,['풍남동'],['5211153000']
전북특별자치도 전주시 덕진구 명륜3길 8-4,127.1275727,35.84189695,['덕진동'],['5211357000']
전북특별자치도 전주시 덕진구 인교로 25-16,127.1717261,35.82498692,['우아2동'],['5211361200']
전북특별자치도 전주시 덕진구 아중6길 8,127.1734297,35.8325071,['우아2동'],['5211361200']
전북특별자치도 전주시 완산구 고사평5길 20,127.1081149,35.8371838,['서신동'],['5211168000']
전북특별자치도 전주시 완산구 서곡6길 10,127.1032276,35.83624241,['효자5동'],['5211173000']
전북특별자치도 전주시 완산구 서곡1길 19-6,127.0987928,35.8353173,['효자5동'],['5211173000']
전북특별자치도 전주시 완산구 중산4길 14,127.118728,35.81615029,['중화산2동'],['5211167200']
전북특별자치도 전주시 덕진구 건지3길 9-4,127.1438457,35.84496466,['금암2동'],['5211359000']
전북특별자치도 전주시 덕진구 사평3길 10,127.122611,35.84381639,['덕진동'],['5211357000']
전북특별자치도 전주시 완산구 중산4길 12,127.1189332,35.81614946,['중화산2동'],['5211167200']
전북특별자치도 전주시 완산구 고사평4길 8-3,127.1103996,35.8352542,['서신동'],['5211168000']
전북특별자치도 전주시 덕진구 진버들6길 16-8,127.1672094,35.83716054,['우아2동'],['5211361200']
전북특별자치도 전주시 덕진구 진버들6길 16-10,127.1673271,35.837204,['우아2동'],['5211361200']
전북특별자치도 전주시 덕진구 진버들6길 16-6,127.1670742,35.83711053,['우아2동'],['5211361200']
전북특별자치도 전주시 덕진구 권삼득로 351,127.1242486,35.84587453,['덕진동'],['5211357000']
전북특별자치도 전주시 완산구 서학4길 5-14,127.15225,35.80651777,['동서학동'],['5211165000']
전북특별자치도 전주시 덕진구 떡전3길 28-7,127.1290951,35.83601913,['금암1동'],['5211358000']
전북특별자치도 전주시 덕진구 호반4길 10,127.1186025,35.84987857,['덕진동'],['5211357000']
전북특별자치도 전주시 덕진구 무삼지3길 29,127.1613328,35.82645713,['인후3동'],['5211356000']
전북특별자치도 전주시 덕진구 오송1길 13-6,127.128507,35.86359602,['송천1동'],['5211364100']
전북특별자치도 전주시 덕진구 오송1길 13-8,127.1285152,35.8637139,['송천1동'],['5211364100']
전북특별자치도 전주시 덕진구 인교9길 27-3,127.1757711,35.82617876,['우아2동'],['5211361200']
전북특별자치도 전주시 덕진구 인교9길 27-5,127.1756918,35.82628558,['우아2동'],['5211361200']
전북특별자치도 전주시 완산구 평화19길 9-11,127.1372191,35.79590421,['평화1동'],['5211169100']
전북특별자치도 전주시 완산구 평화19길 5-12,127.1370839,35.79590797,['평화1동'],['5211169100']
전북특별자치도 전주시 덕진구 떡전로 6-6,127.1289623,35.83591914,['금암1동'],['5211358000']
전북특별자치도 전주시 완산구 고사평로 45,127.1108421,35.83794802,['서신동'],['5211168000']
전북특별자치도 전주시 덕진구 동가재미3길 10,127.1616505,35.83350517,['인후3동'],['5211356000']
전북특별자치도 전주시 덕진구 무삼지1길 6,127.1630529,35.82560807,['인후3동'],['5211356000']
전북특별자치도 전주시 덕진구 명주3길 26-12,127.1474724,35.8427566,['인후2동'],['5211355000']
전북특별자치도 전주시 덕진구 삼송1길 20-1,127.1336348,35.84207873,['금암1동'],['5211358000']
전북특별자치도 전주시 완산구 안터4길 5,127.1185059,35.82933035,['서신동'],['5211168000']
전북특별자치도 전주시 완산구 고사평4길 14-3,127.1111613,35.83508253,['서신동'],['5211168000']
전북특별자치도 전주시 덕진구 삼송1길 14,127.1331027,35.84166393,['금암1동'],['5211358000']
전북특별자치도 전주시 완산구 향교길 75,127.1537954,35.8120619,['풍남동'],['5211153000']
전북특별자치도 전주시 완산구 고사평4길 8-6,127.1101775,35.83521475,['서신동'],['5211168000']
전북특별자치도 전주시 완산구 고사평4길 8-8,127.1101892,35.83506495,['서신동'],['5211168000']
전북특별자치도 전주시 완산구 서학3길 29,127.1515358,35.80679293,['서서학동'],['5211166000']
전북특별자치도 전주시 완산구 효자천변1길 32-10,127.1146098,35.79974861,['효자3동'],['5211171300']
전북특별자치도 전주시 완산구 서곡2길 1-10,127.101869,35.83523713,['효자5동'],['5211173000']
전북특별자치도 전주시 덕진구 매봉1길 24,127.1428953,35.84282216,['금암2동'],['5211359000']
전북특별자치도 전주시 덕진구 솔내2길 77,127.1246822,35.85827121,['송천1동'],['5211364100']
전북특별자치도 전주시 완산구 상거마2길 32,127.1210854,35.7957147,['삼천2동'],['5211170200']
전북특별자치도 전주시 완산구 서곡4길 9,127.1026234,35.83546208,['효자5동'],['5211173000']
전북특별자치도 전주시 덕진구 건지1길 14-6,127.140232,35.84420458,['금암2동'],['5211359000']
전북특별자치도 전주시 덕진구 무삼지2길 6-3,127.1626016,35.82676175,['인후3동'],['5211356000']
전북특별자치도 전주시 덕진구 석소3길 14-4,127.170454,35.83426647,['우아2동'],['5211361200']
전북특별자치도 전주시 완산구 서곡2길 6-8,127.1010756,35.83397469,['효자5동'],['5211173000']
전북특별자치도 전주시 덕진구 삼송2길 11,127.1341648,35.84206155,['금암1동'],['5211358000']
전북특별자치도 전주시 덕진구 솔내2길 79,127.1248492,35.85829194,['송천1동'],['5211364100']
전북특별자치도 전주시 덕진구 무삼지1길 14-6,127.1621953,35.82560671,['인후3동'],['5211356000']
전북특별자치도 전주시 덕진구 삼송5길 14-13,127.1373268,35.84369521,['금암1동'],['5211358000']
전북특별자치도 전주시 완산구 고사평2길 9-2,127.1107849,35.83457376,['서신동'],['5211168000']
전북특별자치도 전주시 완산구 서곡2길 14-6,127.101764,35.8338053,['효자5동'],['5211173000']
전북특별자치도 전주시 완산구 고사평3길 3-3,127.1092761,35.8357502,['서신동'],['5211168000']
전북특별자치도 전주시 덕진구 가재미5길 14,127.1603415,35.83002383,['인후3동'],['5211356000']
전북특별자치도 전주시 완산구 고사평7길 24-4,127.1084403,35.8384687,['서신동'],['5211168000']
전북특별자치도 전주시 완산구 백마산길 57-4,127.0865366,35.81631432,['효자4동'],['5211171400']
전북특별자치도 전주시 덕진구 동가재미2길 37,127.1646202,35.83420601,['인후3동'],['5211356000']
전북특별자치도 전주시 완산구 서곡4길 5,127.1023307,35.83560337,['효자5동'],['5211173000']
전북특별자치도 전주시 덕진구 우아7길 33-18,127.1535432,35.84902291,['우아1동'],['5211361100']
전북특별자치도 전주시 덕진구 우아7길 33-20,127.1536991,35.84906444,['우아1동'],['5211361100']
전북특별자치도 전주시 완산구 서곡6길 8-5,127.1028915,35.83601297,['효자5동'],['5211173000']
전북특별자치도 전주시 완산구 인정3길 7,127.1194725,35.82042414,['중화산2동'],['5211167200']
전북특별자치도 전주시 완산구 용리로 57-24,127.1153077,35.79907371,['효자3동'],['5211171300']
전북특별자치도 전주시 덕진구 매봉15길 6,127.1425365,35.83908903,['금암2동'],['5211359000']
전북특별자치도 전주시 완산구 평화14길 13,127.1346773,35.79202354,['평화2동'],['5211169200']
전북특별자치도 전주시 완산구 중산3길 11,127.1192479,35.81562281,['중화산2동'],['5211167200']
전북특별자치도 전주시 덕진구 가재미5길 16,127.1601616,35.82996441,['인후3동'],['5211356000']
전북특별자치도 전주시 완산구 고사평로 32,127.1101404,35.83671106,['서신동'],['5211168000']
전북특별자치도 전주시 덕진구 석소3길 6,127.1705037,35.83372735,['우아2동'],['5211361200']
전북특별자치도 전주시 덕진구 서가재미2길 10-4,127.1594435,35.83165117,['인후3동'],['5211356000']
전북특별자치도 전주시 완산구 전주천서로 175,127.1423926,35.81184793,['완산동'],['5211163500']
전북특별자치도 전주시 덕진구 동가재미2길 41,127.1648361,35.83427547,['인후3동'],['5211356000']
전북특별자치도 전주시 덕진구 아중6길 7,127.173554,35.83230269,['우아2동'],['5211361200']
전북특별자치도 전주시 덕진구 무삼지5길 12,127.1641962,35.82745572,['인후3동'],['5211356000']
전북특별자치도 전주시 덕진구 무삼지1길 8,127.1629366,35.82554676,['인후3동'],['5211356000']
전북특별자치도 전주시 완산구 고사평3길 3,127.1093244,35.83586282,['서신동'],['5211168000']
전북특별자치도 전주시 완산구 고사평5길 18,127.1083378,35.83714791,['서신동'],['5211168000']
전북특별자치도 전주시 덕진구 가재미로 41,127.1622364,35.82866607,['인후3동'],['5211356000']
전북특별자치도 전주시 완산구 평화4길 14-14,127.1345564,35.7821505,['평화2동'],['5211169200']
전북특별자치도 전주시 완산구 하거마4길 32,127.1176841,35.79531801,['삼천2동'],['5211170200']
전북특별자치도 전주시 완산구 서곡2길 10-5,127.1016378,35.83387264,['효자5동'],['5211173000']
전북특별자치도 전주시 완산구 맏내로 158-5,127.1289018,35.79421489,['평화2동'],['5211169200']
전북특별자치도 전주시 완산구 하거마7길 17,127.1185722,35.79810249,['삼천2동'],['5211170200']
전북특별자치도 전주시 완산구 서곡2길 5-10,127.102074,35.8349536,['효자5동'],['5211173000']
전북특별자치도 전주시 완산구 고사평9길 13-3,127.1095639,35.83818694,['서신동'],['5211168000']
전북특별자치도 전주시 덕진구 서가재미2길 16-5,127.1605516,35.83159012,['인후3동'],['5211356000']
전북특별자치도 전주시 완산구 평화18길 30-42,127.1355901,35.79573653,['평화2동'],['5211169200']
전북특별자치도 전주시 덕진구 서가재미2길 12,127.1598149,35.83189518,['인후3동'],['5211356000']
전북특별자치도 전주시 완산구 고사평7길 17-3,127.1086019,35.83767392,['서신동'],['5211168000']
전북특별자치도 전주시 완산구 인정3길 15,127.1186806,35.82039897,['중화산2동'],['5211167200']
전북특별자치도 전주시 덕진구 기린대로 400-25,127.1324544,35.83840804,['금암1동'],['5211358000']
전북특별자치도 전주시 덕진구 명주6길 12,127.1519407,35.84538946,['인후2동'],['5211355000']
전북특별자치도 전주시 완산구 고사평5길 14-4,127.1087737,35.83717492,['서신동'],['5211168000']
전북특별자치도 전주시 덕진구 무삼지1길 14-8,127.1621358,35.82576036,['인후3동'],['5211356000']
전북특별자치도 전주시 덕진구 호반7길 11,127.1147779,35.84999998,['덕진동'],['5211357000']
전북특별자치도 전주시 덕진구 가재미6길 10-2,127.1626701,35.83029423,['인후3동'],['5211356000']
전북특별자치도 전주시 완산구 고사평6길 7-5,127.1105908,35.83651372,['서신동'],['5211168000']
전북특별자치도 전주시 완산구 서곡로 77,127.1015094,35.83569852,['효자5동'],['5211173000']
전북특별자치도 전주시 완산구 중산1길 7,127.1196742,35.81435089,['중화산2동'],['5211167200']
전북특별자치도 전주시 덕진구 백동6길 19-1,127.1510262,35.84803157,['인후2동'],['5211355000']
전북특별자치도 전주시 완산구 고사평6길 7-3,127.1105341,35.83637732,['서신동'],['5211168000']
전북특별자치도 전주시 덕진구 매봉5길 18,127.1427621,35.84163662,['금암2동'],['5211359000']
전북특별자치도 전주시 덕진구 동가재미3길 56,127.1662696,35.8349142,['인후3동'],['5211356000']
전북특별자치도 전주시 완산구 안행3길 9,127.1311448,35.79995099,['삼천1동'],['5211170100']
전북특별자치도 전주시 덕진구 아중천2길 41-6,127.1712314,35.83587284,['우아2동'],['5211361200']
전북특별자치도 전주시 덕진구 아중천2길 41-8,127.1712966,35.83575712,['우아2동'],['5211361200']
전북특별자치도 전주시 덕진구 서가재미2길 10,127.1596895,35.83182136,['인후3동'],['5211356000']
전북특별자치도 전주시 덕진구 인교4길 5,127.1719858,35.82660341,['우아2동'],['5211361200']
전북특별자치도 전주시 완산구 인정3길 10-1,127.1190873,35.82063245,['중화산2동'],['5211167200']
전북특별자치도 전주시 완산구 서곡3길 20,127.1001088,35.83674416,['효자5동'],['5211173000']
전북특별자치도 전주시 완산구 서곡2길 2-9,127.1008548,35.83390223,['효자5동'],['5211173000']
전북특별자치도 전주시 완산구 중화산로 138-19,127.119593,35.82284391,['중화산2동'],['5211167200']
전북특별자치도 전주시 완산구 고사평6길 3-4,127.1103954,35.83641638,['서신동'],['5211168000']
전북특별자치도 전주시 완산구 서학2길 12,127.1507619,35.80533287,['서서학동'],['5211166000']
전북특별자치도 전주시 완산구 서곡1길 23-11,127.0983959,35.83500651,['효자5동'],['5211173000']
전북특별자치도 전주시 완산구 중산4길 5,127.1196618,35.81595857,['중화산2동'],['5211167200']
전북특별자치도 전주시 덕진구 한배미4길 10-5,127.1658755,35.82475477,['인후3동'],['5211356000']
전북특별자치도 전주시 완산구 중산3길 8,127.1196606,35.81581148,['중화산2동'],['5211167200']
전북특별자치도 전주시 덕진구 석소3길 13-13,127.1697284,35.83380731,['우아2동'],['5211361200']
전북특별자치도 전주시 덕진구 가재미5길 11,127.1606898,35.82991494,['인후3동'],['5211356000']
전북특별자치도 전주시 완산구 서신천변13길 7,127.1135139,35.83042461,['서신동'],['5211168000']
전북특별자치도 전주시 덕진구 아중3길 6,127.1699104,35.82909636,['우아2동'],['5211361200']
전북특별자치도 전주시 덕진구 매봉5길 20,127.1428996,35.84166881,['금암2동'],['5211359000']
전북특별자치도 전주시 완산구 메너머2길 29-10,127.1193495,35.82165439,['중화산2동'],['5211167200']
전북특별자치도 전주시 완산구 서곡4길 21,127.1037647,35.83465627,['효자5동'],['5211173000']
전북특별자치도 전주시 완산구 인정1길 12,127.1213646,35.8194314,['중화산2동'],['5211167200']
전북특별자치도 전주시 완산구 서곡2길 13-11,127.1025814,35.83486269,['효자5동'],['5211173000']
전북특별자치도 전주시 완산구 서곡4길 42,127.1027631,35.83305569,['효자5동'],['5211173000']
전북특별자치도 전주시 덕진구 가재미1길 1,127.1623529,35.82839508,['인후3동'],['5211356000']
전북특별자치도 전주시 완산구 서곡4길 26,127.103464,35.83424961,['효자5동'],['5211173000']
전북특별자치도 전주시 덕진구 한배미5길 11-5,127.1674324,35.82321191,['인후3동'],['5211356000']
전북특별자치도 전주시 덕진구 석소로 5-5,127.1695266,35.82771365,['인후3동'],['5211356000']
전북특별자치도 전주시 완산구 서곡2길 10-7,127.101541,35.83374538,['효자5동'],['5211173000']
전북특별자치도 전주시 완산구 서곡2길 14-8,127.1016628,35.83368507,['효자5동'],['5211173000']
전북특별자치도 전주시 완산구 상거마4길 12,127.1206381,35.7968457,['삼천2동'],['5211170200']
전북특별자치도 전주시 완산구 외칠봉1길 23-11,127.1366177,35.80312257,['효자1동'],['5211171100']
전북특별자치도 전주시 덕진구 아중천1길 36-5,127.1713743,35.83563804,['우아2동'],['5211361200']
전북특별자치도 전주시 완산구 완산2길 11,127.1400601,35.81088352,['완산동'],['5211163500']
전북특별자치도 전주시 완산구 메너머2길 33-6,127.1189244,35.82179181,['중화산2동'],['5211167200']
전북특별자치도 전주시 완산구 서곡6길 8-7,127.1027758,35.83586445,['효자5동'],['5211173000']
전북특별자치도 전주시 완산구 맏내로 158-15,127.1297434,35.79440893,['평화2동'],['5211169200']
전북특별자치도 전주시 덕진구 아중3길 13-4,127.1708394,35.82983651,['우아2동'],['5211361200']
전북특별자치도 전주시 덕진구 명주2길 26-8,127.1465868,35.84248956,['인후2동'],['5211355000']
전북특별자치도 전주시 완산구 메너머2길 30,127.1195721,35.82248207,['중화산2동'],['5211167200']
전북특별자치도 전주시 완산구 서신천변7길 30-2,127.1124948,35.82908819,['서신동'],['5211168000']
전북특별자치도 전주시 완산구 고사평4길 4-8,127.1098186,35.83510504,['서신동'],['5211168000']
전북특별자치도 전주시 완산구 중산8길 7-6,127.1212067,35.81824451,['중화산2동'],['5211167200']
전북특별자치도 전주시 완산구 고사평7길 5,127.1096667,35.83729217,['서신동'],['5211168000']
전북특별자치도 전주시 완산구 서곡3길 13-17,127.1005312,35.83589005,['효자5동'],['5211173000']
전북특별자치도 전주시 완산구 고사평5길 21,127.1078308,35.83701841,['서신동'],['5211168000']
전북특별자치도 전주시 완산구 고사평2길 9-6,127.1108079,35.83484781,['서신동'],['5211168000']
전북특별자치도 전주시 완산구 용리로 57-12,127.1159156,35.79906249,['효자3동'],['5211171300']
전북특별자치도 전주시 완산구 고사평8길 4,127.110426,35.83690474,['서신동'],['5211168000']
전북특별자치도 전주시 완산구 서곡3길 14-21,127.1006798,35.83691529,['효자5동'],['5211173000']
전북특별자치도 전주시 완산구 서곡7길 20-8,127.10136,35.83237733,['효자5동'],['5211173000']
전북특별자치도 전주시 덕진구 아중중앙로 23-7,127.1711521,35.82995079,['우아2동'],['5211361200']
전북특별자치도 전주시 덕진구 거북바우로 105,127.1472838,35.84212649,['인후2동'],['5211355000']
전북특별자치도 전주시 덕진구 작은모래내2길 17,127.1477727,35.8333663,['인후2동'],['5211355000']
전북특별자치도 전주시 완산구 고사평3길 4,127.1094261,35.83608173,['서신동'],['5211168000']
전북특별자치도 전주시 완산구 효동3길 12,127.1287526,35.80535007,['효자1동'],['5211171100']
전북특별자치도 전주시 덕진구 가재미5길 13-2,127.1602526,35.82969328,['인후3동'],['5211356000']
전북특별자치도 전주시 완산구 메너머1길 14-9,127.1206469,35.82124934,['중화산2동'],['5211167200']
전북특별자치도 전주시 덕진구 가재미3길 12,127.1610345,35.82920006,['인후3동'],['5211356000']
전북특별자치도 전주시 완산구 서곡6길 23-10,127.1037645,35.83490304,['효자5동'],['5211173000']
전북특별자치도 전주시 덕진구 인교2길 9-2,127.1709196,35.8271163,['우아2동'],['5211361200']
전북특별자치도 전주시 덕진구 도당산4길 56,127.1555241,35.8464535,['우아1동'],['5211361100']
전북특별자치도 전주시 완산구 고사평4길 14-5,127.111163,35.83494725,['서신동'],['5211168000']
전북특별자치도 전주시 완산구 서곡로 63,127.1007163,35.83466022,['효자5동'],['5211173000']
전북특별자치도 전주시 완산구 중산6길 3-4,127.1208403,35.81716373,['중화산2동'],['5211167200']
전북특별자치도 전주시 완산구 서곡2길 6-11,127.1010594,35.83363953,['효자5동'],['5211173000']
전북특별자치도 전주시 완산구 고사평2길 3-8,127.1100372,35.83496163,['서신동'],['5211168000']
전북특별자치도 전주시 덕진구 진버들6길 8-9,127.1676695,35.83669783,['우아2동'],['5211361200']
전북특별자치도 전주시 덕진구 서가재미2길 6-3,127.1592445,35.83155716,['인후3동'],['5211356000']
전북특별자치도 전주시 완산구 용산마을길 42-3,127.1019247,35.79357962,['삼천3동'],['5211170300']
전북특별자치도 전주시 완산구 중산6길 7-3,127.1210075,35.81716554,['중화산2동'],['5211167200']
전북특별자치도 전주시 덕진구 석소3길 5-12,127.1697993,35.8336704,['우아2동'],['5211361200']
전북특별자치도 전주시 덕진구 우아2길 12,127.1580819,35.84911806,['우아1동'],['5211361100']
전북특별자치도 전주시 완산구 인정3길 4,127.1198312,35.82063946,['중화산2동'],['5211167200']
전북특별자치도 전주시 완산구 서신천변4길 8-3,127.1151324,35.8276554,['서신동'],['5211168000']
전북특별자치도 전주시 완산구 고사평6길 7-6,127.1107827,35.83641891,['서신동'],['5211168000']
전북특별자치도 전주시 완산구 고사평7길 13,127.1090427,35.8376034,['서신동'],['5211168000']
전북특별자치도 전주시 덕진구 무삼지2길 6-4,127.1627484,35.82694974,['인후3동'],['5211356000']
전북특별자치도 전주시 완산구 중산3길 3,127.1200123,35.81560826,['중화산2동'],['5211167200']
전북특별자치도 전주시 완산구 메너머3길 17-14,127.120637,35.82322211,['중화산2동'],['5211167200']
전북특별자치도 전주시 완산구 서곡4길 43,127.1029949,35.83280521,['효자5동'],['5211173000']
전북특별자치도 전주시 완산구 서학1길 35,127.1501428,35.8075128,['서서학동'],['5211166000']
전북특별자치도 전주시 완산구 고사평9길 20,127.1093924,35.838795,['서신동'],['5211168000']
전북특별자치도 전주시 완산구 학전길 69-10,127.1045676,35.76289012,['평화2동'],['5211169200']
전북특별자치도 전주시 완산구 중산5길 8-5,127.1212887,35.81567007,['중화산2동'],['5211167200']
전북특별자치도 전주시 덕진구 백제대로 556-10,127.1312535,35.83931666,['금암1동'],['5211358000']
전북특별자치도 전주시 덕진구 인교5길 21-5,127.1743592,35.82782624,['우아2동'],['5211361200']
전북특별자치도 전주시 완산구 평화4길 14,127.1346666,35.78249853,['평화2동'],['5211169200']
전북특별자치도 전주시 완산구 고사평4길 14,127.1109368,35.83525047,['서신동'],['5211168000']
전북특별자치도 전주시 완산구 맏내로 158-7,127.1290577,35.7942524,['평화2동'],['5211169200']
전북특별자치도 전주시 완산구 서곡3길 2-17,127.1015331,35.83667294,['효자5동'],['5211173000']
전북특별자치도 전주시 완산구 서곡3길 2-23,127.1015133,35.83632624,['효자5동'],['5211173000']
전북특별자치도 전주시 덕진구 가재미로 76,127.1614374,35.83169113,['인후3동'],['5211356000']
전북특별자치도 전주시 완산구 고사평9길 23-3,127.1087037,35.8387128,['서신동'],['5211168000']
전북특별자치도 전주시 완산구 유연로 349-9,127.1236735,35.82606719,['서신동'],['5211168000']
전북특별자치도 전주시 완산구 맏내3길 14-6,127.1303751,35.79318929,['평화2동'],['5211169200']
전북특별자치도 전주시 완산구 서곡1길 1-6,127.1003056,35.834516,['효자5동'],['5211173000']
전북특별자치도 전주시 덕진구 아중3길 6-3,127.1702405,35.82904371,['우아2동'],['5211361200']
전북특별자치도 전주시 완산구 고사평1길 22-5,127.107451,35.83580457,['서신동'],['5211168000']
전북특별자치도 전주시 완산구 메너머2길 19-5,127.1208734,35.82203438,['중화산2동'],['5211167200']
전북특별자치도 전주시 완산구 안터4길 10-5,127.1178185,35.82981023,['서신동'],['5211168000']
전북특별자치도 전주시 완산구 메너머4길 39,127.1184198,35.82485262,['중화산2동'],['5211167200']
전북특별자치도 전주시 덕진구 서가재미2길 17,127.1603604,35.83223982,['인후3동'],['5211356000']
전북특별자치도 전주시 덕진구 서가재미1길 6-18,127.1606788,35.83070194,['인후3동'],['5211356000']
전북특별자치도 전주시 덕진구 무삼지6길 21,127.1634303,35.82744108,['인후3동'],['5211356000']
전북특별자치도 전주시 완산구 팔달로 56-4,127.1499962,35.80751407,['서서학동'],['5211166000']
전북특별자치도 전주시 완산구 서신천변4길 8-11,127.1151301,35.8271954,['서신동'],['5211168000']
전북특별자치도 전주시 덕진구 솔내1길 86-7,127.1260141,35.85774502,['송천1동'],['5211364100']
전북특별자치도 전주시 덕진구 한배미4길 14-1,127.1656283,35.82435072,['인후3동'],['5211356000']
전북특별자치도 전주시 완산구 새터로 34,127.1101722,35.83576642,['서신동'],['5211168000']
전북특별자치도 전주시 완산구 세내로 524,127.1017088,35.83305496,['효자5동'],['5211173000']
전북특별자치도 전주시 덕진구 붓내2길 20-1,127.1239187,35.86498787,['송천1동'],['5211364100']
전북특별자치도 전주시 덕진구 가재미로 73,127.1610729,35.83159798,['인후3동'],['5211356000']
전북특별자치도 전주시 완산구 범안3길 12,127.107091,35.81260223,['효자4동'],['5211171400']
전북특별자치도 전주시 완산구 거마산1길 6,127.1217502,35.79820071,['삼천2동'],['5211170200']
전북특별자치도 전주시 완산구 서곡1길 19,127.0991732,35.83548453,['효자5동'],['5211173000']
전북특별자치도 전주시 완산구 메너머3길 21-12,127.1201695,35.822902,['중화산2동'],['5211167200']
전북특별자치도 전주시 완산구 안행2길 29-8,127.1288015,35.80125342,['삼천1동'],['5211170100']
전북특별자치도 전주시 완산구 안행2길 29-10,127.1288946,35.80117581,['삼천1동'],['5211170100']
전북특별자치도 전주시 완산구 메너머3길 33-9,127.1191442,35.82313086,['중화산2동'],['5211167200']
전북특별자치도 전주시 완산구 범안3길 10,127.1072683,35.81260288,['효자4동'],['5211171400']
전북특별자치도 전주시 완산구 고사평1길 21,127.107386,35.83539032,['서신동'],['5211168000']
전북특별자치도 전주시 완산구 중산3길 3-3,127.1200156,35.81542188,['중화산2동'],['5211167200']
전북특별자치도 전주시 덕진구 한배미2길 19,127.1644558,35.82497961,['인후3동'],['5211356000']
전북특별자치도 전주시 완산구 솟대2길 57-6,127.119651,35.79399445,['삼천2동'],['5211170200']
전북특별자치도 전주시 완산구 안행1길 14-5,127.1291153,35.80068493,['삼천1동'],['5211170100']
전북특별자치도 전주시 완산구 중산7길 15-9,127.1187592,35.81696617,['중화산2동'],['5211167200']
전북특별자치도 전주시 완산구 용리로 57-14,127.1157671,35.79904939,['효자3동'],['5211171300']
전북특별자치도 전주시 완산구 서학1길 31,127.150142,35.8072153,['서서학동'],['5211166000']
전북특별자치도 전주시 완산구 서학1길 38,127.1504652,35.80754349,['서서학동'],['5211166000']
전북특별자치도 전주시 완산구 메너머2길 25-3,127.1200323,35.82199556,['중화산2동'],['5211167200']
전북특별자치도 전주시 완산구 중산8길 17,127.1220224,35.81796051,['중화산2동'],['5211167200']
전북특별자치도 전주시 완산구 메너머3길 21-8,127.1201944,35.82320039,['중화산2동'],['5211167200']
전북특별자치도 전주시 완산구 속거길 11,127.0877987,35.81554535,['효자4동'],['5211171400']
전북특별자치도 전주시 완산구 서곡7길 14-7,127.1018713,35.83231156,['효자5동'],['5211173000']
전북특별자치도 전주시 완산구 고사평7길 1,127.1100885,35.83706989,['서신동'],['5211168000']
전북특별자치도 전주시 덕진구 사평3길 5,127.1227984,35.84343199,['덕진동'],['5211357000']
전북특별자치도 전주시 완산구 고사평2길 17-5,127.1113006,35.8347082,['서신동'],['5211168000']
전북특별자치도 전주시 완산구 메너머2길 25-5,127.1200377,35.82186929,['중화산2동'],['5211167200']
전북특별자치도 전주시 완산구 서곡3길 14-14,127.1013023,35.83658058,['효자5동'],['5211173000']
전북특별자치도 전주시 완산구 거마중앙로 35,127.1206394,35.79667382,['삼천2동'],['5211170200']
전북특별자치도 전주시 완산구 서신천변7길 8,127.1136512,35.82869308,['서신동'],['5211168000']
전북특별자치도 전주시 덕진구 가재미4길 6-5,127.1629392,35.82917433,['인후3동'],['5211356000']
전북특별자치도 전주시 완산구 메너머2길 6-7,127.1220104,35.82304327,['중화산2동'],['5211167200']
전북특별자치도 전주시 완산구 범안3길 13,127.1068013,35.8123943,['효자4동'],['5211171400']
전북특별자치도 전주시 완산구 범안3길 11,127.1070752,35.81238144,['효자4동'],['5211171400']
전북특별자치도 전주시 완산구 범안3길 9,127.1072191,35.81238482,['효자4동'],['5211171400']
전북특별자치도 전주시 덕진구 동가재미2길 4-17,127.1622049,35.83289824,['인후3동'],['5211356000']
전북특별자치도 전주시 덕진구 석소4길 7,127.1714505,35.83404748,['우아2동'],['5211361200']
전북특별자치도 전주시 완산구 고사평2길 13-7,127.1109258,35.83484158,['서신동'],['5211168000']
전북특별자치도 전주시 덕진구 도당산로 33-3,127.1568126,35.84541718,['우아1동'],['5211361100']
전북특별자치도 전주시 완산구 서곡3길 22,127.0999636,35.83683387,['효자5동'],['5211173000']
전북특별자치도 전주시 완산구 서곡3길 3,127.1012804,35.83580687,['효자5동'],['5211173000']
전북특별자치도 전주시 덕진구 아중중앙로 48,127.1711377,35.83246757,['우아2동'],['5211361200']
전북특별자치도 전주시 완산구 전동성당길 33-10,127.1494696,35.81746275,['풍남동'],['5211153000']
전북특별자치도 전주시 완산구 하거마5길 13-6,127.1185704,35.79573442,['삼천2동'],['5211170200']
전북특별자치도 전주시 완산구 서신천변1길 35,127.1129719,35.8274553,['서신동'],['5211168000']
전북특별자치도 전주시 완산구 메너머2길 33-4,127.1189219,35.82190402,['중화산2동'],['5211167200']
전북특별자치도 전주시 완산구 화산천변3길 19-2,127.1140801,35.82038513,['중화산2동'],['5211167200']
전북특별자치도 전주시 완산구 안터4길 14-6,127.1176592,35.82980948,['서신동'],['5211168000']
전북특별자치도 전주시 덕진구 명주6길 14-3,127.1521674,35.84494369,['인후2동'],['5211355000']
전북특별자치도 전주시 덕진구 아중1길 23-3,127.1719033,35.82928937,['우아2동'],['5211361200']
전북특별자치도 전주시 덕진구 서가재미3길 10,127.1592708,35.83284448,['인후3동'],['5211356000']
전북특별자치도 전주시 완산구 고사평5길 14,127.1087168,35.83702653,['서신동'],['5211168000']
전북특별자치도 전주시 완산구 서곡3길 2-21,127.1016005,35.8364327,['효자5동'],['5211173000']
전북특별자치도 전주시 덕진구 인교9길 8,127.1737396,35.82575443,['우아2동'],['5211361200']
전북특별자치도 전주시 완산구 고사평로 22,127.1098129,35.83591861,['서신동'],['5211168000']
전북특별자치도 전주시 완산구 서곡1길 16-8,127.0999552,35.8359784,['효자5동'],['5211173000']
전북특별자치도 전주시 덕진구 서가재미1길 17-2,127.1609694,35.8312807,['인후3동'],['5211356000']
전북특별자치도 전주시 완산구 안터5길 13-5,127.1176642,35.83012348,['서신동'],['5211168000']
전북특별자치도 전주시 덕진구 가재미5길 25,127.1601446,35.82937032,['인후3동'],['5211356000']
전북특별자치도 전주시 완산구 범안2길 18,127.1070953,35.81334928,['효자4동'],['5211171400']
전북특별자치도 전주시 완산구 범안2길 23-3,127.1066146,35.81300678,['효자4동'],['5211171400']
전북특별자치도 전주시 완산구 범안2길 20,127.1069087,35.81334548,['효자4동'],['5211171400']
전북특별자치도 전주시 덕진구 무삼지2길 5-5,127.1630903,35.826134,['인후3동'],['5211356000']
전북특별자치도 전주시 덕진구 한배미3길 7,127.1659976,35.82506626,['인후3동'],['5211356000']
전북특별자치도 전주시 완산구 서곡7길 20-6,127.1012563,35.83224286,['효자5동'],['5211173000']
전북특별자치도 전주시 완산구 상거마1길 11,127.1205888,35.79555892,['삼천2동'],['5211170200']
전북특별자치도 전주시 완산구 범안2길 19-7,127.107094,35.81274247,['효자4동'],['5211171400']
전북특별자치도 전주시 완산구 서학3길 41-3,127.1514167,35.80705886,['서서학동'],['5211166000']
전북특별자치도 전주시 완산구 서곡1길 8-12,127.1010043,35.83566578,['효자5동'],['5211173000']
전북특별자치도 전주시 완산구 고사평5길 12,127.1088422,35.83698496,['서신동'],['5211168000']
전북특별자치도 전주시 덕진구 중상보로 33,127.1710172,35.83343984,['우아2동'],['5211361200']
전북특별자치도 전주시 완산구 고사평9길 10,127.1101083,35.83836318,['서신동'],['5211168000']
전북특별자치도 전주시 완산구 범안2길 17,127.1072704,35.81313553,['효자4동'],['5211171400']
전북특별자치도 전주시 덕진구 인후5길 6-9,127.1583079,35.83094193,['인후3동'],['5211356000']
전북특별자치도 전주시 덕진구 우아2길 9,127.1577235,35.8492803,['우아1동'],['5211361100']
전북특별자치도 전주시 덕진구 우아10길 29-3,127.1580311,35.85294557,['우아1동'],['5211361100']
전북특별자치도 전주시 덕진구 한배미5길 11-3,127.1673721,35.8233315,['인후3동'],['5211356000']
,,,['NaN'],['NaN']
전북특별자치도 전주시 완산구 서곡5길 15,127.101194,35.8374274,['효자5동'],['5211173000']
전북특별자치도 전주시 덕진구 아중7길 20,127.1710541,35.8329779,['우아2동'],['5211361200']
전북특별자치도 전주시 덕진구 아중3길 24-6,127.1718351,35.82940131,['우아2동'],['5211361200']
전북특별자치도 전주시 완산구 고사평1길 12-8,127.1084892,35.83550001,['서신동'],['5211168000']
전북특별자치도 전주시 완산구 중산8길 19,127.1221934,35.81793582,['중화산2동'],['5211167200']
전북특별자치도 전주시 덕진구 서가재미2길 14-3,127.1602265,35.83182244,['인후3동'],['5211356000']
전북특별자치도 전주시 덕진구 아중7길 9-8,127.1722326,35.83269142,['우아2동'],['5211361200']
전북특별자치도 전주시 완산구 서곡2길 6-9,127.1011529,35.83378239,['효자5동'],['5211173000']
전북특별자치도 전주시 완산구 고사평1길 4-9,127.1090071,35.83537453,['서신동'],['5211168000']
전북특별자치도 전주시 완산구 전동성당길 38-8,127.1485127,35.817384,['풍남동'],['5211153000']
전북특별자치도 전주시 완산구 평화13길 12,127.1369551,35.79043988,['평화2동'],['5211169200']
전북특별자치도 전주시 완산구 서곡6길 8-1,127.1031412,35.83632306,['효자5동'],['5211173000']
전북특별자치도 전주시 완산구 고사평9길 13-5,127.1094598,35.83807068,['서신동'],['5211168000']
전북특별자치도 전주시 완산구 고사평7길 21-6,127.1079345,35.83776735,['서신동'],['5211168000']
전북특별자치도 전주시 완산구 효자천변1길 36-33,127.11546,35.79922958,['효자3동'],['5211171300']
전북특별자치도 전주시 덕진구 인교9길 13,127.1741861,35.82608319,['우아2동'],['5211361200']
전북특별자치도 전주시 완산구 서곡1길 20-6,127.0995407,35.83597523,['효자5동'],['5211173000']
전북특별자치도 전주시 완산구 서곡1길 16-10,127.1000726,35.83613134,['효자5동'],['5211173000']
전북특별자치도 전주시 덕진구 가재미6길 10-3,127.1630375,35.83026805,['인후3동'],['5211356000']
전북특별자치도 전주시 완산구 서곡5길 5,127.1020042,35.83696031,['효자5동'],['5211173000']
전북특별자치도 전주시 덕진구 아중7길 13-5,127.1720047,35.83266741,['우아2동'],['5211361200']
전북특별자치도 전주시 덕진구 한배미3길 7-4,127.16584,35.82486739,['인후3동'],['5211356000']
전북특별자치도 전주시 덕진구 한배미6길 20-11,127.1679611,35.8237951,['인후3동'],['5211356000']
전북특별자치도 전주시 완산구 메너머3길 25-19,127.1200175,35.82299562,['중화산2동'],['5211167200']
전북특별자치도 전주시 덕진구 추천1길 27-2,127.1054914,35.85002355,['팔복동'],['5211360000']
전북특별자치도 전주시 덕진구 추천1길 27,127.1056377,35.85002405,['팔복동'],['5211360000']
전북특별자치도 전주시 완산구 서곡1길 20-11,127.0996149,35.83638786,['효자5동'],['5211173000']
전북특별자치도 전주시 덕진구 한배미6길 16-5,127.1683413,35.82374987,['인후3동'],['5211356000']
전북특별자치도 전주시 덕진구 한배미6길 10,127.1688187,35.82380697,['인후3동'],['5211356000']
전북특별자치도 전주시 완산구 장승배기로 234-6,127.1379794,35.79705714,['평화1동'],['5211169100']
전북특별자치도 전주시 완산구 중산8길 15-7,127.1217628,35.81816022,['중화산2동'],['5211167200']
전북특별자치도 전주시 완산구 범안2길 15-7,127.1075555,35.81270204,['효자4동'],['5211171400']
전북특별자치도 전주시 완산구 서곡5길 13-5,127.1012376,35.83702567,['효자5동'],['5211173000']
전북특별자치도 전주시 완산구 서곡7길 20-4,127.1011545,35.83209965,['효자5동'],['5211173000']
전북특별자치도 전주시 덕진구 용계길 28-3,127.200822,35.82136564,['우아2동'],['5211361200']
전북특별자치도 전주시 완산구 서곡1길 4-11,127.1011266,35.83562098,['효자5동'],['5211173000']
전북특별자치도 전주시 덕진구 아중중앙로 43-1,127.1708648,35.83176102,['우아2동'],['5211361200']
전북특별자치도 전주시 완산구 고사평3길 8,127.109055,35.83627782,['서신동'],['5211168000']
전북특별자치도 전주시 덕진구 한배미6길 14,127.1685845,35.82347671,['인후3동'],['5211356000']
전북특별자치도 전주시 완산구 서곡1길 15-4,127.0991563,35.83528347,['효자5동'],['5211173000']
전북특별자치도 전주시 덕진구 매봉3길 7,127.14144,35.84205339,['금암2동'],['5211359000']
전북특별자치도 전주시 덕진구 한배미4길 22,127.1648774,35.8239734,['인후3동'],['5211356000']
전북특별자치도 전주시 완산구 인정3길 15-7,127.1187005,35.81991831,['중화산2동'],['5211167200']
전북특별자치도 전주시 완산구 범안3길 11-6,127.1068032,35.81197836,['효자4동'],['5211171400']
전북특별자치도 전주시 덕진구 아중7길 17-1,127.1714764,35.83278136,['우아2동'],['5211361200']
전북특별자치도 전주시 완산구 고사평1길 12-6,127.1084774,35.83537087,['서신동'],['5211168000']
전북특별자치도 전주시 완산구 고사평2길 3-4,127.1100332,35.83466359,['서신동'],['5211168000']
전북특별자치도 전주시 덕진구 정언신로 161-11,127.1703777,35.83120473,['우아2동'],['5211361200']
전북특별자치도 전주시 덕진구 우아7길 33-23,127.153439,35.84927639,['우아1동'],['5211361100']
전북특별자치도 전주시 완산구 중산8길 3-4,127.1208144,35.8180341,['중화산2동'],['5211167200']
전북특별자치도 전주시 덕진구 아중천2길 41-5,127.1714473,35.83596176,['우아2동'],['5211361200']
전북특별자치도 전주시 완산구 고사평4길 4,127.109828,35.83562587,['서신동'],['5211168000']
전북특별자치도 전주시 완산구 범안3길 7,127.1073547,35.81238903,['효자4동'],['5211171400']
전북특별자치도 전주시 덕진구 아중천2길 41-7,127.1715191,35.83584603,['우아2동'],['5211361200']
전북특별자치도 전주시 완산구 범안2길 23-6,127.106322,35.81291313,['효자4동'],['5211171400']
전북특별자치도 전주시 완산구 서곡5길 13-28,127.1010766,35.83722165,['효자5동'],['5211173000']
전북특별자치도 전주시 완산구 서곡3길 15,127.1001856,35.83637404,['효자5동'],['5211173000']
전북특별자치도 전주시 완산구 서곡1길 16-9,127.0998956,35.83622098,['효자5동'],['5211173000']
전북특별자치도 전주시 덕진구 안골6길 14,127.1553343,35.84367742,['우아1동'],['5211361100']
전북특별자치도 전주시 덕진구 가재미1길 14-5,127.1607721,35.82841451,['인후3동'],['5211356000']
전북특별자치도 전주시 완산구 안터6길 39-1,127.1165981,35.83003673,['서신동'],['5211168000']
전북특별자치도 전주시 완산구 메너머2길 26,127.120023,35.82250668,['중화산2동'],['5211167200']
전북특별자치도 전주시 완산구 꽃밭정1길 11,127.1333896,35.79720968,['평화2동'],['5211169200']
전북특별자치도 전주시 완산구 서곡6길 4-6,127.1024357,35.83633799,['효자5동'],['5211173000']
전북특별자치도 전주시 완산구 서곡로 66,127.1011741,35.83471067,['효자5동'],['5211173000']
전북특별자치도 전주시 덕진구 한배미6길 20-12,127.1681715,35.82374416,['인후3동'],['5211356000']
전북특별자치도 전주시 완산구 고사평5길 24-7,127.1073933,35.83775909,['서신동'],['5211168000']
전북특별자치도 전주시 완산구 고사평3길 13-7,127.1085026,35.83574568,['서신동'],['5211168000']
전북특별자치도 전주시 완산구 범안3길 15-7,127.106605,35.81183821,['효자4동'],['5211171400']
전북특별자치도 전주시 덕진구 석소1길 20,127.1685916,35.83401395,['우아2동'],['5211361200']
전북특별자치도 전주시 완산구 중산1길 16-8,127.118802,35.81500679,['중화산2동'],['5211167200']
전북특별자치도 전주시 완산구 중산10길 12-3,127.1215953,35.81839472,['중화산2동'],['5211167200']
전북특별자치도 전주시 덕진구 가재미1길 16,127.160896,35.82825013,['인후3동'],['5211356000']
전북특별자치도 전주시 완산구 메너머2길 19-7,127.1208919,35.82171053,['중화산2동'],['5211167200']
전북특별자치도 전주시 완산구 중산10길 14,127.121584,35.81857318,['중화산2동'],['5211167200']
전북특별자치도 전주시 덕진구 석소3길 22,127.1699093,35.83483728,['우아2동'],['5211361200']
전북특별자치도 전주시 완산구 서곡5길 13,127.1014367,35.83728597,['효자5동'],['5211173000']
전북특별자치도 전주시 덕진구 명주2길 32,127.1470299,35.84210527,['인후2동'],['5211355000']
전북특별자치도 전주시 완산구 범안1길 16-4,127.1081596,35.81267365,['효자4동'],['5211171400']
전북특별자치도 전주시 덕진구 가재미1길 18,127.160756,35.82820859,['인후3동'],['5211356000']
전북특별자치도 전주시 덕진구 반월5길 8-12,127.0690927,35.87350946,['조촌동'],['5211365000']
전북특별자치도 전주시 덕진구 한배미6길 16-1,127.1683875,35.82341381,['인후3동'],['5211356000']
전북특별자치도 전주시 완산구 하거마7길 44,127.1172674,35.79828501,['삼천2동'],['5211170200']
전북특별자치도 전주시 완산구 서신천변8길 5,127.1147432,35.82867212,['서신동'],['5211168000']
전북특별자치도 전주시 덕진구 아중천2길 44,127.1709388,35.83638049,['우아2동'],['5211361200']
전북특별자치도 전주시 완산구 서곡3길 4-29,127.1017201,35.83637564,['효자5동'],['5211173000']
전북특별자치도 전주시 덕진구 중상보로 13-10,127.1688477,35.833401,['우아2동'],['5211361200']
전북특별자치도 전주시 완산구 안행9길 25-12,127.133109,35.8022457,['효자1동'],['5211171100']
전북특별자치도 전주시 덕진구 한배미6길 20-6,127.1682448,35.82336796,['인후3동'],['5211356000']
전북특별자치도 전주시 완산구 서곡2길 10-8,127.101265,35.83372227,['효자5동'],['5211173000']
전북특별자치도 전주시 덕진구 팽나무3길 6-12,127.152831,35.83521342,['인후1동'],['5211354000']
전북특별자치도 전주시 덕진구 인교6길 13-21,127.1716804,35.8251174,['우아2동'],['5211361200']
전북특별자치도 전주시 완산구 전룡4길 8-6,127.1200781,35.8259032,['서신동'],['5211168000']
전북특별자치도 전주시 완산구 범안2길 11-5,127.1080212,35.81280355,['효자4동'],['5211171400']
전북특별자치도 전주시 덕진구 인후6길 5-8,127.1579255,35.83188966,['인후3동'],['5211356000']
전북특별자치도 전주시 완산구 봉곡1길 30,127.1001372,35.81314412,['효자4동'],['5211171400']
전북특별자치도 전주시 덕진구 반월5길 8-14,127.0689141,35.87349703,['조촌동'],['5211365000']
전북특별자치도 전주시 덕진구 솔내1길 86-5,127.1258686,35.8577805,['송천1동'],['5211364100']
전북특별자치도 전주시 완산구 메너머3길 17-8,127.1206381,35.82350231,['중화산2동'],['5211167200']
전북특별자치도 전주시 완산구 서곡3길 2-19,127.1017036,35.83658294,['효자5동'],['5211173000']
전북특별자치도 전주시 덕진구 진버들6길 30-14,127.1663892,35.83803527,['우아2동'],['5211361200']
전북특별자치도 전주시 덕진구 한배미2길 23,127.1641076,35.82484219,['인후3동'],['5211356000']
전북특별자치도 전주시 완산구 서곡1길 9-4,127.0998062,35.83494947,['효자5동'],['5211173000']
전북특별자치도 전주시 완산구 서곡7길 24-8,127.1010657,35.83250835,['효자5동'],['5211173000']
전북특별자치도 전주시 덕진구 우아7길 33-25,127.1536071,35.84930871,['우아1동'],['5211361100']
전북특별자치도 전주시 완산구 평화13길 10-3,127.1369033,35.79031268,['평화2동'],['5211169200']
전북특별자치도 전주시 완산구 범안1길 30-3,127.1070485,35.81147524,['효자4동'],['5211171400']
전북특별자치도 전주시 완산구 서곡6길 6,127.1028335,35.83646959,['효자5동'],['5211173000']
전북특별자치도 전주시 덕진구 가재미3길 14-5,127.1603937,35.82931636,['인후3동'],['5211356000']
전북특별자치도 전주시 덕진구 팔달로 357-21,127.1371697,35.83206953,['진북동'],['5211352500']
전북특별자치도 전주시 덕진구 진버들7길 15,127.1676036,35.8372576,['우아2동'],['5211361200']
전북특별자치도 전주시 완산구 꽃밭정3길 27,127.1339264,35.79780391,['평화2동'],['5211169200']
전북특별자치도 전주시 완산구 평화4길 10,127.1341528,35.7826133,['평화2동'],['5211169200']
전북특별자치도 전주시 덕진구 무삼지3길 4,127.162417,35.82780963,['인후3동'],['5211356000']
전북특별자치도 전주시 완산구 문학대6길 22-5,127.1044711,35.82795237,['효자5동'],['5211173000']
전북특별자치도 전주시 완산구 문학대6길 22-3,127.1044714,35.82806917,['효자5동'],['5211173000']
전북특별자치도 전주시 완산구 문학대2길 31-1,127.1052685,35.8258685,['효자5동'],['5211173000']
전북특별자치도 전주시 완산구 범안2길 19,127.1070939,35.81313352,['효자4동'],['5211171400']
전북특별자치도 전주시 덕진구 인교8길 14,127.1741024,35.82630448,['우아2동'],['5211361200']
전북특별자치도 전주시 완산구 서곡3길 24-22,127.1002041,35.83717903,['효자5동'],['5211173000']
전북특별자치도 전주시 덕진구 아중천2길 40,127.1713335,35.83650015,['우아2동'],['5211361200']
전북특별자치도 전주시 덕진구 가재미5길 9-4,127.1608062,35.82966478,['인후3동'],['5211356000']
전북특별자치도 전주시 완산구 서곡3길 24-30,127.100087,35.83721158,['효자5동'],['5211173000']
전북특별자치도 전주시 완산구 문학대6길 29,127.105046,35.82855968,['효자5동'],['5211173000']
전북특별자치도 전주시 덕진구 한배미6길 20-5,127.1680455,35.82328235,['인후3동'],['5211356000']
전북특별자치도 전주시 완산구 서곡3길 4-31,127.1018237,35.83652759,['효자5동'],['5211173000']
전북특별자치도 전주시 덕진구 오송1길 13-4,127.1284956,35.86347977,['송천1동'],['5211364100']
전북특별자치도 전주시 완산구 고사평9길 17,127.1092261,35.83861255,['서신동'],['5211168000']
전북특별자치도 전주시 완산구 문학대6길 26,127.1046968,35.82831502,['효자5동'],['5211173000']
전북특별자치도 전주시 완산구 봉곡1길 28-3,127.1001346,35.81303029,['효자4동'],['5211171400']
전북특별자치도 전주시 완산구 범안1길 26-10,127.1072202,35.81220457,['효자4동'],['5211171400']
전북특별자치도 전주시 완산구 고사평9길 2,127.110727,35.83800752,['서신동'],['5211168000']
전북특별자치도 전주시 완산구 메너머2길 21-5,127.1204764,35.82184929,['중화산2동'],['5211167200']
전북특별자치도 전주시 완산구 문학대2길 31-5,127.1052691,35.82614699,['효자5동'],['5211173000']
전북특별자치도 전주시 완산구 인정3길 6,127.1196588,35.82063152,['중화산2동'],['5211167200']
전북특별자치도 전주시 완산구 문학대2길 31,127.1052369,35.82572983,['효자5동'],['5211173000']
전북특별자치도 전주시 완산구 인정3길 8,127.119504,35.82062843,['중화산2동'],['5211167200']
전북특별자치도 전주시 완산구 범안2길 19-3,127.1070918,35.81299374,['효자4동'],['5211171400']
전북특별자치도 전주시 완산구 구룡2길 27,127.1047837,35.81335258,['효자4동'],['5211171400']
전북특별자치도 전주시 완산구 서곡2길 9-6,127.1021838,35.8345757,['효자5동'],['5211173000']
전북특별자치도 전주시 덕진구 붓내1길 25-3,127.1241297,35.86470304,['송천1동'],['5211364100']
전북특별자치도 전주시 완산구 메너머3길 25-11,127.1200173,35.82330412,['중화산2동'],['5211167200']
전북특별자치도 전주시 완산구 메너머4길 40-24,127.1184262,35.82450599,['중화산2동'],['5211167200']
전북특별자치도 전주시 덕진구 중상보로 40,127.1718415,35.83340983,['우아2동'],['5211361200']
전북특별자치도 전주시 완산구 문학대2길 8,127.1026101,35.82544991,['효자5동'],['5211173000']
전북특별자치도 전주시 완산구 메너머4길 40-26,127.1185921,35.82450745,['중화산2동'],['5211167200']
전북특별자치도 전주시 완산구 인정3길 14,127.1186537,35.82059169,['중화산2동'],['5211167200']
전북특별자치도 전주시 완산구 평화19길 9-6,127.13752,35.7954015,['평화1동'],['5211169100']
전북특별자치도 전주시 완산구 인정2길 12-3,127.1188443,35.81991889,['중화산2동'],['5211167200']
전북특별자치도 전주시 덕진구 가재미3길 14-6,127.160638,35.8294451,['인후3동'],['5211356000']
전북특별자치도 전주시 덕진구 한배미6길 20-7,127.1679699,35.82342728,['인후3동'],['5211356000']
전북특별자치도 전주시 완산구 고사평7길 23-3,127.1079839,35.83804435,['서신동'],['5211168000']
전북특별자치도 전주시 덕진구 석소1길 13,127.1682523,35.83355244,['우아2동'],['5211361200']
전북특별자치도 전주시 덕진구 서가재미1길 13-5,127.1600775,35.83139986,['인후3동'],['5211356000']
전북특별자치도 전주시 덕진구 무삼지4길 24,127.1639697,35.82606322,['인후3동'],['5211356000']
전북특별자치도 전주시 완산구 상거마4길 7,127.1200548,35.79701608,['삼천2동'],['5211170200']
전북특별자치도 전주시 덕진구 솔내1길 75,127.125016,35.85714294,['송천1동'],['5211364100']
전북특별자치도 전주시 완산구 구룡2길 24-6,127.104257,35.81286329,['효자4동'],['5211171400']
전북특별자치도 전주시 완산구 문학대6길 20,127.1039362,35.82833731,['효자5동'],['5211173000']
전북특별자치도 전주시 완산구 농소2길 9-3,127.0978465,35.81431223,['효자5동'],['5211173000']
전북특별자치도 전주시 완산구 문학대6길 28-2,127.1046977,35.82821336,['효자5동'],['5211173000']
전북특별자치도 전주시 완산구 문학대6길 28-4,127.1046921,35.82806835,['효자5동'],['5211173000']
전북특별자치도 전주시 덕진구 가재미로 89,127.1605362,35.83287335,['인후3동'],['5211356000']
전북특별자치도 전주시 완산구 고사평1길 15,127.1080664,35.83495621,['서신동'],['5211168000']
전북특별자치도 전주시 완산구 범안2길 19-5,127.10709,35.81286702,['효자4동'],['5211171400']
전북특별자치도 전주시 덕진구 가재미6길 14-4,127.1632076,35.83033451,['인후3동'],['5211356000']
전북특별자치도 전주시 완산구 문학대2길 19,127.1039131,35.82570547,['효자5동'],['5211173000']
전북특별자치도 전주시 완산구 전룡3길 13,127.1179335,35.82628908,['서신동'],['5211168000']
전북특별자치도 전주시 완산구 범안2길 15-6,127.1072784,35.81273888,['효자4동'],['5211171400']
전북특별자치도 전주시 완산구 범안1길 26-5,127.107216,35.8119561,['효자4동'],['5211171400']
전북특별자치도 전주시 완산구 서곡1길 16-5,127.0996592,35.83591033,['효자5동'],['5211173000']
전북특별자치도 전주시 완산구 고사평9길 7-2,127.1100843,35.83809156,['서신동'],['5211168000']
전북특별자치도 전주시 완산구 효자천변1길 36-31,127.1156154,35.79921059,['효자3동'],['5211171300']
전북특별자치도 전주시 완산구 범안3길 16,127.1066115,35.81259392,['효자4동'],['5211171400']
전북특별자치도 전주시 완산구 범안1길 34-8,127.1065928,35.81135911,['효자4동'],['5211171400']
전북특별자치도 전주시 덕진구 떡전로 12-6,127.1284609,35.83620051,['금암1동'],['5211358000']
전북특별자치도 전주시 완산구 안행2길 29-16,127.129175,35.80089675,['삼천1동'],['5211170100']
전북특별자치도 전주시 완산구 서신천변10길 4-3,127.1147456,35.82942909,['서신동'],['5211168000']
전북특별자치도 전주시 완산구 구룡1길 27-12,127.1050526,35.81257249,['효자4동'],['5211171400']
전북특별자치도 전주시 덕진구 한배미1길 61-6,127.1679065,35.82324,['인후3동'],['5211356000']
전북특별자치도 전주시 완산구 메너머2길 37-15,127.1187657,35.82138432,['중화산2동'],['5211167200']
전북특별자치도 전주시 덕진구 아중7길 15,127.1715924,35.83295604,['우아2동'],['5211361200']
전북특별자치도 전주시 덕진구 서가재미2길 14-6,127.1600147,35.83155388,['인후3동'],['5211356000']
전북특별자치도 전주시 완산구 구룡1길 33-12,127.1055555,35.81240684,['효자4동'],['5211171400']
전북특별자치도 전주시 덕진구 팽나무6길 14,127.1562232,35.83455744,['인후1동'],['5211354000']
전북특별자치도 전주시 덕진구 동가재미1길 9,127.1620876,35.83236422,['인후3동'],['5211356000']
전북특별자치도 전주시 완산구 서곡2길 1-4,127.1015013,35.83475455,['효자5동'],['5211173000']
전북특별자치도 전주시 완산구 중산8길 5,127.1208193,35.81787448,['중화산2동'],['5211167200']
전북특별자치도 전주시 완산구 구룡1길 27-14,127.1050585,35.81271785,['효자4동'],['5211171400']
전북특별자치도 전주시 완산구 농소2길 3-4,127.0975502,35.81444036,['효자5동'],['5211173000']
전북특별자치도 전주시 완산구 봉곡3길 35-2,127.1011522,35.8121809,['효자4동'],['5211171400']
전북특별자치도 전주시 완산구 중산5길 6,127.1208761,35.81594672,['중화산2동'],['5211167200']
전북특별자치도 전주시 완산구 문학대6길 30,127.1050341,35.82831851,['효자5동'],['5211173000']
전북특별자치도 전주시 완산구 전룡5길 5-6,127.1200733,35.82576495,['서신동'],['5211168000']
전북특별자치도 전주시 완산구 범안2길 19-8,127.1068053,35.81273695,['효자4동'],['5211171400']
전북특별자치도 전주시 완산구 범안2길 19-6,127.1068066,35.81287142,['효자4동'],['5211171400']
전북특별자치도 전주시 덕진구 건지로 10-16,127.143733,35.84470947,['금암2동'],['5211359000']
전북특별자치도 전주시 완산구 구룡2길 8,127.1026235,35.81314986,['효자4동'],['5211171400']
전북특별자치도 전주시 완산구 범안3길 14,127.1068045,35.81260717,['효자4동'],['5211171400']
전북특별자치도 전주시 완산구 서곡2길 10-4,127.1015511,35.83408956,['효자5동'],['5211173000']
전북특별자치도 전주시 완산구 고사평1길 19,127.1075679,35.8352793,['서신동'],['5211168000']
전북특별자치도 전주시 완산구 서곡7길 14-4,127.1018768,35.83191851,['효자5동'],['5211173000']
전북특별자치도 전주시 완산구 배학2길 33-3,127.1002954,35.81980583,['효자5동'],['5211173000']
전북특별자치도 전주시 완산구 솟대1길 13,127.1248998,35.79413061,['삼천2동'],['5211170200']
전북특별자치도 전주시 덕진구 서가재미1길 13-3,127.1601394,35.8312527,['인후3동'],['5211356000']
전북특별자치도 전주시 완산구 고사평7길 15,127.1088307,35.83773184,['서신동'],['5211168000']
전북특별자치도 전주시 덕진구 아중7길 17,127.1714096,35.83288943,['우아2동'],['5211361200']
전북특별자치도 전주시 덕진구 서가재미3길 18-1,127.1602662,35.83304945,['인후3동'],['5211356000']
전북특별자치도 전주시 완산구 서곡5길 5-4,127.1017254,35.83693279,['효자5동'],['5211173000']
전북특별자치도 전주시 완산구 문학대6길 18-5,127.1039192,35.82806244,['효자5동'],['5211173000']
전북특별자치도 전주시 완산구 범안3길 18,127.1063221,35.81259949,['효자4동'],['5211171400']
전북특별자치도 전주시 완산구 평화19길 6-6,127.1368378,35.79450489,['평화1동'],['5211169100']
전북특별자치도 전주시 완산구 범안2길 23-2,127.106291,35.81320435,['효자4동'],['5211171400']
전북특별자치도 전주시 완산구 봉곡로 93,127.1039991,35.81155615,['효자4동'],['5211171400']
전북특별자치도 전주시 완산구 척동4길 3,127.1002943,35.82229421,['효자5동'],['5211173000']
전북특별자치도 전주시 완산구 구룡2길 29,127.1049503,35.81334775,['효자4동'],['5211171400']
전북특별자치도 전주시 덕진구 석소2길 21,127.1685058,35.83437466,['우아2동'],['5211361200']
전북특별자치도 전주시 완산구 고사평로 20,127.1096934,35.83567736,['서신동'],['5211168000']
전북특별자치도 전주시 완산구 구룡2길 8-4,127.1026279,35.81301845,['효자4동'],['5211171400']
전북특별자치도 전주시 완산구 문학대6길 32-8,127.1052715,35.82795086,['효자5동'],['5211173000']
전북특별자치도 전주시 완산구 서학4길 5-7,127.1522134,35.80627583,['동서학동'],['5211165000']
전북특별자치도 전주시 완산구 백마산길 32-3,127.0894469,35.81731069,['효자4동'],['5211171400']
전북특별자치도 전주시 덕진구 아중6길 14-7,127.1725418,35.83288745,['우아2동'],['5211361200']
전북특별자치도 전주시 완산구 서곡2길 18,127.1024626,35.83377452,['효자5동'],['5211173000']
전북특별자치도 전주시 덕진구 우아3길 20-14,127.1550351,35.84902658,['우아1동'],['5211361100']
전북특별자치도 전주시 완산구 고사평3길 6,127.1091595,35.83619247,['서신동'],['5211168000']
전북특별자치도 전주시 완산구 전룡로 16,127.1148495,35.82599925,['서신동'],['5211168000']
전북특별자치도 전주시 완산구 문학대6길 16,127.1036099,35.82833579,['효자5동'],['5211173000']
전북특별자치도 전주시 완산구 고사평8길 10-4,127.1109759,35.83651048,['서신동'],['5211168000']
전북특별자치도 전주시 완산구 배학4길 46-6,127.1008167,35.82024305,['효자5동'],['5211173000']
전북특별자치도 전주시 덕진구 인후6길 5-10,127.158006,35.83168398,['인후3동'],['5211356000']
전북특별자치도 전주시 완산구 고사평1길 4-4,127.1092406,35.83482023,['서신동'],['5211168000']
전북특별자치도 전주시 덕진구 붓내1길 25-2,127.1244395,35.86480095,['송천1동'],['5211364100']
전북특별자치도 전주시 완산구 문학대2길 31-4,127.1055744,35.82596737,['효자5동'],['5211173000']
전북특별자치도 전주시 완산구 구룡1길 27-9,127.1047533,35.81241926,['효자4동'],['5211171400']
전북특별자치도 전주시 완산구 구룡1길 33-9,127.105259,35.81227408,['효자4동'],['5211171400']
전북특별자치도 전주시 완산구 중산1길 4,127.1200452,35.81455592,['중화산2동'],['5211167200']
전북특별자치도 전주시 덕진구 안골6길 8,127.1546631,35.84343657,['우아1동'],['5211361100']
전북특별자치도 전주시 완산구 봉곡1길 23,127.0994765,35.81335159,['효자4동'],['5211171400']
전북특별자치도 전주시 완산구 구룡2길 24-7,127.104518,35.81296013,['효자4동'],['5211171400']
전북특별자치도 전주시 완산구 배학4길 46-7,127.1011164,35.82011482,['효자5동'],['5211173000']
전북특별자치도 전주시 덕진구 서가재미2길 16-1,127.160356,35.8319544,['인후3동'],['5211356000']
전북특별자치도 전주시 완산구 구룡2길 8-3,127.1029431,35.81301178,['효자4동'],['5211171400']
전북특별자치도 전주시 완산구 선너머3길 18-12,127.1309962,35.81424797,['중화산1동'],['5211167100']
전북특별자치도 전주시 완산구 황학1길 12,127.1568247,35.80811371,['동서학동'],['5211165000']
전북특별자치도 전주시 완산구 농소2길 5,127.0975739,35.81416312,['효자5동'],['5211173000']
전북특별자치도 전주시 완산구 문학대4길 8-8,127.1025723,35.82627424,['효자5동'],['5211173000']
전북특별자치도 전주시 덕진구 상리로 40,127.1037821,35.85186666,['팔복동'],['5211360000']
전북특별자치도 전주시 덕진구 상리로 40-2,127.1039684,35.85181441,['팔복동'],['5211360000']
전북특별자치도 전주시 완산구 범안1길 26-4,127.1076319,35.81203603,['효자4동'],['5211171400']
전북특별자치도 전주시 완산구 황강서원4길 3-12,127.1013828,35.82830948,['효자5동'],['5211173000']
전북특별자치도 전주시 완산구 농소2길 9,127.0978203,35.81415985,['효자5동'],['5211173000']
전북특별자치도 전주시 덕진구 아중7길 6,127.1723703,35.83341592,['우아2동'],['5211361200']
전북특별자치도 전주시 완산구 배학2길 33-4,127.100601,35.81981883,['효자5동'],['5211173000']
전북특별자치도 전주시 완산구 배학4길 40-5,127.1006052,35.82024323,['효자5동'],['5211173000']
전북특별자치도 전주시 완산구 봉곡1길 13,127.0983681,35.81336774,['효자4동'],['5211171400']
전북특별자치도 전주시 완산구 봉곡2길 13-3,127.0957947,35.81290945,['효자4동'],['5211171400']
전북특별자치도 전주시 완산구 봉곡1길 15,127.0985762,35.81336757,['효자4동'],['5211171400']
전북특별자치도 전주시 덕진구 한배미1길 54-3,127.1673037,35.82206857,['인후3동'],['5211356000']
전북특별자치도 전주시 완산구 구룡2길 26,127.1046604,35.81312314,['효자4동'],['5211171400']
전북특별자치도 전주시 완산구 구룡1길 27-8,127.1050552,35.81227299,['효자4동'],['5211171400']
전북특별자치도 전주시 완산구 평화19길 9-5,127.1372304,35.79551395,['평화1동'],['5211169100']
전북특별자치도 전주시 완산구 평화19길 5-8,127.1370841,35.79551709,['평화1동'],['5211169100']
전북특별자치도 전주시 완산구 황강서원2길 15,127.0999171,35.82808954,['효자5동'],['5211173000']
전북특별자치도 전주시 완산구 황강서원2길 13,127.0997543,35.82808913,['효자5동'],['5211173000']
전북특별자치도 전주시 덕진구 송천3길 37,127.117668,35.86002987,['송천2동'],['5211364200']
전북특별자치도 전주시 덕진구 송천3길 35,127.1178241,35.86006811,['송천2동'],['5211364200']
전북특별자치도 전주시 덕진구 송천3길 33,127.1180254,35.86011982,['송천2동'],['5211364200']
전북특별자치도 전주시 완산구 구룡2길 24-9,127.1046731,35.81295594,['효자4동'],['5211171400']
전북특별자치도 전주시 완산구 구룡1길 33-5,127.1052629,35.8119708,['효자4동'],['5211171400']
전북특별자치도 전주시 완산구 구룡2길 8-8,127.102634,35.81274554,['효자4동'],['5211171400']
전북특별자치도 전주시 완산구 서곡6길 23-2,127.1032654,35.83514663,['효자5동'],['5211173000']
전북특별자치도 전주시 완산구 척동3길 9-3,127.0990715,35.821976,['효자5동'],['5211173000']
전북특별자치도 전주시 완산구 배학2길 36,127.1007081,35.81945796,['효자5동'],['5211173000']
전북특별자치도 전주시 완산구 농소2길 13,127.0983934,35.81416317,['효자5동'],['5211173000']
전북특별자치도 전주시 덕진구 호반8길 22-8,127.1173892,35.85188514,['덕진동'],['5211357000']
전북특별자치도 전주시 덕진구 호반5길 6-1,127.116115,35.84991065,['덕진동'],['5211357000']
전북특별자치도 전주시 완산구 문학대6길 18-6,127.1036289,35.82805909,['효자5동'],['5211173000']
전북특별자치도 전주시 완산구 문학대4길 12-7,127.1033604,35.8262678,['효자5동'],['5211173000']
전북특별자치도 전주시 덕진구 백동6길 15-9,127.150925,35.84734385,['인후2동'],['5211355000']
전북특별자치도 전주시 완산구 척동7길 8,127.0990778,35.82365775,['효자5동'],['5211173000']
전북특별자치도 전주시 완산구 구룡2길 8-6,127.102633,35.81288488,['효자4동'],['5211171400']
전북특별자치도 전주시 완산구 황강서원4길 6,127.1000942,35.82830092,['효자5동'],['5211173000']
전북특별자치도 전주시 완산구 봉곡2길 7-6,127.095993,35.81279375,['효자4동'],['5211171400']
전북특별자치도 전주시 완산구 배학2길 15,127.0985563,35.81931374,['효자5동'],['5211173000']
전북특별자치도 전주시 완산구 농소1길 2,127.0968101,35.81417833,['효자5동'],['5211173000']
전북특별자치도 전주시 완산구 서곡로 83,127.1018192,35.83612987,['효자5동'],['5211173000']
전북특별자치도 전주시 완산구 서곡로 82-1,127.1021507,35.83597773,['효자5동'],['5211173000']
전북특별자치도 전주시 완산구 봉곡2길 3-6,127.096507,35.81279857,['효자4동'],['5211171400']
전북특별자치도 전주시 완산구 봉곡2길 7-5,127.0963011,35.81279963,['효자4동'],['5211171400']
전북특별자치도 전주시 완산구 구룡2길 8-7,127.1029408,35.81274555,['효자4동'],['5211171400']
전북특별자치도 전주시 완산구 구룡2길 18-4,127.1036963,35.81301087,['효자4동'],['5211171400']
전북특별자치도 전주시 완산구 배학2길 42,127.1013079,35.81943889,['효자5동'],['5211173000']
전북특별자치도 전주시 완산구 전룡2길 11-5,127.1169519,35.82612394,['서신동'],['5211168000']
전북특별자치도 전주시 완산구 범안3길 11-2,127.1068024,35.81225974,['효자4동'],['5211171400']
전북특별자치도 전주시 완산구 고사평로 19,127.1094508,35.83580565,['서신동'],['5211168000']
전북특별자치도 전주시 완산구 서곡3길 14-16,127.1014133,35.83673974,['효자5동'],['5211173000']
전북특별자치도 전주시 덕진구 아중7길 2,127.1727349,35.83354238,['우아2동'],['5211361200']
전북특별자치도 전주시 완산구 구룡1길 9-10,127.1029434,35.81257819,['효자4동'],['5211171400']
전북특별자치도 전주시 완산구 봉곡2길 8,127.0961382,35.81338315,['효자4동'],['5211171400']
전북특별자치도 전주시 덕진구 한배미6길 16-3,127.1682954,35.82357382,['인후3동'],['5211356000']
전북특별자치도 전주시 덕진구 팽나무3길 7-8,127.1537353,35.83581241,['인후1동'],['5211354000']
전북특별자치도 전주시 완산구 봉곡1길 22,127.0993166,35.81314642,['효자4동'],['5211171400']
전북특별자치도 전주시 완산구 문학대4길 17,127.1037886,35.8269029,['효자5동'],['5211173000']
전북특별자치도 전주시 완산구 봉곡4길 12,127.0957918,35.8122016,['효자4동'],['5211171400']
전북특별자치도 전주시 완산구 구룡1길 33-6,127.1055616,35.81193602,['효자4동'],['5211171400']
전북특별자치도 전주시 덕진구 아중천2길 23-3,127.1721605,35.83530435,['우아2동'],['5211361200']
전북특별자치도 전주시 완산구 서신천변7길 27,127.1122823,35.82896366,['서신동'],['5211168000']
전북특별자치도 전주시 완산구 범안2길 11,127.1080399,35.81311609,['효자4동'],['5211171400']
전북특별자치도 전주시 덕진구 붓내1길 25-1,127.1242736,35.86462646,['송천1동'],['5211364100']
전북특별자치도 전주시 덕진구 매봉3길 11,127.1418358,35.84219641,['금암2동'],['5211359000']
전북특별자치도 전주시 완산구 문학대6길 27,127.1048877,35.82855342,['효자5동'],['5211173000']
전북특별자치도 전주시 완산구 평화2길 7,127.134025,35.78216461,['평화2동'],['5211169200']
전북특별자치도 전주시 덕진구 백동5길 10-7,127.1508198,35.84719366,['인후2동'],['5211355000']
전북특별자치도 전주시 완산구 고사평1길 16,127.1080817,35.83520233,['서신동'],['5211168000']
전북특별자치도 전주시 완산구 서곡5길 23-19,127.1003175,35.83731359,['효자5동'],['5211173000']
전북특별자치도 전주시 완산구 서곡1길 15-7,127.0991327,35.83491209,['효자5동'],['5211173000']
전북특별자치도 전주시 완산구 봉곡1길 12,127.0982258,35.81314578,['효자4동'],['5211171400']
전북특별자치도 전주시 완산구 문학대4길 32-4,127.1052436,35.82646408,['효자5동'],['5211173000']
전북특별자치도 전주시 완산구 구룡1길 33-14,127.1055549,35.81257439,['효자4동'],['5211171400']
전북특별자치도 전주시 완산구 서곡2길 9-8,127.1022755,35.83469874,['효자5동'],['5211173000']
전북특별자치도 전주시 완산구 배학2길 29,127.1000837,35.81966289,['효자5동'],['5211173000']
전북특별자치도 전주시 완산구 구룡1길 29,127.1050543,35.81163517,['효자4동'],['5211171400']
전북특별자치도 전주시 완산구 화산천변2길 15-3,127.1176998,35.81972237,['중화산2동'],['5211167200']
전북특별자치도 전주시 완산구 용호로 178,127.0972127,35.81908195,['효자5동'],['5211173000']
전북특별자치도 전주시 덕진구 건지4길 14,127.1455977,35.84579369,['인후2동'],['5211355000']
전북특별자치도 전주시 완산구 문학대5길 17-7,127.1036289,35.82778583,['효자5동'],['5211173000']
전북특별자치도 전주시 완산구 문학대2길 11,127.1030575,35.82567998,['효자5동'],['5211173000']
전북특별자치도 전주시 완산구 구룡2길 23,127.1044281,35.81336461,['효자4동'],['5211171400']
전북특별자치도 전주시 완산구 봉곡1길 6,127.0975267,35.81313418,['효자4동'],['5211171400']
전북특별자치도 전주시 완산구 봉곡1길 14-2,127.098238,35.81301392,['효자4동'],['5211171400']
전북특별자치도 전주시 덕진구 아중7길 4,127.1725629,35.83348044,['우아2동'],['5211361200']
전북특별자치도 전주시 덕진구 안골6길 11-2,127.1551201,35.84397674,['우아1동'],['5211361100']
전북특별자치도 전주시 덕진구 우아1길 12,127.1558261,35.84857926,['우아1동'],['5211361100']
전북특별자치도 전주시 완산구 구룡2길 34-1,127.1055731,35.81307656,['효자4동'],['5211171400']
전북특별자치도 전주시 완산구 문학대2길 9,127.1028803,35.82568608,['효자5동'],['5211173000']
전북특별자치도 전주시 완산구 배학2길 38,127.1010157,35.81944301,['효자5동'],['5211173000']
전북특별자치도 전주시 덕진구 아중1길 17,127.1715597,35.82894639,['우아2동'],['5211361200']
전북특별자치도 전주시 덕진구 건지4길 12,127.145656,35.84565536,['인후2동'],['5211355000']
전북특별자치도 전주시 완산구 배학2길 36-1,127.1008616,35.81945234,['효자5동'],['5211173000']
전북특별자치도 전주시 덕진구 인교6길 15,127.1712688,35.82541333,['우아2동'],['5211361200']
전북특별자치도 전주시 덕진구 안골4길 16-3,127.156712,35.84140564,['인후1동'],['5211354000']
전북특별자치도 전주시 완산구 문학대6길 32-5,127.1055858,35.82791517,['효자5동'],['5211173000']
전북특별자치도 전주시 완산구 문학대2길 11-3,127.1030701,35.82582291,['효자5동'],['5211173000']
전북특별자치도 전주시 완산구 고사평5길 13,127.1086443,35.83680047,['서신동'],['5211168000']
전북특별자치도 전주시 완산구 황강서원2길 11,127.0996047,35.82810079,['효자5동'],['5211173000']
전북특별자치도 전주시 완산구 새터로 17,127.1089746,35.83660883,['서신동'],['5211168000']
전북특별자치도 전주시 완산구 황강서원로 41,127.1017498,35.8288693,['효자5동'],['5211173000']
전북특별자치도 전주시 완산구 문학대6길 18-7,127.1039067,35.82790005,['효자5동'],['5211173000']
전북특별자치도 전주시 덕진구 한배미6길 16-6,127.1685524,35.82370243,['인후3동'],['5211356000']
전북특별자치도 전주시 덕진구 숲정이2길 27-1,127.13018,35.83071144,['진북동'],['5211352500']
전북특별자치도 전주시 덕진구 우아7길 19-10,127.1543576,35.84904007,['우아1동'],['5211361100']
전북특별자치도 전주시 덕진구 동가재미1길 5,127.1616839,35.83228176,['인후3동'],['5211356000']
전북특별자치도 전주시 완산구 중산3길 16,127.1185464,35.81604565,['중화산2동'],['5211167200']
전북특별자치도 전주시 덕진구 팔복4길 10-1,127.1040561,35.8506107,['팔복동'],['5211360000']
전북특별자치도 전주시 덕진구 솔내8길 23-25,127.1226003,35.86145991,['송천1동'],['5211364100']
전북특별자치도 전주시 완산구 서신천변8길 7-2,127.1151385,35.82880937,['서신동'],['5211168000']
전북특별자치도 전주시 완산구 척동7길 9,127.0990633,35.82341063,['효자5동'],['5211173000']
전북특별자치도 전주시 덕진구 붓내5길 6-6,127.1223549,35.86817171,['송천1동'],['5211364100']
전북특별자치도 전주시 덕진구 솔내8길 23-19,127.1230904,35.86158415,['송천1동'],['5211364100']
전북특별자치도 전주시 덕진구 우아7길 19-12,127.1541923,35.8489909,['우아1동'],['5211361100']
전북특별자치도 전주시 완산구 구룡1길 33-16,127.1055665,35.81271362,['효자4동'],['5211171400']
전북특별자치도 전주시 완산구 농소2길 16,127.0986413,35.81393675,['효자5동'],['5211173000']
전북특별자치도 전주시 완산구 서신천변8길 7-1,127.1149075,35.82881058,['서신동'],['5211168000']
전북특별자치도 전주시 완산구 고사평로 25,127.1096973,35.83632581,['서신동'],['5211168000']
전북특별자치도 전주시 완산구 범안3길 5,127.1074993,35.81231337,['효자4동'],['5211171400']
전북특별자치도 전주시 완산구 구룡1길 11,127.1029649,35.81202416,['효자4동'],['5211171400']
전북특별자치도 전주시 덕진구 솔내1길 86-3,127.1257139,35.85784186,['송천1동'],['5211364100']
전북특별자치도 전주시 완산구 서신천변13길 8,127.1135267,35.83063144,['서신동'],['5211168000']
전북특별자치도 전주시 덕진구 붓내3길 50-7,127.1267511,35.86614104,['송천1동'],['5211364100']
전북특별자치도 전주시 완산구 고사평5길 8-1,127.1091578,35.83684921,['서신동'],['5211168000']
전북특별자치도 전주시 완산구 봉곡1길 25,127.0996795,35.81334854,['효자4동'],['5211171400']
전북특별자치도 전주시 완산구 배학2길 27-4,127.1000965,35.81980762,['효자5동'],['5211173000']
전북특별자치도 전주시 덕진구 견훤로 295-5,127.1558256,35.83758862,['인후1동'],['5211354000']
전북특별자치도 전주시 완산구 맏내3길 10-9,127.1307334,35.79324577,['평화2동'],['5211169200']
전북특별자치도 전주시 완산구 봉곡1길 27,127.0998632,35.81334776,['효자4동'],['5211171400']
전북특별자치도 전주시 완산구 문학대2길 31-3,127.1052556,35.8259791,['효자5동'],['5211173000']
전북특별자치도 전주시 덕진구 우아7길 19-4,127.1541828,35.849472,['우아1동'],['5211361100']
전북특별자치도 전주시 완산구 구룡2길 11,127.103055,35.81336976,['효자4동'],['5211171400']
전북특별자치도 전주시 덕진구 붓내1길 25-4,127.124279,35.86490666,['송천1동'],['5211364100']
전북특별자치도 전주시 완산구 구룡2길 13,127.1033817,35.8133665,['효자4동'],['5211171400']
전북특별자치도 전주시 완산구 배학2길 37-3,127.1008235,35.81979701,['효자5동'],['5211173000']
전북특별자치도 전주시 완산구 문학대5길 30,127.1051252,35.82709867,['효자5동'],['5211173000']
전북특별자치도 전주시 덕진구 추천6길 17,127.1063977,35.85162518,['팔복동'],['5211360000']
전북특별자치도 전주시 완산구 봉곡3길 29,127.1001333,35.81220185,['효자4동'],['5211171400']
전북특별자치도 전주시 덕진구 솔내8길 23-17,127.1232473,35.86163455,['송천1동'],['5211364100']
전북특별자치도 전주시 완산구 범안3길 15-4,127.1063153,35.81212192,['효자4동'],['5211171400']
전북특별자치도 전주시 완산구 봉곡3길 31,127.1003302,35.81220006,['효자4동'],['5211171400']
전북특별자치도 전주시 덕진구 안골1길 11-4,127.157416,35.83843184,['인후1동'],['5211354000']
전북특별자치도 전주시 덕진구 추천6길 19,127.1063725,35.85148226,['팔복동'],['5211360000']
전북특별자치도 전주시 완산구 봉곡1길 17,127.0987434,35.81335013,['효자4동'],['5211171400']
전북특별자치도 전주시 완산구 고사평5길 3,127.10947,35.83643228,['서신동'],['5211168000']
전북특별자치도 전주시 완산구 척동7길 11,127.0988074,35.82342833,['효자5동'],['5211173000']
전북특별자치도 전주시 완산구 범안3길 11-4,127.106806,35.81212193,['효자4동'],['5211171400']
전북특별자치도 전주시 완산구 서곡4길 19,127.1036645,35.83478064,['효자5동'],['5211173000']
전북특별자치도 전주시 완산구 서신천변4길 4-12,127.1144981,35.82718185,['서신동'],['5211168000']
전북특별자치도 전주시 완산구 구룡1길 9-9,127.1026355,35.81258719,['효자4동'],['5211171400']
전북특별자치도 전주시 완산구 문학대6길 1,127.1020698,35.82853881,['효자5동'],['5211173000']
전북특별자치도 전주시 완산구 문학대4길 1,127.1020782,35.82690067,['효자5동'],['5211173000']
전북특별자치도 전주시 완산구 봉곡1길 29,127.1002463,35.81336186,['효자4동'],['5211171400']
전북특별자치도 전주시 덕진구 인교1길 6,127.1724624,35.82775571,['우아2동'],['5211361200']
전북특별자치도 전주시 덕진구 무삼지3길 13-4,127.1613737,35.82686092,['인후3동'],['5211356000']
전북특별자치도 전주시 완산구 중산5길 12-16,127.1214615,35.81532237,['중화산2동'],['5211167200']
전북특별자치도 전주시 완산구 척동3길 20,127.0979771,35.82237048,['효자5동'],['5211173000']
전북특별자치도 전주시 완산구 서곡1길 4-3,127.1007493,35.83511848,['효자5동'],['5211173000']
전북특별자치도 전주시 완산구 문학대5길 32,127.1052933,35.82709888,['효자5동'],['5211173000']
전북특별자치도 전주시 완산구 척동3길 9-4,127.0987887,35.82184339,['효자5동'],['5211173000']
전북특별자치도 전주시 완산구 배학2길 37-5,127.1008254,35.81992535,['효자5동'],['5211173000']
전북특별자치도 전주시 덕진구 백동1길 28-15,127.1469715,35.84800316,['인후2동'],['5211355000']
전북특별자치도 전주시 완산구 봉곡1길 33,127.1005736,35.8133642,['효자4동'],['5211171400']
전북특별자치도 전주시 완산구 배학4길 40-6,127.1003056,35.82024131,['효자5동'],['5211173000']
전북특별자치도 전주시 완산구 서곡3길 14-8,127.1010568,35.83625777,['효자5동'],['5211173000']
전북특별자치도 전주시 완산구 봉곡4길 4-3,127.0965208,35.81232422,['효자4동'],['5211171400']
전북특별자치도 전주시 완산구 구룡1길 33,127.105268,35.81158064,['효자4동'],['5211171400']
전북특별자치도 전주시 완산구 고사평3길 15,127.1082415,35.83634552,['서신동'],['5211168000']
전북특별자치도 전주시 완산구 고사평1길 18-2,127.1080748,35.835335,['서신동'],['5211168000']
전북특별자치도 전주시 완산구 문학대6길 3,127.1022215,35.82853913,['효자5동'],['5211173000']
전북특별자치도 전주시 완산구 황강서원로 58,127.1036142,35.82854064,['효자5동'],['5211173000']
전북특별자치도 전주시 완산구 문학대6길 28-6,127.1047036,35.82795109,['효자5동'],['5211173000']
전북특별자치도 전주시 완산구 문학대2길 15,127.1036268,35.8256767,['효자5동'],['5211173000']
전북특별자치도 전주시 덕진구 아중6길 26,127.1716521,35.8319114,['우아2동'],['5211361200']
전북특별자치도 전주시 덕진구 추천1길 19,127.1054975,35.84930064,['팔복동'],['5211360000']
전북특별자치도 전주시 완산구 문학대2길 7,127.1025709,35.8256786,['효자5동'],['5211173000']
전북특별자치도 전주시 덕진구 솔내8길 23-23,127.1227492,35.86150059,['송천1동'],['5211364100']
전북특별자치도 전주시 덕진구 우아1길 10,127.1559718,35.84862774,['우아1동'],['5211361100']
전북특별자치도 전주시 완산구 범안3길 11-3,127.1070798,35.81219839,['효자4동'],['5211171400']
전북특별자치도 전주시 완산구 문학대6길 32-3,127.1055815,35.82803134,['효자5동'],['5211173000']
전북특별자치도 전주시 완산구 서신천변2길 2,127.1143409,35.82636555,['서신동'],['5211168000']
전북특별자치도 전주시 완산구 문학대4길 32-8,127.1052585,35.82625623,['효자5동'],['5211173000']
전북특별자치도 전주시 덕진구 붓내5길 6-8,127.122451,35.86825263,['송천1동'],['5211364100']
전북특별자치도 전주시 완산구 척동3길 9-5,127.0990692,35.82184036,['효자5동'],['5211173000']
전북특별자치도 전주시 완산구 서곡7길 20-3,127.1009774,35.83218767,['효자5동'],['5211173000']
전북특별자치도 전주시 덕진구 솔내5길 27,127.1234464,35.85703939,['송천1동'],['5211364100']
전북특별자치도 전주시 완산구 서신천변13길 16,127.112447,35.83063516,['서신동'],['5211168000']
전북특별자치도 전주시 완산구 문학대4길 2,127.1020725,35.82667167,['효자5동'],['5211173000']
전북특별자치도 전주시 완산구 황강서원2길 9,127.0994406,35.82809363,['효자5동'],['5211173000']
전북특별자치도 전주시 완산구 중산2길 13,127.1217139,35.81461354,['중화산2동'],['5211167200']
전북특별자치도 전주시 완산구 구룡2길 19-1,127.1040268,35.8133646,['효자4동'],['5211171400']
전북특별자치도 전주시 완산구 황강서원2길 7,127.099279,35.82809611,['효자5동'],['5211173000']
전북특별자치도 전주시 완산구 평화18길 17-8,127.1344818,35.79434604,['평화2동'],['5211169200']
전북특별자치도 전주시 덕진구 추천1길 21,127.1054914,35.84944133,['팔복동'],['5211360000']
전북특별자치도 전주시 완산구 구룡2길 34-3,127.1055632,35.81291154,['효자4동'],['5211171400']
전북특별자치도 전주시 완산구 구룡2길 18,127.1036901,35.81314137,['효자4동'],['5211171400']
전북특별자치도 전주시 완산구 황강서원로 45,127.1021789,35.82886533,['효자5동'],['5211173000']
전북특별자치도 전주시 완산구 마전들로 36,127.0995127,35.82084086,['효자5동'],['5211173000']
전북특별자치도 전주시 완산구 경기전길 186,127.1513017,35.81118606,['풍남동'],['5211153000']
전북특별자치도 전주시 완산구 문학대6길 28-5,127.1050402,35.82805885,['효자5동'],['5211173000']
전북특별자치도 전주시 완산구 배학4길 40-8,127.100276,35.82012778,['효자5동'],['5211173000']
전북특별자치도 전주시 완산구 중산2길 11,127.1215835,35.81460556,['중화산2동'],['5211167200']
전북특별자치도 전주시 덕진구 아중3길 16,127.1710189,35.82951,['우아2동'],['5211361200']
전북특별자치도 전주시 덕진구 솔내8길 23-21,127.1229245,35.86154295,['송천1동'],['5211364100']
전북특별자치도 전주시 완산구 문학대6길 28-3,127.1050346,35.82819702,['효자5동'],['5211173000']
전북특별자치도 전주시 완산구 문학대2길 33,127.1055809,35.82569447,['효자5동'],['5211173000']
전북특별자치도 전주시 완산구 서곡1길 20-7,127.0994915,35.83622312,['효자5동'],['5211173000']
전북특별자치도 전주시 완산구 장승배기1길 12-4,127.1402089,35.79956593,['평화1동'],['5211169100']
전북특별자치도 전주시 완산구 장승배기1길 12-2,127.1401923,35.79937452,['평화1동'],['5211169100']
전북특별자치도 전주시 완산구 문학대2길 30,127.1051962,35.82550969,['효자5동'],['5211173000']
전북특별자치도 전주시 완산구 고사평5길 11,127.108759,35.83675575,['서신동'],['5211168000']
전북특별자치도 전주시 완산구 배학4길 40-7,127.1006269,35.82009793,['효자5동'],['5211173000']
전북특별자치도 전주시 덕진구 동가재미2길 47-1,127.1654511,35.83446642,['인후3동'],['5211356000']
전북특별자치도 전주시 완산구 척동5길 8,127.0990598,35.82321452,['효자5동'],['5211173000']
전북특별자치도 전주시 완산구 황강서원로 47,127.1023335,35.8288652,['효자5동'],['5211173000']
전북특별자치도 전주시 완산구 황강서원로 51,127.1028104,35.82886479,['효자5동'],['5211173000']
전북특별자치도 전주시 완산구 배학2길 34,127.1005637,35.81943023,['효자5동'],['5211173000']
전북특별자치도 전주시 완산구 구룡1길 21,127.1042523,35.81178539,['효자4동'],['5211171400']
전북특별자치도 전주시 완산구 문학대6길 21,127.1044332,35.8285485,['효자5동'],['5211173000']
전북특별자치도 전주시 덕진구 석소5길 33-1,127.1711819,35.83453806,['우아2동'],['5211361200']
전북특별자치도 전주시 덕진구 들사평4길 7-4,127.1233942,35.84202461,['덕진동'],['5211357000']
전북특별자치도 전주시 덕진구 건지3길 8-1,127.144394,35.84489289,['인후2동'],['5211355000']
전북특별자치도 전주시 완산구 장승배기1길 12-1,127.1399183,35.79942928,['평화1동'],['5211169100']
전북특별자치도 전주시 완산구 장승배기1길 12,127.1400239,35.79926512,['평화1동'],['5211169100']
전북특별자치도 전주시 완산구 구룡2길 11-1,127.1032203,35.81336845,['효자4동'],['5211171400']
전북특별자치도 전주시 완산구 구룡2길 20,127.1040023,35.81314155,['효자4동'],['5211171400']
전북특별자치도 전주시 덕진구 솔내7길 40,127.1257275,35.8594677,['송천1동'],['5211364100']
전북특별자치도 전주시 완산구 문학대6길 32-4,127.1052616,35.82819178,['효자5동'],['5211173000']
전북특별자치도 전주시 완산구 범안2길 16,127.1072672,35.8133521,['효자4동'],['5211171400']
전북특별자치도 전주시 완산구 봉곡1길 36-6,127.100853,35.81273416,['효자4동'],['5211171400']
전북특별자치도 전주시 완산구 문학대5길 21-5,127.1041252,35.82776314,['효자5동'],['5211173000']
전북특별자치도 전주시 덕진구 인교로 25,127.1716704,35.82459045,['우아2동'],['5211361200']
전북특별자치도 전주시 덕진구 추천1길 23,127.1054896,35.84958238,['팔복동'],['5211360000']
전북특별자치도 전주시 완산구 고사평5길 1,127.1095837,35.8363781,['서신동'],['5211168000']
전북특별자치도 전주시 완산구 중산2길 9,127.1214228,35.81460356,['중화산2동'],['5211167200']
전북특별자치도 전주시 완산구 구룡1길 33-4,127.1055678,35.81179587,['효자4동'],['5211171400']
전북특별자치도 전주시 완산구 장승배기1길 12-5,127.1398233,35.7995817,['평화1동'],['5211169100']
전북특별자치도 전주시 완산구 인정4길 7,127.120911,35.82067947,['중화산2동'],['5211167200']
전북특별자치도 전주시 덕진구 도당산4길 61-21,127.1552894,35.84468184,['우아1동'],['5211361100']
전북특별자치도 전주시 덕진구 가재미1길 10-3,127.1612615,35.82847415,['인후3동'],['5211356000']
전북특별자치도 전주시 덕진구 가재미1길 10,127.1613318,35.82831372,['인후3동'],['5211356000']
전북특별자치도 전주시 완산구 인정4길 15,127.1216684,35.82068754,['중화산2동'],['5211167200']
전북특별자치도 전주시 완산구 봉곡3길 31-4,127.1006431,35.81230759,['효자4동'],['5211171400']
전북특별자치도 전주시 완산구 봉곡3길 31-6,127.1006464,35.81243917,['효자4동'],['5211171400']
전북특별자치도 전주시 완산구 문학대2길 17-4,127.1039101,35.82584355,['효자5동'],['5211173000']
전북특별자치도 전주시 덕진구 추천1길 25,127.1054915,35.84970639,['팔복동'],['5211360000']
전북특별자치도 전주시 완산구 장승배기1길 12-6,127.140069,35.79967965,['평화1동'],['5211169100']
전북특별자치도 전주시 완산구 고사평7길 12,127.1093247,35.83776546,['서신동'],['5211168000']
전북특별자치도 전주시 덕진구 한배미5길 19-4,127.1663675,35.82295112,['인후3동'],['5211356000']
전북특별자치도 전주시 완산구 문학대6길 32,127.1052654,35.82831065,['효자5동'],['5211173000']
전북특별자치도 전주시 완산구 문학대6길 24,127.1044709,35.82830765,['효자5동'],['5211173000']
전북특별자치도 전주시 완산구 서신천변7길 25,127.1123335,35.82882698,['서신동'],['5211168000']
전북특별자치도 전주시 완산구 인정4길 5,127.120724,35.82067579,['중화산2동'],['5211167200']
전북특별자치도 전주시 완산구 배학2길 31,127.1003016,35.81966992,['효자5동'],['5211173000']
전북특별자치도 전주시 덕진구 인후6길 9-10,127.1577478,35.83125622,['인후3동'],['5211356000']
전북특별자치도 전주시 완산구 인정4길 3,127.1205347,35.82067327,['중화산2동'],['5211167200']
전북특별자치도 전주시 완산구 평화11길 10-4,127.1363045,35.78928547,['평화2동'],['5211169200']
전북특별자치도 전주시 완산구 평화11길 10-6,127.1362665,35.78916339,['평화2동'],['5211169200']
전북특별자치도 전주시 덕진구 석소3길 26,127.1697279,35.83535603,['우아2동'],['5211361200']
전북특별자치도 전주시 완산구 구룡2길 19,127.1038627,35.81336582,['효자4동'],['5211171400']
전북특별자치도 전주시 완산구 구룡2길 18-3,127.1040001,35.8130115,['효자4동'],['5211171400']
전북특별자치도 전주시 덕진구 가재미6길 8-3,127.1627109,35.83006129,['인후3동'],['5211356000']
전북특별자치도 전주시 완산구 서신천변2길 9,127.1151248,35.82673504,['서신동'],['5211168000']
전북특별자치도 전주시 완산구 영경1길 29,127.1261408,35.81788839,['중화산2동'],['5211167200']
전북특별자치도 전주시 완산구 평화3길 4-3,127.1328445,35.7832377,['평화2동'],['5211169200']
전북특별자치도 전주시 덕진구 진버들2길 8,127.1586928,35.83621126,['인후3동'],['5211356000']
전북특별자치도 전주시 완산구 문학대2길 17-5,127.1036266,35.82609597,['효자5동'],['5211173000']
전북특별자치도 전주시 완산구 서신천변2길 7-6,127.1151234,35.82696432,['서신동'],['5211168000']
전북특별자치도 전주시 완산구 인정4길 13,127.1214769,35.82067854,['중화산2동'],['5211167200']
전북특별자치도 전주시 완산구 봉곡1길 34,127.1006415,35.81312089,['효자4동'],['5211171400']
전북특별자치도 전주시 완산구 서곡1길 4-7,127.1009376,35.83536319,['효자5동'],['5211173000']
전북특별자치도 전주시 완산구 영경1길 31,127.1261845,35.81775379,['중화산2동'],['5211167200']
전북특별자치도 전주시 덕진구 동가재미2길 4-3,127.1612744,35.8328565,['인후3동'],['5211356000']
전북특별자치도 전주시 완산구 봉곡1길 26,127.0998277,35.81312409,['효자4동'],['5211171400']
전북특별자치도 전주시 덕진구 솔내8길 23-15,127.1234304,35.86169096,['송천1동'],['5211364100']
전북특별자치도 전주시 완산구 범안1길 34-6,127.1067579,35.81134914,['효자4동'],['5211171400']
전북특별자치도 전주시 완산구 서곡2길 10-3,127.1017357,35.83398432,['효자5동'],['5211173000']
전북특별자치도 전주시 완산구 황강서원로 62,127.1039439,35.82854126,['효자5동'],['5211173000']
전북특별자치도 전주시 완산구 척동1길 10-3,127.098786,35.82157419,['효자5동'],['5211173000']
전북특별자치도 전주시 완산구 문학대6길 23,127.1045779,35.82855107,['효자5동'],['5211173000']
전북특별자치도 전주시 완산구 문학대4길 15,127.1036151,35.82690405,['효자5동'],['5211173000']
전북특별자치도 전주시 완산구 봉곡1길 31,127.100407,35.81335722,['효자4동'],['5211171400']
전북특별자치도 전주시 완산구 구룡2길 34,127.1055823,35.81322255,['효자4동'],['5211171400']
전북특별자치도 전주시 완산구 문학대6길 28-7,127.1050436,35.82795043,['효자5동'],['5211173000']
전북특별자치도 전주시 덕진구 인교로 27,127.1718886,35.82467269,['우아2동'],['5211361200']
전북특별자치도 전주시 완산구 서신천변15길 7-7,127.1134906,35.83125082,['서신동'],['5211168000']
전북특별자치도 전주시 덕진구 아중3길 14,127.1707745,35.82938723,['우아2동'],['5211361200']
전북특별자치도 전주시 완산구 봉곡3길 41,127.1013559,35.81218731,['효자4동'],['5211171400']
전북특별자치도 전주시 완산구 문학대5길 20,127.1039524,35.82710708,['효자5동'],['5211173000']
전북특별자치도 전주시 완산구 문학대4길 12-3,127.1033609,35.8265279,['효자5동'],['5211173000']
전북특별자치도 전주시 완산구 봉곡1길 21,127.0992993,35.81335147,['효자4동'],['5211171400']
전북특별자치도 전주시 완산구 서곡4길 38,127.1030183,35.83336496,['효자5동'],['5211173000']
전북특별자치도 전주시 완산구 문학대2길 17-3,127.1036271,35.82595122,['효자5동'],['5211173000']
전북특별자치도 전주시 완산구 서곡2길 10-9,127.1014472,35.83361351,['효자5동'],['5211173000']
전북특별자치도 전주시 덕진구 한배미4길 7,127.1664132,35.82429132,['인후3동'],['5211356000']
전북특별자치도 전주시 완산구 문학대1길 8,127.101197,35.82566633,['효자5동'],['5211173000']
전북특별자치도 전주시 완산구 척동10길 11,127.1012377,35.82488671,['효자5동'],['5211173000']
전북특별자치도 전주시 덕진구 금암1길 13,127.1339582,35.83993139,['금암1동'],['5211358000']
전북특별자치도 전주시 덕진구 아중3길 14-2,127.1708512,35.82918984,['우아2동'],['5211361200']
전북특별자치도 전주시 완산구 문학대5길 2,127.1020746,35.8271031,['효자5동'],['5211173000']
전북특별자치도 전주시 완산구 구룡2길 15,127.1035446,35.81336654,['효자4동'],['5211171400']
전북특별자치도 전주시 완산구 문학대2길 11-6,127.1033616,35.82609737,['효자5동'],['5211173000']
전북특별자치도 전주시 덕진구 호반6길 13-1,127.1172461,35.85114319,['덕진동'],['5211357000']
전북특별자치도 전주시 덕진구 호반7길 7-1,127.1152448,35.85025712,['덕진동'],['5211357000']
전북특별자치도 전주시 완산구 범안3길 15-6,127.1063147,35.81196897,['효자4동'],['5211171400']
전북특별자치도 전주시 덕진구 정언신로 161-5,127.1707928,35.83135618,['우아2동'],['5211361200']
전북특별자치도 전주시 완산구 영경1길 31-3,127.1263945,35.81781296,['중화산2동'],['5211167200']
전북특별자치도 전주시 완산구 구룡1길 9-7,127.1026329,35.81246228,['효자4동'],['5211171400']
전북특별자치도 전주시 완산구 문학대4길 19,127.1039617,35.82690339,['효자5동'],['5211173000']
전북특별자치도 전주시 완산구 농소2길 11,127.0981949,35.8141627,['효자5동'],['5211173000']
전북특별자치도 전주시 완산구 봉곡2길 3-4,127.0965356,35.81289381,['효자4동'],['5211171400']
전북특별자치도 전주시 완산구 고사평8길 8-3,127.1108418,35.83654791,['서신동'],['5211168000']
전북특별자치도 전주시 완산구 고사평3길 19,127.1078632,35.8364103,['서신동'],['5211168000']
전북특별자치도 전주시 완산구 범안2길 14,127.1076312,35.81333574,['효자4동'],['5211171400']
전북특별자치도 전주시 완산구 문학대4길 18-6,127.1036269,35.8263832,['효자5동'],['5211173000']
전북특별자치도 전주시 덕진구 붓내1길 25-5,127.124071,35.86491859,['송천1동'],['5211364100']
전북특별자치도 전주시 완산구 문학대4길 22-3,127.1044662,35.82653343,['효자5동'],['5211173000']
전북특별자치도 전주시 덕진구 솔내5길 13,127.1224472,35.85752384,['송천1동'],['5211364100']
전북특별자치도 전주시 완산구 메너머1길 34,127.1192401,35.82108851,['중화산2동'],['5211167200']
전북특별자치도 전주시 완산구 척동6길 5,127.1005701,35.82321363,['효자5동'],['5211173000']
전북특별자치도 전주시 완산구 문학대3길 7,127.1012008,35.82667412,['효자5동'],['5211173000']
전북특별자치도 전주시 완산구 범안3길 15-8,127.1063203,35.81182233,['효자4동'],['5211171400']
전북특별자치도 전주시 완산구 문학대2길 25,127.104696,35.82571606,['효자5동'],['5211173000']
전북특별자치도 전주시 완산구 문학로 12,127.1020764,35.82624627,['효자5동'],['5211173000']
전북특별자치도 전주시 완산구 백마산길 45,127.0882594,35.81661048,['효자4동'],['5211171400']
전북특별자치도 전주시 완산구 서신천변4길 8-10,127.1148964,35.82728088,['서신동'],['5211168000']
전북특별자치도 전주시 덕진구 석소3길 5-8,127.170059,35.83369527,['우아2동'],['5211361200']
전북특별자치도 전주시 완산구 중산5길 7,127.1210804,35.81618418,['중화산2동'],['5211167200']
전북특별자치도 전주시 완산구 문학대2길 7-3,127.1025719,35.82581694,['효자5동'],['5211173000']
전북특별자치도 전주시 덕진구 석소3길 5-6,127.1701387,35.83354591,['우아2동'],['5211361200']
전북특별자치도 전주시 완산구 서곡3길 8,127.1012198,35.83618274,['효자5동'],['5211173000']
전북특별자치도 전주시 완산구 문학대4길 28,127.1051541,35.82667199,['효자5동'],['5211173000']
전북특별자치도 전주시 완산구 문학대2길 29,127.1050207,35.8257146,['효자5동'],['5211173000']
전북특별자치도 전주시 완산구 산월1길 10-17,127.1212373,35.81331413,['중화산2동'],['5211167200']
전북특별자치도 전주시 완산구 배학2길 40,127.1011688,35.81943513,['효자5동'],['5211173000']
전북특별자치도 전주시 완산구 새터로 16,127.1085599,35.83651016,['서신동'],['5211168000']
전북특별자치도 전주시 완산구 문학대4길 31,127.1052579,35.8268991,['효자5동'],['5211173000']
전북특별자치도 전주시 완산구 중산중앙로 9-7,127.1189263,35.81711841,['중화산2동'],['5211167200']
전북특별자치도 전주시 완산구 문학대4길 23,127.1045248,35.82689713,['효자5동'],['5211173000']
전북특별자치도 전주시 완산구 척동2길 5-3,127.1003082,35.82157175,['효자5동'],['5211173000']
전북특별자치도 전주시 완산구 척동6길 9,127.1010837,35.8232123,['효자5동'],['5211173000']
전북특별자치도 전주시 덕진구 팔복4길 4,127.1034283,35.8505505,['팔복동'],['5211360000']
전북특별자치도 전주시 완산구 구룡1길 27-10,127.1050546,35.81242297,['효자4동'],['5211171400']
전북특별자치도 전주시 완산구 서곡7길 20-9,127.1012782,35.83258856,['효자5동'],['5211173000']
전북특별자치도 전주시 완산구 문학대4길 8-4,127.1025745,35.82652929,['효자5동'],['5211173000']
전북특별자치도 전주시 완산구 고사평9길 23-6,127.1083932,35.83872542,['서신동'],['5211168000']
전북특별자치도 전주시 완산구 척동5길 6,127.0993724,35.82322914,['효자5동'],['5211173000']
전북특별자치도 전주시 덕진구 팔복4길 6,127.1035649,35.85055777,['팔복동'],['5211360000']
전북특별자치도 전주시 덕진구 아중로 205-1,127.1716076,35.82839565,['우아2동'],['5211361200']
전북특별자치도 전주시 완산구 척동5길 5,127.099253,35.82298959,['효자5동'],['5211173000']
전북특별자치도 전주시 완산구 배학2길 13-1,127.0982971,35.81935091,['효자5동'],['5211173000']
전북특별자치도 전주시 완산구 봉곡2길 13,127.0954851,35.81315781,['효자4동'],['5211171400']
전북특별자치도 전주시 덕진구 안골2길 8-6,127.1566096,35.8385505,['인후1동'],['5211354000']
전북특별자치도 전주시 덕진구 인후6길 9-4,127.1575087,35.83172474,['인후3동'],['5211356000']
전북특별자치도 전주시 완산구 문학대5길 4,127.1022553,35.82711529,['효자5동'],['5211173000']
전북특별자치도 전주시 완산구 봉곡로 15,127.0955091,35.8119693,['효자4동'],['5211171400']
전북특별자치도 전주시 덕진구 인교4길 5-2,127.1718076,35.82635077,['우아2동'],['5211361200']
전북특별자치도 전주시 덕진구 가재미4길 5-4,127.1626219,35.8298507,['인후3동'],['5211356000']
전북특별자치도 전주시 완산구 문학대5길 10,127.1029984,35.82711619,['효자5동'],['5211173000']
전북특별자치도 전주시 덕진구 인교4길 5-4,127.1718842,35.82622674,['우아2동'],['5211361200']
전북특별자치도 전주시 덕진구 가재미2길 5,127.1630934,35.82878739,['인후3동'],['5211356000']
전북특별자치도 전주시 완산구 배학4길 46-3,127.1010722,35.82035964,['효자5동'],['5211173000']
전북특별자치도 전주시 완산구 봉곡4길 14-8,127.0957982,35.81260563,['효자4동'],['5211171400']
전북특별자치도 전주시 덕진구 가재미2길 5-4,127.1630386,35.82891526,['인후3동'],['5211356000']
전북특별자치도 전주시 완산구 서학로 43,127.1542251,35.80960793,['동서학동'],['5211165000']
전북특별자치도 전주시 완산구 서학3길 12,127.1518384,35.80601674,['동서학동'],['5211165000']
전북특별자치도 전주시 완산구 문학대4길 12-6,127.1030706,35.82638521,['효자5동'],['5211173000']
전북특별자치도 전주시 완산구 배학4길 46-4,127.1008282,35.82036255,['효자5동'],['5211173000']
전북특별자치도 전주시 덕진구 솔내5길 17,127.1227129,35.85744372,['송천1동'],['5211364100']
전북특별자치도 전주시 완산구 새터로 12,127.1080128,35.83664017,['서신동'],['5211168000']
전북특별자치도 전주시 덕진구 무삼지5길 6,127.1648836,35.82765314,['인후3동'],['5211356000']
전북특별자치도 전주시 덕진구 무삼지1길 4,127.1632916,35.82562983,['인후3동'],['5211356000']
전북특별자치도 전주시 완산구 구룡2길 16,127.1034758,35.81314868,['효자4동'],['5211171400']
전북특별자치도 전주시 완산구 척동8길 13-7,127.1013502,35.82407115,['효자5동'],['5211173000']
전북특별자치도 전주시 완산구 봉곡로 118-1,127.1066693,35.8107789,['효자4동'],['5211171400']
전북특별자치도 전주시 완산구 문학로 13,127.101694,35.82642099,['효자5동'],['5211173000']
전북특별자치도 전주시 덕진구 석소3길 17-5,127.1695218,35.83432889,['우아2동'],['5211361200']
전북특별자치도 전주시 완산구 구룡2길 10,127.1029576,35.81314849,['효자4동'],['5211171400']
전북특별자치도 전주시 덕진구 한배미6길 20,127.1683564,35.82315916,['인후3동'],['5211356000']
전북특별자치도 전주시 덕진구 견훤왕궁로 250-6,127.1464339,35.84048977,['인후2동'],['5211355000']
전북특별자치도 전주시 완산구 문학대1길 9,127.101104,35.82542911,['효자5동'],['5211173000']
전북특별자치도 전주시 덕진구 인후5길 10,127.1580463,35.83052941,['인후3동'],['5211356000']
전북특별자치도 전주시 덕진구 가재미1길 10-6,127.1615868,35.82868262,['인후3동'],['5211356000']
전북특별자치도 전주시 덕진구 명주1길 10,127.145128,35.84276315,['인후2동'],['5211355000']
전북특별자치도 전주시 덕진구 견훤왕궁로 250-8,127.1466273,35.84057092,['인후2동'],['5211355000']
전북특별자치도 전주시 완산구 구룡2길 34-8,127.1052892,35.81291575,['효자4동'],['5211171400']
전북특별자치도 전주시 완산구 봉곡2길 13-6,127.0954959,35.8127727,['효자4동'],['5211171400']
전북특별자치도 전주시 완산구 평화15길 10-3,127.1372168,35.79124486,['평화2동'],['5211169200']
전북특별자치도 전주시 완산구 황강서원로 42,127.1016996,35.82856986,['효자5동'],['5211173000']
전북특별자치도 전주시 완산구 봉곡4길 8-7,127.0960109,35.81259834,['효자4동'],['5211171400']
전북특별자치도 전주시 덕진구 인교9길 27-4,127.1760464,35.82614924,['우아2동'],['5211361200']
전북특별자치도 전주시 완산구 영경1길 29-1,127.1263196,35.81793264,['중화산2동'],['5211167200']
전북특별자치도 전주시 완산구 배학2길 33-5,127.100305,35.81993894,['효자5동'],['5211173000']
전북특별자치도 전주시 덕진구 가리내2길 1,127.1113915,35.84680957,['덕진동'],['5211357000']
전북특별자치도 전주시 덕진구 거북바우로 89,127.1455818,35.84158664,['인후2동'],['5211355000']
전북특별자치도 전주시 완산구 평화로 222-14,127.1371469,35.79619874,['평화1동'],['5211169100']
전북특별자치도 전주시 덕진구 가리내2길 2,127.1114367,35.84703052,['덕진동'],['5211357000']
전북특별자치도 전주시 덕진구 가리내2길 4,127.1112806,35.84710393,['덕진동'],['5211357000']
전북특별자치도 전주시 완산구 배학2길 33-6,127.1006089,35.81992715,['효자5동'],['5211173000']
전북특별자치도 전주시 완산구 황강서원1길 3-8,127.097673,35.82837519,['효자5동'],['5211173000']
전북특별자치도 전주시 완산구 고사평1길 11,127.1083689,35.83478983,['서신동'],['5211168000']
전북특별자치도 전주시 완산구 봉곡4길 18-3,127.0948862,35.81234472,['효자4동'],['5211171400']
전북특별자치도 전주시 완산구 배학1길 5,127.0964171,35.81863746,['효자5동'],['5211173000']
전북특별자치도 전주시 덕진구 솔내5길 15,127.1225755,35.85748315,['송천1동'],['5211364100']
전북특별자치도 전주시 완산구 구룡2길 18-7,127.1040055,35.81274923,['효자4동'],['5211171400']
전북특별자치도 전주시 완산구 봉곡로 116,127.1063852,35.81084071,['효자4동'],['5211171400']
전북특별자치도 전주시 완산구 서곡1길 20-5,127.0993775,35.8360727,['효자5동'],['5211173000']
전북특별자치도 전주시 완산구 문학대2길 16,127.1036249,35.82548428,['효자5동'],['5211173000']
전북특별자치도 전주시 완산구 고사평7길 14-2,127.1092317,35.83781043,['서신동'],['5211168000']
전북특별자치도 전주시 완산구 봉곡3길 31-5,127.1003199,35.81246396,['효자4동'],['5211171400']
전북특별자치도 전주시 완산구 봉곡1길 3,127.0973803,35.81335403,['효자4동'],['5211171400']
전북특별자치도 전주시 덕진구 한배미4길 11,127.1660265,35.82415144,['인후3동'],['5211356000']
전북특별자치도 전주시 완산구 황강서원1길 9,127.0976911,35.82859445,['효자5동'],['5211173000']
전북특별자치도 전주시 덕진구 기린대로 400-19,127.1321753,35.8387082,['금암1동'],['5211358000']
전북특별자치도 전주시 완산구 우전1길 55-5,127.1052843,35.80860673,['효자4동'],['5211171400']
전북특별자치도 전주시 완산구 고사평6길 3,127.1101588,35.83638749,['서신동'],['5211168000']
전북특별자치도 전주시 완산구 새터로 18,127.1086728,35.83644769,['서신동'],['5211168000']
전북특별자치도 전주시 완산구 완산3길 14-2,127.1406434,35.81125353,['완산동'],['5211163500']
전북특별자치도 전주시 완산구 문학대5길 6,127.1024418,35.82711279,['효자5동'],['5211173000']
전북특별자치도 전주시 완산구 문학대4길 8-6,127.1025705,35.82638807,['효자5동'],['5211173000']
전북특별자치도 전주시 덕진구 권삼득로 211-21,127.1348776,35.83661176,['금암1동'],['5211358000']
전북특별자치도 전주시 완산구 중산2길 8,127.121226,35.8143706,['중화산2동'],['5211167200']
전북특별자치도 전주시 덕진구 모래내7길 9-2,127.1447414,35.83434993,['인후2동'],['5211355000']
전북특별자치도 전주시 완산구 봉곡로 12,127.0950168,35.81168715,['효자4동'],['5211171400']
전북특별자치도 전주시 완산구 서곡4길 45-11,127.1035094,35.8328419,['효자5동'],['5211173000']
전북특별자치도 전주시 완산구 황강서원2길 17,127.1001044,35.82809109,['효자5동'],['5211173000']
전북특별자치도 전주시 완산구 문학로 9,127.1016988,35.82591358,['효자5동'],['5211173000']
전북특별자치도 전주시 완산구 황강서원로 60,127.103785,35.82856231,['효자5동'],['5211173000']
전북특별자치도 전주시 완산구 배학2길 8,127.0977635,35.81874371,['효자5동'],['5211173000']
전북특별자치도 전주시 덕진구 무삼지3길 10,127.1616665,35.82759713,['인후3동'],['5211356000']
전북특별자치도 전주시 덕진구 한배미4길 20,127.1650761,35.82404289,['인후3동'],['5211356000']
전북특별자치도 전주시 덕진구 인교9길 27-10,127.1759108,35.82658151,['우아2동'],['5211361200']
전북특별자치도 전주시 완산구 봉곡1길 8-7,127.0980742,35.81273944,['효자4동'],['5211171400']
전북특별자치도 전주시 완산구 범안2길 15-5,127.1075573,35.81283704,['효자4동'],['5211171400']
전북특별자치도 전주시 완산구 봉곡3길 32-1,127.100607,35.81195514,['효자4동'],['5211171400']
전북특별자치도 전주시 완산구 봉곡2길 13-5,127.0957963,35.81277769,['효자4동'],['5211171400']
전북특별자치도 전주시 완산구 용호로 105,127.0968204,35.8126141,['효자4동'],['5211171400']
전북특별자치도 전주시 덕진구 팽나무3길 7-4,127.1534567,35.8357832,['인후1동'],['5211354000']
전북특별자치도 전주시 완산구 봉곡1길 36-5,127.1011499,35.81283423,['효자4동'],['5211171400']
전북특별자치도 전주시 완산구 범안3길 6,127.1077477,35.81245465,['효자4동'],['5211171400']
전북특별자치도 전주시 완산구 범안2길 15-2,127.1072794,35.81300628,['효자4동'],['5211171400']
전북특별자치도 전주시 완산구 범안2길 15-4,127.1072777,35.81287244,['효자4동'],['5211171400']
전북특별자치도 전주시 완산구 후곡길 5,127.0958902,35.809039,['효자4동'],['5211171400']
전북특별자치도 전주시 완산구 서곡5길 9-5,127.1014914,35.83684097,['효자5동'],['5211173000']
전북특별자치도 전주시 완산구 구룡2길 14-6,127.1031575,35.81274365,['효자4동'],['5211171400']
전북특별자치도 전주시 완산구 문학대3길 6,127.101397,35.8269236,['효자5동'],['5211173000']
전북특별자치도 전주시 덕진구 모래내3길 43,127.1418374,35.83719308,['금암2동'],['5211359000']
전북특별자치도 전주시 덕진구 모래내3길 45,127.1418423,35.8373562,['금암2동'],['5211359000']
전북특별자치도 전주시 덕진구 거북바우로 48-1,127.1428176,35.83841249,['금암2동'],['5211359000']
전북특별자치도 전주시 덕진구 벚꽃로 12,127.1310038,35.82839395,['진북동'],['5211352500']
전북특별자치도 전주시 완산구 배학2길 8-1,127.0979003,35.81878569,['효자5동'],['5211173000']
전북특별자치도 전주시 덕진구 붓내5길 8,127.122302,35.86848125,['송천1동'],['5211364100']
전북특별자치도 전주시 덕진구 붓내3길 50-8,127.1265542,35.86618145,['송천1동'],['5211364100']
전북특별자치도 전주시 덕진구 무삼지3길 7,127.162057,35.82748593,['인후3동'],['5211356000']
전북특별자치도 전주시 덕진구 백동5길 16-8,127.1507673,35.84729755,['인후2동'],['5211355000']
전북특별자치도 전주시 완산구 봉곡3길 35-3,127.1008522,35.81230679,['효자4동'],['5211171400']
전북특별자치도 전주시 완산구 문학대2길 3-6,127.1023996,35.82598148,['효자5동'],['5211173000']
전북특별자치도 전주시 완산구 배학1길 3,127.0965629,35.81864545,['효자5동'],['5211173000']
전북특별자치도 전주시 완산구 안터4길 20-1,127.1168706,35.82956151,['서신동'],['5211168000']
전북특별자치도 전주시 완산구 문학대2길 7-6,127.1029066,35.82598501,['효자5동'],['5211173000']
전북특별자치도 전주시 완산구 문학대2길 7-8,127.1029033,35.82612831,['효자5동'],['5211173000']
전북특별자치도 전주시 덕진구 인교9길 6-1,127.1736044,35.82573263,['우아2동'],['5211361200']
전북특별자치도 전주시 완산구 평화4길 13-8,127.1351283,35.7831864,['평화2동'],['5211169200']
전북특별자치도 전주시 완산구 서신천변13길 8-8,127.1134867,35.83100262,['서신동'],['5211168000']
전북특별자치도 전주시 완산구 서신천변13길 8-10,127.1134858,35.83112897,['서신동'],['5211168000']
전북특별자치도 전주시 완산구 메너머1길 9,127.1216518,35.82086511,['중화산2동'],['5211167200']
전북특별자치도 전주시 완산구 봉곡1길 32-8,127.100305,35.8127622,['효자4동'],['5211171400']
전북특별자치도 전주시 완산구 황강서원로 14,127.0988427,35.82821029,['효자5동'],['5211173000']
전북특별자치도 전주시 덕진구 명주1길 35,127.1465763,35.84077989,['인후2동'],['5211355000']
전북특별자치도 전주시 완산구 후곡길 17,127.0954779,35.81021223,['효자4동'],['5211171400']
전북특별자치도 전주시 완산구 문학대4길 27,127.1047822,35.82688735,['효자5동'],['5211173000']
전북특별자치도 전주시 덕진구 명주5길 19-12,127.1514044,35.84426763,['인후2동'],['5211355000']
전북특별자치도 전주시 완산구 문학대2길 24,127.104436,35.82548881,['효자5동'],['5211173000']
전북특별자치도 전주시 완산구 중산5길 4-7,127.1209098,35.81538547,['중화산2동'],['5211167200']
전북특별자치도 전주시 완산구 구룡1길 25,127.104563,35.81171032,['효자4동'],['5211171400']
전북특별자치도 전주시 덕진구 인교4길 3-1,127.1722533,35.82648,['우아2동'],['5211361200']
전북특별자치도 전주시 덕진구 인교로 57,127.1723693,35.82655059,['우아2동'],['5211361200']
전북특별자치도 전주시 완산구 서신천변7길 16-6,127.1130989,35.82896812,['서신동'],['5211168000']
전북특별자치도 전주시 덕진구 매봉로 37,127.1408488,35.84133398,['금암2동'],['5211359000']
전북특별자치도 전주시 덕진구 인교5길 12,127.1735711,35.82709646,['우아2동'],['5211361200']
전북특별자치도 전주시 완산구 문학로 19,127.1017252,35.82692819,['효자5동'],['5211173000']
전북특별자치도 전주시 완산구 척동8길 13-5,127.1013482,35.82394002,['효자5동'],['5211173000']
전북특별자치도 전주시 완산구 고사평7길 23-8,127.1075947,35.83797747,['서신동'],['5211168000']
전북특별자치도 전주시 완산구 범안3길 3,127.1078551,35.81211036,['효자4동'],['5211171400']
전북특별자치도 전주시 완산구 문학대6길 12-5,127.1033679,35.82805003,['효자5동'],['5211173000']
전북특별자치도 전주시 덕진구 가리내3길 10-3,127.1103007,35.84687772,['덕진동'],['5211357000']
전북특별자치도 전주시 덕진구 아중2길 6,127.1748257,35.82984429,['우아2동'],['5211361200']
전북특별자치도 전주시 완산구 척동3길 11,127.0987808,35.82209503,['효자5동'],['5211173000']
전북특별자치도 전주시 완산구 화산천변6길 11,127.1150681,35.8212758,['중화산2동'],['5211167200']
전북특별자치도 전주시 완산구 봉곡로 107,127.1055572,35.81128522,['효자4동'],['5211171400']
전북특별자치도 전주시 완산구 서곡2길 9-7,127.1021736,35.83490629,['효자5동'],['5211173000']
전북특별자치도 전주시 완산구 농소4길 10-5,127.0981808,35.81478323,['효자5동'],['5211173000']
전북특별자치도 전주시 덕진구 인교로 49,127.1726323,35.82604695,['우아2동'],['5211361200']
전북특별자치도 전주시 완산구 중산1길 16-10,127.1187973,35.81516199,['중화산2동'],['5211167200']
전북특별자치도 전주시 덕진구 한배미5길 18,127.1664007,35.8234483,['인후3동'],['5211356000']
전북특별자치도 전주시 덕진구 중상보로 21,127.1699105,35.83304657,['우아2동'],['5211361200']
전북특별자치도 전주시 완산구 새터로 32,127.1100698,35.83582699,['서신동'],['5211168000']
전북특별자치도 전주시 완산구 구룡2길 14-3,127.1034749,35.81301682,['효자4동'],['5211171400']
전북특별자치도 전주시 완산구 후곡길 23-18,127.0947924,35.81071928,['효자4동'],['5211171400']
전북특별자치도 전주시 완산구 서곡6길 26,127.102917,35.83530798,['효자5동'],['5211173000']
전북특별자치도 전주시 완산구 황강서원5길 11,127.1023069,35.82907711,['효자5동'],['5211173000']
전북특별자치도 전주시 완산구 척동5길 10,127.098815,35.82321319,['효자5동'],['5211173000']
전북특별자치도 전주시 완산구 배학1길 7,127.0962765,35.81862757,['효자5동'],['5211173000']
전북특별자치도 전주시 덕진구 도당산2길 8-2,127.1546362,35.84666464,['우아1동'],['5211361100']
전북특별자치도 전주시 덕진구 동가재미2길 24,127.1633111,35.83353564,['인후3동'],['5211356000']
전북특별자치도 전주시 덕진구 한배미4길 15,127.1656225,35.82397247,['인후3동'],['5211356000']
전북특별자치도 전주시 완산구 전룡4길 3-6,127.118963,35.82578543,['서신동'],['5211168000']
전북특별자치도 전주시 덕진구 동가재미3길 2,127.160795,35.83334049,['인후3동'],['5211356000']
전북특별자치도 전주시 완산구 범안2길 21,127.1068043,35.81313919,['효자4동'],['5211171400']
전북특별자치도 전주시 완산구 구룡1길 13-3,127.103159,35.8121937,['효자4동'],['5211171400']
전북특별자치도 전주시 완산구 봉곡로 122,127.1069186,35.81066548,['효자4동'],['5211171400']
전북특별자치도 전주시 완산구 문학대3길 7-5,127.1011904,35.82642619,['효자5동'],['5211173000']
전북특별자치도 전주시 완산구 문학대5길 25,127.104707,35.8273376,['효자5동'],['5211173000']
전북특별자치도 전주시 완산구 봉곡3길 35-4,127.1011641,35.81231256,['효자4동'],['5211171400']
전북특별자치도 전주시 완산구 문학대5길 21-4,127.1044639,35.82757556,['효자5동'],['5211173000']
전북특별자치도 전주시 덕진구 인교8길 3,127.173192,35.82618349,['우아2동'],['5211361200']
전북특별자치도 전주시 덕진구 도당산로 13-1,127.1549246,35.84454,['우아1동'],['5211361100']
전북특별자치도 전주시 덕진구 팽나무3길 14,127.1530963,35.83528419,['인후1동'],['5211354000']
전북특별자치도 전주시 덕진구 팽나무3길 10-1,127.1530301,35.83549336,['인후1동'],['5211354000']
전북특별자치도 전주시 덕진구 서가재미2길 8-1,127.1593231,35.83177687,['인후3동'],['5211356000']
전북특별자치도 전주시 덕진구 동가재미2길 30,127.163749,35.83370845,['인후3동'],['5211356000']
전북특별자치도 전주시 완산구 농소4길 20-4,127.098856,35.81486145,['효자5동'],['5211173000']
전북특별자치도 전주시 덕진구 매봉3길 5,127.1412487,35.84202153,['금암2동'],['5211359000']
전북특별자치도 전주시 덕진구 인교7길 5,127.1729545,35.82656074,['우아2동'],['5211361200']
전북특별자치도 전주시 완산구 척동3길 16,127.0982514,35.82234178,['효자5동'],['5211173000']
전북특별자치도 전주시 완산구 문학대4길 6,127.1023677,35.82668872,['효자5동'],['5211173000']
전북특별자치도 전주시 완산구 배학1길 6,127.0965262,35.81889017,['효자5동'],['5211173000']
전북특별자치도 전주시 완산구 용호로 113,127.0968081,35.81312837,['효자4동'],['5211171400']
전북특별자치도 전주시 완산구 서신천변8길 4-1,127.1146114,35.82849713,['서신동'],['5211168000']
전북특별자치도 전주시 완산구 황강서원5길 17,127.1015218,35.82908922,['효자5동'],['5211173000']
전북특별자치도 전주시 완산구 황강서원5길 15,127.1017285,35.82909337,['효자5동'],['5211173000']
전북특별자치도 전주시 완산구 문학대6길 25,127.1047379,35.82854183,['효자5동'],['5211173000']
전북특별자치도 전주시 완산구 용호로 132,127.0972194,35.81491352,['효자5동'],['5211173000']
전북특별자치도 전주시 덕진구 아중3길 19,127.1713103,35.82982069,['우아2동'],['5211361200']
전북특별자치도 전주시 완산구 중산2길 12,127.1215758,35.81437809,['중화산2동'],['5211167200']
전북특별자치도 전주시 완산구 서곡1길 16-3,127.0995211,35.83573065,['효자5동'],['5211173000']
전북특별자치도 전주시 덕진구 매봉2길 9,127.1398424,35.84215161,['금암2동'],['5211359000']
전북특별자치도 전주시 완산구 문학대5길 23,127.10447,35.82733789,['효자5동'],['5211173000']
전북특별자치도 전주시 완산구 문학대5길 28,127.1047831,35.82710699,['효자5동'],['5211173000']
전북특별자치도 전주시 완산구 풍남문2길 105-3,127.143716,35.81335083,['풍남동'],['5211153000']
전북특별자치도 전주시 덕진구 가재미로 16,127.1634949,35.82662932,['인후3동'],['5211356000']
전북특별자치도 전주시 덕진구 동가재미3길 8,127.1614134,35.8334287,['인후3동'],['5211356000']
전북특별자치도 전주시 완산구 봉곡3길 31-7,127.1003368,35.81257021,['효자4동'],['5211171400']
전북특별자치도 전주시 완산구 봉곡3길 9,127.0980253,35.81217718,['효자4동'],['5211171400']
전북특별자치도 전주시 덕진구 동가재미3길 6,127.161265,35.83340709,['인후3동'],['5211356000']
전북특별자치도 전주시 덕진구 한배미5길 19-3,127.1666139,35.82304235,['인후3동'],['5211356000']
전북특별자치도 전주시 완산구 봉곡3길 26,127.0997438,35.81196154,['효자4동'],['5211171400']
전북특별자치도 전주시 완산구 서곡2길 14-3,127.1020431,35.83377307,['효자5동'],['5211173000']
전북특별자치도 전주시 완산구 봉곡3길 11,127.0982275,35.81218044,['효자4동'],['5211171400']
전북특별자치도 전주시 완산구 문학대1길 4-3,127.1013949,35.82584867,['효자5동'],['5211173000']
전북특별자치도 전주시 완산구 평화19길 5-7,127.1368281,35.79552775,['평화1동'],['5211169100']
전북특별자치도 전주시 덕진구 진버들6길 16-1,127.1666975,35.83718622,['우아2동'],['5211361200']
전북특별자치도 전주시 완산구 풍남문2길 105-5,127.1436361,35.81328865,['풍남동'],['5211153000']
전북특별자치도 전주시 덕진구 진버들6길 18,127.1665246,35.83712553,['우아2동'],['5211361200']
전북특별자치도 전주시 덕진구 가재미로 70,127.1616397,35.83118075,['인후3동'],['5211356000']
전북특별자치도 전주시 완산구 척동1길 10,127.0990545,35.82143166,['효자5동'],['5211173000']
전북특별자치도 전주시 완산구 고사평8길 8-1,127.1109328,35.83667419,['서신동'],['5211168000']
전북특별자치도 전주시 완산구 중산8길 4-2,127.1205943,35.81757089,['중화산2동'],['5211167200']
전북특별자치도 전주시 덕진구 거북바우로 87,127.1454111,35.8414486,['인후2동'],['5211355000']
전북특별자치도 전주시 덕진구 동가재미2길 28-1,127.1638107,35.83354929,['인후3동'],['5211356000']
전북특별자치도 전주시 완산구 배학2길 12,127.0983337,35.81896559,['효자5동'],['5211173000']
전북특별자치도 전주시 덕진구 인교6길 13-4,127.1711443,35.82525732,['우아2동'],['5211361200']
전북특별자치도 전주시 덕진구 인교로 37-6,127.1727421,35.82555371,['우아2동'],['5211361200']
전북특별자치도 전주시 덕진구 구총목로 8-1,127.1611225,35.82760336,['인후3동'],['5211356000']
전북특별자치도 전주시 덕진구 매봉2길 7,127.1400103,35.84209553,['금암2동'],['5211359000']
전북특별자치도 전주시 완산구 동문길 81-7,127.1498034,35.81806231,['풍남동'],['5211153000']
전북특별자치도 전주시 완산구 전주객사2길 74-15,127.1402939,35.82051052,['중앙동'],['5211151000']
전북특별자치도 전주시 완산구 문학대2길 6,127.1024273,35.82546061,['효자5동'],['5211173000']
전북특별자치도 전주시 완산구 고사평3길 17,127.1081103,35.83638908,['서신동'],['5211168000']
전북특별자치도 전주시 완산구 봉곡1길 24-7,127.0996243,35.81273753,['효자4동'],['5211171400']
전북특별자치도 전주시 덕진구 석소3길 13-4,127.1696647,35.83422405,['우아2동'],['5211361200']
전북특별자치도 전주시 완산구 봉곡3길 19,127.0990515,35.81218085,['효자4동'],['5211171400']
전북특별자치도 전주시 완산구 농소1길 21,127.0951473,35.81454116,['효자5동'],['5211173000']
전북특별자치도 전주시 덕진구 붓내5길 10,127.1225193,35.86856584,['송천1동'],['5211364100']
전북특별자치도 전주시 완산구 후곡길 11-4,127.0954717,35.80978206,['효자4동'],['5211171400']
전북특별자치도 전주시 완산구 범안2길 14-1,127.1074404,35.8133478,['효자4동'],['5211171400']
전북특별자치도 전주시 완산구 문학대5길 8,127.1026264,35.82711263,['효자5동'],['5211173000']
전북특별자치도 전주시 완산구 척동10길 10,127.1008238,35.82464957,['효자5동'],['5211173000']
전북특별자치도 전주시 완산구 농소1길 21-1,127.0951448,35.8146704,['효자5동'],['5211173000']
전북특별자치도 전주시 덕진구 우아4길 25-4,127.1590654,35.85049685,['우아1동'],['5211361100']
전북특별자치도 전주시 완산구 동문길 81-9,127.1498405,35.81792824,['풍남동'],['5211153000']
전북특별자치도 전주시 덕진구 붓내4길 8-7,127.1230248,35.86735287,['송천1동'],['5211364100']
전북특별자치도 전주시 덕진구 팽나무3길 7,127.1531956,35.83575686,['인후1동'],['5211354000']
전북특별자치도 전주시 완산구 물왕멀4길 15-1,127.1470253,35.82887229,['노송동'],['5211160500']
전북특별자치도 전주시 완산구 우전1길 53,127.1056604,35.80848753,['효자4동'],['5211171400']
전북특별자치도 전주시 덕진구 한배미5길 20-4,127.1662897,35.82365899,['인후3동'],['5211356000']
전북특별자치도 전주시 완산구 새터로 12-1,127.1081679,35.83661335,['서신동'],['5211168000']
전북특별자치도 전주시 완산구 봉곡3길 21,127.0993176,35.81217603,['효자4동'],['5211171400']
전북특별자치도 전주시 완산구 문학대2길 10,127.10299,35.82547257,['효자5동'],['5211173000']
전북특별자치도 전주시 완산구 문학대2길 5,127.1023508,35.82569329,['효자5동'],['5211173000']
전북특별자치도 전주시 완산구 문학대4길 4-7,127.1023804,35.82625475,['효자5동'],['5211173000']
전북특별자치도 전주시 덕진구 거북바우로 110-1,127.1476575,35.84195408,['인후2동'],['5211355000']
전북특별자치도 전주시 완산구 서곡5길 3-6,127.1019177,35.83662818,['효자5동'],['5211173000']
전북특별자치도 전주시 완산구 문학대5길 21-6,127.1044648,35.82770011,['효자5동'],['5211173000']
전북특별자치도 전주시 완산구 봉곡4길 14-7,127.0954812,35.81260129,['효자4동'],['5211171400']
전북특별자치도 전주시 완산구 범안3길 8,127.1075965,35.81251634,['효자4동'],['5211171400']
전북특별자치도 전주시 덕진구 건지1길 10-5,127.1403405,35.84397355,['금암2동'],['5211359000']
전북특별자치도 전주시 완산구 봉곡1길 36-7,127.1011451,35.8127341,['효자4동'],['5211171400']
전북특별자치도 전주시 덕진구 팽나무5길 18,127.1557708,35.83512763,['인후1동'],['5211354000']
전북특별자치도 전주시 완산구 중산6길 19-5,127.1222083,35.81739983,['중화산2동'],['5211167200']
전북특별자치도 전주시 완산구 효자천변1길 36-12,127.1149368,35.79943773,['효자3동'],['5211171300']
전북특별자치도 전주시 완산구 구룡1길 19-7,127.1036946,35.81232681,['효자4동'],['5211171400']
전북특별자치도 전주시 완산구 장승배기5길 4,127.1451876,35.80076312,['서서학동'],['5211166000']
전북특별자치도 전주시 완산구 우전1길 55,127.1056905,35.80871056,['효자4동'],['5211171400']
전북특별자치도 전주시 완산구 척동3길 1,127.0998021,35.82212636,['효자5동'],['5211173000']
전북특별자치도 전주시 완산구 범안3길 11-7,127.1070657,35.81176084,['효자4동'],['5211171400']
전북특별자치도 전주시 완산구 봉곡로 120,127.1068063,35.81074084,['효자4동'],['5211171400']
전북특별자치도 전주시 완산구 서곡6길 8,127.1029598,35.83643109,['효자5동'],['5211173000']
전북특별자치도 전주시 완산구 서곡1길 20,127.0993086,35.83568008,['효자5동'],['5211173000']
전북특별자치도 전주시 완산구 문학대4길 14,127.1033641,35.82667309,['효자5동'],['5211173000']
전북특별자치도 전주시 완산구 봉곡2길 31,127.0946396,35.81234077,['효자4동'],['5211171400']
전북특별자치도 전주시 완산구 봉곡2길 6,127.0964879,35.81336836,['효자4동'],['5211171400']
전북특별자치도 전주시 덕진구 석소로 5-7,127.1693675,35.82763763,['인후3동'],['5211356000']
전북특별자치도 전주시 완산구 봉곡로 114,127.1062434,35.81088275,['효자4동'],['5211171400']
전북특별자치도 전주시 덕진구 붓내3길 17-29,127.1235605,35.86914103,['송천1동'],['5211364100']
전북특별자치도 전주시 덕진구 인교로 25-8,127.1720241,35.8248934,['우아2동'],['5211361200']
전북특별자치도 전주시 덕진구 아중3길 12,127.170583,35.82928512,['우아2동'],['5211361200']
전북특별자치도 전주시 완산구 전룡2길 7-6,127.1169511,35.8259837,['서신동'],['5211168000']
전북특별자치도 전주시 완산구 봉곡4길 18-8,127.0952441,35.81259886,['효자4동'],['5211171400']
전북특별자치도 전주시 완산구 문학대6길 13,127.1032338,35.82856422,['효자5동'],['5211173000']
전북특별자치도 전주시 완산구 문학대6길 12-3,127.1033665,35.82817152,['효자5동'],['5211173000']
전북특별자치도 전주시 완산구 문학대4길 7,127.1026625,35.82688035,['효자5동'],['5211173000']
전북특별자치도 전주시 완산구 잿뜸2길 7-8,127.1249575,35.82795986,['서신동'],['5211168000']
전북특별자치도 전주시 완산구 구룡1길 9-3,127.102632,35.81219415,['효자4동'],['5211171400']
전북특별자치도 전주시 완산구 문학로 10,127.1020785,35.82595967,['효자5동'],['5211173000']
전북특별자치도 전주시 완산구 장승배기1길 16,127.1397494,35.799777,['평화1동'],['5211169100']
전북특별자치도 전주시 완산구 봉곡3길 34,127.1007566,35.81198737,['효자4동'],['5211171400']
전북특별자치도 전주시 완산구 맏내4길 16-38,127.1308453,35.79414448,['평화2동'],['5211169200']
전북특별자치도 전주시 완산구 봉곡1길 32-6,127.1003405,35.8128742,['효자4동'],['5211171400']
전북특별자치도 전주시 완산구 서곡4길 18,127.1032309,35.83481427,['효자5동'],['5211173000']
전북특별자치도 전주시 덕진구 무삼지2길 19,127.1614471,35.82612315,['인후3동'],['5211356000']
전북특별자치도 전주시 완산구 따박골5길 45,127.1274508,35.80991428,['중화산1동'],['5211167100']
전북특별자치도 전주시 완산구 척동8길 12-1,127.1012516,35.82342657,['효자5동'],['5211173000']
전북특별자치도 전주시 완산구 척동3길 6,127.0992638,35.82231391,['효자5동'],['5211173000']
전북특별자치도 전주시 완산구 농소1길 23,127.0951399,35.81479235,['효자5동'],['5211173000']
전북특별자치도 전주시 덕진구 하가로 27,127.1115314,35.8445472,['덕진동'],['5211357000']
전북특별자치도 전주시 완산구 황강서원4길 4-7,127.0994411,35.82827469,['효자5동'],['5211173000']
전북특별자치도 전주시 덕진구 가재미로 16-1,127.1634442,35.82676061,['인후3동'],['5211356000']
전북특별자치도 전주시 완산구 구룡1길 19-6,127.1039931,35.81219344,['효자4동'],['5211171400']
전북특별자치도 전주시 완산구 구룡1길 27-2,127.1050526,35.81179208,['효자4동'],['5211171400']
전북특별자치도 전주시 완산구 봉곡로 37,127.0979783,35.81196894,['효자4동'],['5211171400']
전북특별자치도 전주시 덕진구 석소5길 37,127.1707632,35.83475739,['우아2동'],['5211361200']
전북특별자치도 전주시 완산구 봉곡3길 27-4,127.1001221,35.81232569,['효자4동'],['5211171400']
전북특별자치도 전주시 완산구 구룡2길 33,127.1055623,35.81337425,['효자4동'],['5211171400']
전북특별자치도 전주시 완산구 우전1길 49-6,127.1052063,35.80848549,['효자4동'],['5211171400']
전북특별자치도 전주시 완산구 서곡4길 23-7,127.1040408,35.83473715,['효자5동'],['5211173000']
전북특별자치도 전주시 완산구 황강서원5길 7,127.1026505,35.82909043,['효자5동'],['5211173000']
전북특별자치도 전주시 완산구 문학대6길 9,127.1028079,35.8285782,['효자5동'],['5211173000']
전북특별자치도 전주시 완산구 문학대4길 12-4,127.1030723,35.82652977,['효자5동'],['5211173000']
전북특별자치도 전주시 완산구 문학로 8,127.1020651,35.82575663,['효자5동'],['5211173000']
전북특별자치도 전주시 완산구 봉곡로 8,127.0945617,35.81167966,['효자4동'],['5211171400']
전북특별자치도 전주시 완산구 서곡2길 30-25,127.103209,35.83264055,['효자5동'],['5211173000']
전북특별자치도 전주시 완산구 봉곡1길 18-5,127.0990429,35.81288987,['효자4동'],['5211171400']
전북특별자치도 전주시 완산구 봉곡3길 31-8,127.1006379,35.81257158,['효자4동'],['5211171400']
전북특별자치도 전주시 완산구 문학대5길 28-1,127.1049547,35.82711432,['효자5동'],['5211173000']
전북특별자치도 전주시 덕진구 팽나무3길 5,127.1531234,35.83598587,['인후1동'],['5211354000']
전북특별자치도 전주시 덕진구 가리내4길 11,127.1103521,35.84612602,['덕진동'],['5211357000']
전북특별자치도 전주시 완산구 척동길 39,127.1000943,35.82157554,['효자5동'],['5211173000']
전북특별자치도 전주시 완산구 소태정4길 23-6,127.1029938,35.80542068,['효자4동'],['5211171400']
전북특별자치도 전주시 완산구 우전1길 63,127.1058578,35.80936779,['효자4동'],['5211171400']
전북특별자치도 전주시 완산구 문학대5길 17-4,127.1039285,35.82762217,['효자5동'],['5211173000']
전북특별자치도 전주시 덕진구 심방죽로 51,127.1513389,35.84054804,['인후2동'],['5211355000']
전북특별자치도 전주시 덕진구 심방죽로 49-1,127.1514693,35.84050137,['인후2동'],['5211355000']
전북특별자치도 전주시 덕진구 가재미로 84,127.1611432,35.83245147,['인후3동'],['5211356000']
전북특별자치도 전주시 덕진구 가리내4길 19,127.1095445,35.84609243,['덕진동'],['5211357000']
전북특별자치도 전주시 덕진구 인교3길 3,127.1724227,35.82757272,['우아2동'],['5211361200']
전북특별자치도 전주시 덕진구 인교로 68,127.172192,35.82748788,['우아2동'],['5211361200']
전북특별자치도 전주시 완산구 후곡길 23-31,127.094534,35.81039431,['효자4동'],['5211171400']
전북특별자치도 전주시 완산구 문학대6길 7,127.1026526,35.82857599,['효자5동'],['5211173000']
전북특별자치도 전주시 완산구 문학대2길 20,127.1038796,35.82546982,['효자5동'],['5211173000']
전북특별자치도 전주시 덕진구 동가재미3길 62,127.1668532,35.83510635,['인후3동'],['5211356000']
전북특별자치도 전주시 완산구 문학대1길 8-6,127.1012147,35.82604773,['효자5동'],['5211173000']
전북특별자치도 전주시 완산구 용호로 103,127.0968269,35.81248269,['효자4동'],['5211171400']
전북특별자치도 전주시 덕진구 떡전4길 22-3,127.1296273,35.83697623,['금암1동'],['5211358000']
전북특별자치도 전주시 덕진구 솔내9길 17,127.1248409,35.86212526,['송천1동'],['5211364100']
전북특별자치도 전주시 덕진구 서가재미1길 13-2,127.1604385,35.83131079,['인후3동'],['5211356000']
전북특별자치도 전주시 완산구 봉곡3길 40,127.1013666,35.81194702,['효자4동'],['5211171400']
전북특별자치도 전주시 완산구 척동1길 8,127.0992383,35.8214151,['효자5동'],['5211173000']
전북특별자치도 전주시 덕진구 솔내9길 19,127.1246918,35.86214199,['송천1동'],['5211364100']
전북특별자치도 전주시 덕진구 아중6길 16,127.1727228,35.83224243,['우아2동'],['5211361200']
전북특별자치도 전주시 덕진구 추천1길 27-1,127.1055086,35.84982868,['팔복동'],['5211360000']
전북특별자치도 전주시 완산구 범안1길 30,127.1072738,35.81141015,['효자4동'],['5211171400']
전북특별자치도 전주시 완산구 백마산길 9,127.0922183,35.81776896,['효자4동'],['5211171400']
전북특별자치도 전주시 완산구 황강서원로 37,127.1012977,35.82887951,['효자5동'],['5211173000']
전북특별자치도 전주시 완산구 봉곡2길 32,127.0943456,35.81238642,['효자4동'],['5211171400']
전북특별자치도 전주시 덕진구 가재미로 82,127.1612166,35.83227409,['인후3동'],['5211356000']
전북특별자치도 전주시 완산구 범안3길 17,127.1063238,35.81241698,['효자4동'],['5211171400']
전북특별자치도 전주시 완산구 구룡2길 18-5,127.1039996,35.81287767,['효자4동'],['5211171400']
전북특별자치도 전주시 완산구 구룡2길 30,127.1051409,35.81312272,['효자4동'],['5211171400']
전북특별자치도 전주시 완산구 백마산길 42-2,127.0888557,35.81709997,['효자4동'],['5211171400']
전북특별자치도 전주시 완산구 봉곡3길 21-3,127.0993519,35.81233201,['효자4동'],['5211171400']
전북특별자치도 전주시 완산구 문학대5길 21-3,127.1041264,35.82761551,['효자5동'],['5211173000']
전북특별자치도 전주시 완산구 인정3길 7-4,127.119254,35.82015786,['중화산2동'],['5211167200']
전북특별자치도 전주시 완산구 중산6길 17,127.1222283,35.8170585,['중화산2동'],['5211167200']
전북특별자치도 전주시 완산구 문학대6길 5-1,127.1025188,35.8285432,['효자5동'],['5211173000']
전북특별자치도 전주시 완산구 문학대4길 8-3,127.1028681,35.82653238,['효자5동'],['5211173000']
전북특별자치도 전주시 완산구 척동1길 6-3,127.0992702,35.82157415,['효자5동'],['5211173000']
전북특별자치도 전주시 완산구 새터로 9-1,127.1081119,35.83694299,['서신동'],['5211168000']
전북특별자치도 전주시 완산구 고사평2길 9-4,127.1107934,35.83471056,['서신동'],['5211168000']
전북특별자치도 전주시 완산구 선너머3길 22,127.1304082,35.81452755,['중화산1동'],['5211167100']
전북특별자치도 전주시 완산구 선너머3길 24,127.1303727,35.81463826,['중화산1동'],['5211167100']
전북특별자치도 전주시 완산구 봉곡2길 17-3,127.095274,35.81289725,['효자4동'],['5211171400']
전북특별자치도 전주시 덕진구 붓내5길 8-1,127.1224727,35.86841934,['송천1동'],['5211364100']
전북특별자치도 전주시 덕진구 인교3길 4,127.1726322,35.82740433,['우아2동'],['5211361200']
전북특별자치도 전주시 덕진구 팽나무3길 7-6,127.1536019,35.83579609,['인후1동'],['5211354000']
전북특별자치도 전주시 완산구 문학대4길 10,127.1028313,35.8267013,['효자5동'],['5211173000']
전북특별자치도 전주시 덕진구 가리내2길 12,127.1106389,35.84741924,['덕진동'],['5211357000']
전북특별자치도 전주시 덕진구 인교3길 6,127.1727557,35.82748455,['우아2동'],['5211361200']
전북특별자치도 전주시 덕진구 인교5길 16,127.1737449,35.82716579,['우아2동'],['5211361200']
전북특별자치도 전주시 완산구 중산5길 4-11,127.1209084,35.81509229,['중화산2동'],['5211167200']
전북특별자치도 전주시 완산구 범안2길 2,127.1088923,35.81334731,['효자4동'],['5211171400']
전북특별자치도 전주시 완산구 구룡2길 18-6,127.1036969,35.81288802,['효자4동'],['5211171400']
전북특별자치도 전주시 완산구 후곡길 23-3,127.0951805,35.81058018,['효자4동'],['5211171400']
전북특별자치도 전주시 덕진구 호반6길 9-4,127.1169755,35.85111425,['덕진동'],['5211357000']
전북특별자치도 전주시 덕진구 가리내3길 20-8,127.1095579,35.84714724,['덕진동'],['5211357000']
전북특별자치도 전주시 덕진구 인교로 62-3,127.1725157,35.82723092,['우아2동'],['5211361200']
전북특별자치도 전주시 완산구 봉곡1길 24-6,127.0993157,35.81288983,['효자4동'],['5211171400']
전북특별자치도 전주시 완산구 봉곡3길 23,127.0996247,35.812181,['효자4동'],['5211171400']
전북특별자치도 전주시 완산구 문학대6길 5,127.1023748,35.82855225,['효자5동'],['5211173000']
전북특별자치도 전주시 완산구 문학대4길 29,127.1049575,35.82688936,['효자5동'],['5211173000']
전북특별자치도 전주시 덕진구 인교3길 2,127.1724168,35.82736499,['우아2동'],['5211361200']
전북특별자치도 전주시 완산구 인정4길 16,127.1219775,35.82044542,['중화산2동'],['5211167200']
전북특별자치도 전주시 완산구 화산천변2길 11-1,127.1173155,35.8195935,['중화산2동'],['5211167200']
전북특별자치도 전주시 완산구 우전2길 71-7,127.1064993,35.81033365,['효자4동'],['5211171400']
전북특별자치도 전주시 완산구 서신천변10길 4-2,127.1144797,35.82954885,['서신동'],['5211168000']
전북특별자치도 전주시 완산구 후곡길 19,127.0953881,35.81044897,['효자4동'],['5211171400']
전북특별자치도 전주시 완산구 문학대4길 18,127.1039393,35.82669693,['효자5동'],['5211173000']
전북특별자치도 전주시 완산구 배학1길 15-1,127.0952706,35.81865063,['효자5동'],['5211173000']
전북특별자치도 전주시 덕진구 서가재미2길 10-8,127.1595642,35.83135071,['인후3동'],['5211356000']
전북특별자치도 전주시 완산구 구룡1길 19,127.1040045,35.81180588,['효자4동'],['5211171400']
전북특별자치도 전주시 완산구 서곡5길 13-32,127.100892,35.83697324,['효자5동'],['5211173000']
전북특별자치도 전주시 완산구 서곡1길 5-8,127.0998697,35.83451483,['효자5동'],['5211173000']
전북특별자치도 전주시 완산구 중산5길 4-3,127.1208856,35.81577853,['중화산2동'],['5211167200']
전북특별자치도 전주시 완산구 봉곡3길 24,127.0995915,35.81194607,['효자4동'],['5211171400']
전북특별자치도 전주시 완산구 서곡5길 3-4,127.1020178,35.83675608,['효자5동'],['5211173000']
전북특별자치도 전주시 완산구 문학대4길 32-5,127.1055783,35.82625722,['효자5동'],['5211173000']
전북특별자치도 전주시 완산구 척동1길 14,127.0985934,35.82144483,['효자5동'],['5211173000']
전북특별자치도 전주시 덕진구 하가로 56,127.1118943,35.84714374,['덕진동'],['5211357000']
전북특별자치도 전주시 덕진구 솔내9길 17-1,127.1248142,35.86197504,['송천1동'],['5211364100']
전북특별자치도 전주시 덕진구 우아3길 18,127.1549852,35.84877916,['우아1동'],['5211361100']
전북특별자치도 전주시 완산구 봉곡로 10,127.0948714,35.81168212,['효자4동'],['5211171400']
전북특별자치도 전주시 완산구 문학대5길 13,127.103368,35.82732677,['효자5동'],['5211173000']
전북특별자치도 전주시 덕진구 진버들1길 50,127.1616365,35.83732138,['인후3동'],['5211356000']
전북특별자치도 전주시 완산구 문학대1길 10-1,127.100903,35.82543469,['효자5동'],['5211173000']
전북특별자치도 전주시 완산구 척동1길 14-3,127.0982945,35.8215763,['효자5동'],['5211173000']
전북특별자치도 전주시 완산구 배학3길 3-3,127.0968457,35.81961742,['효자5동'],['5211173000']
전북특별자치도 전주시 완산구 후곡길 15,127.0955623,35.80997161,['효자4동'],['5211171400']
전북특별자치도 전주시 완산구 후곡길 23-14,127.0948018,35.81091602,['효자4동'],['5211171400']
전북특별자치도 전주시 완산구 우전1길 73,127.1064107,35.81014636,['효자4동'],['5211171400']
전북특별자치도 전주시 완산구 배학1길 9,127.0961267,35.81860939,['효자5동'],['5211173000']
전북특별자치도 전주시 완산구 고사평3길 21-1,127.1077029,35.8363168,['서신동'],['5211168000']
전북특별자치도 전주시 완산구 고사평2길 13-4,127.1111574,35.8346785,['서신동'],['5211168000']
전북특별자치도 전주시 완산구 문학로 9-1,127.1017015,35.82604047,['효자5동'],['5211173000']
전북특별자치도 전주시 완산구 후곡길 11-20,127.0950939,35.80969989,['효자4동'],['5211171400']
전북특별자치도 전주시 완산구 봉곡3길 22,127.0994379,35.81194899,['효자4동'],['5211171400']
전북특별자치도 전주시 완산구 구룡1길 33-8,127.1055607,35.81208815,['효자4동'],['5211171400']
전북특별자치도 전주시 완산구 봉곡로 118,127.1065389,35.8108194,['효자4동'],['5211171400']
전북특별자치도 전주시 완산구 우전2길 71,127.1067444,35.81045961,['효자4동'],['5211171400']
전북특별자치도 전주시 덕진구 가리내3길 10-4,127.1106141,35.84675504,['덕진동'],['5211357000']
전북특별자치도 전주시 덕진구 서가재미3길 18-2,127.1601059,35.83287176,['인후3동'],['5211356000']
전북특별자치도 전주시 덕진구 서가재미3길 16,127.1597616,35.83295784,['인후3동'],['5211356000']
전북특별자치도 전주시 완산구 문학대2길 4,127.1021575,35.82545931,['효자5동'],['5211173000']
전북특별자치도 전주시 덕진구 작은모래내4길 15,127.1484025,35.83360689,['인후2동'],['5211355000']
전북특별자치도 전주시 완산구 배학2길 10-1,127.0981979,35.81891757,['효자5동'],['5211173000']
전북특별자치도 전주시 덕진구 우아7길 9-11,127.1549618,35.84920197,['우아1동'],['5211361100']
전북특별자치도 전주시 완산구 서곡3길 24-12,127.1002763,35.8369268,['효자5동'],['5211173000']
전북특별자치도 전주시 완산구 인정4길 16-3,127.1219562,35.82026276,['중화산2동'],['5211167200']
전북특별자치도 전주시 완산구 구룡2길 14-2,127.1031662,35.81301114,['효자4동'],['5211171400']
전북특별자치도 전주시 완산구 구룡2길 14-4,127.1031639,35.81288668,['효자4동'],['5211171400']
전북특별자치도 전주시 완산구 후곡길 21,127.0953432,35.81060537,['효자4동'],['5211171400']
전북특별자치도 전주시 완산구 봉곡4길 14-6,127.0958008,35.81247188,['효자4동'],['5211171400']
전북특별자치도 전주시 완산구 용호로 101,127.0968246,35.81236697,['효자4동'],['5211171400']
전북특별자치도 전주시 덕진구 시천로 29-11,127.1141203,35.86138094,['송천2동'],['5211364200']
전북특별자치도 전주시 완산구 안터6길 9-10,127.1178372,35.83119256,['서신동'],['5211168000']
전북특별자치도 전주시 완산구 구룡1길 23-2,127.1045464,35.81184615,['효자4동'],['5211171400']
전북특별자치도 전주시 완산구 서곡2길 13-5,127.1023092,35.83448989,['효자5동'],['5211173000']
전북특별자치도 전주시 완산구 문학대4길 28-6,127.1047122,35.82638694,['효자5동'],['5211173000']
전북특별자치도 전주시 덕진구 시천로 29-9,127.1143045,35.86145295,['송천2동'],['5211364200']
전북특별자치도 전주시 덕진구 시천로 29-7,127.1140726,35.86152978,['송천2동'],['5211364200']
전북특별자치도 전주시 덕진구 우아1길 17,127.1551173,35.84805006,['우아1동'],['5211361100']
전북특별자치도 전주시 완산구 전동성당길 38-18,127.1483251,35.81756619,['풍남동'],['5211153000']
전북특별자치도 전주시 완산구 메너머3길 38,127.118745,35.82399683,['중화산2동'],['5211167200']
전북특별자치도 전주시 덕진구 가리내6길 6-6,127.1112373,35.84543349,['덕진동'],['5211357000']
전북특별자치도 전주시 완산구 척동5길 9-3,127.0990779,35.82284959,['효자5동'],['5211173000']
전북특별자치도 전주시 완산구 봉곡3길 20,127.0992825,35.81195345,['효자4동'],['5211171400']
전북특별자치도 전주시 완산구 봉곡3길 32,127.1003603,35.81195201,['효자4동'],['5211171400']
전북특별자치도 전주시 덕진구 모래내6길 41,127.1443867,35.83725691,['금암2동'],['5211359000']
전북특별자치도 전주시 덕진구 인교7길 23,127.1745297,35.82738654,['우아2동'],['5211361200']
전북특별자치도 전주시 덕진구 반촌로 35-11,127.1456347,35.83036024,['진북동'],['5211352500']
전북특별자치도 전주시 완산구 서신천변2길 3-3,127.1144868,35.82683776,['서신동'],['5211168000']
전북특별자치도 전주시 완산구 봉곡1길 37,127.1008975,35.81335726,['효자4동'],['5211171400']
전북특별자치도 전주시 완산구 봉곡로 19,127.0960778,35.8119702,['효자4동'],['5211171400']
전북특별자치도 전주시 완산구 봉곡로 23,127.0963911,35.81196698,['효자4동'],['5211171400']
전북특별자치도 전주시 덕진구 가리내3길 11,127.1103103,35.84638932,['덕진동'],['5211357000']
전북특별자치도 전주시 덕진구 명주2길 26-9,127.1464753,35.8421401,['인후2동'],['5211355000']
전북특별자치도 전주시 덕진구 석소2길 21-1,127.1684528,35.8345302,['우아2동'],['5211361200']
전북특별자치도 전주시 덕진구 중상보로 36,127.171454,35.83327564,['우아2동'],['5211361200']
전북특별자치도 전주시 덕진구 아중6길 23,127.1720629,35.83179986,['우아2동'],['5211361200']
전북특별자치도 전주시 완산구 서신천변3길 9,127.1132504,35.82776435,['서신동'],['5211168000']
전북특별자치도 전주시 완산구 봉곡1길 36,127.1008858,35.81314899,['효자4동'],['5211171400']
전북특별자치도 전주시 완산구 후곡길 31-17,127.0946794,35.81124742,['효자4동'],['5211171400']
전북특별자치도 전주시 완산구 서곡3길 14-3,127.1005356,35.83652318,['효자5동'],['5211173000']
전북특별자치도 전주시 덕진구 솔내5길 10,127.1216282,35.85757641,['송천1동'],['5211364100']
전북특별자치도 전주시 덕진구 아중3길 11,127.1704505,35.82954469,['우아2동'],['5211361200']
전북특별자치도 전주시 덕진구 팽나무4길 21-8,127.1555708,35.83484543,['인후1동'],['5211354000']
전북특별자치도 전주시 덕진구 매봉3길 13-1,127.1420185,35.84224864,['금암2동'],['5211359000']
전북특별자치도 전주시 덕진구 중상보로 42,127.172127,35.83350234,['우아2동'],['5211361200']
전북특별자치도 전주시 완산구 서곡1길 24-6,127.0992782,35.83615246,['효자5동'],['5211173000']
전북특별자치도 전주시 완산구 봉곡로 21,127.0962354,35.81197458,['효자4동'],['5211171400']
전북특별자치도 전주시 완산구 봉곡3길 3-5,127.0972098,35.81258062,['효자4동'],['5211171400']
전북특별자치도 전주시 완산구 평화3길 27,127.1304141,35.7832692,['평화2동'],['5211169200']
전북특별자치도 전주시 완산구 후곡길 23,127.0952648,35.81080398,['효자4동'],['5211171400']
전북특별자치도 전주시 완산구 농소2길 12,127.0983071,35.81392233,['효자5동'],['5211173000']
전북특별자치도 전주시 완산구 봉곡1길 4-1,127.0975197,35.81301243,['효자4동'],['5211171400']
전북특별자치도 전주시 덕진구 무삼지5길 8-1,127.164538,35.82753781,['인후3동'],['5211356000']
전북특별자치도 전주시 완산구 고사평8길 8-4,127.1106489,35.83662353,['서신동'],['5211168000']
전북특별자치도 전주시 완산구 평화4길 4-5,127.1336816,35.78243068,['평화2동'],['5211169200']
전북특별자치도 전주시 완산구 안행7길 5-3,127.1339465,35.802145,['효자1동'],['5211171100']
전북특별자치도 전주시 완산구 구룡1길 33-15,127.1052619,35.81271182,['효자4동'],['5211171400']
전북특별자치도 전주시 완산구 척동6길 13,127.1014171,35.82323824,['효자5동'],['5211173000']
전북특별자치도 전주시 완산구 봉곡로 17,127.0958285,35.81195093,['효자4동'],['5211171400']
전북특별자치도 전주시 완산구 후곡길 23-36,127.0944687,35.81060345,['효자4동'],['5211171400']
전북특별자치도 전주시 완산구 후곡길 11-14,127.0951779,35.80988837,['효자4동'],['5211171400']
전북특별자치도 전주시 덕진구 가리내3길 1,127.111421,35.84641191,['덕진동'],['5211357000']
전북특별자치도 전주시 완산구 범안2길 8,127.1082014,35.81336416,['효자4동'],['5211171400']
전북특별자치도 전주시 완산구 문학대4길 18-5,127.1039279,35.82639537,['효자5동'],['5211173000']
전북특별자치도 전주시 완산구 척동5길 3,127.0995637,35.82299961,['효자5동'],['5211173000']
전북특별자치도 전주시 덕진구 떡전1길 28,127.1272042,35.83503328,['금암1동'],['5211358000']
전북특별자치도 전주시 완산구 범안2길 6-1,127.1083631,35.81336104,['효자4동'],['5211171400']
전북특별자치도 전주시 완산구 봉곡4길 14-5,127.0954829,35.81246763,['효자4동'],['5211171400']
전북특별자치도 전주시 덕진구 추천6길 26,127.106128,35.85077562,['팔복동'],['5211360000']
전북특별자치도 전주시 완산구 봉곡3길 35-6,127.1011457,35.81244101,['효자4동'],['5211171400']
전북특별자치도 전주시 완산구 구룡2길 34-12,127.1049811,35.81295793,['효자4동'],['5211171400']
전북특별자치도 전주시 완산구 후곡길 31-35,127.0941852,35.81146555,['효자4동'],['5211171400']
전북특별자치도 전주시 완산구 척동5길 5-4,127.0992734,35.82286223,['효자5동'],['5211173000']
전북특별자치도 전주시 덕진구 심방죽4길 1,127.1516443,35.83983278,['인후1동'],['5211354000']
전북특별자치도 전주시 덕진구 가재미1길 10-2,127.161599,35.82842422,['인후3동'],['5211356000']
전북특별자치도 전주시 완산구 고사평6길 3-5,127.1102538,35.83663903,['서신동'],['5211168000']
전북특별자치도 전주시 완산구 고사평8길 4-3,127.1105247,35.83668258,['서신동'],['5211168000']
전북특별자치도 전주시 완산구 봉곡3길 27-6,127.100126,35.81243961,['효자4동'],['5211171400']
전북특별자치도 전주시 완산구 문학대6길 22-7,127.1044692,35.82782502,['효자5동'],['5211173000']
전북특별자치도 전주시 완산구 문학대4길 18-3,127.103921,35.82654012,['효자5동'],['5211173000']
전북특별자치도 전주시 덕진구 심방죽로 48-2,127.1518528,35.83995608,['인후1동'],['5211354000']
전북특별자치도 전주시 덕진구 가재미3길 9-1,127.1614842,35.82895837,['인후3동'],['5211356000']
전북특별자치도 전주시 완산구 맏내3길 10-19,127.1309685,35.79351229,['평화2동'],['5211169200']
전북특별자치도 전주시 완산구 척동3길 13,127.0985925,35.82211095,['효자5동'],['5211173000']
,,,['NaN'],['NaN']
전북특별자치도 전주시 완산구 서신천변2길 3-1,127.1144639,35.8267162,['서신동'],['5211168000']
전북특별자치도 전주시 완산구 봉곡3길 36,127.1009169,35.8119766,['효자4동'],['5211171400']
전북특별자치도 전주시 완산구 구룡1길 27-1,127.1047526,35.81184804,['효자4동'],['5211171400']
전북특별자치도 전주시 완산구 구룡1길 32,127.1051977,35.81135232,['효자4동'],['5211171400']
전북특별자치도 전주시 완산구 후곡길 23-29,127.0945984,35.8102369,['효자4동'],['5211171400']
전북특별자치도 전주시 완산구 서곡4길 45-9,127.1034189,35.83269715,['효자5동'],['5211173000']
전북특별자치도 전주시 완산구 배학1길 16-1,127.095132,35.81876313,['효자5동'],['5211173000']
전북특별자치도 전주시 완산구 봉곡4길 18-1,127.0948532,35.8121973,['효자4동'],['5211171400']
전북특별자치도 전주시 완산구 고사평로 41,127.1105726,35.83761859,['서신동'],['5211168000']
전북특별자치도 전주시 덕진구 금암6길 42,127.1370635,35.8403532,['금암1동'],['5211358000']
전북특별자치도 전주시 덕진구 동가재미2길 24-8,127.1632272,35.83304601,['인후3동'],['5211356000']
전북특별자치도 전주시 덕진구 무삼지4길 18,127.1642957,35.8259859,['인후3동'],['5211356000']
전북특별자치도 전주시 완산구 인정1길 3-3,127.1205232,35.81983421,['중화산2동'],['5211167200']
전북특별자치도 전주시 완산구 인정1길 3-1,127.120529,35.81966215,['중화산2동'],['5211167200']
전북특별자치도 전주시 완산구 범안2길 15,127.1075588,35.81313194,['효자4동'],['5211171400']
전북특별자치도 전주시 완산구 봉곡3길 27-8,127.1001262,35.81257209,['효자4동'],['5211171400']
전북특별자치도 전주시 완산구 봉곡1길 7,127.097758,35.81334264,['효자4동'],['5211171400']
전북특별자치도 전주시 완산구 고사평5길 10-3,127.1089072,35.83711955,['서신동'],['5211168000']
전북특별자치도 전주시 완산구 고사평6길 3-3,127.1102251,35.83653055,['서신동'],['5211168000']
전북특별자치도 전주시 완산구 고사평2길 7-8,127.1104115,35.83491784,['서신동'],['5211168000']
전북특별자치도 전주시 완산구 봉곡3길 27-5,127.0998251,35.81245329,['효자4동'],['5211171400']
전북특별자치도 전주시 완산구 황강서원로 12,127.0987243,35.82813631,['효자5동'],['5211173000']
전북특별자치도 전주시 완산구 문학로 10-1,127.1020794,35.82610639,['효자5동'],['5211173000']
전북특별자치도 전주시 완산구 척동8길 4,127.1002515,35.82344516,['효자5동'],['5211173000']
전북특별자치도 전주시 완산구 마전들로 25-1,127.0984398,35.82120982,['효자5동'],['5211173000']
전북특별자치도 전주시 완산구 배학1길 9-1,127.0959762,35.81860726,['효자5동'],['5211173000']
전북특별자치도 전주시 덕진구 한배미4길 15-1,127.1657102,35.82380814,['인후3동'],['5211356000']
전북특별자치도 전주시 완산구 메너머2길 21-7,127.120482,35.82172564,['중화산2동'],['5211167200']
전북특별자치도 전주시 완산구 봉곡3길 28,127.0999021,35.8119569,['효자4동'],['5211171400']
전북특별자치도 전주시 완산구 구룡2길 8-5,127.1029443,35.81288236,['효자4동'],['5211171400']
전북특별자치도 전주시 완산구 구룡1길 19-3,127.1036976,35.81205787,['효자4동'],['5211171400']
전북특별자치도 전주시 완산구 후곡길 31,127.0949818,35.81144185,['효자4동'],['5211171400']
전북특별자치도 전주시 완산구 서곡5길 13-20,127.1007669,35.83702156,['효자5동'],['5211173000']
전북특별자치도 전주시 완산구 서곡3길 21,127.0997765,35.83658735,['효자5동'],['5211173000']
전북특별자치도 전주시 완산구 문학대1길 10-5,127.1005106,35.82542817,['효자5동'],['5211173000']
전북특별자치도 전주시 완산구 척동1길 6-2,127.0995634,35.82143358,['효자5동'],['5211173000']
전북특별자치도 전주시 완산구 척동길 42,127.099799,35.82142779,['효자5동'],['5211173000']
전북특별자치도 전주시 완산구 농소2길 7-3,127.0975651,35.81428687,['효자5동'],['5211173000']
전북특별자치도 전주시 완산구 봉곡4길 8-3,127.0960106,35.81233734,['효자4동'],['5211171400']
전북특별자치도 전주시 완산구 봉곡로 13,127.09534,35.81194051,['효자4동'],['5211171400']
전북특별자치도 전주시 덕진구 권삼득로 227-9,127.1334255,35.83788172,['금암1동'],['5211358000']
전북특별자치도 전주시 덕진구 떡전4길 24,127.1298752,35.83722282,['금암1동'],['5211358000']
전북특별자치도 전주시 덕진구 떡전4길 26,127.1301049,35.83700276,['금암1동'],['5211358000']
전북특별자치도 전주시 덕진구 우아3길 34-14,127.1537634,35.84859282,['우아1동'],['5211361100']
전북특별자치도 전주시 완산구 범안3길 11-5,127.1070739,35.81195334,['효자4동'],['5211171400']
전북특별자치도 전주시 완산구 봉곡3길 21-4,127.0996181,35.81232836,['효자4동'],['5211171400']
전북특별자치도 전주시 완산구 봉곡3길 27-3,127.0998292,35.81233378,['효자4동'],['5211171400']
전북특별자치도 전주시 완산구 봉곡3길 35-7,127.1008525,35.81258456,['효자4동'],['5211171400']
전북특별자치도 전주시 완산구 문학대4길 24,127.1044587,35.82669395,['효자5동'],['5211173000']
전북특별자치도 전주시 완산구 농소1길 17,127.0950985,35.81430984,['효자5동'],['5211173000']
전북특별자치도 전주시 완산구 봉곡2길 29,127.0946805,35.81248953,['효자4동'],['5211171400']
전북특별자치도 전주시 완산구 구룡1길 19-5,127.1036981,35.81219252,['효자4동'],['5211171400']
전북특별자치도 전주시 완산구 황강서원로 64,127.1041239,35.82857139,['효자5동'],['5211173000']
전북특별자치도 전주시 덕진구 솔내2길 27,127.1218564,35.85455472,['송천1동'],['5211364100']
전북특별자치도 전주시 덕진구 중상보로 46,127.1723071,35.83358391,['우아2동'],['5211361200']
전북특별자치도 전주시 덕진구 건지3길 10-7,127.1443375,35.84541857,['인후2동'],['5211355000']
전북특별자치도 전주시 완산구 봉곡1길 42-4,127.101358,35.81296672,['효자4동'],['5211171400']
전북특별자치도 전주시 완산구 문학대4길 8,127.1025717,35.82668801,['효자5동'],['5211173000']
전북특별자치도 전주시 덕진구 솔내2길 33-7,127.1216363,35.85470707,['송천1동'],['5211364100']
전북특별자치도 전주시 덕진구 권삼득로 202-4,127.1365445,35.83633742,['금암1동'],['5211358000']
전북특별자치도 전주시 완산구 평화15길 14-3,127.1377419,35.7911882,['평화2동'],['5211169200']
전북특별자치도 전주시 완산구 평화8길 16-8,127.1340971,35.78919485,['평화2동'],['5211169200']
전북특별자치도 전주시 완산구 서곡3길 23-6,127.0992489,35.83645197,['효자5동'],['5211173000']
전북특별자치도 전주시 덕진구 가재미로 26-1,127.1631709,35.82744558,['인후3동'],['5211356000']
전북특별자치도 전주시 완산구 문학대2길 27-8,127.1050353,35.8261262,['효자5동'],['5211173000']
전북특별자치도 전주시 완산구 문학대4길 28-5,127.1050283,35.82627689,['효자5동'],['5211173000']
전북특별자치도 전주시 완산구 중산2길 6,127.1210227,35.81436261,['중화산2동'],['5211167200']
전북특별자치도 전주시 완산구 배학2길 28,127.0999513,35.81936622,['효자5동'],['5211173000']
전북특별자치도 전주시 덕진구 가리내3길 3,127.111221,35.84640614,['덕진동'],['5211357000']
전북특별자치도 전주시 덕진구 석소5길 45,127.1701815,35.83515198,['우아2동'],['5211361200']
전북특별자치도 전주시 완산구 인정1길 3-5,127.1205143,35.81996643,['중화산2동'],['5211167200']
전북특별자치도 전주시 완산구 문학대2길 27-4,127.1050288,35.82585943,['효자5동'],['5211173000']
전북특별자치도 전주시 완산구 마전들로 13,127.0971504,35.82119861,['효자5동'],['5211173000']
전북특별자치도 전주시 덕진구 가재미1길 8,127.1617067,35.82850293,['인후3동'],['5211356000']
전북특별자치도 전주시 완산구 구룡1길 16,127.1036304,35.81161316,['효자4동'],['5211171400']
전북특별자치도 전주시 완산구 봉곡로 41,127.0982884,35.81193498,['효자4동'],['5211171400']
전북특별자치도 전주시 덕진구 호반7길 7-2,127.1149838,35.85020032,['덕진동'],['5211357000']
전북특별자치도 전주시 덕진구 호반4길 17-3,127.1185668,35.85079482,['덕진동'],['5211357000']
전북특별자치도 전주시 완산구 거마산1길 4-2,127.1217061,35.79844463,['삼천2동'],['5211170200']
전북특별자치도 전주시 완산구 평화4길 8-2,127.1339024,35.78266351,['평화2동'],['5211169200']
전북특별자치도 전주시 완산구 서곡5길 9-3,127.1016081,35.83697976,['효자5동'],['5211173000']
전북특별자치도 전주시 완산구 척동길 21,127.1000812,35.82321764,['효자5동'],['5211173000']
전북특별자치도 전주시 완산구 배학6길 10-2,127.0977874,35.8206367,['효자5동'],['5211173000']
전북특별자치도 전주시 완산구 구룡1길 19-11,127.10371,35.8125495,['효자4동'],['5211171400']
전북특별자치도 전주시 완산구 황강서원2길 29-1,127.101388,35.82806893,['효자5동'],['5211173000']
전북특별자치도 전주시 덕진구 삼송5길 10-11,127.1377456,35.84330358,['금암1동'],['5211358000']
전북특별자치도 전주시 덕진구 도당산4길 69-2,127.1540731,35.84545407,['우아1동'],['5211361100']
전북특별자치도 전주시 덕진구 매봉11길 21-1,127.1437302,35.84063318,['금암2동'],['5211359000']
전북특별자치도 전주시 완산구 메너머3길 30-2,127.119571,35.82399799,['중화산2동'],['5211167200']
전북특별자치도 전주시 완산구 소태정4길 11-8,127.1019211,35.80512959,['효자4동'],['5211171400']
전북특별자치도 전주시 완산구 봉곡1길 42-8,127.101353,35.81273473,['효자4동'],['5211171400']
전북특별자치도 전주시 덕진구 솔내2길 33-18,127.1209399,35.85511397,['송천1동'],['5211364100']
전북특별자치도 전주시 덕진구 팽나무3길 6,127.152895,35.83591037,['인후1동'],['5211354000']
전북특별자치도 전주시 완산구 서학로 40-4,127.1536367,35.80926558,['동서학동'],['5211165000']
전북특별자치도 전주시 완산구 범안3길 15,127.1066141,35.81240258,['효자4동'],['5211171400']
전북특별자치도 전주시 완산구 봉곡2길 17-6,127.0949526,35.81279575,['효자4동'],['5211171400']
전북특별자치도 전주시 완산구 범안1길 16-2,127.1083137,35.81257356,['효자4동'],['5211171400']
전북특별자치도 전주시 완산구 장승배기1길 20,127.1394803,35.80001768,['평화1동'],['5211169100']
전북특별자치도 전주시 완산구 구룡1길 19-2,127.104,35.81193612,['효자4동'],['5211171400']
전북특별자치도 전주시 완산구 봉곡2길 35,127.0944864,35.81195461,['효자4동'],['5211171400']
전북특별자치도 전주시 완산구 서신천변13길 11,127.1131054,35.83042563,['서신동'],['5211168000']
전북특별자치도 전주시 완산구 따박골6길 31-9,127.1285091,35.80906191,['중화산1동'],['5211167100']
전북특별자치도 전주시 덕진구 우아2길 23-1,127.159169,35.84975832,['우아1동'],['5211361100']
전북특별자치도 전주시 덕진구 숲정이2길 19-3,127.1301311,35.83001365,['진북동'],['5211352500']
전북특별자치도 전주시 완산구 중산8길 2,127.1204329,35.81769543,['중화산2동'],['5211167200']
전북특별자치도 전주시 완산구 양지3길 45-2,127.1210433,35.79020036,['평화2동'],['5211169200']
전북특별자치도 전주시 완산구 양지3길 45-4,127.1209339,35.79007267,['평화2동'],['5211169200']
전북특별자치도 전주시 완산구 양지3길 49,127.1212596,35.79018058,['평화2동'],['5211169200']
전북특별자치도 전주시 완산구 양지3길 47,127.1210925,35.79000564,['평화2동'],['5211169200']
전북특별자치도 전주시 완산구 맏내2길 13-8,127.1299421,35.79133901,['평화2동'],['5211169200']
전북특별자치도 전주시 완산구 황강서원4길 16-4,127.0997684,35.82758532,['효자5동'],['5211173000']
전북특별자치도 전주시 완산구 척동길 38,127.099802,35.82183615,['효자5동'],['5211173000']
전북특별자치도 전주시 완산구 척동1길 22,127.097617,35.82145221,['효자5동'],['5211173000']
전북특별자치도 전주시 완산구 범안2길 24-1,127.1063157,35.81338675,['효자4동'],['5211171400']
전북특별자치도 전주시 완산구 우전2길 67,127.1065859,35.81014179,['효자4동'],['5211171400']
전북특별자치도 전주시 덕진구 솔내2길 74-2,127.1247198,35.85772924,['송천1동'],['5211364100']
전북특별자치도 전주시 덕진구 숲정이3길 19-1,127.1316089,35.83050728,['진북동'],['5211352500']
전북특별자치도 전주시 완산구 고사평5길 24-5,127.1073359,35.83764306,['서신동'],['5211168000']
전북특별자치도 전주시 완산구 봉곡4길 14,127.095466,35.81218564,['효자4동'],['5211171400']
전북특별자치도 전주시 완산구 봉곡2길 13-1,127.0957893,35.81301779,['효자4동'],['5211171400']
전북특별자치도 전주시 완산구 덕적골2길 35-68,127.1419584,35.79527999,['평화1동'],['5211169100']
전북특별자치도 전주시 완산구 덕적골2길 35-82,127.1427145,35.79538085,['평화1동'],['5211169100']
전북특별자치도 전주시 완산구 덕적골2길 35-86,127.1423578,35.7952614,['평화1동'],['5211169100']
전북특별자치도 전주시 완산구 덕적골2길 35-84,127.1425103,35.79530683,['평화1동'],['5211169100']
전북특별자치도 전주시 완산구 소태정4길 11-6,127.101776,35.80508735,['효자4동'],['5211171400']
전북특별자치도 전주시 완산구 배학2길 18,127.0989068,35.81912383,['효자5동'],['5211173000']
전북특별자치도 전주시 덕진구 무삼지2길 14,127.1618775,35.82643251,['인후3동'],['5211356000']
전북특별자치도 전주시 완산구 봉곡3길 27-7,127.0998272,35.81257117,['효자4동'],['5211171400']
전북특별자치도 전주시 완산구 구룡1길 19-4,127.1039968,35.81206158,['효자4동'],['5211171400']
전북특별자치도 전주시 완산구 배학4길 14-5,127.0985878,35.81949829,['효자5동'],['5211173000']
전북특별자치도 전주시 덕진구 인교로 25-6,127.171859,35.82483316,['우아2동'],['5211361200']
전북특별자치도 전주시 완산구 소태정4길 11-3,127.101498,35.8050162,['효자4동'],['5211171400']
전북특별자치도 전주시 완산구 문학대3길 5,127.1013929,35.82666981,['효자5동'],['5211173000']
전북특별자치도 전주시 완산구 척동7길 10-2,127.0990682,35.8238189,['효자5동'],['5211173000']
전북특별자치도 전주시 완산구 척동7길 10-4,127.0990681,35.82396139,['효자5동'],['5211173000']
전북특별자치도 전주시 완산구 척동길 35,127.100094,35.82183988,['효자5동'],['5211173000']
전북특별자치도 전주시 덕진구 솔내9길 25,127.1241659,35.86216867,['송천1동'],['5211364100']
전북특별자치도 전주시 완산구 문학대3길 8,127.101251,35.82693878,['효자5동'],['5211173000']
전북특별자치도 전주시 완산구 봉곡4길 10,127.0959928,35.81218288,['효자4동'],['5211171400']
전북특별자치도 전주시 완산구 봉곡4길 8,127.0963144,35.81218154,['효자4동'],['5211171400']
전북특별자치도 전주시 덕진구 사평1길 31,127.1216524,35.84277254,['덕진동'],['5211357000']
전북특별자치도 전주시 완산구 후곡길 5-16,127.0949068,35.80937712,['효자4동'],['5211171400']
전북특별자치도 전주시 완산구 봉곡4길 18-7,127.0949334,35.81260857,['효자4동'],['5211171400']
전북특별자치도 전주시 덕진구 삼송5길 10-4,127.1374208,35.84275761,['금암1동'],['5211358000']
전북특별자치도 전주시 완산구 소태정4길 11,127.1015656,35.80485374,['효자4동'],['5211171400']
전북특별자치도 전주시 덕진구 건지로 10-17,127.1433992,35.84491707,['금암2동'],['5211359000']
전북특별자치도 전주시 완산구 구룡1길 19-8,127.1039962,35.81232439,['효자4동'],['5211171400']
전북특별자치도 전주시 완산구 문학대1길 8-2,127.101193,35.82578936,['효자5동'],['5211173000']
전북특별자치도 전주시 덕진구 석소3길 22-1,127.1698758,35.83500839,['우아2동'],['5211361200']
전북특별자치도 전주시 완산구 범안3길 11-10,127.1068101,35.81169644,['효자4동'],['5211171400']
전북특별자치도 전주시 완산구 봉곡로 47,127.0990446,35.81194283,['효자4동'],['5211171400']
전북특별자치도 전주시 완산구 메너머3길 40,127.1185694,35.82400718,['중화산2동'],['5211167200']
전북특별자치도 전주시 완산구 범안2길 23,127.1066139,35.81313593,['효자4동'],['5211171400']
전북특별자치도 전주시 완산구 구룡1길 20,127.1038695,35.81160943,['효자4동'],['5211171400']
전북특별자치도 전주시 완산구 문학대1길 10-3,127.10071,35.82542647,['효자5동'],['5211173000']
전북특별자치도 전주시 덕진구 가재미2길 5-3,127.1627475,35.82896955,['인후3동'],['5211356000']
전북특별자치도 전주시 덕진구 권삼득로 148,127.1402065,35.83287797,['진북동'],['5211352500']
전북특별자치도 전주시 완산구 소태정4길 9,127.1014173,35.80481989,['효자4동'],['5211171400']
전북특별자치도 전주시 덕진구 가리내1길 5,127.1112385,35.84736416,['덕진동'],['5211357000']
전북특별자치도 전주시 덕진구 도당산4길 69-5,127.1543701,35.84526605,['우아1동'],['5211361100']
전북특별자치도 전주시 덕진구 서가재미3길 14-3,127.1598375,35.83277226,['인후3동'],['5211356000']
전북특별자치도 전주시 덕진구 건지4길 10-11,127.1460653,35.84560746,['인후2동'],['5211355000']
전북특별자치도 전주시 완산구 범안3길 15-9,127.106599,35.81169735,['효자4동'],['5211171400']
전북특별자치도 전주시 덕진구 금암4길 8,127.1381026,35.84063058,['금암1동'],['5211358000']
전북특별자치도 전주시 덕진구 신복6길 27-1,127.1050241,35.85553351,['팔복동'],['5211360000']
전북특별자치도 전주시 완산구 인정로 18,127.1202871,35.82070443,['중화산2동'],['5211167200']
전북특별자치도 전주시 완산구 중산5길 8-13,127.1213057,35.8151037,['중화산2동'],['5211167200']
전북특별자치도 전주시 완산구 봉곡1길 32-5,127.1006411,35.8128744,['효자4동'],['5211171400']
전북특별자치도 전주시 완산구 황강서원5길 9,127.1024891,35.82910913,['효자5동'],['5211173000']
전북특별자치도 전주시 덕진구 붓내5길 16-2,127.1232013,35.86876729,['송천1동'],['5211364100']
전북특별자치도 전주시 완산구 서신천변2길 7-5,127.1148653,35.82703153,['서신동'],['5211168000']
전북특별자치도 전주시 완산구 구룡1길 27-11,127.1047548,35.81257365,['효자4동'],['5211171400']
전북특별자치도 전주시 완산구 농소2길 14,127.0984695,35.81393437,['효자5동'],['5211173000']
전북특별자치도 전주시 완산구 봉곡3길 41-3,127.1013607,35.81230987,['효자4동'],['5211171400']
전북특별자치도 전주시 완산구 봉곡3길 30,127.1002102,35.81195908,['효자4동'],['5211171400']
전북특별자치도 전주시 완산구 구룡1길 34,127.1053801,35.81130836,['효자4동'],['5211171400']
전북특별자치도 전주시 덕진구 붓내5길 16-1,127.1230356,35.86868518,['송천1동'],['5211364100']
전북특별자치도 전주시 덕진구 한배미4길 10-4,127.1661935,35.82470287,['인후3동'],['5211356000']
전북특별자치도 전주시 완산구 문학대2길 11-5,127.1030717,35.82596991,['효자5동'],['5211173000']
전북특별자치도 전주시 덕진구 삼송1길 16-1,127.1333392,35.84185077,['금암1동'],['5211358000']
전북특별자치도 전주시 완산구 성지산1길 18,127.1223221,35.80363871,['효자2동'],['5211171200']
전북특별자치도 전주시 완산구 봉곡3길 28-1,127.1000629,35.81196199,['효자4동'],['5211171400']
전북특별자치도 전주시 완산구 문학로 25,127.1017246,35.82744083,['효자5동'],['5211173000']
전북특별자치도 전주시 완산구 배학4길 46-5,127.1011198,35.82024234,['효자5동'],['5211173000']
전북특별자치도 전주시 완산구 배학2길 20,127.0990517,35.81916337,['효자5동'],['5211173000']
전북특별자치도 전주시 완산구 봉곡로 39,127.0981418,35.81199305,['효자4동'],['5211171400']
전북특별자치도 전주시 완산구 척동10길 9,127.1009069,35.82486139,['효자5동'],['5211173000']
전북특별자치도 전주시 완산구 봉곡2길 15,127.0952939,35.81315914,['효자4동'],['5211171400']
전북특별자치도 전주시 덕진구 숲정이로 12,127.1288565,35.83182646,['진북동'],['5211352500']
전북특별자치도 전주시 완산구 서곡2길 14-5,127.1019375,35.83363094,['효자5동'],['5211173000']
전북특별자치도 전주시 완산구 척동8길 12,127.1010851,35.82341887,['효자5동'],['5211173000']
전북특별자치도 전주시 완산구 후곡길 11-18,127.0952398,35.80972321,['효자4동'],['5211171400']
전북특별자치도 전주시 완산구 척동8길 14,127.1014229,35.82340768,['효자5동'],['5211173000']
전북특별자치도 전주시 완산구 배학2길 20-1,127.0991905,35.81920237,['효자5동'],['5211173000']
전북특별자치도 전주시 덕진구 인봉로 63-1,127.1578478,35.82922339,['인후3동'],['5211356000']
전북특별자치도 전주시 완산구 범안2길 10,127.1080336,35.81333294,['효자4동'],['5211171400']
전북특별자치도 전주시 완산구 후곡길 11-30,127.0947417,35.80985203,['효자4동'],['5211171400']
전북특별자치도 전주시 덕진구 석소3길 22-3,127.1700298,35.83507658,['우아2동'],['5211361200']
전북특별자치도 전주시 완산구 문학대5길 21-2,127.104472,35.82744848,['효자5동'],['5211173000']
전북특별자치도 전주시 완산구 봉곡2길 12,127.0957839,35.81336694,['효자4동'],['5211171400']
전북특별자치도 전주시 덕진구 신복5길 13-1,127.1056899,35.85432786,['팔복동'],['5211360000']
전북특별자치도 전주시 완산구 척동7길 10-6,127.0990808,35.82407972,['효자5동'],['5211173000']
전북특별자치도 전주시 완산구 농소4길 16,127.0987167,35.81501667,['효자5동'],['5211173000']
전북특별자치도 전주시 완산구 덕적골2길 35-70,127.1421133,35.79524881,['평화1동'],['5211169100']
전북특별자치도 전주시 완산구 봉곡1길 4-5,127.0975223,35.81273989,['효자4동'],['5211171400']
전북특별자치도 전주시 완산구 구룡1길 14-1,127.1034157,35.81167994,['효자4동'],['5211171400']
전북특별자치도 전주시 완산구 황강서원2길 6,127.0989519,35.82778093,['효자5동'],['5211173000']
전북특별자치도 전주시 덕진구 붓내5길 16,127.1229725,35.86882395,['송천1동'],['5211364100']
전북특별자치도 전주시 완산구 구룡1길 30,127.1050154,35.81138799,['효자4동'],['5211171400']
전북특별자치도 전주시 덕진구 동가재미2길 28-7,127.1639173,35.83324055,['인후3동'],['5211356000']
전북특별자치도 전주시 덕진구 신복5길 11-2,127.1055612,35.85433365,['팔복동'],['5211360000']
전북특별자치도 전주시 완산구 메너머4길 40-34,127.1184784,35.8247044,['중화산2동'],['5211167200']
전북특별자치도 전주시 완산구 문학로 29,127.1017045,35.82783911,['효자5동'],['5211173000']
전북특별자치도 전주시 완산구 척동2길 9,127.1008164,35.8214429,['효자5동'],['5211173000']
전북특별자치도 전주시 덕진구 덕진연못3길 8-22,127.1215351,35.84617805,['덕진동'],['5211357000']
전북특별자치도 전주시 덕진구 기린대로 606-24,127.115356,35.84958053,['덕진동'],['5211357000']
전북특별자치도 전주시 덕진구 송천로 53-7,127.1173338,35.85795758,['송천2동'],['5211364200']
전북특별자치도 전주시 완산구 농소2길 2,127.0971928,35.81392856,['효자5동'],['5211173000']
전북특별자치도 전주시 완산구 농소2길 10,127.0979755,35.81393387,['효자5동'],['5211173000']
전북특별자치도 전주시 완산구 문학대6길 18-3,127.1039213,35.82817933,['효자5동'],['5211173000']
전북특별자치도 전주시 완산구 척동6길 3,127.1002511,35.82322408,['효자5동'],['5211173000']
전북특별자치도 전주시 완산구 척동1길 18-4,127.0981158,35.82157852,['효자5동'],['5211173000']
전북특별자치도 전주시 완산구 척동4길 14,127.1013513,35.82211578,['효자5동'],['5211173000']
전북특별자치도 전주시 덕진구 호반8길 14-6,127.1167391,35.85142091,['덕진동'],['5211357000']
전북특별자치도 전주시 덕진구 아중3길 9-6,127.170329,35.82980452,['우아2동'],['5211361200']
전북특별자치도 전주시 완산구 구룡2길 12,127.1031648,35.81314363,['효자4동'],['5211171400']
전북특별자치도 전주시 완산구 봉곡로 81,127.1027089,35.81181989,['효자4동'],['5211171400']
전북특별자치도 전주시 완산구 문학대2길 11-2,127.103373,35.82580174,['효자5동'],['5211173000']
전북특별자치도 전주시 덕진구 붓내2길 29-5,127.1247845,35.86575304,['송천1동'],['5211364100']
전북특별자치도 전주시 완산구 문학대2길 11-4,127.1033614,35.82595181,['효자5동'],['5211173000']
전북특별자치도 전주시 완산구 척동9길 1,127.0998085,35.82461753,['효자5동'],['5211173000']
전북특별자치도 전주시 덕진구 솔내2길 33-2,127.1219456,35.85506996,['송천1동'],['5211364100']
전북특별자치도 전주시 덕진구 붓내5길 18,127.1231725,35.86895586,['송천1동'],['5211364100']
전북특별자치도 전주시 완산구 척동8길 9-3,127.1008309,35.82378724,['효자5동'],['5211173000']
전북특별자치도 전주시 완산구 후곡길 25,127.0951957,35.81096482,['효자4동'],['5211171400']
전북특별자치도 전주시 완산구 문학대4길 22-4,127.1041198,35.82639818,['효자5동'],['5211173000']
전북특별자치도 전주시 완산구 메너머3길 22,127.1204731,35.82395635,['중화산2동'],['5211167200']
전북특별자치도 전주시 완산구 평화3길 13-7,127.1317401,35.78263408,['평화2동'],['5211169200']
전북특별자치도 전주시 완산구 범안2길 12,127.107809,35.81333639,['효자4동'],['5211171400']
전북특별자치도 전주시 완산구 황강서원2길 8,127.0991156,35.82777449,['효자5동'],['5211173000']
전북특별자치도 전주시 완산구 척동7길 7,127.0992194,35.82341582,['효자5동'],['5211173000']
전북특별자치도 전주시 완산구 봉곡4길 22,127.0945905,35.81218237,['효자4동'],['5211171400']
전북특별자치도 전주시 완산구 용호로 109,127.0968144,35.81288944,['효자4동'],['5211171400']
전북특별자치도 전주시 완산구 봉곡1길 4-2,127.0972165,35.8129997,['효자4동'],['5211171400']
전북특별자치도 전주시 완산구 후곡길 11-32,127.0948207,35.8095989,['효자4동'],['5211171400']
전북특별자치도 전주시 완산구 문학대3길 7-7,127.1011907,35.82625955,['효자5동'],['5211173000']
전북특별자치도 전주시 덕진구 견훤로 259-1,127.1571291,35.834722,['인후3동'],['5211356000']
전북특별자치도 전주시 완산구 고사평1길 10,127.1086475,35.83491927,['서신동'],['5211168000']
전북특별자치도 전주시 완산구 경기전길 29-17,127.1507943,35.81805764,['풍남동'],['5211153000']
전북특별자치도 전주시 완산구 소태정4길 13,127.1018399,35.80493021,['효자4동'],['5211171400']
전북특별자치도 전주시 완산구 소태정4길 21,127.1026416,35.80512915,['효자4동'],['5211171400']
전북특별자치도 전주시 완산구 서곡3길 13-27,127.1003232,35.83578532,['효자5동'],['5211173000']
전북특별자치도 전주시 덕진구 가리내2길 6,127.1111313,35.84720997,['덕진동'],['5211357000']
전북특별자치도 전주시 완산구 황강서원로 31-1,127.100702,35.82885793,['효자5동'],['5211173000']
전북특별자치도 전주시 완산구 배학4길 9-3,127.0977798,35.82023483,['효자5동'],['5211173000']
전북특별자치도 전주시 완산구 고사평4길 12-2,127.1105491,35.83535699,['서신동'],['5211168000']
전북특별자치도 전주시 완산구 후곡길 11-24,127.0950375,35.80982729,['효자4동'],['5211171400']
전북특별자치도 전주시 덕진구 아중천2길 45-5,127.1710726,35.83583954,['우아2동'],['5211361200']
전북특별자치도 전주시 덕진구 안골2길 8-4,127.156539,35.8387486,['인후1동'],['5211354000']
전북특별자치도 전주시 완산구 문학대2길 31-2,127.1055866,35.82583136,['효자5동'],['5211173000']
전북특별자치도 전주시 덕진구 견훤로 174,127.1608619,35.82748681,['인후3동'],['5211356000']
전북특별자치도 전주시 완산구 황강서원4길 15-8,127.1010598,35.82730926,['효자5동'],['5211173000']
전북특별자치도 전주시 완산구 척동1길 12,127.0987839,35.8214417,['효자5동'],['5211173000']
전북특별자치도 전주시 덕진구 가리내5길 13,127.1101494,35.84586421,['덕진동'],['5211357000']
전북특별자치도 전주시 완산구 고사평3길 13-8,127.1082473,35.83577988,['서신동'],['5211168000']
전북특별자치도 전주시 완산구 안터1길 9,127.117382,35.82722323,['서신동'],['5211168000']
전북특별자치도 전주시 완산구 우전1길 55-6,127.1053994,35.80882266,['효자4동'],['5211171400']
전북특별자치도 전주시 완산구 서곡7길 18-4,127.1014656,35.83193481,['효자5동'],['5211173000']
전북특별자치도 전주시 완산구 문학대6길 32-1,127.1056069,35.82824546,['효자5동'],['5211173000']
전북특별자치도 전주시 완산구 척동4길 6,127.1003065,35.82209953,['효자5동'],['5211173000']
전북특별자치도 전주시 완산구 고사평7길 26,127.1080591,35.83841515,['서신동'],['5211168000']
전북특별자치도 전주시 완산구 황강서원로 25,127.0998261,35.82886884,['효자5동'],['5211173000']
전북특별자치도 전주시 덕진구 가리내6길 12,127.1104227,35.84493206,['덕진동'],['5211357000']
전북특별자치도 전주시 덕진구 아중6길 10,127.1732023,35.83242884,['우아2동'],['5211361200']
전북특별자치도 전주시 완산구 고사평8길 4-4,127.1103354,35.83678811,['서신동'],['5211168000']
전북특별자치도 전주시 완산구 구룡1길 19-10,127.1040003,35.8124575,['효자4동'],['5211171400']
전북특별자치도 전주시 완산구 문학대4길 22-6,127.1041276,35.82625992,['효자5동'],['5211173000']
전북특별자치도 전주시 완산구 문학로 27,127.1016981,35.82756,['효자5동'],['5211173000']
전북특별자치도 전주시 완산구 문학대4길 18-8,127.1036237,35.82622845,['효자5동'],['5211173000']
전북특별자치도 전주시 완산구 척동9길 10,127.0988561,35.824853,['효자5동'],['5211173000']
전북특별자치도 전주시 완산구 봉곡1길 4,127.0972151,35.81312921,['효자4동'],['5211171400']
전북특별자치도 전주시 완산구 후곡길 5-7,127.0953874,35.80890691,['효자4동'],['5211171400']
전북특별자치도 전주시 완산구 배학4길 3-3,127.0972312,35.82008333,['효자5동'],['5211173000']
전북특별자치도 전주시 완산구 봉곡1길 35,127.1007431,35.81334955,['효자4동'],['5211171400']
전북특별자치도 전주시 완산구 구룡1길 23-8,127.1045602,35.81225702,['효자4동'],['5211171400']
전북특별자치도 전주시 완산구 평화2길 13-1,127.1344935,35.78198023,['평화2동'],['5211169200']
전북특별자치도 전주시 완산구 봉곡1길 32-7,127.1006408,35.81274957,['효자4동'],['5211171400']
전북특별자치도 전주시 완산구 황강서원2길 26,127.1010612,35.82779847,['효자5동'],['5211173000']
전북특별자치도 전주시 완산구 문학대3길 7-3,127.10119,35.82655552,['효자5동'],['5211173000']
전북특별자치도 전주시 완산구 신촌4길 14-10,127.1167288,35.8186245,['중화산2동'],['5211167200']
전북특별자치도 전주시 덕진구 붓내5길 13,127.122655,35.86889015,['송천1동'],['5211364100']
전북특별자치도 전주시 완산구 거마산2길 16,127.1233817,35.79667032,['삼천2동'],['5211170200']
전북특별자치도 전주시 완산구 구룡1길 9-4,127.1029436,35.8121938,['효자4동'],['5211171400']
전북특별자치도 전주시 완산구 배학1길 1,127.0968545,35.81865459,['효자5동'],['5211173000']
전북특별자치도 전주시 완산구 중산3길 5,127.1197902,35.8155928,['중화산2동'],['5211167200']
전북특별자치도 전주시 완산구 구룡1길 33-11,127.1052618,35.81242332,['효자4동'],['5211171400']
전북특별자치도 전주시 완산구 구룡1길 33-3,127.1052622,35.81184859,['효자4동'],['5211171400']
전북특별자치도 전주시 완산구 문학대1길 10-17,127.0992339,35.82539903,['효자5동'],['5211173000']
전북특별자치도 전주시 완산구 문학로 23,127.1017056,35.827287,['효자5동'],['5211173000']
전북특별자치도 전주시 완산구 척동3길 3,127.0995624,35.82211998,['효자5동'],['5211173000']
전북특별자치도 전주시 완산구 척동2길 5-4,127.1006079,35.82158421,['효자5동'],['5211173000']
전북특별자치도 전주시 완산구 봉곡3길 13-5,127.0982347,35.81244144,['효자4동'],['5211171400']
전북특별자치도 전주시 완산구 중산3길 3-4,127.1197927,35.81540191,['중화산2동'],['5211167200']
전북특별자치도 전주시 완산구 구룡2길 34-2,127.1052965,35.81311087,['효자4동'],['5211171400']
전북특별자치도 전주시 덕진구 기린대로 364-135,127.1351746,35.83625434,['금암1동'],['5211358000']
전북특별자치도 전주시 완산구 서곡4길 12,127.1027213,35.83507508,['효자5동'],['5211173000']
전북특별자치도 전주시 완산구 황강서원1길 4-11,127.0989357,35.82905371,['효자5동'],['5211173000']
전북특별자치도 전주시 완산구 척동10길 14-2,127.1013479,35.8244906,['효자5동'],['5211173000']
전북특별자치도 전주시 완산구 척동3길 12,127.0986664,35.82235694,['효자5동'],['5211173000']
전북특별자치도 전주시 덕진구 호반8길 22-3,127.1171738,35.85226379,['덕진동'],['5211357000']
전북특별자치도 전주시 덕진구 진버들6길 30-20,127.1665068,35.83794138,['우아2동'],['5211361200']
전북특별자치도 전주시 완산구 용리로 57-26,127.1151492,35.79909477,['효자3동'],['5211171300']
전북특별자치도 전주시 완산구 문학로 27-1,127.1016982,35.82770988,['효자5동'],['5211173000']
전북특별자치도 전주시 완산구 척동1길 14-4,127.0985822,35.82158282,['효자5동'],['5211173000']
전북특별자치도 전주시 완산구 배학4길 46-2,127.1008242,35.82048756,['효자5동'],['5211173000']
전북특별자치도 전주시 완산구 고사평1길 12-5,127.1082407,35.8353891,['서신동'],['5211168000']
전북특별자치도 전주시 완산구 전라감영로 47-5,127.1444634,35.81596701,['중앙동'],['5211151000']
전북특별자치도 전주시 완산구 배학1길 16-3,127.0950276,35.81888082,['효자5동'],['5211173000']
전북특별자치도 전주시 완산구 구룡1길 23-10,127.1045408,35.81242107,['효자4동'],['5211171400']
전북특별자치도 전주시 덕진구 모래내3길 8-1,127.1424,35.83403819,['인후2동'],['5211355000']
전북특별자치도 전주시 완산구 배학2길 10,127.0980604,35.81886135,['효자5동'],['5211173000']
전북특별자치도 전주시 덕진구 기린대로 364-137,127.1353884,35.83618615,['금암1동'],['5211358000']
전북특별자치도 전주시 덕진구 솔내9길 23,127.1244148,35.8621759,['송천1동'],['5211364100']
전북특별자치도 전주시 덕진구 붓내2길 26,127.1243304,35.86516932,['송천1동'],['5211364100']
전북특별자치도 전주시 덕진구 한배미3길 9,127.1657845,35.82500725,['인후3동'],['5211356000']
전북특별자치도 전주시 완산구 고사평1길 12-9,127.108245,35.83565479,['서신동'],['5211168000']
전북특별자치도 전주시 완산구 중산6길 11-2,127.1216471,35.81706954,['중화산2동'],['5211167200']
전북특별자치도 전주시 완산구 서곡3길 2-27,127.101627,35.83624504,['효자5동'],['5211173000']
전북특별자치도 전주시 완산구 문학대6길 22-4,127.1041205,35.82805749,['효자5동'],['5211173000']
전북특별자치도 전주시 완산구 척동10길 6-4,127.100306,35.82451527,['효자5동'],['5211173000']
전북특별자치도 전주시 완산구 구룡1길 23-5,127.1042539,35.81209146,['효자4동'],['5211171400']
전북특별자치도 전주시 완산구 척동8길 9-1,127.1008259,35.82366134,['효자5동'],['5211173000']
전북특별자치도 전주시 완산구 마전들로 19,127.097642,35.82120245,['효자5동'],['5211173000']
전북특별자치도 전주시 완산구 서신천변13길 8-3,127.1132645,35.83087521,['서신동'],['5211168000']
전북특별자치도 전주시 완산구 중산6길 15-5,127.1217934,35.817293,['중화산2동'],['5211167200']
전북특별자치도 전주시 완산구 중산6길 15-3,127.1217994,35.8170748,['중화산2동'],['5211167200']
전북특별자치도 전주시 완산구 구룡1길 9-6,127.1029442,35.81232457,['효자4동'],['5211171400']
전북특별자치도 전주시 완산구 문학대5길 22,127.1041441,35.82711187,['효자5동'],['5211173000']
전북특별자치도 전주시 완산구 봉곡2길 30,127.0943884,35.81250797,['효자4동'],['5211171400']
전북특별자치도 전주시 완산구 봉곡1길 1,127.097179,35.81336979,['효자4동'],['5211171400']
전북특별자치도 전주시 덕진구 매봉15길 14,127.1430546,35.83963566,['금암2동'],['5211359000']
전북특별자치도 전주시 완산구 문학대2길 17-8,127.1039207,35.8261323,['효자5동'],['5211173000']
전북특별자치도 전주시 완산구 척동10길 6-5,127.1006131,35.82435621,['효자5동'],['5211173000']
전북특별자치도 전주시 덕진구 진버들6길 8-11,127.1678666,35.83679444,['우아2동'],['5211361200']
전북특별자치도 전주시 덕진구 아중1길 15,127.1713427,35.82891038,['우아2동'],['5211361200']
전북특별자치도 전주시 완산구 견훤왕궁로 13-1,127.1525116,35.82183752,['노송동'],['5211160500']
전북특별자치도 전주시 완산구 세내로 522,127.1018547,35.83296129,['효자5동'],['5211173000']
전북특별자치도 전주시 완산구 세내로 520,127.1020227,35.83289806,['효자5동'],['5211173000']
전북특별자치도 전주시 완산구 봉곡2길 17-1,127.0952779,35.81303901,['효자4동'],['5211171400']
전북특별자치도 전주시 덕진구 삼송3길 30-7,127.1369982,35.8439501,['금암1동'],['5211358000']
전북특별자치도 전주시 덕진구 붓내5길 15,127.122765,35.86899233,['송천1동'],['5211364100']
전북특별자치도 전주시 덕진구 신복7길 2-7,127.10449,35.85603021,['팔복동'],['5211360000']
전북특별자치도 전주시 완산구 평화11길 13-3,127.1369348,35.78976891,['평화2동'],['5211169200']
전북특별자치도 전주시 완산구 구룡1길 23-12,127.1045449,35.81257581,['효자4동'],['5211171400']
전북특별자치도 전주시 완산구 척동3길 10-4,127.0990738,35.82245592,['효자5동'],['5211173000']
전북특별자치도 전주시 완산구 배학4길 10-3,127.0980999,35.81964929,['효자5동'],['5211173000']
전북특별자치도 전주시 완산구 배학2길 16,127.0987647,35.81908411,['효자5동'],['5211173000']
전북특별자치도 전주시 완산구 황강서원4길 15-6,127.1008952,35.82730814,['효자5동'],['5211173000']
전북특별자치도 전주시 완산구 문학대3길 3-8,127.1013675,35.82624038,['효자5동'],['5211173000']
전북특별자치도 전주시 완산구 척동3길 6-3,127.0992709,35.82245675,['효자5동'],['5211173000']
전북특별자치도 전주시 완산구 배학3길 3-5,127.0968306,35.81947701,['효자5동'],['5211173000']
전북특별자치도 전주시 완산구 배학4길 10-1,127.0980945,35.81977313,['효자5동'],['5211173000']
전북특별자치도 전주시 완산구 봉곡2길 13-4,127.0954966,35.81291086,['효자4동'],['5211171400']
전북특별자치도 전주시 완산구 봉곡1길 9,127.0979948,35.81336137,['효자4동'],['5211171400']
전북특별자치도 전주시 덕진구 진버들6길 8-10,127.1678875,35.8365417,['우아2동'],['5211361200']
전북특별자치도 전주시 덕진구 붓내2길 26-1,127.1245206,35.86514605,['송천1동'],['5211364100']
전북특별자치도 전주시 덕진구 심방죽5길 1,127.1517601,35.84043594,['인후1동'],['5211354000']
전북특별자치도 전주시 덕진구 붓내2길 28,127.1246769,35.86511353,['송천1동'],['5211364100']
전북특별자치도 전주시 완산구 평화11길 13-5,127.1369784,35.78989675,['평화2동'],['5211169200']
전북특별자치도 전주시 완산구 평화3길 11-4,127.1319527,35.78287439,['평화2동'],['5211169200']
전북특별자치도 전주시 덕진구 붓내4길 21,127.1234502,35.86831362,['송천1동'],['5211364100']
전북특별자치도 전주시 완산구 고사평6길 7,127.1104738,35.8362393,['서신동'],['5211168000']
전북특별자치도 전주시 완산구 평화3길 13-8,127.1315132,35.78266569,['평화2동'],['5211169200']
전북특별자치도 전주시 완산구 문학대1길 10-7,127.1003165,35.82541751,['효자5동'],['5211173000']
전북특별자치도 전주시 완산구 문학대4길 18-2,127.1036274,35.8266826,['효자5동'],['5211173000']
전북특별자치도 전주시 덕진구 금암5길 15,127.1362428,35.83876584,['금암1동'],['5211358000']
전북특별자치도 전주시 완산구 서곡4길 42-1,127.1026911,35.83294814,['효자5동'],['5211173000']
전북특별자치도 전주시 완산구 척동7길 5,127.0993844,35.82342578,['효자5동'],['5211173000']
전북특별자치도 전주시 완산구 농소1길 19,127.0951325,35.81442049,['효자5동'],['5211173000']
전북특별자치도 전주시 완산구 봉곡4길 8-5,127.0960114,35.81247568,['효자4동'],['5211171400']
전북특별자치도 전주시 덕진구 우아5길 3,127.1558658,35.8499274,['우아1동'],['5211361100']
전북특별자치도 전주시 완산구 봉곡1길 36-4,127.1008498,35.81287323,['효자4동'],['5211171400']
전북특별자치도 전주시 완산구 고사평9길 20-1,127.109264,35.83886081,['서신동'],['5211168000']
전북특별자치도 전주시 완산구 고사평9길 23-5,127.1085827,35.83858997,['서신동'],['5211168000']
전북특별자치도 전주시 완산구 척동10길 6-7,127.1006138,35.82422796,['효자5동'],['5211173000']
전북특별자치도 전주시 완산구 농소1길 1,127.0968492,35.81392992,['효자5동'],['5211173000']
전북특별자치도 전주시 완산구 새터로 51-5,127.1119774,35.83603215,['서신동'],['5211168000']
전북특별자치도 전주시 완산구 척동5길 6-1,127.0992099,35.82323107,['효자5동'],['5211173000']
전북특별자치도 전주시 완산구 용호로 99,127.0968402,35.81207819,['효자4동'],['5211171400']
전북특별자치도 전주시 덕진구 금암5길 20,127.1361773,35.8391704,['금암1동'],['5211358000']
전북특별자치도 전주시 덕진구 벚꽃로 16,127.1314787,35.82844976,['진북동'],['5211352500']
전북특별자치도 전주시 완산구 마당재4길 23-29,127.1596799,35.8226471,['노송동'],['5211160500']
전북특별자치도 전주시 완산구 구룡1길 3-4,127.1024145,35.8123198,['효자4동'],['5211171400']
전북특별자치도 전주시 완산구 구룡1길 27-4,127.1050538,35.81193547,['효자4동'],['5211171400']
전북특별자치도 전주시 완산구 구룡1길 27-6,127.1050543,35.81207346,['효자4동'],['5211171400']
전북특별자치도 전주시 완산구 서곡6길 10-4,127.1031282,35.83609613,['효자5동'],['5211173000']
전북특별자치도 전주시 완산구 문학대2길 13,127.103364,35.82568387,['효자5동'],['5211173000']
전북특별자치도 전주시 완산구 척동5길 5-6,127.0992682,35.82273092,['효자5동'],['5211173000']
전북특별자치도 전주시 완산구 구룡1길 9-8,127.1029385,35.81245156,['효자4동'],['5211171400']
전북특별자치도 전주시 완산구 황강서원4길 15-3,127.1007434,35.82756296,['효자5동'],['5211173000']
전북특별자치도 전주시 완산구 문학대5길 11-8,127.1033628,35.8277555,['효자5동'],['5211173000']
전북특별자치도 전주시 완산구 봉곡1길 27-1,127.100082,35.81335875,['효자4동'],['5211171400']
전북특별자치도 전주시 완산구 봉곡3길 27-1,127.0998236,35.81219156,['효자4동'],['5211171400']
전북특별자치도 전주시 완산구 우전2길 71-17,127.1063079,35.81044242,['효자4동'],['5211171400']
전북특별자치도 전주시 완산구 봉곡3길 4,127.0973452,35.81195422,['효자4동'],['5211171400']
전북특별자치도 전주시 덕진구 가재미로 29,127.1626524,35.82769025,['인후3동'],['5211356000']
전북특별자치도 전주시 완산구 봉곡3길 8,127.0976359,35.81196732,['효자4동'],['5211171400']
전북특별자치도 전주시 완산구 평화3길 11-3,127.1321829,35.78282214,['평화2동'],['5211169200']
전북특별자치도 전주시 완산구 범안2길 19-4,127.1068121,35.81300102,['효자4동'],['5211171400']
전북특별자치도 전주시 완산구 농소4길 16-3,127.0987138,35.81484381,['효자5동'],['5211173000']
전북특별자치도 전주시 덕진구 떡전로 6-7,127.1288582,35.83615367,['금암1동'],['5211358000']
전북특별자치도 전주시 완산구 우전1길 65-7,127.1056428,35.80931544,['효자4동'],['5211171400']
전북특별자치도 전주시 완산구 서곡6길 23-12,127.1039313,35.83481791,['효자5동'],['5211173000']
전북특별자치도 전주시 완산구 봉곡로 25,127.0965463,35.81194756,['효자4동'],['5211171400']
전북특별자치도 전주시 완산구 황강서원로 35,127.1011316,35.82886288,['효자5동'],['5211173000']
전북특별자치도 전주시 완산구 농소1길 7,127.0963024,35.81394207,['효자5동'],['5211173000']
전북특별자치도 전주시 완산구 봉곡3길 7-5,127.0977334,35.81246032,['효자4동'],['5211171400']
전북특별자치도 전주시 완산구 봉곡3길 6,127.0974806,35.81195717,['효자4동'],['5211171400']
전북특별자치도 전주시 덕진구 호반2길 4,127.1187565,35.84931846,['덕진동'],['5211357000']
전북특별자치도 전주시 덕진구 호반6길 24,127.118272,35.85161967,['덕진동'],['5211357000']
전북특별자치도 전주시 덕진구 팽나무1길 22,127.1502701,35.83396119,['인후2동'],['5211355000']
전북특별자치도 전주시 완산구 중산6길 11-4,127.1216349,35.81728478,['중화산2동'],['5211167200']
전북특별자치도 전주시 완산구 척동1길 14-6,127.0985783,35.82169567,['효자5동'],['5211173000']
전북특별자치도 전주시 완산구 황강서원1길 4-9,127.0987964,35.82898911,['효자5동'],['5211173000']
전북특별자치도 전주시 완산구 황강서원5길 43,127.0987792,35.8292349,['효자5동'],['5211173000']
전북특별자치도 전주시 완산구 문학대6길 31-4,127.1056138,35.82843535,['효자5동'],['5211173000']
전북특별자치도 전주시 덕진구 권삼득로 431,127.1173585,35.8495657,['덕진동'],['5211357000']
전북특별자치도 전주시 덕진구 송천로 53-9,127.117197,35.85796673,['송천2동'],['5211364200']
전북특별자치도 전주시 덕진구 석소1길 10,127.1685109,35.83310081,['우아2동'],['5211361200']
전북특별자치도 전주시 완산구 황강서원5길 45,127.0986378,35.82913533,['효자5동'],['5211173000']
전북특별자치도 전주시 완산구 황강서원5길 41,127.0988999,35.82934719,['효자5동'],['5211173000']
전북특별자치도 전주시 덕진구 아중중앙로 39,127.1711082,35.8317549,['우아2동'],['5211361200']
전북특별자치도 전주시 덕진구 아중3길 20-4,127.1712895,35.82945572,['우아2동'],['5211361200']
전북특별자치도 전주시 덕진구 가재미로 27,127.1627161,35.82753488,['인후3동'],['5211356000']
전북특별자치도 전주시 완산구 구룡1길 9-1,127.1026397,35.81205689,['효자4동'],['5211171400']
전북특별자치도 전주시 덕진구 금암3길 7,127.1381449,35.84112019,['금암1동'],['5211358000']
전북특별자치도 전주시 덕진구 석소3길 8,127.1704552,35.83385513,['우아2동'],['5211361200']
전북특별자치도 전주시 덕진구 석소로 90-17,127.1688003,35.83571036,['우아2동'],['5211361200']
전북특별자치도 전주시 완산구 메너머4길 40-32,127.1186325,35.82470154,['중화산2동'],['5211167200']
전북특별자치도 전주시 완산구 하거마4길 11,127.118735,35.79506651,['삼천2동'],['5211170200']
전북특별자치도 전주시 완산구 척동7길 6-4,127.0995575,35.82395288,['효자5동'],['5211173000']
전북특별자치도 전주시 완산구 척동2길 9-4,127.1011289,35.82169111,['효자5동'],['5211173000']
전북특별자치도 전주시 완산구 봉곡1길 8-5,127.0980275,35.81288503,['효자4동'],['5211171400']
전북특별자치도 전주시 덕진구 진버들6길 8-8,127.1676786,35.83648196,['우아2동'],['5211361200']
전북특별자치도 전주시 덕진구 아중1길 20,127.1718974,35.82874357,['우아2동'],['5211361200']
전북특별자치도 전주시 완산구 후곡길 31-7,127.0949476,35.81122621,['효자4동'],['5211171400']
전북특별자치도 전주시 완산구 봉곡2길 25,127.09477,35.81279193,['효자4동'],['5211171400']
전북특별자치도 전주시 완산구 평화13길 8,127.1364862,35.79053973,['평화2동'],['5211169200']
전북특별자치도 전주시 완산구 평화13길 10,127.1366765,35.79048922,['평화2동'],['5211169200']
전북특별자치도 전주시 완산구 평화11길 14-2,127.1367928,35.7893078,['평화2동'],['5211169200']
전북특별자치도 전주시 완산구 후곡길 5-18,127.0949665,35.80921791,['효자4동'],['5211171400']
전북특별자치도 전주시 덕진구 송천중앙로 100-27,127.122052,35.85523154,['송천1동'],['5211364100']
전북특별자치도 전주시 덕진구 중상보로 32,127.171112,35.8331532,['우아2동'],['5211361200']
전북특별자치도 전주시 완산구 척동2길 5-2,127.1006169,35.82144478,['효자5동'],['5211173000']
전북특별자치도 전주시 완산구 문학대2길 21-3,127.1041141,35.82583814,['효자5동'],['5211173000']
전북특별자치도 전주시 완산구 척동1길 26,127.0971632,35.82143392,['효자5동'],['5211173000']
전북특별자치도 전주시 완산구 봉곡4길 8-4,127.0963145,35.8123197,['효자4동'],['5211171400']
전북특별자치도 전주시 완산구 봉곡3길 7-8,127.0980263,35.81258978,['효자4동'],['5211171400']
전북특별자치도 전주시 완산구 서신천변1길 36-3,127.1133797,35.82762841,['서신동'],['5211168000']
전북특별자치도 전주시 완산구 후곡길 23-8,127.0950557,35.81093384,['효자4동'],['5211171400']
전북특별자치도 전주시 완산구 척동5길 9-5,127.0990717,35.82273622,['효자5동'],['5211173000']
전북특별자치도 전주시 완산구 서학로 40,127.1536562,35.80944905,['동서학동'],['5211165000']
전북특별자치도 전주시 완산구 중산2길 2,127.1205852,35.81435196,['중화산2동'],['5211167200']
전북특별자치도 전주시 완산구 중산로 2,127.1205772,35.81422011,['중화산2동'],['5211167200']
전북특별자치도 전주시 완산구 서곡5길 9-4,127.1014464,35.83708471,['효자5동'],['5211173000']
전북특별자치도 전주시 완산구 척동4길 5-4,127.1006067,35.82244257,['효자5동'],['5211173000']
전북특별자치도 전주시 덕진구 인봉로 71,127.1576941,35.82968675,['인후3동'],['5211356000']
전북특별자치도 전주시 완산구 평화15길 5-3,127.136659,35.79198399,['평화1동'],['5211169100']
전북특별자치도 전주시 완산구 황강서원2길 28,127.1013948,35.82777061,['효자5동'],['5211173000']
전북특별자치도 전주시 완산구 척동10길 2,127.1001051,35.82462251,['효자5동'],['5211173000']
전북특별자치도 전주시 완산구 척동1길 32,127.0966329,35.82144318,['효자5동'],['5211173000']
전북특별자치도 전주시 완산구 황강서원3길 4-6,127.1008454,35.82885402,['효자5동'],['5211173000']
전북특별자치도 전주시 완산구 척동길 14,127.0998045,35.82392626,['효자5동'],['5211173000']
전북특별자치도 전주시 완산구 용호로 107,127.0968509,35.8127745,['효자4동'],['5211171400']
전북특별자치도 전주시 덕진구 우아5길 9,127.1552541,35.84970414,['우아1동'],['5211361100']
전북특별자치도 전주시 완산구 서곡6길 14,127.1035134,35.83607994,['효자5동'],['5211173000']
전북특별자치도 전주시 덕진구 떡전4길 28-4,127.1297453,35.83681821,['금암1동'],['5211358000']
전북특별자치도 전주시 덕진구 떡전4길 28-2,127.1298654,35.8368836,['금암1동'],['5211358000']
전북특별자치도 전주시 덕진구 아중7길 3,127.1726381,35.83330829,['우아2동'],['5211361200']
전북특별자치도 전주시 덕진구 호성2길 5,127.1532512,35.85981175,['호성동'],['5211362000']
전북특별자치도 전주시 완산구 척동길 16,127.0998024,35.82372673,['효자5동'],['5211173000']
전북특별자치도 전주시 덕진구 무삼지4길 24-4,127.1642342,35.82615209,['인후3동'],['5211356000']
전북특별자치도 전주시 덕진구 가재미3길 10-5,127.160899,35.82942258,['인후3동'],['5211356000']
전북특별자치도 전주시 완산구 서신천변13길 8-7,127.1132639,35.83111549,['서신동'],['5211168000']
전북특별자치도 전주시 완산구 서곡2길 5-7,127.1018131,35.83492273,['효자5동'],['5211173000']
전북특별자치도 전주시 완산구 황강서원로 24,127.0996345,35.82854563,['효자5동'],['5211173000']
전북특별자치도 전주시 완산구 문학대4길 28-4,127.1047024,35.8266183,['효자5동'],['5211173000']
전북특별자치도 전주시 완산구 봉곡로 9,127.0948342,35.81193964,['효자4동'],['5211171400']
전북특별자치도 전주시 덕진구 가리내3길 4,127.1112178,35.84662389,['덕진동'],['5211357000']
전북특별자치도 전주시 완산구 농소2길 17-5,127.098875,35.81444153,['효자5동'],['5211173000']
전북특별자치도 전주시 완산구 맏내3길 10-15,127.130796,35.79349247,['평화2동'],['5211169200']
전북특별자치도 전주시 완산구 소태정4길 19-7,127.1022208,35.80519729,['효자4동'],['5211171400']
전북특별자치도 전주시 완산구 서곡3길 14-20,127.1011399,35.83668057,['효자5동'],['5211173000']
전북특별자치도 전주시 완산구 황강서원4길 16,127.1001154,35.82733313,['효자5동'],['5211173000']
전북특별자치도 전주시 완산구 척동길 8,127.0998051,35.82450956,['효자5동'],['5211173000']
전북특별자치도 전주시 덕진구 가리내3길 5,127.1110227,35.84640038,['덕진동'],['5211357000']
전북특별자치도 전주시 덕진구 인교9길 27-15,127.1755157,35.82700423,['우아2동'],['5211361200']
전북특별자치도 전주시 덕진구 가재미4길 9,127.1629411,35.82969886,['인후3동'],['5211356000']
전북특별자치도 전주시 완산구 봉곡1길 36-2,127.1008466,35.81300148,['효자4동'],['5211171400']
전북특별자치도 전주시 완산구 용호로 189,127.0968284,35.82008482,['효자5동'],['5211173000']
전북특별자치도 전주시 완산구 봉곡4길 14-3,127.0954822,35.81231424,['효자4동'],['5211171400']
전북특별자치도 전주시 덕진구 무삼지5길 11-4,127.1642714,35.82699742,['인후3동'],['5211356000']
전북특별자치도 전주시 완산구 안행2길 13-1,127.1293645,35.80127625,['삼천1동'],['5211170100']
전북특별자치도 전주시 완산구 고사평6길 1,127.1100216,35.83643042,['서신동'],['5211168000']
전북특별자치도 전주시 완산구 범안3길 3-1,127.1076416,35.81223592,['효자4동'],['5211171400']
전북특별자치도 전주시 완산구 봉곡1길 36-3,127.1011576,35.81295652,['효자4동'],['5211171400']
전북특별자치도 전주시 완산구 척동5길 14,127.0985039,35.82321832,['효자5동'],['5211173000']
전북특별자치도 전주시 완산구 봉곡3길 7-6,127.0980257,35.81244323,['효자4동'],['5211171400']
전북특별자치도 전주시 덕진구 들사평4길 10,127.1230567,35.84169627,['덕진동'],['5211357000']
전북특별자치도 전주시 덕진구 서가재미1길 18-4,127.1607805,35.83068693,['인후3동'],['5211356000']
전북특별자치도 전주시 완산구 용호로 99-1,127.0968285,35.81224827,['효자4동'],['5211171400']
전북특별자치도 전주시 덕진구 인교6길 4-2,127.1724943,35.82603678,['우아2동'],['5211361200']
전북특별자치도 전주시 완산구 영경1길 14-8,127.1243159,35.81736558,['중화산2동'],['5211167200']
전북특별자치도 전주시 완산구 평화3길 3-4,127.1327082,35.78274261,['평화2동'],['5211169200']
전북특별자치도 전주시 완산구 구룡2길 17,127.1037062,35.8133665,['효자4동'],['5211171400']
전북특별자치도 전주시 완산구 서곡2길 5-4,127.1017876,35.83457243,['효자5동'],['5211173000']
전북특별자치도 전주시 덕진구 중상보로 30-1,127.1709604,35.83310556,['우아2동'],['5211361200']
전북특별자치도 전주시 완산구 문학로 33,127.1016898,35.82817881,['효자5동'],['5211173000']
전북특별자치도 전주시 완산구 척동8길 5-2,127.1006166,35.82366756,['효자5동'],['5211173000']
전북특별자치도 전주시 완산구 봉곡3길 3-3,127.0972156,35.81243722,['효자4동'],['5211171400']
전북특별자치도 전주시 덕진구 건지로 10-12,127.1438511,35.84450636,['금암2동'],['5211359000']
전북특별자치도 전주시 덕진구 명주2길 26-7,127.1467107,35.84213242,['인후2동'],['5211355000']
전북특별자치도 전주시 완산구 서곡5길 23-31,127.1002104,35.83735585,['효자5동'],['5211173000']
전북특별자치도 전주시 완산구 서곡1길 19-10,127.0986103,35.83507231,['효자5동'],['5211173000']
전북특별자치도 전주시 완산구 범안1길 26-2,127.1077605,35.81194344,['효자4동'],['5211171400']
전북특별자치도 전주시 완산구 후곡길 23-6,127.0951171,35.81076345,['효자4동'],['5211171400']
전북특별자치도 전주시 완산구 소태정4길 23-8,127.102996,35.80557227,['효자4동'],['5211171400']
전북특별자치도 전주시 완산구 서곡5길 23-29,127.100308,35.83748114,['효자5동'],['5211173000']
전북특별자치도 전주시 완산구 척동6길 6-4,127.1003011,35.82284875,['효자5동'],['5211173000']
전북특별자치도 전주시 완산구 신촌1길 39,127.1141184,35.81395325,['효자2동'],['5211171200']
전북특별자치도 전주시 덕진구 삼송5길 14-15,127.1373792,35.84356672,['금암1동'],['5211358000']
전북특별자치도 전주시 완산구 고사평7길 24-1,127.1081907,35.83852003,['서신동'],['5211168000']
전북특별자치도 전주시 완산구 호암로 3,127.095106,35.80880709,['효자4동'],['5211171400']
전북특별자치도 전주시 완산구 서곡2길 16-2,127.1022777,35.83385651,['효자5동'],['5211173000']
전북특별자치도 전주시 덕진구 건지2길 9-3,127.1410812,35.84392122,['금암2동'],['5211359000']
전북특별자치도 전주시 완산구 전룡로 42-1,127.1178783,35.82649174,['서신동'],['5211168000']
전북특별자치도 전주시 완산구 척동7길 6-2,127.0995606,35.82372224,['효자5동'],['5211173000']
전북특별자치도 전주시 완산구 척동2길 5-6,127.1006081,35.82170462,['효자5동'],['5211173000']
전북특별자치도 전주시 덕진구 가리내3길 17,127.1095967,35.84634897,['덕진동'],['5211357000']
전북특별자치도 전주시 덕진구 인교3길 31-3,127.1749691,35.82866623,['우아2동'],['5211361200']
전북특별자치도 전주시 덕진구 견훤왕궁로 255,127.1453698,35.84072755,['인후2동'],['5211355000']
전북특별자치도 전주시 완산구 척동10길 12,127.101139,35.82466409,['효자5동'],['5211173000']
전북특별자치도 전주시 완산구 고사평1길 4-2,127.1092568,35.8346816,['서신동'],['5211168000']
전북특별자치도 전주시 완산구 범안1길 16-5,127.1077377,35.81269394,['효자4동'],['5211171400']
전북특별자치도 전주시 완산구 척동7길 6-3,127.0992678,35.82381874,['효자5동'],['5211173000']
전북특별자치도 전주시 덕진구 아중1길 14-3,127.1716875,35.82858552,['우아2동'],['5211361200']
전북특별자치도 전주시 덕진구 숲정이1길 25,127.129042,35.83188178,['진북동'],['5211352500']
전북특별자치도 전주시 완산구 고사평로 8,127.1096746,35.83471835,['서신동'],['5211168000']
전북특별자치도 전주시 완산구 후곡길 5-5,127.0956065,35.80895225,['효자4동'],['5211171400']
전북특별자치도 전주시 완산구 황강서원1길 4-7,127.0986774,35.82888989,['효자5동'],['5211173000']
전북특별자치도 전주시 완산구 척동8길 5-4,127.1006137,35.82379265,['효자5동'],['5211173000']
전북특별자치도 전주시 완산구 척동10길 6-3,127.1006075,35.82451096,['효자5동'],['5211173000']
전북특별자치도 전주시 완산구 척동7길 11-1,127.0986515,35.82342458,['효자5동'],['5211173000']
전북특별자치도 전주시 덕진구 인교4길 11-5,127.1715306,35.82612414,['우아2동'],['5211361200']
전북특별자치도 전주시 완산구 구룡1길 27,127.1047515,35.81168275,['효자4동'],['5211171400']
전북특별자치도 전주시 완산구 황강서원5길 39-4,127.0990815,35.8290973,['효자5동'],['5211173000']
전북특별자치도 전주시 완산구 황강서원3길 6,127.1003854,35.82912821,['효자5동'],['5211173000']
전북특별자치도 전주시 완산구 황강서원로 26,127.0999704,35.82855364,['효자5동'],['5211173000']
전북특별자치도 전주시 완산구 문학대6길 11-1,127.1031,35.8285391,['효자5동'],['5211173000']
전북특별자치도 전주시 완산구 농소2길 15-3,127.098414,35.8142832,['효자5동'],['5211173000']
전북특별자치도 전주시 완산구 봉곡2길 26,127.0945005,35.81282621,['효자4동'],['5211171400']
전북특별자치도 전주시 덕진구 아중로 148,127.1657983,35.82570832,['인후3동'],['5211356000']
전북특별자치도 전주시 완산구 서곡6길 8-8,127.1026157,35.83596544,['효자5동'],['5211173000']
전북특별자치도 전주시 완산구 황강서원로 22,127.0994663,35.8285427,['효자5동'],['5211173000']
전북특별자치도 전주시 덕진구 인교6길 3,127.1724727,35.82570163,['우아2동'],['5211361200']
전북특별자치도 전주시 덕진구 아중로 125,127.1634411,35.82541558,['인후3동'],['5211356000']
전북특별자치도 전주시 완산구 범안1길 12-3,127.1082419,35.81280804,['효자4동'],['5211171400']
전북특별자치도 전주시 덕진구 서가재미3길 14-7,127.1599291,35.83253276,['인후3동'],['5211356000']
전북특별자치도 전주시 완산구 화산천변3길 8-4,127.1154775,35.82077116,['중화산2동'],['5211167200']
전북특별자치도 전주시 완산구 봉곡1길 28-7,127.1001297,35.81273369,['효자4동'],['5211171400']
전북특별자치도 전주시 완산구 문학대1길 10-34,127.0989972,35.82629499,['효자5동'],['5211173000']
전북특별자치도 전주시 완산구 문학로 33-1,127.1017004,35.82829831,['효자5동'],['5211173000']
전북특별자치도 전주시 완산구 척동7길 17,127.0980842,35.82372814,['효자5동'],['5211173000']
전북특별자치도 전주시 완산구 척동7길 10-1,127.0987671,35.82381185,['효자5동'],['5211173000']
전북특별자치도 전주시 완산구 봉곡3길 5,127.0975176,35.81218417,['효자4동'],['5211171400']
전북특별자치도 전주시 덕진구 가리내8길 16-4,127.1102812,35.84373722,['덕진동'],['5211357000']
전북특별자치도 전주시 덕진구 아중3길 20-6,127.1713849,35.82928515,['우아2동'],['5211361200']
전북특별자치도 전주시 덕진구 작은모래내4길 16,127.1484141,35.83380866,['인후2동'],['5211355000']
전북특별자치도 전주시 완산구 황강서원3길 3-6,127.0997164,35.82914841,['효자5동'],['5211173000']
전북특별자치도 전주시 완산구 문학대5길 26,127.104613,35.82710795,['효자5동'],['5211173000']
전북특별자치도 전주시 완산구 황강서원4길 16-13,127.0989275,35.82728418,['효자5동'],['5211173000']
전북특별자치도 전주시 덕진구 송천4길 56-1,127.1152922,35.86151446,['송천2동'],['5211364200']
전북특별자치도 전주시 완산구 구룡2길 31,127.1053232,35.81337545,['효자4동'],['5211171400']
전북특별자치도 전주시 완산구 척동9길 8-1,127.0990433,35.8248469,['효자5동'],['5211173000']
전북특별자치도 전주시 덕진구 전미월평1길 40,127.1053192,35.88227154,['송천2동'],['5211364200']
전북특별자치도 전주시 완산구 맏내4길 13,127.1308689,35.79365543,['평화2동'],['5211169200']
전북특별자치도 전주시 완산구 문학대5길 11-4,127.1033653,35.82749702,['효자5동'],['5211173000']
전북특별자치도 전주시 완산구 천경로 32,127.1535334,35.80911772,['동서학동'],['5211165000']
전북특별자치도 전주시 완산구 메너머2길 16-4,127.1213504,35.82264684,['중화산2동'],['5211167200']
전북특별자치도 전주시 완산구 구룡1길 23-3,127.1042526,35.81192986,['효자4동'],['5211171400']
전북특별자치도 전주시 완산구 척동6길 10-5,127.1011303,35.82272107,['효자5동'],['5211173000']
전북특별자치도 전주시 덕진구 신복7길 2,127.104234,35.85634992,['팔복동'],['5211360000']
전북특별자치도 전주시 완산구 봉곡로 85,127.1030216,35.81173697,['효자4동'],['5211171400']
전북특별자치도 전주시 완산구 소태정4길 19-9,127.1020723,35.80516371,['효자4동'],['5211171400']
전북특별자치도 전주시 완산구 척동5길 1,127.0998032,35.82297426,['효자5동'],['5211173000']
전북특별자치도 전주시 완산구 봉곡3길 13-7,127.0982341,35.81257915,['효자4동'],['5211171400']
전북특별자치도 전주시 완산구 메너머1길 38-4,127.1187787,35.82120911,['중화산2동'],['5211167200']
전북특별자치도 전주시 완산구 봉곡로 119,127.1067705,35.81106397,['효자4동'],['5211171400']
전북특별자치도 전주시 완산구 배학2길 37-2,127.1011231,35.81980667,['효자5동'],['5211173000']
전북특별자치도 전주시 완산구 봉곡3길 3-6,127.0975173,35.81258334,['효자4동'],['5211171400']
전북특별자치도 전주시 완산구 봉곡3길 10,127.0977799,35.81196685,['효자4동'],['5211171400']
전북특별자치도 전주시 덕진구 떡전4길 25,127.1302651,35.83718536,['금암1동'],['5211358000']
전북특별자치도 전주시 완산구 팔달로 286-4,127.1436215,35.82750009,['노송동'],['5211160500']
전북특별자치도 전주시 완산구 서곡3길 14,127.1007665,35.83639825,['효자5동'],['5211173000']
전북특별자치도 전주시 완산구 봉곡4길 4-5,127.0965132,35.81245536,['효자4동'],['5211171400']
전북특별자치도 전주시 덕진구 경동로 38,127.1103401,35.84302499,['덕진동'],['5211357000']
,,,['NaN'],['NaN']
전북특별자치도 전주시 덕진구 중상보로 13-9,127.1686688,35.83330356,['우아2동'],['5211361200']
전북특별자치도 전주시 완산구 매곡로 11,127.1451617,35.81065738,['완산동'],['5211163500']
전북특별자치도 전주시 완산구 완산4길 16,127.1413212,35.81077065,['완산동'],['5211163500']
전북특별자치도 전주시 완산구 구룡1길 23-4,127.104547,35.81196313,['효자4동'],['5211171400']
전북특별자치도 전주시 완산구 황강서원4길 3-4,127.1007304,35.82829633,['효자5동'],['5211173000']
전북특별자치도 전주시 완산구 문학대2길 7-7,127.1025722,35.82611634,['효자5동'],['5211173000']
전북특별자치도 전주시 완산구 신촌1길 41,127.1139893,35.81376843,['효자2동'],['5211171200']
전북특별자치도 전주시 덕진구 경동로 36,127.1101416,35.84302743,['덕진동'],['5211357000']
전북특별자치도 전주시 완산구 봉곡1길 32-3,127.1006427,35.81300274,['효자4동'],['5211171400']
전북특별자치도 전주시 덕진구 호반3길 5,127.1177747,35.84894126,['덕진동'],['5211357000']
전북특별자치도 전주시 덕진구 견훤로 152,127.1613537,35.82564876,['인후3동'],['5211356000']
전북특별자치도 전주시 완산구 황강서원4길 3,127.1003888,35.82828832,['효자5동'],['5211173000']
전북특별자치도 전주시 덕진구 백동6길 24-1,127.1510312,35.84861756,['인후2동'],['5211355000']
전북특별자치도 전주시 덕진구 금암2길 7-3,127.1348918,35.84080006,['금암1동'],['5211358000']
,,,['NaN'],['NaN']
전북특별자치도 전주시 완산구 화산천변3길 8-6,127.1154715,35.82093366,['중화산2동'],['5211167200']
전북특별자치도 전주시 완산구 봉곡로 113,127.1063161,35.81115,['효자4동'],['5211171400']
전북특별자치도 전주시 완산구 척동5길 5-3,127.099562,35.82284937,['효자5동'],['5211173000']
전북특별자치도 전주시 덕진구 호반5길 6,127.1163119,35.84980834,['덕진동'],['5211357000']
전북특별자치도 전주시 덕진구 동가재미2길 4-5,127.1615204,35.83292394,['인후3동'],['5211356000']
전북특별자치도 전주시 완산구 황강서원2길 26-1,127.1012224,35.82779617,['효자5동'],['5211173000']
전북특별자치도 전주시 덕진구 권삼득로 211-12,127.1345913,35.83674727,['금암1동'],['5211358000']
전북특별자치도 전주시 완산구 황강서원로 19,127.0991608,35.82882442,['효자5동'],['5211173000']
전북특별자치도 전주시 덕진구 인후3길 25-1,127.1542109,35.83166439,['인후1동'],['5211354000']
전북특별자치도 전주시 덕진구 인후3길 25-2,127.1542724,35.83181735,['인후1동'],['5211354000']
전북특별자치도 전주시 덕진구 가리내8길 6-4,127.1113535,35.8437849,['덕진동'],['5211357000']
전북특별자치도 전주시 완산구 신촌1길 43,127.1138214,35.81378743,['효자2동'],['5211171200']
전북특별자치도 전주시 덕진구 기린대로 364-119,127.1342922,35.83680402,['금암1동'],['5211358000']
전북특별자치도 전주시 덕진구 대정길 16-4,127.0389813,35.87588041,['조촌동'],['5211365000']
전북특별자치도 전주시 덕진구 인후3길 25,127.1543782,35.83162335,['인후1동'],['5211354000']
전북특별자치도 전주시 완산구 평화13길 9-4,127.1370864,35.79085188,['평화2동'],['5211169200']
전북특별자치도 전주시 완산구 척동8길 5-6,127.1006136,35.82393046,['효자5동'],['5211173000']
전북특별자치도 전주시 완산구 척동4길 15-3,127.1013419,35.82258787,['효자5동'],['5211173000']
전북특별자치도 전주시 완산구 농소1길 15,127.0951702,35.81391864,['효자5동'],['5211173000']
전북특별자치도 전주시 완산구 용호로 111,127.0968375,35.81302073,['효자4동'],['5211171400']
전북특별자치도 전주시 덕진구 한배미1길 57-5,127.1672368,35.82309619,['인후3동'],['5211356000']
전북특별자치도 전주시 완산구 견훤로 123,127.1612178,35.82299807,['노송동'],['5211160500']
전북특별자치도 전주시 완산구 평화19길 5-14,127.1371532,35.79607949,['평화1동'],['5211169100']
전북특별자치도 전주시 완산구 척동7길 17-6,127.0977825,35.82337293,['효자5동'],['5211173000']
전북특별자치도 전주시 덕진구 떡전4길 16,127.129278,35.83779225,['금암1동'],['5211358000']
전북특별자치도 전주시 완산구 전룡6길 25,127.121656,35.8276478,['서신동'],['5211168000']
전북특별자치도 전주시 완산구 우전2길 71-15,127.1062153,35.81026784,['효자4동'],['5211171400']
전북특별자치도 전주시 완산구 서곡6길 10-7,127.1030709,35.83571477,['효자5동'],['5211173000']
전북특별자치도 전주시 완산구 황강서원로 28,127.1001284,35.82855558,['효자5동'],['5211173000']
전북특별자치도 전주시 완산구 황강서원로 24-1,127.0998031,35.8285536,['효자5동'],['5211173000']
전북특별자치도 전주시 완산구 황강서원4길 16-12,127.0991185,35.82757594,['효자5동'],['5211173000']
전북특별자치도 전주시 덕진구 가리내3길 2,127.1113976,35.8466267,['덕진동'],['5211357000']
전북특별자치도 전주시 덕진구 명주3길 20-1,127.1478888,35.84319248,['인후2동'],['5211355000']
전북특별자치도 전주시 덕진구 건산로 10,127.1391986,35.83302848,['진북동'],['5211352500']
전북특별자치도 전주시 완산구 구이로 2074,127.1301066,35.78283657,['평화2동'],['5211169200']
전북특별자치도 전주시 완산구 전라감영로 22-1,127.142187,35.81454979,['중앙동'],['5211151000']
전북특별자치도 전주시 완산구 인정4길 17,127.1219786,35.82070309,['중화산2동'],['5211167200']
전북특별자치도 전주시 완산구 봉곡1길 20,127.0990545,35.81314501,['효자4동'],['5211171400']
전북특별자치도 전주시 덕진구 떡전4길 27,127.1303956,35.83726164,['금암1동'],['5211358000']
전북특별자치도 전주시 덕진구 한배미1길 53-6,127.167017,35.82306658,['인후3동'],['5211356000']
전북특별자치도 전주시 덕진구 가리내3길 8,127.1108173,35.84660633,['덕진동'],['5211357000']
전북특별자치도 전주시 덕진구 견훤왕궁로 161,127.1498244,35.83376275,['인후2동'],['5211355000']
전북특별자치도 전주시 완산구 고사평2길 14-1,127.1109973,35.83420874,['서신동'],['5211168000']
전북특별자치도 전주시 완산구 맏내로 124,127.1291615,35.79106037,['평화2동'],['5211169200']
전북특별자치도 전주시 완산구 맏내로 126,127.1291839,35.79119238,['평화2동'],['5211169200']
전북특별자치도 전주시 완산구 후곡길 23-34,127.0944126,35.81077636,['효자4동'],['5211171400']
전북특별자치도 전주시 완산구 후곡길 23-27,127.0946502,35.81007832,['효자4동'],['5211171400']
전북특별자치도 전주시 완산구 황강서원로 27,127.1000638,35.82884215,['효자5동'],['5211173000']
전북특별자치도 전주시 완산구 황강서원2길 14,127.099764,35.82777747,['효자5동'],['5211173000']
전북특별자치도 전주시 완산구 문학대2길 8-1,127.1028073,35.82545822,['효자5동'],['5211173000']
전북특별자치도 전주시 덕진구 떡전4길 29,127.1304574,35.83701211,['금암1동'],['5211358000']
전북특별자치도 전주시 덕진구 인교9길 27-14,127.1757476,35.82702742,['우아2동'],['5211361200']
전북특별자치도 전주시 덕진구 건산3길 22-1,127.141588,35.83296287,['진북동'],['5211352500']
전북특별자치도 전주시 덕진구 추천6길 28,127.1061086,35.85065118,['팔복동'],['5211360000']
전북특별자치도 전주시 완산구 안행9길 29-4,127.1324223,35.8026943,['효자1동'],['5211171100']
전북특별자치도 전주시 완산구 황강서원2길 21,127.1007371,35.82807524,['효자5동'],['5211173000']
전북특별자치도 전주시 완산구 배학4길 36-3,127.1000977,35.82049943,['효자5동'],['5211173000']
전북특별자치도 전주시 완산구 농소4길 16-2,127.0984236,35.81491579,['효자5동'],['5211173000']
전북특별자치도 전주시 완산구 산월1길 36,127.1193537,35.81308097,['중화산2동'],['5211167200']
전북특별자치도 전주시 완산구 평화로 222-24,127.1372005,35.79647626,['평화1동'],['5211169100']
전북특별자치도 전주시 완산구 구룡1길 27-13,127.1047583,35.81270946,['효자4동'],['5211171400']
전북특별자치도 전주시 완산구 서곡4길 45-6,127.1032177,35.83235259,['효자5동'],['5211173000']
전북특별자치도 전주시 덕진구 가리내2길 5,127.1110039,35.84677703,['덕진동'],['5211357000']
전북특별자치도 전주시 덕진구 아중7길 17-5,127.171584,35.83257049,['우아2동'],['5211361200']
전북특별자치도 전주시 완산구 후곡길 23-25,127.0949244,35.81015237,['효자4동'],['5211171400']
전북특별자치도 전주시 완산구 척동8길 5-8,127.1006102,35.82407772,['효자5동'],['5211173000']
전북특별자치도 전주시 완산구 농소2길 15-5,127.0984136,35.81442506,['효자5동'],['5211173000']
전북특별자치도 전주시 덕진구 동부대로 1073-26,127.1293965,35.86720873,['송천1동'],['5211364100']
전북특별자치도 전주시 완산구 평화로 222-20,127.13709,35.79647504,['평화1동'],['5211169100']
전북특별자치도 전주시 완산구 서곡2길 2-7,127.1009681,35.8340412,['효자5동'],['5211173000']
전북특별자치도 전주시 완산구 배학6길 4-5,127.0975441,35.82035733,['효자5동'],['5211173000']
전북특별자치도 전주시 덕진구 들사평4길 12,127.1231495,35.84163191,['덕진동'],['5211357000']
전북특별자치도 전주시 완산구 서곡3길 9,127.1008852,35.83600836,['효자5동'],['5211173000']
전북특별자치도 전주시 완산구 황강서원4길 3-8,127.1010578,35.82829245,['효자5동'],['5211173000']
전북특별자치도 전주시 완산구 봉곡2길 7-4,127.0960015,35.81290451,['효자4동'],['5211171400']
전북특별자치도 전주시 완산구 서곡7길 14-1,127.10152,35.83183815,['효자5동'],['5211173000']
전북특별자치도 전주시 완산구 척동9길 2,127.0997831,35.82487026,['효자5동'],['5211173000']
전북특별자치도 전주시 완산구 척동3길 13-5,127.0985864,35.82185013,['효자5동'],['5211173000']
전북특별자치도 전주시 완산구 용호로 196,127.0972159,35.82063257,['효자5동'],['5211173000']
전북특별자치도 전주시 덕진구 인후2길 14,127.1536301,35.83180321,['인후1동'],['5211354000']
전북특별자치도 전주시 완산구 우전1길 49-4,127.1053671,35.8084292,['효자4동'],['5211171400']
전북특별자치도 전주시 덕진구 팔복3길 12,127.1035128,35.85009322,['팔복동'],['5211360000']
전북특별자치도 전주시 덕진구 팔복3길 12-1,127.1037583,35.8501424,['팔복동'],['5211360000']
전북특별자치도 전주시 완산구 척동8길 8,127.100727,35.82341881,['효자5동'],['5211173000']
전북특별자치도 전주시 덕진구 들사평3길 7-3,127.1222538,35.84125881,['덕진동'],['5211357000']
전북특별자치도 전주시 완산구 고사평1길 18-4,127.1080865,35.83545422,['서신동'],['5211168000']
전북특별자치도 전주시 완산구 배학3길 12,127.0958833,35.81999744,['효자5동'],['5211173000']
전북특별자치도 전주시 덕진구 금암3길 39,127.1348781,35.84017794,['금암1동'],['5211358000']
전북특별자치도 전주시 덕진구 견훤로 305-9,127.1556196,35.8379986,['인후1동'],['5211354000']
전북특별자치도 전주시 덕진구 명주5길 7,127.1504786,35.84539635,['인후2동'],['5211355000']
전북특별자치도 전주시 완산구 메너머1길 7,127.1219247,35.82087186,['중화산2동'],['5211167200']
전북특별자치도 전주시 완산구 화산천변2길 11-6,127.1175428,35.81990142,['중화산2동'],['5211167200']
전북특별자치도 전주시 완산구 봉곡1길 19,127.0990499,35.81336637,['효자4동'],['5211171400']
전북특별자치도 전주시 완산구 배학1길 1-1,127.0967135,35.81863677,['효자5동'],['5211173000']
전북특별자치도 전주시 덕진구 붓내2길 29-9,127.1248309,35.86605834,['송천1동'],['5211364100']
전북특별자치도 전주시 덕진구 우아2길 15,127.158163,35.84939743,['우아1동'],['5211361100']
전북특별자치도 전주시 완산구 봉곡1길 18-3,127.0990522,35.81301244,['효자4동'],['5211171400']
전북특별자치도 전주시 완산구 구룡1길 27-3,127.1047558,35.81197133,['효자4동'],['5211171400']
전북특별자치도 전주시 완산구 황강서원4길 16-14,127.0988989,35.8275672,['효자5동'],['5211173000']
전북특별자치도 전주시 완산구 문학대4길 12,127.1030665,35.82668497,['효자5동'],['5211173000']
전북특별자치도 전주시 완산구 척동길 40,127.0998004,35.82169105,['효자5동'],['5211173000']
전북특별자치도 전주시 완산구 배학4길 40-3,127.1006081,35.82036462,['효자5동'],['5211173000']
전북특별자치도 전주시 덕진구 기린대로 364-109,127.1337271,35.837371,['금암1동'],['5211358000']
전북특별자치도 전주시 덕진구 명주6길 19,127.1525038,35.84478887,['인후2동'],['5211355000']
전북특별자치도 전주시 완산구 중산2길 19-5,127.1222965,35.8149904,['중화산2동'],['5211167200']
전북특별자치도 전주시 완산구 중산8길 16-4,127.1217917,35.81748091,['중화산2동'],['5211167200']
전북특별자치도 전주시 완산구 후곡길 11-2,127.0956124,35.80982575,['효자4동'],['5211171400']
전북특별자치도 전주시 덕진구 기린대로 606-29,127.1152911,35.84980626,['덕진동'],['5211357000']
전북특별자치도 전주시 완산구 메너머2길 18,127.1209244,35.8225037,['중화산2동'],['5211167200']
전북특별자치도 전주시 완산구 문학대1길 5,127.1014958,35.82542094,['효자5동'],['5211173000']
전북특별자치도 전주시 완산구 봉곡3길 3-2,127.0975172,35.8123218,['효자4동'],['5211171400']
전북특별자치도 전주시 덕진구 가리내2길 7,127.1108049,35.84676334,['덕진동'],['5211357000']
전북특별자치도 전주시 완산구 장승배기4길 15-27,127.1431682,35.80033555,['평화1동'],['5211169100']
전북특별자치도 전주시 완산구 척동4길 5-6,127.100608,35.82259038,['효자5동'],['5211173000']
전북특별자치도 전주시 덕진구 인교9길 27-17,127.1754293,35.82722012,['우아2동'],['5211361200']
전북특별자치도 전주시 완산구 전룡4길 7-5,127.1189772,35.82591168,['서신동'],['5211168000']
전북특별자치도 전주시 완산구 범안1길 16-1,127.1081088,35.81242873,['효자4동'],['5211171400']
전북특별자치도 전주시 덕진구 삼송5길 14-1,127.1366984,35.84340806,['금암1동'],['5211358000']
전북특별자치도 전주시 완산구 인정4길 19,127.1221892,35.82070134,['중화산2동'],['5211167200']
전북특별자치도 전주시 완산구 황강서원2길 27,127.1012313,35.82806221,['효자5동'],['5211173000']
전북특별자치도 전주시 완산구 황강서원4길 15-4,127.1007354,35.82730512,['효자5동'],['5211173000']
전북특별자치도 전주시 덕진구 호반5길 9-14,127.1172107,35.84860285,['덕진동'],['5211357000']
전북특별자치도 전주시 덕진구 솔내2길 78,127.1248954,35.85805937,['송천1동'],['5211364100']
전북특별자치도 전주시 덕진구 서가재미1길 10,127.1599687,35.83080923,['인후3동'],['5211356000']
전북특별자치도 전주시 덕진구 서가재미1길 18-3,127.1611111,35.83095389,['인후3동'],['5211356000']
전북특별자치도 전주시 덕진구 팔복3길 10,127.1035902,35.85028017,['팔복동'],['5211360000']
전북특별자치도 전주시 덕진구 권삼득로 248-5,127.1329514,35.83993107,['금암1동'],['5211358000']
전북특별자치도 전주시 덕진구 사근1길 19-1,127.1293823,35.86694396,['송천1동'],['5211364100']
전북특별자치도 전주시 덕진구 동부대로 1073-24,127.1292199,35.86720829,['송천1동'],['5211364100']
전북특별자치도 전주시 덕진구 가재미3길 6,127.1615379,35.8293827,['인후3동'],['5211356000']
전북특별자치도 전주시 완산구 황강서원4길 16-33,127.0987042,35.82699362,['효자5동'],['5211173000']
전북특별자치도 전주시 완산구 황강서원4길 4-5,127.0996047,35.82829916,['효자5동'],['5211173000']
전북특별자치도 전주시 완산구 문학대1길 7,127.1013009,35.82541551,['효자5동'],['5211173000']
전북특별자치도 전주시 덕진구 가리내3길 10-5,127.1102496,35.84703765,['덕진동'],['5211357000']
전북특별자치도 전주시 덕진구 심방죽4길 3,127.1519609,35.83977578,['인후1동'],['5211354000']
전북특별자치도 전주시 덕진구 가재미3길 8,127.161413,35.82929463,['인후3동'],['5211356000']
전북특별자치도 전주시 완산구 전룡4길 7-3,127.1191632,35.82591033,['서신동'],['5211168000']
전북특별자치도 전주시 완산구 범안1길 26-6,127.1075124,35.81208561,['효자4동'],['5211171400']
전북특별자치도 전주시 완산구 척동10길 7,127.1007443,35.82488703,['효자5동'],['5211173000']
전북특별자치도 전주시 완산구 척동7길 10-10,127.0989825,35.82436189,['효자5동'],['5211173000']
전북특별자치도 전주시 완산구 척동3길 25,127.0973605,35.82239036,['효자5동'],['5211173000']
전북특별자치도 전주시 완산구 봉곡1길 8-8,127.0977208,35.81274153,['효자4동'],['5211171400']
전북특별자치도 전주시 완산구 봉곡1길 28-5,127.1001293,35.81287915,['효자4동'],['5211171400']
전북특별자치도 전주시 완산구 황강서원4길 3-10,127.1012226,35.8282924,['효자5동'],['5211173000']
전북특별자치도 전주시 완산구 척동9길 5-8,127.0992735,35.82422277,['효자5동'],['5211173000']
전북특별자치도 전주시 완산구 마전들로 18,127.0975166,35.82088215,['효자5동'],['5211173000']
전북특별자치도 전주시 덕진구 거북바우3길 28,127.1384628,35.83671177,['금암2동'],['5211359000']
전북특별자치도 전주시 덕진구 들사평2길 10,127.1212326,35.84003737,['덕진동'],['5211357000']
전북특별자치도 전주시 덕진구 가리내3길 6,127.1110112,35.84661074,['덕진동'],['5211357000']
전북특별자치도 전주시 덕진구 명주3길 15,127.1480681,35.84383152,['인후2동'],['5211355000']
전북특별자치도 전주시 완산구 전라감영2길 25-11,127.1414077,35.81546495,['중앙동'],['5211151000']
전북특별자치도 전주시 완산구 평화3길 7-3,127.132563,35.78277783,['평화2동'],['5211169200']
전북특별자치도 전주시 완산구 서곡1길 24-5,127.0990286,35.83619466,['효자5동'],['5211173000']
전북특별자치도 전주시 완산구 문학대6길 14,127.103361,35.82831933,['효자5동'],['5211173000']
전북특별자치도 전주시 완산구 문학대4길 12-8,127.1030717,35.82625903,['효자5동'],['5211173000']
전북특별자치도 전주시 덕진구 솔내3길 22,127.1216746,35.85351368,['송천1동'],['5211364100']
전북특별자치도 전주시 덕진구 사근1길 15-5,127.1289133,35.86697772,['송천1동'],['5211364100']
전북특별자치도 전주시 덕진구 도당산4길 63,127.1546956,35.84588182,['우아1동'],['5211361100']
전북특별자치도 전주시 덕진구 한배미5길 15-2,127.1666878,35.82327234,['인후3동'],['5211356000']
전북특별자치도 전주시 완산구 봉곡1길 32-4,127.100341,35.81300155,['효자4동'],['5211171400']
전북특별자치도 전주시 완산구 봉곡로 85-1,127.1031723,35.81170422,['효자4동'],['5211171400']
전북특별자치도 전주시 완산구 황강서원로 49,127.1026446,35.82885277,['효자5동'],['5211173000']
전북특별자치도 전주시 완산구 황강서원2길 23,127.1008944,35.82807223,['효자5동'],['5211173000']
전북특별자치도 전주시 완산구 문학대4길 32-3,127.1055776,35.82639222,['효자5동'],['5211173000']
전북특별자치도 전주시 완산구 문학대4길 28-3,127.1050318,35.82640811,['효자5동'],['5211173000']
전북특별자치도 전주시 완산구 마전들로 29,127.0988052,35.82120051,['효자5동'],['5211173000']
,,,['NaN'],['NaN']
전북특별자치도 전주시 덕진구 사평로 43-3,127.1210596,35.84156031,['덕진동'],['5211357000']
전북특별자치도 전주시 덕진구 가리내10길 12-1,127.1105578,35.8422224,['덕진동'],['5211357000']
전북특별자치도 전주시 덕진구 건지4길 9-5,127.14529,35.84513056,['인후2동'],['5211355000']
전북특별자치도 전주시 완산구 중화산로 138-20,127.1196318,35.82264171,['중화산2동'],['5211167200']
전북특별자치도 전주시 완산구 장승배기1길 18,127.1396216,35.7998789,['평화1동'],['5211169100']
전북특별자치도 전주시 완산구 황강서원1길 13,127.0974258,35.82880358,['효자5동'],['5211173000']
전북특별자치도 전주시 덕진구 솔내7길 10-5,127.12257,35.85956713,['송천1동'],['5211364100']
전북특별자치도 전주시 완산구 황강서원4길 15,127.1003857,35.82731046,['효자5동'],['5211173000']
전북특별자치도 전주시 완산구 봉곡4길 8-6,127.0963111,35.81245706,['효자4동'],['5211171400']
전북특별자치도 전주시 덕진구 도당산4길 41-12,127.1570779,35.84594001,['우아1동'],['5211361100']
전북특별자치도 전주시 덕진구 심방죽3길 4,127.1511259,35.84006821,['인후2동'],['5211355000']
전북특별자치도 전주시 완산구 봉곡3길 21-6,127.0996197,35.81245319,['효자4동'],['5211171400']
전북특별자치도 전주시 완산구 봉곡1길 8,127.0977296,35.8131452,['효자4동'],['5211171400']
전북특별자치도 전주시 완산구 봉곡1길 8-2,127.0977263,35.81302236,['효자4동'],['5211171400']
전북특별자치도 전주시 덕진구 사평2길 24,127.1206867,35.84204322,['덕진동'],['5211357000']
전북특별자치도 전주시 덕진구 가리내로 158,127.1198463,35.83776246,['덕진동'],['5211357000']
전북특별자치도 전주시 완산구 후곡길 23-9,127.0953109,35.81023678,['효자4동'],['5211171400']
전북특별자치도 전주시 덕진구 건산4길 7-1,127.1392545,35.83265556,['진북동'],['5211352500']
,,,['NaN'],['NaN']
전북특별자치도 전주시 완산구 범안1길 16-3,127.1078651,35.81257153,['효자4동'],['5211171400']
전북특별자치도 전주시 완산구 척동8길 5-7,127.1003068,35.82406815,['효자5동'],['5211173000']
전북특별자치도 전주시 덕진구 사근1길 15-10,127.1290799,35.86716888,['송천1동'],['5211364100']
전북특별자치도 전주시 완산구 서학로 84,127.1587028,35.80905648,['동서학동'],['5211165000']
전북특별자치도 전주시 완산구 평화15길 6-3,127.1367399,35.79130984,['평화2동'],['5211169200']
전북특별자치도 전주시 완산구 평화15길 6-5,127.1366972,35.79116506,['평화2동'],['5211169200']
전북특별자치도 전주시 완산구 척동2길 9-1,127.1008158,35.8215652,['효자5동'],['5211173000']
전북특별자치도 전주시 덕진구 무삼지6길 14,127.1633964,35.82805083,['인후3동'],['5211356000']
전북특별자치도 전주시 덕진구 사평3길 14,127.12238,35.84402157,['덕진동'],['5211357000']
전북특별자치도 전주시 덕진구 무삼지3길 16,127.1611114,35.82744358,['인후3동'],['5211356000']
전북특별자치도 전주시 완산구 따박골9길 51,127.1298172,35.81168759,['중화산1동'],['5211167100']
전북특별자치도 전주시 완산구 황강서원1길 11,127.0975621,35.82870586,['효자5동'],['5211173000']
전북특별자치도 전주시 완산구 척동1길 18,127.098105,35.82144577,['효자5동'],['5211173000']
전북특별자치도 전주시 덕진구 호반6길 22,127.118137,35.85146902,['덕진동'],['5211357000']
전북특별자치도 전주시 완산구 황강서원4길 16-8,127.0994432,35.82757513,['효자5동'],['5211173000']
전북특별자치도 전주시 덕진구 아중천2길 33,127.171792,35.83627815,['우아2동'],['5211361200']
전북특별자치도 전주시 완산구 전룡6길 25-1,127.1216657,35.82744798,['서신동'],['5211168000']
전북특별자치도 전주시 완산구 구룡1길 33-13,127.1052677,35.81255139,['효자4동'],['5211171400']
전북특별자치도 전주시 완산구 후곡길 23-11,127.0950779,35.8101773,['효자4동'],['5211171400']
전북특별자치도 전주시 완산구 문학대1길 10-42,127.0990246,35.82559667,['효자5동'],['5211173000']
전북특별자치도 전주시 완산구 척동길 41,127.1000876,35.82144216,['효자5동'],['5211173000']
전북특별자치도 전주시 덕진구 송천로 99,127.1163999,35.8618794,['송천2동'],['5211364200']
전북특별자치도 전주시 덕진구 송천4길 48,127.116485,35.86174647,['송천2동'],['5211364200']
전북특별자치도 전주시 덕진구 붓내3길 17-27,127.1234569,35.86900739,['송천1동'],['5211364100']
전북특별자치도 전주시 덕진구 반월로 74,127.0729051,35.87655668,['조촌동'],['5211365000']
전북특별자치도 전주시 완산구 평화11길 9-4,127.1367568,35.78991728,['평화2동'],['5211169200']
전북특별자치도 전주시 완산구 봉곡로 45,127.0987768,35.81193953,['효자4동'],['5211171400']
전북특별자치도 전주시 덕진구 매봉16길 3,127.1419681,35.83851335,['금암2동'],['5211359000']
전북특별자치도 전주시 덕진구 건지로 10-11,127.1432651,35.84475653,['금암2동'],['5211359000']
전북특별자치도 전주시 덕진구 기린대로 458-7,127.1274311,35.84173353,['덕진동'],['5211357000']
전북특별자치도 전주시 덕진구 동가재미1길 7,127.1618572,35.83232911,['인후3동'],['5211356000']
전북특별자치도 전주시 완산구 범안2길 23-5,127.1066042,35.81288251,['효자4동'],['5211171400']
전북특별자치도 전주시 완산구 황강서원로 21,127.0993863,35.82886776,['효자5동'],['5211173000']
전북특별자치도 전주시 완산구 문학대2길 17-1,127.1036289,35.82581955,['효자5동'],['5211173000']
전북특별자치도 전주시 완산구 척동4길 16-8,127.1013438,35.82167786,['효자5동'],['5211173000']
전북특별자치도 전주시 완산구 서곡2길 5-9,127.1018974,35.83503316,['효자5동'],['5211173000']
전북특별자치도 전주시 완산구 문학대5길 21,127.1041239,35.82732323,['효자5동'],['5211173000']
전북특별자치도 전주시 완산구 농소1길 15-1,127.0949414,35.81393108,['효자5동'],['5211173000']
전북특별자치도 전주시 완산구 봉곡2길 11,127.0957984,35.81314702,['효자4동'],['5211171400']
전북특별자치도 전주시 덕진구 아중로 175-1,127.1685403,35.8273612,['인후3동'],['5211356000']
전북특별자치도 전주시 완산구 서곡7길 14-5,127.1017593,35.83214231,['효자5동'],['5211173000']
전북특별자치도 전주시 덕진구 금암4길 14-12,127.1379691,35.84065976,['금암1동'],['5211358000']
전북특별자치도 전주시 덕진구 아중3길 10,127.1703479,35.82923823,['우아2동'],['5211361200']
전북특별자치도 전주시 완산구 신촌4길 18-17,127.1158761,35.81824688,['중화산2동'],['5211167200']
전북특별자치도 전주시 완산구 배학1길 14-5,127.0955303,35.81922101,['효자5동'],['5211173000']
전북특별자치도 전주시 덕진구 건지1길 10-9,127.1404546,35.84408778,['금암2동'],['5211359000']
전북특별자치도 전주시 덕진구 가리내8길 6-6,127.111335,35.8439411,['덕진동'],['5211357000']
전북특별자치도 전주시 덕진구 우아10길 20,127.1574082,35.85227054,['우아1동'],['5211361100']
전북특별자치도 전주시 완산구 효동1길 8,127.1244844,35.80510185,['효자1동'],['5211171100']
전북특별자치도 전주시 완산구 척동4길 16-6,127.1013451,35.82182459,['효자5동'],['5211173000']
전북특별자치도 전주시 완산구 배학3길 13,127.0955024,35.81978081,['효자5동'],['5211173000']
전북특별자치도 전주시 완산구 안행4길 7,127.132165,35.80037789,['삼천1동'],['5211170100']
전북특별자치도 전주시 덕진구 신복3길 6,127.1082544,35.85316782,['팔복동'],['5211360000']
전북특별자치도 전주시 완산구 고사평1길 17-1,127.1078213,35.8351237,['서신동'],['5211168000']
전북특별자치도 전주시 완산구 중산7길 15-1,127.1188436,35.81753911,['중화산2동'],['5211167200']
전북특별자치도 전주시 완산구 서곡1길 9-8,127.099592,35.83467504,['효자5동'],['5211173000']
전북특별자치도 전주시 완산구 황강서원4길 3-6,127.1008993,35.8282952,['효자5동'],['5211173000']
전북특별자치도 전주시 완산구 봉곡2길 22,127.0946148,35.81314832,['효자4동'],['5211171400']
전북특별자치도 전주시 덕진구 가리내1길 11,127.1107605,35.84758514,['덕진동'],['5211357000']
전북특별자치도 전주시 완산구 서곡5길 7,127.1018384,35.83705671,['효자5동'],['5211173000']
전북특별자치도 전주시 완산구 황강서원5길 33,127.0997239,35.82938246,['효자5동'],['5211173000']
전북특별자치도 전주시 완산구 황강서원5길 31,127.0998947,35.82939512,['효자5동'],['5211173000']
전북특별자치도 전주시 완산구 황강서원2길 4-5,127.0985318,35.82761608,['효자5동'],['5211173000']
전북특별자치도 전주시 완산구 배학3길 15-5,127.0953668,35.81938616,['효자5동'],['5211173000']
전북특별자치도 전주시 완산구 배학4길 14,127.098585,35.81977147,['효자5동'],['5211173000']
전북특별자치도 전주시 완산구 봉곡2길 24,127.0945636,35.81299559,['효자4동'],['5211171400']
전북특별자치도 전주시 완산구 평화11길 5,127.1359884,35.78982063,['평화2동'],['5211169200']
전북특별자치도 전주시 완산구 봉곡4길 18-5,127.0948992,35.81247909,['효자4동'],['5211171400']
전북특별자치도 전주시 완산구 중산로 46,127.1204177,35.81821926,['중화산2동'],['5211167200']
전북특별자치도 전주시 완산구 농소1길 15-2,127.0951269,35.81416616,['효자5동'],['5211173000']
전북특별자치도 전주시 덕진구 심방죽로 48,127.151686,35.84001884,['인후1동'],['5211354000']
전북특별자치도 전주시 완산구 황강서원5길 27,127.1003829,35.82931685,['효자5동'],['5211173000']
전북특별자치도 전주시 완산구 문학대5길 8-1,127.1028186,35.82711112,['효자5동'],['5211173000']
전북특별자치도 전주시 덕진구 여암1길 12-1,127.07483,35.87195812,['조촌동'],['5211365000']
전북특별자치도 전주시 덕진구 여암1길 18-1,127.0744512,35.87173647,['조촌동'],['5211365000']
전북특별자치도 전주시 완산구 후곡길 23-7,127.0952517,35.81039122,['효자4동'],['5211171400']
전북특별자치도 전주시 완산구 서곡2길 6-8,127.1010756,35.83397469,['효자5동'],['5211173000']
전북특별자치도 전주시 덕진구 여암1길 18,127.0745388,35.87164016,['조촌동'],['5211365000']
전북특별자치도 전주시 덕진구 여암1길 16,127.0746418,35.87149364,['조촌동'],['5211365000']
전북특별자치도 전주시 덕진구 여암1길 14-1,127.0747725,35.87176979,['조촌동'],['5211365000']
전북특별자치도 전주시 완산구 고사평2길 12,127.1107031,35.83422027,['서신동'],['5211168000']
전북특별자치도 전주시 완산구 메너머2길 11-1,127.1215669,35.82228873,['중화산2동'],['5211167200']
전북특별자치도 전주시 완산구 황강서원3길 3-4,127.0998908,35.82916945,['효자5동'],['5211173000']
전북특별자치도 전주시 완산구 봉곡2길 27,127.0947189,35.81261992,['효자4동'],['5211171400']
전북특별자치도 전주시 덕진구 가리내8길 10-11,127.1104601,35.84434081,['덕진동'],['5211357000']
전북특별자치도 전주시 완산구 평화8길 8-4,127.134849,35.78923195,['평화2동'],['5211169200']
전북특별자치도 전주시 완산구 구룡1길 13-9,127.103168,35.81257754,['효자4동'],['5211171400']
전북특별자치도 전주시 완산구 후곡길 5-3,127.095757,35.8089953,['효자4동'],['5211171400']
전북특별자치도 전주시 덕진구 매봉8길 11-1,127.1402456,35.84041883,['금암2동'],['5211359000']
전북특별자치도 전주시 덕진구 매봉8길 9,127.1404123,35.84042026,['금암2동'],['5211359000']
전북특별자치도 전주시 완산구 한두평2길 17-7,127.1248621,35.81412345,['중화산1동'],['5211167100']
전북특별자치도 전주시 덕진구 여암1길 14-2,127.0746435,35.87188848,['조촌동'],['5211365000']
전북특별자치도 전주시 덕진구 팔복4길 8,127.1037617,35.85055923,['팔복동'],['5211360000']
전북특별자치도 전주시 덕진구 팔복4길 10,127.103901,35.85058542,['팔복동'],['5211360000']
전북특별자치도 전주시 완산구 한두평3길 18-8,127.1248612,35.81427459,['중화산1동'],['5211167100']
전북특별자치도 전주시 완산구 척동6길 12,127.1011305,35.82298857,['효자5동'],['5211173000']
전북특별자치도 전주시 완산구 농소4길 16-8,127.0984164,35.81454835,['효자5동'],['5211173000']
전북특별자치도 전주시 완산구 문학대5길 21-1,127.1041268,35.82748573,['효자5동'],['5211173000']
전북특별자치도 전주시 완산구 구룡1길 33-1,127.1052621,35.81171439,['효자4동'],['5211171400']
전북특별자치도 전주시 완산구 농소4길 10-6,127.0978492,35.81467156,['효자5동'],['5211173000']
전북특별자치도 전주시 덕진구 가리내8길 6-5,127.1110107,35.84392987,['덕진동'],['5211357000']
전북특별자치도 전주시 완산구 전룡6길 27,127.1216012,35.8277889,['서신동'],['5211168000']
전북특별자치도 전주시 완산구 중산중앙로 9-11,127.1189158,35.81740881,['중화산2동'],['5211167200']
전북특별자치도 전주시 완산구 구룡2길 34-10,127.1051381,35.81294472,['효자4동'],['5211171400']
전북특별자치도 전주시 완산구 황강서원4길 3-2,127.1005728,35.82829403,['효자5동'],['5211173000']
전북특별자치도 전주시 완산구 황강서원2길 16,127.0999308,35.82778085,['효자5동'],['5211173000']
전북특별자치도 전주시 완산구 척동9길 3,127.0995653,35.82463422,['효자5동'],['5211173000']
전북특별자치도 전주시 완산구 척동길 27,127.1000964,35.82272095,['효자5동'],['5211173000']
전북특별자치도 전주시 완산구 척동길 25,127.1000959,35.82285713,['효자5동'],['5211173000']
전북특별자치도 전주시 완산구 봉곡1길 4-3,127.0975203,35.81288427,['효자4동'],['5211171400']
전북특별자치도 전주시 덕진구 팽나무6길 13,127.1565692,35.83445632,['인후3동'],['5211356000']
전북특별자치도 전주시 덕진구 들사평5길 23,127.1253097,35.84187149,['덕진동'],['5211357000']
전북특별자치도 전주시 덕진구 호반8길 18-8,127.1171332,35.85162376,['덕진동'],['5211357000']
전북특별자치도 전주시 덕진구 심방죽로 48-4,127.1520196,35.83992387,['인후1동'],['5211354000']
전북특별자치도 전주시 완산구 용머리로 9-14,127.1113009,35.80645234,['효자3동'],['5211171300']
전북특별자치도 전주시 완산구 구룡2길 24-11,127.1048356,35.81292642,['효자4동'],['5211171400']
전북특별자치도 전주시 완산구 척동6길 6-5,127.100611,35.82272403,['효자5동'],['5211173000']
전북특별자치도 전주시 완산구 용머리로 9-12,127.1114678,35.80643263,['효자3동'],['5211171300']
전북특별자치도 전주시 완산구 구룡1길 13-6,127.103476,35.81231763,['효자4동'],['5211171400']
전북특별자치도 전주시 완산구 소태정4길 23,127.10277,35.80518997,['효자4동'],['5211171400']
전북특별자치도 전주시 완산구 서곡4길 30-1,127.1034154,35.83387482,['효자5동'],['5211173000']
전북특별자치도 전주시 완산구 배학4길 46,127.1008234,35.82063284,['효자5동'],['5211173000']
전북특별자치도 전주시 완산구 농소2길 10-1,127.0981403,35.81392463,['효자5동'],['5211173000']
전북특별자치도 전주시 덕진구 권삼득로 211-10,127.1344724,35.83694468,['금암1동'],['5211358000']
전북특별자치도 전주시 덕진구 석소4길 9,127.171354,35.83420228,['우아2동'],['5211361200']
전북특별자치도 전주시 완산구 전라감영로 47-3,127.1442234,35.81592801,['중앙동'],['5211151000']
전북특별자치도 전주시 완산구 척동3길 6-4,127.099562,35.82245795,['효자5동'],['5211173000']
전북특별자치도 전주시 완산구 배학1길 16-8,127.0953521,35.81922215,['효자5동'],['5211173000']
전북특별자치도 전주시 완산구 봉곡3길 7-3,127.0977295,35.81232343,['효자4동'],['5211171400']
전북특별자치도 전주시 완산구 봉곡1길 14-4,127.0982378,35.81287594,['효자4동'],['5211171400']
전북특별자치도 전주시 덕진구 떡전4길 28-1,127.1301051,35.83676104,['금암1동'],['5211358000']
전북특별자치도 전주시 덕진구 호반5길 9-16,127.1173334,35.84852802,['덕진동'],['5211357000']
전북특별자치도 전주시 덕진구 솔내로 173-6,127.1266247,35.86588098,['송천1동'],['5211364100']
전북특별자치도 전주시 덕진구 석소5길 31,127.1714095,35.83437046,['우아2동'],['5211361200']
전북특별자치도 전주시 완산구 현무3길 77-49,127.1481623,35.82204989,['풍남동'],['5211153000']
전북특별자치도 전주시 완산구 소태정4길 15,127.1019739,35.80496903,['효자4동'],['5211171400']
전북특별자치도 전주시 완산구 서곡1길 20-3,127.0992657,35.83591967,['효자5동'],['5211173000']
전북특별자치도 전주시 완산구 척동7길 16,127.0984064,35.82370147,['효자5동'],['5211173000']
전북특별자치도 전주시 완산구 농소2길 17,127.0987686,35.81415845,['효자5동'],['5211173000']
전북특별자치도 전주시 덕진구 가리내2길 3,127.1111992,35.84678875,['덕진동'],['5211357000']
전북특별자치도 전주시 완산구 전라감영로 47-1,127.1442042,35.81577292,['중앙동'],['5211151000']
전북특별자치도 전주시 완산구 척동7길 6-5,127.0992751,35.82394563,['효자5동'],['5211173000']
전북특별자치도 전주시 완산구 마당재3길 8,127.1607596,35.82207786,['노송동'],['5211160500']
전북특별자치도 전주시 완산구 평화3길 7-5,127.1325285,35.78264989,['평화2동'],['5211169200']
전북특별자치도 전주시 완산구 소태정4길 17,127.102289,35.80505222,['효자4동'],['5211171400']
전북특별자치도 전주시 완산구 용머리로 9-10,127.1116794,35.80647101,['효자3동'],['5211171300']
전북특별자치도 전주시 완산구 우전1길 65-9,127.1055615,35.80916761,['효자4동'],['5211171400']
전북특별자치도 전주시 완산구 척동10길 10-4,127.1008289,35.82450239,['효자5동'],['5211173000']
전북특별자치도 전주시 완산구 배학4길 36-1,127.1000979,35.82063768,['효자5동'],['5211173000']
전북특별자치도 전주시 완산구 배학4길 46-8,127.1008186,35.82011894,['효자5동'],['5211173000']
전북특별자치도 전주시 덕진구 동가재미3길 4,127.1609852,35.83335177,['인후3동'],['5211356000']
전북특별자치도 전주시 완산구 고사평7길 23-4,127.1078125,35.83818348,['서신동'],['5211168000']
전북특별자치도 전주시 완산구 척동4길 9-5,127.1008246,35.82259443,['효자5동'],['5211173000']
전북특별자치도 전주시 덕진구 가리내6길 18,127.1098915,35.84490515,['덕진동'],['5211357000']
전북특별자치도 전주시 덕진구 가리내8길 6-12,127.1113039,35.84436959,['덕진동'],['5211357000']
전북특별자치도 전주시 완산구 전라감영2길 25-31,127.1410649,35.81540839,['중앙동'],['5211151000']
전북특별자치도 전주시 완산구 범안1길 30-5,127.1068336,35.81151536,['효자4동'],['5211171400']
전북특별자치도 전주시 완산구 중산8길 12-3,127.1216311,35.81747594,['중화산2동'],['5211167200']
전북특별자치도 전주시 완산구 용머리로 9-13,127.1110555,35.80638759,['효자3동'],['5211171300']
전북특별자치도 전주시 완산구 배학3길 15-1,127.0954895,35.81965401,['효자5동'],['5211173000']
전북특별자치도 전주시 완산구 평화1길 22,127.1311187,35.78268523,['평화2동'],['5211169200']
전북특별자치도 전주시 완산구 평화3길 11-5,127.1321375,35.78267096,['평화2동'],['5211169200']
전북특별자치도 전주시 완산구 신촌3길 27-37,127.1152859,35.81533863,['중화산2동'],['5211167200']
전북특별자치도 전주시 완산구 봉곡3길 35-5,127.1008513,35.81245009,['효자4동'],['5211171400']
전북특별자치도 전주시 완산구 척동3길 26-2,127.0975045,35.82261366,['효자5동'],['5211173000']
전북특별자치도 전주시 덕진구 호반6길 10-3,127.1178721,35.85059308,['덕진동'],['5211357000']
전북특별자치도 전주시 덕진구 솔내2길 74-8,127.1248471,35.8576142,['송천1동'],['5211364100']
전북특별자치도 전주시 덕진구 심방죽로 45,127.1513286,35.84006651,['인후2동'],['5211355000']
전북특별자치도 전주시 완산구 척동7길 18-5,127.0983262,35.82407394,['효자5동'],['5211173000']
전북특별자치도 전주시 완산구 농소4길 4-3,127.0975618,35.81479906,['효자5동'],['5211173000']
전북특별자치도 전주시 덕진구 무삼지4길 29,127.1635356,35.82650192,['인후3동'],['5211356000']
전북특별자치도 전주시 완산구 구룡1길 27-5,127.1047555,35.81209598,['효자4동'],['5211171400']
전북특별자치도 전주시 완산구 배학4길 36-4,127.099794,35.82051735,['효자5동'],['5211173000']
전북특별자치도 전주시 완산구 배학3길 16-10,127.0958858,35.82018508,['효자5동'],['5211173000']
전북특별자치도 전주시 완산구 배학3길 4-11,127.0962163,35.82019175,['효자5동'],['5211173000']
전북특별자치도 전주시 완산구 봉곡1길 4-8,127.0972011,35.81275556,['효자4동'],['5211171400']
전북특별자치도 전주시 덕진구 들사평1길 40-21,127.1222431,35.83688438,['덕진동'],['5211357000']
전북특별자치도 전주시 완산구 중산8길 8-4,127.1209949,35.81755661,['중화산2동'],['5211167200']
전북특별자치도 전주시 완산구 척동3길 9-2,127.0987835,35.82198742,['효자5동'],['5211173000']
전북특별자치도 전주시 완산구 신촌4길 9,127.1171714,35.8177694,['중화산2동'],['5211167200']
전북특별자치도 전주시 완산구 척동1길 24,127.0976174,35.8216001,['효자5동'],['5211173000']
전북특별자치도 전주시 완산구 배학4길 36,127.0997905,35.82064037,['효자5동'],['5211173000']
전북특별자치도 전주시 덕진구 권삼득로 215,127.1348737,35.83728491,['금암1동'],['5211358000']
전북특별자치도 전주시 완산구 평화3길 21-8,127.130827,35.78306083,['평화2동'],['5211169200']
전북특별자치도 전주시 덕진구 무삼지4길 27,127.1635835,35.82638748,['인후3동'],['5211356000']
전북특별자치도 전주시 덕진구 명주1길 1-7,127.1452514,35.84380188,['인후2동'],['5211355000']
전북특별자치도 전주시 완산구 평화3길 6,127.132808,35.7830994,['평화2동'],['5211169200']
전북특별자치도 전주시 완산구 평화4길 16-1,127.1350416,35.78243962,['평화2동'],['5211169200']
,,,['NaN'],['NaN']
전북특별자치도 전주시 완산구 구룡1길 19-12,127.1040006,35.81258241,['효자4동'],['5211171400']
전북특별자치도 전주시 완산구 배학3길 10,127.0960505,35.81999424,['효자5동'],['5211173000']
전북특별자치도 전주시 완산구 배학3길 4-9,127.0963833,35.82018774,['효자5동'],['5211173000']
전북특별자치도 전주시 완산구 배학3길 13-8,127.0955295,35.81938432,['효자5동'],['5211173000']
전북특별자치도 전주시 완산구 평화15길 5-5,127.1366991,35.79210598,['평화1동'],['5211169100']
전북특별자치도 전주시 덕진구 들사평2길 16-3,127.1216961,35.83951373,['덕진동'],['5211357000']
전북특별자치도 전주시 덕진구 우아2길 6,127.1575959,35.84891303,['우아1동'],['5211361100']
전북특별자치도 전주시 완산구 범안3길 11-8,127.1068124,35.81182857,['효자4동'],['5211171400']
전북특별자치도 전주시 완산구 안행9길 25-10,127.1330419,35.80235988,['효자1동'],['5211171100']
전북특별자치도 전주시 덕진구 가리내2길 14,127.1104205,35.84754057,['덕진동'],['5211357000']
전북특별자치도 전주시 덕진구 가리내3길 16-1,127.1097816,35.84668632,['덕진동'],['5211357000']
전북특별자치도 전주시 덕진구 가재미4길 6-3,127.1628914,35.82932463,['인후3동'],['5211356000']
전북특별자치도 전주시 완산구 산월2길 33-19,127.1192781,35.81336314,['중화산2동'],['5211167200']
전북특별자치도 전주시 완산구 평화3길 8,127.1326539,35.78312093,['평화2동'],['5211169200']
전북특별자치도 전주시 완산구 평화8길 8,127.1348019,35.78905743,['평화2동'],['5211169200']
전북특별자치도 전주시 완산구 척동8길 9-5,127.1008278,35.82394704,['효자5동'],['5211173000']
전북특별자치도 전주시 덕진구 동가재미3길 4-1,127.1611221,35.83337393,['인후3동'],['5211356000']
전북특별자치도 전주시 완산구 메너머1길 14-1,127.121107,35.82109602,['중화산2동'],['5211167200']
전북특별자치도 전주시 완산구 범안1길 26-8,127.1073823,35.81216801,['효자4동'],['5211171400']
전북특별자치도 전주시 덕진구 가리내10길 12,127.1108981,35.8423096,['덕진동'],['5211357000']
전북특별자치도 전주시 덕진구 서가재미3길 9-4,127.159257,35.83306522,['인후3동'],['5211356000']
전북특별자치도 전주시 완산구 봉곡3길 17-4,127.0990519,35.81230567,['효자4동'],['5211171400']
전북특별자치도 전주시 완산구 구룡2길 29-1,127.1051452,35.81336182,['효자4동'],['5211171400']
전북특별자치도 전주시 완산구 농소4길 20-6,127.0988838,35.81464287,['효자5동'],['5211173000']
전북특별자치도 전주시 완산구 구룡2길 28,127.1048277,35.81310821,['효자4동'],['5211171400']
전북특별자치도 전주시 완산구 소태정4길 19,127.1024945,35.80509043,['효자4동'],['5211171400']
전북특별자치도 전주시 완산구 척동10길 10-6,127.1008269,35.82435729,['효자5동'],['5211173000']
전북특별자치도 전주시 완산구 후곡길 11-10,127.0953633,35.81008037,['효자4동'],['5211171400']
전북특별자치도 전주시 완산구 용호로 124,127.0972282,35.81442602,['효자5동'],['5211173000']
전북특별자치도 전주시 덕진구 반촌5길 18-7,127.1454196,35.83098823,['진북동'],['5211352500']
전북특별자치도 전주시 완산구 평화로 222-8,127.1368544,35.79642249,['평화1동'],['5211169100']
전북특별자치도 전주시 덕진구 석소1길 3,127.1682538,35.83270219,['우아2동'],['5211361200']
전북특별자치도 전주시 완산구 서신천변7길 6-6,127.1138907,35.82894088,['서신동'],['5211168000']
전북특별자치도 전주시 덕진구 가리내6길 16-12,127.110156,35.84567341,['덕진동'],['5211357000']
전북특별자치도 전주시 완산구 전룡2길 12,127.1176338,35.82614995,['서신동'],['5211168000']
전북특별자치도 전주시 완산구 황강서원로 37-1,127.1014457,35.82884991,['효자5동'],['5211173000']
전북특별자치도 전주시 완산구 척동8길 13-3,127.1013502,35.82380582,['효자5동'],['5211173000']
전북특별자치도 전주시 완산구 척동4길 9-6,127.1011292,35.82258597,['효자5동'],['5211173000']
전북특별자치도 전주시 완산구 배학3길 16-12,127.096051,35.8201881,['효자5동'],['5211173000']
전북특별자치도 전주시 덕진구 석소로 12,127.1698573,35.82865752,['우아2동'],['5211361200']
전북특별자치도 전주시 완산구 효동1길 7,127.1246966,35.80516247,['효자1동'],['5211171100']
전북특별자치도 전주시 완산구 황강서원5길 23,127.1008918,35.8292363,['효자5동'],['5211173000']
전북특별자치도 전주시 완산구 배학6길 10-6,127.0977897,35.82036659,['효자5동'],['5211173000']
전북특별자치도 전주시 덕진구 솔내1길 49-7,127.1231244,35.85558004,['송천1동'],['5211364100']
전북특별자치도 전주시 완산구 전룡4길 18-4,127.1198766,35.82684242,['서신동'],['5211168000']
전북특별자치도 전주시 완산구 봉곡1길 24-4,127.0993121,35.81301105,['효자4동'],['5211171400']
전북특별자치도 전주시 완산구 구룡1길 13-5,127.1031679,35.81232889,['효자4동'],['5211171400']
전북특별자치도 전주시 완산구 문학대1길 10-13,127.0996062,35.82540503,['효자5동'],['5211173000']
전북특별자치도 전주시 완산구 문학대1길 3,127.1017346,35.8254466,['효자5동'],['5211173000']
전북특별자치도 전주시 덕진구 매봉4길 9-1,127.1398718,35.84154178,['금암2동'],['5211359000']
전북특별자치도 전주시 덕진구 붓내4길 9-3,127.122206,35.86806317,['송천1동'],['5211364100']
전북특별자치도 전주시 완산구 마전들로 39,127.0999959,35.821207,['효자5동'],['5211173000']
전북특별자치도 전주시 덕진구 모래내3길 31,127.1419754,35.83599631,['금암2동'],['5211359000']
전북특별자치도 전주시 덕진구 아중1길 18,127.1716966,35.82876964,['우아2동'],['5211361200']
전북특별자치도 전주시 완산구 문학대3길 3-6,127.101397,35.82642926,['효자5동'],['5211173000']
전북특별자치도 전주시 완산구 척동3길 4,127.0995617,35.8223087,['효자5동'],['5211173000']
전북특별자치도 전주시 덕진구 사근1길 15-7,127.1289534,35.8671719,['송천1동'],['5211364100']
전북특별자치도 전주시 덕진구 떡전4길 21-2,127.1302135,35.8374621,['금암1동'],['5211358000']
전북특별자치도 전주시 덕진구 가리내3길 20-6,127.1095481,35.84697277,['덕진동'],['5211357000']
전북특별자치도 전주시 덕진구 가리내6길 16-5,127.1098734,35.84520781,['덕진동'],['5211357000']
전북특별자치도 전주시 덕진구 무삼지2길 9-6,127.1622768,35.82598477,['인후3동'],['5211356000']
전북특별자치도 전주시 완산구 농소4길 6,127.0975627,35.81505078,['효자5동'],['5211173000']
전북특별자치도 전주시 덕진구 기린대로 364-49,127.1335214,35.83762007,['금암1동'],['5211358000']
,,,['NaN'],['NaN']
전북특별자치도 전주시 완산구 평화14길 32,127.1329324,35.79263834,['평화2동'],['5211169200']
전북특별자치도 전주시 완산구 황강서원4길 16-31,127.098799,35.82683987,['효자5동'],['5211173000']
전북특별자치도 전주시 완산구 척동4길 11,127.1011322,35.82230108,['효자5동'],['5211173000']
전북특별자치도 전주시 완산구 배학6길 4-2,127.0972246,35.82049322,['효자5동'],['5211173000']
전북특별자치도 전주시 덕진구 가리내8길 10-6,127.1107971,35.84389167,['덕진동'],['5211357000']
전북특별자치도 전주시 완산구 안행7길 5-13,127.1332994,35.80191392,['효자1동'],['5211171100']
전북특별자치도 전주시 완산구 척동10길 10-8,127.1008278,35.82422328,['효자5동'],['5211173000']
전북특별자치도 전주시 덕진구 정언신로 82,127.1628318,35.83067624,['인후3동'],['5211356000']
전북특별자치도 전주시 완산구 구룡1길 13-2,127.1034769,35.81206022,['효자4동'],['5211171400']
전북특별자치도 전주시 완산구 후곡길 31-33,127.0942248,35.8112713,['효자4동'],['5211171400']
전북특별자치도 전주시 완산구 서곡5길 9-6,127.1013334,35.83693952,['효자5동'],['5211173000']
전북특별자치도 전주시 완산구 황강서원2길 25,127.1010641,35.82806271,['효자5동'],['5211173000']
전북특별자치도 전주시 완산구 척동10길 6-8,127.1003095,35.82421911,['효자5동'],['5211173000']
전북특별자치도 전주시 덕진구 들사평3길 8,127.1219219,35.84100733,['덕진동'],['5211357000']
전북특별자치도 전주시 덕진구 사근1길 15-6,127.1292407,35.86693492,['송천1동'],['5211364100']
전북특별자치도 전주시 완산구 척동3길 26,127.0976241,35.8225521,['효자5동'],['5211173000']
전북특별자치도 전주시 덕진구 사근1길 15-8,127.1291128,35.86697732,['송천1동'],['5211364100']
전북특별자치도 전주시 완산구 문학대2길 27-7,127.1047123,35.82613099,['효자5동'],['5211173000']
전북특별자치도 전주시 덕진구 심방죽3길 2,127.1512787,35.83992679,['인후2동'],['5211355000']
전북특별자치도 전주시 완산구 반촌로 5-1,127.1451816,35.82785358,['노송동'],['5211160500']
전북특별자치도 전주시 완산구 중산9길 3-6,127.1197068,35.81827485,['중화산2동'],['5211167200']
전북특별자치도 전주시 완산구 고사평7길 5-3,127.1095655,35.83715275,['서신동'],['5211168000']
전북특별자치도 전주시 완산구 서곡3길 24-7,127.0999494,35.83737374,['효자5동'],['5211173000']
전북특별자치도 전주시 완산구 황강서원4길 15-5,127.1008958,35.82757356,['효자5동'],['5211173000']
전북특별자치도 전주시 완산구 범안1길 28,127.1073887,35.81160616,['효자4동'],['5211171400']
전북특별자치도 전주시 완산구 황강서원5길 19,127.1013128,35.82909832,['효자5동'],['5211173000']
전북특별자치도 전주시 완산구 문학대2길 27-5,127.1047094,35.82599418,['효자5동'],['5211173000']
전북특별자치도 전주시 완산구 척동10길 6-6,127.100311,35.82435899,['효자5동'],['5211173000']
전북특별자치도 전주시 완산구 구룡1길 33-7,127.1052635,35.81209292,['효자4동'],['5211171400']
전북특별자치도 전주시 완산구 황강서원로 36,127.1011457,35.82855212,['효자5동'],['5211173000']
전북특별자치도 전주시 덕진구 호반6길 3-10,127.1165569,35.85072135,['덕진동'],['5211357000']
전북특별자치도 전주시 덕진구 송천4길 50,127.1163434,35.86166063,['송천2동'],['5211364200']
전북특별자치도 전주시 완산구 서곡4길 29,127.1038466,35.83394123,['효자5동'],['5211173000']
전북특별자치도 전주시 완산구 배학4길 40-1,127.1006077,35.82050468,['효자5동'],['5211173000']
전북특별자치도 전주시 덕진구 호반8길 22-7,127.1175288,35.85203254,['덕진동'],['5211357000']
,,,['NaN'],['NaN']
전북특별자치도 전주시 덕진구 모래내6길 61,127.1437575,35.83878196,['금암2동'],['5211359000']
전북특별자치도 전주시 덕진구 모래내6길 59-2,127.1435249,35.83866192,['금암2동'],['5211359000']
전북특별자치도 전주시 덕진구 가리내6길 20-6,127.1096612,35.84520125,['덕진동'],['5211357000']
전북특별자치도 전주시 완산구 선너머4길 9-1,127.132105,35.81349357,['중화산1동'],['5211167100']
전북특별자치도 전주시 완산구 황강서원4길 15-2,127.1005711,35.82731526,['효자5동'],['5211173000']
전북특별자치도 전주시 덕진구 송천중앙로 106-7,127.1210704,35.85651989,['송천1동'],['5211364100']
전북특별자치도 전주시 덕진구 한배미1길 59,127.1677067,35.82272206,['인후3동'],['5211356000']
전북특별자치도 전주시 완산구 황강서원2길 3-6,127.0992779,35.82825482,['효자5동'],['5211173000']
전북특별자치도 전주시 덕진구 금암5길 7,127.1373767,35.838609,['금암1동'],['5211358000']
전북특별자치도 전주시 완산구 황강서원1길 4-5,127.0985687,35.82880463,['효자5동'],['5211173000']
전북특별자치도 전주시 완산구 문학대2길 27-3,127.1047091,35.82585079,['효자5동'],['5211173000']
전북특별자치도 전주시 완산구 황강서원로 33,127.1009972,35.82885777,['효자5동'],['5211173000']
전북특별자치도 전주시 완산구 덕적골3길 18-4,127.1447918,35.79861264,['평화1동'],['5211169100']
전북특별자치도 전주시 완산구 범안1길 26-1,127.1074697,35.81180698,['효자4동'],['5211171400']
전북특별자치도 전주시 완산구 황강서원로 32,127.1006985,35.82854609,['효자5동'],['5211173000']
전북특별자치도 전주시 덕진구 금암2길 23,127.1340993,35.83905071,['금암1동'],['5211358000']
전북특별자치도 전주시 완산구 황강서원로 38,127.1012921,35.8285611,['효자5동'],['5211173000']
전북특별자치도 전주시 완산구 배학6길 4-3,127.0975446,35.82050621,['효자5동'],['5211173000']
전북특별자치도 전주시 완산구 용호로 184,127.0972248,35.81948733,['효자5동'],['5211173000']
전북특별자치도 전주시 덕진구 아중7길 13-8,127.1718373,35.83249055,['우아2동'],['5211361200']
전북특별자치도 전주시 덕진구 떡전5길 26-2,127.1307497,35.83753136,['금암1동'],['5211358000']
전북특별자치도 전주시 덕진구 가재미1길 15,127.1609681,35.828014,['인후3동'],['5211356000']
전북특별자치도 전주시 완산구 메너머1길 16,127.120971,35.82109093,['중화산2동'],['5211167200']
전북특별자치도 전주시 완산구 소태정4길 19-6,127.1025774,35.8052799,['효자4동'],['5211171400']
전북특별자치도 전주시 완산구 서곡1길 14-20,127.1005766,35.83562432,['효자5동'],['5211173000']
전북특별자치도 전주시 완산구 척동길 26,127.0998048,35.82285602,['효자5동'],['5211173000']
전북특별자치도 전주시 완산구 농소2길 3-6,127.0975583,35.81455112,['효자5동'],['5211173000']
전북특별자치도 전주시 완산구 농소4길 10-7,127.0981696,35.81466247,['효자5동'],['5211173000']
전북특별자치도 전주시 완산구 척동9길 9-6,127.0985213,35.82428873,['효자5동'],['5211173000']
전북특별자치도 전주시 완산구 척동9길 9-4,127.0986035,35.82439888,['효자5동'],['5211173000']
전북특별자치도 전주시 완산구 척동4길 16-4,127.1013452,35.8219705,['효자5동'],['5211173000']
전북특별자치도 전주시 덕진구 가리내5길 16,127.1099445,35.84609945,['덕진동'],['5211357000']
전북특별자치도 전주시 덕진구 건산3길 21-4,127.1412758,35.83320495,['진북동'],['5211352500']
전북특별자치도 전주시 완산구 선너머3길 18-15,127.1310932,35.81454428,['중화산1동'],['5211167100']
전북특별자치도 전주시 완산구 용호로 130,127.0972316,35.81479383,['효자5동'],['5211173000']
전북특별자치도 전주시 덕진구 떡전5길 24-1,127.1305082,35.83765411,['금암1동'],['5211358000']
전북특별자치도 전주시 덕진구 쪽구름2길 29,127.0763257,35.87538419,['조촌동'],['5211365000']
전북특별자치도 전주시 덕진구 인교9길 55-7,127.1752736,35.82724567,['우아2동'],['5211361200']
전북특별자치도 전주시 덕진구 아중3길 17,127.1711373,35.82976425,['우아2동'],['5211361200']
전북특별자치도 전주시 덕진구 아중3길 15,127.1709324,35.82968758,['우아2동'],['5211361200']
전북특별자치도 전주시 덕진구 우아3길 29,127.1539184,35.84813722,['우아1동'],['5211361100']
전북특별자치도 전주시 덕진구 우아3길 27,127.1540825,35.84818153,['우아1동'],['5211361100']
전북특별자치도 전주시 덕진구 우아3길 31,127.1537542,35.84809462,['우아1동'],['5211361100']
전북특별자치도 전주시 완산구 중산3길 3-6,127.1197229,35.81524822,['중화산2동'],['5211167200']
전북특별자치도 전주시 완산구 구룡1길 27-7,127.1047556,35.81227299,['효자4동'],['5211171400']
전북특별자치도 전주시 완산구 배학4길 40,127.1003082,35.82063904,['효자5동'],['5211173000']
전북특별자치도 전주시 덕진구 기린대로 364-129,127.1349367,35.83613231,['금암1동'],['5211358000']
전북특별자치도 전주시 완산구 척동1길 28-2,127.0971621,35.8215993,['효자5동'],['5211173000']
전북특별자치도 전주시 덕진구 아중6길 20,127.1722893,35.83212228,['우아2동'],['5211361200']
전북특별자치도 전주시 덕진구 추천3길 5,127.1076636,35.84967518,['팔복동'],['5211360000']
전북특별자치도 전주시 완산구 서곡3길 13,127.1003577,35.8362845,['효자5동'],['5211173000']
전북특별자치도 전주시 완산구 배학2길 42-1,127.1014665,35.8194256,['효자5동'],['5211173000']
전북특별자치도 전주시 덕진구 가리내8길 10-12,127.1107801,35.84434222,['덕진동'],['5211357000']
전북특별자치도 전주시 덕진구 석소로 25-11,127.1680091,35.829029,['인후3동'],['5211356000']
전북특별자치도 전주시 완산구 고사평9길 8,127.110358,35.8382256,['서신동'],['5211168000']
전북특별자치도 전주시 완산구 범안1길 26,127.1076012,35.81174828,['효자4동'],['5211171400']
전북특별자치도 전주시 완산구 백마산길 67-7,127.0857052,35.8171904,['효자4동'],['5211171400']
전북특별자치도 전주시 완산구 문학대2길 14,127.1033662,35.82547162,['효자5동'],['5211173000']
전북특별자치도 전주시 덕진구 견훤로 251-6,127.1570687,35.83426091,['인후3동'],['5211356000']
전북특별자치도 전주시 덕진구 추천3길 7,127.1076918,35.84989217,['팔복동'],['5211360000']
전북특별자치도 전주시 완산구 선너머2길 29,127.128046,35.81430125,['중화산1동'],['5211167100']
전북특별자치도 전주시 완산구 용호로 195,127.0968397,35.82064071,['효자5동'],['5211173000']
전북특별자치도 전주시 완산구 맏내3길 9-6,127.1306813,35.7924391,['평화2동'],['5211169200']
전북특별자치도 전주시 완산구 농소4길 10-4,127.0978461,35.81479666,['효자5동'],['5211173000']
전북특별자치도 전주시 완산구 농소4길 16-4,127.0984206,35.81479863,['효자5동'],['5211173000']
전북특별자치도 전주시 덕진구 용산3길 27,127.1338196,35.83561182,['금암1동'],['5211358000']
전북특별자치도 전주시 덕진구 가리내2길 15,127.1100819,35.84733648,['덕진동'],['5211357000']
전북특별자치도 전주시 완산구 황강서원2길 4-9,127.0986716,35.827455,['효자5동'],['5211173000']
전북특별자치도 전주시 덕진구 금암5길 9,127.1371366,35.83868083,['금암1동'],['5211358000']
전북특별자치도 전주시 덕진구 권삼득로 211-8,127.1347154,35.83690872,['금암1동'],['5211358000']
전북특별자치도 전주시 덕진구 금암5길 31,127.1351032,35.83984873,['금암1동'],['5211358000']
전북특별자치도 전주시 덕진구 호반7길 10-3,127.1143914,35.85038573,['덕진동'],['5211357000']
전북특별자치도 전주시 완산구 황강서원로 29,127.1004435,35.82884012,['효자5동'],['5211173000']
전북특별자치도 전주시 완산구 물왕멀2길 16-4,127.148296,35.8264047,['노송동'],['5211160500']
전북특별자치도 전주시 완산구 척동3길 26-5,127.0974257,35.82292989,['효자5동'],['5211173000']
전북특별자치도 전주시 완산구 황강서원4길 16-35,127.0985989,35.8271736,['효자5동'],['5211173000']
전북특별자치도 전주시 완산구 척동4길 10-4,127.1008234,35.82198158,['효자5동'],['5211173000']
전북특별자치도 전주시 덕진구 가리내4길 14,127.1100609,35.84635764,['덕진동'],['5211357000']
전북특별자치도 전주시 덕진구 솔내1길 49-3,127.1229346,35.85523776,['송천1동'],['5211364100']
전북특별자치도 전주시 덕진구 진버들6길 12-10,127.167819,35.83696394,['우아2동'],['5211361200']
전북특별자치도 전주시 덕진구 가재미1길 13,127.1610412,35.82789566,['인후3동'],['5211356000']
전북특별자치도 전주시 완산구 서학2길 48-33,127.1512572,35.80752925,['서서학동'],['5211166000']
전북특별자치도 전주시 완산구 척동8길 5-5,127.100311,35.82395225,['효자5동'],['5211173000']
전북특별자치도 전주시 완산구 척동3길 5-6,127.0992707,35.82185624,['효자5동'],['5211173000']
전북특별자치도 전주시 덕진구 매봉3길 18,127.1425143,35.84218731,['금암2동'],['5211359000']
전북특별자치도 전주시 덕진구 명륜1길 13-4,127.1297475,35.84116722,['금암1동'],['5211358000']
전북특별자치도 전주시 덕진구 가리내6길 6-7,127.1109116,35.84554591,['덕진동'],['5211357000']
전북특별자치도 전주시 완산구 효동3길 26-5,127.1288775,35.80409078,['효자1동'],['5211171100']
전북특별자치도 전주시 완산구 배학2길 19,127.0990548,35.81945844,['효자5동'],['5211173000']
전북특별자치도 전주시 완산구 봉곡3길 7-4,127.0980259,35.81232138,['효자4동'],['5211171400']
전북특별자치도 전주시 덕진구 심방죽2길 8,127.1516983,35.83783228,['인후1동'],['5211354000']
전북특별자치도 전주시 덕진구 금암2길 23-1,127.1342319,35.83895629,['금암1동'],['5211358000']
전북특별자치도 전주시 덕진구 들사평4길 8-9,127.1228352,35.84150344,['덕진동'],['5211357000']
전북특별자치도 전주시 덕진구 솔내1길 49-1,127.1229846,35.85510405,['송천1동'],['5211364100']
전북특별자치도 전주시 덕진구 아중로 236-1,127.1749196,35.82885566,['우아2동'],['5211361200']
전북특별자치도 전주시 덕진구 석소1길 17,127.1682863,35.83379861,['우아2동'],['5211361200']
전북특별자치도 전주시 완산구 장승배기로 42-11,127.117718,35.79139856,['삼천2동'],['5211170200']
전북특별자치도 전주시 완산구 척동4길 12,127.1011337,35.82211326,['효자5동'],['5211173000']
전북특별자치도 전주시 완산구 척동8길 6-1,127.1005711,35.82340569,['효자5동'],['5211173000']
전북특별자치도 전주시 덕진구 솔내1길 79-1,127.1251202,35.85745935,['송천1동'],['5211364100']
전북특별자치도 전주시 완산구 팔달로 28,127.1496614,35.80502331,['서서학동'],['5211166000']
전북특별자치도 전주시 완산구 새터로 22,127.1089303,35.83633417,['서신동'],['5211168000']
전북특별자치도 전주시 완산구 황강서원3길 5,127.1000967,35.82926914,['효자5동'],['5211173000']
전북특별자치도 전주시 완산구 배학3길 15-3,127.095468,35.81952947,['효자5동'],['5211173000']
전북특별자치도 전주시 완산구 고사평7길 13-4,127.1087416,35.83760439,['서신동'],['5211168000']
전북특별자치도 전주시 완산구 석구길 9-19,127.1277467,35.7634404,['평화2동'],['5211169200']
전북특별자치도 전주시 완산구 황강서원1길 3-14,127.0972738,35.82867149,['효자5동'],['5211173000']
전북특별자치도 전주시 완산구 봉곡4길 18-6,127.0952288,35.81247531,['효자4동'],['5211171400']
전북특별자치도 전주시 덕진구 가리내3길 9,127.1106342,35.84635703,['덕진동'],['5211357000']
전북특별자치도 전주시 완산구 팔달로 286-12,127.1437993,35.82758081,['노송동'],['5211160500']
전북특별자치도 전주시 완산구 인정3길 11,127.1190657,35.82037804,['중화산2동'],['5211167200']
전북특별자치도 전주시 완산구 우전1길 49-2,127.1055167,35.80838211,['효자4동'],['5211171400']
전북특별자치도 전주시 완산구 황강서원3길 3,127.1000928,35.82910709,['효자5동'],['5211173000']
전북특별자치도 전주시 완산구 후곡길 11-26,127.0949723,35.80999146,['효자4동'],['5211171400']
전북특별자치도 전주시 완산구 우전1길 55-3,127.1054918,35.80854833,['효자4동'],['5211171400']
전북특별자치도 전주시 완산구 척동5길 19-2,127.0976587,35.8232136,['효자5동'],['5211173000']
전북특별자치도 전주시 완산구 척동8길 9-6,127.1011347,35.82394038,['효자5동'],['5211173000']
전북특별자치도 전주시 완산구 농소4길 10,127.0978471,35.815051,['효자5동'],['5211173000']
전북특별자치도 전주시 완산구 전룡6길 3-6,127.1211876,35.8257513,['서신동'],['5211168000']
전북특별자치도 전주시 완산구 황강서원1길 3-12,127.097413,35.8285707,['효자5동'],['5211173000']
전북특별자치도 전주시 완산구 문학대2길 22,127.1041102,35.82547548,['효자5동'],['5211173000']
전북특별자치도 전주시 덕진구 견훤로 251-4,127.157206,35.83418998,['인후3동'],['5211356000']
전북특별자치도 전주시 덕진구 건지3길 10-16,127.1451284,35.84507713,['인후2동'],['5211355000']
전북특별자치도 전주시 완산구 중산1길 4-3,127.119819,35.81469746,['중화산2동'],['5211167200']
전북특별자치도 전주시 완산구 척동7길 15,127.0983462,35.82345818,['효자5동'],['5211173000']
전북특별자치도 전주시 완산구 척동6길 6,127.1006133,35.82299342,['효자5동'],['5211173000']
전북특별자치도 전주시 완산구 황강서원5길 47,127.0985213,35.82902899,['효자5동'],['5211173000']
전북특별자치도 전주시 덕진구 도당산3길 12,127.1562159,35.84669982,['우아1동'],['5211361100']
전북특별자치도 전주시 덕진구 견훤왕궁로 134,127.1521442,35.83192217,['인후1동'],['5211354000']
전북특별자치도 전주시 완산구 봉곡3길 33,127.1006393,35.81216412,['효자4동'],['5211171400']
전북특별자치도 전주시 완산구 봉곡3길 35,127.1008476,35.81216791,['효자4동'],['5211171400']
전북특별자치도 전주시 덕진구 떡전4길 28-3,127.129985,35.83666906,['금암1동'],['5211358000']
전북특별자치도 전주시 덕진구 인교1길 8,127.1726789,35.82781812,['우아2동'],['5211361200']
전북특별자치도 전주시 덕진구 명주5길 13-24,127.1514387,35.84484997,['인후2동'],['5211355000']
전북특별자치도 전주시 완산구 덕적골3길 18-6,127.1446105,35.79860655,['평화1동'],['5211169100']
전북특별자치도 전주시 완산구 황강서원4길 4-1,127.0999309,35.82830078,['효자5동'],['5211173000']
전북특별자치도 전주시 덕진구 금암3길 22-1,127.1366313,35.84091418,['금암1동'],['5211358000']
전북특별자치도 전주시 덕진구 호반8길 14-5,127.116879,35.85159336,['덕진동'],['5211357000']
전북특별자치도 전주시 덕진구 인후1길 6-1,127.1522172,35.83217245,['인후1동'],['5211354000']
전북특별자치도 전주시 덕진구 신복3길 10,127.1081102,35.85371844,['팔복동'],['5211360000']
전북특별자치도 전주시 완산구 고사평6길 15-4,127.1115419,35.8361161,['서신동'],['5211168000']
전북특별자치도 전주시 완산구 척동길 19,127.1000747,35.82342755,['효자5동'],['5211173000']
전북특별자치도 전주시 덕진구 신복3길 10-3,127.1084486,35.85367785,['팔복동'],['5211360000']
전북특별자치도 전주시 덕진구 신복3길 10-9,127.1089748,35.85361654,['팔복동'],['5211360000']
전북특별자치도 전주시 완산구 고사평5길 24-3,127.1072986,35.83752981,['서신동'],['5211168000']
전북특별자치도 전주시 완산구 장승배기로 106,127.1246654,35.79340282,['평화2동'],['5211169200']
전북특별자치도 전주시 완산구 척동4길 9-4,127.1011261,35.82246359,['효자5동'],['5211173000']
전북특별자치도 전주시 완산구 배학2길 27-6,127.1000987,35.81995651,['효자5동'],['5211173000']
전북특별자치도 전주시 덕진구 신복3길 10-1,127.1082745,35.85369801,['팔복동'],['5211360000']
전북특별자치도 전주시 완산구 배학4길 3-5,127.0972222,35.8202352,['효자5동'],['5211173000']
전북특별자치도 전주시 완산구 용머리로 272-1,127.1390072,35.81040455,['완산동'],['5211163500']
전북특별자치도 전주시 완산구 인정3길 9,127.1192565,35.820382,['중화산2동'],['5211167200']
전북특별자치도 전주시 완산구 메너머2길 37-14,127.1184895,35.82149392,['중화산2동'],['5211167200']
전북특별자치도 전주시 완산구 황강서원로 34-1,127.1009982,35.82854909,['효자5동'],['5211173000']
전북특별자치도 전주시 완산구 척동9길 9-8,127.0984253,35.8241793,['효자5동'],['5211173000']
전북특별자치도 전주시 덕진구 떡전4길 21-4,127.1303908,35.83752824,['금암1동'],['5211358000']
전북특별자치도 전주시 덕진구 가리내7길 11,127.1104447,35.84451332,['덕진동'],['5211357000']
전북특별자치도 전주시 덕진구 진버들2길 26,127.1606027,35.83667323,['인후3동'],['5211356000']
전북특별자치도 전주시 완산구 황강서원4길 4-3,127.099768,35.82829326,['효자5동'],['5211173000']
전북특별자치도 전주시 완산구 마전들로 23,127.0980999,35.82119162,['효자5동'],['5211173000']
전북특별자치도 전주시 완산구 배학4길 4-4,127.0972212,35.81962504,['효자5동'],['5211173000']
전북특별자치도 전주시 덕진구 한배미2길 15,127.1648716,35.82510954,['인후3동'],['5211356000']
전북특별자치도 전주시 완산구 척동9길 9-2,127.0986733,35.82452356,['효자5동'],['5211173000']
전북특별자치도 전주시 덕진구 석소로 90-15,127.1686344,35.8356923,['우아2동'],['5211361200']
전북특별자치도 전주시 덕진구 견훤로 251-10,127.1567344,35.83436607,['인후3동'],['5211356000']
전북특별자치도 전주시 덕진구 신복3길 10-7,127.1087962,35.8536359,['팔복동'],['5211360000']
전북특별자치도 전주시 완산구 문학대5길 18,127.1037864,35.8271092,['효자5동'],['5211173000']
전북특별자치도 전주시 덕진구 도당산2길 11-5,127.1555587,35.84669995,['우아1동'],['5211361100']
전북특별자치도 전주시 덕진구 한배미1길 17,127.1642023,35.82416125,['인후3동'],['5211356000']
전북특별자치도 전주시 덕진구 팽나무5길 11-1,127.1561979,35.83593523,['인후1동'],['5211354000']
전북특별자치도 전주시 완산구 흑석2길 3,127.1498683,35.79730833,['서서학동'],['5211166000']
전북특별자치도 전주시 완산구 흑석2길 1,127.1500842,35.79740792,['서서학동'],['5211166000']
전북특별자치도 전주시 완산구 문학대4길 18-4,127.1036301,35.82653848,['효자5동'],['5211173000']
전북특별자치도 전주시 완산구 메너머3길 9-3,127.1218262,35.82344704,['중화산2동'],['5211167200']
전북특별자치도 전주시 완산구 범안3길 15-3,127.1066071,35.81211319,['효자4동'],['5211171400']
전북특별자치도 전주시 완산구 척동7길 18,127.0981512,35.82384795,['효자5동'],['5211173000']
전북특별자치도 전주시 완산구 배학3길 16,127.0955614,35.81997859,['효자5동'],['5211173000']
전북특별자치도 전주시 덕진구 가리내6길 6-4,127.1112384,35.84526099,['덕진동'],['5211357000']
전북특별자치도 전주시 완산구 메너머2길 37-12,127.1184842,35.82162803,['중화산2동'],['5211167200']
전북특별자치도 전주시 덕진구 호반6길 3-12,127.1164641,35.85077371,['덕진동'],['5211357000']
전북특별자치도 전주시 덕진구 아중천2길 35,127.1717102,35.83639182,['우아2동'],['5211361200']
전북특별자치도 전주시 덕진구 무삼지1길 14-4,127.1622473,35.82545442,['인후3동'],['5211356000']
전북특별자치도 전주시 완산구 흑석2길 3-1,127.1500213,35.79718503,['서서학동'],['5211166000']
전북특별자치도 전주시 완산구 중산9길 7-3,127.1195503,35.81837379,['중화산2동'],['5211167200']
전북특별자치도 전주시 완산구 서곡4길 4,127.1020163,35.83544114,['효자5동'],['5211173000']
전북특별자치도 전주시 완산구 척동3길 5-5,127.0995621,35.82183635,['효자5동'],['5211173000']
전북특별자치도 전주시 덕진구 매봉5길 15,127.1425257,35.8418176,['금암2동'],['5211359000']
전북특별자치도 전주시 덕진구 견훤로 251-8,127.1569397,35.83434201,['인후3동'],['5211356000']
전북특별자치도 전주시 완산구 장승배기로 42-9,127.1177196,35.79165415,['삼천2동'],['5211170200']
전북특별자치도 전주시 완산구 구룡1길 13-4,127.103473,35.81218694,['효자4동'],['5211171400']
전북특별자치도 전주시 완산구 봉곡로 8-1,127.0947187,35.81168215,['효자4동'],['5211171400']
전북특별자치도 전주시 완산구 용호로 128,127.0972292,35.81467036,['효자5동'],['5211173000']
전북특별자치도 전주시 완산구 메너머4길 17-6,127.1206574,35.82450855,['중화산2동'],['5211167200']
전북특별자치도 전주시 완산구 황강서원로 17,127.0989961,35.82877706,['효자5동'],['5211173000']
전북특별자치도 전주시 완산구 황강서원2길 4-8,127.0983363,35.82747871,['효자5동'],['5211173000']
전북특별자치도 전주시 완산구 소태정4길 23-4,127.1030025,35.80523276,['효자4동'],['5211171400']
전북특별자치도 전주시 완산구 공북4길 26,127.1403639,35.82709513,['중앙동'],['5211151000']
전북특별자치도 전주시 완산구 척동7길 18-3,127.0982456,35.82396062,['효자5동'],['5211173000']
전북특별자치도 전주시 덕진구 조경단로 3-6,127.1360666,35.83571925,['금암1동'],['5211358000']
전북특별자치도 전주시 덕진구 금암5길 32-6,127.1359412,35.84001533,['금암1동'],['5211358000']
전북특별자치도 전주시 완산구 고사평9길 3-6,127.1101767,35.83767906,['서신동'],['5211168000']
전북특별자치도 전주시 완산구 메너머2길 37-16,127.1184933,35.82135747,['중화산2동'],['5211167200']
전북특별자치도 전주시 완산구 척동길 11-1,127.1001019,35.82408076,['효자5동'],['5211173000']
전북특별자치도 전주시 덕진구 가리내5길 6,127.1110442,35.84612719,['덕진동'],['5211357000']
전북특별자치도 전주시 덕진구 가리내8길 19,127.1097145,35.84330766,['덕진동'],['5211357000']
전북특별자치도 전주시 덕진구 와룡로 91,127.1116633,35.86774817,['송천2동'],['5211364200']
전북특별자치도 전주시 완산구 고사평7길 4-3,127.1100414,35.83752967,['서신동'],['5211168000']
전북특별자치도 전주시 완산구 새터로 23,127.1093462,35.83647331,['서신동'],['5211168000']
전북특별자치도 전주시 완산구 문학대2길 28,127.1048227,35.82549298,['효자5동'],['5211173000']
전북특별자치도 전주시 완산구 척동10길 1,127.1000798,35.82486875,['효자5동'],['5211173000']
전북특별자치도 전주시 완산구 척동길 36,127.0998036,35.8219808,['효자5동'],['5211173000']
전북특별자치도 전주시 덕진구 기린대로 364-53,127.1337308,35.83767643,['금암1동'],['5211358000']
전북특별자치도 전주시 덕진구 솔내1길 49-5,127.1230023,35.85541064,['송천1동'],['5211364100']
전북특별자치도 전주시 덕진구 붓내4길 9,127.1223762,35.86792519,['송천1동'],['5211364100']
전북특별자치도 전주시 완산구 강당2길 51,127.1333035,35.81277827,['중화산1동'],['5211167100']
전북특별자치도 전주시 완산구 황강서원1길 3-11,127.0973086,35.82829374,['효자5동'],['5211173000']
전북특별자치도 전주시 덕진구 붓내3길 17-17,127.1232729,35.86843682,['송천1동'],['5211364100']
전북특별자치도 전주시 완산구 물왕멀로 7,127.1505065,35.82426624,['노송동'],['5211160500']
전북특별자치도 전주시 완산구 평화19길 9-7,127.1371856,35.79570183,['평화1동'],['5211169100']
전북특별자치도 전주시 완산구 척동8길 5-3,127.100302,35.82380436,['효자5동'],['5211173000']
전북특별자치도 전주시 완산구 척동7길 18-6,127.0986028,35.82398106,['효자5동'],['5211173000']
전북특별자치도 전주시 완산구 봉곡3길 13-3,127.0982358,35.81232274,['효자4동'],['5211171400']
전북특별자치도 전주시 완산구 봉곡로 43,127.0986126,35.81193859,['효자4동'],['5211171400']
전북특별자치도 전주시 덕진구 들사평2길 16,127.1218532,35.83961766,['덕진동'],['5211357000']
전북특별자치도 전주시 완산구 척동9길 9,127.098763,35.82463732,['효자5동'],['5211173000']
전북특별자치도 전주시 완산구 척동10길 1-1,127.1002367,35.8248652,['효자5동'],['5211173000']
전북특별자치도 전주시 덕진구 권삼득로 203,127.1355234,35.83647521,['금암1동'],['5211358000']
전북특별자치도 전주시 완산구 척동8길 9-2,127.101133,35.82365685,['효자5동'],['5211173000']
전북특별자치도 전주시 덕진구 신복3길 10-5,127.1086277,35.85365678,['팔복동'],['5211360000']
전북특별자치도 전주시 완산구 평화11길 13,127.1369029,35.78963358,['평화2동'],['5211169200']
전북특별자치도 전주시 완산구 척동3길 26-3,127.0973357,35.82281532,['효자5동'],['5211173000']
전북특별자치도 전주시 덕진구 신복로 102-19,127.1047931,35.85977952,['팔복동'],['5211360000']
전북특별자치도 전주시 덕진구 금암3길 22-3,127.1365144,35.84108086,['금암1동'],['5211358000']
전북특별자치도 전주시 덕진구 거북바우3길 10,127.1385216,35.83784071,['금암2동'],['5211359000']
전북특별자치도 전주시 완산구 구룡1길 5,127.1024243,35.81211124,['효자4동'],['5211171400']
전북특별자치도 전주시 완산구 서신천변6길 16,127.1150267,35.82810361,['서신동'],['5211168000']
전북특별자치도 전주시 완산구 중산9길 7,127.1195323,35.8185573,['중화산2동'],['5211167200']
전북특별자치도 전주시 완산구 평화19길 9-14,127.137487,35.79606027,['평화1동'],['5211169100']
전북특별자치도 전주시 완산구 문학대6길 18-4,127.1036327,35.82818688,['효자5동'],['5211173000']
전북특별자치도 전주시 덕진구 들사평로 3,127.1210946,35.83778518,['덕진동'],['5211357000']
전북특별자치도 전주시 완산구 유연로 345-14,127.1234814,35.82641239,['서신동'],['5211168000']
전북특별자치도 전주시 완산구 거마평로 225-4,127.1136139,35.81231388,['효자3동'],['5211171300']
전북특별자치도 전주시 완산구 서원로 279-12,127.1253309,35.81225645,['중화산1동'],['5211167100']
전북특별자치도 전주시 덕진구 가리내8길 6-10,127.1113171,35.84422907,['덕진동'],['5211357000']
전북특별자치도 전주시 덕진구 도당산로 17-1,127.1553672,35.84451014,['우아1동'],['5211361100']
전북특별자치도 전주시 덕진구 진버들4길 16-8,127.1642582,35.83593178,['인후3동'],['5211356000']
전북특별자치도 전주시 완산구 안터2길 20,127.1184702,35.82828799,['서신동'],['5211168000']
전북특별자치도 전주시 완산구 배학4길 18-1,127.0990712,35.8196238,['효자5동'],['5211173000']
,127.1368651,35.84388986,['금암1동'],['5211358000']
전북특별자치도 전주시 덕진구 팔복7길 14,127.1056226,35.85214742,['팔복동'],['5211360000']
전북특별자치도 전주시 완산구 중인3길 70,127.0910669,35.76260666,['삼천3동'],['5211170300']
전북특별자치도 전주시 완산구 거마평로 150-6,127.1173015,35.80581431,['효자2동'],['5211171200']
전북특별자치도 전주시 완산구 서곡3길 12,127.1009297,35.83633295,['효자5동'],['5211173000']
전북특별자치도 전주시 덕진구 삼송3길 30-5,127.1368651,35.84388986,['금암1동'],['5211358000']
전북특별자치도 전주시 덕진구 가리내9길 20,127.1097212,35.84301213,['덕진동'],['5211357000']
전북특별자치도 전주시 덕진구 아중6길 16-3,127.1723949,35.8323287,['우아2동'],['5211361200']
전북특별자치도 전주시 완산구 고사평1길 8-8,127.1088766,35.83534716,['서신동'],['5211168000']
전북특별자치도 전주시 완산구 신촌2길 26-15,127.1151117,35.81535115,['중화산2동'],['5211167200']
전북특별자치도 전주시 완산구 황강서원로 30-1,127.100544,35.8285656,['효자5동'],['5211173000']
전북특별자치도 전주시 완산구 척동1길 24-8,127.0975518,35.82211748,['효자5동'],['5211173000']
전북특별자치도 전주시 덕진구 가리내10길 12-2,127.1107592,35.84241445,['덕진동'],['5211357000']
전북특별자치도 전주시 완산구 배학4길 3,127.097547,35.81994995,['효자5동'],['5211173000']
전북특별자치도 전주시 덕진구 가리내1길 1,127.1115527,35.84718921,['덕진동'],['5211357000']
전북특별자치도 전주시 덕진구 솔내1길 49-7,127.1231244,35.85558004,['송천1동'],['5211364100']
전북특별자치도 전주시 완산구 거마평로 150-4,127.1171373,35.80582015,['효자2동'],['5211171200']
전북특별자치도 전주시 완산구 농소1길 27,127.0951223,35.81505003,['효자5동'],['5211173000']
전북특별자치도 전주시 덕진구 건지로 10-19,127.1433797,35.8450238,['금암2동'],['5211359000']
전북특별자치도 전주시 덕진구 석소로 25-13,127.1678225,35.82897537,['인후3동'],['5211356000']
전북특별자치도 전주시 덕진구 매봉4길 13-1,127.1395908,35.84165314,['금암2동'],['5211359000']
전북특별자치도 전주시 덕진구 인교3길 31-9,127.1745238,35.82843778,['우아2동'],['5211361200']
전북특별자치도 전주시 덕진구 인교3길 31-11,127.1743486,35.82837026,['우아2동'],['5211361200']
전북특별자치도 전주시 덕진구 솔내1길 79-7,127.1249739,35.85755188,['송천1동'],['5211364100']
전북특별자치도 전주시 덕진구 진버들4길 16-6,127.1641341,35.83613537,['인후3동'],['5211356000']
전북특별자치도 전주시 덕진구 공북1길 21,127.1370902,35.82747779,['진북동'],['5211352500']
전북특별자치도 전주시 덕진구 공북1길 23,127.1370414,35.82760123,['진북동'],['5211352500']
전북특별자치도 전주시 덕진구 인봉로 68,127.1580719,35.82936676,['인후3동'],['5211356000']
전북특별자치도 전주시 완산구 안행3길 4-7,127.1301756,35.7996695,['삼천1동'],['5211170100']
전북특별자치도 전주시 완산구 용머리로 270,127.1387854,35.810487,['완산동'],['5211163500']
전북특별자치도 전주시 완산구 황강서원로 30,127.1003905,35.82856483,['효자5동'],['5211173000']
전북특별자치도 전주시 완산구 척동1길 24-1,127.0973417,35.82153255,['효자5동'],['5211173000']
전북특별자치도 전주시 완산구 배학1길 13,127.0956819,35.81861164,['효자5동'],['5211173000']
전북특별자치도 전주시 덕진구 들사평2길 15,127.1219901,35.8398268,['덕진동'],['5211357000']
전북특별자치도 전주시 덕진구 가리내8길 20-6,127.1097192,35.84385481,['덕진동'],['5211357000']
전북특별자치도 전주시 덕진구 붓내5길 19,127.123082,35.86926635,['송천1동'],['5211364100']
전북특별자치도 전주시 덕진구 인봉로 68-1,127.1580495,35.82949467,['인후3동'],['5211356000']
전북특별자치도 전주시 완산구 서곡로 86,127.1022753,35.8361503,['효자5동'],['5211173000']
전북특별자치도 전주시 완산구 서곡2길 19-4,127.1030373,35.83400862,['효자5동'],['5211173000']
전북특별자치도 전주시 덕진구 백동1길 28-2,127.1467425,35.84733516,['인후2동'],['5211355000']
전북특별자치도 전주시 덕진구 인교로 21,127.1714131,35.82468734,['우아2동'],['5211361200']
전북특별자치도 전주시 완산구 세내로 509-1,127.1028548,35.8321512,['효자5동'],['5211173000']
전북특별자치도 전주시 덕진구 가리내3길 16-7,127.1097526,35.84714004,['덕진동'],['5211357000']
전북특별자치도 전주시 덕진구 가리내3길 16-5,127.109762,35.8469888,['덕진동'],['5211357000']
전북특별자치도 전주시 덕진구 가리내6길 16-3,127.1098862,35.84505125,['덕진동'],['5211357000']
전북특별자치도 전주시 덕진구 석소로 10,127.1700064,35.82840568,['우아2동'],['5211361200']
전북특별자치도 전주시 완산구 메너머3길 30-11,127.1189712,35.82435476,['중화산2동'],['5211167200']
전북특별자치도 전주시 완산구 서곡1길 22,127.099148,35.83577286,['효자5동'],['5211173000']
전북특별자치도 전주시 덕진구 가리내8길 16-12,127.110242,35.84432514,['덕진동'],['5211357000']
전북특별자치도 전주시 완산구 안행8길 48-7,127.1305689,35.79952722,['삼천1동'],['5211170100']
전북특별자치도 전주시 완산구 배학1길 16,127.0953623,35.81892472,['효자5동'],['5211173000']
전북특별자치도 전주시 완산구 배학1길 16-6,127.0953504,35.81908209,['효자5동'],['5211173000']
전북특별자치도 전주시 완산구 중산1길 4-5,127.1198126,35.81486131,['중화산2동'],['5211167200']
전북특별자치도 전주시 완산구 메너머4길 40-28,127.1187809,35.82448627,['중화산2동'],['5211167200']
전북특별자치도 전주시 완산구 척동길 13,127.1000976,35.82393314,['효자5동'],['5211173000']
전북특별자치도 전주시 덕진구 가리내6길 16-9,127.1098504,35.84550588,['덕진동'],['5211357000']
전북특별자치도 전주시 완산구 소태정5길 18-7,127.0979075,35.80452565,['효자4동'],['5211171400']
전북특별자치도 전주시 완산구 봉곡3길 3-4,127.0975191,35.81245545,['효자4동'],['5211171400']
전북특별자치도 전주시 덕진구 가리내2길 11,127.1102827,35.84717839,['덕진동'],['5211357000']
전북특별자치도 전주시 덕진구 가리내6길 10-11,127.1103812,35.84569285,['덕진동'],['5211357000']
전북특별자치도 전주시 완산구 완산4길 12-2,127.1412098,35.8113256,['완산동'],['5211163500']
전북특별자치도 전주시 완산구 중산로 13,127.1201964,35.81527984,['중화산2동'],['5211167200']
전북특별자치도 전주시 완산구 마전들로 17,127.0974858,35.82120014,['효자5동'],['5211173000']
전북특별자치도 전주시 덕진구 금암5길 26-1,127.1357552,35.83960673,['금암1동'],['5211358000']
전북특별자치도 전주시 덕진구 공북5길 33-4,127.1403522,35.82772134,['진북동'],['5211352500']
전북특별자치도 전주시 덕진구 한사월길 26-54,127.145295,35.88804533,['호성동'],['5211362000']
전북특별자치도 전주시 완산구 농소4길 4-1,127.0975548,35.81492299,['효자5동'],['5211173000']
,,,['NaN'],['NaN']
전북특별자치도 전주시 완산구 평화3길 21-12,127.1306516,35.78286815,['평화2동'],['5211169200']
전북특별자치도 전주시 완산구 범안3길 15-5,127.1066108,35.8119706,['효자4동'],['5211171400']
전북특별자치도 전주시 완산구 메너머3길 5-6,127.122018,35.82326794,['중화산2동'],['5211167200']
전북특별자치도 전주시 완산구 척동6길 6-3,127.1006102,35.82285643,['효자5동'],['5211173000']
전북특별자치도 전주시 완산구 농소4길 14,127.0984236,35.81505242,['효자5동'],['5211173000']
전북특별자치도 전주시 덕진구 가리내6길 14,127.1102061,35.84490829,['덕진동'],['5211357000']
전북특별자치도 전주시 완산구 황강서원2길 24,127.1008957,35.82778734,['효자5동'],['5211173000']
전북특별자치도 전주시 완산구 마전들로 37,127.0995699,35.82122818,['효자5동'],['5211173000']
전북특별자치도 전주시 덕진구 붓내3길 17-15,127.1235049,35.86849751,['송천1동'],['5211364100']
전북특별자치도 전주시 완산구 효동3길 28,127.1293023,35.80412403,['효자1동'],['5211171100']
전북특별자치도 전주시 완산구 화산천변3길 12-4,127.1150813,35.82075378,['중화산2동'],['5211167200']
전북특별자치도 전주시 완산구 신촌3길 27-8,127.1148141,35.81662167,['중화산2동'],['5211167200']
전북특별자치도 전주시 덕진구 가리내6길 10-5,127.1103948,35.84537965,['덕진동'],['5211357000']
전북특별자치도 전주시 덕진구 가리내6길 10-3,127.1104065,35.84522328,['덕진동'],['5211357000']
전북특별자치도 전주시 덕진구 가재미로 52,127.1622207,35.82973444,['인후3동'],['5211356000']
전북특별자치도 전주시 덕진구 하가로 33,127.1114836,35.84511927,['덕진동'],['5211357000']
전북특별자치도 전주시 덕진구 가리내8길 12,127.1105025,35.8435856,['덕진동'],['5211357000']
전북특별자치도 전주시 덕진구 가리내8길 8,127.1110296,35.84361008,['덕진동'],['5211357000']
전북특별자치도 전주시 덕진구 건지2길 13-7,127.140513,35.84425832,['금암2동'],['5211359000']
전북특별자치도 전주시 덕진구 가재미로 54,127.162169,35.82986276,['인후3동'],['5211356000']
전북특별자치도 전주시 완산구 안행8길 52-6,127.1305072,35.79934928,['삼천1동'],['5211170100']
전북특별자치도 전주시 완산구 중산1길 12-1,127.1190054,35.81453577,['중화산2동'],['5211167200']
전북특별자치도 전주시 완산구 서곡1길 13-5,127.0995682,35.83486594,['효자5동'],['5211173000']
전북특별자치도 전주시 완산구 척동5길 7,127.0990755,35.82299469,['효자5동'],['5211173000']
전북특별자치도 전주시 덕진구 금암5길 25-4,127.1351061,35.83947218,['금암1동'],['5211358000']
전북특별자치도 전주시 완산구 밤나무1길 15-25,127.1167072,35.80801911,['효자2동'],['5211171200']
전북특별자치도 전주시 덕진구 송천로 73-1,127.1172466,35.85973079,['송천2동'],['5211364200']
전북특별자치도 전주시 덕진구 무삼지3길 5-7,127.1626604,35.82720266,['인후3동'],['5211356000']
전북특별자치도 전주시 덕진구 추천4길 31,127.1070484,35.85086737,['팔복동'],['5211360000']
전북특별자치도 전주시 완산구 황강서원로 40,127.1014417,35.82856791,['효자5동'],['5211173000']
전북특별자치도 전주시 완산구 황강서원4길 16-3,127.0997672,35.827308,['효자5동'],['5211173000']
전북특별자치도 전주시 완산구 강당2길 33-3,127.1336061,35.81121451,['완산동'],['5211163500']
전북특별자치도 전주시 완산구 메너머3길 9-7,127.1218281,35.82326679,['중화산2동'],['5211167200']
전북특별자치도 전주시 완산구 고사평6길 11,127.1108028,35.83609588,['서신동'],['5211168000']
전북특별자치도 전주시 완산구 문학대1길 10-19,127.0990395,35.82539144,['효자5동'],['5211173000']
전북특별자치도 전주시 덕진구 가리내8길 16-6,127.1102701,35.84388458,['덕진동'],['5211357000']
전북특별자치도 전주시 덕진구 붓내3길 17-19,127.1232472,35.86859844,['송천1동'],['5211364100']
전북특별자치도 전주시 덕진구 조경단로 21,127.1368041,35.8365154,['금암1동'],['5211358000']
전북특별자치도 전주시 완산구 평화17길 12,127.1376468,35.79371041,['평화1동'],['5211169100']
전북특별자치도 전주시 완산구 고사평7길 13-6,127.1086585,35.83749569,['서신동'],['5211168000']
전북특별자치도 전주시 완산구 선너머3길 21-3,127.1298284,35.81426969,['중화산1동'],['5211167100']
전북특별자치도 전주시 완산구 영경1길 14-10,127.124319,35.81720705,['중화산2동'],['5211167200']
전북특별자치도 전주시 완산구 안행7길 6-8,127.13458,35.80268794,['효자1동'],['5211171100']
전북특별자치도 전주시 완산구 농소2길 9-6,127.0981784,35.81454963,['효자5동'],['5211173000']
전북특별자치도 전주시 덕진구 금암4길 14-24,127.1377628,35.84089883,['금암1동'],['5211358000']
전북특별자치도 전주시 덕진구 가리내6길 10-7,127.1103846,35.84554622,['덕진동'],['5211357000']
전북특별자치도 전주시 완산구 강변로 258-2,127.1128374,35.81292837,['효자3동'],['5211171300']
전북특별자치도 전주시 완산구 강변로 258-4,127.1130237,35.81293585,['효자3동'],['5211171300']
전북특별자치도 전주시 완산구 황강서원4길 16-29,127.0988765,35.82664829,['효자5동'],['5211173000']
전북특별자치도 전주시 완산구 척동3길 5,127.0992702,35.82211671,['효자5동'],['5211173000']
전북특별자치도 전주시 덕진구 가리내6길 16-6,127.1101818,35.84521303,['덕진동'],['5211357000']
전북특별자치도 전주시 덕진구 하가로 37,127.11147,35.84543706,['덕진동'],['5211357000']
전북특별자치도 전주시 완산구 중산9길 5,127.1197036,35.8185419,['중화산2동'],['5211167200']
전북특별자치도 전주시 완산구 농소4길 18,127.0988961,35.81500949,['효자5동'],['5211173000']
전북특별자치도 전주시 덕진구 석소로 25-17,127.1675488,35.82887364,['인후3동'],['5211356000']
전북특별자치도 전주시 완산구 고사평7길 23-2,127.1079116,35.83829163,['서신동'],['5211168000']
전북특별자치도 전주시 완산구 화산천변6길 11-5,127.1150743,35.82091872,['중화산2동'],['5211167200']
전북특별자치도 전주시 완산구 문학대6길 11,127.1029577,35.82855536,['효자5동'],['5211173000']
전북특별자치도 전주시 완산구 척동3길 8,127.0990757,35.82229234,['효자5동'],['5211173000']
전북특별자치도 전주시 덕진구 금암2길 7-14,127.1356029,35.84080088,['금암1동'],['5211358000']
전북특별자치도 전주시 덕진구 백동6길 20,127.1514067,35.84793312,['인후2동'],['5211355000']
전북특별자치도 전주시 덕진구 용정길 13,127.0690093,35.85471566,['여의동'],['5211366500']
전북특별자치도 전주시 덕진구 아중6길 20-4,127.1722454,35.83231197,['우아2동'],['5211361200']
전북특별자치도 전주시 완산구 문학대6길 22-1,127.1044719,35.82820806,['효자5동'],['5211173000']
전북특별자치도 전주시 완산구 배학3길 4-15,127.0963595,35.82044895,['효자5동'],['5211173000']
전북특별자치도 전주시 덕진구 팽나무3길 15,127.1534652,35.83507003,['인후1동'],['5211354000']
전북특별자치도 전주시 덕진구 건산4길 17,127.1405985,35.83325162,['진북동'],['5211352500']
전북특별자치도 전주시 완산구 메너머4길 29-12,127.1189766,35.82448824,['중화산2동'],['5211167200']
전북특별자치도 전주시 완산구 구룡2길 18-8,127.1036971,35.81274229,['효자4동'],['5211171400']
전북특별자치도 전주시 완산구 안행로 10,127.1297194,35.79973083,['삼천1동'],['5211170100']
전북특별자치도 전주시 완산구 황강서원로 34,127.1008482,35.82854552,['효자5동'],['5211173000']
전북특별자치도 전주시 덕진구 석소2길 6,127.1693697,35.83328112,['우아2동'],['5211361200']
전북특별자치도 전주시 완산구 배학3길 4-7,127.0965466,35.82019599,['효자5동'],['5211173000']
전북특별자치도 전주시 덕진구 아중중앙로 23-5,127.1713677,35.83001547,['우아2동'],['5211361200']
전북특별자치도 전주시 완산구 농소2길 9-2,127.0981803,35.81429754,['효자5동'],['5211173000']
전북특별자치도 전주시 완산구 우전2길 71-5,127.1065939,35.81050147,['효자4동'],['5211171400']
전북특별자치도 전주시 덕진구 기린대로 364-121,127.1344517,35.83664369,['금암1동'],['5211358000']
전북특별자치도 전주시 완산구 계룡산길 90,127.1043922,35.78632052,['삼천3동'],['5211170300']
전북특별자치도 전주시 완산구 배학2길 30-1,127.1002616,35.81941381,['효자5동'],['5211173000']
전북특별자치도 전주시 완산구 강당2길 33-5,127.1334438,35.81115972,['완산동'],['5211163500']
전북특별자치도 전주시 완산구 마전들로 14,127.0971895,35.82086601,['효자5동'],['5211173000']
전북특별자치도 전주시 덕진구 금암4길 14-32,127.1376686,35.84082359,['금암1동'],['5211358000']
전북특별자치도 전주시 완산구 전룡5길 12,127.1213351,35.82596115,['서신동'],['5211168000']
전북특별자치도 전주시 덕진구 상리로 48-1,127.1041135,35.85253204,['팔복동'],['5211360000']
전북특별자치도 전주시 완산구 마전들로 16,127.0973645,35.82087092,['효자5동'],['5211173000']
전북특별자치도 전주시 완산구 배학4길 14-4,127.0982975,35.81963985,['효자5동'],['5211173000']
전북특별자치도 전주시 완산구 배학4길 14-6,127.0982949,35.81950899,['효자5동'],['5211173000']
전북특별자치도 전주시 덕진구 가리내3길 12,127.1103163,35.84657831,['덕진동'],['5211357000']
전북특별자치도 전주시 덕진구 가리내6길 6-3,127.1109287,35.84525055,['덕진동'],['5211357000']
전북특별자치도 전주시 덕진구 반촌1길 32,127.1447093,35.8317904,['진북동'],['5211352500']
전북특별자치도 전주시 완산구 안터4길 15-1,127.1172147,35.82933297,['서신동'],['5211168000']
전북특별자치도 전주시 덕진구 하가로 41,127.1114436,35.84573874,['덕진동'],['5211357000']
전북특별자치도 전주시 완산구 메너머3길 18-5,127.1206484,35.82420655,['중화산2동'],['5211167200']
전북특별자치도 전주시 완산구 봉곡2길 9,127.0960112,35.81315397,['효자4동'],['5211171400']
전북특별자치도 전주시 완산구 척동4길 10,127.1008217,35.8221137,['효자5동'],['5211173000']
전북특별자치도 전주시 완산구 용호로 191,127.0968303,35.82023335,['효자5동'],['5211173000']
전북특별자치도 전주시 덕진구 와룡로 89,127.1116388,35.86747385,['송천2동'],['5211364200']
전북특별자치도 전주시 덕진구 가리내5길 10,127.1106374,35.84612026,['덕진동'],['5211357000']
전북특별자치도 전주시 덕진구 송천1길 3,127.1199066,35.85630601,['송천2동'],['5211364200']
전북특별자치도 전주시 덕진구 가재미5길 4-1,127.1613124,35.83016872,['인후3동'],['5211356000']
전북특별자치도 전주시 완산구 선너머4길 20,127.1322579,35.8145504,['중화산1동'],['5211167100']
전북특별자치도 전주시 완산구 우전2길 71-27,127.1061548,35.81050258,['효자4동'],['5211171400']
전북특별자치도 전주시 완산구 척동3길 26-16,127.0981865,35.82281724,['효자5동'],['5211173000']
전북특별자치도 전주시 덕진구 팽나무3길 16-1,127.1529034,35.83490509,['인후1동'],['5211354000']
전북특별자치도 전주시 완산구 배학3길 4,127.0965461,35.82000159,['효자5동'],['5211173000']
전북특별자치도 전주시 덕진구 가리내6길 10-10,127.1106927,35.84554107,['덕진동'],['5211357000']
전북특별자치도 전주시 덕진구 가리내6길 6-1,127.1109392,35.845104,['덕진동'],['5211357000']
전북특별자치도 전주시 완산구 황강서원로 11,127.0985018,35.82837442,['효자5동'],['5211173000']
전북특별자치도 전주시 완산구 봉곡4길 8-8,127.0963089,35.81262064,['효자4동'],['5211171400']
전북특별자치도 전주시 완산구 척동1길 6-5,127.0992693,35.82171727,['효자5동'],['5211173000']
전북특별자치도 전주시 완산구 척동1길 6-6,127.0995603,35.82170107,['효자5동'],['5211173000']
전북특별자치도 전주시 완산구 봉곡로 83,127.1028637,35.81177117,['효자4동'],['5211171400']
전북특별자치도 전주시 덕진구 건산로 136-1,127.1520646,35.83289203,['인후1동'],['5211354000']
전북특별자치도 전주시 덕진구 가재미5길 15-1,127.1601317,35.82979321,['인후3동'],['5211356000']
전북특별자치도 전주시 완산구 유연로 349-11,127.1236626,35.82618644,['서신동'],['5211168000']
전북특별자치도 전주시 완산구 메너머2길 16-6,127.1213555,35.82280131,['중화산2동'],['5211167200']
전북특별자치도 전주시 덕진구 떡전로 16-6,127.1282883,35.83663555,['금암1동'],['5211358000']
전북특별자치도 전주시 덕진구 신기2길 6-7,127.1634166,35.84669438,['우아1동'],['5211361100']
전북특별자치도 전주시 완산구 척동3길 6-6,127.099559,35.82259377,['효자5동'],['5211173000']
전북특별자치도 전주시 완산구 척동길 40-1,127.0998053,35.82156947,['효자5동'],['5211173000']
전북특별자치도 전주시 완산구 배학2길 37,127.1011296,35.81966039,['효자5동'],['5211173000']
전북특별자치도 전주시 덕진구 금암5길 25-2,127.1352983,35.83947287,['금암1동'],['5211358000']
전북특별자치도 전주시 덕진구 운암로 41-13,127.0873397,35.86139987,['팔복동'],['5211360000']
전북특별자치도 전주시 완산구 척동7길 6,127.0992715,35.8236666,['효자5동'],['5211173000']
전북특별자치도 전주시 덕진구 가리내3길 16-2,127.1100907,35.84672857,['덕진동'],['5211357000']
전북특별자치도 전주시 덕진구 아중3길 13,127.1706521,35.82960254,['우아2동'],['5211361200']
전북특별자치도 전주시 덕진구 가리내2길 17,127.1099316,35.84751741,['덕진동'],['5211357000']
전북특별자치도 전주시 덕진구 권삼득로 432,127.1175176,35.84981582,['덕진동'],['5211357000']
전북특별자치도 전주시 덕진구 가리내2길 19,127.1098304,35.84769361,['덕진동'],['5211357000']
전북특별자치도 전주시 덕진구 가리내3길 20-14,127.109665,35.84759201,['덕진동'],['5211357000']
전북특별자치도 전주시 덕진구 솔내7길 42,127.1258896,35.85946645,['송천1동'],['5211364100']
전북특별자치도 전주시 덕진구 건지3길 13-3,127.1436047,35.84516998,['금암2동'],['5211359000']
전북특별자치도 전주시 완산구 서학1길 3,127.1500335,35.80469001,['서서학동'],['5211166000']
전북특별자치도 전주시 덕진구 가재미3길 14,127.1607764,35.82911595,['인후3동'],['5211356000']
전북특별자치도 전주시 덕진구 호성3길 2,127.1512501,35.86173504,['호성동'],['5211362000']
전북특별자치도 전주시 완산구 황강서원1길 4-3,127.0984625,35.82870675,['효자5동'],['5211173000']
전북특별자치도 전주시 완산구 배학2길 30,127.1001131,35.8193997,['효자5동'],['5211173000']
전북특별자치도 전주시 덕진구 석소로 6,127.1702139,35.82805137,['우아2동'],['5211361200']
전북특별자치도 전주시 덕진구 반태산6길 31,127.1508576,35.83223464,['인후2동'],['5211355000']
전북특별자치도 전주시 덕진구 거북바우로 98,127.1465935,35.84163246,['인후2동'],['5211355000']
전북특별자치도 전주시 덕진구 가리내6길 6-8,127.1112235,35.84556707,['덕진동'],['5211357000']
전북특별자치도 전주시 덕진구 인교9길 27-12,127.17583,35.82680946,['우아2동'],['5211361200']
전북특별자치도 전주시 덕진구 아중7길 17-2,127.1711902,35.83280259,['우아2동'],['5211361200']
전북특별자치도 전주시 완산구 척동9길 6,127.0994073,35.82485435,['효자5동'],['5211173000']
전북특별자치도 전주시 덕진구 인교3길 31-5,127.174772,35.82852718,['우아2동'],['5211361200']
전북특별자치도 전주시 덕진구 건산2길 9,127.1410935,35.83165698,['진북동'],['5211352500']
전북특별자치도 전주시 완산구 문학대2길 26,127.1046324,35.82547737,['효자5동'],['5211173000']
전북특별자치도 전주시 완산구 척동8길 9-4,127.1011341,35.82380339,['효자5동'],['5211173000']
전북특별자치도 전주시 완산구 홍산북로 17-10,127.1039648,35.81836665,['효자5동'],['5211173000']
전북특별자치도 전주시 완산구 서곡1길 20-4,127.0994342,35.83583427,['효자5동'],['5211173000']
전북특별자치도 전주시 덕진구 들사평5길 19,127.1250324,35.84200786,['덕진동'],['5211357000']
전북특별자치도 전주시 덕진구 사평3길 21,127.1217501,35.84445499,['덕진동'],['5211357000']
전북특별자치도 전주시 완산구 꽃밭정4길 9,127.134714,35.79724227,['평화2동'],['5211169200']
전북특별자치도 전주시 완산구 서곡로 67-1,127.1010231,35.83504948,['효자5동'],['5211173000']
전북특별자치도 전주시 완산구 황강서원로 13,127.0986618,35.82851768,['효자5동'],['5211173000']
전북특별자치도 전주시 완산구 배학4길 40-2,127.1003046,35.82050484,['효자5동'],['5211173000']
전북특별자치도 전주시 완산구 효자로 194,127.1064715,35.81863285,['효자5동'],['5211173000']
전북특별자치도 전주시 덕진구 여산로 233,127.0835834,35.87330252,['여의동'],['5211366500']
전북특별자치도 전주시 덕진구 중상보로 48,127.1724884,35.83363331,['우아2동'],['5211361200']
전북특별자치도 전주시 완산구 평화9길 13-1,127.1366817,35.78892868,['평화2동'],['5211169200']
전북특별자치도 전주시 덕진구 가리내3길 20-12,127.1095482,35.84744431,['덕진동'],['5211357000']
전북특별자치도 전주시 덕진구 떡전4길 27-1,127.1304913,35.83735347,['금암1동'],['5211358000']
전북특별자치도 전주시 덕진구 우아4길 25,127.1591866,35.85026651,['우아1동'],['5211361100']
전북특별자치도 전주시 덕진구 상리로 48,127.1040499,35.85244945,['팔복동'],['5211360000']
전북특별자치도 전주시 완산구 유연로 349-15,127.1236716,35.82642715,['서신동'],['5211168000']
전북특별자치도 전주시 덕진구 하가로 35,127.1114747,35.84528466,['덕진동'],['5211357000']
전북특별자치도 전주시 덕진구 어은골5길 20,127.1306043,35.82221625,['진북동'],['5211352500']
전북특별자치도 전주시 덕진구 호성3길 2,127.1512501,35.86173504,['호성동'],['5211362000']
전북특별자치도 전주시 완산구 중산3길 9,127.1193941,35.81560879,['중화산2동'],['5211167200']
전북특별자치도 전주시 완산구 범안2길 11-4,127.1077468,35.81298414,['효자4동'],['5211171400']
전북특별자치도 전주시 완산구 농소4길 10-2,127.0978461,35.81491932,['효자5동'],['5211173000']
전북특별자치도 전주시 덕진구 견훤왕궁로 111,127.1532811,35.8301849,['인후1동'],['5211354000']
전북특별자치도 전주시 완산구 봉곡4길 18-4,127.0952228,35.81233256,['효자4동'],['5211171400']
전북특별자치도 전주시 덕진구 거북바우로 114,127.1480993,35.84208872,['인후2동'],['5211355000']
전북특별자치도 전주시 완산구 문학대2길 3-4,127.1023695,35.82581522,['효자5동'],['5211173000']
전북특별자치도 전주시 완산구 배학2길 22,127.0993397,35.81923523,['효자5동'],['5211173000']
전북특별자치도 전주시 완산구 농소2길 1,127.097202,35.81414449,['효자5동'],['5211173000']
전북특별자치도 전주시 덕진구 기린대로 368,127.1344915,35.83627269,['금암1동'],['5211358000']
전북특별자치도 전주시 덕진구 쪽구름로 134-6,127.0709911,35.87436806,['조촌동'],['5211365000']
전북특별자치도 전주시 덕진구 권삼득로 235-14,127.132927,35.83901884,['금암1동'],['5211358000']
전북특별자치도 전주시 완산구 척동7길 14,127.0985742,35.8236578,['효자5동'],['5211173000']
전북특별자치도 전주시 완산구 배학3길 8,127.096217,35.81999366,['효자5동'],['5211173000']
전북특별자치도 전주시 덕진구 권삼득로 235-23,127.1326916,35.83891861,['금암1동'],['5211358000']
전북특별자치도 전주시 덕진구 들사평4길 26,127.1243266,35.84078622,['덕진동'],['5211357000']
전북특별자치도 전주시 완산구 봉곡1길 24-3,127.0996229,35.81299935,['효자4동'],['5211171400']
전북특별자치도 전주시 완산구 배학6길 10-4,127.0977905,35.82050259,['효자5동'],['5211173000']
전북특별자치도 전주시 덕진구 금암3길 22-5,127.1365607,35.84126106,['금암1동'],['5211358000']
전북특별자치도 전주시 덕진구 여산로 235,127.0836587,35.87347037,['여의동'],['5211366500']
전북특별자치도 전주시 완산구 서곡2길 5-11,127.1019951,35.83516186,['효자5동'],['5211173000']
전북특별자치도 전주시 완산구 배학2길 3-4,127.0975409,35.81909196,['효자5동'],['5211173000']
전북특별자치도 전주시 덕진구 기린대로 364-11,127.1343996,35.83641465,['금암1동'],['5211358000']
전북특별자치도 전주시 덕진구 기린대로 586-4,127.1161413,35.84882686,['덕진동'],['5211357000']
전북특별자치도 전주시 완산구 유연로 349-13,127.12366,35.82630612,['서신동'],['5211168000']
전북특별자치도 전주시 완산구 농소2길 9-4,127.0981773,35.81442868,['효자5동'],['5211173000']
전북특별자치도 전주시 완산구 봉곡3길 21-8,127.0996205,35.81257504,['효자4동'],['5211171400']
전북특별자치도 전주시 완산구 척동7길 10-7,127.0987802,35.82419866,['효자5동'],['5211173000']
전북특별자치도 전주시 덕진구 구총목로 20,127.1623563,35.82794445,['인후3동'],['5211356000']
전북특별자치도 전주시 덕진구 호반6길 3-14,127.1166178,35.85087207,['덕진동'],['5211357000']
전북특별자치도 전주시 덕진구 정언신로 181,127.1730924,35.8319516,['우아2동'],['5211361200']
전북특별자치도 전주시 덕진구 가리내8길 6-8,127.1113207,35.84406324,['덕진동'],['5211357000']
전북특별자치도 전주시 덕진구 건산4길 7-6,127.1393504,35.83291564,['진북동'],['5211352500']
전북특별자치도 전주시 완산구 신촌3길 27-6,127.1145956,35.81666865,['중화산2동'],['5211167200']
전북특별자치도 전주시 완산구 척동3길 10-5,127.0988047,35.82253518,['효자5동'],['5211173000']
전북특별자치도 전주시 덕진구 금암2길 7-18,127.1358743,35.84088656,['금암1동'],['5211358000']
전북특별자치도 전주시 완산구 고사평3길 17-2,127.1078634,35.83626186,['서신동'],['5211168000']
전북특별자치도 전주시 덕진구 가리내8길 10-5,127.1104842,35.84388799,['덕진동'],['5211357000']
전북특별자치도 전주시 완산구 신촌3길 27-61,127.1149599,35.81638035,['중화산2동'],['5211167200']
전북특별자치도 전주시 완산구 평화8길 8-9,127.1341848,35.78940925,['평화2동'],['5211169200']
전북특별자치도 전주시 완산구 봉곡4길 18,127.0952152,35.81219494,['효자4동'],['5211171400']
전북특별자치도 전주시 덕진구 아중로 226-4,127.1738475,35.82824336,['우아2동'],['5211361200']
전북특별자치도 전주시 덕진구 호반5길 10-1,127.115784,35.84945745,['덕진동'],['5211357000']
전북특별자치도 전주시 완산구 배학4길 3-4,127.0975366,35.82023746,['효자5동'],['5211173000']
전북특별자치도 전주시 완산구 배학4길 12,127.098289,35.81977207,['효자5동'],['5211173000']
전북특별자치도 전주시 덕진구 인교로 56,127.1726792,35.82651923,['우아2동'],['5211361200']
전북특별자치도 전주시 완산구 평화13길 13-6,127.1375477,35.79077853,['평화2동'],['5211169200']
전북특별자치도 전주시 덕진구 권삼득로 235-10,127.1330313,35.83885371,['금암1동'],['5211358000']
전북특별자치도 전주시 완산구 중산9길 7-7,127.1195512,35.81808611,['중화산2동'],['5211167200']
전북특별자치도 전주시 덕진구 가리내5길 2,127.1114399,35.84615071,['덕진동'],['5211357000']
전북특별자치도 전주시 완산구 문학대3길 3-4,127.1013989,35.82655345,['효자5동'],['5211173000']
전북특별자치도 전주시 덕진구 명주4길 10-3,127.148872,35.84463607,['인후2동'],['5211355000']
전북특별자치도 전주시 완산구 척동4길 9-3,127.1008228,35.82245897,['효자5동'],['5211173000']
전북특별자치도 전주시 완산구 서신천변1길 11-2,127.1133397,35.82639074,['서신동'],['5211168000']
전북특별자치도 전주시 완산구 구룡1길 13-10,127.1034767,35.81258296,['효자4동'],['5211171400']
전북특별자치도 전주시 덕진구 기린대로 586-6,127.116011,35.84895145,['덕진동'],['5211357000']
전북특별자치도 전주시 덕진구 기린대로 1030-13,127.073952,35.86921976,['여의동'],['5211366500']
전북특별자치도 전주시 완산구 평화19길 14-8,127.1377947,35.79448307,['평화1동'],['5211169100']
전북특별자치도 전주시 완산구 황강서원2길 16-1,127.100108,35.82778638,['효자5동'],['5211173000']
전북특별자치도 전주시 덕진구 가리내3길 10-1,127.1103106,35.84672747,['덕진동'],['5211357000']
전북특별자치도 전주시 완산구 평화13길 17,127.1376627,35.79067367,['평화2동'],['5211169200']
전북특별자치도 전주시 덕진구 가리내8길 6-11,127.1109852,35.84435051,['덕진동'],['5211357000']
전북특별자치도 전주시 완산구 꽃밭정5길 8,127.136564,35.79764719,['평화1동'],['5211169100']
전북특별자치도 전주시 완산구 서곡7길 3-4,127.1025892,35.83199704,['효자5동'],['5211173000']
전북특별자치도 전주시 완산구 문학대1길 8-4,127.1011954,35.82591589,['효자5동'],['5211173000']
전북특별자치도 전주시 완산구 선너머3길 31-1,127.1297823,35.81502725,['중화산1동'],['5211167100']
전북특별자치도 전주시 완산구 문학대4길 7-1,127.1028244,35.82688652,['효자5동'],['5211173000']
전북특별자치도 전주시 완산구 고사평1길 4-6,127.1092427,35.83494793,['서신동'],['5211168000']
전북특별자치도 전주시 완산구 덕적골1길 18-3,127.1383566,35.79591715,['평화1동'],['5211169100']
전북특별자치도 전주시 완산구 평화1길 16-3,127.1318181,35.78242959,['평화2동'],['5211169200']
전북특별자치도 전주시 덕진구 가재미3길 10-3,127.1609428,35.82928021,['인후3동'],['5211356000']
전북특별자치도 전주시 덕진구 가리내6길 16-10,127.1101633,35.84551758,['덕진동'],['5211357000']
전북특별자치도 전주시 완산구 세내로 523,127.1015051,35.83276151,['효자5동'],['5211173000']
전북특별자치도 전주시 덕진구 가리내8길 10-8,127.110802,35.84405173,['덕진동'],['5211357000']
전북특별자치도 전주시 완산구 감나무로 61-15,127.1183001,35.83172259,['서신동'],['5211168000']
전북특별자치도 전주시 완산구 화산천변2길 11-4,127.1175524,35.81972422,['중화산2동'],['5211167200']
전북특별자치도 전주시 완산구 봉곡로 11-1,127.0951774,35.8119437,['효자4동'],['5211171400']
전북특별자치도 전주시 덕진구 들사평1길 7-3,127.1206009,35.83976466,['덕진동'],['5211357000']
전북특별자치도 전주시 덕진구 가리내10길 12-4,127.1106201,35.84251444,['덕진동'],['5211357000']
전북특별자치도 전주시 완산구 황강서원5길 49,127.0983975,35.82893635,['효자5동'],['5211173000']
전북특별자치도 전주시 완산구 평화15길 14-7,127.1375926,35.7909261,['평화2동'],['5211169200']
전북특별자치도 전주시 덕진구 들사평3길 21-6,127.123698,35.84052533,['덕진동'],['5211357000']
전북특별자치도 전주시 덕진구 들사평3길 21-4,127.1235778,35.84043226,['덕진동'],['5211357000']
전북특별자치도 전주시 덕진구 모래내1길 22,127.1386461,35.8343637,['금암2동'],['5211359000']
전북특별자치도 전주시 덕진구 인교4길 11,127.1712987,35.826325,['우아2동'],['5211361200']
전북특별자치도 전주시 덕진구 와룡1길 17,127.1126175,35.86529172,['송천2동'],['5211364200']
전북특별자치도 전주시 덕진구 가리내8길 6-7,127.1109993,35.84406939,['덕진동'],['5211357000']
전북특별자치도 전주시 완산구 평화13길 15,127.137478,35.79059439,['평화2동'],['5211169200']
전북특별자치도 전주시 완산구 농소4길 4-5,127.09756,35.81467378,['효자5동'],['5211173000']
전북특별자치도 전주시 완산구 서원로 141,127.1100656,35.81396315,['효자5동'],['5211173000']
전북특별자치도 전주시 덕진구 가리내6길 20-12,127.1096292,35.84566416,['덕진동'],['5211357000']
전북특별자치도 전주시 덕진구 가재미5길 5-6,127.1614622,35.82957053,['인후3동'],['5211356000']
전북특별자치도 전주시 완산구 배학4길 3-2,127.0975381,35.82010777,['효자5동'],['5211173000']
전북특별자치도 전주시 완산구 농소4길 16-5,127.0987133,35.81465337,['효자5동'],['5211173000']
전북특별자치도 전주시 덕진구 무삼지2길 14-1,127.1616259,35.8264926,['인후3동'],['5211356000']
전북특별자치도 전주시 완산구 척동6길 10-3,127.1011269,35.82285879,['효자5동'],['5211173000']
전북특별자치도 전주시 덕진구 명륜2길 16-1,127.1289865,35.84191248,['금암1동'],['5211358000']
전북특별자치도 전주시 덕진구 가재미3길 10-6,127.1612632,35.82954259,['인후3동'],['5211356000']
전북특별자치도 전주시 덕진구 매봉6길 8,127.1401457,35.84115392,['금암2동'],['5211359000']
전북특별자치도 전주시 덕진구 가리내6길 10-4,127.1107141,35.84524075,['덕진동'],['5211357000']
전북특별자치도 전주시 덕진구 가재미3길 10-4,127.1612978,35.82938942,['인후3동'],['5211356000']
전북특별자치도 전주시 완산구 척동3길 10,127.0988094,35.82231185,['효자5동'],['5211173000']
전북특별자치도 전주시 완산구 구룡1길 15,127.1034757,35.81191026,['효자4동'],['5211171400']
전북특별자치도 전주시 완산구 배학2길 37-4,127.1011258,35.81994709,['효자5동'],['5211173000']
전북특별자치도 전주시 덕진구 권삼득로 211-15,127.1350323,35.83673028,['금암1동'],['5211358000']
전북특별자치도 전주시 덕진구 가리내10길 12-3,127.1104326,35.84230778,['덕진동'],['5211357000']
전북특별자치도 전주시 완산구 척동길 11,127.1001005,35.82422001,['효자5동'],['5211173000']
전북특별자치도 전주시 완산구 황강서원1길 4,127.0982018,35.82852923,['효자5동'],['5211173000']
전북특별자치도 전주시 완산구 척동3길 14,127.0985293,35.82232181,['효자5동'],['5211173000']
전북특별자치도 전주시 덕진구 권삼득로 235-9,127.1329256,35.83867195,['금암1동'],['5211358000']
전북특별자치도 전주시 덕진구 가리내8길 3,127.1114218,35.843389,['덕진동'],['5211357000']
전북특별자치도 전주시 덕진구 팽나무3길 16-5,127.152666,35.83480788,['인후1동'],['5211354000']
전북특별자치도 전주시 완산구 배학1길 14-3,127.0955281,35.81906338,['효자5동'],['5211173000']
전북특별자치도 전주시 덕진구 가리내6길 10-2,127.1107215,35.84509474,['덕진동'],['5211357000']
전북특별자치도 전주시 덕진구 인교4길 13,127.1711591,35.8262887,['우아2동'],['5211361200']
전북특별자치도 전주시 완산구 문학대2길 7-5,127.1025726,35.82597069,['효자5동'],['5211173000']
전북특별자치도 전주시 덕진구 반촌로 53,127.1467364,35.83187798,['진북동'],['5211352500']
전북특별자치도 전주시 완산구 양지3길 24,127.1191883,35.78893864,['평화2동'],['5211169200']
전북특별자치도 전주시 완산구 배학2길 21,127.0992567,35.81947557,['효자5동'],['5211173000']
전북특별자치도 전주시 완산구 메너머3길 13-14,127.1210559,35.82326928,['중화산2동'],['5211167200']
전북특별자치도 전주시 완산구 농소4길 12,127.0981799,35.81505127,['효자5동'],['5211173000']
전북특별자치도 전주시 덕진구 가리내6길 16-7,127.1098631,35.84536122,['덕진동'],['5211357000']
전북특별자치도 전주시 덕진구 가리내8길 10-10,127.1107673,35.84420308,['덕진동'],['5211357000']
전북특별자치도 전주시 완산구 평화11길 9-3,127.1365178,35.78996433,['평화2동'],['5211169200']
전북특별자치도 전주시 완산구 인정4길 4-2,127.1205076,35.82027494,['중화산2동'],['5211167200']
전북특별자치도 전주시 완산구 황강서원2길 4-3,127.0986698,35.82770528,['효자5동'],['5211173000']
전북특별자치도 전주시 완산구 척동1길 10-4,127.0990732,35.82158026,['효자5동'],['5211173000']
전북특별자치도 전주시 덕진구 아중6길 18,127.1724737,35.83219024,['우아2동'],['5211361200']
전북특별자치도 전주시 덕진구 가리내7길 7,127.11097,35.84453996,['덕진동'],['5211357000']
전북특별자치도 전주시 덕진구 가재미로 9,127.1632407,35.82608044,['인후3동'],['5211356000']
전북특별자치도 전주시 완산구 척동6길 10-6,127.1008235,35.82272223,['효자5동'],['5211173000']
전북특별자치도 전주시 덕진구 한사월길 26-56,127.1451257,35.88823894,['호성동'],['5211362000']
전북특별자치도 전주시 완산구 선너머로 15-8,127.1270117,35.81659795,['중화산1동'],['5211167100']
전북특별자치도 전주시 완산구 선너머로 15-10,127.1272009,35.81653638,['중화산1동'],['5211167100']
전북특별자치도 전주시 완산구 선너머로 15-9,127.1273183,35.81667505,['중화산1동'],['5211167100']
전북특별자치도 전주시 덕진구 가리내8길 13,127.1103165,35.84333523,['덕진동'],['5211357000']
전북특별자치도 전주시 덕진구 건지1길 12,127.139938,35.84392679,['금암2동'],['5211359000']
전북특별자치도 전주시 덕진구 삼송3길 22-3,127.1362494,35.84320191,['금암1동'],['5211358000']
전북특별자치도 전주시 덕진구 아중2길 14-5,127.1738161,35.82984864,['우아2동'],['5211361200']
전북특별자치도 전주시 덕진구 가리내10길 12-5,127.1102837,35.84242057,['덕진동'],['5211357000']
전북특별자치도 전주시 덕진구 아중2길 14-1,127.1739295,35.82963659,['우아2동'],['5211361200']
전북특별자치도 전주시 덕진구 백동1길 28-5,127.1467104,35.84754095,['인후2동'],['5211355000']
전북특별자치도 전주시 완산구 평화11길 10-2,127.136342,35.78942593,['평화2동'],['5211169200']
전북특별자치도 전주시 완산구 고사평9길 8-1,127.110246,35.83829267,['서신동'],['5211168000']
전북특별자치도 전주시 완산구 황강서원2길 4,127.0987945,35.82781405,['효자5동'],['5211173000']
전북특별자치도 전주시 덕진구 건산2길 17,127.141788,35.83223964,['진북동'],['5211352500']
전북특별자치도 전주시 완산구 서곡5길 5-6,127.1016269,35.83678372,['효자5동'],['5211173000']
전북특별자치도 전주시 덕진구 들사평2길 25-4,127.1229836,35.8392835,['덕진동'],['5211357000']
전북특별자치도 전주시 완산구 황강서원1길 4-1,127.0983359,35.8286097,['효자5동'],['5211173000']
전북특별자치도 전주시 완산구 척동5길 17,127.0980601,35.82307961,['효자5동'],['5211173000']
전북특별자치도 전주시 덕진구 견훤왕궁로 246-4,127.1464285,35.84010251,['인후2동'],['5211355000']
전북특별자치도 전주시 완산구 농소4길 16-6,127.0984191,35.81467615,['효자5동'],['5211173000']
전북특별자치도 전주시 덕진구 기린대로 1030-11,127.0738732,35.86903126,['여의동'],['5211366500']
전북특별자치도 전주시 덕진구 아중로 138,127.1649223,35.82540643,['인후3동'],['5211356000']
전북특별자치도 전주시 덕진구 솔내9길 2-1,127.126195,35.86268226,['송천1동'],['5211364100']
전북특별자치도 전주시 완산구 고사평1길 4-5,127.1090251,35.83504592,['서신동'],['5211168000']
전북특별자치도 전주시 완산구 후곡길 11-12,127.0951337,35.81001566,['효자4동'],['5211171400']
전북특별자치도 전주시 완산구 배학3길 6,127.0963824,35.82001047,['효자5동'],['5211173000']
전북특별자치도 전주시 덕진구 솔내9길 2-2,127.126335,35.86265525,['송천1동'],['5211364100']
전북특별자치도 전주시 덕진구 솔내1길 12,127.1213758,35.85237299,['송천1동'],['5211364100']
전북특별자치도 전주시 덕진구 용신길 105,127.0592943,35.88252604,['조촌동'],['5211365000']
전북특별자치도 전주시 덕진구 솔내로 172-1,127.1274999,35.86550207,['송천1동'],['5211364100']
전북특별자치도 전주시 완산구 원효자길 24,127.0927553,35.7972149,['효자4동'],['5211171400']
전북특별자치도 전주시 덕진구 건지3길 10-8,127.1449332,35.84506745,['인후2동'],['5211355000']
전북특별자치도 전주시 덕진구 권삼득로 219,127.1347135,35.83750437,['금암1동'],['5211358000']
전북특별자치도 전주시 덕진구 심방죽7길 7,127.1523519,35.84139196,['인후1동'],['5211354000']
전북특별자치도 전주시 덕진구 솔내로 172,127.12737,35.86554908,['송천1동'],['5211364100']
전북특별자치도 전주시 완산구 전주천서로 73-72,127.155635,35.80997248,['동서학동'],['5211165000']
전북특별자치도 전주시 완산구 평화11길 6-1,127.1361649,35.78946038,['평화2동'],['5211169200']
전북특별자치도 전주시 완산구 물레방아3길 3-5,127.1345815,35.82285275,['중앙동'],['5211151000']
전북특별자치도 전주시 덕진구 무삼지3길 13,127.1614865,35.82736494,['인후3동'],['5211356000']
전북특별자치도 전주시 완산구 메너머4길 27,127.1197651,35.82478496,['중화산2동'],['5211167200']
전북특별자치도 전주시 완산구 척동4길 10-3,127.1011308,35.8219714,['효자5동'],['5211173000']
전북특별자치도 전주시 덕진구 명륜2길 16-17,127.1294886,35.84141877,['금암1동'],['5211358000']
전북특별자치도 전주시 덕진구 팽나무4길 16-6,127.1539725,35.83530362,['인후1동'],['5211354000']
전북특별자치도 전주시 완산구 고사평2길 10-1,127.1105639,35.8342259,['서신동'],['5211168000']
전북특별자치도 전주시 완산구 공북4길 29-10,127.1396728,35.82685097,['중앙동'],['5211151000']
전북특별자치도 전주시 완산구 서곡3길 11-1,127.1006125,35.83614711,['효자5동'],['5211173000']
전북특별자치도 전주시 완산구 척동3길 23,127.0975188,35.82230695,['효자5동'],['5211173000']
전북특별자치도 전주시 완산구 고사평3길 17-4,127.107864,35.83612947,['서신동'],['5211168000']
전북특별자치도 전주시 덕진구 솔내6길 32,127.1244409,35.85828984,['송천1동'],['5211364100']
전북특별자치도 전주시 덕진구 한배미로 52,127.1704985,35.82471045,['우아2동'],['5211361200']
전북특별자치도 전주시 덕진구 건산로 106,127.1488049,35.83267503,['인후2동'],['5211355000']
전북특별자치도 전주시 덕진구 동가재미1길 23-6,127.1635005,35.83297417,['인후3동'],['5211356000']
전북특별자치도 전주시 완산구 고사평1길 4-10,127.1092458,35.83521642,['서신동'],['5211168000']
전북특별자치도 전주시 완산구 물왕멀1길 14,127.1502497,35.82588008,['노송동'],['5211160500']
전북특별자치도 전주시 완산구 황강서원5길 51,127.0982826,35.82884479,['효자5동'],['5211173000']
전북특별자치도 전주시 완산구 영경2길 8-1,127.1241229,35.81731152,['중화산2동'],['5211167200']
전북특별자치도 전주시 완산구 우전1길 57,127.1057572,35.80887931,['효자4동'],['5211171400']
전북특별자치도 전주시 완산구 척동6길 3-1,127.1004103,35.82322287,['효자5동'],['5211173000']
전북특별자치도 전주시 완산구 천잠로 386,127.0957109,35.8207285,['효자5동'],['5211173000']
전북특별자치도 전주시 덕진구 솔내2길 33-3,127.1219181,35.85486847,['송천1동'],['5211364100']
전북특별자치도 전주시 덕진구 가리내2길 13,127.1102802,35.84732539,['덕진동'],['5211357000']
전북특별자치도 전주시 덕진구 무삼지5길 15-12,127.1640955,35.82633109,['인후3동'],['5211356000']
전북특별자치도 전주시 완산구 선너머2길 27-1,127.1279299,35.81406453,['중화산1동'],['5211167100']
전북특별자치도 전주시 완산구 삼천천변3길 32-5,127.1131979,35.7974301,['삼천3동'],['5211170300']
전북특별자치도 전주시 완산구 서곡5길 23-23,127.1005248,35.83754486,['효자5동'],['5211173000']
전북특별자치도 전주시 덕진구 호반5길 10-3,127.1156747,35.84952912,['덕진동'],['5211357000']
전북특별자치도 전주시 덕진구 가리내8길 14,127.1103006,35.84359354,['덕진동'],['5211357000']
전북특별자치도 전주시 덕진구 중상보로 25,127.1703199,35.8331938,['우아2동'],['5211361200']
전북특별자치도 전주시 완산구 후곡길 23-26,127.094594,35.81103578,['효자4동'],['5211171400']
전북특별자치도 전주시 완산구 배학4길 4-3,127.0975429,35.81964245,['효자5동'],['5211173000']
전북특별자치도 전주시 덕진구 가리내7길 13,127.1102246,35.84449676,['덕진동'],['5211357000']
전북특별자치도 전주시 완산구 봉곡3길 3-1,127.0972005,35.81231547,['효자4동'],['5211171400']
전북특별자치도 전주시 덕진구 사평3길 17,127.1218735,35.84426092,['덕진동'],['5211357000']
전북특별자치도 전주시 덕진구 동부대로 735-1,127.1578001,35.85395934,['우아1동'],['5211361100']
전북특별자치도 전주시 완산구 배학5길 7,127.0961614,35.82063188,['효자5동'],['5211173000']
전북특별자치도 전주시 덕진구 권삼득로 221-5,127.1341584,35.83766911,['금암1동'],['5211358000']
전북특별자치도 전주시 완산구 정동길 22-81,127.1021402,35.78453759,['삼천3동'],['5211170300']
전북특별자치도 전주시 완산구 평화15길 18-8,127.137722,35.79088306,['평화2동'],['5211169200']
전북특별자치도 전주시 완산구 척동길 30,127.0998029,35.82259447,['효자5동'],['5211173000']
전북특별자치도 전주시 덕진구 가리내3길 16-4,127.1100791,35.84686648,['덕진동'],['5211357000']
전북특별자치도 전주시 완산구 척동7길 18-4,127.0985405,35.82385268,['효자5동'],['5211173000']
전북특별자치도 전주시 덕진구 가리내8길 10-7,127.1104589,35.84402987,['덕진동'],['5211357000']
전북특별자치도 전주시 완산구 척동1길 24-10,127.0974136,35.82218293,['효자5동'],['5211173000']
전북특별자치도 전주시 완산구 농소2길 15-6,127.0987159,35.81445041,['효자5동'],['5211173000']
전북특별자치도 전주시 덕진구 권삼득로 227-20,127.1331736,35.8380654,['금암1동'],['5211358000']
전북특별자치도 전주시 완산구 황강서원2길 22,127.1007339,35.82779856,['효자5동'],['5211173000']
전북특별자치도 전주시 완산구 척동10길 4,127.1003081,35.82463613,['효자5동'],['5211173000']
전북특별자치도 전주시 덕진구 붓내3길 17-21,127.1234822,35.8686785,['송천1동'],['5211364100']
전북특별자치도 전주시 완산구 척동10길 5,127.1005695,35.824876,['효자5동'],['5211173000']
전북특별자치도 전주시 덕진구 가리내5길 8,127.110839,35.84613225,['덕진동'],['5211357000']
전북특별자치도 전주시 덕진구 금암5길 30-1,127.1355224,35.83976255,['금암1동'],['5211358000']
전북특별자치도 전주시 덕진구 가리내6길 16-4,127.1101919,35.845069,['덕진동'],['5211357000']
전북특별자치도 전주시 덕진구 가리내8길 16-8,127.1102596,35.84404204,['덕진동'],['5211357000']
전북특별자치도 전주시 완산구 마전들로 37-1,127.0997947,35.82121105,['효자5동'],['5211173000']
전북특별자치도 전주시 완산구 황강서원로 15-1,127.0988676,35.82868641,['효자5동'],['5211173000']
전북특별자치도 전주시 덕진구 들사평2길 7-2,127.1214888,35.8402791,['덕진동'],['5211357000']
전북특별자치도 전주시 덕진구 가리내3길 16-6,127.1100714,35.84701222,['덕진동'],['5211357000']
전북특별자치도 전주시 완산구 평화11길 10,127.1363732,35.78955406,['평화2동'],['5211169200']
전북특별자치도 전주시 완산구 선너머2길 13,127.128802,35.81310375,['중화산1동'],['5211167100']
전북특별자치도 전주시 완산구 메너머2길 27,127.1197564,35.82223503,['중화산2동'],['5211167200']
전북특별자치도 전주시 완산구 평화13길 10-4,127.1366308,35.79032993,['평화2동'],['5211169200']
전북특별자치도 전주시 덕진구 가리내8길 16-10,127.1102464,35.84419455,['덕진동'],['5211357000']
전북특별자치도 전주시 덕진구 금암5길 4,127.1376693,35.83872474,['금암1동'],['5211358000']
전북특별자치도 전주시 덕진구 오정1길 32,127.0601813,35.83386387,['혁신동'],['5211367000']
전북특별자치도 전주시 완산구 봉곡로 77,127.1023835,35.81185711,['효자4동'],['5211171400']
전북특별자치도 전주시 완산구 척동1길 18-6,127.0980986,35.82171895,['효자5동'],['5211173000']
전북특별자치도 전주시 완산구 전룡5길 24-1,127.1208166,35.82724552,['서신동'],['5211168000']
전북특별자치도 전주시 완산구 효동3길 30-4,127.1292119,35.80382059,['효자1동'],['5211171100']
전북특별자치도 전주시 덕진구 가재미로 90,127.160917,35.83292385,['인후3동'],['5211356000']
전북특별자치도 전주시 완산구 농소2길 9-5,127.097847,35.81442769,['효자5동'],['5211173000']
전북특별자치도 전주시 덕진구 가리내8길 16-5,127.1099521,35.84387694,['덕진동'],['5211357000']
전북특별자치도 전주시 완산구 척동8길 9-8,127.1011336,35.82409306,['효자5동'],['5211173000']
전북특별자치도 전주시 완산구 농소2길 8,127.0978098,35.81392715,['효자5동'],['5211173000']
전북특별자치도 전주시 완산구 황학4길 18-3,127.1588644,35.80892415,['동서학동'],['5211165000']
전북특별자치도 전주시 완산구 물왕멀로 32,127.1506549,35.82626883,['노송동'],['5211160500']
전북특별자치도 전주시 덕진구 가재미로 95-11,127.1593997,35.83323969,['인후3동'],['5211356000']
전북특별자치도 전주시 덕진구 건지3길 10-11,127.144436,35.84517845,['인후2동'],['5211355000']
전북특별자치도 전주시 덕진구 들사평5길 8,127.1239335,35.84254669,['덕진동'],['5211357000']
전북특별자치도 전주시 덕진구 석소3길 13,127.170017,35.83411585,['우아2동'],['5211361200']
전북특별자치도 전주시 완산구 농소4길 10-8,127.0978463,35.81454927,['효자5동'],['5211173000']
전북특별자치도 전주시 덕진구 오정2길 32,127.0605347,35.83420563,['혁신동'],['5211367000']
전북특별자치도 전주시 덕진구 호반6길 25-6,127.1178664,35.85223914,['덕진동'],['5211357000']
전북특별자치도 전주시 완산구 용호로 131,127.0968033,35.81491125,['효자5동'],['5211173000']
전북특별자치도 전주시 덕진구 금암3길 26-4,127.1363048,35.84097962,['금암1동'],['5211358000']
전북특별자치도 전주시 덕진구 심방죽7길 5,127.1521887,35.84139595,['인후1동'],['5211354000']
전북특별자치도 전주시 덕진구 가리내9길 11,127.1105965,35.84277285,['덕진동'],['5211357000']
전북특별자치도 전주시 덕진구 오정1길 18,127.0598836,35.8344904,['혁신동'],['5211367000']
전북특별자치도 전주시 완산구 고사평1길 4-8,127.1092504,35.83508771,['서신동'],['5211168000']
전북특별자치도 전주시 완산구 척동길 28,127.0998061,35.82272795,['효자5동'],['5211173000']
전북특별자치도 전주시 완산구 척동3길 10-6,127.0990732,35.82258787,['효자5동'],['5211173000']
전북특별자치도 전주시 완산구 전룡6길 13,127.1214592,35.82648601,['서신동'],['5211168000']
전북특별자치도 전주시 완산구 전룡6길 11,127.1214917,35.8262566,['서신동'],['5211168000']
전북특별자치도 전주시 완산구 척동2길 5-5,127.1003067,35.82171523,['효자5동'],['5211173000']
전북특별자치도 전주시 덕진구 인교로 50,127.172965,35.82609649,['우아2동'],['5211361200']
전북특별자치도 전주시 덕진구 인교로 52,127.1728979,35.82617121,['우아2동'],['5211361200']
전북특별자치도 전주시 덕진구 오정2길 7,127.0613739,35.83539198,['혁신동'],['5211367000']
전북특별자치도 전주시 덕진구 안덕원로 223,127.1513439,35.83650193,['인후1동'],['5211354000']
전북특별자치도 전주시 덕진구 동가재미2길 13-1,127.162082,35.83342744,['인후3동'],['5211356000']
전북특별자치도 전주시 덕진구 무삼지3길 18,127.160892,35.82737547,['인후3동'],['5211356000']
전북특별자치도 전주시 덕진구 오정1길 1,127.0604241,35.83590095,['혁신동'],['5211367000']
전북특별자치도 전주시 완산구 평화19길 14-4,127.1377743,35.79470526,['평화1동'],['5211169100']
전북특별자치도 전주시 완산구 봉곡1길 24,127.0996229,35.81314319,['효자4동'],['5211171400']
전북특별자치도 전주시 덕진구 가리내7길 9,127.1107652,35.84451897,['덕진동'],['5211357000']
전북특별자치도 전주시 덕진구 오정1길 30,127.0600086,35.83384017,['혁신동'],['5211367000']
전북특별자치도 전주시 덕진구 삼송3길 30,127.1364995,35.8435004,['금암1동'],['5211358000']
전북특별자치도 전주시 덕진구 가리내5길 4,127.1112368,35.84613548,['덕진동'],['5211357000']
전북특별자치도 전주시 덕진구 도당산로 15,127.155202,35.84447989,['우아1동'],['5211361100']
전북특별자치도 전주시 덕진구 인교4길 12,127.1711755,35.82658627,['우아2동'],['5211361200']
전북특별자치도 전주시 덕진구 하가4길 17-6,127.1134799,35.84779341,['덕진동'],['5211357000']
전북특별자치도 전주시 완산구 척동8길 13-1,127.1013481,35.82364288,['효자5동'],['5211173000']
전북특별자치도 전주시 덕진구 송천중앙로 100-15,127.1218088,35.85582454,['송천1동'],['5211364100']
전북특별자치도 전주시 완산구 후곡길 31-19,127.0946326,35.81143275,['효자4동'],['5211171400']
전북특별자치도 전주시 완산구 배학2길 26,127.0998068,35.81935174,['효자5동'],['5211173000']
전북특별자치도 전주시 덕진구 가리내3길 16-8,127.110067,35.84716048,['덕진동'],['5211357000']
전북특별자치도 전주시 덕진구 농생명로 417,127.0691571,35.83271832,['혁신동'],['5211367000']
전북특별자치도 전주시 덕진구 무삼지6길 7-3,127.1642221,35.82796381,['인후3동'],['5211356000']
전북특별자치도 전주시 완산구 배학4길 36-5,127.1000909,35.82038173,['효자5동'],['5211173000']
전북특별자치도 전주시 완산구 척동3길 26-4,127.0976837,35.82272167,['효자5동'],['5211173000']
전북특별자치도 전주시 완산구 평화3길 11-2,127.1319926,35.78302414,['평화2동'],['5211169200']
전북특별자치도 전주시 덕진구 진버들6길 7-11,127.1657225,35.83588183,['우아2동'],['5211361200']
전북특별자치도 전주시 덕진구 정언신로 159,127.170926,35.8312044,['우아2동'],['5211361200']
전북특별자치도 전주시 완산구 척동4길 10-5,127.1011283,35.82182342,['효자5동'],['5211173000']
전북특별자치도 전주시 완산구 새터로 20,127.1088012,35.83639107,['서신동'],['5211168000']
전북특별자치도 전주시 완산구 마전들로 33-1,127.0992255,35.82120548,['효자5동'],['5211173000']
전북특별자치도 전주시 완산구 평화3길 17-5,127.1314093,35.7828393,['평화2동'],['5211169200']
전북특별자치도 전주시 완산구 문학대4길 4-5,127.1023598,35.82640609,['효자5동'],['5211173000']
전북특별자치도 전주시 덕진구 만성로 9,127.0703588,35.83325306,['혁신동'],['5211367000']
전북특별자치도 전주시 완산구 척동10길 10-5,127.1011325,35.82435514,['효자5동'],['5211173000']
전북특별자치도 전주시 완산구 척동10길 10-3,127.1011329,35.8244943,['효자5동'],['5211173000']
전북특별자치도 전주시 덕진구 들사평4길 20,127.1239256,35.84106756,['덕진동'],['5211357000']
전북특별자치도 전주시 덕진구 가리내9길 10,127.1108427,35.84306518,['덕진동'],['5211357000']
전북특별자치도 전주시 덕진구 천마산로 59-10,127.1279191,35.86515834,['송천1동'],['5211364100']
전북특별자치도 전주시 완산구 고사평3길 21-5,127.1077,35.83608104,['서신동'],['5211168000']
전북특별자치도 전주시 완산구 황강서원5길 51-1,127.0981562,35.8287526,['효자5동'],['5211173000']
전북특별자치도 전주시 완산구 척동5길 15,127.0981928,35.82300425,['효자5동'],['5211173000']
전북특별자치도 전주시 덕진구 들사평2길 9,127.1213913,35.84017646,['덕진동'],['5211357000']
전북특별자치도 전주시 덕진구 하가로 21,127.111552,35.84422993,['덕진동'],['5211357000']
전북특별자치도 전주시 덕진구 송천로 61,127.1177175,35.8587404,['송천2동'],['5211364200']
전북특별자치도 전주시 완산구 배학1길 11,127.0958322,35.8185925,['효자5동'],['5211173000']
전북특별자치도 전주시 완산구 배학4길 40-4,127.1003043,35.82037164,['효자5동'],['5211173000']
전북특별자치도 전주시 덕진구 백제대로 612-1,127.1365446,35.84149072,['금암1동'],['5211358000']
전북특별자치도 전주시 덕진구 천마산로 59-5,127.1276205,35.86509016,['송천1동'],['5211364100']
전북특별자치도 전주시 덕진구 안덕원로 161,127.145452,35.83365177,['인후2동'],['5211355000']
전북특별자치도 전주시 완산구 서곡7길 7,127.1022789,35.83191349,['효자5동'],['5211173000']
전북특별자치도 전주시 덕진구 천마산로 59-7,127.1276352,35.86523561,['송천1동'],['5211364100']
전북특별자치도 전주시 완산구 척동3길 17-5,127.0980977,35.82186856,['효자5동'],['5211173000']
전북특별자치도 전주시 덕진구 경동로 40,127.1105459,35.84306302,['덕진동'],['5211357000']
전북특별자치도 전주시 덕진구 천마산로 59-1,127.1275857,35.86480829,['송천1동'],['5211364100']
전북특별자치도 전주시 덕진구 서가재미1길 18-6,127.1609316,35.83075568,['인후3동'],['5211356000']
전북특별자치도 전주시 완산구 마당재1길 24,127.1588217,35.81939252,['노송동'],['5211160500']
전북특별자치도 전주시 완산구 척동5길 11,127.0986565,35.82297728,['효자5동'],['5211173000']
전북특별자치도 전주시 덕진구 천마산로 59-3,127.1276056,35.86494652,['송천1동'],['5211364100']
전북특별자치도 전주시 덕진구 붓내4길 13-1,127.1227881,35.86813873,['송천1동'],['5211364100']
전북특별자치도 전주시 완산구 봉곡3길 41-5,127.1013597,35.81244633,['효자4동'],['5211171400']
전북특별자치도 전주시 덕진구 권삼득로 213,127.1349625,35.83717026,['금암1동'],['5211358000']
전북특별자치도 전주시 완산구 서곡1길 23-12,127.0981462,35.83505331,['효자5동'],['5211173000']
전북특별자치도 전주시 덕진구 무삼지6길 7-5,127.1642738,35.82780845,['인후3동'],['5211356000']
전북특별자치도 전주시 완산구 농소2길 4,127.0973828,35.81393877,['효자5동'],['5211173000']
전북특별자치도 전주시 덕진구 가리내1길 7,127.1110883,35.8474246,['덕진동'],['5211357000']
전북특별자치도 전주시 덕진구 무삼지6길 6,127.1641071,35.82841838,['인후3동'],['5211356000']
전북특별자치도 전주시 덕진구 한배미3길 11-2,127.1654172,35.82480858,['인후3동'],['5211356000']
전북특별자치도 전주시 완산구 척동3길 26-12,127.0979939,35.82259903,['효자5동'],['5211173000']
전북특별자치도 전주시 덕진구 금암5길 4-1,127.1377101,35.83887061,['금암1동'],['5211358000']
전북특별자치도 전주시 덕진구 천마산로 59-6,127.1279077,35.86499306,['송천1동'],['5211364100']
전북특별자치도 전주시 덕진구 견훤왕궁로 176,127.1492141,35.83495281,['인후2동'],['5211355000']
전북특별자치도 전주시 덕진구 오정2길 3,127.0613654,35.83568616,['혁신동'],['5211367000']
전북특별자치도 전주시 덕진구 가리내9길 13,127.1103414,35.84278264,['덕진동'],['5211357000']
,,,['NaN'],['NaN']
전북특별자치도 전주시 덕진구 오정2길 22-5,127.0607015,35.83438634,['혁신동'],['5211367000']
전북특별자치도 전주시 덕진구 건지4길 13-1,127.1452544,35.84569668,['인후2동'],['5211355000']
전북특별자치도 전주시 완산구 농소2길 17-3,127.0987747,35.81428516,['효자5동'],['5211173000']
전북특별자치도 전주시 완산구 관선2길 24-9,127.1566695,35.82037439,['노송동'],['5211160500']
전북특별자치도 전주시 덕진구 가리내7길 17,127.1099083,35.84449417,['덕진동'],['5211357000']
전북특별자치도 전주시 덕진구 정언신로 65,127.1609813,35.83059825,['인후3동'],['5211356000']
전북특별자치도 전주시 덕진구 동가재미2길 5-1,127.161337,35.83323395,['인후3동'],['5211356000']
전북특별자치도 전주시 덕진구 오정2길 23,127.0612055,35.83403207,['혁신동'],['5211367000']
전북특별자치도 전주시 완산구 후곡길 23-23,127.0948591,35.81030203,['효자4동'],['5211171400']
전북특별자치도 전주시 완산구 구룡2길 14-5,127.1034771,35.81287541,['효자4동'],['5211171400']
전북특별자치도 전주시 완산구 척동4길 6-3,127.1006099,35.82198572,['효자5동'],['5211173000']
전북특별자치도 전주시 완산구 배학2길 33,127.1006038,35.81966417,['효자5동'],['5211173000']
전북특별자치도 전주시 완산구 곤지산1길 17-1,127.1468315,35.8107252,['완산동'],['5211163500']
전북특별자치도 전주시 완산구 곤지산1길 17-1,127.1468315,35.8107252,['완산동'],['5211163500']
전북특별자치도 전주시 덕진구 솔내2길 75-1,127.1245788,35.85814081,['송천1동'],['5211364100']
전북특별자치도 전주시 덕진구 가재미4길 13-3,127.163315,35.83008021,['인후3동'],['5211356000']
전북특별자치도 전주시 완산구 영선로 15,127.1241444,35.82335643,['중화산2동'],['5211167200']
전북특별자치도 전주시 완산구 서곡5길 17,127.1010444,35.8375163,['효자5동'],['5211173000']
전북특별자치도 전주시 완산구 척동4길 8,127.1006134,35.82211433,['효자5동'],['5211173000']
전북특별자치도 전주시 덕진구 석소1길 8,127.1685238,35.83292424,['우아2동'],['5211361200']
전북특별자치도 전주시 덕진구 인봉3길 41-4,127.1585772,35.82917358,['인후3동'],['5211356000']
전북특별자치도 전주시 완산구 평화8길 11-18,127.1341105,35.78847157,['평화2동'],['5211169200']
전북특별자치도 전주시 완산구 배학2길 35,127.1008153,35.81966462,['효자5동'],['5211173000']
전북특별자치도 전주시 완산구 평화8길 11-22,127.1342673,35.78857576,['평화2동'],['5211169200']
전북특별자치도 전주시 덕진구 떡전1길 29,127.1275064,35.83522727,['금암1동'],['5211358000']
전북특별자치도 전주시 덕진구 가리내8길 16-9,127.1099361,35.84415779,['덕진동'],['5211357000']
전북특별자치도 전주시 완산구 척동5길 16-1,127.0982037,35.82327768,['효자5동'],['5211173000']
전북특별자치도 전주시 완산구 척동5길 20,127.0980769,35.82334538,['효자5동'],['5211173000']
전북특별자치도 전주시 완산구 중산로 53,127.120075,35.81877424,['중화산2동'],['5211167200']
전북특별자치도 전주시 완산구 척동10길 10-7,127.1011328,35.82422194,['효자5동'],['5211173000']
전북특별자치도 전주시 완산구 척동4길 5-3,127.1003072,35.8224494,['효자5동'],['5211173000']
전북특별자치도 전주시 완산구 척동3길 26-20,127.0979271,35.82291686,['효자5동'],['5211173000']
전북특별자치도 전주시 덕진구 가리내8길 16-7,127.1099477,35.84400979,['덕진동'],['5211357000']
전북특별자치도 전주시 완산구 척동7길 10-8,127.0990748,35.82422464,['효자5동'],['5211173000']
전북특별자치도 전주시 덕진구 서가재미3길 11,127.1594283,35.83310284,['인후3동'],['5211356000']
전북특별자치도 전주시 완산구 황강서원로 14-1,127.0989388,35.82829926,['효자5동'],['5211173000']
전북특별자치도 전주시 완산구 척동9길 5-6,127.0992532,35.82435671,['효자5동'],['5211173000']
전북특별자치도 전주시 덕진구 가리내8길 11,127.1105208,35.84333729,['덕진동'],['5211357000']
전북특별자치도 전주시 완산구 척동길 12,127.0998037,35.82422674,['효자5동'],['5211173000']
전북특별자치도 전주시 완산구 메너머3길 27,127.1197784,35.82373218,['중화산2동'],['5211167200']
전북특별자치도 전주시 완산구 평화1길 20-3,127.1311474,35.78283274,['평화2동'],['5211169200']
전북특별자치도 전주시 완산구 척동길 12-1,127.0998069,35.82407993,['효자5동'],['5211173000']
전북특별자치도 전주시 완산구 척동3길 10-9,127.0985349,35.82253946,['효자5동'],['5211173000']
전북특별자치도 전주시 덕진구 팽나무4길 15-1,127.1547443,35.83538239,['인후1동'],['5211354000']
전북특별자치도 전주시 완산구 선너머3길 16-1,127.1306098,35.81404704,['중화산1동'],['5211167100']
전북특별자치도 전주시 완산구 황강서원로 21-1,127.0995376,35.82885547,['효자5동'],['5211173000']
전북특별자치도 전주시 완산구 강당1길 22,127.133668,35.81010742,['완산동'],['5211163500']
전북특별자치도 전주시 완산구 중산9길 2,127.1198479,35.81877185,['중화산2동'],['5211167200']
전북특별자치도 전주시 완산구 척동4길 15-1,127.1013407,35.82245484,['효자5동'],['5211173000']
전북특별자치도 전주시 완산구 배학1길 14,127.0955266,35.8188597,['효자5동'],['5211173000']
전북특별자치도 전주시 덕진구 석소로 5-6,127.1694915,35.82787944,['인후3동'],['5211356000']
전북특별자치도 전주시 완산구 배학2길 13,127.098287,35.81919905,['효자5동'],['5211173000']
전북특별자치도 전주시 덕진구 정언신로 161-6,127.170964,35.83155323,['우아2동'],['5211361200']
전북특별자치도 전주시 덕진구 오정2길 10,127.0610657,35.83525362,['혁신동'],['5211367000']
전북특별자치도 전주시 완산구 서곡로 73-1,127.1013788,35.83551144,['효자5동'],['5211173000']
전북특별자치도 전주시 완산구 후곡길 23-24,127.0946548,35.81086936,['효자4동'],['5211171400']
전북특별자치도 전주시 완산구 황강서원4길 16-11,127.0991135,35.82731224,['효자5동'],['5211173000']
전북특별자치도 전주시 완산구 배학4길 18-4,127.0987814,35.81963621,['효자5동'],['5211173000']
전북특별자치도 전주시 완산구 척동5길 12,127.0986592,35.8232153,['효자5동'],['5211173000']
전북특별자치도 전주시 덕진구 쪽구름5길 12,127.0776726,35.8761457,['여의동'],['5211366500']
전북특별자치도 전주시 덕진구 가리내6길 20,127.1096765,35.84488255,['덕진동'],['5211357000']
전북특별자치도 전주시 완산구 중산5길 12-31,127.1217168,35.81479947,['중화산2동'],['5211167200']
전북특별자치도 전주시 덕진구 견훤로 288-1,127.1570015,35.83742459,['인후1동'],['5211354000']
전북특별자치도 전주시 덕진구 오정2길 8,127.0608526,35.83551482,['혁신동'],['5211367000']
전북특별자치도 전주시 완산구 안행8길 52-10,127.130271,35.7995681,['삼천1동'],['5211170100']
전북특별자치도 전주시 덕진구 월방1길 4-5,127.0701873,35.83359888,['혁신동'],['5211367000']
전북특별자치도 전주시 완산구 메너머2길 25-7,127.1200458,35.82175077,['중화산2동'],['5211167200']
전북특별자치도 전주시 완산구 범안3길 15-1,127.1066117,35.81225549,['효자4동'],['5211171400']
전북특별자치도 전주시 덕진구 천마산로 59-4,127.1278228,35.86483742,['송천1동'],['5211364100']
전북특별자치도 전주시 덕진구 건산4길 8-3,127.1399164,35.83243606,['진북동'],['5211352500']
전북특별자치도 전주시 완산구 척동7길 17-2,127.0979962,35.82361799,['효자5동'],['5211173000']
전북특별자치도 전주시 덕진구 가리내3길 16-3,127.1097723,35.84683593,['덕진동'],['5211357000']
전북특별자치도 전주시 완산구 척동3길 18,127.0981177,35.82232233,['효자5동'],['5211173000']
전북특별자치도 전주시 덕진구 백동로 40-2,127.1507117,35.84781953,['인후2동'],['5211355000']
전북특별자치도 전주시 덕진구 신복3길 10-8,127.1088189,35.85342931,['팔복동'],['5211360000']
전북특별자치도 전주시 덕진구 솔내2길 31,127.1220675,35.85476882,['송천1동'],['5211364100']
전북특별자치도 전주시 덕진구 들사평1길 9,127.1206153,35.83946453,['덕진동'],['5211357000']
전북특별자치도 전주시 덕진구 아중천2길 27-6,127.171729,35.83577858,['우아2동'],['5211361200']
전북특별자치도 전주시 완산구 서곡로 75,127.1014526,35.83559871,['효자5동'],['5211173000']
전북특별자치도 전주시 완산구 척동4길 5-5,127.1003077,35.82258892,['효자5동'],['5211173000']
전북특별자치도 전주시 덕진구 오정2길 22,127.0610531,35.83440599,['혁신동'],['5211367000']
전북특별자치도 전주시 덕진구 권삼득로 221,127.1345581,35.83760341,['금암1동'],['5211358000']
,,,['NaN'],['NaN']
전북특별자치도 전주시 완산구 척동길 9,127.1000972,35.82436331,['효자5동'],['5211173000']
전북특별자치도 전주시 덕진구 솔내6길 21,127.1234035,35.85856769,['송천1동'],['5211364100']
전북특별자치도 전주시 덕진구 오정1길 4,127.0601234,35.83567489,['혁신동'],['5211367000']
전북특별자치도 전주시 덕진구 오정1길 5,127.0604173,35.83564626,['혁신동'],['5211367000']
전북특별자치도 전주시 완산구 강변로 256,127.1126715,35.81296331,['효자3동'],['5211171300']
전북특별자치도 전주시 완산구 봉곡1길 42-6,127.101361,35.81285279,['효자4동'],['5211171400']
전북특별자치도 전주시 완산구 평화2길 15,127.1347167,35.78188534,['평화2동'],['5211169200']
전북특별자치도 전주시 완산구 척동1길 16,127.0982985,35.82144093,['효자5동'],['5211173000']
전북특별자치도 전주시 덕진구 도당산4길 41-8,127.1569954,35.84615742,['우아1동'],['5211361100']
전북특별자치도 전주시 완산구 서곡로 88,127.1023414,35.83624218,['효자5동'],['5211173000']
전북특별자치도 전주시 완산구 따박골9길 47-6,127.1295349,35.81163715,['중화산1동'],['5211167100']
전북특별자치도 전주시 덕진구 가리내10길 10,127.1110308,35.8424535,['덕진동'],['5211357000']
전북특별자치도 전주시 덕진구 가리내2길 20,127.110045,35.84783716,['덕진동'],['5211357000']
전북특별자치도 전주시 덕진구 중상보로 27,127.1704686,35.83323613,['우아2동'],['5211361200']
전북특별자치도 전주시 완산구 따박골9길 48,127.1302289,35.81142848,['중화산1동'],['5211167100']
전북특별자치도 전주시 덕진구 오정1길 19,127.0602525,35.83463414,['혁신동'],['5211367000']
전북특별자치도 전주시 덕진구 오정2길 11,127.0613651,35.83503897,['혁신동'],['5211367000']
전북특별자치도 전주시 완산구 안행5길 18,127.1322788,35.80261551,['효자1동'],['5211171100']
전북특별자치도 전주시 덕진구 솔내6길 21-1,127.1235589,35.85855076,['송천1동'],['5211364100']
전북특별자치도 전주시 덕진구 솔내6길 30,127.1243005,35.85820311,['송천1동'],['5211364100']
전북특별자치도 전주시 덕진구 진북1길 17-32,127.1316687,35.8265725,['진북동'],['5211352500']
전북특별자치도 전주시 완산구 평화18길 24-4,127.1346775,35.79540373,['평화2동'],['5211169200']
전북특별자치도 전주시 완산구 평화18길 14-5,127.1349058,35.79540501,['평화2동'],['5211169200']
전북특별자치도 전주시 덕진구 가리내6길 8,127.1109467,35.84493347,['덕진동'],['5211357000']
전북특별자치도 전주시 덕진구 가리내10길 12-7,127.1101404,35.84253309,['덕진동'],['5211357000']
전북특별자치도 전주시 완산구 중산8길 9,127.1212161,35.817905,['중화산2동'],['5211167200']
전북특별자치도 전주시 덕진구 오정1길 6,127.0601304,35.83549752,['혁신동'],['5211367000']
전북특별자치도 전주시 완산구 척동9길 9-3,127.099002,35.82448634,['효자5동'],['5211173000']
전북특별자치도 전주시 덕진구 심방죽2길 12,127.1519907,35.83777946,['인후1동'],['5211354000']
전북특별자치도 전주시 덕진구 인교로 51,127.1725558,35.82622235,['우아2동'],['5211361200']
전북특별자치도 전주시 덕진구 인교로 53,127.17245,35.82641186,['우아2동'],['5211361200']
전북특별자치도 전주시 완산구 오목대길 27-1,127.1548594,35.81297919,['풍남동'],['5211153000']
전북특별자치도 전주시 완산구 강당2길 38-2,127.1342027,35.81190331,['중화산1동'],['5211167100']
전북특별자치도 전주시 완산구 태평1길 31-5,127.1387172,35.82263608,['중앙동'],['5211151000']
전북특별자치도 전주시 완산구 척동3길 2,127.0998012,35.82230643,['효자5동'],['5211173000']
전북특별자치도 전주시 덕진구 산정1길 14,127.1685655,35.83739956,['우아2동'],['5211361200']
전북특별자치도 전주시 덕진구 붓내4길 18,127.1232791,35.86793382,['송천1동'],['5211364100']
전북특별자치도 전주시 덕진구 정언신로 151-1,127.1702567,35.83095489,['우아2동'],['5211361200']
전북특별자치도 전주시 덕진구 가리내8길 10-3,127.1104943,35.8437381,['덕진동'],['5211357000']
전북특별자치도 전주시 완산구 척동8길 10,127.1008796,35.82342706,['효자5동'],['5211173000']
전북특별자치도 전주시 완산구 척동1길 32-4,127.0967433,35.82162983,['효자5동'],['5211173000']
전북특별자치도 전주시 완산구 배학5길 3,127.0965402,35.82061428,['효자5동'],['5211173000']
전북특별자치도 전주시 덕진구 건지3길 9,127.1440431,35.84478552,['금암2동'],['5211359000']
전북특별자치도 전주시 덕진구 하가로 54,127.1118067,35.84700764,['덕진동'],['5211357000']
전북특별자치도 전주시 완산구 척동7길 10,127.0987814,35.8236488,['효자5동'],['5211173000']
전북특별자치도 전주시 완산구 전주객사5길 85-16,127.1435812,35.82186934,['중앙동'],['5211151000']
전북특별자치도 전주시 덕진구 건지4길 10-9,127.1459464,35.84571864,['인후2동'],['5211355000']
전북특별자치도 전주시 완산구 전주객사5길 85-14,127.1437215,35.82190594,['중앙동'],['5211151000']
전북특별자치도 전주시 완산구 양지2길 11-13,127.1245158,35.79274595,['평화2동'],['5211169200']
전북특별자치도 전주시 완산구 척동3길 25-10,127.0968297,35.82218782,['효자5동'],['5211173000']
전북특별자치도 전주시 덕진구 가리내8길 15,127.1101182,35.843319,['덕진동'],['5211357000']
전북특별자치도 전주시 덕진구 천마산로 59-12,127.1281162,35.86514389,['송천1동'],['5211364100']
전북특별자치도 전주시 덕진구 오정2길 26,127.0610498,35.83427684,['혁신동'],['5211367000']
전북특별자치도 전주시 완산구 후곡길 11-8,127.0954162,35.80991504,['효자4동'],['5211171400']
전북특별자치도 전주시 완산구 척동9길 4,127.0995843,35.82485312,['효자5동'],['5211173000']
전북특별자치도 전주시 완산구 척동3길 26-18,127.0980458,35.82286161,['효자5동'],['5211173000']
전북특별자치도 전주시 완산구 척동3길 10-13,127.0982633,35.82254617,['효자5동'],['5211173000']
전북특별자치도 전주시 덕진구 월방3길 3-6,127.0703322,35.83395624,['혁신동'],['5211367000']
전북특별자치도 전주시 덕진구 가재미6길 7,127.1624883,35.83042579,['인후3동'],['5211356000']
전북특별자치도 전주시 완산구 평화18길 24-6,127.1344509,35.79540588,['평화2동'],['5211169200']
전북특별자치도 전주시 완산구 용호로 177,127.0968365,35.81906053,['효자5동'],['5211173000']
전북특별자치도 전주시 완산구 황강서원5길 3-3,127.1024919,35.82884857,['효자5동'],['5211173000']
전북특별자치도 전주시 완산구 척동6길 7,127.1007279,35.82321972,['효자5동'],['5211173000']
전북특별자치도 전주시 완산구 관선2길 24-3,127.1566748,35.8205494,['노송동'],['5211160500']
전북특별자치도 전주시 덕진구 가리내1길 3,127.1114067,35.84728317,['덕진동'],['5211357000']
전북특별자치도 전주시 덕진구 인교6길 14-1,127.1713494,35.82579751,['우아2동'],['5211361200']
전북특별자치도 전주시 완산구 척동9길 5-4,127.0992469,35.82450768,['효자5동'],['5211173000']
전북특별자치도 전주시 완산구 배학2길 6,127.0976283,35.81873607,['효자5동'],['5211173000']
전북특별자치도 전주시 완산구 안행7길 6-2,127.1343093,35.80243643,['효자1동'],['5211171100']
전북특별자치도 전주시 덕진구 가리내8길 10-9,127.1104507,35.84417796,['덕진동'],['5211357000']
전북특별자치도 전주시 덕진구 오정2길 19,127.0613645,35.83430111,['혁신동'],['5211367000']
전북특별자치도 전주시 완산구 황강서원2길 12,127.0996099,35.82780472,['효자5동'],['5211173000']
전북특별자치도 전주시 완산구 척동9길 5-7,127.0995588,35.82421793,['효자5동'],['5211173000']
전북특별자치도 전주시 덕진구 천마산로 59-14,127.1279424,35.86533929,['송천1동'],['5211364100']
전북특별자치도 전주시 덕진구 인교6길 14-3,127.1712213,35.82582068,['우아2동'],['5211361200']
전북특별자치도 전주시 완산구 인정3길 7-3,127.1194807,35.82021396,['중화산2동'],['5211167200']
전북특별자치도 전주시 완산구 용호로 126,127.0972278,35.8145504,['효자5동'],['5211173000']
전북특별자치도 전주시 완산구 평화14길 28-5,127.1332892,35.79296952,['평화2동'],['5211169200']
전북특별자치도 전주시 완산구 척동7길 6-6,127.0995612,35.82408265,['효자5동'],['5211173000']
전북특별자치도 전주시 덕진구 가리내9길 8,127.1110405,35.84307626,['덕진동'],['5211357000']
전북특별자치도 전주시 덕진구 가리내10길 12-6,127.1104884,35.84261605,['덕진동'],['5211357000']
전북특별자치도 전주시 완산구 척동7길 13,127.0985055,35.8234211,['효자5동'],['5211173000']
전북특별자치도 전주시 덕진구 가리내6길 6-2,127.1112381,35.84512319,['덕진동'],['5211357000']
전북특별자치도 전주시 덕진구 가리내10길 18-12,127.1098678,35.84253424,['덕진동'],['5211357000']
전북특별자치도 전주시 덕진구 오정1길 3,127.0606402,35.8356594,['혁신동'],['5211367000']
전북특별자치도 전주시 완산구 평화3길 7,127.1326068,35.78291883,['평화2동'],['5211169200']
전북특별자치도 전주시 완산구 마전들로 40,127.0999892,35.82086174,['효자5동'],['5211173000']
전북특별자치도 전주시 완산구 서곡7길 20,127.1010536,35.83195643,['효자5동'],['5211173000']
전북특별자치도 전주시 완산구 황강서원로 23,127.0996889,35.82886229,['효자5동'],['5211173000']
전북특별자치도 전주시 완산구 맏내로 147,127.1283152,35.79308642,['평화2동'],['5211169200']
전북특별자치도 전주시 덕진구 솔내9길 4,127.1259734,35.86248277,['송천1동'],['5211364100']
전북특별자치도 전주시 덕진구 백동6길 9,127.1513828,35.84724018,['인후2동'],['5211355000']
전북특별자치도 전주시 완산구 안터4길 11,127.1177977,35.82932339,['서신동'],['5211168000']
전북특별자치도 전주시 덕진구 기지로 70,127.0596511,35.83809437,['혁신동'],['5211367000']
전북특별자치도 전주시 덕진구 매봉1길 22,127.1427158,35.84283129,['금암2동'],['5211359000']
전북특별자치도 전주시 완산구 화산천변4길 16-4,127.117695,35.82023681,['중화산2동'],['5211167200']
전북특별자치도 전주시 덕진구 건산로 143,127.1530736,35.8334297,['인후1동'],['5211354000']
전북특별자치도 전주시 덕진구 오정1길 33,127.060329,35.83419853,['혁신동'],['5211367000']
전북특별자치도 전주시 덕진구 들사평4길 26-3,127.1243549,35.84058125,['덕진동'],['5211357000']
전북특별자치도 전주시 덕진구 만성로 7,127.0702528,35.83297779,['혁신동'],['5211367000']
전북특별자치도 전주시 덕진구 여암2길 41,127.0737397,35.86895077,['여의동'],['5211366500']
전북특별자치도 전주시 덕진구 오공로 48,127.0606176,35.83590599,['혁신동'],['5211367000']
전북특별자치도 전주시 완산구 안터4길 9,127.1179462,35.82933199,['서신동'],['5211168000']
전북특별자치도 전주시 완산구 척동1길 14-5,127.098297,35.82172149,['효자5동'],['5211173000']
전북특별자치도 전주시 덕진구 건지1길 14,127.1398572,35.84407586,['금암2동'],['5211359000']
전북특별자치도 전주시 덕진구 가리내8길 9,127.1108289,35.84335747,['덕진동'],['5211357000']
전북특별자치도 전주시 완산구 배학1길 13-1,127.0955381,35.81857417,['효자5동'],['5211173000']
전북특별자치도 전주시 덕진구 오정1길 2,127.0601209,35.83587812,['혁신동'],['5211367000']
전북특별자치도 전주시 덕진구 공북1길 19,127.1371666,35.82727619,['진북동'],['5211352500']
전북특별자치도 전주시 완산구 안터4길 9-1,127.1179953,35.8291251,['서신동'],['5211168000']
전북특별자치도 전주시 완산구 인봉로 8,127.1586986,35.82406977,['노송동'],['5211160500']
전북특별자치도 전주시 완산구 배학3길 16-8,127.095689,35.82019866,['효자5동'],['5211173000']
전북특별자치도 전주시 덕진구 삼송1길 4-13,127.1335015,35.84195432,['금암1동'],['5211358000']
전북특별자치도 전주시 덕진구 팽나무6길 16,127.1561423,35.83439379,['인후1동'],['5211354000']
전북특별자치도 전주시 덕진구 원장동길 109,127.0622221,35.85045651,['여의동'],['5211366500']
전북특별자치도 전주시 완산구 고사평9길 24-1,127.1088064,35.83907321,['서신동'],['5211168000']
전북특별자치도 전주시 완산구 고사평1길 7,127.10863,35.83465738,['서신동'],['5211168000']
전북특별자치도 전주시 덕진구 가리내9길 17,127.1100373,35.84276336,['덕진동'],['5211357000']
전북특별자치도 전주시 덕진구 안덕원1길 10-8,127.1644925,35.84286348,['우아2동'],['5211361200']
전북특별자치도 전주시 완산구 메너머3길 40-12,127.1187835,35.82436594,['중화산2동'],['5211167200']
전북특별자치도 전주시 완산구 마전들로 25,127.0982479,35.82120403,['효자5동'],['5211173000']
전북특별자치도 전주시 덕진구 사평2길 24-2,127.1205377,35.84195433,['덕진동'],['5211357000']
전북특별자치도 전주시 완산구 척동4길 1,127.1000979,35.82230339,['효자5동'],['5211173000']
전북특별자치도 전주시 완산구 척동7길 10-3,127.0987896,35.82392954,['효자5동'],['5211173000']
전북특별자치도 전주시 완산구 구룡1길 17,127.1037077,35.8118877,['효자4동'],['5211171400']
전북특별자치도 전주시 완산구 서곡3길 14-28,127.1008996,35.83659344,['효자5동'],['5211173000']
전북특별자치도 전주시 덕진구 월방3길 4-7,127.0706838,35.83468398,['혁신동'],['5211367000']
전북특별자치도 전주시 덕진구 삼송3길 32,127.1365622,35.84377998,['금암1동'],['5211358000']
전북특별자치도 전주시 덕진구 오정1길 28,127.0598525,35.83380104,['혁신동'],['5211367000']
전북특별자치도 전주시 덕진구 아중중앙로 54,127.1708901,35.8329109,['우아2동'],['5211361200']
전북특별자치도 전주시 완산구 배학2길 3-6,127.0975457,35.81924211,['효자5동'],['5211173000']
전북특별자치도 전주시 완산구 척동1길 32-1,127.0963258,35.82152932,['효자5동'],['5211173000']
전북특별자치도 전주시 완산구 선너머3길 18-6,127.1307477,35.81424454,['중화산1동'],['5211167100']
전북특별자치도 전주시 덕진구 무삼지3길 9,127.1616663,35.82741111,['인후3동'],['5211356000']
전북특별자치도 전주시 덕진구 오정1길 26,127.0596678,35.83377608,['혁신동'],['5211367000']
전북특별자치도 전주시 완산구 봉곡1길 28-6,127.0998298,35.81287778,['효자4동'],['5211171400']
전북특별자치도 전주시 완산구 후곡길 31-15,127.0947584,35.81106683,['효자4동'],['5211171400']
전북특별자치도 전주시 덕진구 오정1길 8,127.0601252,35.83531529,['혁신동'],['5211367000']
전북특별자치도 전주시 덕진구 오정2길 21,127.0613723,35.8340693,['혁신동'],['5211367000']
전북특별자치도 전주시 완산구 서원로 299,127.1272694,35.81202495,['중화산1동'],['5211167100']
전북특별자치도 전주시 완산구 우전1길 51,127.1056535,35.8083226,['효자4동'],['5211171400']
전북특별자치도 전주시 덕진구 안덕원로 244-1,127.1537579,35.83622047,['인후1동'],['5211354000']
전북특별자치도 전주시 완산구 평화3길 5,127.1327488,35.78288641,['평화2동'],['5211169200']
전북특별자치도 전주시 덕진구 매봉6길 10-1,127.1398646,35.84103781,['금암2동'],['5211359000']
전북특별자치도 전주시 완산구 서학1길 27,127.1501155,35.80667106,['서서학동'],['5211166000']
전북특별자치도 전주시 완산구 문학대4길 28-1,127.1050163,35.82654945,['효자5동'],['5211173000']
전북특별자치도 전주시 덕진구 떡전4길 12,127.1288795,35.83811262,['금암1동'],['5211358000']
전북특별자치도 전주시 덕진구 농생명로 421,127.0695684,35.83264129,['혁신동'],['5211367000']
전북특별자치도 전주시 완산구 간납로 14-15,127.1562057,35.81644964,['풍남동'],['5211153000']
전북특별자치도 전주시 완산구 구룡2길 28-1,127.1049831,35.81312637,['효자4동'],['5211171400']
전북특별자치도 전주시 완산구 마당재3길 12-21,127.1598412,35.822299,['노송동'],['5211160500']
전북특별자치도 전주시 완산구 배학4길 10-5,127.0980915,35.81950789,['효자5동'],['5211173000']
전북특별자치도 전주시 완산구 배학2길 9-6,127.0980911,35.8193755,['효자5동'],['5211173000']
전북특별자치도 전주시 덕진구 오정2길 1,127.0613654,35.83589741,['혁신동'],['5211367000']
전북특별자치도 전주시 덕진구 명주1길 19,127.1458108,35.84221643,['인후2동'],['5211355000']
전북특별자치도 전주시 완산구 메너머2길 8,127.1220174,35.82255442,['중화산2동'],['5211167200']
전북특별자치도 전주시 완산구 마전들로 20,127.0976743,35.82088869,['효자5동'],['5211173000']
전북특별자치도 전주시 완산구 범안2길 23-7,127.1066056,35.81273785,['효자4동'],['5211171400']
전북특별자치도 전주시 완산구 세내로 507,127.1031231,35.83198838,['효자5동'],['5211173000']
전북특별자치도 전주시 완산구 척동길 32,127.0997999,35.82245721,['효자5동'],['5211173000']
전북특별자치도 전주시 완산구 척동3길 13-4,127.0983007,35.82198997,['효자5동'],['5211173000']
전북특별자치도 전주시 덕진구 솔내9길 10,127.125729,35.86246554,['송천1동'],['5211364100']
전북특별자치도 전주시 완산구 평화7길 11,127.1363507,35.7879638,['평화2동'],['5211169200']
전북특별자치도 전주시 완산구 배학1길 16-7,127.0950698,35.81928447,['효자5동'],['5211173000']
전북특별자치도 전주시 완산구 배학4길 50-8,127.1013403,35.82011932,['효자5동'],['5211173000']
전북특별자치도 전주시 완산구 용호로 127,127.0967947,35.81455174,['효자5동'],['5211173000']
전북특별자치도 전주시 덕진구 월방1길 8,127.0698399,35.83333493,['혁신동'],['5211367000']
전북특별자치도 전주시 덕진구 오정2길 25,127.0610454,35.83400277,['혁신동'],['5211367000']
전북특별자치도 전주시 완산구 안행2길 6-4,127.1306856,35.80079408,['삼천1동'],['5211170100']
전북특별자치도 전주시 덕진구 한배미3길 26-4,127.1641553,35.82474082,['인후3동'],['5211356000']
전북특별자치도 전주시 완산구 마당재3길 12-19,127.160016,35.82233157,['노송동'],['5211160500']
전북특별자치도 전주시 완산구 척동6길 2,127.1001001,35.82299366,['효자5동'],['5211173000']
전북특별자치도 전주시 완산구 척동3길 6-5,127.0992718,35.82259293,['효자5동'],['5211173000']
전북특별자치도 전주시 덕진구 경동로 50,127.1116427,35.84309319,['덕진동'],['5211357000']
전북특별자치도 전주시 덕진구 월방6길 19-9,127.0733457,35.83496916,['혁신동'],['5211367000']
전북특별자치도 전주시 덕진구 오정2길 22-3,127.0608719,35.83440212,['혁신동'],['5211367000']
전북특별자치도 전주시 완산구 척동4길 10-6,127.1008251,35.82185188,['효자5동'],['5211173000']
전북특별자치도 전주시 완산구 문학대6길 22,127.1041332,35.82828775,['효자5동'],['5211173000']
전북특별자치도 전주시 완산구 농소1길 11,127.0959546,35.81392144,['효자5동'],['5211173000']
전북특별자치도 전주시 완산구 척동10길 3,127.1004094,35.82488299,['효자5동'],['5211173000']
전북특별자치도 전주시 완산구 신촌3길 27-15,127.1152771,35.81678012,['중화산2동'],['5211167200']
전북특별자치도 전주시 완산구 척동8길 9-7,127.1008284,35.82408809,['효자5동'],['5211173000']
전북특별자치도 전주시 완산구 척동6길 6-6,127.100307,35.8227196,['효자5동'],['5211173000']
전북특별자치도 전주시 완산구 척동2길 9-3,127.1008262,35.82172039,['효자5동'],['5211173000']
전북특별자치도 전주시 덕진구 용산2길 6-4,127.1306167,35.83610248,['금암1동'],['5211358000']
전북특별자치도 전주시 완산구 배학2길 39,127.1013377,35.81966887,['효자5동'],['5211173000']
전북특별자치도 전주시 덕진구 석소3길 11,127.170116,35.83395006,['우아2동'],['5211361200']
전북특별자치도 전주시 완산구 안터3길 14,127.1190036,35.82891294,['서신동'],['5211168000']
전북특별자치도 전주시 완산구 안행6길 6-5,127.1328049,35.80062187,['삼천1동'],['5211170100']
전북특별자치도 전주시 완산구 배학4길 10,127.0977853,35.81978249,['효자5동'],['5211173000']
전북특별자치도 전주시 덕진구 솔내로 172-2,127.1276299,35.865526,['송천1동'],['5211364100']
전북특별자치도 전주시 덕진구 월방3길 7-5,127.0701206,35.834019,['혁신동'],['5211367000']
전북특별자치도 전주시 덕진구 아중천1길 28-10,127.1722764,35.83481544,['우아2동'],['5211361200']
전북특별자치도 전주시 완산구 동문길 57-8,127.1508211,35.81835106,['풍남동'],['5211153000']
전북특별자치도 전주시 덕진구 전주천동로 494,127.1305555,35.83625999,['금암1동'],['5211358000']
전북특별자치도 전주시 덕진구 명륜2길 15-2,127.1288723,35.84204274,['금암1동'],['5211358000']
전북특별자치도 전주시 완산구 황강서원4길 16-7,127.099447,35.82730754,['효자5동'],['5211173000']
전북특별자치도 전주시 완산구 황강서원4길 16-5,127.0995985,35.82730742,['효자5동'],['5211173000']
전북특별자치도 전주시 완산구 척동9길 5-1,127.0995617,35.82449471,['효자5동'],['5211173000']
전북특별자치도 전주시 완산구 척동7길 15-1,127.0982195,35.82352993,['효자5동'],['5211173000']
전북특별자치도 전주시 완산구 척동3길 17,127.0980962,35.82212434,['효자5동'],['5211173000']
전북특별자치도 전주시 덕진구 호성2길 7,127.1531203,35.85970458,['호성동'],['5211362000']
전북특별자치도 전주시 덕진구 월방2길 12-1,127.0716492,35.83261736,['혁신동'],['5211367000']
전북특별자치도 전주시 덕진구 솔내5길 28,127.1234151,35.85677787,['송천1동'],['5211364100']
전북특별자치도 전주시 완산구 은행로 27,127.1521965,35.81752359,['풍남동'],['5211153000']
전북특별자치도 전주시 완산구 척동1길 10-5,127.0987884,35.82172496,['효자5동'],['5211173000']
전북특별자치도 전주시 덕진구 오정1길 11-1,127.060628,35.83525943,['혁신동'],['5211367000']
전북특별자치도 전주시 완산구 서곡5길 3-2,127.1021227,35.83689893,['효자5동'],['5211173000']
전북특별자치도 전주시 완산구 척동1길 24-12,127.0972326,35.82225149,['효자5동'],['5211173000']
전북특별자치도 전주시 완산구 배학1길 12,127.0957897,35.81882452,['효자5동'],['5211173000']
전북특별자치도 전주시 덕진구 가리내8길 7,127.1110246,35.84336035,['덕진동'],['5211357000']
전북특별자치도 전주시 완산구 서원로 179-13,127.1143675,35.81388632,['효자2동'],['5211171200']
전북특별자치도 전주시 덕진구 가리내8길 6-9,127.1109981,35.84420143,['덕진동'],['5211357000']
전북특별자치도 전주시 완산구 서곡3길 14-17,127.1005347,35.83704195,['효자5동'],['5211173000']
전북특별자치도 전주시 덕진구 오정2길 5,127.0613721,35.83554709,['혁신동'],['5211367000']
전북특별자치도 전주시 덕진구 경동로 34,127.1099436,35.84302923,['덕진동'],['5211357000']
전북특별자치도 전주시 덕진구 월방3길 18,127.0692961,35.83477635,['혁신동'],['5211367000']
전북특별자치도 전주시 덕진구 솔내2길 57,127.1233326,35.85665512,['송천1동'],['5211364100']
전북특별자치도 전주시 완산구 중인1길 13-52,127.1021445,35.77261815,['삼천3동'],['5211170300']
전북특별자치도 전주시 완산구 봉곡3길 41-7,127.1013627,35.81257097,['효자4동'],['5211171400']
전북특별자치도 전주시 완산구 척동길 29,127.1000939,35.8225963,['효자5동'],['5211173000']
전북특별자치도 전주시 완산구 척동6길 4,127.1003026,35.82298376,['효자5동'],['5211173000']
전북특별자치도 전주시 덕진구 만성로 5,127.0701648,35.83275288,['혁신동'],['5211367000']
전북특별자치도 전주시 완산구 서곡7길 9-3,127.1024607,35.83190035,['효자5동'],['5211173000']
전북특별자치도 전주시 완산구 척동6길 10,127.1008173,35.82299207,['효자5동'],['5211173000']
전북특별자치도 전주시 덕진구 들사평4길 26-2,127.1241907,35.84070579,['덕진동'],['5211357000']
전북특별자치도 전주시 덕진구 가리내1길 9,127.1109182,35.84751263,['덕진동'],['5211357000']
전북특별자치도 전주시 덕진구 진버들6길 31,127.1657885,35.83813181,['우아2동'],['5211361200']
전북특별자치도 전주시 덕진구 정언신로 161-13,127.1701579,35.83114466,['우아2동'],['5211361200']
전북특별자치도 전주시 완산구 척동4길 6-5,127.1006014,35.82185486,['효자5동'],['5211173000']
전북특별자치도 전주시 완산구 고사평1길 8-4,127.1088681,35.83507796,['서신동'],['5211168000']
전북특별자치도 전주시 덕진구 월방1길 3-10,127.0695492,35.83291475,['혁신동'],['5211367000']
전북특별자치도 전주시 덕진구 서가재미2길 9,127.1595708,35.8320772,['인후3동'],['5211356000']
전북특별자치도 전주시 완산구 척동10길 14,127.10135,35.82465833,['효자5동'],['5211173000']
전북특별자치도 전주시 완산구 황강서원4길 13,127.1003821,35.82754713,['효자5동'],['5211173000']
전북특별자치도 전주시 덕진구 금암1길 31-2,127.135299,35.83862082,['금암1동'],['5211358000']
전북특별자치도 전주시 덕진구 금암1길 33,127.1354615,35.83858422,['금암1동'],['5211358000']
전북특별자치도 전주시 덕진구 심방죽6길 5,127.1512217,35.84085399,['인후2동'],['5211355000']
전북특별자치도 전주시 덕진구 가리내3길 20-10,127.1095329,35.84730075,['덕진동'],['5211357000']
전북특별자치도 전주시 덕진구 솔내5길 10-16,127.121403,35.85699785,['송천1동'],['5211364100']
전북특별자치도 전주시 덕진구 오정2길 2,127.0610487,35.83591163,['혁신동'],['5211367000']
전북특별자치도 전주시 완산구 삼천천변2길 35-9,127.1138157,35.79721772,['삼천3동'],['5211170300']
전북특별자치도 전주시 덕진구 가리내3길 14,127.11011,35.84656867,['덕진동'],['5211357000']
전북특별자치도 전주시 덕진구 월방6길 3-5,127.0723455,35.8358612,['혁신동'],['5211367000']
전북특별자치도 전주시 완산구 선너머3길 9-3,127.1302905,35.81337424,['중화산1동'],['5211167100']
전북특별자치도 전주시 덕진구 반태산6길 9-10,127.1511624,35.83057711,['인후2동'],['5211355000']
전북특별자치도 전주시 완산구 맏내4길 16-40,127.1306206,35.79419141,['평화2동'],['5211169200']
전북특별자치도 전주시 덕진구 가리내8길 1,127.1116397,35.84339024,['덕진동'],['5211357000']
전북특별자치도 전주시 덕진구 진버들6길 14,127.1667151,35.83678045,['우아2동'],['5211361200']
전북특별자치도 전주시 덕진구 가리내10길 8-5,127.1107667,35.84263643,['덕진동'],['5211357000']
전북특별자치도 전주시 완산구 평화16길 13-7,127.1377915,35.79319138,['평화1동'],['5211169100']
전북특별자치도 전주시 완산구 선너머3길 9-4,127.1303166,35.8135258,['중화산1동'],['5211167100']
전북특별자치도 전주시 완산구 평화16길 13-5,127.1378013,35.7930359,['평화1동'],['5211169100']
전북특별자치도 전주시 완산구 척동4길 6-4,127.1003108,35.82198678,['효자5동'],['5211173000']
전북특별자치도 전주시 완산구 평화16길 9-6,127.1376532,35.79309439,['평화1동'],['5211169100']
전북특별자치도 전주시 완산구 척동1길 24-2,127.0976274,35.82173529,['효자5동'],['5211173000']
전북특별자치도 전주시 완산구 척동5길 19,127.0979222,35.82314047,['효자5동'],['5211173000']
전북특별자치도 전주시 덕진구 천마산로 59-9,127.12765,35.86538015,['송천1동'],['5211364100']
전북특별자치도 전주시 완산구 황강서원로 43,127.1020202,35.82885871,['효자5동'],['5211173000']
전북특별자치도 전주시 완산구 봉곡3길 38,127.1011424,35.81193081,['효자4동'],['5211171400']
전북특별자치도 전주시 완산구 척동8길 4-1,127.1004125,35.82344097,['효자5동'],['5211173000']
전북특별자치도 전주시 완산구 척동3길 7,127.0990714,35.82212147,['효자5동'],['5211173000']
전북특별자치도 전주시 덕진구 진버들6길 14-1,127.1668592,35.83682405,['우아2동'],['5211361200']
전북특별자치도 전주시 덕진구 오정2길 22-4,127.0608888,35.83466194,['혁신동'],['5211367000']
전북특별자치도 전주시 완산구 척동1길 28,127.0968627,35.82145066,['효자5동'],['5211173000']
전북특별자치도 전주시 완산구 용호로 134,127.0972115,35.81504845,['효자5동'],['5211173000']
전북특별자치도 전주시 덕진구 월방3길 26-14,127.0693795,35.83498269,['혁신동'],['5211367000']
전북특별자치도 전주시 덕진구 한배미로 30,127.1680816,35.82407333,['인후3동'],['5211356000']
전북특별자치도 전주시 완산구 세내로 521,127.1016701,35.83269296,['효자5동'],['5211173000']
전북특별자치도 전주시 덕진구 가리내8길 17,127.1099056,35.84331641,['덕진동'],['5211357000']
전북특별자치도 전주시 완산구 계룡산길 143,127.1049047,35.78191198,['삼천3동'],['5211170300']
전북특별자치도 전주시 완산구 봉곡2길 23,127.0948278,35.81297853,['효자4동'],['5211171400']
전북특별자치도 전주시 완산구 척동3길 13-6,127.0982996,35.82185695,['효자5동'],['5211173000']
전북특별자치도 전주시 덕진구 중상보로 23-1,127.1701915,35.83313549,['우아2동'],['5211361200']
전북특별자치도 전주시 완산구 선너머3길 9-1,127.1304716,35.81335313,['중화산1동'],['5211167100']
전북특별자치도 전주시 완산구 배학1길 16-4,127.0950293,35.81901763,['효자5동'],['5211173000']
전북특별자치도 전주시 완산구 범안3길 15-11,127.1066098,35.81151529,['효자4동'],['5211171400']
전북특별자치도 전주시 덕진구 떡전3길 24,127.1290016,35.83657855,['금암1동'],['5211358000']
전북특별자치도 전주시 덕진구 중상보로 23,127.1700763,35.83309573,['우아2동'],['5211361200']
전북특별자치도 전주시 덕진구 오정2길 16-1,127.060894,35.83485264,['혁신동'],['5211367000']
전북특별자치도 전주시 완산구 황강서원5길 21,127.1011246,35.82912687,['효자5동'],['5211173000']
전북특별자치도 전주시 완산구 배학2길 11,127.0980911,35.81912342,['효자5동'],['5211173000']
전북특별자치도 전주시 덕진구 삼송5길 10-6,127.1375762,35.84286369,['금암1동'],['5211358000']
전북특별자치도 전주시 완산구 배학1길 16-5,127.0950391,35.81915642,['효자5동'],['5211173000']
전북특별자치도 전주시 완산구 서신천변1길 11-4,127.113406,35.82622773,['서신동'],['5211168000']
전북특별자치도 전주시 덕진구 오정2길 12,127.061061,35.83511501,['혁신동'],['5211367000']
전북특별자치도 전주시 완산구 평화2길 17,127.1348284,35.78184331,['평화2동'],['5211169200']
전북특별자치도 전주시 완산구 범안3길 15-12,127.1063069,35.81153565,['효자4동'],['5211171400']
전북특별자치도 전주시 완산구 범안1길 34-4,127.1069088,35.81132612,['효자4동'],['5211171400']
전북특별자치도 전주시 덕진구 정언신로 62-2,127.1608696,35.83026304,['인후3동'],['5211356000']
전북특별자치도 전주시 덕진구 견훤로 260-11,127.1580888,35.83519616,['인후3동'],['5211356000']
전북특별자치도 전주시 덕진구 오정1길 7-1,127.0606254,35.83550691,['혁신동'],['5211367000']
,,,['NaN'],['NaN']
,,,['NaN'],['NaN']
전북특별자치도 전주시 완산구 황강서원2길 19,127.1005727,35.82805997,['효자5동'],['5211173000']
전북특별자치도 전주시 완산구 평화13길 10-6,127.1365921,35.79021849,['평화2동'],['5211169200']
전북특별자치도 전주시 완산구 범안3길 15-14,127.106319,35.811369,['효자4동'],['5211171400']
전북특별자치도 전주시 덕진구 월방3길 26-1,127.068198,35.83477527,['혁신동'],['5211367000']
전북특별자치도 전주시 덕진구 경동로 48,127.111432,35.84310275,['덕진동'],['5211357000']
전북특별자치도 전주시 덕진구 붓내4길 17-4,127.1230336,35.86840147,['송천1동'],['5211364100']
전북특별자치도 전주시 완산구 척동9길 5-5,127.099556,35.82436115,['효자5동'],['5211173000']
전북특별자치도 전주시 완산구 영선로 14,127.1241498,35.8230445,['중화산2동'],['5211167200']
전북특별자치도 전주시 완산구 척동5길 5-5,127.0995542,35.822725,['효자5동'],['5211173000']
전북특별자치도 전주시 완산구 황강서원2길 8-1,127.0992787,35.82778075,['효자5동'],['5211173000']
전북특별자치도 전주시 덕진구 가리내9길 19,127.1097995,35.84274655,['덕진동'],['5211357000']
전북특별자치도 전주시 덕진구 오정2길 10-1,127.0608533,35.83525913,['혁신동'],['5211367000']
전북특별자치도 전주시 완산구 척동3길 26-1,127.0972482,35.82270102,['효자5동'],['5211173000']
전북특별자치도 전주시 완산구 배학4길 36-9,127.1000924,35.82024834,['효자5동'],['5211173000']
전북특별자치도 전주시 완산구 메너머3길 21-3,127.1204572,35.82355179,['중화산2동'],['5211167200']
전북특별자치도 전주시 덕진구 가리내6길 20-10,127.1096345,35.84550725,['덕진동'],['5211357000']
전북특별자치도 전주시 완산구 서곡로 80,127.1019701,35.8357751,['효자5동'],['5211173000']
전북특별자치도 전주시 덕진구 가리내8길 4,127.1113515,35.84362024,['덕진동'],['5211357000']
전북특별자치도 전주시 완산구 척동3길 24,127.0977632,35.82243545,['효자5동'],['5211173000']
전북특별자치도 전주시 완산구 서곡2길 1-5,127.1016742,35.83497954,['효자5동'],['5211173000']
전북특별자치도 전주시 덕진구 매봉로 6,127.1422788,35.83882077,['금암2동'],['5211359000']
전북특별자치도 전주시 완산구 농소1길 9,127.0961307,35.81392166,['효자5동'],['5211173000']
전북특별자치도 전주시 완산구 평화6길 4-1,127.1345491,35.78830092,['평화2동'],['5211169200']
전북특별자치도 전주시 완산구 봉곡1길 10,127.0980244,35.81315568,['효자4동'],['5211171400']
전북특별자치도 전주시 덕진구 팔복4길 15,127.1046185,35.85097522,['팔복동'],['5211360000']
전북특별자치도 전주시 완산구 중산6길 19-3,127.122228,35.81718981,['중화산2동'],['5211167200']
전북특별자치도 전주시 완산구 문학대1길 10-15,127.0994201,35.82539681,['효자5동'],['5211173000']
전북특별자치도 전주시 완산구 척동3길 10-19,127.0986555,35.82280127,['효자5동'],['5211173000']
전북특별자치도 전주시 덕진구 오정1길 13,127.0604109,35.83510073,['혁신동'],['5211367000']
전북특별자치도 전주시 완산구 삼천천변2길 35-4,127.1140364,35.7968662,['삼천3동'],['5211170300']
전북특별자치도 전주시 완산구 메너머2길 29-1,127.1196059,35.82212045,['중화산2동'],['5211167200']
전북특별자치도 전주시 완산구 황강서원로 39,127.1015874,35.82884853,['효자5동'],['5211173000']
전북특별자치도 전주시 완산구 전룡로 74-4,127.1208669,35.82752386,['서신동'],['5211168000']
전북특별자치도 전주시 완산구 척동5길 16,127.0983478,35.82320276,['효자5동'],['5211173000']
전북특별자치도 전주시 완산구 평화3길 3-6,127.1326696,35.78259358,['평화2동'],['5211169200']
전북특별자치도 전주시 완산구 배학2길 9-4,127.0980933,35.81924563,['효자5동'],['5211173000']
전북특별자치도 전주시 완산구 배학1길 14-2,127.0957847,35.81898594,['효자5동'],['5211173000']
전북특별자치도 전주시 완산구 배학3길 5,127.0965141,35.81976756,['효자5동'],['5211173000']
전북특별자치도 전주시 완산구 배학4길 20,127.0990694,35.81977567,['효자5동'],['5211173000']
전북특별자치도 전주시 덕진구 오정1길 14,127.0599899,35.83482642,['혁신동'],['5211367000']
전북특별자치도 전주시 완산구 배학4길 10-6,127.0977893,35.81950949,['효자5동'],['5211173000']
전북특별자치도 전주시 덕진구 월방3길 4-13,127.070211,35.83483594,['혁신동'],['5211367000']
전북특별자치도 전주시 덕진구 월방3길 6,127.0704063,35.83453669,['혁신동'],['5211367000']
전북특별자치도 전주시 덕진구 월방1길 22-14,127.0683435,35.83414331,['혁신동'],['5211367000']
전북특별자치도 전주시 덕진구 반촌1길 30,127.144468,35.83158745,['진북동'],['5211352500']
전북특별자치도 전주시 완산구 배학4길 1,127.0972032,35.81996537,['효자5동'],['5211173000']
전북특별자치도 전주시 완산구 선너머3길 9-2,127.1305245,35.81349962,['중화산1동'],['5211167100']
전북특별자치도 전주시 완산구 척동3길 14-1,127.0983924,35.82234256,['효자5동'],['5211173000']
전북특별자치도 전주시 덕진구 오정1길 11,127.0604079,35.8352736,['혁신동'],['5211367000']
전북특별자치도 전주시 완산구 고사평9길 6,127.1104853,35.83815798,['서신동'],['5211168000']
전북특별자치도 전주시 덕진구 용정길 67-15,127.0733835,35.85033837,['여의동'],['5211366500']
전북특별자치도 전주시 완산구 척동3길 26-10,127.0978714,35.82265176,['효자5동'],['5211173000']
전북특별자치도 전주시 완산구 한두평2길 17-5,127.1248685,35.81396374,['중화산1동'],['5211167100']
전북특별자치도 전주시 덕진구 진버들6길 16,127.1666246,35.83694217,['우아2동'],['5211361200']
전북특별자치도 전주시 완산구 배학4길 50-6,127.1013367,35.82025361,['효자5동'],['5211173000']
전북특별자치도 전주시 완산구 계룡산길 81,127.105124,35.78697871,['삼천3동'],['5211170300']
전북특별자치도 전주시 덕진구 가리내10길 18-10,127.1099986,35.84237613,['덕진동'],['5211357000']
전북특별자치도 전주시 덕진구 가리내8길 5,127.1112149,35.84336432,['덕진동'],['5211357000']
전북특별자치도 전주시 완산구 서곡3길 24-3,127.0997323,35.8371094,['효자5동'],['5211173000']
전북특별자치도 전주시 완산구 황강서원2길 20,127.1005689,35.82779068,['효자5동'],['5211173000']
전북특별자치도 전주시 완산구 척동6길 10-4,127.1008311,35.8228594,['효자5동'],['5211173000']
전북특별자치도 전주시 완산구 세내로 508,127.1033625,35.8322891,['효자5동'],['5211173000']
전북특별자치도 전주시 덕진구 만성로 15,127.0705209,35.83368431,['혁신동'],['5211367000']
전북특별자치도 전주시 덕진구 반태산6길 22,127.1515083,35.83151407,['인후1동'],['5211354000']
전북특별자치도 전주시 덕진구 반태산6길 20,127.1514871,35.83130889,['인후1동'],['5211354000']
전북특별자치도 전주시 완산구 오두정2길 17,127.1179198,35.80799206,['효자2동'],['5211171200']
전북특별자치도 전주시 완산구 배학3길 4-17,127.0965402,35.82045043,['효자5동'],['5211173000']
전북특별자치도 전주시 완산구 중인1길 214,127.0890244,35.76094814,['삼천3동'],['5211170300']
전북특별자치도 전주시 덕진구 오정2길 28,127.0608457,35.83424531,['혁신동'],['5211367000']
전북특별자치도 전주시 완산구 효자천변1길 30-9,127.1144679,35.79975208,['효자3동'],['5211171300']
전북특별자치도 전주시 덕진구 솔내7길 40-9,127.1256908,35.8587772,['송천1동'],['5211364100']
전북특별자치도 전주시 덕진구 팽나무4길 21-14,127.155825,35.8349254,['인후1동'],['5211354000']
전북특별자치도 전주시 완산구 현무1길 37-3,127.1472561,35.82202712,['풍남동'],['5211153000']
전북특별자치도 전주시 완산구 척동4길 6-6,127.100314,35.82185285,['효자5동'],['5211173000']
전북특별자치도 전주시 완산구 속거길 11-8,127.0880802,35.81531135,['효자4동'],['5211171400']
전북특별자치도 전주시 덕진구 월방2길 4,127.0706572,35.83289752,['혁신동'],['5211367000']
전북특별자치도 전주시 완산구 안행9길 29-14,127.1328723,35.80198126,['효자1동'],['5211171100']
전북특별자치도 전주시 덕진구 명주3길 13-4,127.1481905,35.84390545,['인후2동'],['5211355000']
전북특별자치도 전주시 완산구 문화1길 6,127.1552223,35.82361701,['노송동'],['5211160500']
전북특별자치도 전주시 덕진구 오정2길 29,127.0607381,35.83395219,['혁신동'],['5211367000']
전북특별자치도 전주시 완산구 문화3길 10-4,127.1571083,35.82382293,['노송동'],['5211160500']
전북특별자치도 전주시 완산구 황강서원3길 7,127.1000706,35.82941588,['효자5동'],['5211173000']
전북특별자치도 전주시 완산구 척동3길 10-11,127.0983992,35.82253885,['효자5동'],['5211173000']
전북특별자치도 전주시 완산구 척동3길 26-14,127.098136,35.82255646,['효자5동'],['5211173000']
전북특별자치도 전주시 덕진구 명주2길 22-16,127.1460083,35.84287087,['인후2동'],['5211355000']
전북특별자치도 전주시 완산구 내원당길 69-6,127.1716371,35.79455516,['동서학동'],['5211165000']
전북특별자치도 전주시 완산구 중인3길 34-3,127.0934669,35.7644343,['삼천3동'],['5211170300']
,,,['NaN'],['NaN']
전북특별자치도 전주시 덕진구 삼송3길 19,127.1358091,35.84304118,['금암1동'],['5211358000']
전북특별자치도 전주시 완산구 중산3길 7-6,127.1194219,35.8152652,['중화산2동'],['5211167200']
전북특별자치도 전주시 덕진구 호반6길 11,127.1172993,35.85091232,['덕진동'],['5211357000']
전북특별자치도 전주시 덕진구 안덕원2길 12,127.1642082,35.8429841,['우아2동'],['5211361200']
전북특별자치도 전주시 덕진구 가리내1길 13,127.1105185,35.84772155,['덕진동'],['5211357000']
전북특별자치도 전주시 덕진구 천마산로 59-16,127.1278614,35.86545014,['송천1동'],['5211364100']
,,,['NaN'],['NaN']
전북특별자치도 전주시 완산구 배학6길 4-1,127.0975454,35.82063572,['효자5동'],['5211173000']
전북특별자치도 전주시 덕진구 오정1길 12,127.0600489,35.83498168,['혁신동'],['5211367000']
전북특별자치도 전주시 완산구 문화3길 10-6,127.1572707,35.82382687,['노송동'],['5211160500']
전북특별자치도 전주시 완산구 세내로 504-5,127.1036144,35.83248131,['효자5동'],['5211173000']
전북특별자치도 전주시 완산구 완산3길 14-1,127.1407454,35.81107794,['완산동'],['5211163500']
전북특별자치도 전주시 완산구 장승배기로 158-6,127.1301726,35.79450301,['평화2동'],['5211169200']
전북특별자치도 전주시 완산구 메너머3길 30-8,127.1195939,35.82438434,['중화산2동'],['5211167200']
전북특별자치도 전주시 완산구 배학5길 12-6,127.0954518,35.82037054,['효자5동'],['5211173000']
전북특별자치도 전주시 완산구 메너머3길 21-5,127.1204561,35.82332594,['중화산2동'],['5211167200']
전북특별자치도 전주시 완산구 문학대6길 15,127.1033882,35.82855742,['효자5동'],['5211173000']
전북특별자치도 전주시 완산구 배학2길 7,127.0977868,35.81905337,['효자5동'],['5211173000']
전북특별자치도 전주시 완산구 용호로 122,127.0972245,35.81429219,['효자5동'],['5211173000']
전북특별자치도 전주시 완산구 평화16길 14,127.1378549,35.79242506,['평화1동'],['5211169100']
전북특별자치도 전주시 덕진구 가리내8길 16-11,127.1099314,35.84431344,['덕진동'],['5211357000']
전북특별자치도 전주시 완산구 척동5길 13,127.098503,35.82296722,['효자5동'],['5211173000']
전북특별자치도 전주시 덕진구 월방1길 3-14,127.0692376,35.83296846,['혁신동'],['5211367000']
,,,['NaN'],['NaN']
전북특별자치도 전주시 덕진구 붓내5길 17,127.12294,35.86911535,['송천1동'],['5211364100']
전북특별자치도 전주시 덕진구 오정2길 31,127.0605709,35.83393244,['혁신동'],['5211367000']
전북특별자치도 전주시 완산구 평화16길 12,127.1377299,35.79240609,['평화1동'],['5211169100']
전북특별자치도 전주시 덕진구 금암5길 22,127.1360636,35.83922407,['금암1동'],['5211358000']
전북특별자치도 전주시 덕진구 가재미5길 10,127.1609953,35.83013012,['인후3동'],['5211356000']
전북특별자치도 전주시 완산구 새터로 30,127.1099521,35.8358699,['서신동'],['5211168000']
전북특별자치도 전주시 덕진구 가리내6길 20-4,127.1096619,35.84505101,['덕진동'],['5211357000']
전북특별자치도 전주시 덕진구 진버들6길 6-7,127.1676823,35.83634425,['우아2동'],['5211361200']
전북특별자치도 전주시 완산구 흑석1길 25,127.1504717,35.8006327,['서서학동'],['5211166000']
전북특별자치도 전주시 완산구 중화산로 55-1,127.1177637,35.81539661,['중화산2동'],['5211167200']
전북특별자치도 전주시 덕진구 가리내8길 20-8,127.1097375,35.84401756,['덕진동'],['5211357000']
전북특별자치도 전주시 덕진구 인후4길 18-14,127.1562927,35.83125758,['인후3동'],['5211356000']
전북특별자치도 전주시 덕진구 가리내8길 20-10,127.1097186,35.8441634,['덕진동'],['5211357000']
전북특별자치도 전주시 완산구 배학4길 36-6,127.0998018,35.82033429,['효자5동'],['5211173000']
전북특별자치도 전주시 덕진구 삼송5길 14-29,127.1377252,35.84401488,['금암1동'],['5211358000']
전북특별자치도 전주시 덕진구 삼송5길 14-25,127.1379715,35.84385282,['금암1동'],['5211358000']
전북특별자치도 전주시 완산구 배학2길 41-3,127.1013444,35.81980901,['효자5동'],['5211173000']
전북특별자치도 전주시 덕진구 동가재미2길 8-1,127.1615513,35.83307216,['인후3동'],['5211356000']
전북특별자치도 전주시 덕진구 호반5길 9,127.1162537,35.84941365,['덕진동'],['5211357000']
전북특별자치도 전주시 완산구 구룡1길 13-8,127.1034741,35.81245029,['효자4동'],['5211171400']
전북특별자치도 전주시 완산구 신기마을길 27-19,127.1307446,35.77330877,['평화2동'],['5211169200']
전북특별자치도 전주시 완산구 맏내2길 10-6,127.1308711,35.79213445,['평화2동'],['5211169200']
전북특별자치도 전주시 완산구 척동1길 32-3,127.0965285,35.82176366,['효자5동'],['5211173000']
전북특별자치도 전주시 덕진구 삼송5길 14-27,127.1378486,35.84393461,['금암1동'],['5211358000']
전북특별자치도 전주시 덕진구 오정1길 24,127.0597236,35.83399839,['혁신동'],['5211367000']
전북특별자치도 전주시 덕진구 오정2길 13,127.0613659,35.83486737,['혁신동'],['5211367000']
전북특별자치도 전주시 완산구 배학1길 15,127.0953946,35.81856293,['효자5동'],['5211173000']
전북특별자치도 전주시 완산구 맏내로 147-6,127.1278914,35.79325018,['평화2동'],['5211169200']
전북특별자치도 전주시 완산구 척동3길 25-12,127.096739,35.82207235,['효자5동'],['5211173000']
전북특별자치도 전주시 덕진구 월방3길 26-10,127.0690566,35.83501199,['혁신동'],['5211367000']
전북특별자치도 전주시 덕진구 솔내2길 78-1,127.1249911,35.8581594,['송천1동'],['5211364100']
전북특별자치도 전주시 덕진구 월방3길 12-1,127.0696403,35.83473118,['혁신동'],['5211367000']
전북특별자치도 전주시 덕진구 월방8길 21,127.0746022,35.83620059,['혁신동'],['5211367000']
전북특별자치도 전주시 완산구 평화3길 27-11,127.1305084,35.78289859,['평화2동'],['5211169200']
전북특별자치도 전주시 완산구 문학대1길 10-9,127.1000942,35.8254186,['효자5동'],['5211173000']
전북특별자치도 전주시 덕진구 월방2길 3-1,127.0708172,35.83331966,['혁신동'],['5211367000']
전북특별자치도 전주시 덕진구 팽나무2길 27-29,127.1526239,35.8342788,['인후1동'],['5211354000']
전북특별자치도 전주시 덕진구 아중3길 24-4,127.1717819,35.82949368,['우아2동'],['5211361200']
전북특별자치도 전주시 덕진구 건지3길 10-23,127.1447413,35.84521377,['인후2동'],['5211355000']
전북특별자치도 전주시 덕진구 명주1길 1-2,127.1450001,35.84351054,['인후2동'],['5211355000']
전북특별자치도 전주시 완산구 선너머로 72,127.1325749,35.81537101,['중화산1동'],['5211167100']
전북특별자치도 전주시 완산구 배학3길 14,127.0957168,35.82000748,['효자5동'],['5211173000']
전북특별자치도 전주시 완산구 황강서원1길 3-13,127.0971885,35.8284147,['효자5동'],['5211173000']
전북특별자치도 전주시 덕진구 붓내4길 3,127.1220533,35.8679595,['송천1동'],['5211364100']
전북특별자치도 전주시 덕진구 인교5길 5,127.1729181,35.82712102,['우아2동'],['5211361200']
전북특별자치도 전주시 덕진구 정언신로 163,127.171291,35.83135629,['우아2동'],['5211361200']
전북특별자치도 전주시 완산구 메너머3길 25-14,127.119777,35.82321423,['중화산2동'],['5211167200']
전북특별자치도 전주시 완산구 평화9길 8-5,127.1360453,35.7881836,['평화2동'],['5211169200']
전북특별자치도 전주시 완산구 황강서원1길 3-9,127.0974673,35.82820709,['효자5동'],['5211173000']
전북특별자치도 전주시 완산구 척동4길 9,127.1008255,35.82230756,['효자5동'],['5211173000']
전북특별자치도 전주시 덕진구 가리내10길 18-6,127.1102863,35.84220219,['덕진동'],['5211357000']
전북특별자치도 전주시 덕진구 인교로 62-6,127.1729459,35.82725617,['우아2동'],['5211361200']
전북특별자치도 전주시 덕진구 인교로 59,127.1722865,35.82673492,['우아2동'],['5211361200']
전북특별자치도 전주시 완산구 척동1길 32-7,127.096672,35.82194497,['효자5동'],['5211173000']
전북특별자치도 전주시 덕진구 월방8길 25-9,127.0751693,35.83609515,['혁신동'],['5211367000']
전북특별자치도 전주시 덕진구 오공로 50,127.0608666,35.83591569,['혁신동'],['5211367000']
,,,['NaN'],['NaN']
전북특별자치도 전주시 완산구 구룡1길 33-2,127.1055588,35.81164041,['효자4동'],['5211171400']
전북특별자치도 전주시 덕진구 오정1길 16,127.0599174,35.83464612,['혁신동'],['5211367000']
전북특별자치도 전주시 완산구 중화산로 55-5,127.1176999,35.81510314,['중화산2동'],['5211167200']
전북특별자치도 전주시 완산구 물레방아1길 17,127.1365443,35.82263604,['중앙동'],['5211151000']
전북특별자치도 전주시 완산구 태진로 8,127.1379487,35.82156113,['중앙동'],['5211151000']
전북특별자치도 전주시 완산구 황강서원로 20,127.0992264,35.82852794,['효자5동'],['5211173000']
전북특별자치도 전주시 완산구 황강서원1길 3-7,127.09757,35.82810661,['효자5동'],['5211173000']
전북특별자치도 전주시 덕진구 두현길 34,127.075003,35.83099233,['혁신동'],['5211367000']
전북특별자치도 전주시 덕진구 인교로 33,127.1723391,35.82485527,['우아2동'],['5211361200']
전북특별자치도 전주시 덕진구 백제대로 585-6,127.1332243,35.84142262,['금암1동'],['5211358000']
전북특별자치도 전주시 덕진구 지행당길 128-4,127.1554175,35.87075108,['호성동'],['5211362000']
전북특별자치도 전주시 완산구 황강서원1길 3-15,127.097047,35.82850764,['효자5동'],['5211173000']
전북특별자치도 전주시 완산구 배학3길 4-13,127.0961645,35.8204464,['효자5동'],['5211173000']
전북특별자치도 전주시 완산구 메너머3길 33-10,127.1188854,35.82310733,['중화산2동'],['5211167200']
전북특별자치도 전주시 완산구 평화15길 16,127.1377273,35.79138019,['평화2동'],['5211169200']
전북특별자치도 전주시 완산구 우전2길 71-29,127.1060733,35.81030996,['효자4동'],['5211171400']
전북특별자치도 전주시 덕진구 월방4길 3-3,127.0713198,35.83443278,['혁신동'],['5211367000']
전북특별자치도 전주시 완산구 거마평로 120,127.1169919,35.80311858,['효자2동'],['5211171200']
전북특별자치도 전주시 완산구 물왕멀로 24,127.1507735,35.82558751,['노송동'],['5211160500']
전북특별자치도 전주시 완산구 척동4길 2,127.1000956,35.82212557,['효자5동'],['5211173000']
전북특별자치도 전주시 덕진구 인교7길 20-6,127.1745368,35.82673222,['우아2동'],['5211361200']
전북특별자치도 전주시 완산구 삼천천변3길 44-9,127.1140519,35.7973471,['삼천3동'],['5211170300']
전북특별자치도 전주시 완산구 메너머4길 21-3,127.1204775,35.82462247,['중화산2동'],['5211167200']
전북특별자치도 전주시 덕진구 인교4길 3,127.1721353,35.82666863,['우아2동'],['5211361200']
전북특별자치도 전주시 완산구 중산4길 6,127.119685,35.81614015,['중화산2동'],['5211167200']
전북특별자치도 전주시 완산구 평화4길 8-13,127.1340615,35.78227065,['평화2동'],['5211169200']
전북특별자치도 전주시 완산구 문학대4길 8-7,127.1028664,35.82626308,['효자5동'],['5211173000']
,,,['NaN'],['NaN']
전북특별자치도 전주시 완산구 평화8길 8-13,127.1344544,35.78928412,['평화2동'],['5211169200']
전북특별자치도 전주시 완산구 황강서원1길 3-5,127.0976935,35.82803107,['효자5동'],['5211173000']
전북특별자치도 전주시 완산구 문학대4길 8-5,127.1028654,35.82640206,['효자5동'],['5211173000']
전북특별자치도 전주시 완산구 봉곡2길 7-3,127.0963066,35.81290868,['효자4동'],['5211171400']
전북특별자치도 전주시 완산구 평화15길 18-2,127.1378803,35.79137199,['평화2동'],['5211169200']
전북특별자치도 전주시 덕진구 호반6길 26-2,127.1185464,35.85164337,['덕진동'],['5211357000']
전북특별자치도 전주시 완산구 공북2길 16-12,127.1385282,35.82716305,['중앙동'],['5211151000']
전북특별자치도 전주시 완산구 메너머3길 13-9,127.1213615,35.82302851,['중화산2동'],['5211167200']
전북특별자치도 전주시 완산구 척동길 31,127.1000951,35.82245877,['효자5동'],['5211173000']
전북특별자치도 전주시 완산구 용산마을길 16-24,127.103569,35.79375721,['삼천3동'],['5211170300']
전북특별자치도 전주시 덕진구 가재미3길 6-4,127.1616897,35.82960934,['인후3동'],['5211356000']
전북특별자치도 전주시 덕진구 오정2길 14,127.0608521,35.83512322,['혁신동'],['5211367000']
전북특별자치도 전주시 완산구 백마산길 55,127.0873082,35.81642416,['효자4동'],['5211171400']
전북특별자치도 전주시 완산구 평화3길 15,127.1316326,35.78309393,['평화2동'],['5211169200']
전북특별자치도 전주시 덕진구 건지3길 8,127.1442707,35.84482887,['인후2동'],['5211355000']
전북특별자치도 전주시 완산구 중산7길 12-11,127.118893,35.81839922,['중화산2동'],['5211167200']
전북특별자치도 전주시 완산구 새터로 45,127.1114578,35.83571521,['서신동'],['5211168000']
전북특별자치도 전주시 완산구 마당재3길 5-21,127.1609619,35.82156063,['노송동'],['5211160500']
전북특별자치도 전주시 완산구 우전1길 65-15,127.1055975,35.80891406,['효자4동'],['5211171400']
전북특별자치도 전주시 덕진구 우아3길 10-8,127.1556997,35.84929673,['우아1동'],['5211361100']
전북특별자치도 전주시 덕진구 가리내3길 16-9,127.1097535,35.8473056,['덕진동'],['5211357000']
전북특별자치도 전주시 덕진구 솔내6길 41,127.1256526,35.85843585,['송천1동'],['5211364100']
전북특별자치도 전주시 완산구 전룡5길 23-1,127.1206919,35.82690605,['서신동'],['5211168000']
전북특별자치도 전주시 덕진구 솔내1길 20,127.1218266,35.85290987,['송천1동'],['5211364100']
,,,['NaN'],['NaN']
전북특별자치도 전주시 완산구 서곡2길 9,127.1018647,35.83444322,['효자5동'],['5211173000']
전북특별자치도 전주시 덕진구 떡전로 6-3,127.1287307,35.83604268,['금암1동'],['5211358000']
전북특별자치도 전주시 완산구 메너머2길 10-7,127.1215483,35.82302842,['중화산2동'],['5211167200']
전북특별자치도 전주시 완산구 척동10길 9-1,127.1010807,35.82487431,['효자5동'],['5211173000']
전북특별자치도 전주시 완산구 홍산2길 10,127.1101153,35.81441428,['효자5동'],['5211173000']
전북특별자치도 전주시 덕진구 모래내5길 54,127.1433856,35.83724865,['금암2동'],['5211359000']
전북특별자치도 전주시 완산구 고사평2길 7,127.1101852,35.83446724,['서신동'],['5211168000']
전북특별자치도 전주시 완산구 배학4길 18,127.0987823,35.81978041,['효자5동'],['5211173000']
전북특별자치도 전주시 완산구 중화산로 138-15,127.1193289,35.82284669,['중화산2동'],['5211167200']
전북특별자치도 전주시 덕진구 솔내1길 77,127.1251558,35.8572933,['송천1동'],['5211364100']
전북특별자치도 전주시 덕진구 진버들1길 34-3,127.1601154,35.83722834,['인후3동'],['5211356000']
전북특별자치도 전주시 완산구 척동3길 17-6,127.0978175,35.82186915,['효자5동'],['5211173000']
전북특별자치도 전주시 완산구 따박골6길 48,127.1282737,35.81086937,['중화산1동'],['5211167100']
전북특별자치도 전주시 덕진구 동가재미2길 33-2,127.1641299,35.83415783,['인후3동'],['5211356000']
전북특별자치도 전주시 덕진구 석소로 9-7,127.1692133,35.82791255,['인후3동'],['5211356000']
전북특별자치도 전주시 완산구 고사평5길 22-6,127.1080396,35.83747984,['서신동'],['5211168000']
전북특별자치도 전주시 덕진구 들사평1길 8-27,127.1200326,35.83894779,['덕진동'],['5211357000']
전북특별자치도 전주시 덕진구 오정2길 30,127.0606882,35.83422421,['혁신동'],['5211367000']
전북특별자치도 전주시 덕진구 떡전4길 12-6,127.1285176,35.83784092,['금암1동'],['5211358000']
전북특별자치도 전주시 덕진구 진버들6길 16-2,127.1667633,35.83699236,['우아2동'],['5211361200']
전북특별자치도 전주시 완산구 쑥고개로 384-10,127.1071295,35.80326882,['효자4동'],['5211171400']
전북특별자치도 전주시 덕진구 가리내3길 10,127.1106129,35.84660787,['덕진동'],['5211357000']
전북특별자치도 전주시 덕진구 진버들1길 36-4,127.1602302,35.83728676,['인후3동'],['5211356000']
전북특별자치도 전주시 완산구 메너머1길 14-25,127.1210708,35.82171144,['중화산2동'],['5211167200']
전북특별자치도 전주시 완산구 평화14길 34-3,127.1325424,35.79299838,['평화2동'],['5211169200']
전북특별자치도 전주시 덕진구 기린대로 364-125,127.1347665,35.83635115,['금암1동'],['5211358000']
전북특별자치도 전주시 덕진구 월방8길 3-12,127.0735226,35.83708431,['혁신동'],['5211367000']
전북특별자치도 전주시 완산구 고사평2길 21-5,127.1116006,35.83479246,['서신동'],['5211168000']
전북특별자치도 전주시 완산구 척동3길 21,127.0976717,35.82223716,['효자5동'],['5211173000']
전북특별자치도 전주시 완산구 삼천천변2길 36-6,127.1138715,35.79610145,['삼천3동'],['5211170300']
전북특별자치도 전주시 덕진구 월방8길 16-4,127.0737073,35.83623052,['혁신동'],['5211367000']
전북특별자치도 전주시 완산구 문학대1길 10-36,127.0990274,35.8261231,['효자5동'],['5211173000']
전북특별자치도 전주시 완산구 문학대6길 18-8,127.1036305,35.82791714,['효자5동'],['5211173000']
전북특별자치도 전주시 완산구 백마산길 48,127.0882611,35.81681543,['효자4동'],['5211171400']
전북특별자치도 전주시 덕진구 가재미로 86,127.1610875,35.83257835,['인후3동'],['5211356000']
전북특별자치도 전주시 덕진구 월방3길 26,127.068599,35.83481091,['혁신동'],['5211367000']
전북특별자치도 전주시 완산구 척동길 33,127.1000882,35.82198625,['효자5동'],['5211173000']
전북특별자치도 전주시 덕진구 월방4길 14,127.0719555,35.8335562,['혁신동'],['5211367000']
전북특별자치도 전주시 완산구 쑥고개로 384-9,127.1074367,35.80337462,['효자4동'],['5211171400']
전북특별자치도 전주시 완산구 마전들로 22,127.0978369,35.82087405,['효자5동'],['5211173000']
전북특별자치도 전주시 덕진구 호반6길 20,127.118005,35.85133549,['덕진동'],['5211357000']
전북특별자치도 전주시 덕진구 기린대로 614-6,127.1139503,35.85005097,['덕진동'],['5211357000']
전북특별자치도 전주시 덕진구 진버들6길 16-4,127.166925,35.83704621,['우아2동'],['5211361200']
전북특별자치도 전주시 완산구 척동5길 9,127.098812,35.82298157,['효자5동'],['5211173000']
전북특별자치도 전주시 완산구 중화산로 55-3,127.1177372,35.8152281,['중화산2동'],['5211167200']
전북특별자치도 전주시 완산구 서곡2길 13-3,127.1022068,35.83435929,['효자5동'],['5211173000']
전북특별자치도 전주시 완산구 따박골5길 10,127.1281681,35.80711798,['효자1동'],['5211171100']
전북특별자치도 전주시 완산구 용호로 129,127.0968143,35.8146706,['효자5동'],['5211173000']
전북특별자치도 전주시 덕진구 인교2길 5-9,127.1718626,35.82682863,['우아2동'],['5211361200']
전북특별자치도 전주시 완산구 중산6길 7-5,127.1209975,35.81736509,['중화산2동'],['5211167200']
전북특별자치도 전주시 완산구 메너머2길 29-7,127.1196002,35.82178951,['중화산2동'],['5211167200']
전북특별자치도 전주시 완산구 삼천천변1길 25-8,127.1134575,35.79561561,['삼천3동'],['5211170300']
전북특별자치도 전주시 완산구 척동3길 13-3,127.098579,35.82198948,['효자5동'],['5211173000']
전북특별자치도 전주시 덕진구 가재미로 42,127.1625689,35.82888075,['인후3동'],['5211356000']
전북특별자치도 전주시 완산구 전룡2길 7-8,127.1167811,35.82596575,['서신동'],['5211168000']
전북특별자치도 전주시 덕진구 오정1길 10,127.0601089,35.83513703,['혁신동'],['5211367000']
전북특별자치도 전주시 완산구 문학대4길 22-2,127.1041257,35.82655274,['효자5동'],['5211173000']
전북특별자치도 전주시 완산구 배학2길 3-1,127.0972171,35.8189226,['효자5동'],['5211173000']
전북특별자치도 전주시 완산구 선너머3길 21-1,127.1300206,35.81424875,['중화산1동'],['5211167100']
전북특별자치도 전주시 완산구 문학대4길 22,127.1041337,35.82668982,['효자5동'],['5211173000']
전북특별자치도 전주시 완산구 황강서원4길 15-10,127.1012208,35.82730985,['효자5동'],['5211173000']
전북특별자치도 전주시 덕진구 쪽구름2길 9,127.0753129,35.87374753,['조촌동'],['5211365000']
전북특별자치도 전주시 덕진구 권삼득로 211-29,127.134651,35.83648656,['금암1동'],['5211358000']
전북특별자치도 전주시 완산구 척동1길 32-3,127.0965285,35.82176366,['효자5동'],['5211173000']
전북특별자치도 전주시 덕진구 들사평2길 15-13,127.1220599,35.84016307,['덕진동'],['5211357000']
전북특별자치도 전주시 덕진구 가재미로 44,127.1625029,35.82901341,['인후3동'],['5211356000']
전북특별자치도 전주시 완산구 선너머로 35-9,127.128726,35.81661136,['중화산1동'],['5211167100']
전북특별자치도 전주시 덕진구 기린대로 614-10,127.1140929,35.85025839,['덕진동'],['5211357000']
전북특별자치도 전주시 덕진구 정언신로 40,127.1582847,35.82987262,['인후3동'],['5211356000']
전북특별자치도 전주시 덕진구 가재미4길 12,127.1632608,35.82962515,['인후3동'],['5211356000']
전북특별자치도 전주시 덕진구 들사평4길 22-3,127.1239238,35.84075185,['덕진동'],['5211357000']
전북특별자치도 전주시 덕진구 명륜2길 11-4,127.1284425,35.84179175,['덕진동'],['5211357000']
전북특별자치도 전주시 덕진구 솔내2길 24,127.121764,35.85398369,['송천1동'],['5211364100']
전북특별자치도 전주시 덕진구 심방죽로 53,127.1514816,35.8407237,['인후2동'],['5211355000']
전북특별자치도 전주시 완산구 메너머3길 31,127.1193395,35.82371514,['중화산2동'],['5211167200']
전북특별자치도 전주시 덕진구 매봉4길 7,127.1401217,35.84165099,['금암2동'],['5211359000']
전북특별자치도 전주시 덕진구 송천중앙로 100-32,127.1217502,35.8556284,['송천1동'],['5211364100']
전북특별자치도 전주시 완산구 서원로 402-22,127.1366882,35.81402506,['중화산1동'],['5211167100']
전북특별자치도 전주시 완산구 척동1길 6-4,127.0995585,35.8215731,['효자5동'],['5211173000']
전북특별자치도 전주시 완산구 선너머로 35-11,127.1288825,35.81655441,['중화산1동'],['5211167100']
전북특별자치도 전주시 완산구 메너머4길 21,127.1204815,35.82479848,['중화산2동'],['5211167200']
전북특별자치도 전주시 완산구 평화17길 10-3,127.1376576,35.79361522,['평화1동'],['5211169100']
전북특별자치도 전주시 완산구 삼천천변2길 35-7,127.1137912,35.79705759,['삼천3동'],['5211170300']
전북특별자치도 전주시 완산구 봉곡2길 13-2,127.0955013,35.81302505,['효자4동'],['5211171400']
전북특별자치도 전주시 덕진구 만성로 23,127.0708588,35.83439466,['혁신동'],['5211367000']
전북특별자치도 전주시 완산구 배학5길 5,127.096359,35.82063154,['효자5동'],['5211173000']
전북특별자치도 전주시 완산구 따박골9길 50-1,127.1301782,35.81168179,['중화산1동'],['5211167100']
전북특별자치도 전주시 완산구 고사평7길 23-6,127.1076866,35.83808148,['서신동'],['5211168000']
전북특별자치도 전주시 덕진구 송천2길 24,127.1185704,35.85962693,['송천2동'],['5211364200']
전북특별자치도 전주시 완산구 용머리로 9-37,127.1117748,35.80832355,['효자3동'],['5211171300']
전북특별자치도 전주시 완산구 양지2길 11-1,127.1236591,35.7926887,['평화2동'],['5211169200']
전북특별자치도 전주시 덕진구 팔복7길 10,127.105485,35.85242008,['팔복동'],['5211360000']
전북특별자치도 전주시 덕진구 송천2길 24-1,127.1184378,35.85978713,['송천2동'],['5211364200']
전북특별자치도 전주시 덕진구 송천2길 24-2,127.118247,35.85971801,['송천2동'],['5211364200']
전북특별자치도 전주시 완산구 구룡2길 24-4,127.1042487,35.81300264,['효자4동'],['5211171400']
전북특별자치도 전주시 완산구 고사평7길 20-3,127.108548,35.83837415,['서신동'],['5211168000']
전북특별자치도 전주시 완산구 밤나무1길 15-19,127.1167743,35.80839613,['효자2동'],['5211171200']
전북특별자치도 전주시 완산구 척동1길 18-3,127.097815,35.82159634,['효자5동'],['5211173000']
전북특별자치도 전주시 완산구 평화1길 16-1,127.1316652,35.78245283,['평화2동'],['5211169200']
전북특별자치도 전주시 덕진구 견훤왕궁로 119,127.1527451,35.83072111,['인후1동'],['5211354000']
전북특별자치도 전주시 완산구 선너머3길 15,127.1303906,35.81387379,['중화산1동'],['5211167100']
전북특별자치도 전주시 덕진구 호반5길 7,127.116443,35.8495346,['덕진동'],['5211357000']
전북특별자치도 전주시 완산구 양지2길 11-3,127.1237495,35.79262732,['평화2동'],['5211169200']
전북특별자치도 전주시 완산구 백마산길 61,127.0867398,35.81672019,['효자4동'],['5211171400']
전북특별자치도 전주시 덕진구 월방1길 22-26,127.0681929,35.83416854,['혁신동'],['5211367000']
전북특별자치도 전주시 완산구 강당2길 47,127.133369,35.81258568,['중화산1동'],['5211167100']
전북특별자치도 전주시 덕진구 사근1길 67-7,127.1352292,35.86669869,['송천1동'],['5211364100']
전북특별자치도 전주시 덕진구 어은골5길 9,127.1316299,35.8226299,['진북동'],['5211352500']
전북특별자치도 전주시 덕진구 어은골5길 9,127.1316299,35.8226299,['진북동'],['5211352500']
전북특별자치도 전주시 완산구 서곡6길 10-9,127.1029476,35.83556166,['효자5동'],['5211173000']
전북특별자치도 전주시 덕진구 두현길 41,127.0755925,35.83125188,['혁신동'],['5211367000']
전북특별자치도 전주시 완산구 인정3길 3-4,127.1196577,35.8202,['중화산2동'],['5211167200']
전북특별자치도 전주시 덕진구 가리내4길 17,127.1097467,35.84609864,['덕진동'],['5211357000']
전북특별자치도 전주시 덕진구 한배미1길 61,127.1678919,35.82278092,['인후3동'],['5211356000']
전북특별자치도 전주시 완산구 서곡3길 18,127.1002499,35.83666681,['효자5동'],['5211173000']
전북특별자치도 전주시 완산구 영선로 7-6,127.1236168,35.82368882,['중화산2동'],['5211167200']
전북특별자치도 전주시 완산구 메너머3길 29-6,127.1193248,35.82332418,['중화산2동'],['5211167200']
전북특별자치도 전주시 덕진구 사근1길 67-5,127.1350517,35.86669483,['송천1동'],['5211364100']
전북특별자치도 전주시 덕진구 구총목로 14,127.1616487,35.82775145,['인후3동'],['5211356000']
전북특별자치도 전주시 완산구 서곡4길 11,127.1027571,35.83537436,['효자5동'],['5211173000']
전북특별자치도 전주시 완산구 배학5길 12-2,127.0956196,35.82061672,['효자5동'],['5211173000']
전북특별자치도 전주시 완산구 척동5길 13-1,127.0983447,35.82297267,['효자5동'],['5211173000']
전북특별자치도 전주시 덕진구 송천로 112-51,127.1188266,35.86275295,['송천2동'],['5211364200']
전북특별자치도 전주시 덕진구 인교6길 4-4,127.1724017,35.82617228,['우아2동'],['5211361200']
전북특별자치도 전주시 완산구 완산4길 12,127.1414346,35.81126062,['완산동'],['5211163500']
전북특별자치도 전주시 완산구 서곡1길 15-5,127.0992244,35.83504467,['효자5동'],['5211173000']
전북특별자치도 전주시 덕진구 석소5길 11,127.1730663,35.83326928,['우아2동'],['5211361200']
전북특별자치도 전주시 완산구 공북로 18-3,127.133957,35.82491022,['중앙동'],['5211151000']
전북특별자치도 전주시 덕진구 월방2길 4-8,127.0708478,35.83238991,['혁신동'],['5211367000']
전북특별자치도 전주시 완산구 농소4길 10-3,127.0981704,35.81493249,['효자5동'],['5211173000']
전북특별자치도 전주시 덕진구 아중7길 17-4,127.171258,35.8326819,['우아2동'],['5211361200']
전북특별자치도 전주시 덕진구 견훤로 161,127.1604568,35.82641927,['인후3동'],['5211356000']
전북특별자치도 전주시 완산구 삼천천변3길 32-7,127.1132308,35.79764827,['삼천3동'],['5211170300']
전북특별자치도 전주시 완산구 서곡2길 14-7,127.1018062,35.83346676,['효자5동'],['5211173000']
전북특별자치도 전주시 완산구 중산8길 8-3,127.1212337,35.81756656,['중화산2동'],['5211167200']
전북특별자치도 전주시 완산구 구룡2길 22,127.1042488,35.81313945,['효자4동'],['5211171400']
전북특별자치도 전주시 덕진구 사근1길 67-3,127.1348597,35.86670208,['송천1동'],['5211364100']
전북특별자치도 전주시 완산구 중산8길 8-1,127.1212228,35.81772429,['중화산2동'],['5211167200']
전북특별자치도 전주시 완산구 배학2길 24,127.0994783,35.81928306,['효자5동'],['5211173000']
전북특별자치도 전주시 덕진구 심방죽6길 9,127.1508545,35.84074981,['인후2동'],['5211355000']
전북특별자치도 전주시 완산구 구룡1길 23-14,127.1045462,35.81271749,['효자4동'],['5211171400']
전북특별자치도 전주시 완산구 문학대2길 11-7,127.1030849,35.82612338,['효자5동'],['5211173000']
전북특별자치도 전주시 덕진구 월방1길 16-5,127.0687925,35.83389557,['혁신동'],['5211367000']
전북특별자치도 전주시 덕진구 석소3길 24,127.1698025,35.83509573,['우아2동'],['5211361200']
전북특별자치도 전주시 덕진구 월방8길 12,127.0735469,35.83650749,['혁신동'],['5211367000']
전북특별자치도 전주시 완산구 화산천변1길 12-4,127.1150964,35.8196709,['중화산2동'],['5211167200']
전북특별자치도 전주시 완산구 평화4길 14-7,127.1347636,35.78202679,['평화2동'],['5211169200']
전북특별자치도 전주시 덕진구 우아2길 16,127.1584456,35.8492132,['우아1동'],['5211361100']
전북특별자치도 전주시 덕진구 하가로 30,127.1118835,35.8448432,['덕진동'],['5211357000']
전북특별자치도 전주시 덕진구 인교6길 4-6,127.1723174,35.82633517,['우아2동'],['5211361200']
전북특별자치도 전주시 완산구 마당재1길 22-6,127.1590437,35.81973318,['노송동'],['5211160500']
전북특별자치도 전주시 완산구 마당재1길 22-4,127.1590498,35.8196197,['노송동'],['5211160500']
전북특별자치도 전주시 덕진구 가리내6길 16-11,127.1098403,35.84568686,['덕진동'],['5211357000']
전북특별자치도 전주시 완산구 선너머로 35-5,127.1287824,35.81636192,['중화산1동'],['5211167100']
전북특별자치도 전주시 완산구 용호로 179,127.0968283,35.81920573,['효자5동'],['5211173000']
전북특별자치도 전주시 덕진구 천마산로 54-1,127.127799,35.86386598,['송천1동'],['5211364100']
전북특별자치도 전주시 덕진구 천마산로 54-3,127.1277848,35.86374297,['송천1동'],['5211364100']
전북특별자치도 전주시 덕진구 천마산로 54-5,127.1277744,35.86362069,['송천1동'],['5211364100']
전북특별자치도 전주시 덕진구 가리내3길 20-2,127.1095684,35.846693,['덕진동'],['5211357000']
전북특별자치도 전주시 덕진구 사평1길 44,127.122695,35.84332304,['덕진동'],['5211357000']
전북특별자치도 전주시 완산구 구이로 1984-1,127.1283672,35.77515938,['평화2동'],['5211169200']
전북특별자치도 전주시 덕진구 사근1길 67-9,127.1354209,35.86667639,['송천1동'],['5211364100']
전북특별자치도 전주시 덕진구 월방2길 3-11,127.0713653,35.83370039,['혁신동'],['5211367000']
전북특별자치도 전주시 덕진구 석소3길 24-1,127.1697421,35.83521244,['우아2동'],['5211361200']
전북특별자치도 전주시 완산구 영선로 11,127.1239812,35.82335065,['중화산2동'],['5211167200']
전북특별자치도 전주시 덕진구 건지1길 13,127.1396219,35.84402134,['금암2동'],['5211359000']
전북특별자치도 전주시 덕진구 인교로 47,127.1727477,35.82585589,['우아2동'],['5211361200']
전북특별자치도 전주시 완산구 메너머3길 29-8,127.1193426,35.82312742,['중화산2동'],['5211167200']
전북특별자치도 전주시 완산구 선너머3길 44-12,127.1303067,35.81645545,['중화산1동'],['5211167100']
전북특별자치도 전주시 완산구 농소1길 3,127.0966649,35.81392574,['효자5동'],['5211173000']
전북특별자치도 전주시 덕진구 인교2길 5-7,127.171781,35.82698611,['우아2동'],['5211361200']
전북특별자치도 전주시 완산구 모악로 4685-10,127.1301562,35.78846483,['평화2동'],['5211169200']
전북특별자치도 전주시 완산구 모악로 4685-8,127.1300016,35.78854971,['평화2동'],['5211169200']
전북특별자치도 전주시 완산구 모악로 4685-12,127.1302537,35.78859595,['평화2동'],['5211169200']
전북특별자치도 전주시 덕진구 월방3길 12,127.0699483,35.83467467,['혁신동'],['5211367000']
전북특별자치도 전주시 덕진구 아중로 115-1,127.1625472,35.82510802,['인후3동'],['5211356000']
전북특별자치도 전주시 덕진구 가리내2길 16,127.1102769,35.84761839,['덕진동'],['5211357000']
전북특별자치도 전주시 완산구 배학2길 24-1,127.0996238,35.8193162,['효자5동'],['5211173000']
전북특별자치도 전주시 덕진구 가재미6길 10-4,127.1628039,35.83015886,['인후3동'],['5211356000']
전북특별자치도 전주시 완산구 서곡3길 7,127.1010248,35.8359511,['효자5동'],['5211173000']
전북특별자치도 전주시 덕진구 두현길 60,127.0749286,35.83187678,['혁신동'],['5211367000']
전북특별자치도 전주시 덕진구 권삼득로 219-8,127.1340623,35.83726635,['금암1동'],['5211358000']
전북특별자치도 전주시 덕진구 석소로 5-16,127.1684234,35.82753666,['인후3동'],['5211356000']
전북특별자치도 전주시 완산구 중산3길 11-3,127.1192338,35.81527205,['중화산2동'],['5211167200']
전북특별자치도 전주시 완산구 배학4길 36-11,127.1000429,35.82011139,['효자5동'],['5211173000']
전북특별자치도 전주시 완산구 문학대2길 21-4,127.1044592,35.82585551,['효자5동'],['5211173000']
전북특별자치도 전주시 덕진구 떡전3길 11-3,127.1283703,35.83767669,['금암1동'],['5211358000']
전북특별자치도 전주시 완산구 봉곡로 41-1,127.098452,35.81194557,['효자4동'],['5211171400']
전북특별자치도 전주시 완산구 배학4길 9-3,127.0977798,35.82023483,['효자5동'],['5211173000']
전북특별자치도 전주시 완산구 서곡3길 13-11,127.100697,35.83579789,['효자5동'],['5211173000']
전북특별자치도 전주시 덕진구 기린대로 1030-7,127.0737097,35.86880947,['여의동'],['5211366500']
전북특별자치도 전주시 덕진구 양마로 77-41,127.0770999,35.8602165,['여의동'],['5211366500']
전북특별자치도 전주시 완산구 빙고리2길 3,127.1387482,35.81199215,['완산동'],['5211163500']
전북특별자치도 전주시 덕진구 농생명로 425,127.0698929,35.83256441,['혁신동'],['5211367000']
전북특별자치도 전주시 덕진구 백동로 9-4,127.1475549,35.8473612,['인후2동'],['5211355000']
전북특별자치도 전주시 완산구 메너머2길 25-1,127.1200243,35.8221213,['중화산2동'],['5211167200']
전북특별자치도 전주시 완산구 황강서원로 16,127.0990432,35.8283911,['효자5동'],['5211173000']
전북특별자치도 전주시 덕진구 하가로 32,127.1118305,35.84500413,['덕진동'],['5211357000']
전북특별자치도 전주시 덕진구 월방8길 10,127.0733964,35.83659545,['혁신동'],['5211367000']
전북특별자치도 전주시 덕진구 가재미로 79,127.1609345,35.83194804,['인후3동'],['5211356000']
전북특별자치도 전주시 덕진구 가재미1길 6,127.1618732,35.82853254,['인후3동'],['5211356000']
전북특별자치도 전주시 덕진구 건지4길 9-12,127.1452072,35.84536615,['인후2동'],['5211355000']
전북특별자치도 전주시 덕진구 월방6길 3-3,127.0720863,35.83575375,['혁신동'],['5211367000']
전북특별자치도 전주시 완산구 범안2길 11-6,127.1077505,35.81283696,['효자4동'],['5211171400']
전북특별자치도 전주시 덕진구 정여립로 1114-2,127.0843833,35.84798148,['혁신동'],['5211367000']
전북특별자치도 전주시 덕진구 두현길 62,127.07472,35.83191729,['혁신동'],['5211367000']
전북특별자치도 전주시 덕진구 붓내2길 24,127.1241023,35.86512251,['송천1동'],['5211364100']
전북특별자치도 전주시 완산구 척동9길 8,127.0992303,35.8248608,['효자5동'],['5211173000']
전북특별자치도 전주시 덕진구 금암3길 12-9,127.1372966,35.84161478,['금암1동'],['5211358000']
전북특별자치도 전주시 덕진구 권삼득로 443,127.1161347,35.85025923,['덕진동'],['5211357000']
전북특별자치도 전주시 덕진구 호반5길 6-4,127.1160484,35.85015053,['덕진동'],['5211357000']
전북특별자치도 전주시 덕진구 가재미로 34,127.1629758,35.82786295,['인후3동'],['5211356000']
전북특별자치도 전주시 덕진구 거북바우로 61,127.1435635,35.83955746,['금암2동'],['5211359000']
전북특별자치도 전주시 덕진구 사평로 57-5,127.1217858,35.84258043,['덕진동'],['5211357000']
전북특별자치도 전주시 덕진구 월방4길 12,127.0717956,35.83363308,['혁신동'],['5211367000']
전북특별자치도 전주시 덕진구 인교로 45-1,127.172836,35.82567191,['우아2동'],['5211361200']
전북특별자치도 전주시 덕진구 붓내1길 17,127.1236449,35.86452644,['송천1동'],['5211364100']
전북특별자치도 전주시 완산구 안터3길 8-1,127.1196839,35.82889775,['서신동'],['5211168000']
전북특별자치도 전주시 완산구 배학4길 26,127.0995664,35.82034999,['효자5동'],['5211173000']
전북특별자치도 전주시 덕진구 월방1길 8-2,127.0699145,35.83349531,['혁신동'],['5211367000']
전북특별자치도 전주시 덕진구 만성로 28,127.0714221,35.83463938,['혁신동'],['5211367000']
전북특별자치도 전주시 덕진구 인교6길 1,127.1726267,35.82574017,['우아2동'],['5211361200']
전북특별자치도 전주시 덕진구 우아9길 16-1,127.1574552,35.85124999,['우아1동'],['5211361100']
전북특별자치도 전주시 완산구 서곡1길 8-10,127.1009027,35.83553861,['효자5동'],['5211173000']
전북특별자치도 전주시 완산구 서원로 350-19,127.1329519,35.81282579,['중화산1동'],['5211167100']
전북특별자치도 전주시 완산구 세내로 517,127.1019818,35.83254372,['효자5동'],['5211173000']
전북특별자치도 전주시 완산구 배학3길 16-5,127.0953847,35.82024757,['효자5동'],['5211173000']
전북특별자치도 전주시 덕진구 도당산4길 61-14,127.155125,35.84508456,['우아1동'],['5211361100']
전북특별자치도 전주시 덕진구 송천3길 36,127.1178559,35.86027104,['송천2동'],['5211364200']
전북특별자치도 전주시 덕진구 솔내7길 18-5,127.1231119,35.85941003,['송천1동'],['5211364100']
전북특별자치도 전주시 덕진구 솔내로 173-16,127.1256892,35.86630799,['송천1동'],['5211364100']
전북특별자치도 전주시 덕진구 석소1길 23-1,127.16813,35.8344453,['우아2동'],['5211361200']
전북특별자치도 전주시 덕진구 권삼득로 227-16,127.1336131,35.8381162,['금암1동'],['5211358000']
전북특별자치도 전주시 덕진구 호반3길 8-7,127.1169194,35.84903682,['덕진동'],['5211357000']
전북특별자치도 전주시 덕진구 석소1길 23,127.1681948,35.83433895,['우아2동'],['5211361200']
전북특별자치도 전주시 덕진구 금암5길 24,127.135828,35.83932032,['금암1동'],['5211358000']
전북특별자치도 전주시 완산구 인봉로 46-6,127.1587987,35.82732066,['노송동'],['5211160500']
전북특별자치도 전주시 완산구 선너머3길 44,127.1294873,35.8164722,['중화산1동'],['5211167100']
전북특별자치도 전주시 덕진구 호반5길 7-8,127.1167869,35.84910184,['덕진동'],['5211357000']
전북특별자치도 전주시 덕진구 들사평4길 28,127.1245324,35.84066749,['덕진동'],['5211357000']
전북특별자치도 전주시 완산구 마전들로 38,127.0998007,35.82086613,['효자5동'],['5211173000']
전북특별자치도 전주시 완산구 공북로 18-1,127.133949,35.82510156,['중앙동'],['5211151000']
전북특별자치도 전주시 완산구 중산8길 7-1,127.1209862,35.8178863,['중화산2동'],['5211167200']
전북특별자치도 전주시 완산구 중산1길 12-5,127.1189951,35.8148432,['중화산2동'],['5211167200']
전북특별자치도 전주시 완산구 우전2길 69,127.1066538,35.81029106,['효자4동'],['5211171400']
전북특별자치도 전주시 덕진구 가리내10길 18-4,127.1104219,35.84210131,['덕진동'],['5211357000']
전북특별자치도 전주시 완산구 잿뜸2길 10,127.1246449,35.82780444,['서신동'],['5211168000']
전북특별자치도 전주시 덕진구 작은모래내3길 31,127.1476018,35.83283865,['인후2동'],['5211355000']
전북특별자치도 전주시 덕진구 금암3길 26-8,127.1363394,35.84120174,['금암1동'],['5211358000']
전북특별자치도 전주시 덕진구 금암3길 26-6,127.1361957,35.84114558,['금암1동'],['5211358000']
전북특별자치도 전주시 완산구 구룡2길 9,127.1028938,35.81338738,['효자4동'],['5211171400']
전북특별자치도 전주시 덕진구 떡전3길 8-13,127.1277047,35.83754482,['금암1동'],['5211358000']
전북특별자치도 전주시 덕진구 아중천1길 18,127.1726394,35.8344235,['우아2동'],['5211361200']
전북특별자치도 전주시 덕진구 동부대로 383-1,127.176867,35.82661444,['우아2동'],['5211361200']
전북특별자치도 전주시 완산구 따박골9길 47,127.1299861,35.81142649,['중화산1동'],['5211167100']
전북특별자치도 전주시 덕진구 가리내6길 6-10,127.1112162,35.84572831,['덕진동'],['5211357000']
전북특별자치도 전주시 덕진구 만성로 21,127.0707228,35.83411679,['혁신동'],['5211367000']
전북특별자치도 전주시 덕진구 송천4길 32-10,127.1189712,35.86272802,['송천2동'],['5211364200']
전북특별자치도 전주시 완산구 평화3길 9,127.1323633,35.78294622,['평화2동'],['5211169200']
전북특별자치도 전주시 덕진구 떡전3길 22,127.1288202,35.83674908,['금암1동'],['5211358000']
전북특별자치도 전주시 완산구 메너머3길 30-19,127.1193278,35.82445391,['중화산2동'],['5211167200']
전북특별자치도 전주시 덕진구 명주2길 14-16,127.145632,35.8433407,['인후2동'],['5211355000']
전북특별자치도 전주시 완산구 맏내로 147-10,127.1278812,35.79340476,['평화2동'],['5211169200']
전북특별자치도 전주시 완산구 범안2길 7-4,127.1082123,35.81298327,['효자4동'],['5211171400']
전북특별자치도 전주시 덕진구 들사평4길 22,127.1241017,35.84095887,['덕진동'],['5211357000']
전북특별자치도 전주시 덕진구 송천1길 9-13,127.1198105,35.85588369,['송천2동'],['5211364200']
전북특별자치도 전주시 덕진구 송천1길 9-17,127.1194631,35.85586178,['송천2동'],['5211364200']
전북특별자치도 전주시 덕진구 송천1길 9-15,127.1196424,35.85587404,['송천2동'],['5211364200']
전북특별자치도 전주시 덕진구 송천1길 9-3,127.1194457,35.85631197,['송천2동'],['5211364200']
전북특별자치도 전주시 덕진구 송천1길 9-5,127.1194274,35.85617058,['송천2동'],['5211364200']
전북특별자치도 전주시 덕진구 송천1길 9-7,127.1194248,35.85603224,['송천2동'],['5211364200']
전북특별자치도 전주시 덕진구 송천1길 9-9,127.1195699,35.8560914,['송천2동'],['5211364200']
전북특별자치도 전주시 덕진구 송천1길 9-11,127.1197168,35.8560626,['송천2동'],['5211364200']
전북특별자치도 전주시 완산구 맏내로 147-12,127.1280359,35.79345254,['평화2동'],['5211169200']
전북특별자치도 전주시 완산구 황강서원5길 13,127.1020595,35.82907074,['효자5동'],['5211173000']
전북특별자치도 전주시 덕진구 월방8길 25-16,127.0751009,35.83647976,['혁신동'],['5211367000']
전북특별자치도 전주시 덕진구 송천로 40-2,127.1188963,35.85683921,['송천2동'],['5211364200']
전북특별자치도 전주시 덕진구 도당산1길 21-3,127.153898,35.845216,['우아1동'],['5211361100']
전북특별자치도 전주시 완산구 따박골9길 45,127.1300688,35.81125985,['중화산1동'],['5211167100']
전북특별자치도 전주시 완산구 객원길 42,127.1733001,35.797729,['동서학동'],['5211165000']
전북특별자치도 전주시 완산구 기린대로 130,127.1534283,35.8205627,['노송동'],['5211160500']
전북특별자치도 전주시 완산구 척동길 10,127.0998088,35.82436238,['효자5동'],['5211173000']
전북특별자치도 전주시 덕진구 송천로 40,127.1187616,35.85692812,['송천2동'],['5211364200']
전북특별자치도 전주시 완산구 문화2길 14-13,127.1563885,35.82445701,['노송동'],['5211160500']
전북특별자치도 전주시 완산구 장승배기로 164-2,127.1308547,35.79462953,['평화2동'],['5211169200']
전북특별자치도 전주시 완산구 메너머3길 30-13,127.1191544,35.82439694,['중화산2동'],['5211167200']
전북특별자치도 전주시 덕진구 가리내8길 6-3,127.1110223,35.84376285,['덕진동'],['5211357000']
전북특별자치도 전주시 완산구 서곡1길 8-8,127.10077,35.8353582,['효자5동'],['5211173000']
전북특별자치도 전주시 완산구 배학2길 27,127.0997966,35.81960815,['효자5동'],['5211173000']
전북특별자치도 전주시 완산구 문학대4길 5,127.1024429,35.82689856,['효자5동'],['5211173000']
전북특별자치도 전주시 덕진구 솔내2길 70,127.1242989,35.85747084,['송천1동'],['5211364100']
전북특별자치도 전주시 덕진구 인후5길 12-1,127.1579542,35.83071357,['인후3동'],['5211356000']
전북특별자치도 전주시 완산구 마당재2길 18-17,127.1602177,35.82132387,['노송동'],['5211160500']
전북특별자치도 전주시 완산구 서곡로 85-1,127.1020531,35.8363887,['효자5동'],['5211173000']
전북특별자치도 전주시 완산구 서곡4길 22,127.1034155,35.83457789,['효자5동'],['5211173000']
전북특별자치도 전주시 완산구 선너머3길 21,127.1301919,35.81429625,['중화산1동'],['5211167100']
전북특별자치도 전주시 덕진구 두현길 43,127.0755608,35.83141061,['혁신동'],['5211367000']
전북특별자치도 전주시 덕진구 송천로 40-8,127.1192872,35.8565534,['송천2동'],['5211364200']
전북특별자치도 전주시 덕진구 사근1길 67-1,127.1346811,35.86670273,['송천1동'],['5211364100']
전북특별자치도 전주시 덕진구 견훤왕궁로 168,127.1497626,35.83439028,['인후2동'],['5211355000']
전북특별자치도 전주시 덕진구 송천1길 9-19,127.1194554,35.85572543,['송천2동'],['5211364200']
전북특별자치도 전주시 완산구 황강서원2길 10,127.0994423,35.82779901,['효자5동'],['5211173000']
전북특별자치도 전주시 덕진구 아중1길 13-3,127.1709377,35.82900442,['우아2동'],['5211361200']
전북특별자치도 전주시 완산구 중산로 45,127.1201099,35.81811502,['중화산2동'],['5211167200']
전북특별자치도 전주시 덕진구 여암2길 43,127.0735906,35.86883307,['여의동'],['5211366500']
전북특별자치도 전주시 덕진구 월방5길 8,127.0720555,35.83450904,['혁신동'],['5211367000']
전북특별자치도 전주시 완산구 물레방아1길 13,127.1367283,35.82267044,['중앙동'],['5211151000']
전북특별자치도 전주시 덕진구 혁신로 706-4,127.0751788,35.87424564,['조촌동'],['5211365000']
전북특별자치도 전주시 완산구 메너머3길 33-6,127.1188927,35.82328216,['중화산2동'],['5211167200']
전북특별자치도 전주시 완산구 화산천변3길 19-5,127.1143861,35.81999558,['중화산2동'],['5211167200']
전북특별자치도 전주시 덕진구 삼송5길 9-3,127.136597,35.84251954,['금암1동'],['5211358000']
전북특별자치도 전주시 완산구 범안2길 11-3,127.108016,35.81297867,['효자4동'],['5211171400']
전북특별자치도 전주시 덕진구 시천로 29-17,127.1141504,35.86096318,['송천2동'],['5211364200']
전북특별자치도 전주시 완산구 백마산길 69-1,127.0863657,35.81737162,['효자4동'],['5211171400']
전북특별자치도 전주시 완산구 소태정4길 15-1,127.1021344,35.80499367,['효자4동'],['5211171400']
전북특별자치도 전주시 완산구 백마산길 69,127.0860271,35.81742963,['효자4동'],['5211171400']
전북특별자치도 전주시 덕진구 기지로 169-7,127.0704127,35.83919592,['혁신동'],['5211367000']
전북특별자치도 전주시 덕진구 솔내1길 29,127.1221596,35.85366009,['송천1동'],['5211364100']
전북특별자치도 전주시 덕진구 안덕원로 321-4,127.1621251,35.83833455,['인후1동'],['5211354000']
전북특별자치도 전주시 완산구 배학2길 9-5,127.097789,35.81936926,['효자5동'],['5211173000']
전북특별자치도 전주시 덕진구 가리내5길 11,127.1103623,35.84587799,['덕진동'],['5211357000']
전북특별자치도 전주시 덕진구 월방3길 8,127.0702581,35.8345987,['혁신동'],['5211367000']
전북특별자치도 전주시 덕진구 안덕원로 321-6,127.1621278,35.83842927,['인후1동'],['5211354000']
전북특별자치도 전주시 덕진구 백동6길 13,127.1512735,35.8474969,['인후2동'],['5211355000']
전북특별자치도 전주시 완산구 인봉로 46-8,127.1590127,35.82720844,['노송동'],['5211160500']
전북특별자치도 전주시 덕진구 반월4길 8-1,127.0721831,35.87456445,['조촌동'],['5211365000']
전북특별자치도 전주시 덕진구 틀못2길 39-41,127.0618768,35.84336957,['혁신동'],['5211367000']
전북특별자치도 전주시 덕진구 두현길 38,127.0752175,35.83110341,['혁신동'],['5211367000']
전북특별자치도 전주시 덕진구 가재미5길 9-6,127.1608605,35.82954592,['인후3동'],['5211356000']
전북특별자치도 전주시 완산구 중산5길 4-12,127.1206902,35.81512108,['중화산2동'],['5211167200']
전북특별자치도 전주시 완산구 중산로 12,127.1205126,35.81513532,['중화산2동'],['5211167200']
전북특별자치도 전주시 덕진구 태진로 122-8,127.1362101,35.83172688,['진북동'],['5211352500']
전북특별자치도 전주시 완산구 선너머3길 44-6,127.1298749,35.81632325,['중화산1동'],['5211167100']
전북특별자치도 전주시 덕진구 두현길 59-3,127.0747384,35.8315538,['혁신동'],['5211367000']
전북특별자치도 전주시 덕진구 심방죽3길 4-5,127.1510333,35.84028418,['인후2동'],['5211355000']
전북특별자치도 전주시 덕진구 송천로 40-4,127.1190382,35.85674777,['송천2동'],['5211364200']
전북특별자치도 전주시 덕진구 한배미1길 61-1,127.1678438,35.82290419,['인후3동'],['5211356000']
전북특별자치도 전주시 덕진구 월방1길 6,127.0700692,35.83329703,['혁신동'],['5211367000']
전북특별자치도 전주시 완산구 견훤왕궁로 52-1,127.1533277,35.82524162,['노송동'],['5211160500']
전북특별자치도 전주시 완산구 서곡7길 18-7,127.1014709,35.83229216,['효자5동'],['5211173000']
전북특별자치도 전주시 완산구 용호로 125,127.0968117,35.81441753,['효자5동'],['5211173000']
전북특별자치도 전주시 완산구 선너머3길 21-5,127.1295688,35.81433081,['중화산1동'],['5211167100']
전북특별자치도 전주시 덕진구 삼송1길 4-8,127.1333131,35.84149741,['금암1동'],['5211358000']
전북특별자치도 전주시 덕진구 우아10길 25-6,127.1578045,35.85299697,['우아1동'],['5211361100']
전북특별자치도 전주시 덕진구 매봉로 26-1,127.1414639,35.84055412,['금암2동'],['5211359000']
전북특별자치도 전주시 덕진구 떡전로 12-10,127.1288283,35.83636135,['금암1동'],['5211358000']
전북특별자치도 전주시 완산구 중산1길 16-6,127.1187957,35.81484889,['중화산2동'],['5211167200']
전북특별자치도 전주시 완산구 평화8길 16-22,127.1339269,35.78947064,['평화2동'],['5211169200']
전북특별자치도 전주시 완산구 따박골9길 43,127.1301464,35.81110953,['중화산1동'],['5211167100']
전북특별자치도 전주시 완산구 영선로 12,127.1239876,35.82306333,['중화산2동'],['5211167200']
전북특별자치도 전주시 완산구 영선로 14-6,127.124147,35.82272276,['중화산2동'],['5211167200']
전북특별자치도 전주시 덕진구 건산로 78-1,127.1459364,35.83205983,['진북동'],['5211352500']
전북특별자치도 전주시 완산구 선너머3길 44-5,127.1297687,35.81655157,['중화산1동'],['5211167100']
전북특별자치도 전주시 완산구 원서곡길 46-18,127.0950156,35.8339608,['효자5동'],['5211173000']
전북특별자치도 전주시 덕진구 월방8길 14,127.0736749,35.83642621,['혁신동'],['5211367000']
전북특별자치도 전주시 완산구 척동6길 16-4,127.1013481,35.82285527,['효자5동'],['5211173000']
전북특별자치도 전주시 완산구 평화4길 17-11,127.1353704,35.7834027,['평화2동'],['5211169200']
전북특별자치도 전주시 완산구 평화4길 17-9,127.1353273,35.78327711,['평화2동'],['5211169200']
전북특별자치도 전주시 덕진구 월방4길 3-12,127.0718796,35.83407726,['혁신동'],['5211367000']
전북특별자치도 전주시 완산구 전라감영2길 43,127.1409684,35.81636366,['중앙동'],['5211151000']
전북특별자치도 전주시 덕진구 호반2길 12,127.1192616,35.84994235,['덕진동'],['5211357000']
전북특별자치도 전주시 완산구 효정2길 27-18,127.1367828,35.80785897,['완산동'],['5211163500']
전북특별자치도 전주시 덕진구 권삼득로 379-9,127.122747,35.84636545,['덕진동'],['5211357000']
전북특별자치도 전주시 덕진구 월방2길 4-12,127.0711606,35.83233402,['혁신동'],['5211367000']
전북특별자치도 전주시 완산구 문학대5길 17-2,127.1039141,35.82748825,['효자5동'],['5211173000']
전북특별자치도 전주시 완산구 선너머3길 44-8,127.1300096,35.8163497,['중화산1동'],['5211167100']
전북특별자치도 전주시 덕진구 인교8길 13,127.1740759,35.82656138,['우아2동'],['5211361200']
전북특별자치도 전주시 완산구 선너머3길 44-14,127.1304855,35.81652556,['중화산1동'],['5211167100']
전북특별자치도 전주시 완산구 중산7길 13,127.118835,35.81769341,['중화산2동'],['5211167200']
전북특별자치도 전주시 완산구 배학4길 50-4,127.1013405,35.82050352,['효자5동'],['5211173000']
전북특별자치도 전주시 덕진구 권삼득로 235-5,127.1332398,35.83868792,['금암1동'],['5211358000']
전북특별자치도 전주시 덕진구 떡전4길 13,127.1294633,35.83790939,['금암1동'],['5211358000']
전북특별자치도 전주시 완산구 척동3길 17-4,127.0978188,35.82200091,['효자5동'],['5211173000']
전북특별자치도 전주시 완산구 선너머3길 42,127.1296171,35.81622097,['중화산1동'],['5211167100']
전북특별자치도 전주시 덕진구 월방3길 4,127.0705836,35.83448017,['혁신동'],['5211367000']
전북특별자치도 전주시 덕진구 떡전4길 18-3,127.1293097,35.8374364,['금암1동'],['5211358000']
전북특별자치도 전주시 완산구 평화4길 17-6,127.1352548,35.78302773,['평화2동'],['5211169200']
전북특별자치도 전주시 덕진구 두현길 34-6,127.0747882,35.83064755,['혁신동'],['5211367000']
전북특별자치도 전주시 덕진구 가재미로 77,127.1609765,35.83180207,['인후3동'],['5211356000']
전북특별자치도 전주시 완산구 마당재1길 6-4,127.1607535,35.8199126,['노송동'],['5211160500']
전북특별자치도 전주시 완산구 봉곡로 11,127.0950043,35.81194987,['효자4동'],['5211171400']
전북특별자치도 전주시 덕진구 솔내8길 23-7,127.123923,35.86159609,['송천1동'],['5211364100']
전북특별자치도 전주시 덕진구 솔내8길 14,127.122776,35.86085049,['송천1동'],['5211364100']
전북특별자치도 전주시 완산구 선너머3길 44-13,127.1304206,35.81672093,['중화산1동'],['5211167100']
전북특별자치도 전주시 완산구 영선로 7-22,127.1238146,35.82395134,['중화산2동'],['5211167200']
전북특별자치도 전주시 덕진구 시천로 29-19,127.1141449,35.86083466,['송천2동'],['5211364200']
전북특별자치도 전주시 덕진구 솔내로 173-20,127.125179,35.86628139,['송천1동'],['5211364100']
전북특별자치도 전주시 완산구 서곡1길 8-7,127.1006999,35.83556654,['효자5동'],['5211173000']
전북특별자치도 전주시 덕진구 금암4길 18,127.1374585,35.83999999,['금암1동'],['5211358000']
전북특별자치도 전주시 완산구 선너머3길 44-3,127.1296255,35.81652306,['중화산1동'],['5211167100']
전북특별자치도 전주시 덕진구 들사평3길 8-1,127.1220934,35.84086124,['덕진동'],['5211357000']
전북특별자치도 전주시 덕진구 정언신로 177,127.1725744,35.83197091,['우아2동'],['5211361200']
전북특별자치도 전주시 완산구 중산2길 15-3,127.1218447,35.81480754,['중화산2동'],['5211167200']
전북특별자치도 전주시 덕진구 월방3길 3-4,127.0703943,35.83408265,['혁신동'],['5211367000']
전북특별자치도 전주시 덕진구 들사평3길 12-1,127.1222166,35.84071962,['덕진동'],['5211357000']
전북특별자치도 전주시 완산구 삼천천변2길 36-11,127.1139099,35.79585636,['삼천3동'],['5211170300']
전북특별자치도 전주시 덕진구 송천3길 32,127.1180729,35.86036789,['송천2동'],['5211364200']
전북특별자치도 전주시 완산구 선너머3길 44-7,127.1299055,35.8165908,['중화산1동'],['5211167100']
전북특별자치도 전주시 덕진구 매봉12길 25-1,127.1389899,35.8389023,['금암2동'],['5211359000']
전북특별자치도 전주시 덕진구 도당산로 61,127.1574989,35.84705324,['우아1동'],['5211361100']
전북특별자치도 전주시 덕진구 건산로 191-1,127.1582109,35.834035,['인후3동'],['5211356000']
전북특별자치도 전주시 완산구 메너머3길 39-10,127.118436,35.82305189,['중화산2동'],['5211167200']
전북특별자치도 전주시 완산구 서곡1길 14-16,127.1005692,35.83540055,['효자5동'],['5211173000']
전북특별자치도 전주시 완산구 척동6길 7-1,127.1008792,35.82321905,['효자5동'],['5211173000']
전북특별자치도 전주시 완산구 용머리로 252,127.1370452,35.80901021,['완산동'],['5211163500']
전북특별자치도 전주시 완산구 삼천천변2길 35,127.1139479,35.79665124,['삼천3동'],['5211170300']
전북특별자치도 전주시 완산구 산월1길 46,127.1186674,35.81362772,['중화산2동'],['5211167200']
전북특별자치도 전주시 완산구 메너머3길 19,127.1206259,35.82372575,['중화산2동'],['5211167200']
전북특별자치도 전주시 덕진구 한배미1길 33,127.165723,35.82331432,['인후3동'],['5211356000']
전북특별자치도 전주시 완산구 고사평1길 6,127.1090247,35.83479852,['서신동'],['5211168000']
전북특별자치도 전주시 덕진구 월방4길 15-4,127.0726553,35.83361697,['혁신동'],['5211367000']
전북특별자치도 전주시 덕진구 송천로 62-3,127.1183196,35.85870348,['송천2동'],['5211364200']
전북특별자치도 전주시 덕진구 동가재미2길 33,127.164019,35.83402172,['인후3동'],['5211356000']
전북특별자치도 전주시 덕진구 와룡1길 19,127.1124066,35.86526714,['송천2동'],['5211364200']
전북특별자치도 전주시 덕진구 떡전3길 11-1,127.1282129,35.83757024,['금암1동'],['5211358000']
전북특별자치도 전주시 덕진구 호반6길 25-7,127.11764,35.85215176,['덕진동'],['5211357000']
전북특별자치도 전주시 덕진구 두현길 35,127.0750593,35.83141093,['혁신동'],['5211367000']
전북특별자치도 전주시 덕진구 우아7길 33-31,127.1540786,35.84941544,['우아1동'],['5211361100']
전북특별자치도 전주시 완산구 따박골6길 18-4,127.1295326,35.80838784,['효자1동'],['5211171100']
전북특별자치도 전주시 완산구 봉곡1길 8-4,127.0977294,35.81288248,['효자4동'],['5211171400']
전북특별자치도 전주시 완산구 쑥고개로 239-3,127.0916094,35.79966082,['효자4동'],['5211171400']
전북특별자치도 전주시 덕진구 금암2길 7-4,127.1349652,35.84059576,['금암1동'],['5211358000']
전북특별자치도 전주시 덕진구 송천4길 57,127.1156708,35.861254,['송천2동'],['5211364200']
전북특별자치도 전주시 완산구 메너머4길 35-1,127.1189291,35.82482625,['중화산2동'],['5211167200']
전북특별자치도 전주시 덕진구 여암2길 18,127.074832,35.87091717,['여의동'],['5211366500']
전북특별자치도 전주시 덕진구 안덕원1길 12-5,127.1651813,35.84212341,['우아2동'],['5211361200']
전북특별자치도 전주시 완산구 메너머2길 13,127.1213802,35.82230415,['중화산2동'],['5211167200']
전북특별자치도 전주시 덕진구 솔내8길 10-5,127.1224088,35.86055237,['송천1동'],['5211364100']
전북특별자치도 전주시 덕진구 명주1길 13-2,127.1455801,35.84252657,['인후2동'],['5211355000']
전북특별자치도 전주시 덕진구 추천5길 10-1,127.1073371,35.85150637,['팔복동'],['5211360000']
전북특별자치도 전주시 덕진구 금암5길 17,127.1361294,35.83883456,['금암1동'],['5211358000']
전북특별자치도 전주시 덕진구 솔내8길 23-29,127.1230085,35.86137487,['송천1동'],['5211364100']
전북특별자치도 전주시 덕진구 가재미로 86-1,127.1610297,35.83268613,['인후3동'],['5211356000']
전북특별자치도 전주시 덕진구 솔내8길 23-9,127.1239441,35.86175189,['송천1동'],['5211364100']
전북특별자치도 전주시 덕진구 솔내8길 23-33,127.1233714,35.86151347,['송천1동'],['5211364100']
전북특별자치도 전주시 덕진구 솔내8길 23-35,127.1235575,35.86161918,['송천1동'],['5211364100']
전북특별자치도 전주시 완산구 용호로 129-1,127.0968151,35.81479353,['효자5동'],['5211173000']
전북특별자치도 전주시 덕진구 솔내8길 23-31,127.1232223,35.86141512,['송천1동'],['5211364100']
전북특별자치도 전주시 덕진구 금암6길 28-1,127.136931,35.83930032,['금암1동'],['5211358000']
전북특별자치도 전주시 덕진구 동부대로 1073-12,127.1292789,35.86886104,['송천1동'],['5211364100']
전북특별자치도 전주시 덕진구 동부대로 1073-14,127.1294599,35.86887274,['송천1동'],['5211364100']
전북특별자치도 전주시 완산구 선너머로 35-7,127.1286016,35.81643097,['중화산1동'],['5211167100']
전북특별자치도 전주시 덕진구 팔달로 347-9,127.137843,35.83097841,['진북동'],['5211352500']
전북특별자치도 전주시 완산구 전주천서로 73-52,127.1551224,35.80984751,['동서학동'],['5211165000']
전북특별자치도 전주시 완산구 서곡4길 25,127.1038651,35.83417987,['효자5동'],['5211173000']
,,,['NaN'],['NaN']
,,,['NaN'],['NaN']
전북특별자치도 전주시 완산구 삼천천변2길 36-9,127.1139297,35.79597306,['삼천3동'],['5211170300']
전북특별자치도 전주시 완산구 용호로 175,127.0968473,35.81889785,['효자5동'],['5211173000']
전북특별자치도 전주시 완산구 물왕멀4길 3,127.146187,35.82813274,['노송동'],['5211160500']
전북특별자치도 전주시 덕진구 견훤왕궁로 130-3,127.1522809,35.83184314,['인후1동'],['5211354000']
전북특별자치도 전주시 완산구 강당2길 46,127.1336463,35.81247813,['중화산1동'],['5211167100']
전북특별자치도 전주시 덕진구 견훤왕궁로 130-5,127.152384,35.83206859,['인후1동'],['5211354000']
전북특별자치도 전주시 완산구 중산8길 7-3,127.1209703,35.8180444,['중화산2동'],['5211167200']
전북특별자치도 전주시 덕진구 벚꽃3길 4-1,127.1341087,35.82811186,['진북동'],['5211352500']
전북특별자치도 전주시 덕진구 벚꽃3길 6,127.1340954,35.82824959,['진북동'],['5211352500']
전북특별자치도 전주시 완산구 중산9길 8,127.1194953,35.81876102,['중화산2동'],['5211167200']
전북특별자치도 전주시 덕진구 금암3길 12-4,127.1377106,35.84140017,['금암1동'],['5211358000']
전북특별자치도 전주시 덕진구 명주1길 30,127.146052,35.84122341,['인후2동'],['5211355000']
전북특별자치도 전주시 완산구 평화로 212,127.1366484,35.79555833,['평화1동'],['5211169100']
전북특별자치도 전주시 완산구 선너머3길 44-16,127.1306575,35.81660297,['중화산1동'],['5211167100']
,,,['NaN'],['NaN']
,,,['NaN'],['NaN']
,,,['NaN'],['NaN']
전북특별자치도 전주시 완산구 중산5길 8,127.1210457,35.81594628,['중화산2동'],['5211167200']
전북특별자치도 전주시 덕진구 명륜4길 17-17,127.126064,35.84352955,['덕진동'],['5211357000']
전북특별자치도 전주시 덕진구 솔내4길 10,127.121362,35.85604941,['송천1동'],['5211364100']
전북특별자치도 전주시 완산구 선너머3길 44-9,127.1300424,35.8166286,['중화산1동'],['5211167100']
전북특별자치도 전주시 완산구 고사평9길 23-4,127.1085092,35.83881725,['서신동'],['5211168000']
전북특별자치도 전주시 덕진구 솔내4길 12,127.1215052,35.85602863,['송천1동'],['5211364100']
전북특별자치도 전주시 덕진구 솔내4길 14,127.121655,35.85601117,['송천1동'],['5211364100']
전북특별자치도 전주시 덕진구 솔내4길 14-1,127.1218299,35.8559963,['송천1동'],['5211364100']
전북특별자치도 전주시 덕진구 만성남로 28-5,127.0718134,35.83966609,['혁신동'],['5211367000']
전북특별자치도 전주시 덕진구 도당산4길 60,127.155022,35.84627597,['우아1동'],['5211361100']
전북특별자치도 전주시 덕진구 안골6길 9,127.1549393,35.84374949,['우아1동'],['5211361100']
전북특별자치도 전주시 완산구 거마평로 144,127.1169955,35.80547438,['효자2동'],['5211171200']
전북특별자치도 전주시 완산구 춘향로 5213,127.1776892,35.79917561,['동서학동'],['5211165000']
전북특별자치도 전주시 덕진구 솔내8길 23-37,127.1237747,35.86166951,['송천1동'],['5211364100']
전북특별자치도 전주시 완산구 메너머2길 19-2,127.1206287,35.82230293,['중화산2동'],['5211167200']
전북특별자치도 전주시 덕진구 들사평3길 22-4,127.1227898,35.84009122,['덕진동'],['5211357000']
전북특별자치도 전주시 덕진구 하가로 62,127.1122285,35.84750249,['덕진동'],['5211357000']
전북특별자치도 전주시 완산구 중산7길 12-1,127.1189039,35.81788748,['중화산2동'],['5211167200']
전북특별자치도 전주시 완산구 백마산길 14,127.0914967,35.81784675,['효자4동'],['5211171400']
전북특별자치도 전주시 덕진구 들사평서로 20-12,127.1211652,35.83815544,['덕진동'],['5211357000']
전북특별자치도 전주시 완산구 평화19길 14,127.1377608,35.79490842,['평화1동'],['5211169100']
전북특별자치도 전주시 덕진구 건산로 204-1,127.1596342,35.83347641,['인후3동'],['5211356000']
전북특별자치도 전주시 덕진구 우아6길 5,127.1565951,35.85037617,['우아1동'],['5211361100']
전북특별자치도 전주시 덕진구 월방5길 16,127.0726313,35.83415017,['혁신동'],['5211367000']
전북특별자치도 전주시 덕진구 기린대로 364-25,127.1336575,35.83716974,['금암1동'],['5211358000']
전북특별자치도 전주시 완산구 메너머2길 25-4,127.1197626,35.82204792,['중화산2동'],['5211167200']
전북특별자치도 전주시 덕진구 만성남로 24-3,127.0714687,35.83993956,['혁신동'],['5211367000']
전북특별자치도 전주시 덕진구 동부대로 1073-10,127.1291066,35.86886924,['송천1동'],['5211364100']
전북특별자치도 전주시 덕진구 호반6길 25-3,127.1179808,35.85196117,['덕진동'],['5211357000']
전북특별자치도 전주시 덕진구 들사평서로 20-14,127.1212574,35.83824655,['덕진동'],['5211357000']
전북특별자치도 전주시 완산구 척동10길 15,127.1014244,35.82489719,['효자5동'],['5211173000']
전북특별자치도 전주시 완산구 안터3길 12-1,127.1191702,35.8289262,['서신동'],['5211168000']
전북특별자치도 전주시 덕진구 가리내4길 13,127.1101482,35.84610638,['덕진동'],['5211357000']
전북특별자치도 전주시 덕진구 한배미로 50,127.1703939,35.82462561,['우아2동'],['5211361200']
전북특별자치도 전주시 완산구 우림로 785-31,127.0799114,35.77044409,['삼천3동'],['5211170300']
전북특별자치도 전주시 완산구 농소1길 25,127.0951625,35.81491481,['효자5동'],['5211173000']
전북특별자치도 전주시 덕진구 사평로 5-35,127.1182577,35.83923416,['덕진동'],['5211357000']
전북특별자치도 전주시 덕진구 한배미로 48-1,127.1702653,35.82458542,['우아2동'],['5211361200']
전북특별자치도 전주시 완산구 거마평로 189-15,127.114794,35.80817164,['효자3동'],['5211171300']
전북특별자치도 전주시 완산구 속거길 3-1,127.0882461,35.81592157,['효자4동'],['5211171400']
전북특별자치도 전주시 덕진구 들사평1길 34-1,127.1223775,35.83769934,['덕진동'],['5211357000']
전북특별자치도 전주시 완산구 배학6길 4-6,127.0972228,35.8203712,['효자5동'],['5211173000']
전북특별자치도 전주시 완산구 삼천천변3길 44-26,127.113583,35.79753942,['삼천3동'],['5211170300']
전북특별자치도 전주시 완산구 거마평로 189-17,127.1149609,35.80818383,['효자3동'],['5211171300']
전북특별자치도 전주시 덕진구 호반8길 22-5,127.1173494,35.85216277,['덕진동'],['5211357000']
전북특별자치도 전주시 덕진구 월방3길 16,127.0694441,35.83475536,['혁신동'],['5211367000']
전북특별자치도 전주시 덕진구 솔내9길 18-10,127.1250325,35.8631943,['송천1동'],['5211364100']
전북특별자치도 전주시 덕진구 솔내9길 18-6,127.1250611,35.86289848,['송천1동'],['5211364100']
전북특별자치도 전주시 덕진구 서가재미2길 6-5,127.1593445,35.83129557,['인후3동'],['5211356000']
전북특별자치도 전주시 덕진구 월방4길 7,127.0717901,35.83397025,['혁신동'],['5211367000']
전북특별자치도 전주시 덕진구 솔내9길 18-8,127.1250485,35.86304513,['송천1동'],['5211364100']
전북특별자치도 전주시 덕진구 가재미로 12,127.1636091,35.8262665,['인후3동'],['5211356000']
전북특별자치도 전주시 덕진구 가재미로 10-1,127.16366,35.82615972,['인후3동'],['5211356000']
전북특별자치도 전주시 덕진구 월방3길 9,127.0699788,35.83438013,['혁신동'],['5211367000']
전북특별자치도 전주시 완산구 봉곡3길 7-1,127.0977231,35.8121895,['효자4동'],['5211171400']
전북특별자치도 전주시 덕진구 들사평1길 8-7,127.1202106,35.83907766,['덕진동'],['5211357000']
전북특별자치도 전주시 완산구 구룡2길 25,127.1046054,35.813364,['효자4동'],['5211171400']
전북특별자치도 전주시 완산구 서곡3길 14-23,127.1005601,35.8367793,['효자5동'],['5211173000']
전북특별자치도 전주시 덕진구 떡전로 6-4,127.1288089,35.83581972,['금암1동'],['5211358000']
전북특별자치도 전주시 덕진구 두현길 61,127.0745086,35.83179061,['혁신동'],['5211367000']
전북특별자치도 전주시 완산구 메너머3길 29-7,127.1196397,35.82336614,['중화산2동'],['5211167200']
전북특별자치도 전주시 덕진구 들사평3길 25-3,127.1237328,35.84028033,['덕진동'],['5211357000']
전북특별자치도 전주시 덕진구 솔내9길 16-24,127.1252129,35.86316419,['송천1동'],['5211364100']
전북특별자치도 전주시 덕진구 만성남5길 11,127.0723624,35.84104676,['혁신동'],['5211367000']
전북특별자치도 전주시 덕진구 석소5길 27,127.1716787,35.83411818,['우아2동'],['5211361200']
전북특별자치도 전주시 덕진구 도당산3길 8-6,127.1555313,35.84698081,['우아1동'],['5211361100']
전북특별자치도 전주시 덕진구 인후3길 33,127.1545924,35.83250063,['인후1동'],['5211354000']
전북특별자치도 전주시 덕진구 만성남7길 4,127.0724673,35.83957846,['혁신동'],['5211367000']
전북특별자치도 전주시 덕진구 월방2길 11-2,127.0717181,35.83275819,['혁신동'],['5211367000']
전북특별자치도 전주시 완산구 강당2길 53,127.1331819,35.81292044,['중화산1동'],['5211167100']
전북특별자치도 전주시 덕진구 권삼득로 461,127.1144923,35.85121866,['덕진동'],['5211357000']
전북특별자치도 전주시 덕진구 솔내9길 18-4,127.1250524,35.86274978,['송천1동'],['5211364100']
전북특별자치도 전주시 덕진구 들사평3길 16-7,127.1225635,35.84025611,['덕진동'],['5211357000']
전북특별자치도 전주시 덕진구 만성남8길 12,127.072578,35.8389239,['혁신동'],['5211367000']
전북특별자치도 전주시 덕진구 솔내9길 18-2,127.1250387,35.86256558,['송천1동'],['5211364100']
전북특별자치도 전주시 덕진구 팽나무3길 6-14,127.1529373,35.83512225,['인후1동'],['5211354000']
전북특별자치도 전주시 덕진구 벚꽃3길 9-16,127.1330482,35.82835953,['진북동'],['5211352500']
전북특별자치도 전주시 완산구 메너머3길 29-9,127.1195951,35.82316088,['중화산2동'],['5211167200']
전북특별자치도 전주시 완산구 척동3길 5-3,127.0995588,35.82198218,['효자5동'],['5211173000']
전북특별자치도 전주시 덕진구 권삼득로 227-4,127.1337923,35.83820234,['금암1동'],['5211358000']
전북특별자치도 전주시 완산구 평화4길 12,127.1344915,35.7825647,['평화2동'],['5211169200']
전북특별자치도 전주시 완산구 맏내로 147-4,127.1280693,35.79327766,['평화2동'],['5211169200']
전북특별자치도 전주시 완산구 평화4길 14-8,127.1344424,35.78239433,['평화2동'],['5211169200']
전북특별자치도 전주시 완산구 황강서원4길 15-9,127.1012189,35.82759113,['효자5동'],['5211173000']
전북특별자치도 전주시 덕진구 떡전3길 16-1,127.1284024,35.83704361,['금암1동'],['5211358000']
전북특별자치도 전주시 완산구 우전2길 57,127.1066758,35.80926523,['효자4동'],['5211171400']
전북특별자치도 전주시 완산구 강당2길 52,127.1335101,35.81300705,['중화산1동'],['5211167100']
전북특별자치도 전주시 덕진구 팽나무4길 29-2,127.155068,35.83388002,['인후1동'],['5211354000']
전북특별자치도 전주시 완산구 안행5길 59-5,127.1298073,35.80570529,['효자1동'],['5211171100']
전북특별자치도 전주시 덕진구 들사평3길 25-6,127.1240415,35.84022332,['덕진동'],['5211357000']
전북특별자치도 전주시 덕진구 팽나무4길 29,127.1548981,35.8338797,['인후1동'],['5211354000']
전북특별자치도 전주시 덕진구 팽나무4길 29-4,127.1552036,35.83387678,['인후1동'],['5211354000']
전북특별자치도 전주시 덕진구 팽나무4길 29-6,127.1553437,35.83398259,['인후1동'],['5211354000']
전북특별자치도 전주시 덕진구 월방6길 3-7,127.0721963,35.83592114,['혁신동'],['5211367000']
전북특별자치도 전주시 완산구 용호로 191-1,127.0968233,35.82037251,['효자5동'],['5211173000']
전북특별자치도 전주시 덕진구 매봉6길 4,127.1405061,35.84123552,['금암2동'],['5211359000']
전북특별자치도 전주시 덕진구 매봉9길 25-1,127.1439711,35.84121925,['금암2동'],['5211359000']
전북특별자치도 전주시 덕진구 월방6길 1,127.0719417,35.83550076,['혁신동'],['5211367000']
전북특별자치도 전주시 덕진구 시천로 29-25,127.1140734,35.86052154,['송천2동'],['5211364200']
전북특별자치도 전주시 덕진구 시천로 29-21,127.1140929,35.86068402,['송천2동'],['5211364200']
전북특별자치도 전주시 완산구 메너머2길 21-3,127.120467,35.8220474,['중화산2동'],['5211167200']
전북특별자치도 전주시 완산구 황강서원4길 15-7,127.1010516,35.82758154,['효자5동'],['5211173000']
전북특별자치도 전주시 덕진구 하가로 28,127.1118624,35.844691,['덕진동'],['5211357000']
전북특별자치도 전주시 덕진구 송천중앙로 100-16,127.1215727,35.8556978,['송천1동'],['5211364100']
전북특별자치도 전주시 덕진구 시천로 11,127.1144949,35.86030412,['송천2동'],['5211364200']
전북특별자치도 전주시 완산구 인봉로 14-4,127.1589663,35.82452149,['노송동'],['5211160500']
전북특별자치도 전주시 완산구 평화4길 8-9,127.1342732,35.78242795,['평화2동'],['5211169200']
전북특별자치도 전주시 덕진구 만성남1길 55,127.0734071,35.84094023,['혁신동'],['5211367000']
전북특별자치도 전주시 덕진구 시천로 29-23,127.1142547,35.86044197,['송천2동'],['5211364200']
전북특별자치도 전주시 덕진구 만성남7길 10,127.0722325,35.83922008,['혁신동'],['5211367000']
전북특별자치도 전주시 덕진구 만성남6길 9,127.0720993,35.83927748,['혁신동'],['5211367000']
전북특별자치도 전주시 완산구 맏내4길 6-33,127.1314083,35.79464695,['평화2동'],['5211169200']
전북특별자치도 전주시 덕진구 호반5길 6-3,127.1159128,35.85001142,['덕진동'],['5211357000']
전북특별자치도 전주시 덕진구 우아10길 29-21,127.1575009,35.85399975,['우아1동'],['5211361100']
전북특별자치도 전주시 덕진구 견훤왕궁로 169-1,127.1492309,35.83434958,['인후2동'],['5211355000']
전북특별자치도 전주시 덕진구 건산로 312,127.1709479,35.83661002,['우아2동'],['5211361200']
전북특별자치도 전주시 완산구 고사평로 9,127.109403,35.83494373,['서신동'],['5211168000']
전북특별자치도 전주시 덕진구 만성남4길 7,127.0717775,35.84091931,['혁신동'],['5211367000']
전북특별자치도 전주시 덕진구 솔내로 173-18,127.1253535,35.86634151,['송천1동'],['5211364100']
전북특별자치도 전주시 완산구 중산3길 3-8,127.1198112,35.81505346,['중화산2동'],['5211167200']
전북특별자치도 전주시 덕진구 동가재미3길 58,127.1664054,35.83496277,['인후3동'],['5211356000']
전북특별자치도 전주시 완산구 장승배기5길 20-32,127.1447928,35.80172975,['서서학동'],['5211166000']
전북특별자치도 전주시 덕진구 월방8길 3-16,127.0737904,35.83694742,['혁신동'],['5211367000']
전북특별자치도 전주시 덕진구 월방2길 11-12,127.0718253,35.83344497,['혁신동'],['5211367000']
전북특별자치도 전주시 덕진구 송천로 56-1,127.1181234,35.85827747,['송천2동'],['5211364200']
전북특별자치도 전주시 덕진구 석소1길 7,127.1682565,35.83291308,['우아2동'],['5211361200']
전북특별자치도 전주시 덕진구 팽나무6길 16-10,127.1559795,35.8345227,['인후1동'],['5211354000']
전북특별자치도 전주시 덕진구 벚꽃3길 9-9,127.1333762,35.82823443,['진북동'],['5211352500']
전북특별자치도 전주시 덕진구 송천로 60,127.1180518,35.85859713,['송천2동'],['5211364200']
전북특별자치도 전주시 덕진구 송천로 58,127.1180989,35.85845874,['송천2동'],['5211364200']
전북특별자치도 전주시 덕진구 송천로 56-3,127.1182864,35.85830796,['송천2동'],['5211364200']
전북특별자치도 전주시 덕진구 송천로 54,127.1181747,35.85807924,['송천2동'],['5211364200']
전북특별자치도 전주시 덕진구 송천로 56-2,127.1183268,35.8581127,['송천2동'],['5211364200']
전북특별자치도 전주시 덕진구 반태산6길 27,127.1509813,35.83198646,['인후2동'],['5211355000']
전북특별자치도 전주시 완산구 척동1길 18-5,127.097815,35.82173162,['효자5동'],['5211173000']
전북특별자치도 전주시 덕진구 송천로 56-4,127.1184645,35.85817665,['송천2동'],['5211364200']
전북특별자치도 전주시 덕진구 인후6길 11,127.1574826,35.83201092,['인후3동'],['5211356000']
전북특별자치도 전주시 덕진구 만성남4길 5,127.0716841,35.84076904,['혁신동'],['5211367000']
전북특별자치도 전주시 덕진구 혁신로 707-1,127.0743134,35.87472195,['조촌동'],['5211365000']
,,,['NaN'],['NaN']
전북특별자치도 전주시 완산구 평화4길 10-1,127.1343229,35.78260283,['평화2동'],['5211169200']
전북특별자치도 전주시 완산구 평화로 222-32,127.1374606,35.79650337,['평화1동'],['5211169100']
전북특별자치도 전주시 덕진구 가리내8길 20-12,127.1097126,35.84431409,['덕진동'],['5211357000']
전북특별자치도 전주시 덕진구 솔내7길 19-9,127.123388,35.86038202,['송천1동'],['5211364100']
전북특별자치도 전주시 완산구 효자로 19-7,127.0882892,35.82140931,['효자5동'],['5211173000']
전북특별자치도 전주시 덕진구 권삼득로 247-7,127.1323779,35.83897358,['금암1동'],['5211358000']
전북특별자치도 전주시 덕진구 인교9길 2,127.1731674,35.82558654,['우아2동'],['5211361200']
전북특별자치도 전주시 완산구 서곡로 76,127.1016955,35.83542132,['효자5동'],['5211173000']
전북특별자치도 전주시 덕진구 삼송5길 14-33,127.1380307,35.84401281,['금암1동'],['5211358000']
전북특별자치도 전주시 완산구 배학2길 27-3,127.0997965,35.81974722,['효자5동'],['5211173000']
전북특별자치도 전주시 완산구 평화4길 8-6,127.1338253,35.78240727,['평화2동'],['5211169200']
전북특별자치도 전주시 덕진구 가리내6길 10-12,127.1106867,35.84570005,['덕진동'],['5211357000']
전북특별자치도 전주시 덕진구 월방3길 22,127.0689815,35.83480024,['혁신동'],['5211367000']
전북특별자치도 전주시 덕진구 만성중앙로 17-49,127.0733736,35.84543996,['혁신동'],['5211367000']
전북특별자치도 전주시 덕진구 도당산로 18,127.1555326,35.84423946,['우아1동'],['5211361100']
전북특별자치도 전주시 덕진구 월방7길 24-3,127.0740102,35.83478201,['혁신동'],['5211367000']
전북특별자치도 전주시 완산구 세내로 516,127.1023243,35.83273305,['효자5동'],['5211173000']
전북특별자치도 전주시 완산구 평화19길 9,127.137253,35.79512188,['평화1동'],['5211169100']
전북특별자치도 전주시 완산구 홍산로 276,127.1064553,35.8182318,['효자5동'],['5211173000']
전북특별자치도 전주시 덕진구 솔내7길 9-7,127.1220871,35.860277,['송천1동'],['5211364100']
전북특별자치도 전주시 덕진구 도당산4길 65-16,127.1548187,35.84472814,['우아1동'],['5211361100']
전북특별자치도 전주시 덕진구 무삼지3길 9-1,127.1621191,35.82734687,['인후3동'],['5211356000']
전북특별자치도 전주시 덕진구 인교9길 6,127.17348,35.82570505,['우아2동'],['5211361200']
전북특별자치도 전주시 완산구 서원로 350-11,127.1328564,35.8129126,['중화산1동'],['5211167100']
전북특별자치도 전주시 완산구 새터로 39,127.1109211,35.83581449,['서신동'],['5211168000']
전북특별자치도 전주시 완산구 우전2길 57-13,127.1062093,35.80919561,['효자4동'],['5211171400']
전북특별자치도 전주시 덕진구 가재미로 71-1,127.1611257,35.83143532,['인후3동'],['5211356000']
전북특별자치도 전주시 완산구 고사평1길 8,127.1088683,35.83486401,['서신동'],['5211168000']
전북특별자치도 전주시 완산구 평화19길 9-3,127.1372525,35.79526202,['평화1동'],['5211169100']
전북특별자치도 전주시 덕진구 금암1길 32-8,127.1347339,35.83833575,['금암1동'],['5211358000']
,,,['NaN'],['NaN']
전북특별자치도 전주시 완산구 황학3길 15,127.1582175,35.80855575,['동서학동'],['5211165000']
전북특별자치도 전주시 완산구 메너머2길 19-1,127.1208992,35.82186149,['중화산2동'],['5211167200']
전북특별자치도 전주시 덕진구 월방5길 18-1,127.073054,35.83395452,['혁신동'],['5211367000']
전북특별자치도 전주시 완산구 학봉1길 17,127.1518115,35.8039938,['동서학동'],['5211165000']
전북특별자치도 전주시 완산구 태평3길 31-41,127.1412377,35.82336866,['중앙동'],['5211151000']
전북특별자치도 전주시 완산구 학봉1길 19-1,127.1517754,35.80380548,['동서학동'],['5211165000']
전북특별자치도 전주시 완산구 학봉1길 19-2,127.1517251,35.80364801,['동서학동'],['5211165000']
전북특별자치도 전주시 완산구 학봉1길 19-3,127.1515509,35.80368779,['동서학동'],['5211165000']
전북특별자치도 전주시 완산구 서곡3길 2-15,127.1014269,35.83652216,['효자5동'],['5211173000']
전북특별자치도 전주시 완산구 소태정5길 21,127.0983245,35.80389857,['효자4동'],['5211171400']
전북특별자치도 전주시 덕진구 만성남5길 5,127.0720904,35.84060585,['혁신동'],['5211367000']
전북특별자치도 전주시 덕진구 만성남8길 6,127.0728188,35.8392775,['혁신동'],['5211367000']
전북특별자치도 전주시 덕진구 만성남로 42,127.0732328,35.83943046,['혁신동'],['5211367000']
전북특별자치도 전주시 완산구 장승배기2길 10-9,127.1408207,35.79982901,['평화1동'],['5211169100']
전북특별자치도 전주시 완산구 평화3길 21-14,127.1307827,35.78286666,['평화2동'],['5211169200']
전북특별자치도 전주시 완산구 서곡2길 24-2,127.1026487,35.8332802,['효자5동'],['5211173000']
전북특별자치도 전주시 덕진구 인후5길 6-13,127.1579817,35.83090694,['인후3동'],['5211356000']
전북특별자치도 전주시 완산구 삼천천변2길 36-14,127.1134242,35.79585078,['삼천3동'],['5211170300']
전북특별자치도 전주시 완산구 삼천천변2길 36-12,127.1133134,35.79608513,['삼천3동'],['5211170300']
전북특별자치도 전주시 완산구 고사평로 11-1,127.1094104,35.83519842,['서신동'],['5211168000']
전북특별자치도 전주시 덕진구 만성북3길 27,127.0770076,35.84818489,['혁신동'],['5211367000']
전북특별자치도 전주시 완산구 척동3길 10-17,127.0985045,35.82280202,['효자5동'],['5211173000']
전북특별자치도 전주시 완산구 맏내2길 10,127.1307886,35.79185199,['평화2동'],['5211169200']
전북특별자치도 전주시 완산구 효자로 19-9,127.0884218,35.82154648,['효자5동'],['5211173000']
전북특별자치도 전주시 덕진구 월방3길 26-8,127.0688931,35.83502092,['혁신동'],['5211367000']
전북특별자치도 전주시 덕진구 만성남1길 56,127.0732329,35.84069051,['혁신동'],['5211367000']
전북특별자치도 전주시 덕진구 만성남5길 10,127.0725604,35.84079627,['혁신동'],['5211367000']
전북특별자치도 전주시 덕진구 만성남로 28-3,127.0719085,35.83979861,['혁신동'],['5211367000']
전북특별자치도 전주시 완산구 간납로 47-5,127.1589657,35.81864771,['노송동'],['5211160500']
전북특별자치도 전주시 완산구 효자로 19-11,127.0885681,35.82174996,['효자5동'],['5211173000']
전북특별자치도 전주시 완산구 효자로 19-6,127.0887746,35.8210626,['효자5동'],['5211173000']
전북특별자치도 전주시 덕진구 떡전2길 5,127.1258817,35.83644388,['덕진동'],['5211357000']
전북특별자치도 전주시 덕진구 인교8길 8,127.173589,35.8260416,['우아2동'],['5211361200']
전북특별자치도 전주시 완산구 안행5길 59-7,127.12971,35.80588736,['효자1동'],['5211171100']
전북특별자치도 전주시 덕진구 금암5길 32-7,127.1358509,35.84021389,['금암1동'],['5211358000']
전북특별자치도 전주시 덕진구 도당산4길 49-5,127.1562829,35.84618854,['우아1동'],['5211361100']
전북특별자치도 전주시 덕진구 숲정이3길 11,127.1317776,35.82962369,['진북동'],['5211352500']
전북특별자치도 전주시 완산구 배학2길 17,127.0987833,35.81934285,['효자5동'],['5211173000']
전북특별자치도 전주시 덕진구 금암2길 7-13,127.1356369,35.84100985,['금암1동'],['5211358000']
전북특별자치도 전주시 덕진구 매봉1길 30,127.143643,35.84305983,['금암2동'],['5211359000']
전북특별자치도 전주시 덕진구 금암5길 26-8,127.1362423,35.83959149,['금암1동'],['5211358000']
전북특별자치도 전주시 덕진구 혁신로 707-7,127.0743752,35.87494777,['조촌동'],['5211365000']
전북특별자치도 전주시 완산구 전주객사4길 100,127.1428883,35.82203861,['중앙동'],['5211151000']
전북특별자치도 전주시 덕진구 호반8길 14-3,127.1166983,35.8516824,['덕진동'],['5211357000']
전북특별자치도 전주시 덕진구 가리내6길 6,127.1112621,35.84495049,['덕진동'],['5211357000']
전북특별자치도 전주시 덕진구 월방7길 3-9,127.0728698,35.83663732,['혁신동'],['5211367000']
전북특별자치도 전주시 덕진구 솔내9길 16,127.1251409,35.86243552,['송천1동'],['5211364100']
전북특별자치도 전주시 덕진구 떡전2길 11,127.1261872,35.83614317,['덕진동'],['5211357000']
전북특별자치도 전주시 덕진구 가리내8길 16-3,127.1099727,35.84370848,['덕진동'],['5211357000']
전북특별자치도 전주시 덕진구 건산로 20,127.1401391,35.83343259,['진북동'],['5211352500']
전북특별자치도 전주시 완산구 평화6길 8,127.1343996,35.78824458,['평화2동'],['5211169200']
전북특별자치도 전주시 덕진구 월방4길 3-10,127.071775,35.83417827,['혁신동'],['5211367000']
전북특별자치도 전주시 덕진구 가재미로 24,127.1632618,35.82718887,['인후3동'],['5211356000']
전북특별자치도 전주시 완산구 평화7길 3,127.1356394,35.78808736,['평화2동'],['5211169200']
전북특별자치도 전주시 덕진구 만성용흥길 23,127.0736555,35.82855003,['혁신동'],['5211367000']
전북특별자치도 전주시 덕진구 도당산4길 61-8,127.1549557,35.84540364,['우아1동'],['5211361100']
전북특별자치도 전주시 덕진구 월방7길 3-7,127.0727346,35.83671572,['혁신동'],['5211367000']
전북특별자치도 전주시 덕진구 월방8길 25-20,127.074852,35.83664376,['혁신동'],['5211367000']
전북특별자치도 전주시 완산구 중산로 23,127.1201653,35.81614958,['중화산2동'],['5211167200']
전북특별자치도 전주시 완산구 척동3길 5-4,127.0992752,35.82198322,['효자5동'],['5211173000']
전북특별자치도 전주시 덕진구 금암5길 26-6,127.1360667,35.83949381,['금암1동'],['5211358000']
전북특별자치도 전주시 덕진구 호반4길 6,127.118448,35.84968828,['덕진동'],['5211357000']
전북특별자치도 전주시 덕진구 월방3길 7-3,127.0701758,35.83414433,['혁신동'],['5211367000']
전북특별자치도 전주시 덕진구 월방1길 3-8,127.0697083,35.83288753,['혁신동'],['5211367000']
전북특별자치도 전주시 덕진구 만성남로 25,127.0717497,35.84035622,['혁신동'],['5211367000']
전북특별자치도 전주시 덕진구 만성남2길 23,127.0721594,35.83909296,['혁신동'],['5211367000']
전북특별자치도 전주시 덕진구 초포다리로 109-8,127.1597627,35.86562131,['호성동'],['5211362000']
전북특별자치도 전주시 덕진구 명주2길 22-11,127.146337,35.84274537,['인후2동'],['5211355000']
전북특별자치도 전주시 완산구 한두평3길 18-1,127.1251067,35.81473641,['중화산1동'],['5211167100']
전북특별자치도 전주시 완산구 효자로 19-10,127.0886739,35.82141029,['효자5동'],['5211173000']
전북특별자치도 전주시 덕진구 하가로 34,127.1118261,35.84521511,['덕진동'],['5211357000']
전북특별자치도 전주시 덕진구 금암5길 34,127.1353545,35.84009386,['금암1동'],['5211358000']
전북특별자치도 전주시 덕진구 월방3길 4-9,127.0705056,35.83474203,['혁신동'],['5211367000']
전북특별자치도 전주시 덕진구 송천3길 6-8,127.1202077,35.86128758,['송천2동'],['5211364200']
전북특별자치도 전주시 덕진구 송천3길 6-6,127.1203362,35.8612167,['송천2동'],['5211364200']
전북특별자치도 전주시 완산구 삼천천변2길 36-16,127.1136368,35.79586149,['삼천3동'],['5211170300']
전북특별자치도 전주시 덕진구 숲정이2길 32-7,127.1310903,35.83135981,['진북동'],['5211352500']
전북특별자치도 전주시 완산구 잿뜸2길 8,127.1245383,35.82800166,['서신동'],['5211168000']
전북특별자치도 전주시 완산구 공북3길 27,127.1388913,35.82686999,['중앙동'],['5211151000']
전북특별자치도 전주시 덕진구 하가1길 60,127.1119975,35.84509437,['덕진동'],['5211357000']
전북특별자치도 전주시 완산구 서곡2길 20-9,127.1022886,35.83303014,['효자5동'],['5211173000']
전북특별자치도 전주시 완산구 서곡7길 18-1,127.1012228,35.83196782,['효자5동'],['5211173000']
전북특별자치도 전주시 덕진구 건지1길 11,127.1397303,35.84381717,['금암2동'],['5211359000']
전북특별자치도 전주시 덕진구 경동로 46,127.1112443,35.84308256,['덕진동'],['5211357000']
전북특별자치도 전주시 덕진구 정언신로 148,127.1698959,35.83047458,['우아2동'],['5211361200']
전북특별자치도 전주시 덕진구 숲정이1길 22-5,127.1296303,35.83167206,['진북동'],['5211352500']
전북특별자치도 전주시 완산구 속거길 11-5,127.0883173,35.8154753,['효자4동'],['5211171400']
전북특별자치도 전주시 덕진구 금암3길 12-8,127.1376247,35.84151932,['금암1동'],['5211358000']
전북특별자치도 전주시 덕진구 농생명로 415,127.0688141,35.83277367,['혁신동'],['5211367000']
전북특별자치도 전주시 덕진구 오정2길 15,127.0613615,35.83464908,['혁신동'],['5211367000']
전북특별자치도 전주시 완산구 효자로 19-5,127.0879772,35.82127904,['효자5동'],['5211173000']
전북특별자치도 전주시 덕진구 권삼득로 244,127.1333094,35.83937974,['금암1동'],['5211358000']
전북특별자치도 전주시 덕진구 만성남2길 24,127.0720386,35.83887619,['혁신동'],['5211367000']
전북특별자치도 전주시 덕진구 송천3길 6-4,127.1204042,35.86137039,['송천2동'],['5211364200']
전북특별자치도 전주시 덕진구 만성남로 44,127.0733782,35.83936088,['혁신동'],['5211367000']
전북특별자치도 전주시 덕진구 하가로 31,127.1114948,35.84497064,['덕진동'],['5211357000']
,,,['NaN'],['NaN']
전북특별자치도 전주시 덕진구 만성북1길 12,127.076866,35.84937834,['혁신동'],['5211367000']
전북특별자치도 전주시 덕진구 송천3길 6-2,127.1206399,35.86122946,['송천2동'],['5211364200']
전북특별자치도 전주시 덕진구 우아6길 4,127.1565435,35.85017851,['우아1동'],['5211361100']
전북특별자치도 전주시 덕진구 만성남1길 48,127.0726357,35.84094205,['혁신동'],['5211367000']
전북특별자치도 전주시 완산구 삼천천변3길 44-24,127.1138535,35.79749023,['삼천3동'],['5211170300']
전북특별자치도 전주시 덕진구 금암4길 15,127.1378014,35.83998554,['금암1동'],['5211358000']
전북특별자치도 전주시 덕진구 인교9길 55-3,127.1756331,35.82732554,['우아2동'],['5211361200']
전북특별자치도 전주시 덕진구 가재미5길 4,127.1614692,35.83021645,['인후3동'],['5211356000']
전북특별자치도 전주시 완산구 장승배기로 410,127.1535406,35.80633705,['동서학동'],['5211165000']
전북특별자치도 전주시 완산구 서곡4길 23-2,127.1038146,35.8343133,['효자5동'],['5211173000']
전북특별자치도 전주시 덕진구 만성북3길 13,127.0759928,35.8486185,['혁신동'],['5211367000']
전북특별자치도 전주시 덕진구 인봉남로 65-3,127.1599336,35.8264745,['인후3동'],['5211356000']
전북특별자치도 전주시 덕진구 건산로 286,127.1682608,35.83578078,['우아2동'],['5211361200']
전북특별자치도 전주시 덕진구 솔내5길 14-2,127.1219663,35.85728604,['송천1동'],['5211364100']
전북특별자치도 전주시 덕진구 인봉남로 65-2,127.1600902,35.82638209,['인후3동'],['5211356000']
전북특별자치도 전주시 완산구 원효자길 14-13,127.0903316,35.79763782,['효자4동'],['5211171400']
전북특별자치도 전주시 덕진구 도당산2길 25,127.1556726,35.8454977,['우아1동'],['5211361100']
전북특별자치도 전주시 덕진구 한배미4길 17,127.1653481,35.82392652,['인후3동'],['5211356000']
전북특별자치도 전주시 덕진구 만성남로 38,127.0728225,35.83959978,['혁신동'],['5211367000']
전북특별자치도 전주시 덕진구 만성북1길 18,127.0764218,35.84957104,['혁신동'],['5211367000']
전북특별자치도 전주시 덕진구 석소1길 30,127.1681826,35.83476391,['우아2동'],['5211361200']
전북특별자치도 전주시 완산구 고사평5길 22-3,127.1077692,35.83738816,['서신동'],['5211168000']
전북특별자치도 전주시 완산구 거마평로 189-13,127.114625,35.80819262,['효자3동'],['5211171300']
전북특별자치도 전주시 덕진구 견훤왕궁로 266,127.1452152,35.84179474,['인후2동'],['5211355000']
전북특별자치도 전주시 덕진구 인봉3길 41-7,127.1582214,35.8294301,['인후3동'],['5211356000']
전북특별자치도 전주시 덕진구 와룡1길 11-3,127.1133672,35.86498964,['송천2동'],['5211364200']
전북특별자치도 전주시 덕진구 월방8길 2,127.0727792,35.83685927,['혁신동'],['5211367000']
전북특별자치도 전주시 완산구 고사평로 17,127.1094148,35.83559641,['서신동'],['5211168000']
전북특별자치도 전주시 덕진구 매봉3길 9-2,127.1417155,35.84216762,['금암2동'],['5211359000']
전북특별자치도 전주시 덕진구 만성남8길 8,127.0727327,35.83916408,['혁신동'],['5211367000']
전북특별자치도 전주시 완산구 선너머3길 44-11,127.1302186,35.81666266,['중화산1동'],['5211167100']
전북특별자치도 전주시 덕진구 송천3길 6,127.1205382,35.86115747,['송천2동'],['5211364200']
전북특별자치도 전주시 덕진구 월방3길 13,127.0695403,35.83448393,['혁신동'],['5211367000']
전북특별자치도 전주시 덕진구 만성북1길 3,127.0774067,35.84915673,['혁신동'],['5211367000']
,,,['NaN'],['NaN']
전북특별자치도 전주시 완산구 황강서원5길 39-5,127.0993249,35.82923472,['효자5동'],['5211173000']
전북특별자치도 전주시 덕진구 월방6길 13,127.0730521,35.83490761,['혁신동'],['5211367000']
전북특별자치도 전주시 완산구 척동7길 17-4,127.0978641,35.82348336,['효자5동'],['5211173000']
전북특별자치도 전주시 덕진구 가리내6길 16-8,127.1101747,35.84537805,['덕진동'],['5211357000']
전북특별자치도 전주시 덕진구 건지3길 10-25,127.1448836,35.84526407,['인후2동'],['5211355000']
전북특별자치도 전주시 완산구 완산4길 29,127.1425902,35.8098651,['완산동'],['5211163500']
전북특별자치도 전주시 덕진구 월방7길 23-10,127.0743807,35.83581328,['혁신동'],['5211367000']
전북특별자치도 전주시 덕진구 만성북1길 10,127.0769784,35.84932104,['혁신동'],['5211367000']
전북특별자치도 전주시 완산구 고사평1길 17,127.1079374,35.83503392,['서신동'],['5211168000']
전북특별자치도 전주시 완산구 문화1길 11,127.1549526,35.82398399,['노송동'],['5211160500']
전북특별자치도 전주시 완산구 거마평로 189-19,127.1149248,35.8079718,['효자3동'],['5211171300']
전북특별자치도 전주시 덕진구 만성남9길 12,127.0729927,35.8387525,['혁신동'],['5211367000']
전북특별자치도 전주시 덕진구 월방8길 3-3,127.0730165,35.83722008,['혁신동'],['5211367000']
,,,['NaN'],['NaN']
전북특별자치도 전주시 덕진구 벚꽃3길 9-15,127.1330553,35.82818107,['진북동'],['5211352500']
전북특별자치도 전주시 덕진구 만성북1길 4,127.0771102,35.84928139,['혁신동'],['5211367000']
전북특별자치도 전주시 완산구 거마평로 189-21,127.1147267,35.80797974,['효자3동'],['5211171300']
전북특별자치도 전주시 덕진구 한배미5길 16-1,127.1664964,35.8236423,['인후3동'],['5211356000']
전북특별자치도 전주시 완산구 황강서원3길 3-8,127.0995457,35.82911944,['효자5동'],['5211173000']
전북특별자치도 전주시 덕진구 석소2길 10,127.1692793,35.83345105,['우아2동'],['5211361200']
전북특별자치도 전주시 덕진구 월방8길 15,127.074222,35.83643813,['혁신동'],['5211367000']
,,,['NaN'],['NaN']
전북특별자치도 전주시 완산구 산월1길 24-3,127.1202948,35.81322099,['중화산2동'],['5211167200']
전북특별자치도 전주시 완산구 중산7길 12-2,127.1192076,35.81788907,['중화산2동'],['5211167200']
전북특별자치도 전주시 덕진구 인봉남로 65-4,127.1600539,35.82656059,['인후3동'],['5211356000']
전북특별자치도 전주시 덕진구 만성남9길 6,127.0732245,35.83911457,['혁신동'],['5211367000']
전북특별자치도 전주시 완산구 황강서원3길 3-10,127.0993622,35.8290904,['효자5동'],['5211173000']
전북특별자치도 전주시 덕진구 송천로 86,127.1172903,35.86079387,['송천2동'],['5211364200']
전북특별자치도 전주시 덕진구 와룡1길 11-15,127.1135461,35.86417239,['송천2동'],['5211364200']
전북특별자치도 전주시 덕진구 와룡1길 11-35,127.1133606,35.86415562,['송천2동'],['5211364200']
전북특별자치도 전주시 덕진구 월방7길 3-17,127.0734216,35.8363612,['혁신동'],['5211367000']
전북특별자치도 전주시 덕진구 우아10길 25-12,127.1576055,35.85337035,['우아1동'],['5211361100']
전북특별자치도 전주시 덕진구 떡전로 6,127.1286967,35.83570673,['금암1동'],['5211358000']
전북특별자치도 전주시 덕진구 솔내2길 22-6,127.122083,35.85390676,['송천1동'],['5211364100']
전북특별자치도 전주시 완산구 잿뜸2길 20,127.1245895,35.82715262,['서신동'],['5211168000']
전북특별자치도 전주시 완산구 평화4길 8-11,127.1342225,35.78223027,['평화2동'],['5211169200']
전북특별자치도 전주시 덕진구 월방4길 16-1,127.072213,35.83324502,['혁신동'],['5211367000']
전북특별자치도 전주시 덕진구 한배미4길 21,127.1651599,35.82386036,['인후3동'],['5211356000']
전북특별자치도 전주시 덕진구 한배미4길 23,127.1650093,35.82373177,['인후3동'],['5211356000']
전북특별자치도 전주시 완산구 황강서원3길 4-5,127.1008996,35.82909146,['효자5동'],['5211173000']
전북특별자치도 전주시 덕진구 호반8길 18-5,127.1171136,35.85185675,['덕진동'],['5211357000']
전북특별자치도 전주시 덕진구 월방8길 3-15,127.0739142,35.83719078,['혁신동'],['5211367000']
전북특별자치도 전주시 완산구 서신천변5길 4,127.1137738,35.82834805,['서신동'],['5211168000']
전북특별자치도 전주시 덕진구 아중로 117,127.1626829,35.82516903,['인후3동'],['5211356000']
전북특별자치도 전주시 덕진구 매봉16길 29,127.1405358,35.83702823,['금암2동'],['5211359000']
전북특별자치도 전주시 덕진구 만성남1길 52,127.0729369,35.84081344,['혁신동'],['5211367000']
전북특별자치도 전주시 덕진구 인교9길 43,127.1761612,35.82645983,['우아2동'],['5211361200']
전북특별자치도 전주시 완산구 서곡2길 20-5,127.1025117,35.83332529,['효자5동'],['5211173000']
전북특별자치도 전주시 덕진구 솔내1길 28-9,127.1228513,35.85343705,['송천1동'],['5211364100']
전북특별자치도 전주시 덕진구 솔내1길 28-10,127.1227918,35.85337979,['송천1동'],['5211364100']
전북특별자치도 전주시 덕진구 솔내1길 28-8,127.1227501,35.85331954,['송천1동'],['5211364100']
전북특별자치도 전주시 덕진구 도당산4길 37-4,127.1572903,35.84653898,['우아1동'],['5211361100']
전북특별자치도 전주시 덕진구 인교로 62-4,127.1727304,35.8270764,['우아2동'],['5211361200']
전북특별자치도 전주시 덕진구 도당산4길 65,127.1545495,35.84583685,['우아1동'],['5211361100']
전북특별자치도 전주시 덕진구 월방6길 3-11,127.072626,35.8357162,['혁신동'],['5211367000']
전북특별자치도 전주시 덕진구 만성남1길 61,127.0738136,35.84074729,['혁신동'],['5211367000']
전북특별자치도 전주시 완산구 강당1길 32,127.1332507,35.81098851,['완산동'],['5211163500']
전북특별자치도 전주시 덕진구 거북바우로 100,127.1467417,35.8416695,['인후2동'],['5211355000']
전북특별자치도 전주시 완산구 솟대2길 3-6,127.1256162,35.79493127,['삼천2동'],['5211170200']
전북특별자치도 전주시 덕진구 송천로 35-4,127.1180992,35.85668669,['송천2동'],['5211364200']
전북특별자치도 전주시 덕진구 인봉남로 65,127.1601688,35.82628384,['인후3동'],['5211356000']
전북특별자치도 전주시 완산구 유연로 349,127.1236829,35.82547072,['서신동'],['5211168000']
전북특별자치도 전주시 덕진구 들사평4길 6,127.1228305,35.84189009,['덕진동'],['5211357000']
전북특별자치도 전주시 완산구 장승배기로 414,127.1539374,35.80639873,['동서학동'],['5211165000']
전북특별자치도 전주시 완산구 장승배기로 412,127.1537933,35.80629031,['동서학동'],['5211165000']
전북특별자치도 전주시 덕진구 가재미2길 3,127.162852,35.82875257,['인후3동'],['5211356000']
전북특별자치도 전주시 완산구 삼천천변3길 44-28,127.1136083,35.79735509,['삼천3동'],['5211170300']
전북특별자치도 전주시 덕진구 권삼득로 235-22,127.1327845,35.83911868,['금암1동'],['5211358000']
전북특별자치도 전주시 덕진구 월방1길 22-4,127.0685123,35.83376775,['혁신동'],['5211367000']
전북특별자치도 전주시 덕진구 만성중앙로 17-127,127.0740968,35.84586626,['혁신동'],['5211367000']
전북특별자치도 전주시 덕진구 진버들1길 86,127.165469,35.83820787,['우아2동'],['5211361200']
전북특별자치도 전주시 덕진구 한배미4길 10-2,127.1662519,35.82460131,['인후3동'],['5211356000']
전북특별자치도 전주시 덕진구 전미로 278-24,127.1028412,35.89373137,['송천2동'],['5211364200']
전북특별자치도 전주시 완산구 문학대1길 10-38,127.0990465,35.82596878,['효자5동'],['5211173000']
전북특별자치도 전주시 완산구 효자로 19-3,127.0883093,35.82113252,['효자5동'],['5211173000']
전북특별자치도 전주시 완산구 평화19길 12,127.1375412,35.79487163,['평화1동'],['5211169100']
전북특별자치도 전주시 덕진구 도당산4길 61-9,127.1552497,35.84541561,['우아1동'],['5211361100']
전북특별자치도 전주시 덕진구 도당산4길 61-7,127.1551765,35.84552647,['우아1동'],['5211361100']
전북특별자치도 전주시 완산구 안터1길 16-3,127.1164196,35.82746453,['서신동'],['5211168000']
전북특별자치도 전주시 덕진구 정언신로 68-1,127.1614377,35.83033889,['인후3동'],['5211356000']
전북특별자치도 전주시 덕진구 용소로 117-3,127.1209741,35.86402446,['송천2동'],['5211364200']
전북특별자치도 전주시 완산구 선너머2길 20,127.1287914,35.81368481,['중화산1동'],['5211167100']
전북특별자치도 전주시 완산구 서곡4길 16,127.103106,35.83488441,['효자5동'],['5211173000']
전북특별자치도 전주시 덕진구 인교9길 4,127.1733226,35.82565273,['우아2동'],['5211361200']
전북특별자치도 전주시 완산구 메너머3길 17-20,127.1206557,35.82304022,['중화산2동'],['5211167200']
전북특별자치도 전주시 덕진구 금암1길 30-4,127.1345495,35.83869799,['금암1동'],['5211358000']
전북특별자치도 전주시 덕진구 송천로 35-5,127.1180824,35.8564331,['송천2동'],['5211364200']
전북특별자치도 전주시 완산구 중화산로 138-30,127.1204564,35.82266775,['중화산2동'],['5211167200']
전북특별자치도 전주시 완산구 서곡1길 9,127.1000871,35.83500611,['효자5동'],['5211173000']
전북특별자치도 전주시 덕진구 솔내3길 29-1,127.1226473,35.85322231,['송천1동'],['5211364100']
전북특별자치도 전주시 완산구 우림로 897-16,127.0920525,35.77569971,['삼천3동'],['5211170300']
전북특별자치도 전주시 덕진구 만성남7길 5,127.0726578,35.8393496,['혁신동'],['5211367000']
전북특별자치도 전주시 완산구 우전1길 42,127.1057465,35.80739521,['효자4동'],['5211171400']
전북특별자치도 전주시 덕진구 만성남로 36,127.0725482,35.83970531,['혁신동'],['5211367000']
전북특별자치도 전주시 완산구 관선1길 75,127.1581471,35.81915602,['노송동'],['5211160500']
전북특별자치도 전주시 덕진구 만성남5길 8-21,127.0739187,35.84023675,['혁신동'],['5211367000']
전북특별자치도 전주시 완산구 용호로 193,127.0968248,35.8205077,['효자5동'],['5211173000']
전북특별자치도 전주시 덕진구 만성북1길 5-3,127.0776951,35.84904921,['혁신동'],['5211367000']
전북특별자치도 전주시 덕진구 붓내3길 17-23,127.1233788,35.86886517,['송천1동'],['5211364100']
전북특별자치도 전주시 완산구 쑥고개로 272,127.0953869,35.80062061,['효자4동'],['5211171400']
전북특별자치도 전주시 덕진구 만성남6길 8,127.0718547,35.83942705,['혁신동'],['5211367000']
전북특별자치도 전주시 덕진구 솔내6길 7-5,127.1218935,35.85913405,['송천1동'],['5211364100']
전북특별자치도 전주시 덕진구 송천2길 30,127.118111,35.85948381,['송천2동'],['5211364200']
전북특별자치도 전주시 덕진구 솔내7길 9-1,127.1220554,35.86001513,['송천1동'],['5211364100']
전북특별자치도 전주시 덕진구 솔내6길 7-7,127.1219174,35.85927317,['송천1동'],['5211364100']
전북특별자치도 전주시 덕진구 솔내6길 7-3,127.1218699,35.85899879,['송천1동'],['5211364100']
전북특별자치도 전주시 덕진구 인교8길 22,127.1745967,35.82626321,['우아2동'],['5211361200']
전북특별자치도 전주시 덕진구 솔내6길 7-9,127.1219414,35.85941221,['송천1동'],['5211364100']
전북특별자치도 전주시 덕진구 여암1길 27-4,127.0737448,35.8707211,['여의동'],['5211366500']
전북특별자치도 전주시 완산구 안터1길 16,127.1166865,35.82731358,['서신동'],['5211168000']
전북특별자치도 전주시 덕진구 금암6길 41-8,127.1360288,35.84033148,['금암1동'],['5211358000']
전북특별자치도 전주시 덕진구 만성남2길 26,127.0721852,35.83881788,['혁신동'],['5211367000']
전북특별자치도 전주시 덕진구 팔달로 339-17,127.137742,35.83070265,['진북동'],['5211352500']
전북특별자치도 전주시 덕진구 금암6길 43,127.1367189,35.84059134,['금암1동'],['5211358000']
전북특별자치도 전주시 덕진구 인봉3길 51-1,127.1590083,35.82924556,['인후3동'],['5211356000']
전북특별자치도 전주시 덕진구 두현길 26,127.0738385,35.83122134,['혁신동'],['5211367000']
전북특별자치도 전주시 완산구 쑥고개로 384-11,127.1075671,35.80324887,['효자4동'],['5211171400']
전북특별자치도 전주시 덕진구 만성남7길 3,127.0727389,35.83947384,['혁신동'],['5211367000']
전북특별자치도 전주시 덕진구 떡전4길 12-7,127.1287917,35.83767263,['금암1동'],['5211358000']
전북특별자치도 전주시 덕진구 용산1길 5-2,127.1305582,35.83570085,['금암1동'],['5211358000']
전북특별자치도 전주시 덕진구 만성남8길 11,127.0728533,35.8388136,['혁신동'],['5211367000']
전북특별자치도 전주시 덕진구 떡전로 22-1,127.1273733,35.83695548,['금암1동'],['5211358000']
전북특별자치도 전주시 완산구 인봉로 46-7,127.1588608,35.82710356,['노송동'],['5211160500']
전북특별자치도 전주시 덕진구 만성남8길 3,127.0731539,35.83930019,['혁신동'],['5211367000']
전북특별자치도 전주시 덕진구 안덕원2길 22-1,127.1646346,35.84207496,['우아2동'],['5211361200']
전북특별자치도 전주시 덕진구 인후2길 13,127.1532634,35.83154844,['인후1동'],['5211354000']
전북특별자치도 전주시 덕진구 인후2길 13-1,127.1533074,35.83167753,['인후1동'],['5211354000']
전북특별자치도 전주시 완산구 인정4길 14,127.1215297,35.82048084,['중화산2동'],['5211167200']
전북특별자치도 전주시 덕진구 월방1길 12-5,127.0692453,35.83379365,['혁신동'],['5211367000']
전북특별자치도 전주시 덕진구 가재미로 26,127.1631784,35.82733742,['인후3동'],['5211356000']
전북특별자치도 전주시 덕진구 심방죽6길 7,127.1510438,35.84079743,['인후2동'],['5211355000']
전북특별자치도 전주시 완산구 한두평3길 18-3,127.1251363,35.81457235,['중화산1동'],['5211167100']
전북특별자치도 전주시 덕진구 만성북1길 5-1,127.077541,35.84910122,['혁신동'],['5211367000']
전북특별자치도 전주시 덕진구 두현길 24,127.0740698,35.83131105,['혁신동'],['5211367000']
전북특별자치도 전주시 덕진구 만성남로 28-7,127.0717261,35.83951437,['혁신동'],['5211367000']
전북특별자치도 전주시 덕진구 금암6길 23,127.1365326,35.83894577,['금암1동'],['5211358000']
,,,['NaN'],['NaN']
전북특별자치도 전주시 덕진구 도당산4길 61-10,127.1550171,35.84531208,['우아1동'],['5211361100']
,,,['NaN'],['NaN']
전북특별자치도 전주시 덕진구 만성남2길 22,127.0718681,35.83896948,['혁신동'],['5211367000']
전북특별자치도 전주시 덕진구 오정1길 22,127.0597786,35.83416509,['혁신동'],['5211367000']
전북특별자치도 전주시 완산구 강당1길 34,127.1331996,35.81110005,['완산동'],['5211163500']
전북특별자치도 전주시 완산구 봉곡로 6,127.0944172,35.81166671,['효자4동'],['5211171400']
전북특별자치도 전주시 덕진구 만성남4길 4,127.0718509,35.84050271,['혁신동'],['5211367000']
전북특별자치도 전주시 덕진구 삼송3길 36,127.1367968,35.84402729,['금암1동'],['5211358000']
전북특별자치도 전주시 덕진구 떡전로 11-8,127.1272467,35.83562942,['덕진동'],['5211357000']
전북특별자치도 전주시 덕진구 가재미로 30,127.1630413,35.8276982,['인후3동'],['5211356000']
전북특별자치도 전주시 덕진구 건지4길 10,127.1457922,35.84550802,['인후2동'],['5211355000']
전북특별자치도 전주시 완산구 서곡7길 4,127.1021154,35.83220203,['효자5동'],['5211173000']
전북특별자치도 전주시 완산구 평화6길 4-3,127.1343365,35.78842715,['평화2동'],['5211169200']
전북특별자치도 전주시 완산구 서신천변로 6,127.11447,35.82580331,['서신동'],['5211168000']
전북특별자치도 전주시 완산구 덕적골3길 18-12,127.1442189,35.79887352,['평화1동'],['5211169100']
전북특별자치도 전주시 덕진구 건지1길 11-1,127.1396756,35.84391421,['금암2동'],['5211359000']
전북특별자치도 전주시 덕진구 정언신로 71,127.1617815,35.83074859,['인후3동'],['5211356000']
전북특별자치도 전주시 완산구 관선3길 15-32,127.1544253,35.82221631,['노송동'],['5211160500']
전북특별자치도 전주시 완산구 덕적골3길 18-10,127.1442801,35.79877278,['평화1동'],['5211169100']
전북특별자치도 전주시 덕진구 권삼득로 293-1,127.1291601,35.84243349,['금암1동'],['5211358000']
전북특별자치도 전주시 덕진구 만성북1길 26,127.0758859,35.84977173,['혁신동'],['5211367000']
전북특별자치도 전주시 완산구 중산6길 10,127.1212237,35.81681284,['중화산2동'],['5211167200']
전북특별자치도 전주시 덕진구 만성남2길 19,127.0717722,35.83929579,['혁신동'],['5211367000']
전북특별자치도 전주시 완산구 메너머2길 29-8,127.1193592,35.82183103,['중화산2동'],['5211167200']
전북특별자치도 전주시 덕진구 도당산4길 49-20,127.1562236,35.84533341,['우아1동'],['5211361100']
전북특별자치도 전주시 덕진구 팽나무4길 26-8,127.153795,35.83427479,['인후1동'],['5211354000']
전북특별자치도 전주시 덕진구 만성남로 24-4,127.0712447,35.84008074,['혁신동'],['5211367000']
전북특별자치도 전주시 덕진구 월방5길 6,127.0719288,35.83459068,['혁신동'],['5211367000']
전북특별자치도 전주시 덕진구 송천로 76,127.1175265,35.86023991,['송천2동'],['5211364200']
전북특별자치도 전주시 덕진구 인후2길 12-17,127.153603,35.83140164,['인후1동'],['5211354000']
전북특별자치도 전주시 덕진구 인후2길 12-13,127.153769,35.83144298,['인후1동'],['5211354000']
전북특별자치도 전주시 완산구 서곡로 79,127.1017058,35.83594485,['효자5동'],['5211173000']
전북특별자치도 전주시 덕진구 두현길 58-8,127.0754464,35.83259079,['혁신동'],['5211367000']
전북특별자치도 전주시 덕진구 명주5길 19-14,127.1515832,35.8443158,['인후2동'],['5211355000']
전북특별자치도 전주시 완산구 고사평로 26,127.1099155,35.83620692,['서신동'],['5211168000']
전북특별자치도 전주시 덕진구 두현길 62-1,127.0747493,35.83211419,['혁신동'],['5211367000']
전북특별자치도 전주시 완산구 우전2길 28,127.1075553,35.80692333,['효자4동'],['5211171400']
전북특별자치도 전주시 완산구 한절길 83,127.0905248,35.80430531,['효자4동'],['5211171400']
전북특별자치도 전주시 덕진구 들사평3길 16-12,127.122106,35.84030723,['덕진동'],['5211357000']
전북특별자치도 전주시 덕진구 월방6길 3-1,127.0720107,35.83562041,['혁신동'],['5211367000']
전북특별자치도 전주시 완산구 인정4길 14-1,127.1216917,35.82048528,['중화산2동'],['5211167200']
전북특별자치도 전주시 완산구 마당재2길 34-40,127.1595618,35.82153852,['노송동'],['5211160500']
전북특별자치도 전주시 덕진구 만성로 66,127.0731977,35.83752315,['혁신동'],['5211367000']
전북특별자치도 전주시 완산구 흑석로 33-8,127.1510635,35.80086619,['서서학동'],['5211166000']
전북특별자치도 전주시 완산구 흑석로 37,127.1509046,35.80086468,['서서학동'],['5211166000']
전북특별자치도 전주시 완산구 메너머3길 21-7,127.1204615,35.82315956,['중화산2동'],['5211167200']
전북특별자치도 전주시 덕진구 월방4길 15-12,127.0722726,35.83421077,['혁신동'],['5211367000']
전북특별자치도 전주시 완산구 오두정2길 19,127.1177023,35.80796145,['효자2동'],['5211171200']
전북특별자치도 전주시 덕진구 만성북1길 46,127.0748425,35.84885643,['혁신동'],['5211367000']
전북특별자치도 전주시 덕진구 어은골1길 21,127.1287814,35.82572205,['진북동'],['5211352500']
전북특별자치도 전주시 덕진구 건산1길 7-7,127.1411992,35.8310632,['진북동'],['5211352500']
전북특별자치도 전주시 덕진구 아중7길 13-1,127.1718844,35.83292219,['우아2동'],['5211361200']
전북특별자치도 전주시 덕진구 도당산2길 21,127.1555691,35.84570774,['우아1동'],['5211361100']
전북특별자치도 전주시 덕진구 숲정이3길 18-5,127.1319846,35.83053905,['진북동'],['5211352500']
전북특별자치도 전주시 완산구 메너머2길 33-12,127.118946,35.82139803,['중화산2동'],['5211167200']
전북특별자치도 전주시 덕진구 아중천2길 41-3,127.1714482,35.83611047,['우아2동'],['5211361200']
전북특별자치도 전주시 완산구 장승배기로 32-13,127.116503,35.79140488,['삼천3동'],['5211170300']
전북특별자치도 전주시 완산구 흑석1길 22,127.1500205,35.80096141,['서서학동'],['5211166000']
전북특별자치도 전주시 덕진구 월방1길 7,127.0696509,35.83311747,['혁신동'],['5211367000']
전북특별자치도 전주시 덕진구 만성북2길 7,127.0758576,35.84922405,['혁신동'],['5211367000']
전북특별자치도 전주시 덕진구 명주2길 22-4,127.1463279,35.84298458,['인후2동'],['5211355000']
전북특별자치도 전주시 덕진구 만성남5길 8-11,127.0732752,35.84049996,['혁신동'],['5211367000']
전북특별자치도 전주시 덕진구 만성남로 30,127.0719818,35.83992411,['혁신동'],['5211367000']
전북특별자치도 전주시 완산구 고사평1길 8-3,127.108651,35.83510736,['서신동'],['5211168000']
전북특별자치도 전주시 덕진구 명주5길 17-1,127.1508923,35.8444359,['인후2동'],['5211355000']
전북특별자치도 전주시 덕진구 만성남2길 28,127.0724644,35.83868874,['혁신동'],['5211367000']
전북특별자치도 전주시 덕진구 안덕원1길 8,127.165112,35.84284587,['우아2동'],['5211361200']
전북특별자치도 전주시 덕진구 월방7길 23-3,127.0743868,35.83542834,['혁신동'],['5211367000']
전북특별자치도 전주시 덕진구 월방6길 3-12,127.0727535,35.83533832,['혁신동'],['5211367000']
전북특별자치도 전주시 덕진구 만성북1길 32,127.0752915,35.84959555,['혁신동'],['5211367000']
전북특별자치도 전주시 덕진구 인후1길 27,127.154423,35.83251401,['인후1동'],['5211354000']
전북특별자치도 전주시 덕진구 월방3길 24,127.0687883,35.83480503,['혁신동'],['5211367000']
전북특별자치도 전주시 완산구 서곡3길 24-5,127.099833,35.83723828,['효자5동'],['5211173000']
전북특별자치도 전주시 덕진구 가리내8길 10,127.1108206,35.84359378,['덕진동'],['5211357000']
전북특별자치도 전주시 완산구 장승배기로 416,127.1540916,35.8064673,['동서학동'],['5211165000']
전북특별자치도 전주시 완산구 신촌1길 8,127.1177593,35.81375542,['중화산2동'],['5211167200']
전북특별자치도 전주시 완산구 우전2길 34,127.1074807,35.80742558,['효자4동'],['5211171400']
전북특별자치도 전주시 덕진구 만성남1길 20,127.0706854,35.84176309,['혁신동'],['5211367000']
전북특별자치도 전주시 덕진구 우아10길 22,127.1576637,35.85231527,['우아1동'],['5211361100']
전북특별자치도 전주시 덕진구 심방죽로 51-1,127.1512301,35.84069148,['인후2동'],['5211355000']
전북특별자치도 전주시 덕진구 금암5길 25-3,127.1350973,35.83927157,['금암1동'],['5211358000']
전북특별자치도 전주시 덕진구 만성남2길 30,127.0725935,35.83864198,['혁신동'],['5211367000']
,,,['NaN'],['NaN']
전북특별자치도 전주시 덕진구 월방7길 6,127.0727327,35.83585277,['혁신동'],['5211367000']
전북특별자치도 전주시 덕진구 팔달로 341-3,127.1382941,35.8306383,['진북동'],['5211352500']
전북특별자치도 전주시 덕진구 가리내8길 10-4,127.1108112,35.84375836,['덕진동'],['5211357000']
전북특별자치도 전주시 덕진구 만성남1길 64,127.0738286,35.84044716,['혁신동'],['5211367000']
전북특별자치도 전주시 완산구 배학4길 42,127.100604,35.82064086,['효자5동'],['5211173000']
전북특별자치도 전주시 덕진구 만성남8길 5,127.0730745,35.83917243,['혁신동'],['5211367000']
전북특별자치도 전주시 완산구 신촌1길 8-3,127.1175041,35.81385661,['중화산2동'],['5211167200']
전북특별자치도 전주시 완산구 신촌1길 8-2,127.1176232,35.81380504,['중화산2동'],['5211167200']
전북특별자치도 전주시 덕진구 월방8길 3-19,127.0741915,35.83704713,['혁신동'],['5211367000']
전북특별자치도 전주시 덕진구 만성남5길 8-13,127.0734246,35.84044137,['혁신동'],['5211367000']
전북특별자치도 전주시 덕진구 물왕멀로 87,127.1529018,35.82985526,['인후1동'],['5211354000']
전북특별자치도 전주시 완산구 밤나무1길 15-30,127.1164932,35.80790305,['효자2동'],['5211171200']
전북특별자치도 전주시 덕진구 금암3길 12-10,127.1378961,35.84160012,['금암1동'],['5211358000']
전북특별자치도 전주시 덕진구 매봉6길 13,127.1398452,35.84075745,['금암2동'],['5211359000']
전북특별자치도 전주시 덕진구 금암5길 25-1,127.1352808,35.83927921,['금암1동'],['5211358000']
전북특별자치도 전주시 덕진구 가련산로 26-11,127.1123134,35.8414566,['덕진동'],['5211357000']
전북특별자치도 전주시 완산구 효자로 52-2,127.091195,35.81821091,['효자4동'],['5211171400']
전북특별자치도 전주시 덕진구 붓내5길 20,127.1232967,35.86908146,['송천1동'],['5211364100']
전북특별자치도 전주시 완산구 우전2길 30,127.1077459,35.80696488,['효자4동'],['5211171400']
전북특별자치도 전주시 덕진구 금암6길 15,127.1360551,35.83832029,['금암1동'],['5211358000']
전북특별자치도 전주시 덕진구 금암6길 38,127.1371651,35.83993129,['금암1동'],['5211358000']
전북특별자치도 전주시 덕진구 만성북2길 15,127.0764313,35.84897089,['혁신동'],['5211367000']
전북특별자치도 전주시 덕진구 만성북1길 13,127.0765449,35.84916233,['혁신동'],['5211367000']
전북특별자치도 전주시 덕진구 만성남로 28,127.0717166,35.8400326,['혁신동'],['5211367000']
전북특별자치도 전주시 덕진구 오정1길 15,127.0602921,35.83483087,['혁신동'],['5211367000']
전북특별자치도 전주시 덕진구 매봉6길 15-1,127.1395512,35.84066226,['금암2동'],['5211359000']
전북특별자치도 전주시 덕진구 만성남2길 7,127.0709787,35.83992038,['혁신동'],['5211367000']
전북특별자치도 전주시 완산구 전룡로 52-3,127.1190976,35.82660175,['서신동'],['5211168000']
전북특별자치도 전주시 완산구 봉곡2길 28,127.0944388,35.81264114,['효자4동'],['5211171400']
전북특별자치도 전주시 덕진구 만성남로 22,127.071188,35.8402448,['혁신동'],['5211367000']
전북특별자치도 전주시 덕진구 만성남로 26,127.0715847,35.84009442,['혁신동'],['5211367000']
전북특별자치도 전주시 덕진구 월방1길 12-7,127.069309,35.83394863,['혁신동'],['5211367000']
전북특별자치도 전주시 덕진구 월방8길 25-24,127.0745962,35.83681651,['혁신동'],['5211367000']
전북특별자치도 전주시 덕진구 만성북1길 30,127.0753712,35.84974294,['혁신동'],['5211367000']
전북특별자치도 전주시 완산구 오두정2길 11-6,127.1185147,35.80779761,['효자2동'],['5211171200']
전북특별자치도 전주시 덕진구 가리내3길 15,127.1098073,35.84635094,['덕진동'],['5211357000']
전북특별자치도 전주시 덕진구 만성남6길 7,127.0721715,35.83939685,['혁신동'],['5211367000']
전북특별자치도 전주시 완산구 봉곡1길 11,127.0981954,35.813354,['효자4동'],['5211171400']
전북특별자치도 전주시 덕진구 만성북1길 20,127.0762843,35.84962205,['혁신동'],['5211367000']
전북특별자치도 전주시 덕진구 모래내3길 39,127.1419254,35.8368751,['금암2동'],['5211359000']
전북특별자치도 전주시 덕진구 인교5길 16-1,127.1740691,35.82725671,['우아2동'],['5211361200']
전북특별자치도 전주시 덕진구 숲정이2길 35-3,127.1300756,35.83154125,['진북동'],['5211352500']
전북특별자치도 전주시 완산구 고사평4길 12-4,127.1105513,35.83518863,['서신동'],['5211168000']
전북특별자치도 전주시 덕진구 숲정이4길 5-16,127.1325202,35.82924335,['진북동'],['5211352500']
전북특별자치도 전주시 덕진구 매봉6길 15,127.1397019,35.84071571,['금암2동'],['5211359000']
전북특별자치도 전주시 완산구 백마산길 54,127.0875837,35.81659827,['효자4동'],['5211171400']
전북특별자치도 전주시 완산구 배학2길 4-1,127.0974889,35.81871113,['효자5동'],['5211173000']
전북특별자치도 전주시 완산구 용호로 133,127.0968042,35.81503733,['효자5동'],['5211173000']
전북특별자치도 전주시 덕진구 만성남7길 8,127.0723228,35.83933512,['혁신동'],['5211367000']
전북특별자치도 전주시 덕진구 만성남8길 7,127.0729995,35.83905351,['혁신동'],['5211367000']
전북특별자치도 전주시 덕진구 만성북1길 27,127.0755876,35.84956445,['혁신동'],['5211367000']
전북특별자치도 전주시 덕진구 만성북2길 1,127.0754843,35.84938471,['혁신동'],['5211367000']
전북특별자치도 전주시 완산구 구이로 2076-1,127.1301392,35.7831198,['평화2동'],['5211169200']
전북특별자치도 전주시 덕진구 월방5길 18-5,127.0727835,35.83373063,['혁신동'],['5211367000']
전북특별자치도 전주시 덕진구 만성남1길 58,127.0733681,35.84063437,['혁신동'],['5211367000']
전북특별자치도 전주시 덕진구 건지3길 10-1,127.1443114,35.84507577,['인후2동'],['5211355000']
전북특별자치도 전주시 완산구 용호로 123,127.0968197,35.81429171,['효자5동'],['5211173000']
전북특별자치도 전주시 덕진구 금암1길 24,127.1344339,35.83906737,['금암1동'],['5211358000']
전북특별자치도 전주시 덕진구 만성남1길 62,127.0736555,35.84051225,['혁신동'],['5211367000']
전북특별자치도 전주시 덕진구 만성북1길 7,127.0771042,35.84894315,['혁신동'],['5211367000']
전북특별자치도 전주시 덕진구 권삼득로 235-17,127.1327663,35.83879182,['금암1동'],['5211358000']
전북특별자치도 전주시 완산구 밤나무2길 19-6,127.1178527,35.80876613,['효자2동'],['5211171200']
,,,['NaN'],['NaN']
전북특별자치도 전주시 완산구 강당4길 8,127.1340221,35.81313049,['중화산1동'],['5211167100']
전북특별자치도 전주시 덕진구 만성북3길 15,127.0761634,35.84853647,['혁신동'],['5211367000']
,,,['NaN'],['NaN']
전북특별자치도 전주시 덕진구 금암2길 7,127.1345955,35.84070297,['금암1동'],['5211358000']
,,,['NaN'],['NaN']
전북특별자치도 전주시 덕진구 틀못4길 42-39,127.0613398,35.84477346,['혁신동'],['5211367000']
전북특별자치도 전주시 덕진구 월방2길 6,127.0710866,35.83279515,['혁신동'],['5211367000']
전북특별자치도 전주시 완산구 평화8길 11-8,127.1339667,35.78868533,['평화2동'],['5211169200']
전북특별자치도 전주시 덕진구 월방7길 3-3,127.0725086,35.83640483,['혁신동'],['5211367000']
전북특별자치도 전주시 덕진구 만성남2길 26-1,127.0723246,35.83874632,['혁신동'],['5211367000']
전북특별자치도 전주시 완산구 평화8길 11-10,127.1338296,35.78857841,['평화2동'],['5211169200']
전북특별자치도 전주시 덕진구 들사평로 41,127.1241115,35.83996288,['덕진동'],['5211357000']
전북특별자치도 전주시 덕진구 만성남8길 10,127.0726595,35.83904327,['혁신동'],['5211367000']
전북특별자치도 전주시 덕진구 권삼득로 217-9,127.1346491,35.8371196,['금암1동'],['5211358000']
전북특별자치도 전주시 덕진구 만성북4길 7,127.0749455,35.84846631,['혁신동'],['5211367000']
전북특별자치도 전주시 덕진구 들사평3길 27,127.1238876,35.83998708,['덕진동'],['5211357000']
전북특별자치도 전주시 덕진구 들사평1길 21-2,127.1217752,35.83871495,['덕진동'],['5211357000']
전북특별자치도 전주시 덕진구 들사평4길 22-1,127.1240364,35.84084664,['덕진동'],['5211357000']
전북특별자치도 전주시 덕진구 인후5길 11,127.1578374,35.83033276,['인후3동'],['5211356000']
전북특별자치도 전주시 완산구 장승배기1길 9,127.1398109,35.7990323,['평화1동'],['5211169100']
전북특별자치도 전주시 완산구 장승배기1길 11,127.1396007,35.79887276,['평화1동'],['5211169100']
,127.1181501,35.80862132,['효자2동'],['5211171200']
전북특별자치도 전주시 덕진구 매봉16길 25,127.1407545,35.83728664,['금암2동'],['5211359000']
전북특별자치도 전주시 덕진구 만성남5길 8-19,127.0737562,35.84030868,['혁신동'],['5211367000']
전북특별자치도 전주시 덕진구 만성남9길 8,127.0731446,35.83898809,['혁신동'],['5211367000']
전북특별자치도 전주시 덕진구 두현길 53,127.0751221,35.8315851,['혁신동'],['5211367000']
,,,['NaN'],['NaN']
전북특별자치도 전주시 덕진구 금암1길 30-8,127.1343865,35.83844105,['금암1동'],['5211358000']
전북특별자치도 전주시 덕진구 산정2길 12,127.1695051,35.8373639,['우아2동'],['5211361200']
전북특별자치도 전주시 덕진구 붓내1길 23,127.1240985,35.86452642,['송천1동'],['5211364100']
전북특별자치도 전주시 덕진구 들사평로 39,127.1239904,35.83986431,['덕진동'],['5211357000']
전북특별자치도 전주시 완산구 관선4길 4,127.1543035,35.82284915,['노송동'],['5211160500']
전북특별자치도 전주시 완산구 만지길 15-12,127.0890167,35.82182516,['효자5동'],['5211173000']
전북특별자치도 전주시 덕진구 금암4길 7,127.1381507,35.84037484,['금암1동'],['5211358000']
전북특별자치도 전주시 덕진구 만성중앙로 17-131,127.0737589,35.84600634,['혁신동'],['5211367000']
전북특별자치도 전주시 완산구 하거마2길 36-8,127.1176767,35.79366392,['삼천2동'],['5211170200']
전북특별자치도 전주시 완산구 솟대1길 52-4,127.1207069,35.79351717,['삼천2동'],['5211170200']
전북특별자치도 전주시 완산구 우전2길 30-1,127.1075226,35.80710451,['효자4동'],['5211171400']
전북특별자치도 전주시 덕진구 매봉1길 3,127.1407771,35.84244153,['금암2동'],['5211359000']
전북특별자치도 전주시 덕진구 명주3길 25-1,127.1484384,35.8429928,['인후2동'],['5211355000']
전북특별자치도 전주시 덕진구 명주5길 13-14,127.1512583,35.84480072,['인후2동'],['5211355000']
전북특별자치도 전주시 완산구 꽃밭정2길 9,127.1337115,35.79737569,['평화2동'],['5211169200']
전북특별자치도 전주시 덕진구 모래내1길 20,127.138837,35.83441305,['금암2동'],['5211359000']
전북특별자치도 전주시 덕진구 거북바우로 130,127.1497188,35.84258033,['인후2동'],['5211355000']
전북특별자치도 전주시 완산구 서신천변2길 7-1,127.1149092,35.82679761,['서신동'],['5211168000']
전북특별자치도 전주시 덕진구 인교8길 18,127.1744344,35.82629886,['우아2동'],['5211361200']
전북특별자치도 전주시 완산구 새터로 37,127.1107117,35.83587506,['서신동'],['5211168000']
,,,['NaN'],['NaN']
전북특별자치도 전주시 덕진구 만성중앙로 17-121,127.0746057,35.84565162,['혁신동'],['5211367000']
전북특별자치도 전주시 완산구 관선4길 39,127.1562792,35.82256676,['노송동'],['5211160500']
전북특별자치도 전주시 완산구 강당2길 56,127.1333804,35.81319826,['중화산1동'],['5211167100']
전북특별자치도 전주시 덕진구 만성중앙로 17-101,127.0736188,35.84581671,['혁신동'],['5211367000']
전북특별자치도 전주시 덕진구 인교8길 16,127.174246,35.82636177,['우아2동'],['5211361200']
전북특별자치도 전주시 덕진구 도당산로 7-2,127.1547667,35.84451759,['우아1동'],['5211361100']
전북특별자치도 전주시 덕진구 견훤로 150,127.1614088,35.82546501,['인후3동'],['5211356000']
전북특별자치도 전주시 완산구 용머리로 29-26,127.1139096,35.80770923,['효자3동'],['5211171300']
전북특별자치도 전주시 덕진구 와룡3길 29,127.1092756,35.86603609,['송천2동'],['5211364200']
전북특별자치도 전주시 완산구 선너머2길 25-1,127.128229,35.81414911,['중화산1동'],['5211167100']
전북특별자치도 전주시 덕진구 와룡3길 27,127.1094134,35.86589014,['송천2동'],['5211364200']
전북특별자치도 전주시 덕진구 권삼득로 217-7,127.134558,35.83723957,['금암1동'],['5211358000']
전북특별자치도 전주시 덕진구 여암2길 29-1,127.0745448,35.86992904,['여의동'],['5211366500']
전북특별자치도 전주시 덕진구 솔내7길 17-10,127.1232159,35.86038706,['송천1동'],['5211364100']
전북특별자치도 전주시 덕진구 조경단로 30-1,127.1378049,35.83708754,['금암2동'],['5211359000']
,,,['NaN'],['NaN']
전북특별자치도 전주시 완산구 마당재3길 15,127.1598116,35.8217371,['노송동'],['5211160500']
전북특별자치도 전주시 완산구 선너머2길 27,127.1280699,35.81410683,['중화산1동'],['5211167100']
전북특별자치도 전주시 완산구 꽃밭정4길 21-2,127.1344889,35.79842534,['평화2동'],['5211169200']
전북특별자치도 전주시 덕진구 반태산3길 32,127.1497381,35.83059467,['인후2동'],['5211355000']
전북특별자치도 전주시 완산구 꽃밭정4길 21,127.1344356,35.79818395,['평화2동'],['5211169200']
전북특별자치도 전주시 완산구 배학4길 9,127.0978019,35.81995561,['효자5동'],['5211173000']
전북특별자치도 전주시 덕진구 우아1길 23,127.1545471,35.84780286,['우아1동'],['5211361100']
전북특별자치도 전주시 덕진구 만성남로 40,127.0729623,35.83953292,['혁신동'],['5211367000']
전북특별자치도 전주시 덕진구 만성북3길 23,127.0767335,35.84831908,['혁신동'],['5211367000']
전북특별자치도 전주시 완산구 강당4길 10,127.134097,35.81301063,['중화산1동'],['5211167100']
전북특별자치도 전주시 완산구 대동로 55,127.1418862,35.82232982,['중앙동'],['5211151000']
전북특별자치도 전주시 덕진구 도당산2길 23,127.1556215,35.84560259,['우아1동'],['5211361100']
전북특별자치도 전주시 완산구 평화6길 8-1,127.1342007,35.78835394,['평화2동'],['5211169200']
전북특별자치도 전주시 완산구 화산천변6길 11-3,127.115061,35.82108447,['중화산2동'],['5211167200']
전북특별자치도 전주시 덕진구 호반2길 5,127.1186555,35.84955929,['덕진동'],['5211357000']
전북특별자치도 전주시 덕진구 만성북4길 33,127.0767089,35.84776095,['혁신동'],['5211367000']
전북특별자치도 전주시 덕진구 월방4길 3,127.0712211,35.83424745,['혁신동'],['5211367000']
전북특별자치도 전주시 덕진구 진버들6길 30-24,127.1668001,35.83757317,['우아2동'],['5211361200']
전북특별자치도 전주시 완산구 메너머1길 14-6,127.1213923,35.82139603,['중화산2동'],['5211167200']
전북특별자치도 전주시 덕진구 월방8길 25-22,127.0747316,35.83672558,['혁신동'],['5211367000']
전북특별자치도 전주시 완산구 전룡4길 15,127.1193217,35.82662983,['서신동'],['5211168000']
전북특별자치도 전주시 완산구 메너머1길 14-8,127.1213862,35.8215762,['중화산2동'],['5211167200']
전북특별자치도 전주시 덕진구 건산로 112-1,127.1493555,35.83270066,['인후2동'],['5211355000']
전북특별자치도 전주시 완산구 완산2길 10,127.1399265,35.81112423,['완산동'],['5211163500']
전북특별자치도 전주시 완산구 화산천변3길 16,127.1144434,35.82058946,['중화산2동'],['5211167200']
전북특별자치도 전주시 덕진구 반태산3길 30,127.1495872,35.83057665,['인후2동'],['5211355000']
전북특별자치도 전주시 완산구 신촌1길 3,127.1178235,35.81342658,['중화산2동'],['5211167200']
전북특별자치도 전주시 완산구 황학2길 12-12,127.157961,35.80779002,['동서학동'],['5211165000']
전북특별자치도 전주시 완산구 평화6길 21-1,127.1326853,35.78800107,['평화2동'],['5211169200']
전북특별자치도 전주시 완산구 평화6길 21,127.1327605,35.78824469,['평화2동'],['5211169200']
전북특별자치도 전주시 덕진구 만성북2길 5,127.075739,35.84928027,['혁신동'],['5211367000']
전북특별자치도 전주시 덕진구 와룡3길 21-10,127.1097363,35.86577836,['송천2동'],['5211364200']
전북특별자치도 전주시 덕진구 명주2길 10-6,127.1457096,35.84393228,['인후2동'],['5211355000']
전북특별자치도 전주시 완산구 후곡길 31-9,127.0949934,35.81108359,['효자4동'],['5211171400']
전북특별자치도 전주시 덕진구 솔내2길 72,127.1244636,35.85765263,['송천1동'],['5211364100']
전북특별자치도 전주시 덕진구 만성북1길 25,127.0757055,35.8494957,['혁신동'],['5211367000']
전북특별자치도 전주시 완산구 오두정2길 21,127.1174942,35.80798427,['효자2동'],['5211171200']
전북특별자치도 전주시 덕진구 권삼득로 220-11,127.1350085,35.83798215,['금암1동'],['5211358000']
전북특별자치도 전주시 덕진구 화암2길 25-9,127.1394109,35.87097351,['송천1동'],['5211364100']
전북특별자치도 전주시 덕진구 만성중앙로 17-75,127.0734552,35.84559429,['혁신동'],['5211367000']
전북특별자치도 전주시 완산구 메너머1길 14-23,127.1210766,35.82158832,['중화산2동'],['5211167200']
전북특별자치도 전주시 완산구 서곡4길 10,127.1026093,35.83516107,['효자5동'],['5211173000']
전북특별자치도 전주시 덕진구 건지2길 13-14,127.1406493,35.84449024,['금암2동'],['5211359000']
전북특별자치도 전주시 덕진구 만성중앙로 17-51,127.073515,35.84536696,['혁신동'],['5211367000']
전북특별자치도 전주시 덕진구 화암5길 40,127.139292,35.87532345,['호성동'],['5211362000']
전북특별자치도 전주시 덕진구 아중중앙로 46-1,127.1711901,35.8323388,['우아2동'],['5211361200']
전북특별자치도 전주시 덕진구 만성북2길 28,127.0771157,35.8483731,['혁신동'],['5211367000']
전북특별자치도 전주시 덕진구 심방죽로 47,127.1513061,35.84018794,['인후2동'],['5211355000']
전북특별자치도 전주시 덕진구 만성중앙로 17-99,127.0738108,35.84573593,['혁신동'],['5211367000']
전북특별자치도 전주시 덕진구 월방1길 16-7,127.0688564,35.83403208,['혁신동'],['5211367000']
전북특별자치도 전주시 완산구 인정4길 12-3,127.1215252,35.82022192,['중화산2동'],['5211167200']
전북특별자치도 전주시 덕진구 만성북2길 20,127.0765716,35.84861408,['혁신동'],['5211367000']
전북특별자치도 전주시 덕진구 들사평2길 22-3,127.122173,35.83910578,['덕진동'],['5211357000']
전북특별자치도 전주시 덕진구 한배미1길 27,127.165181,35.82365719,['인후3동'],['5211356000']
전북특별자치도 전주시 덕진구 만성남1길 50,127.0728021,35.84087228,['혁신동'],['5211367000']
전북특별자치도 전주시 덕진구 기린대로 364-23,127.1337517,35.83707446,['금암1동'],['5211358000']
전북특별자치도 전주시 완산구 화산천변3길 16-3,127.1143411,35.82076242,['중화산2동'],['5211167200']
전북특별자치도 전주시 덕진구 틀못4길 42-19,127.0620524,35.84482555,['혁신동'],['5211367000']
전북특별자치도 전주시 덕진구 만성중앙로 17-93,127.0743323,35.84551724,['혁신동'],['5211367000']
전북특별자치도 전주시 덕진구 하가1길 65,127.1124143,35.84440551,['덕진동'],['5211357000']
전북특별자치도 전주시 덕진구 만성북1길 24,127.0760244,35.84972973,['혁신동'],['5211367000']
전북특별자치도 전주시 덕진구 솔내1길 49-9,127.1233543,35.85552267,['송천1동'],['5211364100']
전북특별자치도 전주시 완산구 서곡5길 13-16,127.1006971,35.83724919,['효자5동'],['5211173000']
전북특별자치도 전주시 덕진구 한배미4길 17-1,127.1654258,35.82378429,['인후3동'],['5211356000']
전북특별자치도 전주시 덕진구 무삼지2길 12,127.1620858,35.82646972,['인후3동'],['5211356000']
전북특별자치도 전주시 완산구 평화14길 30-3,127.1329712,35.79278944,['평화2동'],['5211169200']
전북특별자치도 전주시 완산구 황강서원5길 35,127.0994973,35.82938382,['효자5동'],['5211173000']
전북특별자치도 전주시 덕진구 전미로 45,127.1133143,35.87359179,['송천2동'],['5211364200']
전북특별자치도 전주시 덕진구 만성남로 28-4,127.07161,35.8398717,['혁신동'],['5211367000']
전북특별자치도 전주시 덕진구 화암로 19,127.1398602,35.87304686,['송천1동'],['5211364100']
전북특별자치도 전주시 완산구 평화14길 30-5,127.1330066,35.79293513,['평화2동'],['5211169200']
전북특별자치도 전주시 완산구 만지길 15-10,127.0892107,35.82176283,['효자5동'],['5211173000']
전북특별자치도 전주시 덕진구 인후2길 12-3,127.1537155,35.83165899,['인후1동'],['5211354000']
전북특별자치도 전주시 덕진구 정언신로 17-1,127.1559087,35.83002669,['인후3동'],['5211356000']
전북특별자치도 전주시 완산구 새터로 29,127.1101772,35.83608663,['서신동'],['5211168000']
전북특별자치도 전주시 덕진구 떡전로 21-4,127.1269259,35.83671081,['덕진동'],['5211357000']
전북특별자치도 전주시 덕진구 만성남6길 3,127.0723272,35.83964497,['혁신동'],['5211367000']
전북특별자치도 전주시 덕진구 반태산3길 28,127.1494285,35.83060668,['인후2동'],['5211355000']
전북특별자치도 전주시 완산구 평화14길 15-3,127.1345851,35.79178309,['평화2동'],['5211169200']
전북특별자치도 전주시 덕진구 만성남7길 7,127.0725892,35.83923645,['혁신동'],['5211367000']
전북특별자치도 전주시 덕진구 물왕멀로 89-4,127.1532131,35.82987568,['인후1동'],['5211354000']
전북특별자치도 전주시 덕진구 명주6길 19-11,127.1528559,35.8448836,['인후2동'],['5211355000']
전북특별자치도 전주시 완산구 중화산로 138-13,127.1191392,35.82284661,['중화산2동'],['5211167200']
전북특별자치도 전주시 덕진구 권삼득로 219-3,127.1344807,35.83736574,['금암1동'],['5211358000']
전북특별자치도 전주시 덕진구 인후3길 9,127.1540781,35.83024238,['인후1동'],['5211354000']
전북특별자치도 전주시 완산구 중산1길 12-4,127.119266,35.81473893,['중화산2동'],['5211167200']
전북특별자치도 전주시 완산구 평화14길 34-4,127.1327677,35.79282382,['평화2동'],['5211169200']
전북특별자치도 전주시 완산구 평화14길 34-6,127.1328034,35.79296789,['평화2동'],['5211169200']
전북특별자치도 전주시 덕진구 만성남9길 10,127.0730686,35.83887259,['혁신동'],['5211367000']
전북특별자치도 전주시 완산구 학봉1길 30-5,127.151199,35.80231084,['서서학동'],['5211166000']
전북특별자치도 전주시 완산구 꽃밭정4길 23,127.1346964,35.79828081,['평화2동'],['5211169200']
전북특별자치도 전주시 완산구 강당1길 26,127.1334392,35.81055678,['완산동'],['5211163500']
전북특별자치도 전주시 완산구 강당1길 26,127.1334392,35.81055678,['완산동'],['5211163500']
전북특별자치도 전주시 덕진구 만성남4길 3,127.0715865,35.84062264,['혁신동'],['5211367000']
전북특별자치도 전주시 완산구 기린대로 154-1,127.1515867,35.82229266,['노송동'],['5211160500']
전북특별자치도 전주시 완산구 우전2길 57-7,127.1064404,35.80919541,['효자4동'],['5211171400']
전북특별자치도 전주시 덕진구 만성남5길 8-5,127.0728519,35.84067533,['혁신동'],['5211367000']
전북특별자치도 전주시 덕진구 두현길 46-15,127.076304,35.83199146,['혁신동'],['5211367000']
전북특별자치도 전주시 덕진구 추천1길 19-6,127.1050954,35.84954091,['팔복동'],['5211360000']
전북특별자치도 전주시 덕진구 추천1길 17-1,127.105142,35.84889782,['팔복동'],['5211360000']
전북특별자치도 전주시 덕진구 추천1길 19-4,127.105308,35.849488,['팔복동'],['5211360000']
전북특별자치도 전주시 덕진구 추천1길 19-2,127.1053126,35.84930594,['팔복동'],['5211360000']
전북특별자치도 전주시 덕진구 추천1길 19-1,127.105429,35.84908017,['팔복동'],['5211360000']
전북특별자치도 전주시 덕진구 추천1길 19-3,127.1051489,35.84907554,['팔복동'],['5211360000']
전북특별자치도 전주시 덕진구 추천1길 19-5,127.1050849,35.84928064,['팔복동'],['5211360000']
전북특별자치도 전주시 덕진구 만성북3길 14,127.0758279,35.84833859,['혁신동'],['5211367000']
전북특별자치도 전주시 덕진구 추천1길 17,127.1053656,35.84892007,['팔복동'],['5211360000']
전북특별자치도 전주시 완산구 우전2길 32,127.1074843,35.80725127,['효자4동'],['5211171400']
전북특별자치도 전주시 덕진구 호반2길 3,127.1185103,35.84945714,['덕진동'],['5211357000']
전북특별자치도 전주시 완산구 백마산길 53,127.0875875,35.81639845,['효자4동'],['5211171400']
전북특별자치도 전주시 덕진구 들사평서로 20-5,127.1208409,35.83822642,['덕진동'],['5211357000']
전북특별자치도 전주시 덕진구 두현길 58,127.0751719,35.83200163,['혁신동'],['5211367000']
전북특별자치도 전주시 덕진구 가재미3길 5,127.1616313,35.82916591,['인후3동'],['5211356000']
전북특별자치도 전주시 덕진구 금암1길 32-5,127.1349365,35.83812211,['금암1동'],['5211358000']
전북특별자치도 전주시 덕진구 반촌8길 7-1,127.145819,35.83062193,['진북동'],['5211352500']
전북특별자치도 전주시 덕진구 반촌8길 7,127.145793,35.83077319,['진북동'],['5211352500']
전북특별자치도 전주시 덕진구 인교로 29,127.172078,35.82473947,['우아2동'],['5211361200']
전북특별자치도 전주시 덕진구 들사평2길 7-6,127.1217356,35.84029706,['덕진동'],['5211357000']
전북특별자치도 전주시 덕진구 금암4길 11,127.1380139,35.84028866,['금암1동'],['5211358000']
,,,['NaN'],['NaN']
,,,['NaN'],['NaN']
,,,['NaN'],['NaN']
전북특별자치도 전주시 덕진구 만성중앙로 17-123,127.0744419,35.84572229,['혁신동'],['5211367000']
전북특별자치도 전주시 덕진구 숲정이5길 69,127.128696,35.83369089,['진북동'],['5211352500']
전북특별자치도 전주시 덕진구 들사평2길 7-8,127.1216018,35.84039507,['덕진동'],['5211357000']
전북특별자치도 전주시 덕진구 아중천2길 23,127.1723608,35.83558147,['우아2동'],['5211361200']
전북특별자치도 전주시 덕진구 솔내로 21,127.1225253,35.85301343,['송천1동'],['5211364100']
전북특별자치도 전주시 덕진구 솔내로 19,127.1223631,35.85280252,['송천1동'],['5211364100']
전북특별자치도 전주시 덕진구 솔내로 19,127.1223631,35.85280252,['송천1동'],['5211364100']
전북특별자치도 전주시 완산구 평화6길 19,127.1330149,35.78823025,['평화2동'],['5211169200']
전북특별자치도 전주시 완산구 평화6길 19-1,127.1328985,35.78798533,['평화2동'],['5211169200']
전북특별자치도 전주시 완산구 견훤왕궁로 17-6,127.1521472,35.82229141,['노송동'],['5211160500']
전북특별자치도 전주시 완산구 평화18길 17-9,127.134719,35.79412236,['평화2동'],['5211169200']
전북특별자치도 전주시 덕진구 금암6길 33,127.1367922,35.83972569,['금암1동'],['5211358000']
전북특별자치도 전주시 덕진구 기린대로 400-43,127.1325578,35.83882765,['금암1동'],['5211358000']
전북특별자치도 전주시 덕진구 정언신로 19,127.1561113,35.82990863,['인후3동'],['5211356000']
전북특별자치도 전주시 완산구 덕적골3길 20,127.1449369,35.79832911,['평화1동'],['5211169100']
전북특별자치도 전주시 덕진구 만성북1길 34,127.075177,35.84945268,['혁신동'],['5211367000']
전북특별자치도 전주시 덕진구 만성남2길 9,127.0710892,35.83983416,['혁신동'],['5211367000']
전북특별자치도 전주시 덕진구 가재미로 72-1,127.1615382,35.83143477,['인후3동'],['5211356000']
전북특별자치도 전주시 덕진구 하가1길 67,127.112269,35.84434652,['덕진동'],['5211357000']
전북특별자치도 전주시 완산구 어은로 45-16,127.1276987,35.81887904,['중화산2동'],['5211167200']
전북특별자치도 전주시 완산구 어은로 45-13,127.1278933,35.81867442,['중화산2동'],['5211167200']
전북특별자치도 전주시 완산구 어은로 45-11,127.1278864,35.81851157,['중화산2동'],['5211167200']
전북특별자치도 전주시 덕진구 화암4길 5,127.139859,35.87246339,['송천1동'],['5211364100']
전북특별자치도 전주시 덕진구 매봉15길 9,127.1426047,35.83949128,['금암2동'],['5211359000']
전북특별자치도 전주시 덕진구 가재미로 81-1,127.1608159,35.83222578,['인후3동'],['5211356000']
전북특별자치도 전주시 덕진구 금암4길 14-1,127.1374011,35.84021077,['금암1동'],['5211358000']
전북특별자치도 전주시 완산구 어은로 45-9,127.1278363,35.8183649,['중화산2동'],['5211167200']
전북특별자치도 전주시 완산구 어은로 45-15,127.1276815,35.81867672,['중화산2동'],['5211167200']
전북특별자치도 전주시 완산구 어은로 45-14,127.12792,35.81885987,['중화산2동'],['5211167200']
전북특별자치도 전주시 덕진구 반태산3길 27-2,127.1495902,35.83087604,['인후2동'],['5211355000']
전북특별자치도 전주시 완산구 메너머3길 39-5,127.1186951,35.82332814,['중화산2동'],['5211167200']
전북특별자치도 전주시 덕진구 반태산3길 27-1,127.1493608,35.83077899,['인후2동'],['5211355000']
전북특별자치도 전주시 덕진구 들사평2길 12,127.1214516,35.83985636,['덕진동'],['5211357000']
전북특별자치도 전주시 덕진구 가재미로 81-1,127.1608159,35.83222578,['인후3동'],['5211356000']
전북특별자치도 전주시 덕진구 명륜1길 13-2,127.1298411,35.84104915,['금암1동'],['5211358000']
전북특별자치도 전주시 덕진구 하가로 52,127.1116824,35.84686067,['덕진동'],['5211357000']
전북특별자치도 전주시 덕진구 호성1길 11,127.1549922,35.8558413,['우아1동'],['5211361100']
전북특별자치도 전주시 완산구 효천남6길 7,127.1061283,35.79555137,['삼천3동'],['5211170300']
전북특별자치도 전주시 완산구 메너머4길 33-1,127.1190712,35.8248217,['중화산2동'],['5211167200']
전북특별자치도 전주시 덕진구 월방3길 3,127.0704683,35.83424357,['혁신동'],['5211367000']
전북특별자치도 전주시 완산구 견훤로 119,127.1611951,35.8226348,['노송동'],['5211160500']
전북특별자치도 전주시 완산구 따박골8길 13,127.1292671,35.81056052,['중화산1동'],['5211167100']
전북특별자치도 전주시 덕진구 기린대로 364-31,127.1332468,35.8375827,['금암1동'],['5211358000']
전북특별자치도 전주시 완산구 따박골8길 15,127.1293521,35.81041145,['중화산1동'],['5211167100']
전북특별자치도 전주시 완산구 메너머2길 25,127.1200263,35.82229452,['중화산2동'],['5211167200']
전북특별자치도 전주시 완산구 메너머2길 37-2,127.1184532,35.82231915,['중화산2동'],['5211167200']
,127.0742685,35.84506818,['혁신동'],['5211367000']
전북특별자치도 전주시 완산구 범안2길 7,127.1082121,35.81313252,['효자4동'],['5211171400']
전북특별자치도 전주시 완산구 따박골8길 11,127.1291946,35.81071138,['중화산1동'],['5211167100']
전북특별자치도 전주시 완산구 양지2길 6-20,127.1209305,35.79241371,['삼천2동'],['5211170200']
전북특별자치도 전주시 덕진구 진버들1길 28,127.1594805,35.83688526,['인후3동'],['5211356000']
전북특별자치도 전주시 완산구 평화7길 7,127.13582,35.78808003,['평화2동'],['5211169200']
전북특별자치도 전주시 완산구 배학4길 6,127.0975422,35.81978638,['효자5동'],['5211173000']
전북특별자치도 전주시 덕진구 숲정이2길 19-4,127.1299346,35.83018429,['진북동'],['5211352500']
,127.0993964,35.82119605,['효자5동'],['5211173000']
전북특별자치도 전주시 덕진구 석소로 5-8,127.1692509,35.82779812,['인후3동'],['5211356000']
전북특별자치도 전주시 덕진구 숲정이1길 5,127.1293141,35.83016676,['진북동'],['5211352500']
전북특별자치도 전주시 완산구 우전2길 48,127.107224,35.80870371,['효자4동'],['5211171400']
전북특별자치도 전주시 덕진구 떡전3길 21-3,127.1291702,35.83702657,['금암1동'],['5211358000']
,127.1233435,35.79397522,['삼천2동'],['5211170200']
,127.1142888,35.82057735,['중화산2동'],['5211167200']
,127.1191129,35.82644041,['서신동'],['5211168000']
전북특별자치도 전주시 완산구 어은로 45-7,127.1279932,35.81825983,['중화산2동'],['5211167200']
전북특별자치도 전주시 완산구 어은로 45-8,127.1281479,35.81840693,['중화산2동'],['5211167200']
전북특별자치도 전주시 완산구 우전2길 46-1,127.1071192,35.80848254,['효자4동'],['5211171400']
,127.0741265,35.84512478,['혁신동'],['5211367000']
,,,['NaN'],['NaN']
,,,['NaN'],['NaN']
전북특별자치도 전주시 완산구 우전2길 65,127.1066788,35.80990431,['효자4동'],['5211171400']
,127.0739809,35.84518921,['혁신동'],['5211367000']
전북특별자치도 전주시 완산구 우전2길 46,127.1073596,35.80858209,['효자4동'],['5211171400']
,127.0761534,35.84967611,['혁신동'],['5211367000']
,127.0652599,35.85354116,['여의동'],['5211366500']
전북특별자치도 전주시 완산구 인봉로 46,127.1584256,35.82747049,['노송동'],['5211160500']
전북특별자치도 전주시 완산구 삼천천변1길 25-32,127.11275,35.79590982,['삼천3동'],['5211170300']
전북특별자치도 전주시 덕진구 인후2길 12-8,127.1536919,35.83107572,['인후1동'],['5211354000']
전북특별자치도 전주시 덕진구 신복2길 9,127.1093177,35.85333918,['팔복동'],['5211360000']
,127.1534647,35.8311127,['인후1동'],['5211354000']
,,,['NaN'],['NaN']
,127.1272113,35.80462322,['효자1동'],['5211171100']
,127.0767062,35.84854883,['혁신동'],['5211367000']
,127.0767229,35.84943223,['혁신동'],['5211367000']
전북특별자치도 전주시 완산구 중산로 8-6,127.1208547,35.81471192,['중화산2동'],['5211167200']
,127.1007469,35.8374358,['효자5동'],['5211173000']
전북특별자치도 전주시 덕진구 명주6길 21,127.1525723,35.84460448,['인후2동'],['5211355000']
,127.0804702,35.84881621,['혁신동'],['5211367000']
전북특별자치도 전주시 덕진구 인교5길 15-4,127.173573,35.82752582,['우아2동'],['5211361200']
전북특별자치도 전주시 덕진구 인교5길 15-4,127.173573,35.82752582,['우아2동'],['5211361200']
,,,['NaN'],['NaN']
,127.0768748,35.84824392,['혁신동'],['5211367000']
,127.0767152,35.84887346,['혁신동'],['5211367000']
전북특별자치도 전주시 완산구 백마산길 57-1,127.0870629,35.81624382,['효자4동'],['5211171400']
,127.0796154,35.84292346,['혁신동'],['5211367000']
전북특별자치도 전주시 완산구 인정1길 7,127.1209018,35.81966593,['중화산2동'],['5211167200']
,127.0714731,35.83226552,['혁신동'],['5211367000']
,127.0724365,35.8389832,['혁신동'],['5211367000']
,127.0768331,35.84905003,['혁신동'],['5211367000']
,127.0764607,35.84841587,['혁신동'],['5211367000']
,127.0754792,35.84881918,['혁신동'],['5211367000']
전북특별자치도 전주시 덕진구 금암2길 16,127.1341689,35.83979786,['금암1동'],['5211358000']
,127.153664,35.83086216,['인후1동'],['5211354000']
,,,['NaN'],['NaN']
전북특별자치도 전주시 덕진구 금암3길 4-6,127.1385588,35.84179917,['금암1동'],['5211358000']
,127.0709838,35.8390923,['혁신동'],['5211367000']
전북특별자치도 전주시 덕진구 인교7길 20-5,127.1747677,35.82685941,['우아2동'],['5211361200']
전북특별자치도 전주시 덕진구 신복1길 20,127.1095825,35.85295518,['팔복동'],['5211360000']
,,,['NaN'],['NaN']
,,,['NaN'],['NaN']
전북특별자치도 전주시 완산구 인정1길 4,127.1204949,35.81942642,['중화산2동'],['5211167200']
전북특별자치도 전주시 덕진구 신복1길 18,127.1099257,35.85266611,['팔복동'],['5211360000']
,,,['NaN'],['NaN']
,,,['NaN'],['NaN']
전북특별자치도 전주시 덕진구 금암2길 7-9,127.1352902,35.84095112,['금암1동'],['5211358000']
,127.139914,35.87381187,['호성동'],['5211362000']
,127.0728852,35.83940895,['혁신동'],['5211367000']
,127.0768597,35.84881992,['혁신동'],['5211367000']
,127.0758452,35.84888924,['혁신동'],['5211367000']
,,,['NaN'],['NaN']
,,,['NaN'],['NaN']
,127.0738246,35.84525105,['혁신동'],['5211367000']
전북특별자치도 전주시 덕진구 우아4길 17-4,127.1582531,35.85022079,['우아1동'],['5211361100']
,127.0759732,35.84940729,['혁신동'],['5211367000']
전북특별자치도 전주시 완산구 공북2길 15-7,127.137901,35.82714097,['중앙동'],['5211151000']
,127.1399021,35.87443699,['호성동'],['5211362000']
,,,['NaN'],['NaN']
,127.0722219,35.84110651,['혁신동'],['5211367000']
,127.0754944,35.8499442,['혁신동'],['5211367000']
,127.1188755,35.79881536,['삼천1동'],['5211170100']
전북특별자치도 전주시 덕진구 권삼득로 143,127.1402029,35.8325281,['진북동'],['5211352500']
전북특별자치도 전주시 덕진구 매봉16길 23,127.1408777,35.83735796,['금암2동'],['5211359000']
전북특별자치도 전주시 덕진구 떡전3길 20,127.1286437,35.83688581,['금암1동'],['5211358000']
전북특별자치도 전주시 덕진구 도당산3길 23,127.1569052,35.84595475,['우아1동'],['5211361100']
,,,['NaN'],['NaN']
전북특별자치도 전주시 덕진구 권삼득로 439,127.1164828,35.85008189,['덕진동'],['5211357000']
,127.0764443,35.84785314,['혁신동'],['5211367000']
,127.0732214,35.8340888,['혁신동'],['5211367000']
,127.0627556,35.84315795,['혁신동'],['5211367000']
,127.0744908,35.8454509,['혁신동'],['5211367000']
,127.0721279,35.84095479,['혁신동'],['5211367000']
,127.1084314,35.81271621,['효자4동'],['5211171400']
,127.1069654,35.80868267,['효자4동'],['5211171400']
,127.0764309,35.8486431,['혁신동'],['5211367000']
,,,['NaN'],['NaN']
,127.0749884,35.8491081,['혁신동'],['5211367000']
,127.0768236,35.84790821,['혁신동'],['5211367000']
전북특별자치도 전주시 완산구 서곡1길 23-4,127.0985718,35.83560345,['효자5동'],['5211173000']
전북특별자치도 전주시 덕진구 가재미로 21,127.1629332,35.82705683,['인후3동'],['5211356000']
,127.0879738,35.86109484,['팔복동'],['5211360000']
,127.0704132,35.83343327,['혁신동'],['5211367000']
,127.075711,35.84895395,['혁신동'],['5211367000']
,127.076584,35.84893061,['혁신동'],['5211367000']
전북특별자치도 전주시 완산구 황강서원5길 35,127.0994973,35.82938382,['효자5동'],['5211173000']
,,,['NaN'],['NaN']
전북특별자치도 전주시 덕진구 숲정이1길 26,127.1292962,35.83189602,['진북동'],['5211352500']
,,,['NaN'],['NaN']
,127.0871256,35.81584825,['효자4동'],['5211171400']
,,,['NaN'],['NaN']
전북특별자치도 전주시 완산구 꽃밭정3길 11,127.1343314,35.79715617,['평화2동'],['5211169200']
,127.104121,35.82598102,['효자5동'],['5211173000']
전북특별자치도 전주시 덕진구 금암4길 22-2,127.1371023,35.83954004,['금암1동'],['5211358000']
,127.1529331,35.82833826,['노송동'],['5211160500']
,,,['NaN'],['NaN']
전북특별자치도 전주시 덕진구 숲정이로 39-4,127.1321647,35.83265221,['진북동'],['5211352500']
전북특별자치도 전주시 완산구 영경3길 10,127.1250633,35.8174625,['중화산2동'],['5211167200']
,127.0751206,35.83572092,['혁신동'],['5211367000']
,127.1041212,35.82611842,['효자5동'],['5211173000']
,,,['NaN'],['NaN']
전북특별자치도 전주시 덕진구 월방8길 24,127.0746088,35.83583666,['혁신동'],['5211367000']
,127.1126319,35.82881127,['서신동'],['5211168000']
,127.1044638,35.82572288,['효자5동'],['5211173000']
전북특별자치도 전주시 완산구 세내로 515,127.1021429,35.83247995,['효자5동'],['5211173000']
,127.075597,35.84876886,['혁신동'],['5211367000']
전북특별자치도 전주시 완산구 안심새길 28,127.0675302,35.82284937,['효자4동'],['5211171400']
,127.1388192,35.87331376,['송천1동'],['5211364100']
,127.0753197,35.84911308,['혁신동'],['5211367000']
,127.0758973,35.8480817,['혁신동'],['5211367000']
,127.0763131,35.84847659,['혁신동'],['5211367000']
,,,['NaN'],['NaN']
,127.074875,35.83627922,['혁신동'],['5211367000']
,127.072599,35.83652203,['혁신동'],['5211367000']
전북특별자치도 전주시 완산구 세내로 519,127.1017912,35.83260147,['효자5동'],['5211173000']
,127.0736699,35.84531388,['혁신동'],['5211367000']
,127.0707654,35.84125995,['혁신동'],['5211367000']
전북특별자치도 전주시 완산구 메너머4길 21-2,127.1202025,35.82473216,['중화산2동'],['5211167200']
전북특별자치도 전주시 완산구 메너머4길 25-3,127.1200223,35.82472495,['중화산2동'],['5211167200']
,127.1200313,35.82456489,['중화산2동'],['5211167200']
,127.0720327,35.8408176,['혁신동'],['5211367000']
,,,['NaN'],['NaN']
,127.072744,35.83406888,['혁신동'],['5211367000']
,,,['NaN'],['NaN']
전북특별자치도 전주시 덕진구 두현길 34-15,127.0753431,35.83047677,['혁신동'],['5211367000']
,127.0760345,35.84802578,['혁신동'],['5211367000']
,,,['NaN'],['NaN']
,,,['NaN'],['NaN']
,127.0743588,35.84520427,['혁신동'],['5211367000']
,127.1383403,35.87798923,['호성동'],['5211362000']
전북특별자치도 전주시 덕진구 도당산4길 62,127.1548687,35.84622543,['우아1동'],['5211361100']
전북특별자치도 전주시 덕진구 도당산2길 24,127.1554648,35.84536765,['우아1동'],['5211361100']
전북특별자치도 전주시 덕진구 진버들2길 12-12,127.1587583,35.8356533,['인후3동'],['5211356000']
전북특별자치도 전주시 완산구 마당재2길 78,127.1574585,35.81989362,['노송동'],['5211160500']
전북특별자치도 전주시 완산구 안행5길 5-3,127.1323158,35.80150205,['삼천1동'],['5211170100']
전북특별자치도 전주시 완산구 서신천변15길 7-1,127.1134927,35.83161294,['서신동'],['5211168000']
전북특별자치도 전주시 완산구 서신천변4길 7,127.1148877,35.82795584,['서신동'],['5211168000']
전북특별자치도 전주시 완산구 따박골로 57-10,127.1258408,35.8115259,['중화산1동'],['5211167100']
전북특별자치도 전주시 완산구 맏내4길 16-5,127.1302336,35.79412189,['평화2동'],['5211169200']
